Time (s),Take sample,Powertrain 1 ESC throttle - target (?s)
0.1,,1200
0.2,,1200
0.3,,1200
0.4,,1200
0.5,,1200
0.6,,1200
0.7,,1200
0.8,,1200
0.9,,1200
1,,1200
1.1,,1200
1.2,,1200
1.3,,1200
1.4,,1200
1.5,,1200
1.6,,1500
1.7,,1500
1.8,,1500
1.9,,1500
2,,1500
2.1,,1500
2.2,,1500
2.3,,1500
2.4,,1500
2.5,,1500
2.6,,1500
2.7,,1500
2.8,,1500
2.9,,1500
3,,1500
3.1,,1500
3.2,,1500
3.3,,1500
3.4,,1500
3.5,,1500
3.6,,1500
3.7,,1500
3.8,,1500
3.9,,1500
4,,1500
4.1,,1500
4.2,,1500
4.3,,1500
4.4,,1500
4.5,,1500
4.6,,1500
4.7,,1500
4.8,,1500
4.9,,1500
5,,1500
5.1,,1500
5.2,,1500
5.3,,1500
5.4,,1500
5.5,,1500
5.6,,1500
5.7,,1500
5.8,,1500
5.9,,1500
6,,1500
6.1,,1500
6.2,,1500
6.3,,1500
6.4,,1500
6.5,,1500
6.6,,1500
6.7,,1500
6.8,,1500
6.9,,1500
7,,1500
7.1,,1500
7.2,,1500
7.3,,1500
7.4,,1500
7.5,,1500
7.6,,1500
7.7,,1500
7.8,,1500
7.9,,1500
8,,1500
8.1,,1500
8.2,,1452.942
8.3,,1458.825
8.4,,1473.528
8.5,,1485.294
8.6,,1488.234
8.7,,1491.1770000000001
8.8,,1497.06
8.9,,1500
9,,1500
9.1,,1500
9.2,,1500
9.3,,1500
9.4,,1500
9.5,,1497.06
9.6,,1497.06
9.7,,1497.06
9.8,,1497.06
9.9,,1497.06
10,,1497.06
10.1,,1497.06
10.2,,1494.117
10.3,,1494.117
10.4,,1494.117
10.5,,1491.1770000000001
10.6,,1488.234
10.7,,1485.294
10.8,,1479.411
10.9,,1476.471
11,,1473.528
11.1,,1470.588
11.2,,1470.588
11.3,,1470.588
11.4,,1467.648
11.5,,1464.705
11.6,,1464.705
11.7,,1458.825
11.8,,1458.825
11.9,,1458.825
12,,1458.825
12.1,,1458.825
12.2,,1458.825
12.3,,1452.942
12.4,,1449.999
12.5,,1444.1190000000001
12.6,,1441.176
12.7,,1438.236
12.8,,1432.353
12.9,,1429.413
13,,1423.53
13.1,,1420.587
13.2,,1417.647
13.3,,1414.7069999999999
13.4,,1414.7069999999999
13.5,,1411.764
13.6,,1405.8809999999999
13.7,,1402.941
13.8,,1400.001
13.9,,1397.058
14,,1394.118
14.1,,1394.118
14.2,,1394.118
14.3,,1388.2350000000001
14.4,,1376.472
14.5,,1376.472
14.6,,1376.472
14.7,,1376.472
14.8,,1376.472
14.9,,1373.529
15,,1370.589
15.1,,1367.646
15.2,,1367.646
15.3,,1367.646
15.4,,1364.706
15.5,,1364.706
15.6,,1361.766
15.7,,1361.766
15.8,,1361.766
15.9,,1361.766
16,,1361.766
16.1,,1361.766
16.2,,1361.766
16.3,,1361.766
16.4,,1361.766
16.5,,1361.766
16.6,,1361.766
16.7,,1361.766
16.8,,1361.766
16.9,,1361.766
17,,1361.766
17.1,,1364.706
17.2,,1364.706
17.3,,1364.706
17.4,,1367.646
17.5,,1367.646
17.6,,1370.589
17.7,,1370.589
17.8,,1370.589
17.9,,1373.529
18,,1373.529
18.1,,1373.529
18.2,,1376.472
18.3,,1376.472
18.4,,1376.472
18.5,,1379.412
18.6,,1379.412
18.7,,1382.352
18.8,,1385.295
18.9,,1388.2350000000001
19,,1391.175
19.1,,1394.118
19.2,,1397.058
19.3,,1397.058
19.4,,1397.058
19.5,,1397.058
19.6,,1394.118
19.7,,1394.118
19.8,,1397.058
19.9,,1397.058
20,,1397.058
20.1,,1397.058
20.2,,1397.058
20.3,,1397.058
20.4,,1397.058
20.5,,1400.001
20.6,,1402.941
20.7,,1405.8809999999999
20.8,,1405.8809999999999
20.9,,1405.8809999999999
21,,1405.8809999999999
21.1,,1408.824
21.2,,1411.764
21.3,,1414.7069999999999
21.4,,1414.7069999999999
21.5,,1414.7069999999999
21.6,,1414.7069999999999
21.7,,1414.7069999999999
21.8,,1414.7069999999999
21.9,,1414.7069999999999
22,,1414.7069999999999
22.1,,1414.7069999999999
22.2,,1411.764
22.3,,1411.764
22.4,,1411.764
22.5,,1411.764
22.6,,1411.764
22.7,,1411.764
22.8,,1408.824
22.9,,1408.824
23,,1408.824
23.1,,1408.824
23.2,,1408.824
23.3,,1408.824
23.4,,1408.824
23.5,,1408.824
23.6,,1408.824
23.7,,1411.764
23.8,,1411.764
23.9,,1411.764
24,,1417.647
24.1,,1420.587
24.2,,1423.53
24.3,,1426.47
24.4,,1426.47
24.5,,1429.413
24.6,,1429.413
24.7,,1429.413
24.8,,1426.47
24.9,,1426.47
25,,1426.47
25.1,,1429.413
25.2,,1429.413
25.3,,1429.413
25.4,,1429.413
25.5,,1432.353
25.6,,1432.353
25.7,,1432.353
25.8,,1432.353
25.9,,1429.413
26,,1426.47
26.1,,1423.53
26.2,,1423.53
26.3,,1420.587
26.4,,1420.587
26.5,,1420.587
26.6,,1420.587
26.7,,1420.587
26.8,,1417.647
26.9,,1417.647
27,,1414.7069999999999
27.1,,1408.824
27.2,,1405.8809999999999
27.3,,1402.941
27.4,,1400.001
27.5,,1394.118
27.6,,1391.175
27.7,,1388.2350000000001
27.8,,1385.295
27.9,,1379.412
28,,1373.529
28.1,,1373.529
28.2,,1373.529
28.3,,1373.529
28.4,,1376.472
28.5,,1376.472
28.6,,1376.472
28.7,,1373.529
28.8,,1373.529
28.9,,1370.589
29,,1367.646
29.1,,1364.706
29.2,,1361.766
29.3,,1361.766
29.4,,1361.766
29.5,,1358.823
29.6,,1358.823
29.7,,1358.823
29.8,,1358.823
29.9,,1358.823
30,,1355.883
30.1,,1355.883
30.2,,1355.883
30.3,,1355.883
30.4,,1355.883
30.5,,1355.883
30.6,,1358.823
30.7,,1358.823
30.8,,1358.823
30.9,,1355.883
31,,1355.883
31.1,,1352.94
31.2,,1352.94
31.3,,1352.94
31.4,,1355.883
31.5,,1355.883
31.6,,1355.883
31.7,,1355.883
31.8,,1355.883
31.9,,1355.883
32,,1352.94
32.1,,1352.94
32.2,,1352.94
32.3,,1352.94
32.4,,1352.94
32.5,,1350
32.6,,1350
32.7,,1350
32.8,,1350
32.9,,1350
33,,1350
33.1,,1350
33.2,,1352.94
33.3,,1355.883
33.4,,1361.766
33.5,,1370.589
33.6,,1373.529
33.7,,1373.529
33.8,,1373.529
33.9,,1376.472
34,,1376.472
34.1,,1379.412
34.2,,1379.412
34.3,,1379.412
34.4,,1382.352
34.5,,1382.352
34.6,,1382.352
34.7,,1385.295
34.8,,1385.295
34.9,,1388.2350000000001
35,,1388.2350000000001
35.1,,1391.175
35.2,,1394.118
35.3,,1394.118
35.4,,1394.118
35.5,,1394.118
35.6,,1391.175
35.7,,1391.175
35.8,,1391.175
35.9,,1391.175
36,,1391.175
36.1,,1391.175
36.2,,1391.175
36.3,,1394.118
36.4,,1394.118
36.5,,1394.118
36.6,,1397.058
36.7,,1397.058
36.8,,1400.001
36.9,,1400.001
37,,1400.001
37.1,,1400.001
37.2,,1400.001
37.3,,1400.001
37.4,,1400.001
37.5,,1400.001
37.6,,1400.001
37.7,,1400.001
37.8,,1402.941
37.9,,1405.8809999999999
38,,1408.824
38.1,,1411.764
38.2,,1414.7069999999999
38.3,,1420.587
38.4,,1423.53
38.5,,1423.53
38.6,,1426.47
38.7,,1426.47
38.8,,1429.413
38.9,,1429.413
39,,1432.353
39.1,,1432.353
39.2,,1432.353
39.3,,1432.353
39.4,,1432.353
39.5,,1432.353
39.6,,1432.353
39.7,,1432.353
39.8,,1432.353
39.9,,1432.353
40,,1432.353
40.1,,1432.353
40.2,,1432.353
40.3,,1432.353
40.4,,1432.353
40.5,,1429.413
40.6,,1429.413
40.7,,1429.413
40.8,,1429.413
40.9,,1429.413
41,,1426.47
41.1,,1426.47
41.2,,1423.53
41.3,,1423.53
41.4,,1423.53
41.5,,1423.53
41.6,,1423.53
41.7,,1423.53
41.8,,1423.53
41.9,,1423.53
42,,1423.53
42.1,,1423.53
42.2,,1420.587
42.3,,1420.587
42.4,,1420.587
42.5,,1420.587
42.6,,1420.587
42.7,,1420.587
42.8,,1420.587
42.9,,1417.647
43,,1414.7069999999999
43.1,,1411.764
43.2,,1411.764
43.3,,1411.764
43.4,,1405.8809999999999
43.5,,1405.8809999999999
43.6,,1402.941
43.7,,1402.941
43.8,,1402.941
43.9,,1400.001
44,,1397.058
44.1,,1394.118
44.2,,1394.118
44.3,,1391.175
44.4,,1388.2350000000001
44.5,,1388.2350000000001
44.6,,1385.295
44.7,,1385.295
44.8,,1385.295
44.9,,1385.295
45,,1385.295
45.1,,1385.295
45.2,,1385.295
45.3,,1382.352
45.4,,1382.352
45.5,,1382.352
45.6,,1385.295
45.7,,1385.295
45.8,,1385.295
45.9,,1382.352
46,,1376.472
46.1,,1376.472
46.2,,1376.472
46.3,,1376.472
46.4,,1373.529
46.5,,1373.529
46.6,,1373.529
46.7,,1373.529
46.8,,1373.529
46.9,,1373.529
47,,1373.529
47.1,,1373.529
47.2,,1373.529
47.3,,1370.589
47.4,,1370.589
47.5,,1370.589
47.6,,1370.589
47.7,,1370.589
47.8,,1370.589
47.9,,1367.646
48,,1364.706
48.1,,1361.766
48.2,,1358.823
48.3,,1355.883
48.4,,1355.883
48.5,,1355.883
48.6,,1355.883
48.7,,1355.883
48.8,,1355.883
48.9,,1355.883
49,,1355.883
49.1,,1355.883
49.2,,1355.883
49.3,,1355.883
49.4,,1352.94
49.5,,1352.94
49.6,,1352.94
49.7,,1350
49.8,,1350
49.9,,1350
50,,1350
50.1,,1350
50.2,,1347.06
50.3,,1344.117
50.4,,1341.177
50.5,,1338.234
50.6,,1338.234
50.7,,1338.234
50.8,,1338.234
50.9,,1338.234
51,,1338.234
51.1,,1341.177
51.2,,1347.06
51.3,,1344.117
51.4,,1335.2939999999999
51.5,,1329.411
51.6,,1323.528
51.7,,1317.648
51.8,,1317.648
51.9,,1317.648
52,,1317.648
52.1,,1317.648
52.2,,1320.588
52.3,,1320.588
52.4,,1323.528
52.5,,1323.528
52.6,,1323.528
52.7,,1320.588
52.8,,1320.588
52.9,,1320.588
53,,1317.648
53.1,,1317.648
53.2,,1320.588
53.3,,1326.471
53.4,,1326.471
53.5,,1326.471
53.6,,1326.471
53.7,,1323.528
53.8,,1323.528
53.9,,1323.528
54,,1323.528
54.1,,1323.528
54.2,,1323.528
54.3,,1323.528
54.4,,1323.528
54.5,,1326.471
54.6,,1326.471
54.7,,1326.471
54.8,,1326.471
54.9,,1326.471
55,,1323.528
55.1,,1323.528
55.2,,1323.528
55.3,,1329.411
55.4,,1332.354
55.5,,1332.354
55.6,,1332.354
55.7,,1332.354
55.8,,1332.354
55.9,,1332.354
56,,1332.354
56.1,,1332.354
56.2,,1332.354
56.3,,1335.2939999999999
56.4,,1335.2939999999999
56.5,,1338.234
56.6,,1338.234
56.7,,1341.177
56.8,,1344.117
56.9,,1347.06
57,,1347.06
57.1,,1347.06
57.2,,1344.117
57.3,,1344.117
57.4,,1344.117
57.5,,1344.117
57.6,,1344.117
57.7,,1347.06
57.8,,1350
57.9,,1352.94
58,,1355.883
58.1,,1355.883
58.2,,1358.823
58.3,,1358.823
58.4,,1358.823
58.5,,1358.823
58.6,,1358.823
58.7,,1361.766
58.8,,1361.766
58.9,,1361.766
59,,1358.823
59.1,,1355.883
59.2,,1355.883
59.3,,1355.883
59.4,,1355.883
59.5,,1355.883
59.6,,1352.94
59.7,,1352.94
59.8,,1352.94
59.9,,1352.94
60,,1355.883
60.1,,1358.823
60.2,,1358.823
60.3,,1358.823
60.4,,1358.823
60.5,,1358.823
60.6,,1358.823
60.7,,1358.823
60.8,,1358.823
60.9,,1361.766
61,,1364.706
61.1,,1367.646
61.2,,1367.646
61.3,,1367.646
61.4,,1367.646
61.5,,1373.529
61.6,,1376.472
61.7,,1379.412
61.8,,1379.412
61.9,,1379.412
62,,1382.352
62.1,,1382.352
62.2,,1388.2350000000001
62.3,,1388.2350000000001
62.4,,1394.118
62.5,,1394.118
62.6,,1394.118
62.7,,1397.058
62.8,,1400.001
62.9,,1400.001
63,,1402.941
63.1,,1402.941
63.2,,1405.8809999999999
63.3,,1405.8809999999999
63.4,,1405.8809999999999
63.5,,1405.8809999999999
63.6,,1405.8809999999999
63.7,,1402.941
63.8,,1405.8809999999999
63.9,,1405.8809999999999
64,,1405.8809999999999
64.1,,1405.8809999999999
64.2,,1405.8809999999999
64.3,,1408.824
64.4,,1408.824
64.5,,1408.824
64.6,,1408.824
64.7,,1411.764
64.8,,1411.764
64.9,,1414.7069999999999
65,,1414.7069999999999
65.1,,1414.7069999999999
65.2,,1414.7069999999999
65.3,,1411.764
65.4,,1411.764
65.5,,1411.764
65.6,,1411.764
65.7,,1411.764
65.8,,1411.764
65.9,,1411.764
66,,1414.7069999999999
66.1,,1414.7069999999999
66.2,,1417.647
66.3,,1417.647
66.4,,1420.587
66.5,,1420.587
66.6,,1420.587
66.7,,1420.587
66.8,,1417.647
66.9,,1414.7069999999999
67,,1414.7069999999999
67.1,,1411.764
67.2,,1411.764
67.3,,1411.764
67.4,,1408.824
67.5,,1408.824
67.6,,1408.824
67.7,,1408.824
67.8,,1408.824
67.9,,1408.824
68,,1408.824
68.1,,1408.824
68.2,,1408.824
68.3,,1408.824
68.4,,1408.824
68.5,,1405.8809999999999
68.6,,1402.941
68.7,,1400.001
68.8,,1400.001
68.9,,1400.001
69,,1400.001
69.1,,1397.058
69.2,,1394.118
69.3,,1394.118
69.4,,1394.118
69.5,,1394.118
69.6,,1394.118
69.7,,1394.118
69.8,,1394.118
69.9,,1397.058
70,,1397.058
70.1,,1397.058
70.2,,1397.058
70.3,,1394.118
70.4,,1394.118
70.5,,1394.118
70.6,,1394.118
70.7,,1394.118
70.8,,1391.175
70.9,,1391.175
71,,1391.175
71.1,,1391.175
71.2,,1391.175
71.3,,1391.175
71.4,,1391.175
71.5,,1394.118
71.6,,1394.118
71.7,,1394.118
71.8,,1394.118
71.9,,1391.175
72,,1391.175
72.1,,1391.175
72.2,,1388.2350000000001
72.3,,1388.2350000000001
72.4,,1385.295
72.5,,1385.295
72.6,,1388.2350000000001
72.7,,1388.2350000000001
72.8,,1391.175
72.9,,1391.175
73,,1391.175
73.1,,1391.175
73.2,,1391.175
73.3,,1391.175
73.4,,1391.175
73.5,,1391.175
73.6,,1391.175
73.7,,1391.175
73.8,,1394.118
73.9,,1394.118
74,,1397.058
74.1,,1397.058
74.2,,1397.058
74.3,,1397.058
74.4,,1397.058
74.5,,1397.058
74.6,,1400.001
74.7,,1400.001
74.8,,1400.001
74.9,,1400.001
75,,1402.941
75.1,,1400.001
75.2,,1400.001
75.3,,1400.001
75.4,,1400.001
75.5,,1400.001
75.6,,1397.058
75.7,,1397.058
75.8,,1397.058
75.9,,1397.058
76,,1397.058
76.1,,1397.058
76.2,,1400.001
76.3,,1400.001
76.4,,1400.001
76.5,,1400.001
76.6,,1400.001
76.7,,1400.001
76.8,,1402.941
76.9,,1402.941
77,,1402.941
77.1,,1402.941
77.2,,1402.941
77.3,,1400.001
77.4,,1400.001
77.5,,1402.941
77.6,,1402.941
77.7,,1402.941
77.8,,1402.941
77.9,,1400.001
78,,1400.001
78.1,,1394.118
78.2,,1394.118
78.3,,1394.118
78.4,,1394.118
78.5,,1394.118
78.6,,1394.118
78.7,,1394.118
78.8,,1394.118
78.9,,1394.118
79,,1391.175
79.1,,1391.175
79.2,,1388.2350000000001
79.3,,1385.295
79.4,,1382.352
79.5,,1379.412
79.6,,1376.472
79.7,,1373.529
79.8,,1373.529
79.9,,1373.529
80,,1373.529
80.1,,1373.529
80.2,,1373.529
80.3,,1373.529
80.4,,1373.529
80.5,,1373.529
80.6,,1373.529
80.7,,1373.529
80.8,,1373.529
80.9,,1370.589
81,,1370.589
81.1,,1367.646
81.2,,1367.646
81.3,,1364.706
81.4,,1364.706
81.5,,1361.766
81.6,,1361.766
81.7,,1361.766
81.8,,1361.766
81.9,,1361.766
82,,1361.766
82.1,,1361.766
82.2,,1364.706
82.3,,1364.706
82.4,,1364.706
82.5,,1364.706
82.6,,1364.706
82.7,,1364.706
82.8,,1367.646
82.9,,1373.529
83,,1373.529
83.1,,1373.529
83.2,,1373.529
83.3,,1373.529
83.4,,1373.529
83.5,,1373.529
83.6,,1373.529
83.7,,1373.529
83.8,,1373.529
83.9,,1373.529
84,,1373.529
84.1,,1373.529
84.2,,1373.529
84.3,,1376.472
84.4,,1379.412
84.5,,1382.352
84.6,,1382.352
84.7,,1385.295
84.8,,1385.295
84.9,,1385.295
85,,1385.295
85.1,,1385.295
85.2,,1385.295
85.3,,1385.295
85.4,,1388.2350000000001
85.5,,1388.2350000000001
85.6,,1388.2350000000001
85.7,,1388.2350000000001
85.8,,1388.2350000000001
85.9,,1385.295
86,,1382.352
86.1,,1382.352
86.2,,1382.352
86.3,,1382.352
86.4,,1382.352
86.5,,1382.352
86.6,,1382.352
86.7,,1382.352
86.8,,1382.352
86.9,,1382.352
87,,1379.412
87.1,,1376.472
87.2,,1376.472
87.3,,1373.529
87.4,,1373.529
87.5,,1370.589
87.6,,1370.589
87.7,,1367.646
87.8,,1367.646
87.9,,1367.646
88,,1364.706
88.1,,1364.706
88.2,,1361.766
88.3,,1361.766
88.4,,1361.766
88.5,,1358.823
88.6,,1358.823
88.7,,1358.823
88.8,,1358.823
88.9,,1355.883
89,,1355.883
89.1,,1352.94
89.2,,1352.94
89.3,,1350
89.4,,1350
89.5,,1347.06
89.6,,1347.06
89.7,,1347.06
89.8,,1347.06
89.9,,1347.06
90,,1347.06
90.1,,1347.06
90.2,,1347.06
90.3,,1347.06
90.4,,1347.06
90.5,,1344.117
90.6,,1344.117
90.7,,1344.117
90.8,,1344.117
90.9,,1344.117
91,,1347.06
91.1,,1347.06
91.2,,1347.06
91.3,,1347.06
91.4,,1347.06
91.5,,1347.06
91.6,,1347.06
91.7,,1347.06
91.8,,1347.06
91.9,,1350
92,,1352.94
92.1,,1352.94
92.2,,1355.883
92.3,,1358.823
92.4,,1361.766
92.5,,1361.766
92.6,,1364.706
92.7,,1364.706
92.8,,1367.646
92.9,,1370.589
93,,1373.529
93.1,,1373.529
93.2,,1373.529
93.3,,1373.529
93.4,,1373.529
93.5,,1376.472
93.6,,1376.472
93.7,,1376.472
93.8,,1379.412
93.9,,1379.412
94,,1379.412
94.1,,1382.352
94.2,,1382.352
94.3,,1382.352
94.4,,1382.352
94.5,,1382.352
94.6,,1382.352
94.7,,1382.352
94.8,,1382.352
94.9,,1382.352
95,,1382.352
95.1,,1382.352
95.2,,1379.412
95.3,,1379.412
95.4,,1376.472
95.5,,1376.472
95.6,,1376.472
95.7,,1373.529
95.8,,1373.529
95.9,,1370.589
96,,1367.646
96.1,,1367.646
96.2,,1367.646
96.3,,1364.706
96.4,,1364.706
96.5,,1361.766
96.6,,1361.766
96.7,,1358.823
96.8,,1358.823
96.9,,1358.823
97,,1358.823
97.1,,1358.823
97.2,,1355.883
97.3,,1355.883
97.4,,1355.883
97.5,,1352.94
97.6,,1352.94
97.7,,1352.94
97.8,,1352.94
97.9,,1352.94
98,,1352.94
98.1,,1352.94
98.2,,1352.94
98.3,,1352.94
98.4,,1350
98.5,,1344.117
98.6,,1344.117
98.7,,1341.177
98.8,,1341.177
98.9,,1338.234
99,,1335.2939999999999
99.1,,1329.411
99.2,,1326.471
99.3,,1323.528
99.4,,1323.528
99.5,,1320.588
99.6,,1317.648
99.7,,1314.705
99.8,,1311.765
99.9,,1311.765
100,,1311.765
100.1,,1308.825
100.2,,1305.882
100.3,,1299.999
100.4,,1297.059
100.5,,1297.059
100.6,,1294.119
100.7,,1294.119
100.8,,1294.119
100.9,,1291.176
101,,1288.236
101.1,,1288.236
101.2,,1285.2930000000001
101.3,,1282.353
101.4,,1276.47
101.5,,1273.53
101.6,,1270.587
101.7,,1270.587
101.8,,1267.647
101.9,,1267.647
102,,1267.647
102.1,,1264.7069999999999
102.2,,1264.7069999999999
102.3,,1261.764
102.4,,1261.764
102.5,,1258.824
102.6,,1255.881
102.7,,1252.941
102.8,,1250.001
102.9,,1247.058
103,,1244.118
103.1,,1238.235
103.2,,1235.295
103.3,,1235.295
103.4,,1235.295
103.5,,1232.352
103.6,,1232.352
103.7,,1232.352
103.8,,1226.472
103.9,,1223.529
104,,1220.589
104.1,,1220.589
104.2,,1220.589
104.3,,1217.646
104.4,,1217.646
104.5,,1214.706
104.6,,1214.706
104.7,,1211.766
104.8,,1208.823
104.9,,1208.823
105,,1205.883
105.1,,1202.94
105.2,,1200
105.3,,1200
105.4,,1200
105.5,,1200
105.6,,1200
105.7,,1200
105.8,,1200
105.9,,1200
106,,1200
106.1,,1200
106.2,,1200
106.3,,1200
106.4,,1200
106.5,,1200
106.6,,1200
106.7,,1200
106.8,,1200
106.9,,1200
107,,1200
107.1,,1200
107.2,,1200
107.3,,1200
107.4,,1200
107.5,,1200
107.6,,1200
107.7,,1200
107.8,,1200
107.9,,1200
108,,1200
108.1,,1200
108.2,,1200
108.3,,1200
108.4,,1200
108.5,,1200
108.6,,1200
108.7,,1200
108.8,,1200
108.9,,1200
109,,1200
109.1,,1200
109.2,,1200
109.3,,1200
109.4,,1200
109.5,,1200
109.6,,1200
109.7,,1200
109.8,,1200
109.9,,1200
110,,1200
110.1,,1200
110.2,,1200
110.3,,1200
110.4,,1200
110.5,,1200
110.6,,1200
110.7,,1200
110.8,,1200
110.9,,1202.94
111,,1214.706
111.1,,1220.589
111.2,,1223.529
111.3,,1229.412
111.4,,1232.352
111.5,,1238.235
111.6,,1252.941
111.7,,1258.824
111.8,,1267.647
111.9,,1273.53
112,,1276.47
112.1,,1282.353
112.2,,1288.236
112.3,,1291.176
112.4,,1294.119
112.5,,1299.999
112.6,,1302.942
112.7,,1305.882
112.8,,1314.705
112.9,,1317.648
113,,1323.528
113.1,,1332.354
113.2,,1338.234
113.3,,1341.177
113.4,,1347.06
113.5,,1350
113.6,,1355.883
113.7,,1361.766
113.8,,1364.706
113.9,,1370.589
114,,1373.529
114.1,,1379.412
114.2,,1382.352
114.3,,1385.295
114.4,,1388.2350000000001
114.5,,1397.058
114.6,,1400.001
114.7,,1400.001
114.8,,1400.001
114.9,,1402.941
115,,1405.8809999999999
115.1,,1405.8809999999999
115.2,,1408.824
115.3,,1408.824
115.4,,1408.824
115.5,,1408.824
115.6,,1408.824
115.7,,1411.764
115.8,,1411.764
115.9,,1411.764
116,,1411.764
116.1,,1411.764
116.2,,1411.764
116.3,,1411.764
116.4,,1411.764
116.5,,1411.764
116.6,,1411.764
116.7,,1411.764
116.8,,1411.764
116.9,,1411.764
117,,1408.824
117.1,,1408.824
117.2,,1408.824
117.3,,1405.8809999999999
117.4,,1400.001
117.5,,1400.001
117.6,,1400.001
117.7,,1400.001
117.8,,1400.001
117.9,,1397.058
118,,1397.058
118.1,,1397.058
118.2,,1397.058
118.3,,1397.058
118.4,,1397.058
118.5,,1394.118
118.6,,1391.175
118.7,,1391.175
118.8,,1388.2350000000001
118.9,,1388.2350000000001
119,,1388.2350000000001
119.1,,1385.295
119.2,,1385.295
119.3,,1385.295
119.4,,1385.295
119.5,,1382.352
119.6,,1382.352
119.7,,1379.412
119.8,,1376.472
119.9,,1373.529
120,,1370.589
120.1,,1370.589
120.2,,1367.646
120.3,,1367.646
120.4,,1364.706
120.5,,1364.706
120.6,,1364.706
120.7,,1364.706
120.8,,1361.766
120.9,,1361.766
121,,1358.823
121.1,,1358.823
121.2,,1355.883
121.3,,1352.94
121.4,,1350
121.5,,1350
121.6,,1473.528
121.7,,1470.588
121.8,,1464.705
121.9,,1455.882
122,,1447.059
122.1,,1432.353
122.2,,1423.53
122.3,,1405.8809999999999
122.4,,1397.058
122.5,,1394.118
122.6,,1391.175
122.7,,1385.295
122.8,,1382.352
122.9,,1376.472
123,,1370.589
123.1,,1370.589
123.2,,1370.589
123.3,,1373.529
123.4,,1373.529
123.5,,1373.529
123.6,,1370.589
123.7,,1367.646
123.8,,1367.646
123.9,,1361.766
124,,1358.823
124.1,,1358.823
124.2,,1358.823
124.3,,1358.823
124.4,,1367.646
124.5,,1370.589
124.6,,1367.646
124.7,,1364.706
124.8,,1355.883
124.9,,1344.117
125,,1344.117
125.1,,1335.2939999999999
125.2,,1320.588
125.3,,1314.705
125.4,,1323.528
125.5,,1329.411
125.6,,1332.354
125.7,,1332.354
125.8,,1329.411
125.9,,1329.411
126,,1332.354
126.1,,1335.2939999999999
126.2,,1335.2939999999999
126.3,,1341.177
126.4,,1344.117
126.5,,1350
126.6,,1352.94
126.7,,1352.94
126.8,,1350
126.9,,1347.06
127,,1344.117
127.1,,1344.117
127.2,,1344.117
127.3,,1338.234
127.4,,1329.411
127.5,,1329.411
127.6,,1332.354
127.7,,1335.2939999999999
127.8,,1338.234
127.9,,1341.177
128,,1347.06
128.1,,1352.94
128.2,,1355.883
128.3,,1355.883
128.4,,1355.883
128.5,,1355.883
128.6,,1358.823
128.7,,1358.823
128.8,,1352.94
128.9,,1344.117
129,,1344.117
129.1,,1344.117
129.2,,1344.117
129.3,,1341.177
129.4,,1341.177
129.5,,1335.2939999999999
129.6,,1329.411
129.7,,1332.354
129.8,,1335.2939999999999
129.9,,1341.177
130,,1352.94
130.1,,1352.94
130.2,,1352.94
130.3,,1355.883
130.4,,1358.823
130.5,,1358.823
130.6,,1361.766
130.7,,1361.766
130.8,,1364.706
130.9,,1361.766
131,,1364.706
131.1,,1364.706
131.2,,1364.706
131.3,,1370.589
131.4,,1373.529
131.5,,1376.472
131.6,,1373.529
131.7,,1376.472
131.8,,1376.472
131.9,,1376.472
132,,1370.589
132.1,,1370.589
132.2,,1364.706
132.3,,1352.94
132.4,,1350
132.5,,1350
132.6,,1352.94
132.7,,1358.823
132.8,,1364.706
132.9,,1364.706
133,,1364.706
133.1,,1364.706
133.2,,1367.646
133.3,,1367.646
133.4,,1373.529
133.5,,1376.472
133.6,,1388.2350000000001
133.7,,1391.175
133.8,,1391.175
133.9,,1388.2350000000001
134,,1382.352
134.1,,1379.412
134.2,,1376.472
134.3,,1373.529
134.4,,1367.646
134.5,,1364.706
134.6,,1361.766
134.7,,1361.766
134.8,,1352.94
134.9,,1344.117
135,,1338.234
135.1,,1341.177
135.2,,1341.177
135.3,,1347.06
135.4,,1352.94
135.5,,1355.883
135.6,,1355.883
135.7,,1370.589
135.8,,1373.529
135.9,,1376.472
136,,1376.472
136.1,,1370.589
136.2,,1370.589
136.3,,1370.589
136.4,,1373.529
136.5,,1388.2350000000001
136.6,,1391.175
136.7,,1391.175
136.8,,1388.2350000000001
136.9,,1391.175
137,,1388.2350000000001
137.1,,1385.295
137.2,,1385.295
137.3,,1385.295
137.4,,1379.412
137.5,,1376.472
137.6,,1364.706
137.7,,1358.823
137.8,,1358.823
137.9,,1361.766
138,,1358.823
138.1,,1358.823
138.2,,1355.883
138.3,,1355.883
138.4,,1352.94
138.5,,1352.94
138.6,,1347.06
138.7,,1347.06
138.8,,1350
138.9,,1352.94
139,,1352.94
139.1,,1355.883
139.2,,1355.883
139.3,,1358.823
139.4,,1358.823
139.5,,1358.823
139.6,,1358.823
139.7,,1358.823
139.8,,1352.94
139.9,,1352.94
140,,1347.06
140.1,,1341.177
140.2,,1344.117
140.3,,1344.117
140.4,,1344.117
140.5,,1344.117
140.6,,1347.06
140.7,,1350
140.8,,1358.823
140.9,,1361.766
141,,1361.766
141.1,,1361.766
141.2,,1364.706
141.3,,1364.706
141.4,,1364.706
141.5,,1358.823
141.6,,1358.823
141.7,,1361.766
141.8,,1361.766
141.9,,1364.706
142,,1361.766
142.1,,1361.766
142.2,,1361.766
142.3,,1355.883
142.4,,1355.883
142.5,,1358.823
142.6,,1355.883
142.7,,1355.883
142.8,,1352.94
142.9,,1352.94
143,,1355.883
143.1,,1358.823
143.2,,1358.823
143.3,,1361.766
143.4,,1367.646
143.5,,1367.646
143.6,,1370.589
143.7,,1373.529
143.8,,1370.589
143.9,,1367.646
144,,1370.589
144.1,,1370.589
144.2,,1370.589
144.3,,1361.766
144.4,,1358.823
144.5,,1352.94
144.6,,1350
144.7,,1344.117
144.8,,1344.117
144.9,,1338.234
145,,1335.2939999999999
145.1,,1332.354
145.2,,1335.2939999999999
145.3,,1341.177
145.4,,1355.883
145.5,,1361.766
145.6,,1364.706
145.7,,1364.706
145.8,,1364.706
145.9,,1370.589
146,,1376.472
146.1,,1382.352
146.2,,1385.295
146.3,,1388.2350000000001
146.4,,1382.352
146.5,,1379.412
146.6,,1376.472
146.7,,1373.529
146.8,,1373.529
146.9,,1376.472
147,,1376.472
147.1,,1376.472
147.2,,1379.412
147.3,,1379.412
147.4,,1379.412
147.5,,1382.352
147.6,,1382.352
147.7,,1385.295
147.8,,1385.295
147.9,,1385.295
148,,1385.295
148.1,,1385.295
148.2,,1376.472
148.3,,1373.529
148.4,,1376.472
148.5,,1388.2350000000001
148.6,,1394.118
148.7,,1397.058
148.8,,1400.001
148.9,,1397.058
149,,1394.118
149.1,,1373.529
149.2,,1373.529
149.3,,1370.589
149.4,,1367.646
149.5,,1358.823
149.6,,1352.94
149.7,,1352.94
149.8,,1358.823
149.9,,1361.766
150,,1364.706
150.1,,1367.646
150.2,,1367.646
150.3,,1367.646
150.4,,1367.646
150.5,,1367.646
150.6,,1358.823
150.7,,1358.823
150.8,,1352.94
150.9,,1350
151,,1352.94
151.1,,1355.883
151.2,,1358.823
151.3,,1361.766
151.4,,1367.646
151.5,,1367.646
151.6,,1370.589
151.7,,1367.646
151.8,,1364.706
151.9,,1364.706
152,,1352.94
152.1,,1352.94
152.2,,1352.94
152.3,,1350
152.4,,1350
152.5,,1350
152.6,,1355.883
152.7,,1358.823
152.8,,1358.823
152.9,,1361.766
153,,1364.706
153.1,,1367.646
153.2,,1364.706
153.3,,1358.823
153.4,,1352.94
153.5,,1350
153.6,,1347.06
153.7,,1344.117
153.8,,1344.117
153.9,,1344.117
154,,1338.234
154.1,,1335.2939999999999
154.2,,1335.2939999999999
154.3,,1338.234
154.4,,1344.117
154.5,,1347.06
154.6,,1352.94
154.7,,1355.883
154.8,,1361.766
154.9,,1364.706
155,,1370.589
155.1,,1373.529
155.2,,1376.472
155.3,,1379.412
155.4,,1385.295
155.5,,1391.175
155.6,,1397.058
155.7,,1402.941
155.8,,1402.941
155.9,,1408.824
156,,1405.8809999999999
156.1,,1405.8809999999999
156.2,,1405.8809999999999
156.3,,1414.7069999999999
156.4,,1417.647
156.5,,1414.7069999999999
156.6,,1414.7069999999999
156.7,,1420.587
156.8,,1423.53
156.9,,1429.413
157,,1435.2930000000001
157.1,,1432.353
157.2,,1435.2930000000001
157.3,,1441.176
157.4,,1444.1190000000001
157.5,,1444.1190000000001
157.6,,1441.176
157.7,,1438.236
157.8,,1435.2930000000001
157.9,,1435.2930000000001
158,,1435.2930000000001
158.1,,1438.236
158.2,,1444.1190000000001
158.3,,1441.176
158.4,,1435.2930000000001
158.5,,1429.413
158.6,,1420.587
158.7,,1417.647
158.8,,1420.587
158.9,,1423.53
159,,1435.2930000000001
159.1,,1441.176
159.2,,1447.059
159.3,,1449.999
159.4,,1452.942
159.5,,1455.882
159.6,,1452.942
159.7,,1464.705
159.8,,1461.7649999999999
159.9,,1458.825
160,,1452.942
160.1,,1449.999
160.2,,1449.999
160.3,,1449.999
160.4,,1452.942
160.5,,1455.882
160.6,,1458.825
160.7,,1452.942
160.8,,1455.882
160.9,,1452.942
161,,1452.942
161.1,,1458.825
161.2,,1464.705
161.3,,1467.648
161.4,,1467.648
161.5,,1473.528
161.6,,1476.471
161.7,,1476.471
161.8,,1476.471
161.9,,1473.528
162,,1473.528
162.1,,1461.7649999999999
162.2,,1444.1190000000001
162.3,,1429.413
162.4,,1417.647
162.5,,1414.7069999999999
162.6,,1411.764
162.7,,1411.764
162.8,,1405.8809999999999
162.9,,1394.118
163,,1388.2350000000001
163.1,,1382.352
163.2,,1376.472
163.3,,1379.412
163.4,,1373.529
163.5,,1373.529
163.6,,1370.589
163.7,,1361.766
163.8,,1358.823
163.9,,1352.94
164,,1355.883
164.1,,1364.706
164.2,,1370.589
164.3,,1373.529
164.4,,1376.472
164.5,,1385.295
164.6,,1385.295
164.7,,1376.472
164.8,,1373.529
164.9,,1367.646
165,,1361.766
165.1,,1364.706
165.2,,1361.766
165.3,,1364.706
165.4,,1367.646
165.5,,1370.589
165.6,,1367.646
165.7,,1370.589
165.8,,1364.706
165.9,,1367.646
166,,1367.646
166.1,,1367.646
166.2,,1367.646
166.3,,1367.646
166.4,,1364.706
166.5,,1355.883
166.6,,1347.06
166.7,,1338.234
166.8,,1323.528
166.9,,1323.528
167,,1314.705
167.1,,1308.825
167.2,,1302.942
167.3,,1294.119
167.4,,1288.236
167.5,,1282.353
167.6,,1273.53
167.7,,1267.647
167.8,,1267.647
167.9,,1264.7069999999999
168,,1255.881
168.1,,1255.881
168.2,,1250.001
168.3,,1238.235
168.4,,1229.412
168.5,,1220.589
168.6,,1214.706
168.7,,1202.94
168.8,,1200
168.9,,1200
169,,1200
169.1,,1200
169.2,,1200
169.3,,1200
169.4,,1200
169.5,,1200
169.6,,1200
169.7,,1200
169.8,,1200
169.9,,1200
170,,1200
170.1,,1200
170.2,,1200
170.3,,1200
170.4,,1200
170.5,,1200
170.6,,1200
170.7,,1200
170.8,,1200
170.9,,1200
171,,1200
171.1,,1200
171.2,,1200
171.3,,1200
171.4,,1200
171.5,,1200
171.6,,1200
171.7,,1200
171.8,,1200
171.9,,1200
172,,1200
172.1,,1200
172.2,,1200
172.3,,1200
172.4,,1200
172.5,,1200
172.6,,1200
172.7,,1200
172.8,,1200
172.9,,1200
173,,1200
173.1,,1200
173.2,,1200
173.3,,1200
173.4,,1200
173.5,,1200
173.6,,1205.883
173.7,,1211.766
173.8,,1223.529
173.9,,1241.175
174,,1250.001
174.1,,1255.881
174.2,,1261.764
174.3,,1267.647
174.4,,1273.53
174.5,,1294.119
174.6,,1299.999
174.7,,1305.882
174.8,,1308.825
174.9,,1311.765
175,,1311.765
175.1,,1308.825
175.2,,1314.705
175.3,,1317.648
175.4,,1320.588
175.5,,1323.528
175.6,,1332.354
175.7,,1338.234
175.8,,1341.177
175.9,,1344.117
176,,1344.117
176.1,,1344.117
176.2,,1344.117
176.3,,1344.117
176.4,,1350
176.5,,1352.94
176.6,,1364.706
176.7,,1361.766
176.8,,1361.766
176.9,,1358.823
177,,1352.94
177.1,,1352.94
177.2,,1364.706
177.3,,1373.529
177.4,,1373.529
177.5,,1367.646
177.6,,1361.766
177.7,,1352.94
177.8,,1350
177.9,,1338.234
178,,1329.411
178.1,,1332.354
178.2,,1335.2939999999999
178.3,,1335.2939999999999
178.4,,1335.2939999999999
178.5,,1332.354
178.6,,1332.354
178.7,,1341.177
178.8,,1347.06
178.9,,1352.94
179,,1355.883
179.1,,1361.766
179.2,,1373.529
179.3,,1379.412
179.4,,1379.412
179.5,,1376.472
179.6,,1373.529
179.7,,1373.529
179.8,,1376.472
179.9,,1379.412
180,,1379.412
180.1,,1370.589
180.2,,1364.706
180.3,,1361.766
180.4,,1364.706
180.5,,1367.646
180.6,,1373.529
180.7,,1382.352
180.8,,1397.058
180.9,,1397.058
181,,1397.058
181.1,,1382.352
181.2,,1370.589
181.3,,1367.646
181.4,,1370.589
181.5,,1364.706
181.6,,1370.589
181.7,,1379.412
181.8,,1388.2350000000001
181.9,,1394.118
182,,1400.001
182.1,,1400.001
182.2,,1397.058
182.3,,1400.001
182.4,,1394.118
182.5,,1391.175
182.6,,1391.175
182.7,,1391.175
182.8,,1391.175
182.9,,1397.058
183,,1400.001
183.1,,1400.001
183.2,,1402.941
183.3,,1402.941
183.4,,1408.824
183.5,,1411.764
183.6,,1411.764
183.7,,1411.764
183.8,,1408.824
183.9,,1408.824
184,,1408.824
184.1,,1405.8809999999999
184.2,,1394.118
184.3,,1388.2350000000001
184.4,,1385.295
184.5,,1373.529
184.6,,1364.706
184.7,,1370.589
184.8,,1370.589
184.9,,1376.472
185,,1391.175
185.1,,1420.587
185.2,,1432.353
185.3,,1432.353
185.4,,1429.413
185.5,,1417.647
185.6,,1411.764
185.7,,1408.824
185.8,,1414.7069999999999
185.9,,1426.47
186,,1435.2930000000001
186.1,,1444.1190000000001
186.2,,1452.942
186.3,,1461.7649999999999
186.4,,1470.588
186.5,,1479.411
186.6,,1488.234
186.7,,1497.06
186.8,,1500
186.9,,1500
187,,1500
187.1,,1500
187.2,,1500
187.3,,1500
187.4,,1500
187.5,,1500
187.6,,1500
187.7,,1500
187.8,,1500
187.9,,1500
188,,1500
188.1,,1494.117
188.2,,1494.117
188.3,,1494.117
188.4,,1494.117
188.5,,1494.117
188.6,,1494.117
188.7,,1494.117
188.8,,1494.117
188.9,,1494.117
189,,1494.117
189.1,,1494.117
189.2,,1494.117
189.3,,1497.06
189.4,,1500
189.5,,1491.1770000000001
189.6,,1485.294
189.7,,1482.354
189.8,,1482.354
189.9,,1485.294
190,,1488.234
190.1,,1491.1770000000001
190.2,,1500
190.3,,1500
190.4,,1500
190.5,,1500
190.6,,1500
190.7,,1500
190.8,,1500
190.9,,1500
191,,1500
191.1,,1500
191.2,,1500
191.3,,1500
191.4,,1500
191.5,,1500
191.6,,1500
191.7,,1500
191.8,,1500
191.9,,1500
192,,1500
192.1,,1500
192.2,,1500
192.3,,1500
192.4,,1500
192.5,,1500
192.6,,1500
192.7,,1500
192.8,,1500
192.9,,1500
193,,1500
193.1,,1500
193.2,,1500
193.3,,1500
193.4,,1500
193.5,,1500
193.6,,1500
193.7,,1500
193.8,,1491.1770000000001
193.9,,1476.471
194,,1464.705
194.1,,1452.942
194.2,,1447.059
194.3,,1435.2930000000001
194.4,,1432.353
194.5,,1426.47
194.6,,1423.53
194.7,,1420.587
194.8,,1420.587
194.9,,1417.647
195,,1414.7069999999999
195.1,,1414.7069999999999
195.2,,1414.7069999999999
195.3,,1414.7069999999999
195.4,,1414.7069999999999
195.5,,1417.647
195.6,,1420.587
195.7,,1420.587
195.8,,1420.587
195.9,,1417.647
196,,1426.47
196.1,,1464.705
196.2,,1467.648
196.3,,1467.648
196.4,,1461.7649999999999
196.5,,1455.882
196.6,,1447.059
196.7,,1435.2930000000001
196.8,,1429.413
196.9,,1423.53
197,,1423.53
197.1,,1426.47
197.2,,1429.413
197.3,,1432.353
197.4,,1432.353
197.5,,1435.2930000000001
197.6,,1441.176
197.7,,1452.942
197.8,,1458.825
197.9,,1467.648
198,,1473.528
198.1,,1482.354
198.2,,1488.234
198.3,,1491.1770000000001
198.4,,1491.1770000000001
198.5,,1491.1770000000001
198.6,,1494.117
198.7,,1497.06
198.8,,1497.06
198.9,,1497.06
199,,1497.06
199.1,,1497.06
199.2,,1500
199.3,,1500
199.4,,1500
199.5,,1500
199.6,,1500
199.7,,1500
199.8,,1500
199.9,,1500
200,,1500
200.1,,1500
200.2,,1500
200.3,,1500
200.4,,1500
200.5,,1500
200.6,,1500
200.7,,1500
200.8,,1500
200.9,,1500
201,,1500
201.1,,1500
201.2,,1500
201.3,,1500
201.4,,1500
201.5,,1500
201.6,,1500
201.7,,1500
201.8,,1500
201.9,,1500
202,,1500
202.1,,1500
202.2,,1497.06
202.3,,1458.825
202.4,,1455.882
202.5,,1455.882
202.6,,1455.882
202.7,,1455.882
202.8,,1444.1190000000001
202.9,,1429.413
203,,1420.587
203.1,,1417.647
203.2,,1414.7069999999999
203.3,,1397.058
203.4,,1385.295
203.5,,1385.295
203.6,,1385.295
203.7,,1385.295
203.8,,1382.352
203.9,,1382.352
204,,1379.412
204.1,,1376.472
204.2,,1376.472
204.3,,1376.472
204.4,,1376.472
204.5,,1376.472
204.6,,1373.529
204.7,,1394.118
204.8,,1394.118
204.9,,1394.118
205,,1394.118
205.1,,1411.764
205.2,,1447.059
205.3,,1444.1190000000001
205.4,,1444.1190000000001
205.5,,1447.059
205.6,,1444.1190000000001
205.7,,1447.059
205.8,,1447.059
205.9,,1444.1190000000001
206,,1447.059
206.1,,1444.1190000000001
206.2,,1447.059
206.3,,1447.059
206.4,,1447.059
206.5,,1444.1190000000001
206.6,,1444.1190000000001
206.7,,1444.1190000000001
206.8,,1447.059
206.9,,1447.059
207,,1447.059
207.1,,1447.059
207.2,,1447.059
207.3,,1444.1190000000001
207.4,,1444.1190000000001
207.5,,1447.059
207.6,,1444.1190000000001
207.7,,1444.1190000000001
207.8,,1447.059
207.9,,1444.1190000000001
208,,1444.1190000000001
208.1,,1444.1190000000001
208.2,,1444.1190000000001
208.3,,1444.1190000000001
208.4,,1447.059
208.5,,1447.059
208.6,,1447.059
208.7,,1447.059
208.8,,1444.1190000000001
208.9,,1447.059
209,,1447.059
209.1,,1444.1190000000001
209.2,,1447.059
209.3,,1444.1190000000001
209.4,,1447.059
209.5,,1444.1190000000001
209.6,,1447.059
209.7,,1444.1190000000001
209.8,,1444.1190000000001
209.9,,1447.059
210,,1444.1190000000001
210.1,,1447.059
210.2,,1447.059
210.3,,1447.059
210.4,,1444.1190000000001
210.5,,1444.1190000000001
210.6,,1447.059
210.7,,1447.059
210.8,,1447.059
210.9,,1444.1190000000001
211,,1447.059
211.1,,1447.059
211.2,,1447.059
211.3,,1444.1190000000001
211.4,,1447.059
211.5,,1447.059
211.6,,1444.1190000000001
211.7,,1447.059
211.8,,1447.059
211.9,,1444.1190000000001
212,,1447.059
212.1,,1444.1190000000001
212.2,,1444.1190000000001
212.3,,1447.059
212.4,,1447.059
212.5,,1444.1190000000001
212.6,,1444.1190000000001
212.7,,1444.1190000000001
212.8,,1444.1190000000001
212.9,,1447.059
213,,1447.059
213.1,,1444.1190000000001
213.2,,1447.059
213.3,,1444.1190000000001
213.4,,1444.1190000000001
213.5,,1441.176
213.6,,1441.176
213.7,,1441.176
213.8,,1441.176
213.9,,1441.176
214,,1441.176
214.1,,1444.1190000000001
214.2,,1444.1190000000001
214.3,,1444.1190000000001
214.4,,1441.176
214.5,,1441.176
214.6,,1441.176
214.7,,1441.176
214.8,,1441.176
214.9,,1441.176
215,,1441.176
215.1,,1441.176
215.2,,1441.176
215.3,,1441.176
215.4,,1441.176
215.5,,1441.176
215.6,,1441.176
215.7,,1441.176
215.8,,1441.176
215.9,,1441.176
216,,1441.176
216.1,,1441.176
216.2,,1441.176
216.3,,1441.176
216.4,,1441.176
216.5,,1441.176
216.6,,1441.176
216.7,,1441.176
216.8,,1444.1190000000001
216.9,,1441.176
217,,1441.176
217.1,,1441.176
217.2,,1444.1190000000001
217.3,,1444.1190000000001
217.4,,1441.176
217.5,,1444.1190000000001
217.6,,1444.1190000000001
217.7,,1441.176
217.8,,1444.1190000000001
217.9,,1441.176
218,,1444.1190000000001
218.1,,1444.1190000000001
218.2,,1441.176
218.3,,1444.1190000000001
218.4,,1441.176
218.5,,1444.1190000000001
218.6,,1444.1190000000001
218.7,,1444.1190000000001
218.8,,1444.1190000000001
218.9,,1444.1190000000001
219,,1444.1190000000001
219.1,,1444.1190000000001
219.2,,1441.176
219.3,,1444.1190000000001
219.4,,1444.1190000000001
219.5,,1444.1190000000001
219.6,,1444.1190000000001
219.7,,1441.176
219.8,,1441.176
219.9,,1441.176
220,,1441.176
220.1,,1444.1190000000001
220.2,,1444.1190000000001
220.3,,1444.1190000000001
220.4,,1441.176
220.5,,1441.176
220.6,,1444.1190000000001
220.7,,1441.176
220.8,,1441.176
220.9,,1441.176
221,,1441.176
221.1,,1441.176
221.2,,1441.176
221.3,,1444.1190000000001
221.4,,1444.1190000000001
221.5,,1444.1190000000001
221.6,,1444.1190000000001
221.7,,1444.1190000000001
221.8,,1441.176
221.9,,1441.176
222,,1441.176
222.1,,1441.176
222.2,,1441.176
222.3,,1444.1190000000001
222.4,,1444.1190000000001
222.5,,1444.1190000000001
222.6,,1441.176
222.7,,1441.176
222.8,,1444.1190000000001
222.9,,1441.176
223,,1444.1190000000001
223.1,,1444.1190000000001
223.2,,1441.176
223.3,,1441.176
223.4,,1441.176
223.5,,1444.1190000000001
223.6,,1444.1190000000001
223.7,,1444.1190000000001
223.8,,1444.1190000000001
223.9,,1441.176
224,,1441.176
224.1,,1441.176
224.2,,1441.176
224.3,,1441.176
224.4,,1444.1190000000001
224.5,,1441.176
224.6,,1444.1190000000001
224.7,,1444.1190000000001
224.8,,1441.176
224.9,,1441.176
225,,1441.176
225.1,,1441.176
225.2,,1444.1190000000001
225.3,,1444.1190000000001
225.4,,1441.176
225.5,,1441.176
225.6,,1441.176
225.7,,1444.1190000000001
225.8,,1444.1190000000001
225.9,,1444.1190000000001
226,,1441.176
226.1,,1441.176
226.2,,1444.1190000000001
226.3,,1441.176
226.4,,1441.176
226.5,,1441.176
226.6,,1441.176
226.7,,1441.176
226.8,,1444.1190000000001
226.9,,1444.1190000000001
227,,1441.176
227.1,,1441.176
227.2,,1441.176
227.3,,1444.1190000000001
227.4,,1444.1190000000001
227.5,,1444.1190000000001
227.6,,1444.1190000000001
227.7,,1441.176
227.8,,1441.176
227.9,,1441.176
228,,1441.176
228.1,,1441.176
228.2,,1441.176
228.3,,1444.1190000000001
228.4,,1444.1190000000001
228.5,,1444.1190000000001
228.6,,1444.1190000000001
228.7,,1444.1190000000001
228.8,,1444.1190000000001
228.9,,1441.176
229,,1444.1190000000001
229.1,,1444.1190000000001
229.2,,1441.176
229.3,,1441.176
229.4,,1444.1190000000001
229.5,,1441.176
229.6,,1444.1190000000001
229.7,,1444.1190000000001
229.8,,1444.1190000000001
229.9,,1444.1190000000001
230,,1444.1190000000001
230.1,,1441.176
230.2,,1444.1190000000001
230.3,,1441.176
230.4,,1441.176
230.5,,1441.176
230.6,,1444.1190000000001
230.7,,1444.1190000000001
230.8,,1441.176
230.9,,1441.176
231,,1441.176
231.1,,1441.176
231.2,,1444.1190000000001
231.3,,1444.1190000000001
231.4,,1444.1190000000001
231.5,,1441.176
231.6,,1444.1190000000001
231.7,,1441.176
231.8,,1444.1190000000001
231.9,,1444.1190000000001
232,,1444.1190000000001
232.1,,1444.1190000000001
232.2,,1444.1190000000001
232.3,,1444.1190000000001
232.4,,1444.1190000000001
232.5,,1444.1190000000001
232.6,,1444.1190000000001
232.7,,1441.176
232.8,,1441.176
232.9,,1441.176
233,,1444.1190000000001
233.1,,1441.176
233.2,,1444.1190000000001
233.3,,1444.1190000000001
233.4,,1444.1190000000001
233.5,,1444.1190000000001
233.6,,1444.1190000000001
233.7,,1444.1190000000001
233.8,,1441.176
233.9,,1444.1190000000001
234,,1444.1190000000001
234.1,,1441.176
234.2,,1444.1190000000001
234.3,,1444.1190000000001
234.4,,1444.1190000000001
234.5,,1444.1190000000001
234.6,,1444.1190000000001
234.7,,1444.1190000000001
234.8,,1444.1190000000001
234.9,,1444.1190000000001
235,,1444.1190000000001
235.1,,1444.1190000000001
235.2,,1441.176
235.3,,1444.1190000000001
235.4,,1441.176
235.5,,1444.1190000000001
235.6,,1444.1190000000001
235.7,,1444.1190000000001
235.8,,1444.1190000000001
235.9,,1444.1190000000001
236,,1444.1190000000001
236.1,,1444.1190000000001
236.2,,1444.1190000000001
236.3,,1444.1190000000001
236.4,,1444.1190000000001
236.5,,1441.176
236.6,,1444.1190000000001
236.7,,1444.1190000000001
236.8,,1444.1190000000001
236.9,,1444.1190000000001
237,,1444.1190000000001
237.1,,1444.1190000000001
237.2,,1441.176
237.3,,1441.176
237.4,,1444.1190000000001
237.5,,1444.1190000000001
237.6,,1444.1190000000001
237.7,,1444.1190000000001
237.8,,1441.176
237.9,,1444.1190000000001
238,,1441.176
238.1,,1441.176
238.2,,1444.1190000000001
238.3,,1441.176
238.4,,1444.1190000000001
238.5,,1444.1190000000001
238.6,,1441.176
238.7,,1441.176
238.8,,1441.176
238.9,,1444.1190000000001
239,,1444.1190000000001
239.1,,1441.176
239.2,,1444.1190000000001
239.3,,1444.1190000000001
239.4,,1441.176
239.5,,1444.1190000000001
239.6,,1444.1190000000001
239.7,,1444.1190000000001
239.8,,1441.176
239.9,,1441.176
240,,1441.176
240.1,,1444.1190000000001
240.2,,1444.1190000000001
240.3,,1441.176
240.4,,1444.1190000000001
240.5,,1444.1190000000001
240.6,,1441.176
240.7,,1441.176
240.8,,1441.176
240.9,,1441.176
241,,1441.176
241.1,,1444.1190000000001
241.2,,1444.1190000000001
241.3,,1444.1190000000001
241.4,,1444.1190000000001
241.5,,1441.176
241.6,,1441.176
241.7,,1441.176
241.8,,1441.176
241.9,,1441.176
242,,1441.176
242.1,,1444.1190000000001
242.2,,1444.1190000000001
242.3,,1441.176
242.4,,1441.176
242.5,,1441.176
242.6,,1444.1190000000001
242.7,,1444.1190000000001
242.8,,1444.1190000000001
242.9,,1441.176
243,,1441.176
243.1,,1441.176
243.2,,1441.176
243.3,,1441.176
243.4,,1444.1190000000001
243.5,,1444.1190000000001
243.6,,1441.176
243.7,,1444.1190000000001
243.8,,1444.1190000000001
243.9,,1444.1190000000001
244,,1441.176
244.1,,1444.1190000000001
244.2,,1441.176
244.3,,1441.176
244.4,,1444.1190000000001
244.5,,1444.1190000000001
244.6,,1444.1190000000001
244.7,,1444.1190000000001
244.8,,1444.1190000000001
244.9,,1444.1190000000001
245,,1441.176
245.1,,1444.1190000000001
245.2,,1441.176
245.3,,1444.1190000000001
245.4,,1444.1190000000001
245.5,,1441.176
245.6,,1432.353
245.7,,1405.8809999999999
245.8,,1402.941
245.9,,1402.941
246,,1402.941
246.1,,1402.941
246.2,,1402.941
246.3,,1402.941
246.4,,1402.941
246.5,,1402.941
246.6,,1402.941
246.7,,1402.941
246.8,,1402.941
246.9,,1402.941
247,,1402.941
247.1,,1402.941
247.2,,1402.941
247.3,,1402.941
247.4,,1402.941
247.5,,1402.941
247.6,,1402.941
247.7,,1402.941
247.8,,1402.941
247.9,,1402.941
248,,1402.941
248.1,,1402.941
248.2,,1402.941
248.3,,1402.941
248.4,,1402.941
248.5,,1402.941
248.6,,1402.941
248.7,,1402.941
248.8,,1402.941
248.9,,1402.941
249,,1402.941
249.1,,1402.941
249.2,,1402.941
249.3,,1402.941
249.4,,1402.941
249.5,,1402.941
249.6,,1402.941
249.7,,1402.941
249.8,,1402.941
249.9,,1402.941
250,,1402.941
250.1,,1402.941
250.2,,1402.941
250.3,,1402.941
250.4,,1402.941
250.5,,1402.941
250.6,,1402.941
250.7,,1402.941
250.8,,1402.941
250.9,,1402.941
251,,1402.941
251.1,,1402.941
251.2,,1402.941
251.3,,1402.941
251.4,,1402.941
251.5,,1402.941
251.6,,1402.941
251.7,,1402.941
251.8,,1402.941
251.9,,1400.001
252,,1397.058
252.1,,1397.058
252.2,,1397.058
252.3,,1397.058
252.4,,1397.058
252.5,,1397.058
252.6,,1397.058
252.7,,1397.058
252.8,,1397.058
252.9,,1397.058
253,,1397.058
253.1,,1397.058
253.2,,1397.058
253.3,,1397.058
253.4,,1397.058
253.5,,1397.058
253.6,,1400.001
253.7,,1400.001
253.8,,1397.058
253.9,,1397.058
254,,1397.058
254.1,,1397.058
254.2,,1397.058
254.3,,1397.058
254.4,,1397.058
254.5,,1397.058
254.6,,1397.058
254.7,,1397.058
254.8,,1397.058
254.9,,1397.058
255,,1397.058
255.1,,1397.058
255.2,,1397.058
255.3,,1397.058
255.4,,1397.058
255.5,,1397.058
255.6,,1397.058
255.7,,1397.058
255.8,,1397.058
255.9,,1397.058
256,,1397.058
256.1,,1397.058
256.2,,1397.058
256.3,,1397.058
256.4,,1400.001
256.5,,1400.001
256.6,,1394.118
256.7,,1397.058
256.8,,1397.058
256.9,,1397.058
257,,1397.058
257.1,,1397.058
257.2,,1397.058
257.3,,1397.058
257.4,,1397.058
257.5,,1397.058
257.6,,1397.058
257.7,,1397.058
257.8,,1397.058
257.9,,1397.058
258,,1397.058
258.1,,1397.058
258.2,,1397.058
258.3,,1397.058
258.4,,1397.058
258.5,,1400.001
258.6,,1400.001
258.7,,1400.001
258.8,,1397.058
258.9,,1397.058
259,,1397.058
259.1,,1397.058
259.2,,1397.058
259.3,,1397.058
259.4,,1397.058
259.5,,1397.058
259.6,,1397.058
259.7,,1397.058
259.8,,1397.058
259.9,,1397.058
260,,1397.058
260.1,,1397.058
260.2,,1397.058
260.3,,1397.058
260.4,,1397.058
260.5,,1397.058
260.6,,1397.058
260.7,,1397.058
260.8,,1397.058
260.9,,1397.058
261,,1397.058
261.1,,1397.058
261.2,,1397.058
261.3,,1397.058
261.4,,1397.058
261.5,,1397.058
261.6,,1397.058
261.7,,1397.058
261.8,,1397.058
261.9,,1397.058
262,,1397.058
262.1,,1397.058
262.2,,1397.058
262.3,,1397.058
262.4,,1397.058
262.5,,1397.058
262.6,,1397.058
262.7,,1397.058
262.8,,1397.058
262.9,,1400.001
263,,1400.001
263.1,,1400.001
263.2,,1397.058
263.3,,1394.118
263.4,,1397.058
263.5,,1397.058
263.6,,1397.058
263.7,,1397.058
263.8,,1397.058
263.9,,1397.058
264,,1397.058
264.1,,1397.058
264.2,,1397.058
264.3,,1397.058
264.4,,1397.058
264.5,,1397.058
264.6,,1397.058
264.7,,1397.058
264.8,,1397.058
264.9,,1397.058
265,,1397.058
265.1,,1397.058
265.2,,1397.058
265.3,,1397.058
265.4,,1397.058
265.5,,1370.589
265.6,,1367.646
265.7,,1367.646
265.8,,1367.646
265.9,,1367.646
266,,1367.646
266.1,,1367.646
266.2,,1367.646
266.3,,1367.646
266.4,,1367.646
266.5,,1367.646
266.6,,1367.646
266.7,,1367.646
266.8,,1367.646
266.9,,1367.646
267,,1367.646
267.1,,1367.646
267.2,,1367.646
267.3,,1367.646
267.4,,1367.646
267.5,,1367.646
267.6,,1367.646
267.7,,1367.646
267.8,,1367.646
267.9,,1367.646
268,,1367.646
268.1,,1367.646
268.2,,1367.646
268.3,,1367.646
268.4,,1367.646
268.5,,1367.646
268.6,,1367.646
268.7,,1367.646
268.8,,1367.646
268.9,,1367.646
269,,1367.646
269.1,,1367.646
269.2,,1367.646
269.3,,1367.646
269.4,,1367.646
269.5,,1367.646
269.6,,1367.646
269.7,,1367.646
269.8,,1367.646
269.9,,1367.646
270,,1367.646
270.1,,1367.646
270.2,,1367.646
270.3,,1367.646
270.4,,1367.646
270.5,,1367.646
270.6,,1370.589
270.7,,1382.352
270.8,,1405.8809999999999
270.9,,1405.8809999999999
271,,1405.8809999999999
271.1,,1405.8809999999999
271.2,,1405.8809999999999
271.3,,1405.8809999999999
271.4,,1402.941
271.5,,1400.001
271.6,,1397.058
271.7,,1394.118
271.8,,1394.118
271.9,,1394.118
272,,1394.118
272.1,,1394.118
272.2,,1394.118
272.3,,1394.118
272.4,,1394.118
272.5,,1394.118
272.6,,1394.118
272.7,,1394.118
272.8,,1394.118
272.9,,1394.118
273,,1394.118
273.1,,1394.118
273.2,,1394.118
273.3,,1391.175
273.4,,1394.118
273.5,,1394.118
273.6,,1394.118
273.7,,1394.118
273.8,,1394.118
273.9,,1394.118
274,,1394.118
274.1,,1394.118
274.2,,1394.118
274.3,,1394.118
274.4,,1394.118
274.5,,1394.118
274.6,,1394.118
274.7,,1394.118
274.8,,1394.118
274.9,,1394.118
275,,1394.118
275.1,,1394.118
275.2,,1394.118
275.3,,1394.118
275.4,,1394.118
275.5,,1394.118
275.6,,1394.118
275.7,,1394.118
275.8,,1394.118
275.9,,1394.118
276,,1394.118
276.1,,1394.118
276.2,,1394.118
276.3,,1394.118
276.4,,1394.118
276.5,,1394.118
276.6,,1394.118
276.7,,1394.118
276.8,,1394.118
276.9,,1394.118
277,,1394.118
277.1,,1394.118
277.2,,1394.118
277.3,,1394.118
277.4,,1394.118
277.5,,1394.118
277.6,,1394.118
277.7,,1394.118
277.8,,1394.118
277.9,,1394.118
278,,1394.118
278.1,,1394.118
278.2,,1394.118
278.3,,1394.118
278.4,,1394.118
278.5,,1394.118
278.6,,1394.118
278.7,,1394.118
278.8,,1394.118
278.9,,1394.118
279,,1394.118
279.1,,1394.118
279.2,,1394.118
279.3,,1394.118
279.4,,1394.118
279.5,,1394.118
279.6,,1394.118
279.7,,1394.118
279.8,,1397.058
279.9,,1397.058
280,,1397.058
280.1,,1397.058
280.2,,1397.058
280.3,,1397.058
280.4,,1394.118
280.5,,1394.118
280.6,,1394.118
280.7,,1394.118
280.8,,1394.118
280.9,,1394.118
281,,1394.118
281.1,,1394.118
281.2,,1394.118
281.3,,1394.118
281.4,,1394.118
281.5,,1394.118
281.6,,1394.118
281.7,,1394.118
281.8,,1394.118
281.9,,1394.118
282,,1394.118
282.1,,1394.118
282.2,,1394.118
282.3,,1394.118
282.4,,1394.118
282.5,,1394.118
282.6,,1394.118
282.7,,1394.118
282.8,,1394.118
282.9,,1394.118
283,,1394.118
283.1,,1394.118
283.2,,1394.118
283.3,,1394.118
283.4,,1394.118
283.5,,1394.118
283.6,,1394.118
283.7,,1394.118
283.8,,1394.118
283.9,,1394.118
284,,1394.118
284.1,,1394.118
284.2,,1394.118
284.3,,1394.118
284.4,,1394.118
284.5,,1394.118
284.6,,1394.118
284.7,,1394.118
284.8,,1394.118
284.9,,1394.118
285,,1394.118
285.1,,1394.118
285.2,,1394.118
285.3,,1394.118
285.4,,1394.118
285.5,,1394.118
285.6,,1394.118
285.7,,1394.118
285.8,,1394.118
285.9,,1394.118
286,,1394.118
286.1,,1394.118
286.2,,1394.118
286.3,,1394.118
286.4,,1394.118
286.5,,1394.118
286.6,,1394.118
286.7,,1391.175
286.8,,1394.118
286.9,,1394.118
287,,1394.118
287.1,,1394.118
287.2,,1394.118
287.3,,1394.118
287.4,,1394.118
287.5,,1394.118
287.6,,1394.118
287.7,,1394.118
287.8,,1394.118
287.9,,1394.118
288,,1394.118
288.1,,1394.118
288.2,,1394.118
288.3,,1391.175
288.4,,1394.118
288.5,,1394.118
288.6,,1394.118
288.7,,1394.118
288.8,,1394.118
288.9,,1394.118
289,,1394.118
289.1,,1394.118
289.2,,1394.118
289.3,,1394.118
289.4,,1394.118
289.5,,1394.118
289.6,,1394.118
289.7,,1394.118
289.8,,1394.118
289.9,,1394.118
290,,1394.118
290.1,,1394.118
290.2,,1394.118
290.3,,1394.118
290.4,,1394.118
290.5,,1394.118
290.6,,1394.118
290.7,,1394.118
290.8,,1394.118
290.9,,1394.118
291,,1394.118
291.1,,1394.118
291.2,,1394.118
291.3,,1394.118
291.4,,1394.118
291.5,,1394.118
291.6,,1394.118
291.7,,1394.118
291.8,,1394.118
291.9,,1394.118
292,,1394.118
292.1,,1394.118
292.2,,1394.118
292.3,,1394.118
292.4,,1394.118
292.5,,1394.118
292.6,,1394.118
292.7,,1394.118
292.8,,1394.118
292.9,,1394.118
293,,1394.118
293.1,,1394.118
293.2,,1391.175
293.3,,1394.118
293.4,,1394.118
293.5,,1394.118
293.6,,1394.118
293.7,,1394.118
293.8,,1394.118
293.9,,1394.118
294,,1394.118
294.1,,1394.118
294.2,,1394.118
294.3,,1394.118
294.4,,1394.118
294.5,,1394.118
294.6,,1394.118
294.7,,1394.118
294.8,,1394.118
294.9,,1394.118
295,,1394.118
295.1,,1394.118
295.2,,1394.118
295.3,,1394.118
295.4,,1394.118
295.5,,1394.118
295.6,,1394.118
295.7,,1394.118
295.8,,1394.118
295.9,,1394.118
296,,1394.118
296.1,,1391.175
296.2,,1394.118
296.3,,1394.118
296.4,,1391.175
296.5,,1394.118
296.6,,1394.118
296.7,,1394.118
296.8,,1391.175
296.9,,1391.175
297,,1394.118
297.1,,1394.118
297.2,,1394.118
297.3,,1394.118
297.4,,1394.118
297.5,,1394.118
297.6,,1394.118
297.7,,1394.118
297.8,,1394.118
297.9,,1394.118
298,,1394.118
298.1,,1394.118
298.2,,1394.118
298.3,,1394.118
298.4,,1394.118
298.5,,1394.118
298.6,,1394.118
298.7,,1394.118
298.8,,1394.118
298.9,,1394.118
299,,1394.118
299.1,,1394.118
299.2,,1394.118
299.3,,1394.118
299.4,,1394.118
299.5,,1394.118
299.6,,1394.118
299.7,,1394.118
299.8,,1394.118
299.9,,1394.118
300,,1394.118
300.1,,1394.118
300.2,,1394.118
300.3,,1394.118
300.4,,1391.175
300.5,,1394.118
300.6,,1394.118
300.7,,1394.118
300.8,,1394.118
300.9,,1394.118
301,,1394.118
301.1,,1394.118
301.2,,1394.118
301.3,,1394.118
301.4,,1394.118
301.5,,1394.118
301.6,,1394.118
301.7,,1394.118
301.8,,1394.118
301.9,,1394.118
302,,1394.118
302.1,,1394.118
302.2,,1394.118
302.3,,1394.118
302.4,,1394.118
302.5,,1394.118
302.6,,1394.118
302.7,,1394.118
302.8,,1394.118
302.9,,1394.118
303,,1394.118
303.1,,1394.118
303.2,,1394.118
303.3,,1394.118
303.4,,1394.118
303.5,,1394.118
303.6,,1394.118
303.7,,1394.118
303.8,,1394.118
303.9,,1394.118
304,,1394.118
304.1,,1394.118
304.2,,1394.118
304.3,,1394.118
304.4,,1391.175
304.5,,1394.118
304.6,,1394.118
304.7,,1394.118
304.8,,1394.118
304.9,,1394.118
305,,1394.118
305.1,,1394.118
305.2,,1394.118
305.3,,1394.118
305.4,,1394.118
305.5,,1394.118
305.6,,1394.118
305.7,,1394.118
305.8,,1394.118
305.9,,1394.118
306,,1394.118
306.1,,1394.118
306.2,,1394.118
306.3,,1394.118
306.4,,1394.118
306.5,,1394.118
306.6,,1394.118
306.7,,1394.118
306.8,,1394.118
306.9,,1394.118
307,,1394.118
307.1,,1394.118
307.2,,1394.118
307.3,,1394.118
307.4,,1394.118
307.5,,1394.118
307.6,,1394.118
307.7,,1394.118
307.8,,1394.118
307.9,,1394.118
308,,1391.175
308.1,,1394.118
308.2,,1394.118
308.3,,1394.118
308.4,,1394.118
308.5,,1394.118
308.6,,1394.118
308.7,,1394.118
308.8,,1394.118
308.9,,1394.118
309,,1394.118
309.1,,1394.118
309.2,,1394.118
309.3,,1394.118
309.4,,1394.118
309.5,,1394.118
309.6,,1394.118
309.7,,1394.118
309.8,,1394.118
309.9,,1394.118
310,,1394.118
310.1,,1394.118
310.2,,1394.118
310.3,,1394.118
310.4,,1394.118
310.5,,1394.118
310.6,,1394.118
310.7,,1394.118
310.8,,1394.118
310.9,,1394.118
311,,1394.118
311.1,,1394.118
311.2,,1394.118
311.3,,1394.118
311.4,,1394.118
311.5,,1394.118
311.6,,1394.118
311.7,,1394.118
311.8,,1394.118
311.9,,1394.118
312,,1394.118
312.1,,1394.118
312.2,,1391.175
312.3,,1394.118
312.4,,1394.118
312.5,,1394.118
312.6,,1394.118
312.7,,1394.118
312.8,,1394.118
312.9,,1394.118
313,,1394.118
313.1,,1394.118
313.2,,1394.118
313.3,,1394.118
313.4,,1394.118
313.5,,1394.118
313.6,,1394.118
313.7,,1394.118
313.8,,1394.118
313.9,,1394.118
314,,1394.118
314.1,,1394.118
314.2,,1394.118
314.3,,1394.118
314.4,,1394.118
314.5,,1394.118
314.6,,1394.118
314.7,,1394.118
314.8,,1394.118
314.9,,1394.118
315,,1394.118
315.1,,1394.118
315.2,,1394.118
315.3,,1394.118
315.4,,1394.118
315.5,,1394.118
315.6,,1394.118
315.7,,1394.118
315.8,,1394.118
315.9,,1394.118
316,,1394.118
316.1,,1394.118
316.2,,1394.118
316.3,,1394.118
316.4,,1394.118
316.5,,1394.118
316.6,,1394.118
316.7,,1394.118
316.8,,1394.118
316.9,,1394.118
317,,1394.118
317.1,,1394.118
317.2,,1394.118
317.3,,1394.118
317.4,,1394.118
317.5,,1394.118
317.6,,1394.118
317.7,,1394.118
317.8,,1394.118
317.9,,1394.118
318,,1394.118
318.1,,1394.118
318.2,,1394.118
318.3,,1394.118
318.4,,1394.118
318.5,,1394.118
318.6,,1394.118
318.7,,1394.118
318.8,,1391.175
318.9,,1394.118
319,,1394.118
319.1,,1394.118
319.2,,1394.118
319.3,,1394.118
319.4,,1394.118
319.5,,1394.118
319.6,,1394.118
319.7,,1394.118
319.8,,1394.118
319.9,,1394.118
320,,1394.118
320.1,,1394.118
320.2,,1394.118
320.3,,1394.118
320.4,,1394.118
320.5,,1394.118
320.6,,1394.118
320.7,,1394.118
320.8,,1394.118
320.9,,1394.118
321,,1394.118
321.1,,1394.118
321.2,,1394.118
321.3,,1394.118
321.4,,1394.118
321.5,,1394.118
321.6,,1394.118
321.7,,1394.118
321.8,,1394.118
321.9,,1394.118
322,,1394.118
322.1,,1394.118
322.2,,1394.118
322.3,,1394.118
322.4,,1394.118
322.5,,1394.118
322.6,,1394.118
322.7,,1394.118
322.8,,1394.118
322.9,,1394.118
323,,1394.118
323.1,,1394.118
323.2,,1394.118
323.3,,1394.118
323.4,,1394.118
323.5,,1394.118
323.6,,1394.118
323.7,,1394.118
323.8,,1394.118
323.9,,1394.118
324,,1394.118
324.1,,1394.118
324.2,,1394.118
324.3,,1394.118
324.4,,1394.118
324.5,,1394.118
324.6,,1394.118
324.7,,1394.118
324.8,,1394.118
324.9,,1394.118
325,,1394.118
325.1,,1394.118
325.2,,1394.118
325.3,,1394.118
325.4,,1394.118
325.5,,1394.118
325.6,,1394.118
325.7,,1394.118
325.8,,1394.118
325.9,,1394.118
326,,1394.118
326.1,,1394.118
326.2,,1394.118
326.3,,1394.118
326.4,,1394.118
326.5,,1394.118
326.6,,1394.118
326.7,,1394.118
326.8,,1394.118
326.9,,1394.118
327,,1394.118
327.1,,1394.118
327.2,,1394.118
327.3,,1394.118
327.4,,1394.118
327.5,,1394.118
327.6,,1394.118
327.7,,1394.118
327.8,,1394.118
327.9,,1394.118
328,,1394.118
328.1,,1394.118
328.2,,1394.118
328.3,,1394.118
328.4,,1394.118
328.5,,1394.118
328.6,,1394.118
328.7,,1394.118
328.8,,1394.118
328.9,,1394.118
329,,1394.118
329.1,,1394.118
329.2,,1394.118
329.3,,1394.118
329.4,,1394.118
329.5,,1394.118
329.6,,1394.118
329.7,,1394.118
329.8,,1394.118
329.9,,1394.118
330,,1394.118
330.1,,1394.118
330.2,,1394.118
330.3,,1394.118
330.4,,1394.118
330.5,,1394.118
330.6,,1394.118
330.7,,1394.118
330.8,,1394.118
330.9,,1394.118
331,,1394.118
331.1,,1394.118
331.2,,1394.118
331.3,,1394.118
331.4,,1394.118
331.5,,1394.118
331.6,,1394.118
331.7,,1394.118
331.8,,1394.118
331.9,,1394.118
332,,1394.118
332.1,,1394.118
332.2,,1394.118
332.3,,1394.118
332.4,,1394.118
332.5,,1394.118
332.6,,1394.118
332.7,,1394.118
332.8,,1394.118
332.9,,1394.118
333,,1394.118
333.1,,1394.118
333.2,,1394.118
333.3,,1394.118
333.4,,1394.118
333.5,,1394.118
333.6,,1394.118
333.7,,1394.118
333.8,,1394.118
333.9,,1394.118
334,,1394.118
334.1,,1394.118
334.2,,1394.118
334.3,,1394.118
334.4,,1394.118
334.5,,1394.118
334.6,,1394.118
334.7,,1394.118
334.8,,1394.118
334.9,,1394.118
335,,1394.118
335.1,,1394.118
335.2,,1394.118
335.3,,1394.118
335.4,,1394.118
335.5,,1397.058
335.6,,1397.058
335.7,,1397.058
335.8,,1394.118
335.9,,1394.118
336,,1394.118
336.1,,1394.118
336.2,,1394.118
336.3,,1394.118
336.4,,1394.118
336.5,,1394.118
336.6,,1394.118
336.7,,1394.118
336.8,,1394.118
336.9,,1394.118
337,,1394.118
337.1,,1394.118
337.2,,1394.118
337.3,,1394.118
337.4,,1394.118
337.5,,1394.118
337.6,,1394.118
337.7,,1394.118
337.8,,1394.118
337.9,,1394.118
338,,1394.118
338.1,,1394.118
338.2,,1394.118
338.3,,1394.118
338.4,,1394.118
338.5,,1394.118
338.6,,1394.118
338.7,,1394.118
338.8,,1394.118
338.9,,1394.118
339,,1394.118
339.1,,1394.118
339.2,,1394.118
339.3,,1394.118
339.4,,1394.118
339.5,,1394.118
339.6,,1394.118
339.7,,1394.118
339.8,,1394.118
339.9,,1394.118
340,,1394.118
340.1,,1394.118
340.2,,1394.118
340.3,,1394.118
340.4,,1394.118
340.5,,1394.118
340.6,,1394.118
340.7,,1394.118
340.8,,1394.118
340.9,,1394.118
341,,1394.118
341.1,,1394.118
341.2,,1394.118
341.3,,1394.118
341.4,,1394.118
341.5,,1394.118
341.6,,1394.118
341.7,,1394.118
341.8,,1394.118
341.9,,1394.118
342,,1394.118
342.1,,1394.118
342.2,,1394.118
342.3,,1394.118
342.4,,1394.118
342.5,,1394.118
342.6,,1394.118
342.7,,1394.118
342.8,,1394.118
342.9,,1394.118
343,,1394.118
343.1,,1394.118
343.2,,1394.118
343.3,,1394.118
343.4,,1394.118
343.5,,1394.118
343.6,,1394.118
343.7,,1394.118
343.8,,1394.118
343.9,,1394.118
344,,1394.118
344.1,,1394.118
344.2,,1394.118
344.3,,1394.118
344.4,,1394.118
344.5,,1394.118
344.6,,1394.118
344.7,,1394.118
344.8,,1394.118
344.9,,1394.118
345,,1394.118
345.1,,1394.118
345.2,,1394.118
345.3,,1394.118
345.4,,1394.118
345.5,,1394.118
345.6,,1394.118
345.7,,1394.118
345.8,,1394.118
345.9,,1394.118
346,,1394.118
346.1,,1394.118
346.2,,1394.118
346.3,,1394.118
346.4,,1394.118
346.5,,1394.118
346.6,,1394.118
346.7,,1394.118
346.8,,1394.118
346.9,,1394.118
347,,1394.118
347.1,,1394.118
347.2,,1394.118
347.3,,1394.118
347.4,,1394.118
347.5,,1394.118
347.6,,1394.118
347.7,,1394.118
347.8,,1394.118
347.9,,1394.118
348,,1394.118
348.1,,1394.118
348.2,,1394.118
348.3,,1394.118
348.4,,1394.118
348.5,,1394.118
348.6,,1394.118
348.7,,1394.118
348.8,,1394.118
348.9,,1394.118
349,,1394.118
349.1,,1394.118
349.2,,1394.118
349.3,,1394.118
349.4,,1394.118
349.5,,1394.118
349.6,,1394.118
349.7,,1394.118
349.8,,1394.118
349.9,,1394.118
350,,1394.118
350.1,,1394.118
350.2,,1394.118
350.3,,1394.118
350.4,,1394.118
350.5,,1394.118
350.6,,1394.118
350.7,,1394.118
350.8,,1394.118
350.9,,1394.118
351,,1394.118
351.1,,1394.118
351.2,,1394.118
351.3,,1394.118
351.4,,1394.118
351.5,,1394.118
351.6,,1394.118
351.7,,1394.118
351.8,,1394.118
351.9,,1394.118
352,,1394.118
352.1,,1394.118
352.2,,1394.118
352.3,,1394.118
352.4,,1394.118
352.5,,1394.118
352.6,,1394.118
352.7,,1394.118
352.8,,1394.118
352.9,,1394.118
353,,1394.118
353.1,,1394.118
353.2,,1394.118
353.3,,1394.118
353.4,,1394.118
353.5,,1394.118
353.6,,1394.118
353.7,,1394.118
353.8,,1394.118
353.9,,1394.118
354,,1394.118
354.1,,1394.118
354.2,,1394.118
354.3,,1394.118
354.4,,1394.118
354.5,,1394.118
354.6,,1394.118
354.7,,1394.118
354.8,,1394.118
354.9,,1394.118
355,,1397.058
355.1,,1397.058
355.2,,1394.118
355.3,,1394.118
355.4,,1394.118
355.5,,1394.118
355.6,,1394.118
355.7,,1394.118
355.8,,1394.118
355.9,,1394.118
356,,1394.118
356.1,,1397.058
356.2,,1397.058
356.3,,1397.058
356.4,,1397.058
356.5,,1394.118
356.6,,1394.118
356.7,,1394.118
356.8,,1394.118
356.9,,1394.118
357,,1394.118
357.1,,1394.118
357.2,,1394.118
357.3,,1394.118
357.4,,1394.118
357.5,,1394.118
357.6,,1394.118
357.7,,1394.118
357.8,,1394.118
357.9,,1394.118
358,,1394.118
358.1,,1394.118
358.2,,1394.118
358.3,,1394.118
358.4,,1394.118
358.5,,1394.118
358.6,,1394.118
358.7,,1394.118
358.8,,1394.118
358.9,,1394.118
359,,1394.118
359.1,,1394.118
359.2,,1394.118
359.3,,1394.118
359.4,,1394.118
359.5,,1394.118
359.6,,1394.118
359.7,,1394.118
359.8,,1394.118
359.9,,1394.118
360,,1394.118
360.1,,1394.118
360.2,,1394.118
360.3,,1394.118
360.4,,1394.118
360.5,,1394.118
360.6,,1394.118
360.7,,1394.118
360.8,,1394.118
360.9,,1394.118
361,,1394.118
361.1,,1394.118
361.2,,1394.118
361.3,,1394.118
361.4,,1394.118
361.5,,1394.118
361.6,,1394.118
361.7,,1394.118
361.8,,1394.118
361.9,,1394.118
362,,1394.118
362.1,,1394.118
362.2,,1394.118
362.3,,1394.118
362.4,,1394.118
362.5,,1394.118
362.6,,1394.118
362.7,,1391.175
362.8,,1394.118
362.9,,1394.118
363,,1394.118
363.1,,1394.118
363.2,,1394.118
363.3,,1394.118
363.4,,1394.118
363.5,,1394.118
363.6,,1394.118
363.7,,1394.118
363.8,,1394.118
363.9,,1394.118
364,,1394.118
364.1,,1394.118
364.2,,1394.118
364.3,,1394.118
364.4,,1394.118
364.5,,1394.118
364.6,,1394.118
364.7,,1394.118
364.8,,1394.118
364.9,,1394.118
365,,1394.118
365.1,,1394.118
365.2,,1394.118
365.3,,1394.118
365.4,,1394.118
365.5,,1394.118
365.6,,1394.118
365.7,,1394.118
365.8,,1394.118
365.9,,1394.118
366,,1394.118
366.1,,1394.118
366.2,,1394.118
366.3,,1394.118
366.4,,1394.118
366.5,,1394.118
366.6,,1394.118
366.7,,1394.118
366.8,,1394.118
366.9,,1394.118
367,,1394.118
367.1,,1394.118
367.2,,1394.118
367.3,,1394.118
367.4,,1394.118
367.5,,1394.118
367.6,,1394.118
367.7,,1394.118
367.8,,1394.118
367.9,,1394.118
368,,1394.118
368.1,,1394.118
368.2,,1394.118
368.3,,1394.118
368.4,,1394.118
368.5,,1394.118
368.6,,1394.118
368.7,,1394.118
368.8,,1394.118
368.9,,1394.118
369,,1394.118
369.1,,1394.118
369.2,,1394.118
369.3,,1394.118
369.4,,1394.118
369.5,,1394.118
369.6,,1394.118
369.7,,1394.118
369.8,,1391.175
369.9,,1394.118
370,,1394.118
370.1,,1394.118
370.2,,1394.118
370.3,,1394.118
370.4,,1394.118
370.5,,1394.118
370.6,,1394.118
370.7,,1394.118
370.8,,1394.118
370.9,,1394.118
371,,1394.118
371.1,,1394.118
371.2,,1394.118
371.3,,1394.118
371.4,,1394.118
371.5,,1394.118
371.6,,1394.118
371.7,,1394.118
371.8,,1394.118
371.9,,1394.118
372,,1394.118
372.1,,1394.118
372.2,,1394.118
372.3,,1394.118
372.4,,1394.118
372.5,,1394.118
372.6,,1394.118
372.7,,1394.118
372.8,,1394.118
372.9,,1394.118
373,,1394.118
373.1,,1394.118
373.2,,1394.118
373.3,,1394.118
373.4,,1394.118
373.5,,1394.118
373.6,,1394.118
373.7,,1394.118
373.8,,1394.118
373.9,,1394.118
374,,1394.118
374.1,,1394.118
374.2,,1394.118
374.3,,1397.058
374.4,,1397.058
374.5,,1397.058
374.6,,1397.058
374.7,,1394.118
374.8,,1394.118
374.9,,1394.118
375,,1394.118
375.1,,1394.118
375.2,,1394.118
375.3,,1394.118
375.4,,1394.118
375.5,,1394.118
375.6,,1394.118
375.7,,1394.118
375.8,,1394.118
375.9,,1394.118
376,,1394.118
376.1,,1394.118
376.2,,1394.118
376.3,,1394.118
376.4,,1394.118
376.5,,1394.118
376.6,,1394.118
376.7,,1394.118
376.8,,1394.118
376.9,,1394.118
377,,1391.175
377.1,,1394.118
377.2,,1394.118
377.3,,1394.118
377.4,,1394.118
377.5,,1394.118
377.6,,1394.118
377.7,,1394.118
377.8,,1394.118
377.9,,1394.118
378,,1394.118
378.1,,1394.118
378.2,,1394.118
378.3,,1394.118
378.4,,1394.118
378.5,,1394.118
378.6,,1394.118
378.7,,1394.118
378.8,,1394.118
378.9,,1394.118
379,,1394.118
379.1,,1394.118
379.2,,1394.118
379.3,,1394.118
379.4,,1394.118
379.5,,1394.118
379.6,,1394.118
379.7,,1394.118
379.8,,1394.118
379.9,,1394.118
380,,1394.118
380.1,,1394.118
380.2,,1394.118
380.3,,1394.118
380.4,,1394.118
380.5,,1394.118
380.6,,1394.118
380.7,,1394.118
380.8,,1394.118
380.9,,1394.118
381,,1394.118
381.1,,1394.118
381.2,,1394.118
381.3,,1394.118
381.4,,1394.118
381.5,,1394.118
381.6,,1394.118
381.7,,1394.118
381.8,,1394.118
381.9,,1394.118
382,,1394.118
382.1,,1394.118
382.2,,1394.118
382.3,,1394.118
382.4,,1394.118
382.5,,1394.118
382.6,,1394.118
382.7,,1394.118
382.8,,1394.118
382.9,,1394.118
383,,1394.118
383.1,,1394.118
383.2,,1394.118
383.3,,1394.118
383.4,,1394.118
383.5,,1394.118
383.6,,1394.118
383.7,,1394.118
383.8,,1394.118
383.9,,1394.118
384,,1394.118
384.1,,1394.118
384.2,,1394.118
384.3,,1394.118
384.4,,1394.118
384.5,,1394.118
384.6,,1394.118
384.7,,1394.118
384.8,,1394.118
384.9,,1394.118
385,,1391.175
385.1,,1382.352
385.2,,1370.589
385.3,,1370.589
385.4,,1370.589
385.5,,1370.589
385.6,,1370.589
385.7,,1370.589
385.8,,1370.589
385.9,,1370.589
386,,1370.589
386.1,,1370.589
386.2,,1370.589
386.3,,1370.589
386.4,,1370.589
386.5,,1370.589
386.6,,1370.589
386.7,,1370.589
386.8,,1370.589
386.9,,1370.589
387,,1370.589
387.1,,1370.589
387.2,,1370.589
387.3,,1370.589
387.4,,1370.589
387.5,,1370.589
387.6,,1370.589
387.7,,1370.589
387.8,,1370.589
387.9,,1370.589
388,,1370.589
388.1,,1370.589
388.2,,1370.589
388.3,,1370.589
388.4,,1370.589
388.5,,1370.589
388.6,,1370.589
388.7,,1370.589
388.8,,1370.589
388.9,,1370.589
389,,1370.589
389.1,,1370.589
389.2,,1370.589
389.3,,1370.589
389.4,,1370.589
389.5,,1370.589
389.6,,1370.589
389.7,,1370.589
389.8,,1370.589
389.9,,1370.589
390,,1370.589
390.1,,1373.529
390.2,,1370.589
390.3,,1370.589
390.4,,1370.589
390.5,,1370.589
390.6,,1370.589
390.7,,1370.589
390.8,,1370.589
390.9,,1370.589
391,,1370.589
391.1,,1370.589
391.2,,1370.589
391.3,,1373.529
391.4,,1370.589
391.5,,1370.589
391.6,,1370.589
391.7,,1370.589
391.8,,1370.589
391.9,,1370.589
392,,1370.589
392.1,,1370.589
392.2,,1370.589
392.3,,1370.589
392.4,,1370.589
392.5,,1370.589
392.6,,1370.589
392.7,,1370.589
392.8,,1370.589
392.9,,1370.589
393,,1370.589
393.1,,1370.589
393.2,,1370.589
393.3,,1370.589
393.4,,1370.589
393.5,,1370.589
393.6,,1370.589
393.7,,1370.589
393.8,,1370.589
393.9,,1370.589
394,,1370.589
394.1,,1370.589
394.2,,1370.589
394.3,,1370.589
394.4,,1370.589
394.5,,1370.589
394.6,,1370.589
394.7,,1370.589
394.8,,1370.589
394.9,,1373.529
395,,1370.589
395.1,,1370.589
395.2,,1370.589
395.3,,1370.589
395.4,,1370.589
395.5,,1370.589
395.6,,1370.589
395.7,,1370.589
395.8,,1370.589
395.9,,1370.589
396,,1370.589
396.1,,1370.589
396.2,,1370.589
396.3,,1370.589
396.4,,1370.589
396.5,,1370.589
396.6,,1370.589
396.7,,1370.589
396.8,,1370.589
396.9,,1370.589
397,,1370.589
397.1,,1370.589
397.2,,1370.589
397.3,,1370.589
397.4,,1370.589
397.5,,1370.589
397.6,,1370.589
397.7,,1370.589
397.8,,1370.589
397.9,,1370.589
398,,1370.589
398.1,,1370.589
398.2,,1373.529
398.3,,1370.589
398.4,,1370.589
398.5,,1370.589
398.6,,1370.589
398.7,,1370.589
398.8,,1370.589
398.9,,1370.589
399,,1370.589
399.1,,1370.589
399.2,,1370.589
399.3,,1370.589
399.4,,1370.589
399.5,,1370.589
399.6,,1370.589
399.7,,1370.589
399.8,,1370.589
399.9,,1370.589
400,,1370.589
400.1,,1370.589
400.2,,1370.589
400.3,,1370.589
400.4,,1370.589
400.5,,1370.589
400.6,,1370.589
400.7,,1370.589
400.8,,1370.589
400.9,,1370.589
401,,1370.589
401.1,,1370.589
401.2,,1370.589
401.3,,1370.589
401.4,,1370.589
401.5,,1370.589
401.6,,1370.589
401.7,,1370.589
401.8,,1370.589
401.9,,1370.589
402,,1370.589
402.1,,1370.589
402.2,,1370.589
402.3,,1370.589
402.4,,1370.589
402.5,,1370.589
402.6,,1370.589
402.7,,1370.589
402.8,,1370.589
402.9,,1370.589
403,,1370.589
403.1,,1370.589
403.2,,1370.589
403.3,,1370.589
403.4,,1370.589
403.5,,1370.589
403.6,,1370.589
403.7,,1370.589
403.8,,1370.589
403.9,,1370.589
404,,1370.589
404.1,,1370.589
404.2,,1376.472
404.3,,1379.412
404.4,,1388.2350000000001
404.5,,1402.941
404.6,,1402.941
404.7,,1402.941
404.8,,1402.941
404.9,,1402.941
405,,1402.941
405.1,,1402.941
405.2,,1402.941
405.3,,1402.941
405.4,,1402.941
405.5,,1402.941
405.6,,1402.941
405.7,,1402.941
405.8,,1402.941
405.9,,1402.941
406,,1402.941
406.1,,1402.941
406.2,,1402.941
406.3,,1402.941
406.4,,1402.941
406.5,,1402.941
406.6,,1402.941
406.7,,1402.941
406.8,,1402.941
406.9,,1402.941
407,,1402.941
407.1,,1402.941
407.2,,1402.941
407.3,,1402.941
407.4,,1402.941
407.5,,1402.941
407.6,,1402.941
407.7,,1402.941
407.8,,1402.941
407.9,,1402.941
408,,1402.941
408.1,,1402.941
408.2,,1402.941
408.3,,1402.941
408.4,,1402.941
408.5,,1402.941
408.6,,1402.941
408.7,,1402.941
408.8,,1402.941
408.9,,1402.941
409,,1402.941
409.1,,1402.941
409.2,,1402.941
409.3,,1402.941
409.4,,1402.941
409.5,,1402.941
409.6,,1402.941
409.7,,1402.941
409.8,,1402.941
409.9,,1402.941
410,,1402.941
410.1,,1402.941
410.2,,1402.941
410.3,,1402.941
410.4,,1402.941
410.5,,1402.941
410.6,,1402.941
410.7,,1402.941
410.8,,1402.941
410.9,,1402.941
411,,1402.941
411.1,,1402.941
411.2,,1402.941
411.3,,1402.941
411.4,,1402.941
411.5,,1402.941
411.6,,1402.941
411.7,,1402.941
411.8,,1402.941
411.9,,1402.941
412,,1402.941
412.1,,1402.941
412.2,,1402.941
412.3,,1402.941
412.4,,1402.941
412.5,,1402.941
412.6,,1402.941
412.7,,1402.941
412.8,,1402.941
412.9,,1402.941
413,,1402.941
413.1,,1402.941
413.2,,1402.941
413.3,,1402.941
413.4,,1402.941
413.5,,1402.941
413.6,,1402.941
413.7,,1402.941
413.8,,1402.941
413.9,,1402.941
414,,1402.941
414.1,,1402.941
414.2,,1402.941
414.3,,1402.941
414.4,,1402.941
414.5,,1402.941
414.6,,1402.941
414.7,,1402.941
414.8,,1402.941
414.9,,1402.941
415,,1402.941
415.1,,1402.941
415.2,,1402.941
415.3,,1402.941
415.4,,1402.941
415.5,,1402.941
415.6,,1402.941
415.7,,1402.941
415.8,,1402.941
415.9,,1402.941
416,,1402.941
416.1,,1402.941
416.2,,1402.941
416.3,,1402.941
416.4,,1402.941
416.5,,1402.941
416.6,,1402.941
416.7,,1402.941
416.8,,1402.941
416.9,,1402.941
417,,1402.941
417.1,,1402.941
417.2,,1402.941
417.3,,1402.941
417.4,,1402.941
417.5,,1402.941
417.6,,1402.941
417.7,,1402.941
417.8,,1402.941
417.9,,1402.941
418,,1402.941
418.1,,1402.941
418.2,,1402.941
418.3,,1402.941
418.4,,1402.941
418.5,,1402.941
418.6,,1402.941
418.7,,1402.941
418.8,,1402.941
418.9,,1402.941
419,,1402.941
419.1,,1402.941
419.2,,1402.941
419.3,,1402.941
419.4,,1402.941
419.5,,1402.941
419.6,,1402.941
419.7,,1402.941
419.8,,1402.941
419.9,,1402.941
420,,1402.941
420.1,,1402.941
420.2,,1402.941
420.3,,1402.941
420.4,,1402.941
420.5,,1402.941
420.6,,1402.941
420.7,,1402.941
420.8,,1402.941
420.9,,1402.941
421,,1402.941
421.1,,1402.941
421.2,,1402.941
421.3,,1402.941
421.4,,1402.941
421.5,,1402.941
421.6,,1402.941
421.7,,1402.941
421.8,,1402.941
421.9,,1402.941
422,,1402.941
422.1,,1402.941
422.2,,1402.941
422.3,,1402.941
422.4,,1402.941
422.5,,1402.941
422.6,,1402.941
422.7,,1402.941
422.8,,1402.941
422.9,,1402.941
423,,1402.941
423.1,,1402.941
423.2,,1402.941
423.3,,1402.941
423.4,,1402.941
423.5,,1402.941
423.6,,1402.941
423.7,,1402.941
423.8,,1402.941
423.9,,1400.001
424,,1400.001
424.1,,1400.001
424.2,,1402.941
424.3,,1402.941
424.4,,1402.941
424.5,,1402.941
424.6,,1402.941
424.7,,1402.941
424.8,,1402.941
424.9,,1402.941
425,,1402.941
425.1,,1402.941
425.2,,1402.941
425.3,,1402.941
425.4,,1402.941
425.5,,1402.941
425.6,,1402.941
425.7,,1402.941
425.8,,1402.941
425.9,,1402.941
426,,1402.941
426.1,,1402.941
426.2,,1402.941
426.3,,1402.941
426.4,,1402.941
426.5,,1402.941
426.6,,1402.941
426.7,,1402.941
426.8,,1402.941
426.9,,1402.941
427,,1402.941
427.1,,1402.941
427.2,,1402.941
427.3,,1402.941
427.4,,1402.941
427.5,,1402.941
427.6,,1402.941
427.7,,1402.941
427.8,,1402.941
427.9,,1402.941
428,,1402.941
428.1,,1402.941
428.2,,1402.941
428.3,,1402.941
428.4,,1402.941
428.5,,1402.941
428.6,,1402.941
428.7,,1402.941
428.8,,1402.941
428.9,,1402.941
429,,1402.941
429.1,,1402.941
429.2,,1402.941
429.3,,1402.941
429.4,,1402.941
429.5,,1402.941
429.6,,1402.941
429.7,,1402.941
429.8,,1402.941
429.9,,1402.941
430,,1402.941
430.1,,1402.941
430.2,,1402.941
430.3,,1402.941
430.4,,1402.941
430.5,,1402.941
430.6,,1402.941
430.7,,1402.941
430.8,,1402.941
430.9,,1402.941
431,,1402.941
431.1,,1402.941
431.2,,1402.941
431.3,,1402.941
431.4,,1402.941
431.5,,1402.941
431.6,,1402.941
431.7,,1402.941
431.8,,1402.941
431.9,,1402.941
432,,1402.941
432.1,,1402.941
432.2,,1402.941
432.3,,1402.941
432.4,,1402.941
432.5,,1402.941
432.6,,1402.941
432.7,,1402.941
432.8,,1402.941
432.9,,1402.941
433,,1402.941
433.1,,1402.941
433.2,,1402.941
433.3,,1402.941
433.4,,1402.941
433.5,,1402.941
433.6,,1402.941
433.7,,1402.941
433.8,,1402.941
433.9,,1402.941
434,,1402.941
434.1,,1402.941
434.2,,1402.941
434.3,,1402.941
434.4,,1402.941
434.5,,1402.941
434.6,,1402.941
434.7,,1402.941
434.8,,1402.941
434.9,,1402.941
435,,1402.941
435.1,,1402.941
435.2,,1402.941
435.3,,1402.941
435.4,,1402.941
435.5,,1402.941
435.6,,1402.941
435.7,,1402.941
435.8,,1402.941
435.9,,1402.941
436,,1402.941
436.1,,1402.941
436.2,,1402.941
436.3,,1402.941
436.4,,1402.941
436.5,,1402.941
436.6,,1402.941
436.7,,1402.941
436.8,,1402.941
436.9,,1402.941
437,,1402.941
437.1,,1402.941
437.2,,1402.941
437.3,,1402.941
437.4,,1402.941
437.5,,1402.941
437.6,,1402.941
437.7,,1402.941
437.8,,1402.941
437.9,,1402.941
438,,1402.941
438.1,,1402.941
438.2,,1402.941
438.3,,1402.941
438.4,,1402.941
438.5,,1402.941
438.6,,1402.941
438.7,,1402.941
438.8,,1402.941
438.9,,1402.941
439,,1402.941
439.1,,1402.941
439.2,,1402.941
439.3,,1402.941
439.4,,1402.941
439.5,,1402.941
439.6,,1402.941
439.7,,1402.941
439.8,,1402.941
439.9,,1402.941
440,,1402.941
440.1,,1402.941
440.2,,1402.941
440.3,,1402.941
440.4,,1402.941
440.5,,1400.001
440.6,,1400.001
440.7,,1400.001
440.8,,1400.001
440.9,,1400.001
441,,1400.001
441.1,,1400.001
441.2,,1400.001
441.3,,1402.941
441.4,,1402.941
441.5,,1402.941
441.6,,1402.941
441.7,,1402.941
441.8,,1402.941
441.9,,1402.941
442,,1402.941
442.1,,1402.941
442.2,,1402.941
442.3,,1402.941
442.4,,1402.941
442.5,,1402.941
442.6,,1402.941
442.7,,1402.941
442.8,,1402.941
442.9,,1402.941
443,,1402.941
443.1,,1402.941
443.2,,1402.941
443.3,,1402.941
443.4,,1402.941
443.5,,1402.941
443.6,,1402.941
443.7,,1402.941
443.8,,1402.941
443.9,,1402.941
444,,1402.941
444.1,,1402.941
444.2,,1402.941
444.3,,1402.941
444.4,,1402.941
444.5,,1402.941
444.6,,1402.941
444.7,,1402.941
444.8,,1402.941
444.9,,1402.941
445,,1402.941
445.1,,1402.941
445.2,,1402.941
445.3,,1402.941
445.4,,1402.941
445.5,,1402.941
445.6,,1402.941
445.7,,1402.941
445.8,,1402.941
445.9,,1402.941
446,,1402.941
446.1,,1402.941
446.2,,1402.941
446.3,,1402.941
446.4,,1402.941
446.5,,1402.941
446.6,,1402.941
446.7,,1402.941
446.8,,1402.941
446.9,,1402.941
447,,1402.941
447.1,,1402.941
447.2,,1402.941
447.3,,1402.941
447.4,,1402.941
447.5,,1402.941
447.6,,1402.941
447.7,,1402.941
447.8,,1402.941
447.9,,1402.941
448,,1402.941
448.1,,1402.941
448.2,,1402.941
448.3,,1402.941
448.4,,1402.941
448.5,,1402.941
448.6,,1402.941
448.7,,1402.941
448.8,,1402.941
448.9,,1402.941
449,,1402.941
449.1,,1402.941
449.2,,1402.941
449.3,,1402.941
449.4,,1402.941
449.5,,1402.941
449.6,,1402.941
449.7,,1402.941
449.8,,1402.941
449.9,,1402.941
450,,1402.941
450.1,,1402.941
450.2,,1402.941
450.3,,1402.941
450.4,,1402.941
450.5,,1402.941
450.6,,1402.941
450.7,,1402.941
450.8,,1402.941
450.9,,1402.941
451,,1402.941
451.1,,1402.941
451.2,,1402.941
451.3,,1402.941
451.4,,1402.941
451.5,,1402.941
451.6,,1402.941
451.7,,1402.941
451.8,,1402.941
451.9,,1402.941
452,,1402.941
452.1,,1402.941
452.2,,1402.941
452.3,,1402.941
452.4,,1402.941
452.5,,1402.941
452.6,,1402.941
452.7,,1402.941
452.8,,1402.941
452.9,,1402.941
453,,1402.941
453.1,,1402.941
453.2,,1402.941
453.3,,1402.941
453.4,,1402.941
453.5,,1402.941
453.6,,1402.941
453.7,,1402.941
453.8,,1402.941
453.9,,1402.941
454,,1402.941
454.1,,1402.941
454.2,,1402.941
454.3,,1402.941
454.4,,1402.941
454.5,,1402.941
454.6,,1402.941
454.7,,1402.941
454.8,,1402.941
454.9,,1402.941
455,,1402.941
455.1,,1402.941
455.2,,1402.941
455.3,,1402.941
455.4,,1402.941
455.5,,1402.941
455.6,,1402.941
455.7,,1402.941
455.8,,1402.941
455.9,,1402.941
456,,1402.941
456.1,,1402.941
456.2,,1402.941
456.3,,1402.941
456.4,,1402.941
456.5,,1402.941
456.6,,1402.941
456.7,,1402.941
456.8,,1402.941
456.9,,1402.941
457,,1402.941
457.1,,1402.941
457.2,,1402.941
457.3,,1402.941
457.4,,1402.941
457.5,,1402.941
457.6,,1402.941
457.7,,1402.941
457.8,,1402.941
457.9,,1402.941
458,,1402.941
458.1,,1402.941
458.2,,1402.941
458.3,,1402.941
458.4,,1402.941
458.5,,1402.941
458.6,,1402.941
458.7,,1402.941
458.8,,1402.941
458.9,,1402.941
459,,1402.941
459.1,,1402.941
459.2,,1400.001
459.3,,1400.001
459.4,,1402.941
459.5,,1402.941
459.6,,1402.941
459.7,,1402.941
459.8,,1402.941
459.9,,1402.941
460,,1402.941
460.1,,1402.941
460.2,,1402.941
460.3,,1402.941
460.4,,1400.001
460.5,,1402.941
460.6,,1402.941
460.7,,1402.941
460.8,,1400.001
460.9,,1402.941
461,,1402.941
461.1,,1402.941
461.2,,1402.941
461.3,,1400.001
461.4,,1400.001
461.5,,1400.001
461.6,,1400.001
461.7,,1400.001
461.8,,1400.001
461.9,,1400.001
462,,1402.941
462.1,,1402.941
462.2,,1402.941
462.3,,1400.001
462.4,,1402.941
462.5,,1402.941
462.6,,1402.941
462.7,,1400.001
462.8,,1400.001
462.9,,1400.001
463,,1400.001
463.1,,1402.941
463.2,,1402.941
463.3,,1400.001
463.4,,1400.001
463.5,,1400.001
463.6,,1400.001
463.7,,1402.941
463.8,,1402.941
463.9,,1400.001
464,,1402.941
464.1,,1400.001
464.2,,1400.001
464.3,,1400.001
464.4,,1402.941
464.5,,1402.941
464.6,,1402.941
464.7,,1402.941
464.8,,1402.941
464.9,,1400.001
465,,1402.941
465.1,,1402.941
465.2,,1402.941
465.3,,1402.941
465.4,,1402.941
465.5,,1402.941
465.6,,1402.941
465.7,,1402.941
465.8,,1402.941
465.9,,1402.941
466,,1402.941
466.1,,1402.941
466.2,,1402.941
466.3,,1402.941
466.4,,1402.941
466.5,,1402.941
466.6,,1402.941
466.7,,1400.001
466.8,,1400.001
466.9,,1402.941
467,,1402.941
467.1,,1402.941
467.2,,1402.941
467.3,,1400.001
467.4,,1400.001
467.5,,1402.941
467.6,,1402.941
467.7,,1402.941
467.8,,1400.001
467.9,,1402.941
468,,1400.001
468.1,,1400.001
468.2,,1402.941
468.3,,1402.941
468.4,,1400.001
468.5,,1402.941
468.6,,1402.941
468.7,,1400.001
468.8,,1400.001
468.9,,1402.941
469,,1402.941
469.1,,1402.941
469.2,,1402.941
469.3,,1402.941
469.4,,1402.941
469.5,,1402.941
469.6,,1402.941
469.7,,1402.941
469.8,,1402.941
469.9,,1402.941
470,,1402.941
470.1,,1402.941
470.2,,1402.941
470.3,,1402.941
470.4,,1400.001
470.5,,1397.058
470.6,,1397.058
470.7,,1385.295
470.8,,1367.646
470.9,,1367.646
471,,1367.646
471.1,,1367.646
471.2,,1367.646
471.3,,1367.646
471.4,,1200
471.5,,1200
471.6,,1200
471.7,,1200
471.8,,1200
471.9,,1200
472,,1200
472.1,,1200
472.2,,1200
472.3,,1200
472.4,,1200
472.5,,1200
472.6,,1200
472.7,,1200
472.8,,1200
472.9,,1200
473,,1200
473.1,,1200
473.2,,1200
473.3,,1200
473.4,,1200
473.5,,1200
473.6,,1200
473.7,,1200
473.8,,1200
473.9,,1200
474,,1200
474.1,,1200
474.2,,1200
474.3,,1200
474.4,,1200
474.5,,1200
474.6,,1200
474.7,,1200
474.8,,1200
474.9,,1200
475,,1200
475.1,,1200
475.2,,1200
475.3,,1200
475.4,,1200
475.5,,1200
475.6,,1200
475.7,,1200
475.8,,1200
475.9,,1200
476,,1200
476.1,,1200
476.2,,1200
476.3,,1200
476.4,,1200
476.5,,1200
476.6,,1200
476.7,,1200
476.8,,1200
476.9,,1200
477,,1200
477.1,,1200
477.2,,1200
477.3,,1200
477.4,,1200
477.5,,1200
477.6,,1200
477.7,,1200
477.8,,1200
477.9,,1200
478,,1200
478.1,,1200
478.2,,1200
478.3,,1200
478.4,,1200
478.5,,1200
478.6,,1200
478.7,,1200
478.8,,1200
478.9,,1200
479,,1200
479.1,,1200
479.2,,1200
479.3,,1200
479.4,,1200
479.5,,1200
479.6,,1200
479.7,,1200
479.8,,1200
479.9,,1200
480,,1200
480.1,,1200
480.2,,1200
480.3,,1200
480.4,,1200
480.5,,1200
480.6,,1200
480.7,,1200
480.8,,1200
480.9,,1200
481,,1200
481.1,,1200
481.2,,1200
481.3,,1200
481.4,,1200
481.5,,1200
481.6,,1200
481.7,,1200
481.8,,1200
481.9,,1200
482,,1200
482.1,,1200
482.2,,1200
482.3,,1200
482.4,,1200
482.5,,1200
482.6,,1200
482.7,,1200
482.8,,1200
482.9,,1200
483,,1200
483.1,,1200
483.2,,1200
483.3,,1200
483.4,,1200
483.5,,1200
483.6,,1200
483.7,,1200
483.8,,1200
483.9,,1200
484,,1200
484.1,,1200
484.2,,1200
484.3,,1200
484.4,,1200
484.5,,1200
484.6,,1200
484.7,,1200
484.8,,1200
484.9,,1200
485,,1200
485.1,,1200
485.2,,1200
485.3,,1200
485.4,,1200
485.5,,1200
485.6,,1200
485.7,,1200
485.8,,1200
485.9,,1200
486,,1200
486.1,,1200
486.2,,1200
486.3,,1200
486.4,,1200
486.5,,1200
486.6,,1200
486.7,,1200
486.8,,1200
486.9,,1200
487,,1200
487.1,,1200
487.2,,1200
487.3,,1200
487.4,,1200
487.5,,1200
487.6,,1200
487.7,,1200
487.8,,1200
487.9,,1200
488,,1200
488.1,,1200
488.2,,1200
488.3,,1200
488.4,,1200
488.5,,1200
488.6,,1200
488.7,,1200
488.8,,1200
488.9,,1200
489,,1200
489.1,,1200
489.2,,1200
489.3,,1200
489.4,,1200
489.5,,1200
489.6,,1200
489.7,,1200
489.8,,1200
489.9,,1200
490,,1200
490.1,,1200
490.2,,1200
490.3,,1200
490.4,,1200
490.5,,1200
490.6,,1200
490.7,,1200
490.8,,1200
490.9,,1200
491,,1200
491.1,,1200
491.2,,1200
491.3,,1200
491.4,,1200
491.5,,1200
491.6,,1200
491.7,,1200
491.8,,1200
491.9,,1200
492,,1200
492.1,,1200
492.2,,1200
492.3,,1200
492.4,,1200
492.5,,1200
492.6,,1200
492.7,,1200
492.8,,1200
492.9,,1200
493,,1200
493.1,,1200
493.2,,1200
493.3,,1200
493.4,,1200
493.5,,1200
493.6,,1200
493.7,,1200
493.8,,1200
493.9,,1200
494,,1200
494.1,,1200
494.2,,1200
494.3,,1200
494.4,,1200
494.5,,1200
494.6,,1200
494.7,,1200
494.8,,1200
494.9,,1200
495,,1200
495.1,,1200
495.2,,1200
495.3,,1200
495.4,,1200
495.5,,1200
495.6,,1200
495.7,,1200
495.8,,1200
495.9,,1200
496,,1200
496.1,,1200
496.2,,1200
496.3,,1200
496.4,,1200
496.5,,1200
496.6,,1200
496.7,,1200
496.8,,1200
496.9,,1200
497,,1200
497.1,,1200
497.2,,1200
497.3,,1200
497.4,,1200
497.5,,1200
497.6,,1200
497.7,,1200
497.8,,1200
497.9,,1200
498,,1200
498.1,,1200
498.2,,1200
498.3,,1200
498.4,,1200
498.5,,1200
498.6,,1200
498.7,,1200
498.8,,1200
498.9,,1200
499,,1200
499.1,,1200
499.2,,1200
499.3,,1200
499.4,,1200
499.5,,1200
499.6,,1200
499.7,,1200
499.8,,1200
499.9,,1200
500,,1200
500.1,,1200
500.2,,1200
500.3,,1200
500.4,,1205.883
500.5,,1208.823
500.6,,1214.706
500.7,,1220.589
500.8,,1226.472
500.9,,1232.352
501,,1235.295
501.1,,1241.175
501.2,,1247.058
501.3,,1258.824
501.4,,1264.7069999999999
501.5,,1267.647
501.6,,1270.587
501.7,,1276.47
501.8,,1279.413
501.9,,1285.2930000000001
502,,1288.236
502.1,,1294.119
502.2,,1302.942
502.3,,1305.882
502.4,,1311.765
502.5,,1314.705
502.6,,1329.411
502.7,,1335.2939999999999
502.8,,1338.234
502.9,,1341.177
503,,1344.117
503.1,,1344.117
503.2,,1347.06
503.3,,1350
503.4,,1350
503.5,,1350
503.6,,1350
503.7,,1352.94
503.8,,1355.883
503.9,,1355.883
504,,1355.883
504.1,,1358.823
504.2,,1358.823
504.3,,1358.823
504.4,,1358.823
504.5,,1358.823
504.6,,1358.823
504.7,,1358.823
504.8,,1358.823
504.9,,1355.883
505,,1355.883
505.1,,1352.94
505.2,,1352.94
505.3,,1350
505.4,,1347.06
505.5,,1347.06
505.6,,1347.06
505.7,,1344.117
505.8,,1344.117
505.9,,1344.117
506,,1344.117
506.1,,1341.177
506.2,,1338.234
506.3,,1335.2939999999999
506.4,,1332.354
506.5,,1329.411
506.6,,1329.411
506.7,,1326.471
506.8,,1323.528
506.9,,1323.528
507,,1320.588
507.1,,1317.648
507.2,,1317.648
507.3,,1317.648
507.4,,1317.648
507.5,,1317.648
507.6,,1311.765
507.7,,1308.825
507.8,,1308.825
507.9,,1308.825
508,,1311.765
508.1,,1314.705
508.2,,1314.705
508.3,,1314.705
508.4,,1314.705
508.5,,1314.705
508.6,,1314.705
508.7,,1314.705
508.8,,1314.705
508.9,,1314.705
509,,1308.825
509.1,,1302.942
509.2,,1299.999
509.3,,1299.999
509.4,,1299.999
509.5,,1308.825
509.6,,1311.765
509.7,,1311.765
509.8,,1311.765
509.9,,1311.765
510,,1308.825
510.1,,1305.882
510.2,,1302.942
510.3,,1299.999
510.4,,1299.999
510.5,,1299.999
510.6,,1299.999
510.7,,1299.999
510.8,,1299.999
510.9,,1305.882
511,,1311.765
511.1,,1314.705
511.2,,1317.648
511.3,,1317.648
511.4,,1320.588
511.5,,1320.588
511.6,,1320.588
511.7,,1323.528
511.8,,1323.528
511.9,,1323.528
512,,1326.471
512.1,,1329.411
512.2,,1332.354
512.3,,1332.354
512.4,,1335.2939999999999
512.5,,1338.234
512.6,,1341.177
512.7,,1341.177
512.8,,1344.117
512.9,,1344.117
513,,1344.117
513.1,,1347.06
513.2,,1350
513.3,,1350
513.4,,1350
513.5,,1350
513.6,,1350
513.7,,1350
513.8,,1350
513.9,,1350
514,,1350
514.1,,1350
514.2,,1350
514.3,,1350
514.4,,1352.94
514.5,,1355.883
514.6,,1358.823
514.7,,1358.823
514.8,,1358.823
514.9,,1358.823
515,,1358.823
515.1,,1358.823
515.2,,1358.823
515.3,,1358.823
515.4,,1358.823
515.5,,1358.823
515.6,,1358.823
515.7,,1358.823
515.8,,1358.823
515.9,,1355.883
516,,1355.883
516.1,,1355.883
516.2,,1352.94
516.3,,1352.94
516.4,,1352.94
516.5,,1352.94
516.6,,1352.94
516.7,,1352.94
516.8,,1350
516.9,,1350
517,,1350
517.1,,1350
517.2,,1350
517.3,,1350
517.4,,1350
517.5,,1350
517.6,,1350
517.7,,1350
517.8,,1350
517.9,,1350
518,,1341.177
518.1,,1335.2939999999999
518.2,,1332.354
518.3,,1332.354
518.4,,1335.2939999999999
518.5,,1338.234
518.6,,1338.234
518.7,,1338.234
518.8,,1338.234
518.9,,1335.2939999999999
519,,1332.354
519.1,,1332.354
519.2,,1332.354
519.3,,1332.354
519.4,,1332.354
519.5,,1332.354
519.6,,1332.354
519.7,,1332.354
519.8,,1332.354
519.9,,1335.2939999999999
520,,1335.2939999999999
520.1,,1338.234
520.2,,1341.177
520.3,,1341.177
520.4,,1344.117
520.5,,1344.117
520.6,,1347.06
520.7,,1347.06
520.8,,1350
520.9,,1350
521,,1352.94
521.1,,1352.94
521.2,,1352.94
521.3,,1352.94
521.4,,1352.94
521.5,,1355.883
521.6,,1355.883
521.7,,1355.883
521.8,,1358.823
521.9,,1358.823
522,,1358.823
522.1,,1358.823
522.2,,1355.883
522.3,,1355.883
522.4,,1355.883
522.5,,1355.883
522.6,,1355.883
522.7,,1355.883
522.8,,1358.823
522.9,,1358.823
523,,1361.766
523.1,,1367.646
523.2,,1367.646
523.3,,1367.646
523.4,,1367.646
523.5,,1367.646
523.6,,1370.589
523.7,,1370.589
523.8,,1367.646
523.9,,1364.706
524,,1361.766
524.1,,1361.766
524.2,,1358.823
524.3,,1358.823
524.4,,1358.823
524.5,,1358.823
524.6,,1361.766
524.7,,1367.646
524.8,,1370.589
524.9,,1376.472
525,,1376.472
525.1,,1376.472
525.2,,1376.472
525.3,,1376.472
525.4,,1373.529
525.5,,1373.529
525.6,,1373.529
525.7,,1373.529
525.8,,1373.529
525.9,,1373.529
526,,1373.529
526.1,,1370.589
526.2,,1367.646
526.3,,1367.646
526.4,,1358.823
526.5,,1344.117
526.6,,1338.234
526.7,,1332.354
526.8,,1326.471
526.9,,1323.528
527,,1323.528
527.1,,1314.705
527.2,,1308.825
527.3,,1305.882
527.4,,1302.942
527.5,,1299.999
527.6,,1297.059
527.7,,1291.176
527.8,,1285.2930000000001
527.9,,1279.413
528,,1276.47
528.1,,1273.53
528.2,,1267.647
528.3,,1264.7069999999999
528.4,,1261.764
528.5,,1258.824
528.6,,1255.881
528.7,,1255.881
528.8,,1250.001
528.9,,1244.118
529,,1241.175
529.1,,1235.295
529.2,,1223.529
529.3,,1214.706
529.4,,1211.766
529.5,,1205.883
529.6,,1200
529.7,,1200
529.8,,1200
529.9,,1200
530,,1200
530.1,,1200
530.2,,1200
530.3,,1200
530.4,,1200
530.5,,1200
530.6,,1200
530.7,,1200
530.8,,1200
530.9,,1200
531,,1200
531.1,,1200
531.2,,1200
531.3,,1200
531.4,,1200
531.5,,1200
531.6,,1200
531.7,,1200
531.8,,1200
531.9,,1200
532,,1200
532.1,,1200
532.2,,1200
532.3,,1200
532.4,,1200
532.5,,1200
532.6,,1200
532.7,,1200
532.8,,1200
532.9,,1200
533,,1200
533.1,,1200
533.2,,1200
533.3,,1200
533.4,,1200
533.5,,1200
533.6,,1200
533.7,,1200
533.8,,1200
533.9,,1200
534,,1200
534.1,,1200
534.2,,1200
534.3,,1200
534.4,,1200
534.5,,1200
534.6,,1200
534.7,,1200
534.8,,1200
534.9,,1200
535,,1200
535.1,,1200
535.2,,1200
535.3,,1200
535.4,,1200
535.5,,1200
535.6,,1200
535.7,,1200
535.8,,1200
535.9,,1200
536,,1200
536.1,,1200
536.2,,1200
536.3,,1200
536.4,,1200
536.5,,1200
536.6,,1200
536.7,,1200
536.8,,1200
536.9,,1200
537,,1200
537.1,,1200
537.2,,1200
537.3,,1200
537.4,,1200
537.5,,1200
537.6,,1200
537.7,,1200
537.8,,1200
537.9,,1200
538,,1200
538.1,,1200
538.2,,1200
538.3,,1200
538.4,,1200
538.5,,1200
538.6,,1200
538.7,,1200
538.8,,1200
538.9,,1200
539,,1200
539.1,,1200
539.2,,1200
539.3,,1200
539.4,,1200
539.5,,1200
539.6,,1200
539.7,,1200
539.8,,1200
539.9,,1200
540,,1200
540.1,,1200
540.2,,1200
540.3,,1200
540.4,,1200
540.5,,1200
540.6,,1200
540.7,,1500
540.8,,1500
540.9,,1500
541,,1500
541.1,,1500
541.2,,1500
541.3,,1500
541.4,,1500
541.5,,1500
541.6,,1500
541.7,,1500
541.8,,1500
541.9,,1500
542,,1500
542.1,,1500
542.2,,1500
542.3,,1500
542.4,,1500
542.5,,1500
542.6,,1500
542.7,,1500
542.8,,1500
542.9,,1500
543,,1500
543.1,,1500
543.2,,1500
543.3,,1500
543.4,,1500
543.5,,1500
543.6,,1500
543.7,,1500
543.8,,1500
543.9,,1500
544,,1500
544.1,,1500
544.2,,1500
544.3,,1500
544.4,,1500
544.5,,1500
544.6,,1500
544.7,,1500
544.8,,1500
544.9,,1500
545,,1500
545.1,,1200
545.2,,1200
545.3,,1200
545.4,,1200
545.5,,1200
545.6,,1200
545.7,,1200
545.8,,1200
545.9,,1200
546,,1200
546.1,,1200
546.2,,1200
546.3,,1200
546.4,,1200
546.5,,1200
546.6,,1200
546.7,,1200
546.8,,1200
546.9,,1200
547,,1200
547.1,,1200
547.2,,1200
547.3,,1200
547.4,,1205.883
547.5,,1211.766
547.6,,1223.529
547.7,,1241.175
547.8,,1247.058
547.9,,1255.881
548,,1261.764
548.1,,1270.587
548.2,,1285.2930000000001
548.3,,1294.119
548.4,,1302.942
548.5,,1311.765
548.6,,1317.648
548.7,,1323.528
548.8,,1329.411
548.9,,1338.234
549,,1344.117
549.1,,1352.94
549.2,,1361.766
549.3,,1370.589
549.4,,1376.472
549.5,,1382.352
549.6,,1388.2350000000001
549.7,,1394.118
549.8,,1400.001
549.9,,1405.8809999999999
550,,1408.824
550.1,,1414.7069999999999
550.2,,1417.647
550.3,,1423.53
550.4,,1426.47
550.5,,1432.353
550.6,,1435.2930000000001
550.7,,1438.236
550.8,,1438.236
550.9,,1438.236
551,,1441.176
551.1,,1441.176
551.2,,1444.1190000000001
551.3,,1444.1190000000001
551.4,,1444.1190000000001
551.5,,1444.1190000000001
551.6,,1444.1190000000001
551.7,,1444.1190000000001
551.8,,1444.1190000000001
551.9,,1444.1190000000001
552,,1444.1190000000001
552.1,,1444.1190000000001
552.2,,1441.176
552.3,,1441.176
552.4,,1441.176
552.5,,1438.236
552.6,,1438.236
552.7,,1438.236
552.8,,1435.2930000000001
552.9,,1432.353
553,,1429.413
553.1,,1426.47
553.2,,1420.587
553.3,,1411.764
553.4,,1405.8809999999999
553.5,,1405.8809999999999
553.6,,1405.8809999999999
553.7,,1402.941
553.8,,1400.001
553.9,,1400.001
554,,1400.001
554.1,,1400.001
554.2,,1400.001
554.3,,1400.001
554.4,,1397.058
554.5,,1394.118
554.6,,1394.118
554.7,,1391.175
554.8,,1391.175
554.9,,1391.175
555,,1391.175
555.1,,1394.118
555.2,,1394.118
555.3,,1397.058
555.4,,1397.058
555.5,,1400.001
555.6,,1400.001
555.7,,1400.001
555.8,,1397.058
555.9,,1394.118
556,,1391.175
556.1,,1391.175
556.2,,1385.295
556.3,,1385.295
556.4,,1385.295
556.5,,1385.295
556.6,,1388.2350000000001
556.7,,1388.2350000000001
556.8,,1388.2350000000001
556.9,,1391.175
557,,1391.175
557.1,,1394.118
557.2,,1394.118
557.3,,1394.118
557.4,,1394.118
557.5,,1394.118
557.6,,1394.118
557.7,,1394.118
557.8,,1391.175
557.9,,1388.2350000000001
558,,1388.2350000000001
558.1,,1388.2350000000001
558.2,,1391.175
558.3,,1391.175
558.4,,1394.118
558.5,,1394.118
558.6,,1394.118
558.7,,1397.058
558.8,,1397.058
558.9,,1397.058
559,,1397.058
559.1,,1400.001
559.2,,1400.001
559.3,,1400.001
559.4,,1402.941
559.5,,1405.8809999999999
559.6,,1405.8809999999999
559.7,,1405.8809999999999
559.8,,1405.8809999999999
559.9,,1408.824
560,,1408.824
560.1,,1411.764
560.2,,1411.764
560.3,,1414.7069999999999
560.4,,1414.7069999999999
560.5,,1414.7069999999999
560.6,,1411.764
560.7,,1408.824
560.8,,1405.8809999999999
560.9,,1402.941
561,,1402.941
561.1,,1402.941
561.2,,1400.001
561.3,,1400.001
561.4,,1400.001
561.5,,1405.8809999999999
561.6,,1408.824
561.7,,1411.764
561.8,,1411.764
561.9,,1411.764
562,,1411.764
562.1,,1408.824
562.2,,1405.8809999999999
562.3,,1405.8809999999999
562.4,,1402.941
562.5,,1400.001
562.6,,1397.058
562.7,,1397.058
562.8,,1397.058
562.9,,1400.001
563,,1400.001
563.1,,1400.001
563.2,,1402.941
563.3,,1408.824
563.4,,1408.824
563.5,,1408.824
563.6,,1408.824
563.7,,1408.824
563.8,,1408.824
563.9,,1408.824
564,,1408.824
564.1,,1408.824
564.2,,1408.824
564.3,,1411.764
564.4,,1414.7069999999999
564.5,,1414.7069999999999
564.6,,1414.7069999999999
564.7,,1411.764
564.8,,1408.824
564.9,,1408.824
565,,1408.824
565.1,,1408.824
565.2,,1408.824
565.3,,1408.824
565.4,,1408.824
565.5,,1408.824
565.6,,1408.824
565.7,,1408.824
565.8,,1408.824
565.9,,1408.824
566,,1408.824
566.1,,1408.824
566.2,,1414.7069999999999
566.3,,1417.647
566.4,,1417.647
566.5,,1417.647
566.6,,1417.647
566.7,,1420.587
566.8,,1420.587
566.9,,1420.587
567,,1420.587
567.1,,1420.587
567.2,,1420.587
567.3,,1420.587
567.4,,1423.53
567.5,,1423.53
567.6,,1426.47
567.7,,1429.413
567.8,,1429.413
567.9,,1429.413
568,,1429.413
568.1,,1429.413
568.2,,1429.413
568.3,,1429.413
568.4,,1423.53
568.5,,1423.53
568.6,,1423.53
568.7,,1423.53
568.8,,1423.53
568.9,,1423.53
569,,1426.47
569.1,,1426.47
569.2,,1426.47
569.3,,1426.47
569.4,,1429.413
569.5,,1429.413
569.6,,1429.413
569.7,,1432.353
569.8,,1435.2930000000001
569.9,,1438.236
570,,1438.236
570.1,,1441.176
570.2,,1444.1190000000001
570.3,,1444.1190000000001
570.4,,1447.059
570.5,,1447.059
570.6,,1447.059
570.7,,1449.999
570.8,,1449.999
570.9,,1449.999
571,,1449.999
571.1,,1449.999
571.2,,1449.999
571.3,,1452.942
571.4,,1452.942
571.5,,1452.942
571.6,,1452.942
571.7,,1452.942
571.8,,1452.942
571.9,,1452.942
572,,1452.942
572.1,,1452.942
572.2,,1452.942
572.3,,1452.942
572.4,,1452.942
572.5,,1452.942
572.6,,1452.942
572.7,,1452.942
572.8,,1449.999
572.9,,1449.999
573,,1447.059
573.1,,1447.059
573.2,,1444.1190000000001
573.3,,1441.176
573.4,,1441.176
573.5,,1438.236
573.6,,1438.236
573.7,,1435.2930000000001
573.8,,1432.353
573.9,,1429.413
574,,1429.413
574.1,,1429.413
574.2,,1426.47
574.3,,1423.53
574.4,,1423.53
574.5,,1420.587
574.6,,1420.587
574.7,,1420.587
574.8,,1417.647
574.9,,1414.7069999999999
575,,1414.7069999999999
575.1,,1414.7069999999999
575.2,,1414.7069999999999
575.3,,1414.7069999999999
575.4,,1414.7069999999999
575.5,,1414.7069999999999
575.6,,1414.7069999999999
575.7,,1414.7069999999999
575.8,,1414.7069999999999
575.9,,1414.7069999999999
576,,1414.7069999999999
576.1,,1414.7069999999999
576.2,,1411.764
576.3,,1411.764
576.4,,1411.764
576.5,,1411.764
576.6,,1408.824
576.7,,1405.8809999999999
576.8,,1402.941
576.9,,1400.001
577,,1400.001
577.1,,1397.058
577.2,,1397.058
577.3,,1397.058
577.4,,1397.058
577.5,,1397.058
577.6,,1397.058
577.7,,1394.118
577.8,,1394.118
577.9,,1394.118
578,,1397.058
578.1,,1402.941
578.2,,1402.941
578.3,,1402.941
578.4,,1402.941
578.5,,1405.8809999999999
578.6,,1408.824
578.7,,1408.824
578.8,,1408.824
578.9,,1408.824
579,,1408.824
579.1,,1408.824
579.2,,1408.824
579.3,,1408.824
579.4,,1408.824
579.5,,1408.824
579.6,,1411.764
579.7,,1411.764
579.8,,1414.7069999999999
579.9,,1414.7069999999999
580,,1411.764
580.1,,1408.824
580.2,,1408.824
580.3,,1408.824
580.4,,1411.764
580.5,,1414.7069999999999
580.6,,1414.7069999999999
580.7,,1414.7069999999999
580.8,,1414.7069999999999
580.9,,1414.7069999999999
581,,1414.7069999999999
581.1,,1417.647
581.2,,1420.587
581.3,,1420.587
581.4,,1420.587
581.5,,1417.647
581.6,,1417.647
581.7,,1420.587
581.8,,1423.53
581.9,,1423.53
582,,1423.53
582.1,,1426.47
582.2,,1426.47
582.3,,1426.47
582.4,,1426.47
582.5,,1426.47
582.6,,1429.413
582.7,,1429.413
582.8,,1432.353
582.9,,1432.353
583,,1435.2930000000001
583.1,,1435.2930000000001
583.2,,1435.2930000000001
583.3,,1435.2930000000001
583.4,,1432.353
583.5,,1432.353
583.6,,1432.353
583.7,,1432.353
583.8,,1429.413
583.9,,1429.413
584,,1429.413
584.1,,1429.413
584.2,,1429.413
584.3,,1429.413
584.4,,1429.413
584.5,,1429.413
584.6,,1429.413
584.7,,1429.413
584.8,,1429.413
584.9,,1429.413
585,,1429.413
585.1,,1429.413
585.2,,1432.353
585.3,,1432.353
585.4,,1432.353
585.5,,1432.353
585.6,,1429.413
585.7,,1429.413
585.8,,1429.413
585.9,,1429.413
586,,1429.413
586.1,,1432.353
586.2,,1432.353
586.3,,1432.353
586.4,,1432.353
586.5,,1432.353
586.6,,1429.413
586.7,,1429.413
586.8,,1429.413
586.9,,1429.413
587,,1429.413
587.1,,1429.413
587.2,,1429.413
587.3,,1426.47
587.4,,1426.47
587.5,,1426.47
587.6,,1423.53
587.7,,1423.53
587.8,,1423.53
587.9,,1426.47
588,,1426.47
588.1,,1426.47
588.2,,1426.47
588.3,,1423.53
588.4,,1423.53
588.5,,1423.53
588.6,,1423.53
588.7,,1423.53
588.8,,1423.53
588.9,,1423.53
589,,1423.53
589.1,,1423.53
589.2,,1423.53
589.3,,1423.53
589.4,,1420.587
589.5,,1417.647
589.6,,1414.7069999999999
589.7,,1414.7069999999999
589.8,,1414.7069999999999
589.9,,1414.7069999999999
590,,1414.7069999999999
590.1,,1414.7069999999999
590.2,,1411.764
590.3,,1411.764
590.4,,1411.764
590.5,,1411.764
590.6,,1414.7069999999999
590.7,,1417.647
590.8,,1417.647
590.9,,1414.7069999999999
591,,1414.7069999999999
591.1,,1411.764
591.2,,1408.824
591.3,,1408.824
591.4,,1408.824
591.5,,1411.764
591.6,,1411.764
591.7,,1411.764
591.8,,1411.764
591.9,,1411.764
592,,1408.824
592.1,,1408.824
592.2,,1408.824
592.3,,1408.824
592.4,,1408.824
592.5,,1411.764
592.6,,1411.764
592.7,,1411.764
592.8,,1411.764
592.9,,1411.764
593,,1411.764
593.1,,1411.764
593.2,,1411.764
593.3,,1411.764
593.4,,1414.7069999999999
593.5,,1414.7069999999999
593.6,,1417.647
593.7,,1417.647
593.8,,1417.647
593.9,,1417.647
594,,1417.647
594.1,,1417.647
594.2,,1417.647
594.3,,1417.647
594.4,,1417.647
594.5,,1420.587
594.6,,1420.587
594.7,,1417.647
594.8,,1414.7069999999999
594.9,,1411.764
595,,1411.764
595.1,,1411.764
595.2,,1411.764
595.3,,1411.764
595.4,,1411.764
595.5,,1411.764
595.6,,1411.764
595.7,,1411.764
595.8,,1414.7069999999999
595.9,,1417.647
596,,1417.647
596.1,,1414.7069999999999
596.2,,1405.8809999999999
596.3,,1402.941
596.4,,1397.058
596.5,,1391.175
596.6,,1385.295
596.7,,1379.412
596.8,,1376.472
596.9,,1373.529
597,,1373.529
597.1,,1367.646
597.2,,1361.766
597.3,,1355.883
597.4,,1352.94
597.5,,1350
597.6,,1347.06
597.7,,1344.117
597.8,,1338.234
597.9,,1335.2939999999999
598,,1332.354
598.1,,1332.354
598.2,,1332.354
598.3,,1332.354
598.4,,1332.354
598.5,,1332.354
598.6,,1332.354
598.7,,1329.411
598.8,,1326.471
598.9,,1323.528
599,,1320.588
599.1,,1317.648
599.2,,1317.648
599.3,,1314.705
599.4,,1314.705
599.5,,1314.705
599.6,,1314.705
599.7,,1314.705
599.8,,1314.705
599.9,,1314.705
600,,1314.705
600.1,,1314.705
600.2,,1314.705
600.3,,1314.705
600.4,,1317.648
600.5,,1320.588
600.6,,1323.528
600.7,,1323.528
600.8,,1323.528
600.9,,1323.528
601,,1323.528
601.1,,1323.528
601.2,,1329.411
601.3,,1329.411
601.4,,1332.354
601.5,,1332.354
601.6,,1332.354
601.7,,1329.411
601.8,,1329.411
601.9,,1326.471
602,,1326.471
602.1,,1329.411
602.2,,1338.234
602.3,,1341.177
602.4,,1344.117
602.5,,1344.117
602.6,,1344.117
602.7,,1344.117
602.8,,1338.234
602.9,,1335.2939999999999
603,,1332.354
603.1,,1332.354
603.2,,1332.354
603.3,,1335.2939999999999
603.4,,1338.234
603.5,,1341.177
603.6,,1341.177
603.7,,1341.177
603.8,,1338.234
603.9,,1338.234
604,,1338.234
604.1,,1338.234
604.2,,1338.234
604.3,,1338.234
604.4,,1341.177
604.5,,1338.234
604.6,,1338.234
604.7,,1335.2939999999999
604.8,,1335.2939999999999
604.9,,1335.2939999999999
605,,1335.2939999999999
605.1,,1338.234
605.2,,1341.177
605.3,,1344.117
605.4,,1344.117
605.5,,1347.06
605.6,,1347.06
605.7,,1347.06
605.8,,1350
605.9,,1350
606,,1350
606.1,,1350
606.2,,1352.94
606.3,,1352.94
606.4,,1352.94
606.5,,1352.94
606.6,,1352.94
606.7,,1352.94
606.8,,1352.94
606.9,,1352.94
607,,1352.94
607.1,,1355.883
607.2,,1358.823
607.3,,1361.766
607.4,,1364.706
607.5,,1364.706
607.6,,1364.706
607.7,,1364.706
607.8,,1364.706
607.9,,1364.706
608,,1364.706
608.1,,1364.706
608.2,,1364.706
608.3,,1364.706
608.4,,1364.706
608.5,,1364.706
608.6,,1364.706
608.7,,1364.706
608.8,,1367.646
608.9,,1367.646
609,,1370.589
609.1,,1370.589
609.2,,1370.589
609.3,,1370.589
609.4,,1370.589
609.5,,1370.589
609.6,,1370.589
609.7,,1370.589
609.8,,1370.589
609.9,,1373.529
610,,1376.472
610.1,,1379.412
610.2,,1379.412
610.3,,1379.412
610.4,,1379.412
610.5,,1379.412
610.6,,1379.412
610.7,,1382.352
610.8,,1385.295
610.9,,1385.295
611,,1388.2350000000001
611.1,,1388.2350000000001
611.2,,1388.2350000000001
611.3,,1388.2350000000001
611.4,,1391.175
611.5,,1394.118
611.6,,1397.058
611.7,,1397.058
611.8,,1397.058
611.9,,1397.058
612,,1397.058
612.1,,1397.058
612.2,,1397.058
612.3,,1397.058
612.4,,1397.058
612.5,,1397.058
612.6,,1394.118
612.7,,1391.175
612.8,,1391.175
612.9,,1391.175
613,,1391.175
613.1,,1391.175
613.2,,1391.175
613.3,,1391.175
613.4,,1394.118
613.5,,1394.118
613.6,,1394.118
613.7,,1394.118
613.8,,1397.058
613.9,,1397.058
614,,1397.058
614.1,,1400.001
614.2,,1400.001
614.3,,1400.001
614.4,,1400.001
614.5,,1400.001
614.6,,1400.001
614.7,,1400.001
614.8,,1400.001
614.9,,1400.001
615,,1400.001
615.1,,1400.001
615.2,,1400.001
615.3,,1397.058
615.4,,1397.058
615.5,,1394.118
615.6,,1394.118
615.7,,1397.058
615.8,,1400.001
615.9,,1402.941
616,,1405.8809999999999
616.1,,1405.8809999999999
616.2,,1405.8809999999999
616.3,,1405.8809999999999
616.4,,1405.8809999999999
616.5,,1400.001
616.6,,1400.001
616.7,,1400.001
616.8,,1400.001
616.9,,1400.001
617,,1397.058
617.1,,1397.058
617.2,,1397.058
617.3,,1397.058
617.4,,1400.001
617.5,,1402.941
617.6,,1402.941
617.7,,1402.941
617.8,,1402.941
617.9,,1402.941
618,,1402.941
618.1,,1405.8809999999999
618.2,,1408.824
618.3,,1408.824
618.4,,1408.824
618.5,,1408.824
618.6,,1405.8809999999999
618.7,,1402.941
618.8,,1402.941
618.9,,1402.941
619,,1400.001
619.1,,1400.001
619.2,,1400.001
619.3,,1400.001
619.4,,1400.001
619.5,,1400.001
619.6,,1397.058
619.7,,1391.175
619.8,,1391.175
619.9,,1391.175
620,,1388.2350000000001
620.1,,1382.352
620.2,,1379.412
620.3,,1379.412
620.4,,1379.412
620.5,,1376.472
620.6,,1376.472
620.7,,1373.529
620.8,,1370.589
620.9,,1367.646
621,,1367.646
621.1,,1367.646
621.2,,1364.706
621.3,,1364.706
621.4,,1361.766
621.5,,1361.766
621.6,,1358.823
621.7,,1358.823
621.8,,1358.823
621.9,,1358.823
622,,1355.883
622.1,,1355.883
622.2,,1350
622.3,,1347.06
622.4,,1344.117
622.5,,1341.177
622.6,,1341.177
622.7,,1341.177
622.8,,1338.234
622.9,,1335.2939999999999
623,,1332.354
623.1,,1329.411
623.2,,1329.411
623.3,,1326.471
623.4,,1323.528
623.5,,1317.648
623.6,,1314.705
623.7,,1314.705
623.8,,1314.705
623.9,,1314.705
624,,1314.705
624.1,,1314.705
624.2,,1314.705
624.3,,1317.648
624.4,,1320.588
624.5,,1323.528
624.6,,1326.471
624.7,,1329.411
624.8,,1329.411
624.9,,1329.411
625,,1332.354
625.1,,1332.354
625.2,,1335.2939999999999
625.3,,1335.2939999999999
625.4,,1338.234
625.5,,1341.177
625.6,,1341.177
625.7,,1341.177
625.8,,1341.177
625.9,,1341.177
626,,1341.177
626.1,,1341.177
626.2,,1344.117
626.3,,1344.117
626.4,,1350
626.5,,1352.94
626.6,,1352.94
626.7,,1352.94
626.8,,1352.94
626.9,,1352.94
627,,1352.94
627.1,,1352.94
627.2,,1352.94
627.3,,1352.94
627.4,,1350
627.5,,1347.06
627.6,,1347.06
627.7,,1344.117
627.8,,1341.177
627.9,,1335.2939999999999
628,,1329.411
628.1,,1326.471
628.2,,1320.588
628.3,,1317.648
628.4,,1314.705
628.5,,1302.942
628.6,,1294.119
628.7,,1288.236
628.8,,1285.2930000000001
628.9,,1279.413
629,,1273.53
629.1,,1267.647
629.2,,1255.881
629.3,,1250.001
629.4,,1247.058
629.5,,1244.118
629.6,,1241.175
629.7,,1232.352
629.8,,1226.472
629.9,,1217.646
630,,1211.766
630.1,,1205.883
630.2,,1200
630.3,,1200
630.4,,1200
630.5,,1200
630.6,,1200
630.7,,1200
630.8,,1200
630.9,,1200
631,,1200
631.1,,1200
631.2,,1200
631.3,,1200
631.4,,1200
631.5,,1200
631.6,,1200
631.7,,1200
631.8,,1200
631.9,,1200
632,,1200
632.1,,1200
632.2,,1200
632.3,,1200
632.4,,1200
632.5,,1200
632.6,,1200
632.7,,1200
632.8,,1200
632.9,,1200
633,,1200
633.1,,1200
633.2,,1200
633.3,,1200
633.4,,1200
633.5,,1200
633.6,,1200
633.7,,1200
633.8,,1200
633.9,,1200
634,,1200
634.1,,1200
634.2,,1200
634.3,,1200
634.4,,1200
634.5,,1200
634.6,,1200
634.7,,1200
634.8,,1200
634.9,,1200
635,,1200
635.1,,1200
635.2,,1200
635.3,,1200
635.4,,1200
635.5,,1200
635.6,,1200
635.7,,1200
635.8,,1200
635.9,,1200
636,,1200
636.1,,1200
636.2,,1200
636.3,,1200
636.4,,1200
636.5,,1200
636.6,,1200
636.7,,1500
636.8,,1500
636.9,,1500
637,,1500
637.1,,1500
637.2,,1500
637.3,,1500
637.4,,1500
637.5,,1500
637.6,,1500
637.7,,1500
637.8,,1500
637.9,,1500
638,,1500
638.1,,1500
638.2,,1500
638.3,,1500
638.4,,1500
638.5,,1500
638.6,,1500
638.7,,1500
638.8,,1500
638.9,,1200
639,,1200
