Time (s),Powertrain 1 - ESC throttle (μs),Powertrain 1 - force Fz (thrust) (N),Powertrain 1 - torque MZ (torque) (N⋅m),Powertrain 1 - voltage (V),Powertrain 1 - current (A),Powertrain 1 - rotation speed (rpm),Powertrain 1 - electrical power (W),Powertrain 1 - mechanical power (W),Powertrain 1 - motor & ESC efficiency (%),Powertrain 1 - propeller efficiency (N/W),Powertrain 1 - powertrain efficiency (N/W)
0,1000,0.05196170508861542,-0.0037832672242075205,16.975576400756836,-0.04056955501437187,0,-0.6886915564537048,0,0,0,-0.07544989138841629
0.1,1000,0.0273897685110569,-0.0020156833343207836,16.97528648376465,-0.02598324604332447,0,-0.44107306003570557,0,0,0,-0.06209803372621536
0.2,1000,0.014170256443321705,-0.0011623589089140296,16.97515869140625,-0.012634665705263615,0,-0.21447545289993286,0,0,0,-0.06606936454772949
0.3,1000,0.006182217039167881,-0.0006582463392987847,16.975034713745117,-0.010263246484100819,0,-0.17421896755695343,0,0,0,-0.03548532724380493
0.4,1000,0.0026708925142884254,-0.00030268420232459903,16.97503662109375,-0.0062952409498393536,0,-0.10686194896697998,0,0,0,-0.024993859231472015
0.5,1000,0.001261695520952344,-0.00003077246583416127,16.97500991821289,-0.00883807148784399,14.532277031604588,-0.1500263512134552,-0.000046830045903334394,0.03121454792562872,-5,-0.008409826084971428
0.6,1000,0.0008184735779650509,0.0000288522587652551,16.975013732910156,-0.006007468793541193,61.68988609296165,-0.10197686403989792,0.00018638990877661854,-0.182776665315032,4.391190528869629,-0.008026070892810822
0.7,1000,-0.00001765580782375764,0.00010781260061776266,16.975038528442383,0.0005655299755744636,108.84749743104844,0.009599893353879452,0.0012289001606404781,12.801185250282288,-0.014367162249982357,-0.00183916708920151
0.8,1000,-0.0002828302385751158,0.0000963608908932656,16.975013732910156,-0.007046151906251907,156.00510876913523,-0.11960852891206741,0.00157423026394099,-1.3161521404981613,-0.1796625703573227,0.002364632673561573
0.9,1000,-0.00006598451000172645,0.00009880660945782438,16.975038528442383,-0.00919474195688963,203.16270189338422,-0.15608109533786774,0.0021021252032369375,-1.3468160293996334,-0.031389426440000534,0.0004227578465361148
1,1250,-0.0010095008183270693,0.0001057839035638608,16.975034713745117,-0.008577604778110981,250.320313231471,-0.14560513198375702,0.0027729645371437073,-1.9044414162635803,-0.36405113339424133,0.006933140102773905
1.1,1250,0.005953885614871979,0.00027082578162662685,16.9749698638916,-0.006217959802597761,297.4779245695578,-0.10554967820644379,0.008436714299023151,-7.993122190237045,0.7057113647460938,-0.05640837177634239
1.2,1250,0.028424354270100594,0.017957812175154686,16.97386360168457,0.061214618384838104,344.63553590764457,1.0390485525131226,0.6481001377105713,62.374383211135864,0.04385796934366226,0.027356136590242386
1.3,1250,0.06817296892404556,0.028575867414474487,16.972633361816406,0.21410015225410461,508.807674898823,3.633843421936035,1.5225855112075806,41.900140047073364,0.04477447643876076,0.018760569393634796
1.4,1250,0.14854511618614197,0.03574271872639656,16.97149658203125,0.4500308930873871,886.3369282894665,7.637697696685791,3.3175313472747803,43.43627393245697,0.04477579891681671,0.019448937848210335
1.5,1250,0.29047122597694397,0.04147832840681076,16.971345901489258,0.7470762729644775,1332.0784977260025,12.678890228271484,5.786016464233398,45.63504159450531,0.05020228028297424,0.022909831255674362
1.6,1250,0.500666618347168,0.0468776598572731,16.971210479736328,1.1083718538284302,1807.7563309487598,18.81041145324707,8.874306678771973,47.17763066291809,0.056417547166347504,0.02661646157503128
1.7,1250,0.7909801006317139,0.05216507986187935,16.97077178955078,1.5078344345092773,2293.907266609572,25.589113235473633,12.530960083007812,48.96988570690155,0.06312206387519836,0.030910804867744446
1.8,1250,1.130433201789856,0.05570844188332558,16.97162628173828,1.8825258016586304,2774.901500516214,31.94952392578125,16.188148498535156,50.667887926101685,0.06983090937137604,0.03538184612989426
1.9,1250,1.4283852577209473,0.048646651208400726,16.976091384887695,1.9014972448349,3149.7827897417515,32.279991149902344,16.04582977294922,49.70828294754028,0.08901909738779068,0.04424986615777016
2,1250,1.6022695302963257,0.04094018042087555,16.97774887084961,1.7967827320098877,3365.3638137349726,30.505325317382812,14.428141593933105,47.297123074531555,0.11105169355869293,0.052524253726005554
2.1,1250,1.6839815378189087,0.035833749920129776,16.977771759033203,1.7183091640472412,3467.6431098387325,29.17306137084961,13.012335777282715,44.603943824768066,0.12941423058509827,0.05772385373711586
2.2,1250,1.7137136459350586,0.03311581909656525,16.977458953857422,1.6552540063858032,3507.5829961802187,28.102006912231445,12.163878440856934,43.28473210334778,0.14088545739650726,0.06098189577460289
2.3,1250,1.7195508480072021,0.03179201856255531,16.9771728515625,1.6141679286956787,3518.3265376817308,27.404008865356445,11.713397026062012,42.74337291717529,0.14680206775665283,0.06274814903736115
2.4,1250,1.7212861776351929,0.031129971146583557,16.976966857910156,1.5970393419265747,3517.810430374207,27.112884521484375,11.467790603637695,42.29646325111389,0.15009744465351105,0.06348591297864914
2.5,1250,1.720258116722107,0.030848177149891853,16.976802825927734,1.5866502523422241,3514.1038415292624,26.936248779296875,11.352008819580078,42.143985629081726,0.15153777599334717,0.06386405974626541
2.6,1250,1.714165449142456,0.0307620819658041,16.976760864257812,1.5962387323379517,3510.171692517167,27.098962783813477,11.307659149169922,41.727274656295776,0.15159331262111664,0.06325575709342957
2.7,1250,1.70677649974823,0.030849918723106384,16.97679328918457,1.5995603799819946,3507.0240499262204,27.155405044555664,11.329777717590332,41.721996665000916,0.1506451964378357,0.06285218149423599
2.8,1250,1.7009731531143188,0.03090565837919712,16.976842880249023,1.5956529378890991,3504.947963839941,27.089149475097656,11.343528747558594,41.87480807304382,0.14995096623897552,0.06279167532920837
2.9,1250,1.698433756828308,0.030911501497030258,16.97686767578125,1.5873757600784302,3503.493771031051,26.948667526245117,11.34096622467041,42.08358824253082,0.14976093173027039,0.06302477419376373
3,1250,1.701669454574585,0.030863676220178604,16.976852416992188,1.5824693441390991,3502.881786081418,26.86534881591797,11.321442604064941,42.1414315700531,0.15030500292778015,0.0633406788110733
3.1,1250,1.7054798603057861,0.03080758824944496,16.976802825927734,1.5963332653045654,3502.569090914296,27.100635528564453,11.299859046936035,41.69591963291168,0.1509293019771576,0.0629313588142395
3.2,1250,1.7061175107955933,0.030864214524626732,16.97676658630371,1.5810518264770508,3502.2668869177387,26.841148376464844,11.319652557373047,42.17275679111481,0.1507217288017273,0.0635635107755661
3.3,1250,1.6999925374984741,0.03084316849708557,16.976802825927734,1.6009776592254639,3502.0894112823453,27.179481506347656,11.311360359191895,41.61727726459503,0.15029072761535645,0.06254690885543823
3.4,1250,1.692347764968872,0.03085917793214321,16.976804733276367,1.6008884906768799,3502.226670763906,27.17797088623047,11.31767463684082,41.642823815345764,0.14953139424324036,0.062269099056720734
3.5,1250,1.691956877708435,0.030908353626728058,16.976795196533203,1.6008045673370361,3502.305645964549,27.176530838012695,11.335966110229492,41.712334752082825,0.1492556482553482,0.06225801259279251
3.6,1250,1.6945322751998901,0.03093508630990982,16.976810455322266,1.5895329713821411,3502.1430328207894,26.985200881958008,11.345243453979492,42.04246699810028,0.14936058223247528,0.06279487907886505
3.7,1250,1.6991982460021973,0.03084978275001049,16.976764678955078,1.5941210985183716,3502.1902430883324,27.063018798828125,11.314111709594727,41.80653989315033,0.15018397569656372,0.06278672069311142
3.8,1250,1.7014914751052856,0.030802695080637932,16.97666358947754,1.606863260269165,3502.2106425866536,27.279176712036133,11.296908378601074,41.41220152378082,0.15061567723751068,0.062373269349336624
3.9,1250,1.6985318660736084,0.030763862654566765,16.97662925720215,1.6159354448318481,3502.032584108451,27.433137893676758,11.282093048095703,41.12578332424164,0.15055114030838013,0.061915334314107895
4,1250,1.6913236379623413,0.030798092484474182,16.976669311523438,1.6084283590316772,3502.095239710437,27.305755615234375,11.29484748840332,41.3643479347229,0.14974293112754822,0.061940185725688934
4.1,1250,1.6901988983154297,0.030885441228747368,16.976673126220703,1.5999208688735962,3502.144781349217,27.161333084106445,11.327042579650879,41.70282185077667,0.14921802282333374,0.06222812458872795
4.2,1250,1.6934137344360352,0.03087642602622509,16.97667121887207,1.5787432193756104,3501.8845420349203,26.80180549621582,11.322895050048828,42.24676191806793,0.14955660700798035,0.06318282335996628
4.3,1250,1.6981565952301025,0.030784083530306816,16.97673988342285,1.5796458721160889,3501.89211899144,26.817237854003906,11.289055824279785,42.09626615047455,0.1504250317811966,0.06332332640886307
4.4,1250,1.7015866041183472,0.030731312930583954,16.97624397277832,1.599843978881836,3502.0177216168167,27.15934181213379,11.270108222961426,41.49624705314636,0.15098227560520172,0.06265198439359665
4.5,1250,1.7003931999206543,0.030765362083911896,16.975658416748047,1.6068979501724243,3502.118262001399,27.27815055847168,11.282918930053711,41.36247634887695,0.15070508420467377,0.06233535334467888
4.6,1250,1.6958887577056885,0.030822347849607468,16.975387573242188,1.606701135635376,3501.9678885566323,27.27437400817871,11.303332328796387,41.443049907684326,0.15003441274166107,0.0621788315474987
4.7,1250,1.6908247470855713,0.030927985906600952,16.97525405883789,1.6156463623046875,3501.9553574362353,27.426008224487305,11.342031478881836,41.35502278804779,0.14907599985599518,0.061650414019823074
4.8,1250,1.692474603652954,0.030941378325223923,16.975187301635742,1.6139554977416992,3501.924466767349,27.397197723388672,11.346842765808105,41.416072845458984,0.14915819466114044,0.061775464564561844
4.9,1250,1.6984455585479736,0.030836185440421104,16.975109100341797,1.616273283958435,3501.7411627038637,27.43641471862793,11.307674407958984,41.21411144733429,0.1502029001712799,0.06190479174256325
5,1250,1.7019702196121216,0.03075220249593258,16.97500991821289,1.6122632026672363,3501.9713856134877,27.368183135986328,11.277619361877441,41.20704233646393,0.15091572701931,0.06218791380524635
5.1,1250,1.7002946138381958,0.030735472217202187,16.97498893737793,1.616077184677124,3501.924466767349,27.432891845703125,11.271332740783691,41.0869300365448,0.15085124969482422,0.06198014318943024
5.2,1250,1.6946396827697754,0.03076292760670185,16.97499656677246,1.612778902053833,3501.874925128569,27.376916885375977,11.281242370605469,41.20713174343109,0.1502174735069275,0.061900313943624496
5.3,1250,1.6895341873168945,0.030825117602944374,16.97500228881836,1.6057277917861938,3501.8402459814233,27.257232666015625,11.303936004638672,41.47132635116577,0.14946423470973969,0.06198480352759361
5.4,1250,1.6892246007919312,0.03086625598371029,16.975101470947266,1.620021104812622,3502.023258623504,27.500022888183594,11.319613456726074,41.162195801734924,0.14922988414764404,0.06142629683017731
5.5,1250,1.6944092512130737,0.030773023143410683,16.975109100341797,1.6196147203445435,3502.1465298776443,27.49313735961914,11.285819053649902,41.04958772659302,0.15013612806797028,0.061630263924598694
5.6,1250,1.6989805698394775,0.030662087723612785,16.975034713745117,1.6351759433746338,3502.0795029545893,27.75716781616211,11.244918823242188,40.51176607608795,0.15108872950077057,0.06120871379971504
5.7,1250,1.6986172199249268,0.030692508444190025,16.97496223449707,1.6432979106903076,3502.0407439077794,27.894920349121094,11.255950927734375,40.3512567281723,0.15090836584568024,0.06089342385530472
5.8,1250,1.693336009979248,0.03074326366186142,16.9749698638916,1.6259530782699585,3501.7350428543673,27.60050392150879,11.273580551147461,40.84555804729462,0.15020392835140228,0.061351630836725235
5.9,1250,1.6896395683288574,0.030780522152781487,16.975008010864258,1.6331257820129395,3501.5814637741496,27.722322463989258,11.286747932434082,40.71357250213623,0.14970117807388306,0.060948699712753296
6,1300,1.6893424987792969,0.030846863985061646,16.975072860717773,1.634280800819397,3501.9037758476234,27.742034912109375,11.312115669250488,40.77608585357666,0.1493392139673233,0.0608946830034256
6.1,1300,1.711296796798706,0.03713756799697876,16.9718017578125,1.8128128051757812,3524.9744427631745,30.766698837280273,13.708756446838379,44.55712139606476,0.1248323917388916,0.05562172085046768
6.2,1300,1.8769464492797852,0.05129997804760933,16.96776008605957,2.338637113571167,3682.2810941667094,39.681434631347656,19.781660079956055,49.85117316246033,0.09488315880298615,0.047300368547439575
6.3,1300,2.1116011142730713,0.054452620446681976,16.972137451171875,2.5523130893707275,3909.28525437694,43.318206787109375,22.291780471801758,51.46053433418274,0.09472554922103882,0.048746269196271896
6.4,1300,2.3047749996185303,0.05171097069978714,16.975366592407227,2.552656650543213,4074.207621346553,43.33228302001953,22.06248664855957,50.914669036865234,0.1044657826423645,0.05318840593099594
6.5,1300,2.426499366760254,0.04875911772251129,16.97646141052246,2.520211935043335,4168.154013807545,42.784278869628906,21.282773971557617,49.74437654018402,0.11401236802339554,0.0567147396504879
6.6,1300,2.4849894046783447,0.047082122415304184,16.97671127319336,2.476152181625366,4214.672446936183,42.036922454833984,20.780139923095703,49.43307042121887,0.119584821164608,0.059114448726177216
6.7,1300,2.5009543895721436,0.046269189566373825,16.976728439331055,2.456089973449707,4235.326647564898,41.696372985839844,20.521421432495117,49.2163211107254,0.12187042832374573,0.05998014286160469
6.8,1300,2.494373321533203,0.046100690960884094,16.9766845703125,2.4427645206451416,4243.308679836541,41.47004318237305,20.48522186279297,49.39763844013214,0.12176452577114105,0.060148801654577255
6.9,1300,2.483757257461548,0.04612118750810623,16.9766845703125,2.436631679534912,4245.4765636652655,41.365928649902344,20.50480079650879,49.569299817085266,0.12113052606582642,0.06004355475306511
7,1300,2.4749186038970947,0.04625827819108963,16.976661682128906,2.4320316314697266,4245.649959400995,41.287776947021484,20.56658935546875,49.81277585029602,0.1203368529677391,0.05994312837719917
7.1,1300,2.4685606956481934,0.046374812722206116,16.976577758789062,2.4313242435455322,4244.942096809253,41.27556610107422,20.61496353149414,49.944713711738586,0.11974606662988663,0.05980683118104935
7.2,1300,2.4646713733673096,0.046271663159132004,16.976606369018555,2.434941291809082,4244.35051135794,41.337039947509766,20.56624412536621,49.752578139305115,0.11984062194824219,0.059623800218105316
7.3,1300,2.4664764404296875,0.04609561339020729,16.97657012939453,2.4257900714874268,4243.852763598906,41.18159484863281,20.485591888427734,49.744534492492676,0.12040054053068161,0.059892687946558
7.4,1300,2.469503879547119,0.04590397700667381,16.976585388183594,2.4220778942108154,4243.419419970284,41.11861038208008,20.39834213256836,49.608540534973145,0.1210639476776123,0.06005805358290672
7.5,1300,2.475785255432129,0.04565649479627609,16.9765567779541,2.421818733215332,4243.253892612479,41.11414337158203,20.287578582763672,49.34452474117279,0.12203454226255417,0.06021736189723015
7.6,1300,2.487097978591919,0.0453534759581089,16.97654914855957,2.4149160385131836,4243.032703766397,40.99694061279297,20.151880264282227,49.15459454059601,0.12341766059398651,0.06066545099020004
7.7,1300,2.49638032913208,0.045074302703142166,16.97652244567871,2.416788339614868,4242.985493498854,41.02865982055664,20.027612686157227,48.81371259689331,0.12464692443609238,0.0608447901904583
7.8,1300,2.499701976776123,0.044978927820920944,16.976551055908203,2.4217331409454346,4242.740408097597,41.112674713134766,19.984081268310547,48.60807657241821,0.12508466839790344,0.060801245272159576
7.9,1300,2.500459671020508,0.04501064494252205,16.976547241210938,2.4306230545043945,4242.479294519087,41.263587951660156,19.9969425201416,48.46147298812866,0.12504209578037262,0.060597244650125504
8,1300,2.494879961013794,0.04521113634109497,16.97658920288086,2.4229094982147217,4242.671049803304,41.13274002075195,20.08692169189453,48.834389448165894,0.12420418858528137,0.06065436080098152
8.1,1300,2.485883951187134,0.04548005387187004,16.976642608642578,2.4180877208709717,4242.683580923702,41.05101013183594,20.206459045410156,49.222806096076965,0.12302421778440475,0.060555972158908844
8.2,1300,2.4751226902008057,0.04575728997588158,16.97662925720215,2.4216468334198,4242.612182679578,41.11140060424805,20.32929229736328,49.44927990436554,0.12175154685974121,0.060205262154340744
8.3,1300,2.4655117988586426,0.04587889090180397,16.976612091064453,2.4442856311798096,4242.690283616007,41.495689392089844,20.383691787719727,49.122434854507446,0.12095510959625244,0.05941609665751457
8.4,1300,2.4581124782562256,0.04578979313373566,16.97643280029297,2.4463279247283936,4242.961596943678,41.52992248535156,20.345407485961914,48.989757895469666,0.12081903219223022,0.059188950806856155
8.5,1300,2.453796148300171,0.04578924924135208,16.97569465637207,2.4342453479766846,4243.544439752853,41.32300567626953,20.34796142578125,49.241241812705994,0.12059174478054047,0.059380874037742615
8.6,1300,2.454314947128296,0.04582250118255615,16.975364685058594,2.426973819732666,4243.245441391746,41.19876480102539,20.361303329467773,49.422118067741394,0.12053820490837097,0.05957253649830818
8.7,1300,2.4566428661346436,0.0457308255136013,16.975204467773438,2.418391466140747,4243.266132311472,41.05268859863281,20.32066535949707,49.49898719787598,0.12089382112026215,0.05984121561050415
8.8,1300,2.4643595218658447,0.045502543449401855,16.975095748901367,2.4244096279144287,4243.279537696083,41.15458679199219,20.21929168701172,49.13010597229004,0.12188159674406052,0.05988055840134621
8.9,1300,2.474165439605713,0.04525758698582649,16.975034713745117,2.4277544021606445,4243.237281592417,41.21121597290039,20.11024284362793,48.797985911369324,0.12303011119365692,0.06003621593117714
9,1300,2.482822895050049,0.04499654471874237,16.97499656677246,2.420898914337158,4243.493149585645,41.094749450683594,19.995454788208008,48.65695536136627,0.12416936457157135,0.06041703373193741
9.1,1300,2.489414691925049,0.04483618959784508,16.9749755859375,2.4337480068206787,4243.2078480305545,41.31281280517578,19.9228572845459,48.22440147399902,0.12495269626379013,0.0602576918900013
9.2,1300,2.4905948638916016,0.04482843726873398,16.975013732910156,2.4428577423095703,4243.014927060717,41.46754455566406,19.918506622314453,48.03396761417389,0.1250392347574234,0.06006130576133728
9.3,1300,2.486088991165161,0.04494326189160347,16.975046157836914,2.43473219871521,4242.751482110971,41.32969284057617,19.968286514282227,48.31462800502777,0.12450186908245087,0.06015261262655258
9.4,1300,2.4797909259796143,0.045185431838035583,16.975061416625977,2.4411189556121826,4242.60664567289,41.43814468383789,20.075197219848633,48.4461784362793,0.12352510541677475,0.059843193739652634
9.5,1300,2.471269130706787,0.04540867730975151,16.97509002685547,2.4393346309661865,4242.674255438755,41.40792465209961,20.17470359802246,48.72184097766876,0.1224934533238411,0.05968106538057327
9.6,1300,2.4624600410461426,0.045708879828453064,16.975082397460938,2.441075086593628,4242.579834903669,41.43745040893555,20.307628631591797,49.00791049003601,0.12125787883996964,0.0594259537756443
9.7,1300,2.4548122882843018,0.04589863494038582,16.97506332397461,2.446807622909546,4242.705146107642,41.53471374511719,20.392536163330078,49.09757077693939,0.12037798017263412,0.05910266563296318
9.8,1300,2.4505574703216553,0.045957352966070175,16.975017547607422,2.4501864910125732,4242.7654703383905,41.591957092285156,20.418914794921875,49.093419313430786,0.12001409381628036,0.058919019997119904
9.9,1300,2.4488625526428223,0.046012621372938156,16.975000381469727,2.439875841140747,4242.847942595889,41.416893005371094,20.44386863708496,49.36118125915527,0.11978469789028168,0.059127140790224075
10,1300,2.4468729496002197,0.04581862688064575,16.97501564025879,2.43579363822937,4243.1055591175445,41.347633361816406,20.358909606933594,49.23838973045349,0.12018683552742004,0.05917806178331375
10.1,1300,2.4518814086914062,0.04548902437090874,16.975027084350586,2.4322400093078613,4242.961888365083,41.28733825683594,20.21177101135254,48.95392060279846,0.12130957841873169,0.059385791420936584
10.2,1300,2.461318254470825,0.045275066047906876,16.974960327148438,2.44343638420105,4243.104102010521,41.47723388671875,20.11737823486328,48.50221872329712,0.1223478615283966,0.0593414232134819
10.3,1300,2.4740188121795654,0.04493700712919235,16.974956512451172,2.4487128257751465,4243.176957361668,41.566795349121094,19.967510223388672,48.03716540336609,0.12390222400426865,0.05951911583542824
10.4,1300,2.483811140060425,0.04472218453884125,16.974952697753906,2.444242477416992,4243.224459050616,41.490901947021484,19.872276306152344,47.89550602436066,0.12498875707387924,0.059863995760679245
10.5,1300,2.4878108501434326,0.044705286622047424,16.97494125366211,2.4545397758483887,4243.074668448658,41.66566848754883,19.86406707763672,47.67490327358246,0.12524177134037018,0.059708889573812485
10.6,1300,2.487058639526367,0.044778358191251755,16.974939346313477,2.4500956535339355,4242.674546860159,41.59022521972656,19.8946590423584,47.834938764572144,0.1250113695859909,0.05979911610484123
10.7,1300,2.4794483184814453,0.04510742053389549,16.974933624267578,2.45442533493042,4242.284042178013,41.6637077331543,20.03901481628418,48.097050189971924,0.12373105436563492,0.059510987251996994
10.8,1300,2.472353458404541,0.04531765356659889,16.97496795654297,2.4334940910339355,4242.180879000789,41.3084831237793,20.131921768188477,48.73555898666382,0.12280762940645218,0.05985098332166672
10.9,1300,2.4653077125549316,0.04560612887144089,16.974977493286133,2.436898946762085,4242.3539833151135,41.36630630493164,20.260900497436523,48.97923469543457,0.12167809903621674,0.05959700047969818
11,1350,2.4592559337615967,0.04576525092124939,16.974994659423828,2.439225435256958,4242.648027512342,41.40583801269531,20.33300018310547,49.106600880622864,0.12094899266958237,0.05939394235610962
11.1,1350,2.4754855632781982,0.05226108431816101,16.970975875854492,2.656426191329956,4264.9895580736165,45.08214569091797,23.341299057006836,51.77503824234009,0.10605603456497192,0.054910555481910706
11.2,1350,2.7067909240722656,0.06557803601026535,16.96617317199707,3.2881691455841064,4418.692200966621,55.78764724731445,30.344554901123047,54.39296364784241,0.08920186758041382,0.04851954057812691
11.3,1350,2.994279146194458,0.06984169781208038,16.97147560119629,3.5867955684661865,4639.197372433153,60.87321472167969,33.9301872253418,55.739110708236694,0.08824823796749115,0.04918878152966499
11.4,1350,3.2086312770843506,0.06855249404907227,16.975109100341797,3.625764846801758,4801.132087162937,61.547752380371094,34.46636962890625,55.99939227104187,0.09309455752372742,0.05213238671422005
11.5,1350,3.3500924110412598,0.06664872914552689,16.97640037536621,3.61586332321167,4895.4855953261385,61.384342193603516,34.16773986816406,55.66198229789734,0.09804840385913849,0.05457568168640137
11.6,1350,3.435349464416504,0.0649016872048378,16.97684097290039,3.5769033432006836,4944.37386731688,60.724517822265625,33.6043815612793,55.33906817436218,0.10222921520471573,0.05657269060611725
11.7,1350,3.457247018814087,0.06462040543556213,16.976764678955078,3.5652217864990234,4967.796571289172,60.52593231201172,33.617244720458984,55.541884899139404,0.10284148156642914,0.05712009593844414
11.8,1350,3.4770703315734863,0.06424395740032196,16.97663116455078,3.5449979305267334,4978.109391954704,60.18212127685547,33.490787506103516,55.649060010910034,0.10382170230150223,0.05777580291032791
11.9,1350,3.498257637023926,0.06335246562957764,16.976825714111328,3.525120258331299,4982.080882856419,59.84535217285156,33.05239486694336,55.22967576980591,0.10583976656198502,0.0584549605846405
12,1350,3.480264663696289,0.06385035067796707,16.976606369018555,3.5267772674560547,4982.980792153784,59.872711181640625,33.31816864013672,55.64833879470825,0.10445546358823776,0.05812773108482361
12.1,1350,3.477989673614502,0.06392426043748856,16.976531982421875,3.534874677658081,4983.68952900974,60.00991439819336,33.361480712890625,55.593281984329224,0.10425166040658951,0.05795691907405853
12.2,1350,3.501132011413574,0.06331337988376617,16.976648330688477,3.5327630043029785,4983.603851116792,59.9744758605957,33.04209899902344,55.09360432624817,0.10595973581075668,0.05837703496217728
12.3,1350,3.4844021797180176,0.06365108489990234,16.97658920288086,3.5362865924835205,4983.53390997969,60.03408432006836,33.21787643432617,55.33169507980347,0.10489539802074432,0.058040399104356766
12.4,1350,3.4806225299835205,0.06383628398180008,16.976531982421875,3.544938564300537,4983.515259009797,60.180763244628906,33.31439971923828,55.35722374916077,0.10447801649570465,0.057836130261421204
12.5,1350,3.5042569637298584,0.06336762756109238,16.976598739624023,3.551440477371216,4983.559555063294,60.2913818359375,33.07011413574219,54.850488901138306,0.10596445947885513,0.058122023940086365
12.6,1350,3.4892308712005615,0.06348124891519547,16.97661590576172,3.5542654991149902,4983.354394394465,60.33940124511719,33.128047943115234,54.90284562110901,0.10532557964324951,0.05782674252986908
12.7,1350,3.478379011154175,0.06377118080854416,16.97652244567871,3.5516090393066406,4983.172547438003,60.29397201538086,33.27813720703125,55.19314408302307,0.10452444851398468,0.05769032984972
12.8,1350,3.4944002628326416,0.06357441842556,16.976537704467773,3.5514602661132812,4983.169633223956,60.291500091552734,33.175437927246094,55.025070905685425,0.1053309440612793,0.05795842409133911
12.9,1350,3.492558002471924,0.06340925395488739,16.976608276367188,3.54643177986145,4983.128251384505,60.206382751464844,33.0889778137207,54.95924949645996,0.10555050522089005,0.058009762316942215
13,1350,3.4774842262268066,0.06385798007249832,16.9765567779541,3.550076723098755,4983.36488556503,60.2680778503418,33.3247184753418,55.29414415359497,0.10435149818658829,0.057700265198946
13.1,1350,3.483677864074707,0.06385043263435364,16.97650718688965,3.5487372875213623,4983.440655130223,60.24516296386719,33.321285247802734,55.30948042869568,0.10454811900854111,0.05782502144575119
13.2,1350,3.4942634105682373,0.0633784681558609,16.976621627807617,3.5307984352111816,4983.729745163573,59.9410285949707,33.076904296875,55.18240928649902,0.10564058274030685,0.05829501897096634
13.3,1350,3.4777703285217285,0.06373446434736252,16.976551055908203,3.535362720489502,4983.683117738839,60.01826477050781,33.262386322021484,55.42043447494507,0.1045556515455246,0.05794519931077957
13.4,1350,3.4743659496307373,0.06380718946456909,16.976518630981445,3.540191173553467,4983.8608847956375,60.100120544433594,33.3015251159668,55.41008114814758,0.10433053225278854,0.057809632271528244
13.5,1350,3.495056629180908,0.06317266076803207,16.9766788482666,3.532223701477051,4984.249640949357,59.96542739868164,32.972930908203125,54.986572265625,0.10599774867296219,0.05828452855348587
13.6,1350,3.475797653198242,0.06347481161355972,16.976654052734375,3.537975549697876,4984.183196869111,60.06298828125,33.13019943237305,55.15909194946289,0.10491327941417694,0.057869210839271545
13.7,1350,3.4728190898895264,0.06368938833475113,16.97655487060547,3.5388805866241455,4983.663883926137,60.077999114990234,33.238731384277344,55.325961112976074,0.10448109358549118,0.05780516937375069
13.8,1350,3.496128559112549,0.06316754966974258,16.976112365722656,3.533796548843384,4982.995946066822,59.99012756347656,32.961971282958984,54.94565963745117,0.10606551915407181,0.0582784004509449
13.9,1350,3.479525566101074,0.06336557120084763,16.975605010986328,3.544572353363037,4982.75056924416,60.171260833740234,33.06367492675781,54.949283599853516,0.10523711144924164,0.05782703310251236
14,1350,3.4691500663757324,0.06362903863191605,16.975292205810547,3.5510315895080566,4983.346817437946,60.27980041503906,33.20512390136719,55.084991455078125,0.10447634756565094,0.05755079165101051
14.1,1350,3.482262134552002,0.06324878334999084,16.97521209716797,3.544849157333374,4983.685449110076,60.17456817626953,33.00892639160156,54.85528111457825,0.10549455136060715,0.057869333773851395
14.2,1350,3.4693970680236816,0.0631290078163147,16.975242614746094,3.5453572273254395,4984.337067370733,60.18330001831055,32.95072555541992,54.75061535835266,0.10529045760631561,0.05764717236161232
14.3,1350,3.457465410232544,0.06340106576681137,16.975099563598633,3.531353235244751,4984.194853725295,59.945072174072266,33.0917854309082,55.20350933074951,0.10448107868432999,0.05767722427845001
14.4,1350,3.4672255516052246,0.06327180564403534,16.97502899169922,3.5349276065826416,4984.123164059766,60.005496978759766,33.023841857910156,55.03469705581665,0.10499158501625061,0.05778179690241814
14.5,1350,3.4679253101348877,0.06296006590127945,16.975133895874023,3.5434200763702393,4984.3901060663675,60.15003204345703,32.86289596557617,54.63487505912781,0.10552708059549332,0.05765458941459656
14.6,1350,3.4545369148254395,0.0632724016904831,16.97507667541504,3.550682306289673,4984.485692287072,60.27310562133789,33.02655792236328,54.79484796524048,0.1045987606048584,0.057314734905958176
14.7,1350,3.4589033126831055,0.06341619789600372,16.97496795654297,3.559051036834717,4984.041566066481,60.41477584838867,33.098663330078125,54.78571057319641,0.10450280457735062,0.05725260451436043
14.8,1350,3.478163957595825,0.06298668682575226,16.975080490112305,3.5570130348205566,4983.159724896201,60.38058090209961,32.868675231933594,54.435837268829346,0.10582002252340317,0.05760401487350464
14.9,1350,3.462465763092041,0.0634087324142456,16.97503662109375,3.563328981399536,4982.854315264193,60.487640380859375,33.086883544921875,54.70024347305298,0.1046476811170578,0.057242535054683685
15,1350,3.4652023315429688,0.06350242346525192,16.9749755859375,3.572244167327881,4982.994780381205,60.638755798339844,33.1367073059082,54.64608669281006,0.10457292199134827,0.05714500695466995
15.1,1350,3.487840175628662,0.06298954784870148,16.9750919342041,3.5685837268829346,4983.111931785848,60.5770378112793,32.86985397338867,54.26124334335327,0.10611061006784439,0.05757693573832512
15.2,1350,3.4702744483947754,0.06326012313365936,16.975109100341797,3.556551456451416,4983.7250824211,60.37284851074219,33.01511001586914,54.68536019325256,0.10511171072721481,0.057480715215206146
15.3,1350,3.460437774658203,0.06357768177986145,16.975467681884766,3.557513475418091,4984.147060614942,60.39045333862305,33.183650970458984,54.94850277900696,0.10428141057491302,0.05730107054114342
15.4,1350,3.478689432144165,0.06312626600265503,16.97603988647461,3.534363031387329,4984.094604762116,59.999488830566406,32.94769287109375,54.91328835487366,0.10558219254016876,0.05797865241765976
15.5,1350,3.460458993911743,0.0631430447101593,16.97638702392578,3.5264973640441895,4984.5189143271955,59.867183685302734,32.95925521850586,55.05396127700806,0.10499202460050583,0.057802267372608185
15.6,1350,3.4423160552978516,0.06339466571807861,16.976070404052734,3.536691904067993,4984.488606501119,60.03913116455078,33.09039306640625,55.114710330963135,0.1040276512503624,0.0573345422744751
15.7,1350,3.456700325012207,0.06324739009141922,16.975563049316406,3.5379953384399414,4984.479281016172,60.05946350097656,33.013458251953125,54.96795177459717,0.1047057956457138,0.05755463242530823
15.8,1350,3.4521567821502686,0.06306184828281403,16.975414276123047,3.531313180923462,4983.807846100002,59.94550323486328,32.91217803955078,54.90349531173706,0.10488995909690857,0.057588253170251846
15.9,1350,3.4336371421813965,0.06340339779853821,16.97525405883789,3.5512466430664062,4983.905180849135,60.2833137512207,33.09107971191406,54.89259958267212,0.10376323014497757,0.056958332657814026
16,1400,3.4386658668518066,0.06332369893789291,16.97511100769043,3.542534351348877,4984.451304561331,60.13491439819336,33.053104400634766,54.96491193771362,0.10403458029031754,0.057182520627975464
16.1,1400,3.475400447845459,0.0690782219171524,16.97049331665039,3.806857109069824,5006.889004186119,64.60424041748047,36.2191047668457,56.06304407119751,0.09595489501953125,0.053795233368873596
16.2,1400,3.7131001949310303,0.08326492458581924,16.964731216430664,4.576940536499023,5157.214655842768,77.64656829833984,44.96824264526367,57.91401267051697,0.0825716108083725,0.04782053455710411
16.3,1400,4.0171990394592285,0.08717239648103714,16.969951629638672,4.934459686279297,5372.014961893099,83.73754119873047,49.039363861083984,58.563172817230225,0.08191784471273422,0.047973692417144775
16.4,1400,4.272719383239746,0.08587191998958588,16.974233627319336,4.9940338134765625,5531.6066485300025,84.7698974609375,49.742897033691406,58.67990851402283,0.0858960673213005,0.05040373653173447
16.5,1400,4.4031877517700195,0.08399070799350739,16.97597885131836,4.990898132324219,5627.742490003659,84.72537994384766,49.49873352050781,58.42255353927612,0.08895556628704071,0.051970113068819046
16.6,1400,4.497331619262695,0.08210819214582443,16.976552963256836,4.971331596374512,5678.778537746209,84.39607238769531,48.828125,57.855916023254395,0.09210535138845444,0.053288400173187256
16.7,1400,4.51820707321167,0.08209333568811417,16.97654151916504,4.958848476409912,5704.070418607524,84.18409729003906,49.036720275878906,58.24938416481018,0.09213925898075104,0.053670551627874374
16.8,1400,4.548904895782471,0.08080098032951355,16.976696014404297,4.93934965133667,5716.573562549933,83.85383605957031,48.37055206298828,57.684361934661865,0.09404285997152328,0.05424802377820015
16.9,1400,4.551270961761475,0.08142893016338348,16.9765625,4.940476894378662,5721.666443016499,83.872314453125,48.789894104003906,58.171629905700684,0.09328306466341019,0.05426428094506264
17,1400,4.5599775314331055,0.08057937771081924,16.97661781311035,4.945860385894775,5723.560099303507,83.96398162841797,48.29684829711914,57.52090811729431,0.09441563487052917,0.05430873483419418
17.1,1400,4.571045875549316,0.08141490817070007,16.976459503173828,4.95924186706543,5723.3636812768145,84.19036865234375,48.795963287353516,57.95907974243164,0.09367672353982925,0.0542941652238369
17.2,1400,4.556339263916016,0.08082474023103714,16.97661590576172,4.953796863555908,5723.581664487446,84.09870910644531,48.444091796875,57.60384798049927,0.09405355900526047,0.05417846888303757
17.3,1400,4.557234764099121,0.08098319917917252,16.976585388183594,4.94938325881958,5724.3515998383655,84.02362823486328,48.545597076416016,57.77612924575806,0.09387534856796265,0.05423753708600998
17.4,1400,4.539990425109863,0.08076926320791245,16.976642608642578,4.945189476013184,5725.281816961808,83.95271301269531,48.42522048950195,57.68154263496399,0.09375260025262833,0.05407794564962387
17.5,1400,4.564609527587891,0.08053635060787201,16.976608276367188,4.9499921798706055,5725.396636995215,84.0340805053711,48.28654479980469,57.4606716632843,0.09453170746564865,0.05431855469942093
17.6,1400,4.556026458740234,0.08098166435956955,16.976533889770508,4.933417797088623,5724.721122179382,83.75233459472656,48.54780960083008,57.965922355651855,0.09384617954492569,0.0543988011777401
17.7,1400,4.584327220916748,0.08030693233013153,16.976564407348633,4.918825149536133,5724.3679194370225,83.50475311279297,48.140342712402344,57.649827003479004,0.09522838145494461,0.05489899963140488
17.8,1400,4.586546897888184,0.08113695681095123,16.97642707824707,4.932701587677002,5723.398069002556,83.7396469116211,48.62966537475586,58.072447776794434,0.09431581944227219,0.054771509021520615
17.9,1400,4.598160266876221,0.08028201013803482,16.976533889770508,4.945301532745361,5722.870013417444,83.9540786743164,48.11281204223633,57.3084831237793,0.0955703929066658,0.05476994439959526
18,1400,4.582857131958008,0.08127471804618835,16.976171493530273,4.958230495452881,5722.640956193439,84.17176818847656,48.70579147338867,57.864755392074585,0.09409265965223312,0.05444648489356041
18.1,1400,4.583714008331299,0.08058425039052963,16.975738525390625,4.963682174682617,5722.3466205748055,84.26216888427734,48.289527893066406,57.3086678981781,0.09492149204015732,0.05439824238419533
18.2,1400,4.589480400085449,0.08148810267448425,16.97518539428711,4.977100849151611,5722.333798033003,84.48721313476562,48.8310432434082,57.79696702957153,0.09398693591356277,0.05432159826159477
18.3,1400,4.58650541305542,0.08096768707036972,16.975149154663086,4.961185455322266,5722.313398534683,84.21686553955078,48.51901626586914,57.61199593544006,0.09453005343675613,0.05446065217256546
18.4,1400,4.607285022735596,0.08145246654748917,16.974977493286133,4.970006942749023,5722.2452059260095,84.36575317382812,48.80893325805664,57.85396099090576,0.09439429640769958,0.05461084097623825
18.5,1400,4.594358921051025,0.08151845633983612,16.974945068359375,4.969160556793213,5722.18808733071,84.35122680664062,48.84798812866211,57.91022777557373,0.0940542072057724,0.054467007517814636
18.6,1400,4.612698078155518,0.08151080459356308,16.974912643432617,4.982580661773682,5722.56926652791,84.57887268066406,48.846656799316406,57.752788066864014,0.09443221241235733,0.05453723669052124
18.7,1400,4.596381187438965,0.08170143514871597,16.97495460510254,4.984224796295166,5723.587492915538,84.60698699951172,48.969608306884766,57.87891745567322,0.09386191517114639,0.05432625859975815
18.8,1400,4.6163249015808105,0.08115576952695847,16.97501564025879,4.986804008483887,5724.028122079274,84.65107727050781,48.646297454833984,57.46683478355408,0.09489571303129196,0.05453356355428696
18.9,1400,4.603951930999756,0.0818244144320488,16.974939346313477,4.991487979888916,5724.149353383582,84.73020935058594,49.048133850097656,57.887423038482666,0.09386599808931351,0.054336607456207275
19,1400,4.613307952880859,0.08087404072284698,16.97507667541504,4.988071918487549,5724.889563751233,84.67290496826172,48.484718322753906,57.26119875907898,0.09514973312616348,0.05448387563228607
19.1,1400,4.595249176025391,0.08163007348775864,16.974973678588867,4.983353137969971,5725.210127296279,84.59228515625,48.94070816040039,57.85480737686157,0.09389421343803406,0.054322317242622375
19.2,1400,4.5994133949279785,0.08066033571958542,16.975099563598633,4.971859931945801,5725.328444386542,84.39781951904297,48.36030578613281,57.300424575805664,0.09510719776153564,0.054496828466653824
19.3,1400,4.608896732330322,0.0815572589635849,16.974912643432617,4.977607727050781,5724.125456828406,84.49445343017578,48.887786865234375,57.85916447639465,0.09427501261234283,0.05454673618078232
19.4,1400,4.619168281555176,0.08114592730998993,16.974992752075195,4.97809362411499,5722.126305992938,84.50310516357422,48.624237060546875,57.54135847091675,0.09499724209308624,0.05466270446777344
19.5,1400,4.643391132354736,0.0819692313671112,16.974735260009766,4.988297462463379,5720.397011378117,84.6750259399414,49.10272979736328,57.98962712287903,0.09456482529640198,0.05483778566122055
19.6,1400,4.643740653991699,0.08202551305294037,16.974836349487305,5.006528854370117,5719.59735104393,84.9850082397461,49.12957763671875,57.80969858169556,0.09452026337385178,0.054641880095005035
19.7,1400,4.665595531463623,0.08218399435281754,16.974830627441406,5.011566638946533,5720.571864220869,85.07049560546875,49.232887268066406,57.87304639816284,0.09476583451032639,0.05484387278556824
19.8,1400,4.649067401885986,0.08227868378162384,16.97560691833496,5.00709342956543,5721.5055784011665,84.99845123291016,49.29765701293945,57.99829959869385,0.09430605173110962,0.05469590798020363
19.9,1400,4.664915084838867,0.08200101554393768,16.97602653503418,5.0078535079956055,5721.963110006369,85.0134506225586,49.13521957397461,57.79699087142944,0.09494034945964813,0.05487266927957535
20,1400,4.653738498687744,0.08253875374794006,16.976287841796875,5.016524791717529,5722.9376231833085,85.16197204589844,49.465858459472656,58.08444619178772,0.09407981485128403,0.054645735770463943
20.1,1400,4.6711812019348145,0.0818307176232338,16.97641944885254,5.022621154785156,5722.619391009499,85.26612091064453,49.03879928588867,57.512640953063965,0.0952548012137413,0.05478355288505554
20.2,1400,4.654801845550537,0.08277560770511627,16.976316452026367,5.033030986785889,5722.465520507877,85.44232940673828,49.60371398925781,58.055198192596436,0.09383978694677353,0.054478876292705536
20.3,1400,4.662576675415039,0.08197177201509476,16.975753784179688,5.027700901031494,5722.109403551472,85.34901428222656,49.118953704833984,57.55069851875305,0.0949241891503334,0.05462953448295593
20.4,1400,4.661259174346924,0.08301874995231628,16.97523307800293,5.03195858001709,5722.28017649456,85.41867065429688,49.747806549072266,58.23996663093567,0.09369778633117676,0.054569561034440994
20.5,1400,4.669489860534668,0.08215111494064331,16.975191116333008,5.026740550994873,5722.914892313751,85.32987976074219,49.23334884643555,57.69766569137573,0.0948440432548523,0.05472279712557793
20.6,1400,4.678516387939453,0.08282950520515442,16.974977493286133,5.0443949699401855,5723.714552647938,85.62849426269531,49.64684295654297,57.97935128211975,0.09423592686653137,0.05463737994432449
20.7,1400,4.673173427581787,0.08217345923185349,16.975067138671875,5.028289794921875,5723.551356661369,85.35556030273438,49.25221633911133,57.70241022109985,0.09488250315189362,0.054749492555856705
20.8,1400,4.673109531402588,0.0823725014925003,16.97498321533203,5.0339508056640625,5724.6290330155325,85.45123291015625,49.38080978393555,57.78830051422119,0.09463411569595337,0.05468744412064552
20.9,1400,4.644179344177246,0.0820772722363472,16.97514533996582,5.027174949645996,5725.96490873416,85.33702850341797,49.215309143066406,57.671695947647095,0.09436452388763428,0.054421622306108475
21,1450,4.6505045890808105,0.08165449649095535,16.97511863708496,5.022928237915039,5726.84092147635,85.26480102539062,48.969295501708984,57.432013750076294,0.09496776759624481,0.05454190447926521
21.1,1450,4.6661152839660645,0.08819815516471863,16.969575881958008,5.331479072570801,5749.413840632866,90.47293853759766,53.10210037231445,58.69390368461609,0.08787063509225845,0.05157470703125
21.2,1450,4.924804210662842,0.10257423669099808,16.963298797607422,6.2222981452941895,5896.878899782086,105.55070495605469,63.34161376953125,60.01060605049133,0.07774990051984787,0.04665818437933922
21.3,1450,5.298748016357422,0.10646451264619827,16.96912384033203,6.662054061889648,6106.039035968038,113.0492172241211,68.07585144042969,60.21788716316223,0.07783594727516174,0.046871159225702286
21.4,1450,5.6006855964660645,0.10617008060216904,16.973501205444336,6.793551921844482,6261.689539529303,115.31036376953125,69.61811828613281,60.374557971954346,0.08044867217540741,0.048570532351732254
21.5,1450,5.751001358032227,0.10551197081804276,16.975250244140625,6.82820987701416,6356.770435518354,115.91056823730469,70.23715209960938,60.595983266830444,0.08187976479530334,0.04961584880948067
21.6,1450,5.817714691162109,0.10459012538194656,16.975971221923828,6.838760852813721,6409.344022591506,116.0946044921875,70.1993179321289,60.46733856201172,0.08287423849105835,0.05011184141039848
21.7,1450,5.856861114501953,0.10346648842096329,16.976289749145508,6.813727378845215,6438.840531478205,115.67181396484375,69.76473999023438,60.3126585483551,0.08395159244537354,0.05063343420624733
21.8,1450,5.880209922790527,0.10265309363603592,16.976478576660156,6.796821117401123,6455.4358147838275,115.3860855102539,69.39469146728516,60.141295194625854,0.08473573625087738,0.050961170345544815
21.9,1450,5.885501384735107,0.10254837572574615,16.97634506225586,6.787341117858887,6462.997617390057,115.2242431640625,69.40510559082031,60.234808921813965,0.08479925990104675,0.0510786734521389
22,1450,5.84758996963501,0.10259601473808289,16.976253509521484,6.773787975311279,6466.239389094685,114.99354553222656,69.47217559814453,60.41398048400879,0.08417168259620667,0.05085146427154541
22.1,1450,5.817088603973389,0.10212745517492294,16.976335525512695,6.76918363571167,6468.207649261267,114.91593170166016,69.17594146728516,60.19699573516846,0.08409120887517929,0.05062038451433182
22.2,1450,5.8282904624938965,0.10141049325466156,16.97635841369629,6.766982078552246,6468.139456652593,114.87871551513672,68.68958282470703,59.79313254356384,0.08484970033168793,0.05073429271578789
22.3,1450,5.852449417114258,0.10142746567726135,16.976242065429688,6.767963409423828,6466.830391703188,114.89458465576172,68.68717956542969,59.78277921676636,0.08520440012216568,0.050937555730342865
22.4,1450,5.852328300476074,0.10216008126735687,16.9760684967041,6.777720928192139,6465.060298091725,115.05905151367188,69.16436767578125,60.112059116363525,0.08461478352546692,0.05086369067430496
22.5,1450,5.824062824249268,0.10252513736486435,16.97611427307129,6.769383430480957,6463.691783175784,114.9178237915039,69.3968276977539,60.388219356536865,0.08392404764890671,0.050680238753557205
22.6,1450,5.8277130126953125,0.10236236453056335,16.97608184814453,6.775722980499268,6461.8313489288985,115.02523040771484,69.26670837402344,60.21870970726013,0.08413439989089966,0.05066465213894844
22.7,1450,5.8727192878723145,0.10238058120012283,16.97608184814453,6.7938971519470215,6460.266415986265,115.33375549316406,69.26225280761719,60.053759813308716,0.08478960394859314,0.05091934651136398
22.8,1450,5.900101184844971,0.10304819792509079,16.975975036621094,6.80908727645874,6459.994228394381,115.59089660644531,69.71097564697266,60.3083610534668,0.0846366211771965,0.051042959094047546
22.9,1450,5.890479564666748,0.10362904518842697,16.976078033447266,6.81486177444458,6460.508295752073,115.68962860107422,70.10948944091797,60.601359605789185,0.0840182900428772,0.05091622844338417
23,1450,5.887492656707764,0.10338187217712402,16.976335525512695,6.801461219787598,6461.043928293704,115.4638900756836,69.94806671142578,60.58003902435303,0.08416948467493057,0.05098990350961685
23.1,1450,5.907123565673828,0.10295938700437546,16.976276397705078,6.820827484130859,6461.742173979095,115.79225158691406,69.66973876953125,60.16787886619568,0.08478750288486481,0.051014844328165054
23.2,1450,5.920002460479736,0.10294073075056076,16.97635841369629,6.8108086585998535,6463.7675527409765,115.62272644042969,69.67894744873047,60.26405692100525,0.08496113121509552,0.051201026886701584
23.3,1450,5.897037506103516,0.10318448394536972,16.975780487060547,6.791935920715332,6466.396173810353,115.29841613769531,69.87234497070312,60.60130596160889,0.08439730107784271,0.05114587023854256
23.4,1450,5.8497233390808105,0.10287998616695404,16.97541046142578,6.771164417266846,6468.263602170948,114.94329833984375,69.68627166748047,60.62664985656738,0.08394370228052139,0.05089225247502327
23.5,1450,5.825663089752197,0.10228145122528076,16.975181579589844,6.763766765594482,6469.155351668985,114.81616973876953,69.2904052734375,60.34899353981018,0.08407604694366455,0.050739046186208725
23.6,1450,5.857039451599121,0.1018528863787651,16.974912643432617,6.761034965515137,6468.257190900047,114.76797485351562,68.99049377441406,60.11301279067993,0.08489632606506348,0.05103374272584915
23.7,1450,5.88328742980957,0.10230056941509247,16.97458839416504,6.774251937866211,6465.33248568361,114.9901351928711,69.26239776611328,60.23333668708801,0.08494201302528381,0.051163408905267715
23.8,1450,5.882358074188232,0.10283276438713074,16.974571228027344,6.787456035614014,6462.3733927414305,115.21415710449219,69.59085845947266,60.40130853652954,0.08452774584293365,0.05105586349964142
23.9,1450,5.877708435058594,0.10291311889886856,16.974472045898438,6.801294326782227,6460.021622006412,115.44837951660156,69.61988830566406,60.30391454696655,0.08442571014165878,0.050912003964185715
24,1450,5.92250919342041,0.10280817747116089,16.974977493286133,6.805288791656494,6459.292485652135,115.51962280273438,69.54104614257812,60.19847393035889,0.08516565710306168,0.05126842483878136
24.1,1450,5.972543239593506,0.10326026380062103,16.97539520263672,6.837874412536621,6458.336040602279,116.07562255859375,69.83650207519531,60.16466021537781,0.08552179485559464,0.05145389959216118
24.2,1450,5.988377571105957,0.10418262332677841,16.975608825683594,6.856614589691162,6458.0137285288065,116.39521026611328,70.45679473876953,60.5323851108551,0.08499361574649811,0.05144866183400154
24.3,1450,5.976245880126953,0.1044253408908844,16.975854873657227,6.883270263671875,6458.894404013468,116.84939575195312,70.63056945800781,60.445815324783325,0.08461274206638336,0.051144856959581375
24.4,1450,5.974586009979248,0.10381771624088287,16.976160049438477,6.880571365356445,6461.587137791855,116.80567932128906,70.24886322021484,60.14164686203003,0.0850488618016243,0.05114978924393654
24.5,1450,5.986050605773926,0.10344039648771286,16.976423263549805,6.869946479797363,6464.764213944664,116.62712097167969,70.02796173095703,60.044318437576294,0.08548086136579514,0.05132640525698662
24.6,1450,5.986554145812988,0.10363777726888657,16.976465225219727,6.865156173706055,6466.3483807,116.54608154296875,70.17877960205078,60.21547317504883,0.08530433475971222,0.0513664111495018
24.7,1450,5.9716477394104,0.10397922992706299,16.976285934448242,6.84926700592041,6465.669951670121,116.27511596679688,70.4026107788086,60.54829955101013,0.08482140302658081,0.05135791748762131
24.8,1450,5.961052417755127,0.10385774821043015,16.976253509521484,6.860053062438965,6464.664547824295,116.45800018310547,70.30941772460938,60.37319898605347,0.08478312939405441,0.05118628591299057
24.9,1450,5.988397121429443,0.10353902727365494,16.975788116455078,6.876162052154541,6462.6671455172545,116.728271484375,70.0719985961914,60.0300133228302,0.08546063303947449,0.05130203068256378
25,1450,6.025486469268799,0.10391087830066681,16.975101470947266,6.8897929191589355,6461.232186521067,116.9549331665039,70.30803680419922,60.115498304367065,0.08570124208927155,0.0515197291970253
25.1,1450,6.024167537689209,0.10478563606739044,16.97471046447754,6.906283378601074,6460.158007223759,117.23216247558594,70.88813018798828,60.46816110610962,0.08498132973909378,0.051386646926403046
25.2,1450,5.997605323791504,0.10497969388961792,16.97469711303711,6.914435863494873,6460.415040902605,117.37045288085938,71.02223205566406,60.51117181777954,0.08444686979055405,0.05109978839755058
25.3,1450,6.004571914672852,0.10452008992433548,16.974679946899414,6.926191329956055,6461.3073732434505,117.56987762451172,70.72106170654297,60.152363777160645,0.0849049985408783,0.051072366535663605
25.4,1450,6.008692741394043,0.10426446050405502,16.974834442138672,6.926396369934082,6463.343826018707,117.57443237304688,70.5703353881836,60.02183556556702,0.08514473587274551,0.05110543593764305
25.5,1450,5.994480609893799,0.10442018508911133,16.974796295166016,6.918891429901123,6465.948550532907,117.44676971435547,70.70421600341797,60.201072692871094,0.08478250354528427,0.05103997886180878
25.6,1450,5.955557823181152,0.10437164455652237,16.974763870239258,6.905119895935059,6467.045460699773,117.21277618408203,70.68334197998047,60.30344367027283,0.08425687998533249,0.05080980062484741
25.7,1450,5.935024738311768,0.10348927974700928,16.97490119934082,6.879767417907715,6466.826311803524,116.78337097167969,70.08340454101562,60.01145839691162,0.08468516916036606,0.05082080140709877
25.8,1450,5.955065727233887,0.10318101197481155,16.974761962890625,6.864001274108887,6466.8309745459965,116.51478576660156,69.87469482421875,59.970664978027344,0.0852249264717102,0.051109954714775085
25.9,1450,5.972027778625488,0.10312718898057938,16.97477149963379,6.863857269287109,6466.846711301844,116.51240539550781,69.83841705322266,59.940749406814575,0.08551207929849625,0.051256582140922546
26,1500,5.960870265960693,0.10352717339992523,16.974700927734375,6.861488342285156,6467.096168024172,116.47171020507812,70.11199188232422,60.19658446311951,0.08501926809549332,0.051178693771362305
26.1,1500,5.986959457397461,0.10980291664600372,16.968324661254883,7.2266716957092285,6488.113479723001,122.62451171875,74.60379791259766,60.83921790122986,0.08025006204843521,0.048823513090610504
26.2,1500,6.321932315826416,0.1241258755326271,16.960350036621094,8.28341293334961,6627.567364460118,140.4895782470703,86.14797973632812,61.31983399391174,0.07338456809520721,0.044999297708272934
26.3,1500,6.7240705490112305,0.13048815727233887,16.966291427612305,8.884224891662598,6825.719931352002,150.7323455810547,93.27133178710938,61.87877655029297,0.07209150493144989,0.04460933804512024
26.4,1500,7.040853977203369,0.13142810761928558,16.971126556396484,9.110183715820312,6976.619683175687,154.61007690429688,96.02005004882812,62.10464835166931,0.07332691550254822,0.04553942382335663
26.5,1500,7.232874870300293,0.13100311160087585,16.97365951538086,9.211857795715332,7074.515709933051,156.3589324951172,97.05255126953125,62.07035779953003,0.07452534884214401,0.046258147805929184
26.6,1500,7.342160224914551,0.13055068254470825,16.974693298339844,9.252604484558105,7132.337796502818,157.06011962890625,97.50787353515625,62.08314895629883,0.07529813051223755,0.04674744978547096
26.7,1500,7.402566432952881,0.1302359700202942,16.97509765625,9.261995315551758,7164.9280350206145,157.22328186035156,97.71728515625,62.151920795440674,0.07575493305921555,0.04708314687013626
26.8,1500,7.421446800231934,0.12989351153373718,16.97538185119629,9.27934741973877,7184.256268258457,157.5204620361328,97.72325134277344,62.038445472717285,0.07594351470470428,0.04711417481303215
26.9,1500,7.415469646453857,0.1295117288827896,16.975671768188477,9.266007423400879,7197.132431598738,157.2967071533203,97.61064910888672,62.05511689186096,0.0759698823094368,0.04714319854974747
27,1500,7.420954704284668,0.1293259561061859,16.975671768188477,9.24477767944336,7203.495909389304,156.93630981445312,97.55681610107422,62.16331720352173,0.07606802880764008,0.04728640988469124
27.1,1500,7.4213480949401855,0.12895552814006805,16.975818634033203,9.222103118896484,7205.296893669653,156.55274963378906,97.30170440673828,62.152665853500366,0.07627151161432266,0.04740477725863457
27.2,1500,7.418675899505615,0.12889759242534637,16.975570678710938,9.223830223083496,7205.219375576033,156.5797882080078,97.25695037841797,62.11335062980652,0.07627913355827332,0.04737952724099159
27.3,1500,7.439402103424072,0.12896279990673065,16.97551155090332,9.228858947753906,7203.854357716947,156.6645965576172,97.28771209716797,62.099361419677734,0.07646805047988892,0.04748617112636566
27.4,1500,7.46736478805542,0.12926875054836273,16.975217819213867,9.256604194641113,7200.810752567438,157.13287353515625,97.4773178100586,62.034958600997925,0.07660617679357529,0.047522611916065216
27.5,1500,7.496971130371094,0.12971451878547668,16.97507095336914,9.281167030334473,7198.922341865712,157.5484619140625,97.78780364990234,62.06839680671692,0.07666570693254471,0.047585174441337585
27.6,1500,7.517635822296143,0.13030850887298584,16.975074768066406,9.316181182861328,7197.438424073554,158.1428680419922,98.21534729003906,62.10545301437378,0.07654237747192383,0.04753698781132698
27.7,1500,7.52613639831543,0.13075518608093262,16.975128173828125,9.337223052978516,7197.389465277583,158.5005645751953,98.55134582519531,62.1772825717926,0.07636766880750656,0.04748334363102913
27.8,1500,7.514551639556885,0.13088704645633698,16.975364685058594,9.347431182861328,7200.113089724856,158.67605590820312,98.68805694580078,62.19467520713806,0.07614448666572571,0.047357816249132156
27.9,1500,7.507933139801025,0.13054242730140686,16.975753784179688,9.332964897155762,7204.057769857348,158.43411254882812,98.48213958740234,62.15968132019043,0.07623649388551712,0.047388363629579544
28,1500,7.494624137878418,0.13041773438453674,16.975601196289062,9.324978828430176,7205.8208693551005,158.297119140625,98.41215515136719,62.169259786605835,0.07615547627210617,0.047345295548439026
28.1,1500,7.464367389678955,0.12997573614120483,16.97563362121582,9.291107177734375,7208.672136377582,157.72242736816406,98.117431640625,62.20892667770386,0.07607585191726685,0.047325972467660904
28.2,1500,7.443936347961426,0.12941260635852814,16.975067138671875,9.257768630981445,7211.7052503565255,157.1512451171875,97.73343658447266,62.19068765640259,0.07616570591926575,0.04736797511577606
28.3,1500,7.423741340637207,0.12894436717033386,16.974706649780273,9.231657981872559,7212.802743366201,156.70468139648438,97.39463806152344,62.15170621871948,0.07622330635786057,0.04737408459186554
28.4,1500,7.402960777282715,0.1283123791217804,16.974533081054688,9.195283889770508,7213.543536576662,156.0856475830078,96.92723846435547,62.09874749183655,0.07637647539377213,0.047428835183382034
28.5,1500,7.398104190826416,0.12807384133338928,16.97429084777832,9.185159683227539,7212.172690289483,155.9115753173828,96.7286605834961,62.04071640968323,0.07648306339979172,0.04745064303278923
28.6,1500,7.401492118835449,0.1279926747083664,16.974048614501953,9.192171096801758,7209.281207113169,156.0283660888672,96.62860107421875,61.930155754089355,0.07659731805324554,0.04743683710694313
28.7,1500,7.40022087097168,0.12794320285320282,16.974119186401367,9.1953763961792,7207.032016712566,156.0834197998047,96.56111907958984,61.865073442459106,0.07663768529891968,0.0474119633436203
28.8,1500,7.40006685256958,0.12788857519626617,16.97399139404297,9.203432083129883,7204.3433628338435,156.21897888183594,96.48387908935547,61.761945486068726,0.076697438955307,0.047369834035634995
28.9,1500,7.408351421356201,0.127982497215271,16.97393226623535,9.203570365905762,7203.726132298928,156.2207794189453,96.54647064208984,61.80129647254944,0.0767335295677185,0.047422315925359726
29,1500,7.417111873626709,0.12800556421279907,16.974016189575195,9.194499969482422,7202.042882266032,156.06759643554688,96.54130554199219,61.85864806175232,0.07682837545871735,0.04752499610185623
29.1,1500,7.429300308227539,0.12841445207595825,16.97459602355957,9.22001838684082,7200.764125142704,156.50608825683594,96.83248901367188,61.8713915348053,0.07672321796417236,0.047469720244407654
29.2,1500,7.423755645751953,0.12849290668964386,16.975008010864258,9.228527069091797,7201.064289189429,156.65432739257812,96.89569091796875,61.853188276290894,0.07661595195531845,0.04738941043615341
29.3,1500,7.414031505584717,0.12853585183620453,16.975324630737305,9.239293098449707,7202.392005108728,156.83999633789062,96.9459457397461,61.8120014667511,0.07647593319416046,0.047271303832530975
29.4,1500,7.411750793457031,0.1285635083913803,16.97552490234375,9.236156463623047,7204.325877549569,156.78860473632812,96.99284362792969,61.86217665672302,0.07641544193029404,0.04727225378155708
29.5,1500,7.4146623611450195,0.12860554456710815,16.97555160522461,9.23604965209961,7205.397142632831,156.7870330810547,97.03898620605469,61.8922233581543,0.07640910893678665,0.04729129746556282
29.6,1500,7.417625904083252,0.1284601241350174,16.97563934326172,9.219009399414062,7205.528865107704,156.4985809326172,96.9310302734375,61.93732023239136,0.07652478665113449,0.04739740118384361
29.7,1500,7.438992500305176,0.1284203976392746,16.975584030151367,9.22397518157959,7204.781660626343,156.58236694335938,96.89100646972656,61.878615617752075,0.0767769142985344,0.047508493065834045
29.8,1500,7.454061508178711,0.1285550743341446,16.975616455078125,9.230135917663574,7202.640878988245,156.68724060058594,96.96379089355469,61.883652210235596,0.07687468826770782,0.04757286608219147
29.9,1500,7.47074556350708,0.1288163959980011,16.975412368774414,9.252771377563477,7201.6768569818705,157.06961059570312,97.14789581298828,61.85021996498108,0.07690074294805527,0.047563277184963226
30,1500,7.487794876098633,0.12911128997802734,16.974557876586914,9.271411895751953,7200.618997283219,157.37811279296875,97.35598754882812,61.861199140548706,0.07691149413585663,0.047578372061252594
30.1,1500,7.493640422821045,0.12954087555408478,16.974130630493164,9.302741050720215,7199.235911297048,157.90594482421875,97.6611557006836,61.84767484664917,0.07673102617263794,0.04745635390281677
30.2,1500,7.495838642120361,0.12969040870666504,16.974040985107422,9.313843727111816,7200.301930795028,158.09356689453125,97.78836822509766,61.854737997055054,0.07665368914604187,0.047413937747478485
30.3,1500,7.487717151641846,0.12962649762630463,16.974111557006836,9.307461738586426,7202.63738193139,157.98590087890625,97.77188110351562,61.88645958900452,0.07658354938030243,0.04739484563469887
30.4,1500,7.483481407165527,0.12930461764335632,16.974214553833008,9.295218467712402,7202.945122934634,157.77903747558594,97.53326416015625,61.81636452674866,0.0767274796962738,0.047430139034986496
30.5,1500,7.485007286071777,0.12945830821990967,16.97398567199707,9.30925178527832,7202.988836145322,158.01510620117188,97.6497802734375,61.7977499961853,0.07665155082941055,0.047368936240673065
30.6,1500,7.501083850860596,0.12950092554092407,16.974023818969727,9.309419631958008,7200.839311865087,158.018310546875,97.65277862548828,61.79839372634888,0.07681383192539215,0.04746971279382706
30.7,1500,7.480803489685059,0.12971088290214539,16.97386360168457,9.330856323242188,7200.250057785011,158.38067626953125,97.8031005859375,61.75191402435303,0.07648841291666031,0.04723305627703667
30.8,1500,7.467313766479492,0.1295442432165146,16.97406768798828,9.303816795349121,7203.863100359084,157.92361450195312,97.7264633178711,61.88210844993591,0.07641035318374634,0.047284338623285294
30.9,1500,7.46638822555542,0.12936310470104218,16.97417449951172,9.281303405761719,7206.432854304734,157.54246520996094,97.62462615966797,61.96718215942383,0.07648058235645294,0.047392863780260086
31,1550,7.456735134124756,0.12913614511489868,16.974258422851562,9.282307624816895,7208.214021929571,157.56028747558594,97.4774398803711,61.86675429344177,0.07649703323841095,0.047326233237981796
31.1,1550,7.462152481079102,0.1324521154165268,16.969514846801758,9.520176887512207,7218.572887177028,161.5527801513672,100.12415313720703,61.97612285614014,0.07452899217605591,0.046190183609724045
31.2,1550,7.682876110076904,0.14758287370204926,16.957971572875977,10.644262313842773,7328.85956921463,180.50509643554688,113.26637268066406,62.749677896499634,0.0678301602602005,0.04256320744752884
31.3,1550,8.08389949798584,0.15552400052547455,16.96230697631836,11.478596687316895,7524.196422495392,194.70347595214844,122.5423355102539,62.93792724609375,0.06596821546554565,0.041519030928611755
31.4,1550,8.411118507385254,0.15774759650230408,16.96825408935547,11.828777313232422,7683.2612192328015,200.7136993408203,126.9220199584961,63.23535442352295,0.06626997143030167,0.041906051337718964
31.5,1550,8.651275634765625,0.15782801806926727,16.971271514892578,11.980124473571777,7789.262840937354,203.3179473876953,128.7386932373047,63.318902254104614,0.06720028072595596,0.042550478130578995
31.6,1550,8.79469108581543,0.1568840742111206,16.972753524780273,12.051614761352539,7852.915104127293,204.54908752441406,129.0144500732422,63.0726158618927,0.0681682601571083,0.04299550503492355
31.7,1550,8.833672523498535,0.15617164969444275,16.973730087280273,12.087793350219727,7892.65624107085,205.17494201660156,129.07852172851562,62.91145086288452,0.06843642145395279,0.04305434226989746
31.8,1550,8.817922592163086,0.1563407927751541,16.974279403686523,12.07448673248291,7918.152116915376,204.95571899414062,129.6357421875,63.25061321258545,0.0680207684636116,0.04302355274558067
31.9,1550,8.856197357177734,0.15610088407993317,16.974544525146484,12.057987213134766,7932.369401559567,204.67884826660156,129.66921997070312,63.35253119468689,0.06829837709665298,0.04326874762773514
32,1550,8.89327621459961,0.15509510040283203,16.97446632385254,12.049002647399902,7938.632047544147,204.525390625,128.93545532226562,63.04129958152771,0.06897463649511337,0.04348250478506088
32.1,1550,8.877401351928711,0.1548517942428589,16.974294662475586,12.064444541931152,7940.06292664067,204.78543090820312,128.7563934326172,62.873804569244385,0.06894726306200027,0.043349768966436386
32.2,1550,8.871358871459961,0.15555550158023834,16.974334716796875,12.063704490661621,7938.668183798316,204.7733612060547,129.31878662109375,63.15215826034546,0.06860069185495377,0.043322816491127014
32.3,1550,8.909611701965332,0.15622569620609283,16.974136352539062,12.06932258605957,7937.244881658312,204.8663330078125,129.8526611328125,63.38409185409546,0.06861323863267899,0.04348987713456154
32.4,1550,8.971409797668457,0.1559378206729889,16.973875045776367,12.10470962524414,7937.10499938411,205.4638214111328,129.61109924316406,63.08220028877258,0.06921791285276413,0.04366417974233627
32.5,1550,8.964027404785156,0.15575818717479706,16.973968505859375,12.11690902709961,7937.805576440737,205.67202758789062,129.4732208251953,62.95130252838135,0.06923460215330124,0.04358408600091934
32.6,1550,8.944128036499023,0.15671983361244202,16.97333335876465,12.158902168273926,7938.070187076103,206.37710571289062,130.2769317626953,63.125669956207275,0.06865473836660385,0.04333876073360443
32.7,1550,8.967904090881348,0.1575384885072708,16.972970962524414,12.167640686035156,7940.155598647329,206.52101135253906,130.99185180664062,63.42785954475403,0.06846153736114502,0.043423689901828766
32.8,1550,9.008455276489258,0.15676581859588623,16.97300148010254,12.166476249694824,7942.723604064551,206.50161743164062,130.3915557861328,63.143110275268555,0.06908772140741348,0.043624140322208405
32.9,1550,8.996346473693848,0.15617163479328156,16.972848892211914,12.158873558044434,7942.0317696500615,206.3707275390625,129.88601684570312,62.93820142745972,0.06926339864730835,0.043593134731054306
33,1550,8.943323135375977,0.15652665495872498,16.972780227661133,12.15799331665039,7944.471549649265,206.35494995117188,130.2212677001953,63.10547590255737,0.06867789477109909,0.04333951324224472
33.1,1550,8.936285018920898,0.1571040153503418,16.972707748413086,12.14985179901123,7944.185373829961,206.21588134765625,130.6968994140625,63.378673791885376,0.06837411969900131,0.043334610760211945
33.2,1550,8.978611946105957,0.1567160040140152,16.972471237182617,12.153087615966797,7943.611273662924,206.26792907714844,130.36468505859375,63.201624155044556,0.06887304037809372,0.043528880923986435
33.3,1550,8.992329597473145,0.15612727403640747,16.97247886657715,12.17624282836914,7942.66123988397,206.66102600097656,129.85940551757812,62.836915254592896,0.06924664974212646,0.043512459844350815
33.4,1550,9.006002426147461,0.15693968534469604,16.972333908081055,12.200642585754395,7940.8660840317125,207.07337951660156,130.50563049316406,63.02385926246643,0.06900852918624878,0.04349184036254883
33.5,1550,9.04308795928955,0.15804895758628845,16.972152709960938,12.226360321044922,7939.766842493609,207.50765991210938,131.40988159179688,63.32772374153137,0.06881589442491531,0.04357953742146492
33.6,1550,9.08720874786377,0.15802784264087677,16.97218132019043,12.250646591186523,7939.83736647352,207.92019653320312,131.39349365234375,63.194191455841064,0.06916026771068573,0.04370527341961861
33.7,1550,9.118721008300781,0.15750239789485931,16.97282600402832,12.264211654663086,7940.074583496854,208.1583251953125,130.96051025390625,62.91389465332031,0.06962954252958298,0.04380665719509125
33.8,1550,9.115836143493652,0.15797977149486542,16.973283767700195,12.29763126373291,7938.809814600945,208.73118591308594,131.33651733398438,62.92136907577515,0.06940823793411255,0.04367261379957199
33.9,1550,9.1405668258667,0.15900582075119019,16.9736270904541,12.31607437133789,7936.685935404314,209.04844665527344,132.15415954589844,63.217002153396606,0.06916594505310059,0.04372463375329971
34,1550,9.183473587036133,0.15960772335529327,16.97330093383789,12.346636772155762,7934.622671859836,209.5631866455078,132.61993408203125,63.28398585319519,0.0692465528845787,0.04382197931408882
34.1,1550,9.210039138793945,0.15892696380615234,16.973739624023438,12.367148399353027,7934.460641558885,209.91676330566406,132.0515899658203,62.90664076805115,0.06974577158689499,0.043874721974134445
34.2,1550,9.196158409118652,0.15878510475158691,16.97395133972168,12.377116203308105,7936.216746942928,210.08856201171875,131.96292114257812,62.812989950180054,0.06968744844198227,0.04377276822924614
34.3,1550,9.176084518432617,0.15966978669166565,16.973892211914062,12.389933586120605,7938.017731223277,210.30540466308594,132.728271484375,63.112157583236694,0.06913436204195023,0.04363218694925308
34.4,1550,9.19956111907959,0.1600397676229477,16.973827362060547,12.40246868133545,7939.157771758022,210.51736450195312,133.054931640625,63.20377588272095,0.06914107501506805,0.04369977489113808
34.5,1550,9.225028038024902,0.15965688228607178,16.973703384399414,12.419427871704102,7940.2680873095,210.80368041992188,132.7551727294922,62.97573447227478,0.06948903203010559,0.043761227279901505
34.6,1550,9.202866554260254,0.15939806401729584,16.973876953125,12.42531681060791,7941.225115202164,210.90579223632812,132.55593872070312,62.85077929496765,0.0694262906908989,0.043634962290525436
34.7,1550,9.166107177734375,0.1601281613111496,16.974092483520508,12.432438850402832,7942.383223863993,211.0293731689453,133.18251037597656,63.11088800430298,0.06882365792989731,0.043435219675302505
34.8,1550,9.194623947143555,0.16102446615695953,16.973690032958984,12.443708419799805,7941.150511322589,211.2156524658203,133.90719604492188,63.3983314037323,0.06866414844989777,0.04353192448616028
34.9,1550,9.231504440307617,0.16036845743656158,16.973922729492188,12.444920539855957,7940.884735001606,211.23912048339844,133.35719299316406,63.13092112541199,0.06922389566898346,0.04370167851448059
35,1550,9.23426342010498,0.16007989645004272,16.973838806152344,12.445256233215332,7940.147438848,211.2437744140625,133.10487365722656,63.01008462905884,0.06937584280967712,0.043713778257369995
35.1,1550,9.159040451049805,0.1602420210838318,16.974035263061523,12.45671558380127,7942.7731457033315,211.44073486328125,133.28375244140625,63.035982847213745,0.06871835887432098,0.043317295610904694
35.2,1550,9.13176441192627,0.16033563017845154,16.974037170410156,12.417375564575195,7948.3934989122,210.7729949951172,133.4559783935547,63.317400217056274,0.06842529773712158,0.043325114995241165
35.3,1550,9.120576858520508,0.1592978835105896,16.973363876342773,12.405244827270508,7948.38650479849,210.55873107910156,132.5920867919922,62.97154426574707,0.06878674030303955,0.0433160699903965
35.4,1550,9.12598705291748,0.15885663032531738,16.972959518432617,12.39322566986084,7948.324723460718,210.34971618652344,132.22378540039062,62.85902261734009,0.06901925802230835,0.04338483139872551
35.5,1550,9.12859058380127,0.15925347805023193,16.972883224487305,12.37270736694336,7949.514305634242,210.00051879882812,132.5739288330078,63.13028931617737,0.0688566043972969,0.043469373136758804
35.6,1550,9.144335746765137,0.1599348783493042,16.972312927246094,12.379264831542969,7946.221826605216,210.10475158691406,133.08602905273438,63.34270238876343,0.06870995461940765,0.04352274537086487
35.7,1550,9.15431022644043,0.15906645357608795,16.97258758544922,12.357735633850098,7946.685769481319,209.7427520751953,132.37112426757812,63.11118006706238,0.06915640085935593,0.04364541918039322
35.8,1550,9.042878150939941,0.1575724333524704,16.97345542907715,12.297981262207031,7952.350418743686,208.73924255371094,131.2213134765625,62.863749265670776,0.06891318410634995,0.043321412056684494
35.9,1550,8.934393882751465,0.15715257823467255,16.973636627197266,12.223249435424805,7959.914552721151,207.47299194335938,130.99615478515625,63.13889026641846,0.06820348650217056,0.04306292533874512
36,1600,8.913029670715332,0.1559443175792694,16.97369384765625,12.135111808776855,7964.0317543251585,205.97767639160156,130.0562286376953,63.14093470573425,0.06853212416172028,0.04327182471752167
36.1,1600,8.91479206085205,0.1585010588169098,16.9670352935791,12.449129104614258,7979.677586694637,211.2248077392578,132.44822692871094,62.70486116409302,0.06730775535106659,0.04220522940158844
36.2,1600,9.17686653137207,0.1738779991865158,16.954166412353516,13.761009216308594,8095.396946556554,233.3064422607422,147.40472412109375,63.18073272705078,0.062256257981061935,0.03933396190404892
36.3,1600,9.623051643371582,0.1810588389635086,16.95869255065918,14.648568153381348,8279.27394452333,248.42056274414062,156.97865295410156,63.19068670272827,0.06130165606737137,0.03873693570494652
36.4,1600,9.9608736038208,0.18256694078445435,16.964372634887695,15.068063735961914,8423.436616315767,255.62025451660156,161.04234313964844,63.000619411468506,0.06185251474380493,0.03896746784448624
36.5,1600,10.167906761169434,0.18545736372470856,16.9674015045166,15.300168991088867,8518.81243076626,259.6040954589844,165.44427490234375,63.72945308685303,0.061458196491003036,0.039166972041130066
36.6,1600,10.340553283691406,0.1849346160888672,16.9694881439209,15.439473152160645,8577.865481349003,261.9999694824219,166.12158203125,63.40519189834595,0.0622469000518322,0.039467766880989075
36.7,1600,10.389418601989746,0.18604664504528046,16.97060203552246,15.51741886138916,8617.259826821102,263.3399353027344,167.88800048828125,63.753336668014526,0.06188303232192993,0.03945249691605568
36.8,1600,10.540079116821289,0.18627828359603882,16.97093963623047,15.58950424194336,8639.292450693514,264.56854248046875,168.52682495117188,63.69873881340027,0.06254244595766068,0.039838746190071106
36.9,1600,10.5377197265625,0.18583866953849792,16.971641540527344,15.62117862701416,8654.264516775585,265.1170349121094,168.42047119140625,63.526833057403564,0.06256792694330215,0.03974742442369461
37,1600,10.607837677001953,0.1872425079345703,16.971609115600586,15.654461860656738,8663.527054698985,265.681396484375,169.8743438720703,63.93911838531494,0.062445200979709625,0.039926908910274506
37.1,1600,10.633581161499023,0.18644322454929352,16.971651077270508,15.705401420593262,8665.835695066125,266.5466003417969,169.19427490234375,63.47643733024597,0.06284835189580917,0.03989389166235924
37.2,1600,10.709928512573242,0.18873624503612518,16.971206665039062,15.775758743286133,8666.253010517494,267.7336730957031,171.2834014892578,63.9752984046936,0.06252752989530563,0.04000217467546463
37.3,1600,10.760730743408203,0.1876298189163208,16.971364974975586,15.829858779907227,8664.749858912633,268.654296875,170.249755859375,63.371312618255615,0.06320555508136749,0.040054190903902054
37.4,1600,10.759202003479004,0.18997357785701752,16.971153259277344,15.897233963012695,8663.455947876266,269.7944030761719,172.35067749023438,63.88223171234131,0.06242622435092926,0.039879266172647476
37.5,1600,10.780508041381836,0.1890912652015686,16.97119903564453,15.956933975219727,8662.950623160712,270.80828857421875,171.5402069091797,63.343775272369385,0.0628453716635704,0.03980863094329834
37.6,1600,10.765113830566406,0.1906304657459259,16.971479415893555,15.987292289733887,8668.055743326271,271.3280029296875,173.0384521484375,63.77463936805725,0.0622122623026371,0.039675645530223846
37.7,1600,10.808486938476562,0.18931175768375397,16.972042083740234,15.973756790161133,8675.507388641567,271.1072692871094,171.98916625976562,63.43952417373657,0.06284400075674057,0.039867933839559555
37.8,1600,10.749466896057129,0.18981613218784332,16.972517013549805,15.948311805725098,8681.870866432133,270.6829833984375,172.57388305664062,63.75497579574585,0.062289074063301086,0.03971238434314728
37.9,1600,10.749069213867188,0.18844525516033173,16.972671508789062,15.904267311096191,8687.709202851633,269.9378967285156,171.44273376464844,63.51191997528076,0.06269772350788116,0.03982052579522133
38,1600,10.662327766418457,0.18862642347812653,16.973003387451172,15.854326248168945,8692.178441512382,269.09552001953125,171.6958465576172,63.80479335784912,0.06210009381175041,0.03962283581495285
38.1,1600,10.614899635314941,0.18742117285728455,16.972715377807617,15.820125579833984,8694.074429170627,268.510498046875,170.635986328125,63.54909539222717,0.06220786273479462,0.039532531052827835
38.2,1600,10.453922271728516,0.18803906440734863,16.972347259521484,15.795127868652344,8688.977468804396,268.08038330078125,171.09817504882812,63.823455572128296,0.06109897047281265,0.03899547457695007
38.3,1600,10.54506778717041,0.18771900236606598,16.972307205200195,15.801563262939453,8686.999883152866,268.1889953613281,170.76806640625,63.674527406692505,0.06175081804394722,0.039319541305303574
38.4,1600,10.559364318847656,0.187661275267601,16.972429275512695,15.768777847290039,8685.953680310398,267.63446044921875,170.6949920654297,63.77915143966675,0.061861008405685425,0.03945442661643028
38.5,1600,10.669295310974121,0.18803180754184723,16.97190284729004,15.786153793334961,8683.522642953332,267.92108154296875,170.98416137695312,63.818854093551636,0.06239932030439377,0.0398225337266922
38.6,1600,10.673308372497559,0.18773114681243896,16.971614837646484,15.823837280273438,8677.316532721243,268.5560607910156,170.5887451171875,63.52071762084961,0.06256747990846634,0.03974331542849541
38.7,1600,10.736404418945312,0.18897368013858795,16.970802307128906,15.869186401367188,8674.495573524839,269.3128356933594,171.66200256347656,63.740742206573486,0.06254386156797409,0.039865922182798386
38.8,1600,10.724900245666504,0.1880936473608017,16.97072410583496,15.889623641967773,8673.713981317736,269.6584167480469,170.84719848632812,63.35688829421997,0.06277481466531754,0.039772167801856995
38.9,1600,10.785149574279785,0.1900770515203476,16.97032356262207,15.942658424377441,8673.459861852936,270.55206298828125,172.6436767578125,63.81162405014038,0.06247057393193245,0.03986348956823349
39,1600,10.815642356872559,0.18881691992282867,16.971054077148438,15.953413963317871,8671.8756950976,270.7462463378906,171.46780395507812,63.33155035972595,0.06307681649923325,0.039947524666786194
39.1,1600,10.871163368225098,0.19154240190982819,16.97075653076172,16.023170471191406,8667.177399212846,271.9253234863281,173.84861755371094,63.93248438835144,0.06253235787153244,0.03997848927974701
39.2,1600,10.895020484924316,0.19012834131717682,16.971511840820312,16.068925857543945,8670.06130543264,272.7139587402344,172.6226043701172,63.29804062843323,0.06311468034982681,0.03995035961270332
39.3,1600,10.872970581054688,0.19175782799720764,16.971736907958984,16.084238052368164,8672.631059378291,272.9774475097656,174.15365600585938,63.79781365394592,0.06243320554494858,0.039831019937992096
39.4,1600,10.881158828735352,0.1902390420436859,16.97193717956543,16.091136932373047,8677.581143356609,273.0977783203125,172.87290954589844,63.30074071884155,0.06294310837984085,0.03984345495700836
39.5,1600,10.853477478027344,0.19147253036499023,16.971996307373047,16.091812133789062,8680.727328840532,273.11016845703125,174.056884765625,63.73137831687927,0.06235592067241669,0.039740290492773056
39.6,1600,10.92120361328125,0.19023962318897247,16.972002029418945,16.089900970458984,8679.699776967958,273.07781982421875,172.9156494140625,63.32101225852966,0.06315913796424866,0.039993006736040115
39.7,1600,10.884408950805664,0.19129550457000732,16.972139358520508,16.0794734954834,8678.93567004513,272.903076171875,173.86007690429688,63.70762586593628,0.06260441988706589,0.03988379240036011
39.8,1600,10.975519180297852,0.19150210916996002,16.97156524658203,16.136213302612305,8676.11179663468,273.8568115234375,173.9912109375,63.53364586830139,0.06308088451623917,0.040077585726976395
39.9,1600,10.948650360107422,0.19202925264835358,16.971391677856445,16.17923355102539,8673.091505197539,274.5841064453125,174.409423828125,63.51766586303711,0.06277556717395782,0.039873577654361725
40,1600,10.998786926269531,0.19280707836151123,16.97160530090332,16.189651489257812,8674.323052053323,274.7643737792969,175.1407470703125,63.74215483665466,0.06279970705509186,0.04002988710999489
40.1,1600,10.94759464263916,0.19210690259933472,16.97188377380371,16.215734481811523,8675.514382755277,275.2115478515625,174.5286865234375,63.41618895530701,0.06272661685943604,0.03977883234620094
40.2,1600,11.011998176574707,0.19314786791801453,16.97166633605957,16.235170364379883,8676.953421651127,275.53790283203125,175.50350952148438,63.694870471954346,0.06274517625570297,0.03996545821428299
40.3,1600,10.985845565795898,0.19192864000797272,16.97172737121582,16.242382049560547,8676.991306433723,275.6612854003906,174.39642333984375,63.26475143432617,0.06299352645874023,0.039852697402238846
40.4,1600,11.002577781677246,0.1933274120092392,16.971805572509766,16.250593185424805,8678.233927302885,275.8019104003906,175.6925811767578,63.702452182769775,0.06262403726577759,0.03989304602146149
40.5,1600,10.938678741455078,0.19134199619293213,16.972230911254883,16.230661392211914,8682.666446866655,275.47052001953125,173.97708129882812,63.156330585479736,0.06287425011396408,0.03970906883478165
40.6,1600,10.950191497802734,0.19294142723083496,16.971426010131836,16.21721649169922,8684.715722183713,275.2292785644531,175.47276306152344,63.75511884689331,0.06240393966436386,0.039785705506801605
40.7,1600,10.93613052368164,0.19112487137317657,16.97112464904785,16.207096099853516,8683.488255227592,275.0526428222656,173.79611206054688,63.186490535736084,0.0629250630736351,0.03976013511419296
40.8,1600,10.899436950683594,0.19271068274974823,16.971012115478516,16.185138702392578,8686.858252350237,274.6781921386719,175.30615234375,63.82237672805786,0.06217372789978981,0.03968075290322304
40.9,1600,10.9241304397583,0.19060727953910828,16.970712661743164,16.172969818115234,8686.203719875535,274.4668273925781,173.379638671875,63.16961646080017,0.06300699710845947,0.039801277220249176
41,1650,10.963571548461914,0.19288533926010132,16.970041275024414,16.2005558013916,8681.015253188265,274.9241027832031,175.3470001220703,63.780152797698975,0.06252499669790268,0.039878539741039276
41.1,1650,11.076749801635742,0.1987147480249405,16.958961486816406,16.895301818847656,8701.317999603047,286.5267639160156,181.06886291503906,63.1943941116333,0.061174239963293076,0.038658689707517624
41.2,1650,11.488540649414062,0.21428276598453522,16.947195053100586,18.550134658813477,8833.215327319218,314.37274169921875,198.2141571044922,63.050681352615356,0.05796024203300476,0.036544326692819595
41.3,1650,11.91944408416748,0.22228334844112396,16.954435348510742,19.56576156616211,9011.24000063907,331.7264404296875,209.75875854492188,63.23245167732239,0.05682453513145447,0.035931546241045
41.4,1650,12.310816764831543,0.22629889845848083,16.960224151611328,20.132043838500977,9143.88744705065,341.4439697265625,216.6915283203125,63.463276624679565,0.05681263655424118,0.03605515882372856
41.5,1650,12.424942970275879,0.22849011421203613,16.96356773376465,20.496368408203125,9234.28869812484,347.6915283203125,220.95278930664062,63.548511266708374,0.0562334768474102,0.035735536366701126
41.6,1650,12.513023376464844,0.2280246764421463,16.966108322143555,20.720733642578125,9298.50457031125,351.5502014160156,222.0360870361328,63.15913796424866,0.056355807930231094,0.03559384495019913
41.7,1650,12.626469612121582,0.23013165593147278,16.967809677124023,20.81667709350586,9345.696769727294,353.2134094238281,225.22503662109375,63.764578104019165,0.05606157332658768,0.03574742376804352
41.8,1650,12.701678276062012,0.2284688651561737,16.969097137451172,20.82550811767578,9378.108075502674,353.39007568359375,224.37313842773438,63.491636514663696,0.0566096194088459,0.03594237565994263
41.9,1650,12.815038681030273,0.2270468920469284,16.96932029724121,20.849088668823242,9396.23332118238,353.79486083984375,223.40760803222656,63.146090507507324,0.05736169219017029,0.036221664398908615
42,1650,12.902134895324707,0.22914563119411469,16.96934700012207,20.864234924316406,9407.747380877621,354.05242919921875,225.74900817871094,63.76146078109741,0.05715256556868553,0.03644131124019623
42.1,1650,12.790721893310547,0.22980882227420807,16.969038009643555,20.909616470336914,9409.316393719919,354.8160705566406,226.44012451171875,63.81901502609253,0.056486111134290695,0.036048877984285355
42.2,1650,12.783293724060059,0.22784560918807983,16.969289779663086,20.94220733642578,9410.026296261492,355.3743896484375,224.5226287841797,63.17918300628662,0.05693543702363968,0.03597134351730347
42.3,1650,12.915922164916992,0.22909116744995117,16.96952247619629,20.952983856201172,9413.828179905739,355.5621337890625,225.8412322998047,63.51667046546936,0.05719027668237686,0.0363253578543663
42.4,1650,12.843822479248047,0.23080995678901672,16.969043731689453,20.9791202545166,9414.34924137714,355.99560546875,227.54823303222656,63.9188289642334,0.05644439533352852,0.036078598350286484
42.5,1650,12.725456237792969,0.22886376082897186,16.969144821166992,20.994110107421875,9413.694126059627,356.2521057128906,225.61383056640625,63.32982778549194,0.05640370398759842,0.03572037070989609
42.6,1650,12.74399471282959,0.22913622856140137,16.96917724609375,21.028846740722656,9412.80237656159,356.84222412109375,225.8610382080078,63.29436898231506,0.05642405152320862,0.03571324795484543
42.7,1650,12.698674201965332,0.23069149255752563,16.969717025756836,21.013105392456055,9418.638964452664,356.5864562988281,227.53506469726562,63.80922794342041,0.05580974370241165,0.03561176732182503
42.8,1650,12.619948387145996,0.22951637208461761,16.970077514648438,20.972368240356445,9424.864308497456,355.9027099609375,226.52565002441406,63.64819407463074,0.05571090057492256,0.03545898199081421
42.9,1650,12.623222351074219,0.22744120657444,16.96990203857422,20.968900680541992,9422.812701809162,355.8401794433594,224.4286651611328,63.07007074356079,0.05624603480100632,0.03547441586852074
43,1650,12.71497631072998,0.22947095334529877,16.969505310058594,20.97486114501953,9421.700637729256,355.9330139160156,226.40480041503906,63.60882520675659,0.05616036430001259,0.03572294861078262
43.1,1650,12.689775466918945,0.23051856458187103,16.96939468383789,20.982301712036133,9420.54835749552,356.05694580078125,227.4105987548828,63.86916637420654,0.055801160633563995,0.03563973307609558
43.2,1650,12.630260467529297,0.22827380895614624,16.969755172729492,20.98775863647461,9420.647440773078,356.1571350097656,225.198486328125,63.23009133338928,0.0560850165784359,0.03546260669827461
43.3,1650,12.67454719543457,0.2285807728767395,16.969675064086914,20.98667335510254,9420.423046291546,356.13702392578125,225.49594116210938,63.31718564033508,0.056207429617643356,0.035588961094617844
43.4,1650,12.793963432312012,0.23034191131591797,16.969762802124023,20.98660659790039,9421.695974986784,356.1377258300781,227.26400756835938,63.81351351737976,0.056295596063137054,0.03592419996857643
43.5,1650,12.838677406311035,0.22954797744750977,16.969512939453125,20.9945011138916,9422.056171842853,356.2664489746094,226.48934936523438,63.573020696640015,0.05668557062745094,0.03603672608733177
43.6,1650,12.844465255737305,0.228773832321167,16.968950271606445,21.026180267333984,9415.159392881893,356.7922058105469,225.56028747558594,63.21895122528076,0.05694470927119255,0.0359998494386673
43.7,1650,12.891392707824707,0.23182810842990875,16.968280792236328,21.1284122467041,9407.012416095253,358.5128173828125,228.37387084960938,63.70033621788025,0.05644863098859787,0.03595796599984169
43.8,1650,12.815598487854004,0.23206362128257751,16.968385696411133,21.1864070892334,9403.584134691688,359.4991149902344,228.52256774902344,63.56693506240845,0.056080229580402374,0.03564848378300667
43.9,1650,12.780102729797363,0.2306215912103653,16.96880531311035,21.235750198364258,9406.034405861457,360.3453063964844,227.16171264648438,63.04001212120056,0.05625993013381958,0.0354662649333477
44,1650,12.827651023864746,0.23204120993614197,16.969398498535156,21.238754272460938,9414.044414587941,360.40887451171875,228.7546844482422,63.47087621688843,0.056076016277074814,0.035591937601566315
44.1,1650,12.801322937011719,0.23264513909816742,16.969905853271484,21.2175350189209,9419.839037796753,360.0595703125,229.49122619628906,63.737016916275024,0.05578131973743439,0.03555334731936455
44.2,1650,12.769684791564941,0.22926297783851624,16.970928192138672,21.140106201171875,9431.805966354723,358.7672119140625,226.4422149658203,63.11675310134888,0.05639268457889557,0.03559323027729988
44.3,1650,12.738871574401855,0.22787952423095703,16.971330642700195,21.015592575073242,9440.996231769785,356.6625671386719,225.29510498046875,63.16757798194885,0.05654304847121239,0.03571687266230583
44.4,1650,12.802978515625,0.22841297090053558,16.971206665039062,20.8974552154541,9445.280709260027,354.655029296875,225.9249725341797,63.702744245529175,0.05666916072368622,0.03609980642795563
44.5,1650,12.71634292602539,0.22869296371936798,16.97034454345703,20.845003128051758,9440.004816151379,353.74688720703125,226.07557678222656,63.908851146698,0.056248195469379425,0.03594757616519928
44.6,1650,12.601934432983398,0.22677399218082428,16.96946907043457,20.86780548095703,9428.994332643266,354.1155700683594,223.91708374023438,63.2327675819397,0.056279465556144714,0.035587064921855927
44.7,1650,12.599624633789062,0.22785697877407074,16.969402313232422,20.902721405029297,9424.165479969255,354.7066955566406,224.8712158203125,63.396382331848145,0.056030403822660446,0.035521250218153
44.8,1650,12.633893013000488,0.22976750135421753,16.969327926635742,20.913436889648438,9421.246020338102,354.886962890625,226.6864471435547,63.875675201416016,0.05573289841413498,0.03559976443648338
44.9,1650,12.549009323120117,0.22859065234661102,16.96942901611328,20.921384811401367,9417.658040004822,355.0239562988281,225.4394989013672,63.49979639053345,0.05566464364528656,0.03534693643450737
45,1650,12.534537315368652,0.22739197313785553,16.970014572143555,20.904611587524414,9421.09739542176,354.7515563964844,224.3392333984375,63.23840618133545,0.05587313696742058,0.03533328324556351
45.1,1650,12.600878715515137,0.22893470525741577,16.97007179260254,20.885066986083984,9423.79479194262,354.42108154296875,225.92593383789062,63.745057582855225,0.05577437952160835,0.03555341064929962
45.2,1650,12.61678695678711,0.22837701439857483,16.97054672241211,20.842458724975586,9429.494994616347,353.7079162597656,225.5118865966797,63.75652551651001,0.05594732612371445,0.035670071840286255
45.3,1650,12.629914283752441,0.22513601183891296,16.970993041992188,20.75807762145996,9434.42642762477,352.2851867675781,222.4278106689453,63.13856244087219,0.056782081723213196,0.03585139289498329
45.4,1650,12.678926467895508,0.22501690685749054,16.970487594604492,20.6928768157959,9435.933076286487,351.168212890625,222.34564208984375,63.315993547439575,0.05702349916100502,0.036104995757341385
45.5,1650,12.746376037597656,0.22659866511821747,16.969724655151367,20.633224487304688,9435.600855885257,350.14013671875,223.90074157714844,63.946038484573364,0.056928690522909164,0.03640364110469818
45.6,1650,12.697108268737793,0.2262403517961502,16.969100952148438,20.612640380859375,9431.479574381585,349.7779846191406,223.4490509033203,63.88310790061951,0.056823279708623886,0.036300480365753174
45.7,1650,12.69223403930664,0.22394800186157227,16.96873664855957,20.612550735473633,9426.197852844847,349.7689514160156,221.0611114501953,63.20204138755798,0.05741504579782486,0.03628748282790184
45.8,1650,12.695555686950684,0.22667503356933594,16.96783447265625,20.666019439697266,9417.26462110863,350.6575927734375,223.5409393310547,63.74906897544861,0.0567929781973362,0.036204993724823
45.9,1650,12.673835754394531,0.22875386476516724,16.967079162597656,20.754688262939453,9407.990426329046,352.1464538574219,225.36886596679688,63.998621702194214,0.056235965341329575,0.035990241914987564
46,1700,12.626917839050293,0.22719453275203705,16.967138290405273,20.827497482299805,9403.041508036347,353.3830261230469,223.71487426757812,63.306623697280884,0.0564420148730278,0.03573153540492058
46.1,1700,12.80314826965332,0.2333044707775116,16.958812713623047,21.36945152282715,9416.525576426597,362.4005126953125,230.0606689453125,63.482433557510376,0.05565118417143822,0.03532872349023819
46.2,1700,13.114739418029785,0.24841713905334473,16.941984176635742,23.211414337158203,9522.37099625829,393.2474060058594,247.71669006347656,62.992578744888306,0.05294249206781387,0.033349841833114624
46.3,1700,13.544071197509766,0.2576560080051422,16.945556640625,24.663068771362305,9688.956796605287,417.929443359375,261.4242858886719,62.552255392074585,0.05180877447128296,0.03240755572915077
46.4,1700,14.07369613647461,0.26330018043518066,16.952064514160156,25.526565551757812,9824.674658935597,432.7279968261719,270.8930969238281,62.60124444961548,0.05195295065641403,0.03252319246530533
46.5,1700,14.459856986999512,0.2686293423175812,16.956157684326172,26.14054298400879,9921.097841914176,443.2431640625,279.0884094238281,62.96507716178894,0.05181102827191353,0.03262285515666008
46.6,1700,14.67015552520752,0.27054551243782043,16.959444046020508,26.561275482177734,9989.965382560607,450.4644775390625,283.0303039550781,62.83077001571655,0.05183245614171028,0.03256673365831375
46.7,1700,14.799678802490234,0.27154532074928284,16.96150016784668,26.860855102539062,10036.83410421756,455.60040283203125,285.4090270996094,62.64459490776062,0.05185427889227867,0.03248390182852745
46.8,1700,14.963820457458496,0.2728673815727234,16.962751388549805,27.090381622314453,10068.02435430772,459.52740478515625,287.6898193359375,62.60558366775513,0.05201372876763344,0.032563500106334686
46.9,1700,15.076333045959473,0.2737484574317932,16.963573455810547,27.27210807800293,10090.696939584604,462.6324157714844,289.2687072753906,62.52668499946594,0.052118781954050064,0.03258814662694931
47,1700,15.209839820861816,0.275644987821579,16.96378517150879,27.445791244506836,10105.226045131705,465.5845031738281,291.6921691894531,62.65074610710144,0.05214346572756767,0.03266827017068863
47.1,1700,15.281810760498047,0.2777149975299835,16.963930130004883,27.606111526489258,10113.574685530319,468.3081359863281,294.1254577636719,62.80596852302551,0.051956772804260254,0.03263195604085922
47.2,1700,15.286568641662598,0.2785865068435669,16.964706420898438,27.693004608154297,10125.482164121753,469.8036804199219,295.3958740234375,62.876445055007935,0.05174943432211876,0.03253820538520813
47.3,1700,15.277209281921387,0.27828601002693176,16.965625762939453,27.716480255126953,10138.858406592306,470.2274169921875,295.467041015625,62.8349244594574,0.051705289632081985,0.032488979399204254
47.4,1700,15.257783889770508,0.27800169587135315,16.965909957885742,27.72214126586914,10147.299136154768,470.33135986328125,295.4109191894531,62.8091037273407,0.05164935812354088,0.03244049847126007
47.5,1700,15.234681129455566,0.27743664383888245,16.965866088867188,27.73460578918457,10152.305755885578,470.5415954589844,294.9559326171875,62.68434524536133,0.05165070295333862,0.03237690404057503
47.6,1700,15.233277320861816,0.2769901156425476,16.965770721435547,27.756994247436523,10153.332724915343,470.9187927246094,294.510986328125,62.53965497016907,0.051723968237638474,0.032347992062568665
47.7,1700,15.23317813873291,0.27688026428222656,16.965713500976562,27.79065704345703,10153.064617223123,471.4883117675781,294.38641357421875,62.43768930435181,0.051745519042015076,0.032308705151081085
47.8,1700,15.216525077819824,0.2766050696372986,16.965925216674805,27.813304901123047,10154.057781369957,471.8784484863281,294.1225891113281,62.330162525177,0.05173531547188759,0.032246705144643784
47.9,1700,15.231682777404785,0.27661392092704773,16.965682983398438,27.848146438598633,10152.45146658787,472.46282958984375,294.0854797363281,62.24520802497864,0.05179338529706001,0.032238900661468506
48,1700,15.25692367553711,0.27685439586639404,16.965984344482422,27.869373321533203,10153.670773744663,472.83135986328125,294.3764953613281,62.258243560791016,0.05182792991399765,0.03226715698838234
48.1,1700,15.269749641418457,0.27682986855506897,16.966148376464844,27.882287979125977,10155.372674747454,473.0550231933594,294.3997497558594,62.23372220993042,0.051867399364709854,0.032279014587402344
48.2,1700,15.237706184387207,0.2764738202095032,16.96668243408203,27.84667205810547,10161.527494812335,472.46563720703125,294.1993103027344,62.26893067359924,0.05179382115602493,0.03225145861506462
48.3,1700,15.210359573364258,0.2758026123046875,16.96660804748535,27.781457901000977,10169.05665822125,471.35711669921875,293.7025146484375,62.309980392456055,0.051788318902254105,0.03226929157972336
48.4,1700,15.131795883178711,0.27468350529670715,16.966991424560547,27.658462524414062,10178.366989255002,469.2808837890625,292.7785949707031,62.388771772384644,0.05168341100215912,0.032244645059108734
48.5,1700,15.098321914672852,0.273417204618454,16.96712303161621,27.527084350585938,10185.091829587258,467.055419921875,291.62139892578125,62.43828535079956,0.05177370831370354,0.03232661634683609
48.6,1700,15.089679718017578,0.2729225158691406,16.966392517089844,27.448505401611328,10181.430411060024,465.7021179199219,290.9891357421875,62.48396635055542,0.05185650289058685,0.03240199759602547
48.7,1700,15.116719245910645,0.27331411838531494,16.965373992919922,27.438396453857422,10172.504756280327,465.5026550292969,291.1512145996094,62.54554986953735,0.051920510828495026,0.03247397020459175
48.8,1700,15.130594253540039,0.27400967478752136,16.96491050720215,27.47646141052246,10166.150603974707,466.1357116699219,291.7098083496094,62.580448389053345,0.05186864733695984,0.03245963528752327
48.9,1700,15.144030570983887,0.2745343744754791,16.96476173400879,27.493364334106445,10160.921338290795,466.4183654785156,292.1180725097656,62.630051374435425,0.05184215307235718,0.0324687696993351
49,1700,15.117879867553711,0.27490729093551636,16.964567184448242,27.542282104492188,10159.182135348217,467.2428894042969,292.4648132324219,62.59374022483826,0.05169127881526947,0.03235550597310066
49.1,1700,15.099488258361816,0.27538755536079407,16.96484375,27.552749633789062,10159.56098317418,467.4281005859375,292.9866638183594,62.68059015274048,0.0515364333987236,0.0323033407330513
49.2,1700,15.069202423095703,0.27488142251968384,16.96523094177246,27.519275665283203,10162.240894410765,466.8708801269531,292.52532958984375,62.65658736228943,0.05151417851448059,0.032277025282382965
49.3,1700,15.039133071899414,0.27420946955680847,16.96564292907715,27.475614547729492,10166.003727586794,466.1414794921875,291.9183044433594,62.62440085411072,0.05151829496026039,0.03226302191615105
49.4,1700,14.994958877563477,0.2733965814113617,16.966609954833984,27.403690338134766,10169.442500160923,464.9477233886719,291.1513671875,62.620240449905396,0.051502276211977005,0.03225084766745567
49.5,1700,14.925304412841797,0.27253663539886475,16.967124938964844,27.339956283569336,10172.691265979262,463.8804626464844,290.32830810546875,62.58687973022461,0.05140836909413338,0.03217489272356033
49.6,1700,14.8624267578125,0.2716771066188812,16.967390060424805,27.279645919799805,10175.77800149665,462.8643798828125,289.50048828125,62.54541873931885,0.05133817717432976,0.03210967779159546
49.7,1700,14.833272933959961,0.2712218463420868,16.9672908782959,27.222768783569336,10174.827967717696,461.8966369628906,288.9883728027344,62.56559491157532,0.05132827162742615,0.03211383521556854
49.8,1700,14.820080757141113,0.27073463797569275,16.96689796447754,27.192825317382812,10171.734238086598,461.3778991699219,288.38153076171875,62.50441074371338,0.05139053240418434,0.03212134912610054
49.9,1700,14.807613372802734,0.27049732208251953,16.966829299926758,27.180240631103516,10167.317455278673,461.1625061035156,288.0036315917969,62.45166063308716,0.05141467601060867,0.03210931643843651
50,1700,14.761034965515137,0.2702397406101227,16.96710968017578,27.153560638427734,10166.644854676886,460.7174377441406,287.7103576660156,62.448328733444214,0.051305193454027176,0.03203923627734184
50.1,1700,14.691461563110352,0.2692195475101471,16.967660903930664,27.105785369873047,10171.194525645302,459.9217834472656,286.7524719238281,62.34809756278992,0.05123395100235939,0.031943392008543015
50.2,1700,14.659170150756836,0.26848259568214417,16.96796226501465,27.026323318481445,10175.216141028606,458.5816345214844,286.0805969238281,62.38378882408142,0.051241401582956314,0.031966324895620346
50.3,1700,14.647817611694336,0.2678647041320801,16.966882705688477,26.966075897216797,10174.009656413615,457.5302429199219,285.38836669921875,62.37584352493286,0.05132590979337692,0.03201496973633766
50.4,1700,14.672606468200684,0.267270028591156,16.966609954833984,26.915128707885742,10174.918891195926,456.6584777832031,284.7802429199219,62.36175298690796,0.05152256041765213,0.032130371779203415
50.5,1700,14.6243314743042,0.26682499051094055,16.966325759887695,26.86273956298828,10174.812813804658,455.7619934082031,284.3030700683594,62.37972378730774,0.051439233124256134,0.032087650150060654
50.6,1700,14.658312797546387,0.2669999897480011,16.96536636352539,26.860254287719727,10167.852504977496,455.6940612792969,284.294921875,62.38723397254944,0.051560234278440475,0.03216700628399849
50.7,1700,14.822627067565918,0.2683192491531372,16.964031219482422,26.9486026763916,10153.699915885123,457.1569519042969,285.3019714355469,62.407881021499634,0.05195416882634163,0.03242349624633789
50.8,1700,14.93374252319336,0.27065789699554443,16.963167190551758,27.095277786254883,10140.059062779204,459.6217346191406,287.4020080566406,62.530118227005005,0.05196116119623184,0.032491374760866165
50.9,1700,14.996925354003906,0.2728455662727356,16.96311378479004,27.237031936645508,10134.71789127593,462.0248718261719,289.5724182128906,62.67463564872742,0.05178989842534065,0.03245912864804268
51,1750,15.040064811706543,0.2742841839790344,16.962987899780273,27.360803604125977,10132.429650407112,464.1209716796875,291.03350830078125,62.70638704299927,0.0516781210899353,0.03240548446774483
51.1,1750,15.156822204589844,0.28158003091812134,16.949243545532227,28.33256721496582,10156.045275349241,480.215576171875,299.4712219238281,62.36183047294617,0.0506119467318058,0.03156253695487976
51.2,1750,15.543940544128418,0.29484984278678894,16.9349308013916,30.4816951751709,10283.300842933148,516.2053833007812,317.5133972167969,61.50912046432495,0.04895522817969322,0.030111929401755333
51.3,1750,16.09245491027832,0.3045348823070526,16.941417694091797,31.97325897216797,10446.020064084081,541.67236328125,333.13214111328125,61.50067448616028,0.04830652475357056,0.02970883622765541
51.4,1750,16.443490982055664,0.3087228536605835,16.948760986328125,32.885459899902344,10578.434956214798,557.3677978515625,341.9942626953125,61.35880947113037,0.04808118939399719,0.02950204722583294
51.5,1750,16.728639602661133,0.3107032775878906,16.953962326049805,33.42618942260742,10679.84727363991,566.7063598632812,347.48773193359375,61.31707429885864,0.04814166948199272,0.029519060626626015
51.6,1750,16.90483283996582,0.3122459352016449,16.956939697265625,33.78942108154297,10748.991081777891,572.9651489257812,351.47393798828125,61.342984437942505,0.048096977174282074,0.029504118487238884
51.7,1750,17.03584861755371,0.31302541494369507,16.95912742614746,33.99987030029297,10797.976688517765,576.608154296875,353.95709228515625,61.386072635650635,0.04812970012426376,0.029544932767748833
51.8,1750,17.103105545043945,0.3125675320625305,16.960737228393555,34.110496520996094,10833.904284960894,578.5391845703125,354.61529541015625,61.29494905471802,0.04823002591729164,0.02956257201731205
51.9,1750,17.071870803833008,0.3118823170661926,16.96188735961914,34.17837142944336,10858.733388631725,579.7296752929688,354.6488342285156,61.17486357688904,0.04813739284873009,0.02944798395037651
52,1750,16.983688354492188,0.3114577829837799,16.96278953552246,34.18455123901367,10878.05929049833,579.8653564453125,354.7964172363281,61.18600368499756,0.04786882549524307,0.029289020225405693
52.1,1750,16.994016647338867,0.31133484840393066,16.9634952545166,34.14993667602539,10893.738927750741,579.3023071289062,355.1675720214844,61.30954027175903,0.04784788191318512,0.029335318133234978
52.2,1750,17.017375946044922,0.3111930787563324,16.963958740234375,34.06123733520508,10904.59029517195,577.8134155273438,355.3594665527344,61.500728130340576,0.04788777977228165,0.029451332986354828
52.3,1750,17.057340621948242,0.3099762499332428,16.9647216796875,33.939292907714844,10914.272479917956,575.7706298828125,354.28424072265625,61.53218150138855,0.04814592003822327,0.029625235125422478
52.4,1750,17.002174377441406,0.30882012844085693,16.963939666748047,33.885372161865234,10912.83635523615,574.8294067382812,352.9164123535156,61.394983530044556,0.04817620664834976,0.029577774927020073
52.5,1750,16.964208602905273,0.3094733953475952,16.962419509887695,33.957637786865234,10899.709569487923,576.0037231445312,353.237548828125,61.325567960739136,0.04802493005990982,0.029451562091708183
52.6,1750,16.917572021484375,0.31054455041885376,16.962356567382812,34.023193359375,10893.973230560028,577.113525390625,354.27362060546875,61.387163400650024,0.04775283858180046,0.029314113780856133
52.7,1750,16.960073471069336,0.3109857439994812,16.962913513183594,34.042301177978516,10896.390862532484,577.4566040039062,354.8556823730469,61.451488733291626,0.04779428243637085,0.029370298609137535
52.8,1750,17.108373641967773,0.31169331073760986,16.962339401245117,34.077903747558594,10894.186551028186,578.0409545898438,355.59112548828125,61.516594886779785,0.04811248928308487,0.029597165063023567
52.9,1750,17.25223731994629,0.31281575560569763,16.960859298706055,34.235130310058594,10880.422135246723,580.6572265625,356.4207458496094,61.38229966163635,0.04840413108468056,0.029711568728089333
53,1750,17.33815574645996,0.31425347924232483,16.96033477783203,34.43070602416992,10871.63519705561,583.956298828125,357.76971435546875,61.266523599624634,0.04846177622675896,0.02969084493815899
53.1,1750,17.301700592041016,0.31448233127593994,16.961257934570312,34.536563873291016,10872.866161068587,585.7835693359375,358.07080078125,61.12681031227112,0.048319216817617416,0.029535995796322823
53.2,1750,17.21674919128418,0.31437671184539795,16.962356567382812,34.578006744384766,10883.617279526617,586.5244750976562,358.3044738769531,61.08943223953247,0.04805060848593712,0.029353845864534378
53.3,1750,17.211450576782227,0.3150289058685303,16.96242904663086,34.592018127441406,10888.862864809187,586.7646484375,359.2208557128906,61.22060418128967,0.04791328310966492,0.029332799836993217
53.4,1750,17.28118896484375,0.31561487913131714,16.962472915649414,34.61744689941406,10893.192221195735,587.197509765625,360.0321350097656,61.3136351108551,0.04799902066588402,0.02942994236946106
53.5,1750,17.36174201965332,0.31527531147003174,16.962194442749023,34.64815902709961,10893.286641730821,587.7088012695312,359.64788818359375,61.194908618927,0.04827427864074707,0.02954140119254589
53.6,1750,17.472843170166016,0.31565117835998535,16.961578369140625,34.72093963623047,10887.691350762747,588.9219360351562,359.8916931152344,61.11025810241699,0.048550281673669815,0.029669201001524925
53.7,1750,17.43745994567871,0.3158077895641327,16.961515426635742,34.813316345214844,10883.690717720574,590.486572265625,359.9379577636719,60.956162214279175,0.04844573885202408,0.029530661180615425
53.8,1750,17.38254165649414,0.31595009565353394,16.961668014526367,34.90338134765625,10883.922689158626,592.0195922851562,360.1078186035156,60.827016830444336,0.04827038198709488,0.029361430555582047
53.9,1750,17.29448699951172,0.31667372584342957,16.9622745513916,34.951412200927734,10888.196092635491,592.85546875,361.0743103027344,60.9042763710022,0.04789730906486511,0.02917150780558586
54,1750,17.271703720092773,0.31703463196754456,16.962739944458008,34.92940902709961,10896.498105609373,592.4984741210938,361.7614440917969,61.056941747665405,0.04774335026741028,0.02915062941610813
54.1,1750,17.39582061767578,0.317522257566452,16.962627410888672,34.93339157104492,10897.041315107523,592.5621337890625,362.3359069824219,61.147332191467285,0.0480102002620697,0.029356958344578743
54.2,1750,17.42486572265625,0.31715261936187744,16.962772369384766,34.92263412475586,10898.322403602087,592.3847045898438,361.9566650390625,61.10162138938904,0.0481407530605793,0.02941478043794632
54.3,1750,17.401357650756836,0.3165491819381714,16.962806701660156,34.92784881591797,10898.186018384742,592.474365234375,361.2634582519531,60.97537279129028,0.04816805571317673,0.02937065251171589
54.4,1750,17.333356857299805,0.3165845572948456,16.962482452392578,34.96940612792969,10895.622675709992,593.1679077148438,361.2188415527344,60.896557569503784,0.0479857474565506,0.02922166883945465
54.5,1750,17.320497512817383,0.31742969155311584,16.96219253540039,35.03946304321289,10893.716779723993,594.3461303710938,362.1197814941406,60.92742085456848,0.04783085361123085,0.02914210595190525
54.6,1750,17.298580169677734,0.31724828481674194,16.96307373046875,35.01401901245117,10899.50790587595,593.9453735351562,362.105224609375,60.9660804271698,0.04777224734425545,0.029124867171049118
54.7,1750,17.34206199645996,0.31657740473747253,16.9637508392334,34.93427658081055,10907.715498314743,592.6163940429688,361.611572265625,61.01951003074646,0.047957707196474075,0.029263556003570557
54.8,1750,17.33815574645996,0.3151925504207611,16.963943481445312,34.85639572143555,10911.512136373705,591.3019409179688,360.1550598144531,60.90882420539856,0.04814080893993378,0.029322000220417976
54.9,1750,17.261430740356445,0.31435033679008484,16.96356964111328,34.81137466430664,10910.671677042876,590.5252075195312,359.1650085449219,60.82128882408142,0.04805988818407059,0.029230643063783646
55,1750,17.190574645996094,0.31492549180984497,16.96299934387207,34.813716888427734,10907.12566139186,590.5450439453125,359.7052307128906,60.91071963310242,0.04779072850942612,0.02910967543721199
55.1,1750,17.202970504760742,0.31574171781539917,16.962961196899414,34.800010681152344,10905.328174168364,590.3112182617188,360.5780944824219,61.08270883560181,0.04770941659808159,0.02914220467209816
55.2,1750,17.305238723754883,0.31582483649253845,16.962993621826172,34.771121978759766,10905.181297780453,589.8223266601562,360.66815185546875,61.14860773086548,0.047981057316064835,0.029339749366044998
55.3,1750,17.32970428466797,0.31538087129592896,16.96308708190918,34.74433898925781,10903.755664269213,589.3712768554688,360.11407470703125,61.10139489173889,0.048122819513082504,0.02940371446311474
55.4,1750,17.277502059936523,0.3146366775035858,16.963115692138672,34.73353576660156,10903.073738182478,589.18896484375,359.2418518066406,60.97226142883301,0.04809434711933136,0.029324211180210114
55.5,1750,17.186424255371094,0.31479817628860474,16.96278190612793,34.767024993896484,10900.449779855575,589.7454833984375,359.3397216796875,60.93132495880127,0.047827787697315216,0.02914210595190525
55.6,1750,17.10964584350586,0.315411776304245,16.96286392211914,34.777103424072266,10900.833290424012,589.9192504882812,360.0528259277344,61.034250259399414,0.04751982167363167,0.029003368690609932
55.7,1750,17.142589569091797,0.31532689929008484,16.962421417236328,34.77909469604492,10901.333369554284,589.9376831054688,359.9724426269531,61.018723249435425,0.047621950507164,0.0290583074092865
55.8,1750,17.223955154418945,0.31541571021080017,16.962017059326172,34.76984405517578,10902.283403333238,589.7666625976562,360.105224609375,61.058926582336426,0.04783033952116966,0.02920469269156456
55.9,1750,17.21123695373535,0.314206063747406,16.962188720703125,34.71852111816406,10905.191788951019,588.902099609375,358.81988525390625,60.93031167984009,0.047966230660676956,0.029225973412394524
56,1800,17.17055320739746,0.31327372789382935,16.96223258972168,34.67057800292969,10907.791267879937,588.0903930664062,357.8404235839844,60.84786057472229,0.04798382520675659,0.02919713221490383
56.1,1800,17.126558303833008,0.317781001329422,16.95089340209961,35.252235412597656,10919.075104665553,597.556884765625,363.3644104003906,60.808342695236206,0.04713328182697296,0.02866096794605255
56.2,1800,17.591445922851562,0.3309142291545868,16.929399490356445,37.45504379272461,11015.586879751127,634.0913696289062,381.7259521484375,60.200464725494385,0.046083964407444,0.027742760255932808
56.3,1800,18.061603546142578,0.3409416079521179,16.93234634399414,39.2923698425293,11165.742341307496,665.31201171875,398.6540832519531,59.919869899749756,0.045306455343961716,0.0271475687623024
56.4,1800,18.52569007873535,0.3467971682548523,16.938873291015625,40.518211364746094,11286.488720398544,686.3328247070312,409.88592529296875,59.72115993499756,0.04519718512892723,0.026992281898856163
56.5,1800,18.881563186645508,0.3500991761684418,16.94359016418457,41.39133834838867,11374.995732342915,701.31787109375,417.03350830078125,59.464263916015625,0.045275889337062836,0.02692297473549843
56.6,1800,19.041292190551758,0.3517870604991913,16.94770050048828,42.02373123168945,11442.304751317615,712.2056274414062,421.523681640625,59.18567180633545,0.04517253115773201,0.026735667139291763
56.7,1800,19.036338806152344,0.35419049859046936,16.951618194580078,42.41069030761719,11499.01885370714,718.9298095703125,426.50714111328125,59.32528376579285,0.044633105397224426,0.026478715240955353
56.8,1800,19.18726921081543,0.3556292653083801,16.953842163085938,42.66964340209961,11541.313424997692,723.4144287109375,429.8147888183594,59.41473841667175,0.044640783220529556,0.026523206382989883
56.9,1800,19.346458435058594,0.3551524877548218,16.954601287841797,42.890403747558594,11564.339213016936,727.189697265625,430.09490966796875,59.144800901412964,0.04498183727264404,0.026604417711496353
57,1800,19.35453987121582,0.3575762212276459,16.954620361328125,43.12390899658203,11578.27964732677,731.1494750976562,433.5520935058594,59.29732322692871,0.04464178532361984,0.02647138386964798
57.1,1800,19.488191604614258,0.3589822053909302,16.955400466918945,43.3054313659668,11589.768644781216,734.2609252929688,435.688720703125,59.33704376220703,0.044729623943567276,0.02654123492538929
57.2,1800,19.51715850830078,0.35773470997810364,16.956430435180664,43.42626953125,11602.4035111985,736.3544921875,434.6479797363281,59.02699828147888,0.04490336775779724,0.026505110785365105
57.3,1800,19.444917678833008,0.36002376675605774,16.956846237182617,43.51531219482422,11612.506508452729,737.8824462890625,437.8100891113281,59.33331251144409,0.04441404715180397,0.026352323591709137
57.4,1800,19.583959579467773,0.35899218916893005,16.95721435546875,43.57152557373047,11620.0391689185,738.8516845703125,436.83880615234375,59.124016761779785,0.04483108967542648,0.02650594152510166
57.5,1800,19.475120544433594,0.3587557375431061,16.9576416015625,43.6103401184082,11626.472587846167,739.5285034179688,436.79278564453125,59.063684940338135,0.04458663612604141,0.026334509253501892
57.6,1800,19.481643676757812,0.36023637652397156,16.957975387573242,43.62738800048828,11632.235737543284,739.8321533203125,438.8128967285156,59.31249260902405,0.04439624398946762,0.026332518085837364
57.7,1800,19.463661193847656,0.35807329416275024,16.958646774291992,43.5651741027832,11639.622687306759,738.806396484375,436.4549865722656,59.0756893157959,0.044594887644052505,0.02634473890066147
57.8,1800,19.353923797607422,0.359397292137146,16.95857810974121,43.54639434814453,11642.308426971436,738.4849243164062,438.1698913574219,59.333622455596924,0.04416991025209427,0.026207609102129936
57.9,1800,19.509971618652344,0.35856303572654724,16.95832633972168,43.54817581176758,11641.491281352974,738.504150390625,437.1221008300781,59.1901957988739,0.04463277384638786,0.026418227702379227
58,1800,19.397350311279297,0.3588966429233551,16.958070755004883,43.57857894897461,11640.211358544026,739.0086059570312,437.4806823730469,59.19831991195679,0.044338759034872055,0.026247799396514893
58.1,1800,19.504465103149414,0.3598272502422333,16.95764923095703,43.622894287109375,11636.702644832796,739.7417602539062,438.48284912109375,59.275126457214355,0.044481705874204636,0.026366587728261948
58.2,1800,19.412086486816406,0.3576855957508087,16.958566665649414,43.59471893310547,11640.749905299703,739.303955078125,436.0246276855469,58.977723121643066,0.04452062025666237,0.026257246732711792
58.3,1800,19.238399505615234,0.35831132531166077,16.9599552154541,43.49294662475586,11651.895025496737,737.638427734375,437.2055969238281,59.27098989486694,0.04400309547781944,0.02608107030391693
58.4,1800,19.25624656677246,0.3553410768508911,16.960718154907227,43.316287994384766,11661.775376797861,734.6753540039062,433.9490051269531,59.0667724609375,0.04437444359064102,0.02621055208146572
58.5,1800,19.155136108398438,0.35629841685295105,16.959718704223633,43.250064849853516,11659.393881079575,733.5089111328125,435.0292663574219,59.30797457695007,0.04403183236718178,0.026114387437701225
58.6,1800,19.309526443481445,0.35531526803970337,16.958913803100586,43.245338439941406,11651.940487235852,733.3939819335938,433.5515441894531,59.115779399871826,0.044538017362356186,0.02632899582386017
58.7,1800,19.304092407226562,0.356270968914032,16.95771598815918,43.306278228759766,11641.26047560054,734.3755493164062,434.3192443847656,59.14129614830017,0.044446781277656555,0.026286402717232704
58.8,1800,19.562528610229492,0.35960114002227783,16.95510482788086,43.54335021972656,11618.361747313695,738.2820434570312,437.5166320800781,59.2614471912384,0.044712651520967484,0.026497364044189453
58.9,1800,19.78940773010254,0.36100730299949646,16.95326805114746,43.898284912109375,11594.627222438494,744.2194213867188,438.3302001953125,58.89798402786255,0.045147258788347244,0.026590825989842415
59,1800,19.80963134765625,0.3626246154308319,16.95345115661621,44.203147888183594,11586.820625852411,749.3959350585938,439.9974670410156,58.71362090110779,0.0450221486389637,0.02643413282930851
59.1,1800,19.882089614868164,0.3654263913631439,16.95384979248047,44.47461700439453,11586.742524915982,754.0159912109375,443.3940734863281,58.804333209991455,0.044840674847364426,0.026368260383605957
59.2,1800,20.068645477294922,0.3653469979763031,16.954898834228516,44.66047286987305,11594.313653007159,757.2138061523438,443.58740234375,58.58152508735657,0.045241694897413254,0.026503274217247963
59.3,1800,19.865829467773438,0.3655029237270355,16.95647621154785,44.73976135253906,11609.552661095833,758.6287231445312,444.3600158691406,58.57411026954651,0.04470660910010338,0.026186497882008553
59.4,1800,19.89697265625,0.366277277469635,16.957460403442383,44.74222183227539,11623.061791726877,758.7144775390625,445.819580078125,58.759862184524536,0.04463009908795357,0.026224587112665176
59.5,1800,19.90492820739746,0.36437612771987915,16.957590103149414,44.7427978515625,11631.44656837966,758.7300415039062,443.82550048828125,58.49584341049194,0.04484854266047478,0.02623453363776207
59.6,1800,19.833642959594727,0.3658452332019806,16.957263946533203,44.76963424682617,11633.600755402369,759.1705322265625,445.6974792480469,58.70848298072815,0.044500235468149185,0.026125412434339523
59.7,1800,19.91579818725586,0.3642948269844055,16.958005905151367,44.74913024902344,11639.077146437372,758.8560180664062,444.017578125,58.51144194602966,0.04485362395644188,0.026244502514600754
59.8,1800,19.754436492919922,0.36433401703834534,16.95833396911621,44.693931579589844,11644.030144629736,757.9346313476562,444.25433349609375,58.61380696296692,0.04446650296449661,0.02606350928544998
59.9,1800,19.813196182250977,0.3641759753227234,16.958349227905273,44.64895248413086,11646.53287165233,757.1725463867188,444.15704345703125,58.659952878952026,0.04460853710770607,0.02616734616458416
60,1800,19.603147506713867,0.3623184561729431,16.95926856994629,44.562862396240234,11654.25087613142,755.7535400390625,442.1844177246094,58.50907564163208,0.04433251544833183,0.025938544422388077
60.1,1800,19.581727981567383,0.36258360743522644,16.96005630493164,44.40866470336914,11662.000354122203,753.1734619140625,442.8022766113281,58.79153609275818,0.044222284108400345,0.025998961180448532
60.2,1800,19.615657806396484,0.36082780361175537,16.959110260009766,44.330875396728516,11658.792387300506,751.8121948242188,440.5367736816406,58.59665274620056,0.04452671855688095,0.026091167703270912
60.3,1800,19.66970443725586,0.36346420645713806,16.95717430114746,44.392356872558594,11646.105065030397,752.7689208984375,443.2726745605469,58.88562202453613,0.04437382519245148,0.02612980455160141
60.4,1800,19.838298797607422,0.36310404539108276,16.956504821777344,44.50081253051758,11633.291848713507,754.5782470703125,442.3462219238281,58.62165093421936,0.04484789818525314,0.02629057876765728
60.5,1800,19.820226669311523,0.3639288544654846,16.955825805664062,44.63045883178711,11625.053948448636,756.7462768554688,443.0370788574219,58.54499936103821,0.04473717138171196,0.02619137614965439
60.6,1800,19.88748550415039,0.3659028708934784,16.95576286315918,44.79358673095703,11619.322272263214,759.5094604492188,445.2205810546875,58.61949324607849,0.04466883838176727,0.026184646412730217
60.7,1800,19.902603149414062,0.3640323579311371,16.957374572753906,44.816837310791016,11626.34902517062,759.9758911132812,443.21246337890625,58.319276571273804,0.04490533471107483,0.02618846669793129
60.8,1800,19.679367065429688,0.36493387818336487,16.95916175842285,44.70085525512695,11642.855133526442,758.0890502929688,444.94085693359375,58.69242548942566,0.0442291758954525,0.025959176942706108
60.9,1800,19.761381149291992,0.3620036542415619,16.960617065429688,44.503170013427734,11659.696959340345,754.8012084960938,442.0066833496094,58.559346199035645,0.04470833018422127,0.02618090808391571
61,1850,19.604860305786133,0.362056702375412,16.95953369140625,44.392574310302734,11662.517918536749,752.8773803710938,442.17840576171875,58.73180031776428,0.044336989521980286,0.026039911434054375
61.1,1850,19.875099182128906,0.36740732192993164,16.94105339050293,45.40592575073242,11676.353441140931,769.2241821289062,449.24542236328125,58.40240120887756,0.04424107074737549,0.02583784982562065
61.2,1850,20.249420166015625,0.38294854760169983,16.917970657348633,48.20963668823242,11767.083415559495,815.6091918945312,471.8868408203125,57.8569769859314,0.042911600321531296,0.02482735551893711
61.3,1850,20.67449378967285,0.39205092191696167,16.924081802368164,50.29173278808594,11899.706965415899,851.1414184570312,488.5481262207031,57.39917755126953,0.042318232357501984,0.024290315806865692
61.4,1850,21.04177474975586,0.3952520489692688,16.93305015563965,51.59854507446289,12019.621044975444,873.7207641601562,497.50048828125,56.94044828414917,0.04229498282074928,0.024082951247692108
61.5,1850,21.246841430664062,0.3994428217411041,16.937700271606445,52.594581604003906,12105.865461134601,890.8312377929688,506.3829650878906,56.843870878219604,0.041958048939704895,0.02385057881474495
61.6,1850,21.398530960083008,0.4019964635372162,16.94247817993164,53.26743698120117,12176.50600960654,902.4823608398438,512.593994140625,56.79823160171509,0.04174557328224182,0.023710746318101883
61.7,1850,21.41395378112793,0.4019920825958252,16.946168899536133,53.685298919677734,12234.476721092647,909.7601318359375,515.02880859375,56.61149024963379,0.04157816618680954,0.023538021370768547
61.8,1850,21.6649169921875,0.40370655059814453,16.94741439819336,54.04019546508789,12271.797311849705,915.8416137695312,518.8031005859375,56.64769411087036,0.041759420186281204,0.02365574799478054
61.9,1850,21.702529907226562,0.4050968289375305,16.94713020324707,54.42151641845703,12288.99816883406,922.2885131835938,521.3194580078125,56.524550914764404,0.04162999987602234,0.023531172424554825
62,1850,21.938377380371094,0.4071626663208008,16.946632385253906,54.826412200927734,12297.414418998538,929.123046875,524.3368530273438,56.43352270126343,0.04184023663401604,0.023611918091773987
62.1,1850,21.955059051513672,0.40902179479599,16.947021484375,55.18752670288086,12303.867654581718,935.2642211914062,527.0073852539062,56.34850859642029,0.041659869253635406,0.023474713787436485
62.2,1850,22.151973724365234,0.4102950692176819,16.947267532348633,55.539886474609375,12309.404661268874,941.2493286132812,528.8858642578125,56.189775466918945,0.04188422113656998,0.02353464998304844
62.3,1850,22.070510864257812,0.41228780150413513,16.94856071472168,55.7932014465332,12320.914641064452,945.6144409179688,531.9515380859375,56.254589557647705,0.04148970544338226,0.023339862003922462
62.4,1850,22.01841926574707,0.41012540459632874,16.951765060424805,55.80590057373047,12345.089795103388,946.008544921875,530.1997680664062,56.04598522186279,0.04152853414416313,0.02327507548034191
62.5,1850,22.02127456665039,0.41090986132621765,16.95298194885254,55.76144790649414,12366.059313691865,945.3228149414062,532.1162109375,56.289368867874146,0.04138433188199997,0.023294977843761444
62.6,1850,22.00814437866211,0.41073891520500183,16.952110290527344,55.77434158325195,12370.908565864196,945.4927978515625,532.1034545898438,56.27789497375488,0.04136065021157265,0.023276902735233307
62.7,1850,22.179630279541016,0.4105790853500366,16.950315475463867,55.916900634765625,12362.745269478899,947.80908203125,531.54541015625,56.08147978782654,0.04172668978571892,0.02340094745159149
62.8,1850,22.308992385864258,0.41468507051467896,16.947402954101562,56.247432708740234,12341.504146141348,953.2479248046875,535.938720703125,56.22238516807556,0.04162601754069328,0.023403137922286987
62.9,1850,22.573612213134766,0.4160352945327759,16.944814682006836,56.74750900268555,12315.794949828663,961.5760498046875,536.5636596679688,55.800437927246094,0.04207070916891098,0.023475639522075653
63,1850,22.64921760559082,0.4212295413017273,16.94316291809082,57.32929611206055,12298.821401539886,971.339599609375,542.5139770507812,55.852144956588745,0.04174863547086716,0.023317506536841393
63.1,1850,22.70331573486328,0.4213394522666931,16.945064544677734,57.75320053100586,12300.85086020143,978.6317138671875,542.7450561523438,55.459582805633545,0.041830532252788544,0.023199040442705154
63.2,1850,22.66676902770996,0.42339351773262024,16.948165893554688,57.946746826171875,12321.786573906977,982.091064453125,546.3192749023438,55.62816858291626,0.041489969938993454,0.02308010868728161
63.3,1850,22.612092971801758,0.42145854234695435,16.9500675201416,57.99640655517578,12344.212033832771,983.0430297851562,544.812255859375,55.42099475860596,0.041504379361867905,0.02300214022397995
63.4,1850,22.635833740234375,0.42186349630355835,16.950292587280273,58.02875518798828,12356.484372022747,983.6043701171875,545.8778686523438,55.497705936431885,0.0414668470621109,0.023013148456811905
63.5,1850,22.54269027709961,0.4232788383960724,16.949865341186523,58.12180709838867,12361.12846352625,985.1567993164062,547.9151611328125,55.61704635620117,0.04114266857504845,0.022882336750626564
63.6,1850,22.666662216186523,0.42218947410583496,16.94913101196289,58.26046371459961,12357.699016437067,987.4642333984375,546.3533935546875,55.32892942428589,0.041487183421850204,0.022954413667321205
63.7,1850,22.73814582824707,0.4249221682548523,16.948429107666016,58.45476150512695,12352.775160385161,990.7163696289062,549.670654296875,55.48213720321655,0.041366856545209885,0.022951215505599976
63.8,1850,22.73354148864746,0.4240919053554535,16.94923973083496,58.565189361572266,12355.93883115336,992.6354370117188,548.7371215820312,55.280834436416626,0.041428837925195694,0.02290220558643341
63.9,1850,22.77695083618164,0.42341306805610657,16.95045280456543,58.59614944458008,12364.6511654649,993.2312622070312,548.2450561523438,55.198127031326294,0.04154519736766815,0.02293217182159424
64,1850,22.621610641479492,0.42371705174446106,16.9526309967041,58.49745559692383,12382.839358167997,991.685791015625,549.4457397460938,55.40522336959839,0.04117169231176376,0.022811269387602806
64.1,1850,22.437665939331055,0.4201052784919739,16.955345153808594,58.195770263671875,12406.634498695352,986.7293701171875,545.80908203125,55.31497001647949,0.041109003126621246,0.022739432752132416
64.2,1850,22.399581909179688,0.417485773563385,16.955204010009766,57.93344497680664,12417.849560029486,982.2733764648438,542.8960571289062,55.26934266090393,0.04125943034887314,0.022803816944360733
64.3,1850,22.363933563232422,0.4178808331489563,16.953872680664062,57.78493881225586,12413.55400852587,979.678466796875,543.2218017578125,55.44899106025696,0.04116906225681305,0.02282783016562462
64.4,1850,22.412328720092773,0.4184047281742096,16.95162582397461,57.782108306884766,12398.992263781456,979.5006713867188,543.2648315429688,55.46344518661499,0.041254885494709015,0.02288138121366501
64.5,1850,22.573497772216797,0.4183182120323181,16.94986343383789,57.91498947143555,12380.665354489776,981.6511840820312,542.3496704101562,55.24871349334717,0.04162166640162468,0.022995436564087868
64.6,1850,22.563373565673828,0.420554518699646,16.95062828063965,57.98094177246094,12375.616770076707,982.8134155273438,545.0266723632812,55.45576810836792,0.041398659348487854,0.022957943379878998
64.7,1850,22.438858032226562,0.4186588227748871,16.95233726501465,57.9063720703125,12383.854670341578,981.6483764648438,542.9310913085938,55.30810356140137,0.04132910817861557,0.02285834588110447
64.8,1850,22.44826316833496,0.4168034791946411,16.953550338745117,57.75639343261719,12394.836594552044,979.1759033203125,541.0043334960938,55.25098443031311,0.04149368405342102,0.022925669327378273
64.9,1850,22.439773559570312,0.4176064431667328,16.95345687866211,57.657859802246094,12399.106500972055,977.5000610351562,542.2333374023438,55.47143816947937,0.041383981704711914,0.02295628935098648
65,1850,22.342927932739258,0.4171065390110016,16.952804565429688,57.57108688354492,12398.54580618963,975.9913940429688,541.5597534179688,55.48816919326782,0.0412566252052784,0.0228925459086895
65.1,1850,22.421274185180664,0.4157499372959137,16.95254898071289,57.508628845214844,12394.717694618972,974.9178466796875,539.6317138671875,55.35150170326233,0.04154921695590019,0.02299811691045761
65.2,1850,22.47821807861328,0.418066143989563,16.949989318847656,57.63455581665039,12378.37594793534,976.9050903320312,541.922607421875,55.47341704368591,0.04147864878177643,0.02300962246954441
65.3,1850,22.39944076538086,0.41783469915390015,16.949329376220703,57.803627014160156,12366.745902521072,979.7327270507812,541.1137084960938,55.230748653411865,0.04139506816864014,0.022862806916236877
65.4,1850,22.532360076904297,0.4187767803668976,16.95025634765625,57.885528564453125,12365.638501183641,981.174560546875,542.2852172851562,55.26898503303528,0.04155075550079346,0.022964680567383766
65.5,1850,22.58282470703125,0.4201461970806122,16.950429916381836,57.94483947753906,12368.121411550725,982.18994140625,544.167724609375,55.403512716293335,0.041499748826026917,0.022992318496108055
65.6,1850,22.6531982421875,0.4191015958786011,16.949373245239258,58.09183120727539,12362.156598241632,984.6201171875,542.552978515625,55.102771520614624,0.04175296798348427,0.023007042706012726
65.7,1850,22.724157333374023,0.4213126301765442,16.948760986328125,58.280540466308594,12355.072726738927,987.782958984375,545.102783203125,55.18447160720825,0.04168783873319626,0.02300521358847618
65.8,1850,22.582178115844727,0.42034828662872314,16.950380325317383,58.33281707763672,12362.868832154445,988.763427734375,544.1983032226562,55.038267374038696,0.04149623215198517,0.022838808596134186
65.9,1850,22.654401779174805,0.4195970594882965,16.95134162902832,58.318153381347656,12372.718875629493,988.5709228515625,543.6585083007812,54.994386434555054,0.04167027771472931,0.022916313260793686
66,1900,22.661489486694336,0.42214009165763855,16.949533462524414,58.43492889404297,12367.939564594262,990.4447631835938,546.7421875,55.20167946815491,0.04144822061061859,0.02288011461496353
66.1,1900,22.684913635253906,0.4272962510585785,16.92790985107422,59.851783752441406,12378.005259908705,1013.1655883789062,553.8706665039062,54.667335748672485,0.04095705971121788,0.022390134632587433
66.2,1900,23.08380699157715,0.4409817159175873,16.900596618652344,63.25642013549805,12463.011717941175,1069.0712890625,575.53564453125,53.835105895996094,0.040108390152454376,0.0215923935174942
66.3,1900,23.544858932495117,0.451969176530838,16.90367889404297,66.02445220947266,12576.779137235168,1116.05615234375,595.26025390625,53.3360481262207,0.039553891867399216,0.02109648287296295
66.4,1900,23.99298858642578,0.46084246039390564,16.909578323364258,68.18185424804688,12670.773031385108,1152.9263916015625,611.4827880859375,53.03744673728943,0.03923739120364189,0.020810510963201523
66.5,1900,24.316730499267578,0.4653683304786682,16.91461753845215,69.93083953857422,12747.043841393672,1182.8533935546875,621.2049560546875,52.517491579055786,0.03914445638656616,0.020557686686515808
66.6,1900,24.510122299194336,0.47078490257263184,16.91952896118164,71.2767562866211,12816.903380501319,1205.9691162109375,631.8794555664062,52.39599347114563,0.038789235055446625,0.02032400481402874
66.7,1900,24.682126998901367,0.4722849726676941,16.92331314086914,72.31651306152344,12875.507059278189,1223.8349609375,636.791259765625,52.03244090080261,0.03876015543937683,0.02016785554587841
66.8,1900,24.812198638916016,0.4758557379245758,16.926485061645508,73.11389923095703,12924.412233710396,1237.561279296875,644.0427856445312,52.04128623008728,0.038525696843862534,0.020049268379807472
66.9,1900,24.76350975036621,0.4766809344291687,16.92951202392578,73.70623779296875,12969.355242725835,1247.8106689453125,647.4031372070312,51.883119344711304,0.038250524550676346,0.019845567643642426
67,1900,24.791324615478516,0.4762663245201111,16.93303680419922,74.04043579101562,13012.030993213586,1253.7293701171875,648.9684448242188,51.7630398273468,0.03820112347602844,0.0197740625590086
67.1,1900,24.869033813476562,0.476154088973999,16.934398651123047,74.29100799560547,13041.328169859547,1258.073486328125,650.2763671875,51.6882598400116,0.038243792951107025,0.019767550751566887
67.2,1900,24.87317657470703,0.47690221667289734,16.935142517089844,74.50297546386719,13061.317346842994,1261.718505859375,652.2963256835938,51.69903635978699,0.0381317138671875,0.01971372961997986
67.3,1900,24.9247989654541,0.47789841890335083,16.93596839904785,74.64224243164062,13076.33720603542,1264.138671875,654.4105834960938,51.7673134803772,0.038087401539087296,0.01971682347357273
67.4,1900,24.9240779876709,0.4790257513523102,16.935070037841797,74.84848022460938,13079.83193151923,1267.564208984375,656.129638671875,51.76302790641785,0.03798651695251465,0.019662970677018166
67.5,1900,25.014137268066406,0.47898972034454346,16.934913635253906,75.02236938476562,13083.574948039746,1270.497314453125,656.2680053710938,51.65441632270813,0.0381157360970974,0.01968846097588539
67.6,1900,25.035377502441406,0.47911930084228516,16.934457778930664,75.25877380371094,13082.040905766,1274.466552734375,656.3685913085938,51.50143504142761,0.03814225271344185,0.019643809646368027
67.7,1900,24.97659683227539,0.4789799749851227,16.9364070892334,75.36852264404297,13092.908592785865,1276.471923828125,656.7228393554688,51.44827365875244,0.0380321741104126,0.019566897302865982
67.8,1900,24.852224349975586,0.4772697985172272,16.940547943115234,75.17839050292969,13120.35466066989,1273.5631103515625,655.749755859375,51.48938298225403,0.037898946553468704,0.01951393112540245
67.9,1900,24.809558868408203,0.47573718428611755,16.942285537719727,74.9018325805664,13142.369799258026,1269.0081787109375,654.7407836914062,51.59468650817871,0.037892185151576996,0.019550353288650513
68,1900,24.738672256469727,0.47426459193229675,16.942731857299805,74.63151550292969,13153.815666344593,1264.4617919921875,653.2825927734375,51.66487097740173,0.037868257611989975,0.019564587622880936
68.1,1900,24.695161819458008,0.47326475381851196,16.942113876342773,74.42382049560547,13155.711071160029,1260.8968505859375,651.999267578125,51.709169149398804,0.037876058369874954,0.019585393369197845
68.2,1900,24.622861862182617,0.4728832542896271,16.94112205505371,74.30171203613281,13149.84300975726,1258.75439453125,651.18310546875,51.732343435287476,0.037812501192092896,0.019561292603611946
68.3,1900,24.5615291595459,0.4722379446029663,16.941638946533203,74.15603637695312,13148.186570493586,1256.3248291015625,650.2125854492188,51.75513029098511,0.03777461498975754,0.019550301134586334
68.4,1900,24.62741470336914,0.47203895449638367,16.94045639038086,74.09733581542969,13141.901193639449,1255.24267578125,649.6278686523438,51.753169298172,0.03791003301739693,0.019619643688201904
68.5,1900,24.713571548461914,0.4722214937210083,16.939279556274414,74.10426330566406,13132.151399127579,1255.2728271484375,649.39697265625,51.733529567718506,0.03805618733167648,0.01968780905008316
68.6,1900,24.6777400970459,0.47199735045433044,16.938207626342773,74.20118713378906,13120.337175385614,1256.8350830078125,648.5047607421875,51.598238945007324,0.03805328905582428,0.019634827971458435
68.7,1900,24.661413192749023,0.4720255434513092,16.93852996826172,74.28498077392578,13116.693242142655,1258.2783203125,648.3634033203125,51.5278160572052,0.03803640604019165,0.01959932968020439
68.8,1900,24.715612411499023,0.47223174571990967,16.938318252563477,74.3368148803711,13113.824489835899,1259.140625,648.5047607421875,51.50375962257385,0.03811169043183327,0.01962895318865776
68.9,1900,24.806306838989258,0.4728192090988159,16.937259674072266,74.4736328125,13107.403893450033,1261.3792724609375,648.9935913085938,51.45110487937927,0.03822273015975952,0.019666017964482307
69,1900,24.83056640625,0.47423309087753296,16.93728256225586,74.59291076660156,13105.774264955582,1263.4012451171875,650.8533935546875,51.51596665382385,0.03815078362822533,0.019653746858239174
69.1,1900,25.015764236450195,0.47604265809059143,16.93375015258789,74.90213012695312,13088.152595463003,1268.3739013671875,652.4584350585938,51.44054293632507,0.03834078088402748,0.019722703844308853
69.2,1900,25.07718276977539,0.47707775235176086,16.931915283203125,75.35282897949219,13070.484298545689,1275.86767578125,652.994384765625,51.18041634559631,0.03840336576104164,0.019655002281069756
69.3,1900,25.145849227905273,0.47775959968566895,16.932615280151367,75.67929077148438,13068.390727175134,1281.4483642578125,653.8229370117188,51.022183895111084,0.03845972195267677,0.019622990861535072
69.4,1900,25.126991271972656,0.47858068346977234,16.933746337890625,75.91854858398438,13073.927733862292,1285.58544921875,655.22412109375,50.966984033584595,0.03834869712591171,0.0195451732724905
69.5,1900,25.073963165283203,0.479302316904068,16.936254501342773,75.98004913330078,13092.937734926325,1286.8175048828125,657.166259765625,51.06911063194275,0.03815467283129692,0.01948525197803974
69.6,1900,24.962081909179688,0.47776085138320923,16.939455032348633,75.81751251220703,13119.092223145217,1284.307373046875,656.3612670898438,51.106250286102295,0.03803100809454918,0.019436221569776535
69.7,1900,24.85434913635254,0.4772198498249054,16.939401626586914,75.67474365234375,13130.257159997764,1281.8848876953125,656.176025390625,51.18837356567383,0.03787756338715553,0.01938890852034092
69.8,1900,24.762516021728516,0.47674912214279175,16.93854522705078,75.61813354492188,13131.07080855937,1280.8612060546875,655.5693969726562,51.18192434310913,0.0377725325524807,0.019332708790898323
69.9,1900,24.740516662597656,0.47652336955070496,16.937763214111328,75.59555053710938,13128.214878794415,1280.4195556640625,655.116455078125,51.16420388221741,0.03776506707072258,0.019322196021676064
70,1900,24.916500091552734,0.47663936018943787,16.93539047241211,75.74842834472656,13115.029808765272,1282.8292236328125,654.6177978515625,51.02922320365906,0.03806266933679581,0.01942308433353901
70.1,1900,25.085071563720703,0.47769472002983093,16.933305740356445,76.01020812988281,13097.147025694183,1287.1041259765625,655.1726684570312,50.902849435806274,0.038287725299596786,0.01948954351246357
70.2,1900,25.223644256591797,0.4803983271121979,16.931211471557617,76.41828918457031,13079.64775319153,1293.854248046875,658.0003662109375,50.855839252471924,0.03833378478884697,0.01949496567249298
70.3,1900,25.239614486694336,0.4825911521911621,16.931215286254883,76.75999450683594,13074.483765902243,1299.6400146484375,660.742919921875,50.840455293655396,0.038198839873075485,0.01942046545445919
70.4,1900,25.363269805908203,0.4821825921535492,16.93113899230957,77.05750274658203,13073.715579079751,1304.6712646484375,660.144775390625,50.59854984283447,0.038420770317316055,0.01944035291671753
70.5,1900,25.306921005249023,0.48260363936424255,16.93179702758789,77.30615997314453,13077.964503158633,1308.9322509765625,660.9359130859375,50.49428343772888,0.038289520889520645,0.01933402009308338
70.6,1900,25.335269927978516,0.4828372597694397,16.93266487121582,77.4708480834961,13085.234884360276,1311.7879638671875,661.6234741210938,50.43677091598511,0.03829257935285568,0.019313542172312737
70.7,1900,25.335308074951172,0.4830130636692047,16.9333438873291,77.59170532226562,13092.3199215486,1313.8870849609375,662.2227783203125,50.401800870895386,0.03825798258185387,0.019282713532447815
70.8,1900,25.352928161621094,0.4838535189628601,16.933639526367188,77.68425750732422,13098.313876998149,1315.4771728515625,663.6787719726562,50.45155882835388,0.03820060193538666,0.01927279867231846
70.9,1900,25.278217315673828,0.483816534280777,16.9344539642334,77.71576690673828,13107.730285423171,1316.0740966796875,664.1051025390625,50.461071729660034,0.03806357830762863,0.019207291305065155
71,1950,25.203094482421875,0.48300060629844666,16.935718536376953,77.66290283203125,13120.456075318685,1315.277099609375,663.6287841796875,50.45543909072876,0.03797769919037819,0.01916181482374668
71.1,1950,25.156463623046875,0.4867962896823883,16.911516189575195,78.99957275390625,13148.327618453406,1336.0025634765625,670.2647705078125,50.16942024230957,0.037532128393650055,0.018829653039574623
71.2,1950,25.50771713256836,0.49704012274742126,16.877653121948242,82.51165771484375,13242.054570596745,1392.6031494140625,689.2478637695312,49.49348866939545,0.037008047103881836,0.018316572532057762
71.3,1950,25.8272647857666,0.5044934749603271,16.877981185913086,85.36732482910156,13351.820191162946,1440.828125,705.3824462890625,48.9567369222641,0.0366145558655262,0.017925292253494263
71.4,1950,26.216894149780273,0.5104518532752991,16.883346557617188,87.49131774902344,13443.95481675162,1477.146240234375,718.638427734375,48.65046143531799,0.0364813394844532,0.017748340964317322
71.5,1950,26.50931167602539,0.5152538418769836,16.88599967956543,89.20584106445312,13516.913913918455,1506.329833984375,729.3355712890625,48.41805398464203,0.03634720668196678,0.017598610371351242
71.6,1950,26.891633987426758,0.5187435746192932,16.883953094482422,90.81194305419922,13556.125246748474,1533.2645263671875,736.4053344726562,48.02858829498291,0.036517433822155,0.017538808286190033
71.7,1950,27.16671371459961,0.5228820443153381,16.88273048400879,92.25167083740234,13576.093441390789,1557.4600830078125,743.3736572265625,47.729867696762085,0.03654516488313675,0.017442960292100906
71.8,1950,27.302953720092773,0.5275592803955078,16.880748748779297,93.6617202758789,13585.038912826,1581.0799560546875,750.5173950195312,47.46865630149841,0.03637884184718132,0.017268547788262367
71.9,1950,27.476776123046875,0.5292242169380188,16.877195358276367,95.0356216430664,13585.175298043345,1603.9346923828125,752.8935546875,46.940410137176514,0.0364949032664299,0.017130857333540916
72,1950,27.54816436767578,0.5291964411735535,16.869823455810547,96.37551879882812,13573.701454501937,1625.8380126953125,752.2182006835938,46.26649022102356,0.03662257269024849,0.016943978145718575
72.1,1950,27.514999389648438,0.5302898287773132,16.862041473388672,97.74198150634766,13559.963849489697,1648.12939453125,753.0094604492188,45.68873643875122,0.036540042608976364,0.016694683581590652
72.2,1950,27.55961036682129,0.5297293663024902,16.85239601135254,99.09452819824219,13546.415085547627,1669.980224609375,751.4620361328125,44.99825835227966,0.036674655973911285,0.016502955928444862
72.3,1950,27.309383392333984,0.5189628601074219,16.640911102294922,99.32637786865234,13481.296389849807,1652.8814697265625,732.6500244140625,44.32562291622162,0.0372748002409935,0.01652228832244873
72.4,1950,26.96068572998047,0.5116487145423889,16.429492950439453,99.19975280761719,13376.530394900705,1629.8016357421875,716.7108764648438,43.97534430027008,0.037617240101099014,0.016542311757802963
72.5,1950,26.631858825683594,0.5078085064888,16.28802490234375,99.127685546875,13298.905058203618,1614.59423828125,707.20361328125,43.800702691078186,0.037657979875802994,0.01649446040391922
72.6,1950,26.452486038208008,0.5049976706504822,16.19879150390625,99.10748291015625,13248.219881832192,1605.4215087890625,700.6087036132812,43.640172481536865,0.037756435573101044,0.01647697389125824
72.7,1950,26.16844940185547,0.5014356374740601,16.17135238647461,99.0954818725586,13219.150013881808,1602.5079345703125,694.1404418945312,43.3158814907074,0.03769906982779503,0.016329685226082802
72.8,1950,25.897594451904297,0.4989059865474701,16.1656551361084,99.0752944946289,13218.24544184197,1601.6170654296875,690.5913696289062,43.11838150024414,0.03750060498714447,0.016169654205441475
72.9,1950,25.738183975219727,0.4964996874332428,16.170644760131836,99.05888366699219,13228.99073187191,1601.8460693359375,687.8192138671875,42.93915927410126,0.03741998225450516,0.016067827120423317
73,1950,25.710859298706055,0.49474936723709106,16.18168830871582,99.06391906738281,13236.252953274223,1603.021484375,685.7706909179688,42.77988374233246,0.03749191761016846,0.01603899896144867
73.1,1950,25.756465911865234,0.4939511716365814,16.18841552734375,99.0592041015625,13242.534833071504,1603.611572265625,684.9892578125,42.71540939807892,0.03760126978158951,0.016061536967754364
73.2,1950,25.836101531982422,0.4939647316932678,16.184955596923828,99.06258392333984,13243.150315077994,1603.323486328125,685.0399169921875,42.726242542266846,0.03771473839879036,0.016114091500639915
73.3,1950,25.870399475097656,0.49268001317977905,16.17704200744629,99.05706024169922,13227.920632474266,1602.4501953125,682.4724731445312,42.5893098115921,0.03790687397122383,0.016144275665283203
73.4,1950,25.754730224609375,0.49117612838745117,16.167226791381836,99.0634765625,13214.455797896719,1601.5816650390625,679.6966552734375,42.439088225364685,0.03789150342345238,0.016080809757113457
73.5,1950,25.656091690063477,0.4907892346382141,16.19183349609375,99.05725860595703,13214.22848920114,1603.9185791015625,679.1495971679688,42.34314560890198,0.03777679055929184,0.015995880588889122
73.6,1950,25.532880783081055,0.48954612016677856,16.20923614501953,99.05936431884766,13234.657129662704,1605.6766357421875,678.4766845703125,42.2548770904541,0.03763265907764435,0.015901632606983185
73.7,1950,25.446407318115234,0.48914217948913574,16.23458480834961,99.05979919433594,13256.217650859684,1608.1947021484375,679.021240234375,42.22257733345032,0.03747512772679329,0.015822963789105415
73.8,1950,25.49228858947754,0.48961707949638367,16.2370662689209,99.06806945800781,13264.405426642967,1608.5748291015625,680.1002807617188,42.27968156337738,0.037483129650354385,0.015847748145461082
73.9,1950,25.564319610595703,0.4907626509666443,16.230323791503906,99.05137634277344,13260.280065239629,1607.6358642578125,681.4795532226562,42.39016771316528,0.037512969225645065,0.015901809558272362
74,1950,25.563270568847656,0.49156221747398376,16.234241485595703,99.06648254394531,13256.514900692362,1608.2691650390625,682.39599609375,42.43046045303345,0.0374610498547554,0.015894895419478416
74.1,1950,25.58356285095215,0.4912950098514557,16.2384090423584,99.06041717529297,13248.964754942317,1608.5836181640625,681.6365966796875,42.37495958805084,0.03753255307674408,0.01590440422296524
74.2,1950,25.637920379638672,0.4912284016609192,16.22194480895996,99.0697021484375,13239.065752671298,1607.103271484375,681.0349731445312,42.376554012298584,0.037645526230335236,0.015952877700328827
74.3,1950,25.773263931274414,0.49151521921157837,16.224618911743164,99.06475067138672,13229.459337490485,1607.287841796875,680.9381713867188,42.36566424369812,0.03784963861107826,0.016035251319408417
74.4,1950,25.81968116760254,0.4916956424713135,16.175962448120117,99.06398010253906,13195.726727066707,1602.4552001953125,679.4512329101562,42.40063726902008,0.03800078481435776,0.01611257530748844
74.5,1950,25.741601943969727,0.49390891194343567,16.148420333862305,99.0699234008789,13176.730714230094,1599.82275390625,681.5271606445312,42.6001638174057,0.03777047246694565,0.016090283170342445
74.6,1950,25.709054946899414,0.49289819598197937,16.151893615722656,99.06764221191406,13177.201651219908,1600.1300048828125,680.1567993164062,42.506346106529236,0.037798717617988586,0.01606685295701027
74.7,1950,25.67877960205078,0.4922204911708832,16.161476135253906,99.05254364013672,13187.624046333565,1600.8353271484375,679.7588500976562,42.46276021003723,0.03777630999684334,0.01604086346924305
74.8,1950,25.623645782470703,0.4910614788532257,16.175256729125977,99.05485534667969,13198.255099172906,1602.2376708984375,678.7049560546875,42.359814047813416,0.03775373473763466,0.015992412343621254
74.9,1950,25.642314910888672,0.49051785469055176,16.19127082824707,99.06158447265625,13197.055608671624,1603.9329833984375,677.8919677734375,42.26435720920563,0.037826549261808395,0.015987148508429527
75,1950,25.587562561035156,0.4902840256690979,16.182987213134766,99.07050323486328,13181.107863726995,1603.2567138671875,676.75,42.210957407951355,0.037809476256370544,0.015959741547703743
75.1,1950,25.466129302978516,0.4912630319595337,16.1852970123291,99.05673217773438,13188.540275229587,1603.2625732421875,678.4837036132812,42.31893718242645,0.03753388300538063,0.01588394120335579
75.2,1950,25.623544692993164,0.4922713041305542,16.198158264160156,99.07915496826172,13204.65471321764,1604.8997802734375,680.7069702148438,42.41429567337036,0.037642549723386765,0.015965821221470833
75.3,1950,25.67542839050293,0.49274736642837524,16.19561767578125,99.08003234863281,13199.595637634007,1604.662353515625,681.1041870117188,42.44532883167267,0.03769677132368088,0.016000518575310707
75.4,1000,25.671306610107422,0.49297162890434265,16.185800552368164,99.06329345703125,13187.592572821868,1603.418701171875,680.7945556640625,42.45893657207489,0.0377078615128994,0.016010357066988945
75.5,1000,25.60786247253418,0.4921056628227234,16.179500579833984,99.07366180419922,13181.366645934268,1602.96240234375,679.2777709960938,42.37640202045441,0.0376986600458622,0.015975335612893105
75.6,1000,25.502023696899414,0.4914543032646179,16.171476364135742,99.07756805419922,13177.713387206362,1602.2305908203125,678.190673828125,42.32790768146515,0.03760302811861038,0.015916574746370316
75.7,1000,25.439918518066406,0.4907144010066986,16.185096740722656,99.0890121459961,13185.736801317458,1603.7652587890625,677.5819702148438,42.24944710731506,0.037545155733823776,0.015862619504332542
75.8,1000,25.36490249633789,0.4901755154132843,16.19723892211914,99.07968139648438,13197.52537997582,1604.8172607421875,677.4429931640625,42.213091254234314,0.03744212165474892,0.015805477276444435
75.9,1000,25.387004852294922,0.49018800258636475,16.221405029296875,99.08586120605469,13211.358571208766,1607.3118896484375,678.1702880859375,42.19282567501068,0.03743455559015274,0.015794698148965836
76,1000,25.510007858276367,0.490539014339447,16.225940704345703,99.07660675048828,13214.496596893361,1607.6112060546875,678.817138671875,42.22520589828491,0.037580087780952454,0.01586827076971531
76.1,1000,25.647573471069336,0.4945439398288727,16.224489212036133,99.0936050415039,13212.09645020518,1607.7431640625,684.2349243164062,42.55872070789337,0.0374835766851902,0.01595253124833107
76.2,1000,25.971689224243164,0.49998652935028076,16.75092124938965,94.02786254882812,13259.337025574385,1575.0533447265625,694.2385864257812,44.07714605331421,0.037410322576761246,0.016489403322339058
76.3,1000,25.449344635009766,0.4709066152572632,17.070415496826172,81.38577270507812,13136.529714310098,1389.2889404296875,647.8046264648438,46.62850499153137,0.03928552195429802,0.01831825077533722
76.4,1000,25.38433265686035,0.4709066152572632,17.07238006591797,81.1543960571289,13108.964746493002,1385.4986572265625,646.4453125,46.657952666282654,0.039267562329769135,0.018321441486477852
76.5,1000,25.38433265686035,0.4709066152572632,17.07238006591797,81.1543960571289,13108.964746493002,1385.4986572265625,646.4453125,46.657952666282654,0.039267562329769135,0.018321441486477852
76.6,1000,25.38433265686035,0.4709066152572632,17.07238006591797,81.1543960571289,13108.964746493002,1385.4986572265625,646.4453125,46.657952666282654,0.039267562329769135,0.018321441486477852
76.7,1000,25.38433265686035,0.4709066152572632,17.07238006591797,81.1543960571289,13108.964746493002,1385.4986572265625,646.4453125,46.657952666282654,0.039267562329769135,0.018321441486477852
76.8,1000,25.38433265686035,0.4709066152572632,17.07238006591797,81.1543960571289,13108.964746493002,1385.4986572265625,646.4453125,46.657952666282654,0.039267562329769135,0.018321441486477852
76.9,1000,25.38433265686035,0.4709066152572632,17.07238006591797,81.1543960571289,13108.964746493002,1385.4986572265625,646.4453125,46.657952666282654,0.039267562329769135,0.018321441486477852
77,1000,25.38433265686035,0.4709066152572632,17.07238006591797,81.1543960571289,13108.964746493002,1385.4986572265625,646.4453125,46.657952666282654,0.039267562329769135,0.018321441486477852
77.1,1000,25.38433265686035,0.4709066152572632,17.07238006591797,81.1543960571289,13108.964746493002,1385.4986572265625,646.4453125,46.657952666282654,0.039267562329769135,0.018321441486477852
77.2,1000,25.38433265686035,0.4709066152572632,17.07238006591797,81.1543960571289,13108.964746493002,1385.4986572265625,646.4453125,46.657952666282654,0.039267562329769135,0.018321441486477852
77.3,1000,25.38433265686035,0.4709066152572632,17.07238006591797,81.1543960571289,13108.964746493002,1385.4986572265625,646.4453125,46.657952666282654,0.039267562329769135,0.018321441486477852
77.4,1000,25.38433265686035,0.4709066152572632,17.07238006591797,81.1543960571289,13108.964746493002,1385.4986572265625,646.4453125,46.657952666282654,0.039267562329769135,0.018321441486477852
77.5,1000,25.38433265686035,0.4709066152572632,17.07238006591797,81.1543960571289,13108.964746493002,1385.4986572265625,646.4453125,46.657952666282654,0.039267562329769135,0.018321441486477852
77.6,1000,25.38433265686035,0.4709066152572632,17.07238006591797,81.1543960571289,13108.964746493002,1385.4986572265625,646.4453125,46.657952666282654,0.039267562329769135,0.018321441486477852
77.7,1000,25.38433265686035,0.4709066152572632,17.07238006591797,81.1543960571289,13108.964746493002,1385.4986572265625,646.4453125,46.657952666282654,0.039267562329769135,0.018321441486477852
77.8,1000,25.38433265686035,0.4709066152572632,17.07238006591797,81.1543960571289,13108.964746493002,1385.4986572265625,646.4453125,46.657952666282654,0.039267562329769135,0.018321441486477852
77.9,1000,25.38433265686035,0.4709066152572632,17.07238006591797,81.1543960571289,13108.964746493002,1385.4986572265625,646.4453125,46.657952666282654,0.039267562329769135,0.018321441486477852
78,1000,25.38433265686035,0.4709066152572632,17.07238006591797,81.1543960571289,13108.964746493002,1385.4986572265625,646.4453125,46.657952666282654,0.039267562329769135,0.018321441486477852
78.1,1000,25.38433265686035,0.4709066152572632,17.07238006591797,81.1543960571289,13108.964746493002,1385.4986572265625,646.4453125,46.657952666282654,0.039267562329769135,0.018321441486477852
78.2,1000,25.38433265686035,0.4709066152572632,17.07238006591797,81.1543960571289,13108.964746493002,1385.4986572265625,646.4453125,46.657952666282654,0.039267562329769135,0.018321441486477852
78.3,1000,25.38433265686035,0.4709066152572632,17.07238006591797,81.1543960571289,13108.964746493002,1385.4986572265625,646.4453125,46.657952666282654,0.039267562329769135,0.018321441486477852
78.4,1000,25.38433265686035,0.4709066152572632,17.07238006591797,81.1543960571289,13108.964746493002,1385.4986572265625,646.4453125,46.657952666282654,0.039267562329769135,0.018321441486477852
78.5,1000,25.38433265686035,0.4709066152572632,17.07238006591797,81.1543960571289,13108.964746493002,1385.4986572265625,646.4453125,46.657952666282654,0.039267562329769135,0.018321441486477852
78.6,1000,25.38433265686035,0.4709066152572632,17.07238006591797,81.1543960571289,13108.964746493002,1385.4986572265625,646.4453125,46.657952666282654,0.039267562329769135,0.018321441486477852
78.7,1000,25.38433265686035,0.4709066152572632,17.07238006591797,81.1543960571289,13108.964746493002,1385.4986572265625,646.4453125,46.657952666282654,0.039267562329769135,0.018321441486477852
78.8,1000,25.38433265686035,0.4709066152572632,17.07238006591797,81.1543960571289,13108.964746493002,1385.4986572265625,646.4453125,46.657952666282654,0.039267562329769135,0.018321441486477852
78.9,1000,25.38433265686035,0.4709066152572632,17.07238006591797,81.1543960571289,13108.964746493002,1385.4986572265625,646.4453125,46.657952666282654,0.039267562329769135,0.018321441486477852
79,1000,25.38433265686035,0.4709066152572632,17.07238006591797,81.1543960571289,13108.964746493002,1385.4986572265625,646.4453125,46.657952666282654,0.039267562329769135,0.018321441486477852
79.1,1000,25.38433265686035,0.4709066152572632,17.07238006591797,81.1543960571289,13108.964746493002,1385.4986572265625,646.4453125,46.657952666282654,0.039267562329769135,0.018321441486477852
79.2,1000,25.38433265686035,0.4709066152572632,17.07238006591797,81.1543960571289,13108.964746493002,1385.4986572265625,646.4453125,46.657952666282654,0.039267562329769135,0.018321441486477852
79.3,1000,25.38433265686035,0.4709066152572632,17.07238006591797,81.1543960571289,13108.964746493002,1385.4986572265625,646.4453125,46.657952666282654,0.039267562329769135,0.018321441486477852
79.4,1000,25.38433265686035,0.4709066152572632,17.07238006591797,81.1543960571289,13108.964746493002,1385.4986572265625,646.4453125,46.657952666282654,0.039267562329769135,0.018321441486477852
79.5,1000,25.38433265686035,0.4709066152572632,17.07238006591797,81.1543960571289,13108.964746493002,1385.4986572265625,646.4453125,46.657952666282654,0.039267562329769135,0.018321441486477852
79.6,1000,25.38433265686035,0.4709066152572632,17.07238006591797,81.1543960571289,13108.964746493002,1385.4986572265625,646.4453125,46.657952666282654,0.039267562329769135,0.018321441486477852
79.7,1000,25.38433265686035,0.4709066152572632,17.07238006591797,81.1543960571289,13108.964746493002,1385.4986572265625,646.4453125,46.657952666282654,0.039267562329769135,0.018321441486477852
79.8,1000,25.38433265686035,0.4709066152572632,17.07238006591797,81.1543960571289,13108.964746493002,1385.4986572265625,646.4453125,46.657952666282654,0.039267562329769135,0.018321441486477852
79.9,1000,25.38433265686035,0.4709066152572632,17.07238006591797,81.1543960571289,13108.964746493002,1385.4986572265625,646.4453125,46.657952666282654,0.039267562329769135,0.018321441486477852
80,1000,25.38433265686035,0.4709066152572632,17.07238006591797,81.1543960571289,13108.964746493002,1385.4986572265625,646.4453125,46.657952666282654,0.039267562329769135,0.018321441486477852
80.1,1000,25.38433265686035,0.4709066152572632,17.07238006591797,81.1543960571289,13108.964746493002,1385.4986572265625,646.4453125,46.657952666282654,0.039267562329769135,0.018321441486477852
80.2,1000,25.38433265686035,0.4709066152572632,17.07238006591797,81.1543960571289,13108.964746493002,1385.4986572265625,646.4453125,46.657952666282654,0.039267562329769135,0.018321441486477852
80.3,1000,25.38433265686035,0.4709066152572632,17.07238006591797,81.1543960571289,13108.964746493002,1385.4986572265625,646.4453125,46.657952666282654,0.039267562329769135,0.018321441486477852
80.4,1000,25.38433265686035,0.4709066152572632,17.07238006591797,81.1543960571289,13108.964746493002,1385.4986572265625,646.4453125,46.657952666282654,0.039267562329769135,0.018321441486477852
80.5,1000,25.38433265686035,0.4709066152572632,17.07238006591797,81.1543960571289,13108.964746493002,1385.4986572265625,646.4453125,46.657952666282654,0.039267562329769135,0.018321441486477852
80.6,1000,25.38433265686035,0.4709066152572632,17.07238006591797,81.1543960571289,13108.964746493002,1385.4986572265625,646.4453125,46.657952666282654,0.039267562329769135,0.018321441486477852
80.7,1000,25.38433265686035,0.4709066152572632,17.07238006591797,81.1543960571289,13108.964746493002,1385.4986572265625,646.4453125,46.657952666282654,0.039267562329769135,0.018321441486477852
80.8,1000,25.38433265686035,0.4709066152572632,17.07238006591797,81.1543960571289,13108.964746493002,1385.4986572265625,646.4453125,46.657952666282654,0.039267562329769135,0.018321441486477852
80.9,1000,25.38433265686035,0.4709066152572632,17.07238006591797,81.1543960571289,13108.964746493002,1385.4986572265625,646.4453125,46.657952666282654,0.039267562329769135,0.018321441486477852
81,1000,25.38433265686035,0.4709066152572632,17.07238006591797,81.1543960571289,13108.964746493002,1385.4986572265625,646.4453125,46.657952666282654,0.039267562329769135,0.018321441486477852
81.1,1000,25.38433265686035,0.4709066152572632,17.07238006591797,81.1543960571289,13108.964746493002,1385.4986572265625,646.4453125,46.657952666282654,0.039267562329769135,0.018321441486477852
81.2,1000,25.38433265686035,0.4709066152572632,17.07238006591797,81.1543960571289,13108.964746493002,1385.4986572265625,646.4453125,46.657952666282654,0.039267562329769135,0.018321441486477852
81.3,1000,25.38433265686035,0.4709066152572632,17.07238006591797,81.1543960571289,13108.964746493002,1385.4986572265625,646.4453125,46.657952666282654,0.039267562329769135,0.018321441486477852
81.4,1000,25.38433265686035,0.4709066152572632,17.07238006591797,81.1543960571289,13108.964746493002,1385.4986572265625,646.4453125,46.657952666282654,0.039267562329769135,0.018321441486477852
81.5,1000,25.38433265686035,0.4709066152572632,17.07238006591797,81.1543960571289,13108.964746493002,1385.4986572265625,646.4453125,46.657952666282654,0.039267562329769135,0.018321441486477852
81.6,1000,25.38433265686035,0.4709066152572632,17.07238006591797,81.1543960571289,13108.964746493002,1385.4986572265625,646.4453125,46.657952666282654,0.039267562329769135,0.018321441486477852
81.7,1000,25.38433265686035,0.4709066152572632,17.07238006591797,81.1543960571289,13108.964746493002,1385.4986572265625,646.4453125,46.657952666282654,0.039267562329769135,0.018321441486477852
81.8,1000,25.38433265686035,0.4709066152572632,17.07238006591797,81.1543960571289,13108.964746493002,1385.4986572265625,646.4453125,46.657952666282654,0.039267562329769135,0.018321441486477852
81.9,1000,25.38433265686035,0.4709066152572632,17.07238006591797,81.1543960571289,13108.964746493002,1385.4986572265625,646.4453125,46.657952666282654,0.039267562329769135,0.018321441486477852
82,1000,25.38433265686035,0.4709066152572632,17.07238006591797,81.1543960571289,13108.964746493002,1385.4986572265625,646.4453125,46.657952666282654,0.039267562329769135,0.018321441486477852
