Time (s),Powertrain 1 - ESC throttle (μs),Powertrain 1 - force Fz (thrust) (N),Powertrain 1 - torque MZ (torque) (N⋅m),Powertrain 1 - voltage (V),Powertrain 1 - current (A),Powertrain 1 - rotation speed (rpm),Powertrain 1 - electrical power (W),Powertrain 1 - mechanical power (W),Powertrain 1 - motor & ESC efficiency (%),Powertrain 1 - propeller efficiency (N/W),Powertrain 1 - powertrain efficiency (N/W)
0,1000,-0.01372592058032751,0.0006799217662774026,16.97513771057129,0.03398319333791733,0,0.5768693685531616,0,0,0,-0.023793809115886688
0.1,1000,-0.007480661850422621,0.000407808372983709,16.975112915039062,0.01751544699072838,69.6322668397437,0.2973266839981079,0.0029736871365457773,1.0001413524150848,-2.515618324279785,-0.025159738957881927
0.2,1000,-0.0033365797717124224,0.00021098584693390876,16.97508430480957,0.01295201014727354,139.2645336794874,0.2198614627122879,0.0030769642908126116,1.3995014131069183,-1.0843738317489624,-0.015175827778875828
0.3,1000,-0.0011393517488613725,0.00013731917715631425,16.975034713745117,0.013033577241003513,208.8968005192311,0.2212454229593277,0.0030039423145353794,1.3577421195805073,-0.3792854845523834,-0.005149718839675188
0.4,1000,-0.0003943895280826837,0.00006928710354259238,16.975051879882812,0.014470692723989487,278.5290673589748,0.24564075469970703,0.002020931337028742,0.8227182552218437,-0.1951523721218109,-0.0016055541345849633
0.5,1000,-0.0003748396411538124,0.00008483105193590745,16.975046157836914,0.013093357905745506,348.1613341987185,0.22226035594940186,0.003092886647209525,1.391560211777687,-0.12119410932064056,-0.001686488976702094
0.6,1000,0.000039136328268796206,0.00006569515244336799,16.975034713745117,0.0034565008245408535,417.7936010384622,0.058674219995737076,0.0028742447029799223,4.898649826645851,0.013616213575005531,0.0006670106085948646
0.7,1000,-0.00032906184787862003,0.00007660377741558477,16.975032806396484,0.0005723725189454854,487.4258678782059,0.009716042317450047,0.003910095430910587,40.24370610713959,-0.08415698260068893,-0.033867888152599335
0.8,1000,0.0005564948660321534,-0.000003518072617225698,16.97504425048828,-0.006158946547657251,557.0581347179497,-0.1045483872294426,-0.0002052267373073846,0.19629832822829485,-2.7116100788116455,-0.005322844721376896
0.9,1000,0.0009841315913945436,-0.000046681951062055305,16.975038528442383,0.0037300107069313526,626.6904379853689,0.06331707537174225,-0.0030635902658104897,-4.83848974108696,-0.32123473286628723,0.015542909502983093
1,1250,0.0012092390097677708,-0.00005738953041145578,16.97504234313965,-0.00845023151487112,696.322668397437,-0.1434430330991745,-0.00418477226048708,2.9173756018280983,-0.2889617383480072,-0.008430099114775658
1.1,1250,-0.003519907593727112,-0.00007179360545706004,16.97504997253418,-0.009659416042268276,765.9549716648563,-0.16396906971931458,-0.005758609622716904,3.5120096057653427,0.6112426519393921,0.021466899663209915
1.2,1250,0.009474881924688816,0.018013373017311096,16.973848342895508,0.07842963188886642,835.5872020769244,1.3312526941299438,1.5762149095535278,118.40088367462158,0.006011161021888256,0.007117267698049545
1.3,1250,0.04957153648138046,0.030972018837928772,16.972415924072266,0.25204649567604065,905.2195053443437,4.277837753295898,2.9359729290008545,68.63216757774353,0.016884194687008858,0.011587988585233688
1.4,1250,0.13291557133197784,0.03874698653817177,16.971403121948242,0.510374128818512,1112.8485134705938,8.661765098571777,4.515466213226318,52.13101506233215,0.029435625299811363,0.015345091000199318
1.5,1250,0.29134947061538696,0.04449518024921417,16.971309661865234,0.8345458507537842,1477.9180082804355,14.163335800170898,6.88639497756958,48.62127900123596,0.042307980358600616,0.020570680499076843
1.6,1250,0.5100829005241394,0.049672193825244904,16.971036911010742,1.1942378282546997,1914.9062986980878,20.267454147338867,9.960691452026367,49.1462379693985,0.05120958760380745,0.025167586281895638
1.7,1250,0.8009024262428284,0.05524948239326477,16.970664978027344,1.5994915962219238,2381.9427587213227,27.14443588256836,13.781235694885254,50.770020484924316,0.05811543017625809,0.02950521558523178
1.8,1250,1.1539548635482788,0.05782478302717209,16.972219467163086,1.9408456087112427,2847.538577030981,32.94045639038086,17.242977142333984,52.345895767211914,0.06692317873239517,0.03503153845667839
1.9,1250,1.4384082555770874,0.05008953809738159,16.97661590576172,1.9032354354858398,3195.0976524694443,32.31049728393555,16.759450912475586,51.869988441467285,0.08582669496536255,0.04451829567551613
2,1250,1.5967247486114502,0.042600687593221664,16.978029251098633,1.79686439037323,3388.1474305670054,30.50721549987793,15.114977836608887,49.54558312892914,0.10563857108354568,0.05233924835920334
2.1,1250,1.6663743257522583,0.03795444965362549,16.977962493896484,1.7005269527435303,3476.301531190423,28.871482849121094,13.816841125488281,47.85636067390442,0.12060458213090897,0.057716961950063705
2.2,1250,1.69081711769104,0.035429179668426514,16.9775447845459,1.6726477146148682,3509.4247794572098,28.397451400756836,13.020440101623535,45.850732922554016,0.12985867261886597,0.05954115837812424
2.3,1250,1.6927330493927002,0.03425326943397522,16.977188110351562,1.6397074460983276,3517.517551862597,27.837621688842773,12.617314338684082,45.32468616962433,0.13415953516960144,0.06080738827586174
2.4,1250,1.6850286722183228,0.03370332345366478,16.97699546813965,1.631778359413147,3516.1828418295872,27.702693939208984,12.410029411315918,44.7971910238266,0.13577958941459656,0.060825444757938385
2.5,1250,1.68882155418396,0.03334590420126915,16.97694206237793,1.6263712644577026,3513.60055676354,27.610811233520508,12.269405364990234,44.43696141242981,0.1376449465751648,0.061165228486061096
2.6,1250,1.6947128772735596,0.03314869478344917,16.976200103759766,1.6244715452194214,3511.27792816898,27.577354431152344,12.188780784606934,44.19851303100586,0.13903875648975372,0.061453063040971756
2.7,1250,1.695855975151062,0.03310026600956917,16.97571563720703,1.6312204599380493,3508.612296581221,27.69113540649414,12.161733627319336,43.91923248767853,0.13944196701049805,0.061241839081048965
2.8,1250,1.6994733810424805,0.03305340185761452,16.97544288635254,1.6284762620925903,3506.391665478266,27.644105911254883,12.136828422546387,43.90385448932648,0.14002615213394165,0.06147687882184982
2.9,1250,1.6998053789138794,0.0330311618745327,16.975318908691406,1.6301957368850708,3504.806624458716,27.673091888427734,12.12317943572998,43.80854666233063,0.14021119475364685,0.061424482613801956
3,1250,1.6973752975463867,0.03295997530221939,16.975278854370117,1.636130690574646,3503.7312794757895,27.773775100708008,12.093340873718262,43.542301654815674,0.14035619795322418,0.061114318668842316
3.1,1250,1.6898772716522217,0.03296132758259773,16.975234985351562,1.6443243026733398,3502.988154894092,27.912792205810547,12.09127140045166,43.31803023815155,0.1397600919008255,0.06054132059216499
3.2,1250,1.6887826919555664,0.032959554344415665,16.975284576416016,1.6411807537078857,3502.4175517839103,27.85951042175293,12.088651657104492,43.39147210121155,0.13969983160495758,0.06061781570315361
3.3,1250,1.6895029544830322,0.033080585300922394,16.9753360748291,1.6303209066390991,3502.1366215498883,27.67524528503418,12.13206958770752,43.83726119995117,0.1392592489719391,0.06104744225740433
3.4,1250,1.6946072578430176,0.03319541737437248,16.975296020507812,1.6282172203063965,3502.1363301284837,27.639469146728516,12.174181938171387,44.0463662147522,0.13919679820537567,0.061311136931180954
3.5,1250,1.696195363998413,0.03316530957818031,16.975309371948242,1.6263368129730225,3502.146821299049,27.60757064819336,12.163176536560059,44.05739605426788,0.13945332169532776,0.061439502984285355
3.6,1250,1.6941475868225098,0.033135704696178436,16.975311279296875,1.6247220039367676,3501.948363322525,27.580162048339844,12.151630401611328,44.05931532382965,0.13941730558872223,0.0614263117313385
3.7,1250,1.689560055732727,0.03304438665509224,16.975345611572266,1.6308977603912354,3501.9585630716856,27.6850528717041,12.11817741394043,43.77155303955078,0.13942360877990723,0.061027877032756805
3.8,1250,1.6863315105438232,0.03301329165697098,16.97539520263672,1.6256773471832275,3501.8513199947974,27.596515655517578,12.106403350830078,43.869319558143616,0.13929252326488495,0.06110668182373047
3.9,1250,1.6879050731658936,0.03305967524647713,16.975351333618164,1.628383994102478,3501.8210121687202,27.642391204833984,12.123308181762695,43.857669830322266,0.13922809064388275,0.061062198132276535
4,1250,1.69257390499115,0.033149752765893936,16.97530746459961,1.638700008392334,3501.873468021546,27.81743621826172,12.156522750854492,43.701088428497314,0.13923175632953644,0.060845788568258286
4.1,1250,1.6954461336135864,0.03322713449597359,16.975296020507812,1.6389249563217163,3502.1724663826526,27.82123565673828,12.18593978881836,43.8008576631546,0.1391313374042511,0.06094072014093399
4.2,1250,1.695012092590332,0.03310762345790863,16.975343704223633,1.6398112773895264,3502.4268772688574,27.836360931396484,12.14299201965332,43.62277090549469,0.13958768546581268,0.0608920156955719
4.3,1250,1.6890795230865479,0.03300727531313896,16.9753360748291,1.6294001340866089,3502.4070606133455,27.65961456298828,12.106118202209473,43.76820921897888,0.13952280580997467,0.061066631227731705
4.4,1250,1.6852161884307861,0.03301109001040459,16.975341796875,1.6384079456329346,3502.314680028091,27.81253433227539,12.107197761535645,43.531444668769836,0.13919126987457275,0.06059196591377258
4.5,1250,1.6835390329360962,0.033050429075956345,16.975326538085938,1.631633996963501,3502.259892804029,27.697519302368164,12.12143611907959,43.76361668109894,0.1388894021511078,0.0607830248773098
4.6,1250,1.6886266469955444,0.03310549259185791,16.975313186645508,1.6393064260482788,3502.2581442756014,27.827739715576172,12.14162540435791,43.63137483596802,0.13907748460769653,0.06068141385912895
4.7,1250,1.6919530630111694,0.03313163295388222,16.97533416748047,1.6376725435256958,3501.970219927869,27.800039291381836,12.150213241577148,43.70574355125427,0.1392529457807541,0.060861535370349884
4.8,1250,1.6929477453231812,0.033105622977018356,16.975372314453125,1.630272388458252,3501.848114359347,27.674480438232422,12.140251159667969,43.868038058280945,0.13944914937019348,0.06117360293865204
4.9,1250,1.688956379890442,0.033047910779714584,16.975961685180664,1.6154234409332275,3501.824217804171,27.42336654663086,12.11900520324707,44.19226050376892,0.13936427235603333,0.06158822029829025
5,1250,1.6858757734298706,0.032992396503686905,16.976449966430664,1.6139487028121948,3501.7927442924756,27.399120330810547,12.098538398742676,44.156670570373535,0.13934540748596191,0.06153029203414917
5.1,1250,1.686380386352539,0.03302919492125511,16.976665496826172,1.611330270767212,3501.8577312656985,27.35501480102539,12.112257957458496,44.278016686439514,0.13922923803329468,0.061647940427064896
5.2,1250,1.6887494325637817,0.03317013010382652,16.976747512817383,1.614269495010376,3501.857148422889,27.405046463012695,12.163938522338867,44.38576400279999,0.1388324499130249,0.06162184476852417
5.3,1250,1.6935629844665527,0.0332300066947937,16.976850509643555,1.6273828744888306,3501.907564325883,27.627836227416992,12.186071395874023,44.10794973373413,0.13897530734539032,0.0612991563975811
5.4,1250,1.6932004690170288,0.03326047584414482,16.976276397705078,1.629189372062683,3502.323131248824,27.657569885253906,12.198692321777344,44.10616457462311,0.13880179822444916,0.06122014671564102
5.5,1250,1.6885290145874023,0.0331745520234108,16.97581672668457,1.6249350309371948,3502.4204659979564,27.584598541259766,12.167516708374023,44.10982131958008,0.13877350091934204,0.06121274456381798
5.6,1250,1.6832995414733887,0.033094022423028946,16.97561264038086,1.625859022140503,3502.3251711986563,27.599952697753906,12.137650489807129,43.97706985473633,0.13868412375450134,0.06098921597003937
5.7,1250,1.6821753978729248,0.03305114060640335,16.97603416442871,1.6230573654174805,3502.0990281886966,27.553077697753906,12.121140480041504,43.99196803569794,0.13878028094768524,0.06105217710137367
5.8,1250,1.6842223405838013,0.033167269080877304,16.97640609741211,1.621077537536621,3502.160809526469,27.520071029663086,12.163944244384766,44.200265407562256,0.1384602189064026,0.06119978427886963
5.9,1250,1.6891212463378906,0.03315749764442444,16.97661018371582,1.6247119903564453,3502.0422010148022,27.582101821899414,12.159948348999023,44.08637285232544,0.13890857994556427,0.061239756643772125
6,1300,1.6888545751571655,0.03315335512161255,16.976760864257812,1.6207753419876099,3502.187328874287,27.51551628112793,12.158933639526367,44.18937265872955,0.13889825344085693,0.06137826293706894
6.1,1300,1.7237911224365234,0.04137619212269783,16.972667694091797,1.8654471635818481,3536.436920869803,31.6616153717041,15.323043823242188,48.39628040790558,0.11249665170907974,0.054444193840026855
6.2,1300,1.9167587757110596,0.055689409375190735,16.969743728637695,2.404183864593506,3716.381769824482,40.79838562011719,21.673126220703125,53.12250852584839,0.08843942731618881,0.046981241554021835
6.3,1300,2.190662384033203,0.056644007563591,16.974550247192383,2.5614686012268066,3947.107089949887,43.47977828979492,23.413238525390625,53.848570585250854,0.09356511384248734,0.05038347840309143
6.4,1300,2.374905824661255,0.05299829691648483,16.977096557617188,2.5302021503448486,4103.6554628586855,42.95548629760742,22.77515983581543,53.02037596702576,0.104276143014431,0.05528760328888893
6.5,1300,2.4959025382995605,0.049878980964422226,16.977609634399414,2.4766135215759277,4188.275204687269,42.04697799682617,21.876678466796875,52.029138803482056,0.11408964544534683,0.05935985594987869
6.6,1300,2.564293384552002,0.04807708412408829,16.97751808166504,2.4342851638793945,4227.0459083535525,41.328121185302734,21.281572341918945,51.49416923522949,0.12049360573291779,0.06204717978835106
6.7,1300,2.5962181091308594,0.04732760041952133,16.977277755737305,2.414496421813965,4242.27180247902,40.9915771484375,21.025270462036133,51.29168629646301,0.12348084151744843,0.06333540380001068
6.8,1300,2.604490041732788,0.04713280498981476,16.976648330688477,2.4106907844543457,4246.704613464196,40.92544937133789,20.96061134338379,51.216572523117065,0.12425639480352402,0.06363986432552338
6.9,1300,2.6018030643463135,0.04712936654686928,16.976024627685547,2.3902034759521484,4247.1397056212445,40.57615280151367,20.96122932434082,51.6589879989624,0.12412454187870026,0.06412148475646973
7,1300,2.5936505794525146,0.04714551940560341,16.975757598876953,2.3807520866394043,4246.325765638233,40.415069580078125,20.96439552307129,51.872718334198,0.12371692806482315,0.0641753301024437
7.1,1300,2.5856330394744873,0.04714856296777725,16.975603103637695,2.384857177734375,4245.085184718905,40.48439025878906,20.959623336791992,51.772111654281616,0.12336257100105286,0.06386741250753403
7.2,1300,2.579362154006958,0.04712147265672684,16.975515365600586,2.3843789100646973,4244.223743046945,40.47605895996094,20.943330764770508,51.74251198768616,0.12315911799669266,0.06372562050819397
7.3,1300,2.5738751888275146,0.04710478335618973,16.975412368774414,2.3783798217773438,4243.637111759511,40.37397766113281,20.933019638061523,51.84779763221741,0.12295766919851303,0.06375084072351456
7.4,1300,2.572955369949341,0.046945370733737946,16.975351333618164,2.3788983821868896,4243.318296742893,40.38263702392578,20.86060905456543,51.65737271308899,0.12334036827087402,0.063714399933815
7.5,1300,2.5746099948883057,0.046876151114702225,16.97533416748047,2.384774684906006,4243.294983030526,40.48234558105469,20.829736709594727,51.45387649536133,0.12360261380672455,0.06359833478927612
7.6,1300,2.576751947402954,0.04676240310072899,16.975318908691406,2.3756213188171387,4242.915552361754,40.32693099975586,20.777334213256836,51.522231101989746,0.12401744723320007,0.0638965591788292
7.7,1300,2.5820775032043457,0.04667944833636284,16.975339889526367,2.390223503112793,4243.0472748366265,40.57485580444336,20.741119384765625,51.11815929412842,0.12449074536561966,0.063637375831604
7.8,1300,2.588102102279663,0.04658433422446251,16.975357055664062,2.380384922027588,4243.235824485395,40.40788269042969,20.699777603149414,51.22707486152649,0.12503042817115784,0.06404943764209747
7.9,1300,2.595078468322754,0.04659199342131615,16.975370407104492,2.39117169380188,4243.185408582401,40.591026306152344,20.70293426513672,51.003724336624146,0.12534832954406738,0.06393232196569443
8,1300,2.5993406772613525,0.046724725514650345,16.9753360748291,2.3949854373931885,4243.121295873392,40.65568161010742,20.761600494384766,51.06691122055054,0.12519943714141846,0.06393548101186752
8.1,1300,2.599435567855835,0.04689531773328781,16.975704193115234,2.387845754623413,4242.6975691511225,40.535362243652344,20.83531951904297,51.40035152435303,0.12476100772619247,0.0641276016831398
8.2,1300,2.594705820083618,0.047007203102111816,16.976245880126953,2.3950188159942627,4242.337955137861,40.65842819213867,20.88326072692871,51.36268138885498,0.12424812465906143,0.06381717324256897
8.3,1300,2.587059736251831,0.047059737145900726,16.97655487060547,2.4051363468170166,4242.368845806747,40.830928802490234,20.906749725341797,51.20322108268738,0.12374279648065567,0.063360296189785
8.4,1300,2.5809106826782227,0.047092586755752563,16.97635269165039,2.40256929397583,4242.175633415506,40.786865234375,20.920391082763672,51.29198431968689,0.12336818128824234,0.06327798962593079
8.5,1300,2.5790746212005615,0.04714617505669594,16.97587013244629,2.4074363708496094,4242.236540489065,40.86832809448242,20.94449806213379,51.24872922897339,0.12313852459192276,0.06310693174600601
8.6,1300,2.5760369300842285,0.047221045941114426,16.975601196289062,2.3973145484924316,4242.288122077677,40.69585418701172,20.97801399230957,51.54828429222107,0.12279698252677917,0.0632997378706932
8.7,1300,2.569920778274536,0.04714488983154297,16.975427627563477,2.396540880203247,4242.605479987273,40.68230438232422,20.945749282836914,51.48614048957825,0.12269414961338043,0.06317047774791718
8.8,1300,2.5658767223358154,0.04699929803609848,16.975341796875,2.3908028602600098,4242.936826124288,40.584693908691406,20.8826961517334,51.45460367202759,0.12287095189094543,0.06322276592254639
8.9,1300,2.5647783279418945,0.04686398431658745,16.975337982177734,2.3928885459899902,4243.332576391717,40.62009048461914,20.824514389038086,51.266539096832275,0.12316148728132248,0.0631406307220459
9,1300,2.570091962814331,0.04672946780920029,16.975341796875,2.4006950855255127,4243.50742923447,40.752620697021484,20.765596389770508,50.95524191856384,0.12376682460308075,0.06306568533182144
9.1,1300,2.5791118144989014,0.0466204434633255,16.975643157958984,2.404515266418457,4243.376289602405,40.81819152832031,20.716508865356445,50.75312256813049,0.1244954839348793,0.06318534910678864
9.2,1300,2.587212562561035,0.0466221459209919,16.976163864135742,2.39693284034729,4243.07670839849,40.69072341918945,20.715803146362305,50.910377502441406,0.1248907744884491,0.06358236819505692
9.3,1300,2.593501567840576,0.046661246567964554,16.97647476196289,2.3906753063201904,4242.698151993931,40.58523941040039,20.731327056884766,51.08095407485962,0.12510061264038086,0.06390257924795151
9.4,1300,2.593536376953125,0.04675830528140068,16.97665023803711,2.386040687561035,4242.592366024066,40.50697708129883,20.7739315032959,51.28481984138489,0.1248457208275795,0.06402689963579178
9.5,1300,2.591407060623169,0.04684288799762726,16.976707458496094,2.403704881668091,4242.609268465532,40.8069953918457,20.81159210205078,51.00006461143494,0.12451747804880142,0.06350399553775787
9.6,1300,2.587657928466797,0.04697105288505554,16.976499557495117,2.402507781982422,4242.32833823151,40.786170959472656,20.86715316772461,51.162320375442505,0.12400627881288528,0.06344448775053024
9.7,1300,2.5821480751037598,0.04710240662097931,16.975955963134766,2.392737627029419,4242.32892107432,40.6190071105957,20.92551040649414,51.516544818878174,0.12339714169502258,0.06356994062662125
9.8,1300,2.573840856552124,0.047133948653936386,16.975629806518555,2.3946549892425537,4242.408187696367,40.65077590942383,20.93991470336914,51.51171684265137,0.12291554361581802,0.06331590563058853
9.9,1300,2.565401315689087,0.04711783677339554,16.97573471069336,2.3914027214050293,4242.806269335033,40.59581756591797,20.934720993041992,51.568663120269775,0.12254289537668228,0.06319373100996017
10,1300,2.5569679737091064,0.046970877796411514,16.97627830505371,2.384406089782715,4243.236407328204,40.47834014892578,20.87154197692871,51.562243700027466,0.12250978499650955,0.06316879391670227
10.1,1300,2.5565264225006104,0.04678982123732567,16.976511001586914,2.3918094635009766,4243.475372879965,40.60457992553711,20.792259216308594,51.20668411254883,0.12295567989349365,0.06296152621507645
10.2,1300,2.558011054992676,0.04660893604159355,16.976730346679688,2.386218309402466,4243.103519167712,40.51018524169922,20.710063934326172,51.123106479644775,0.12351536750793457,0.06314488500356674
10.3,1300,2.560077667236328,0.04650626331567764,16.97667121887207,2.398124933242798,4241.658651843769,40.71217727661133,20.657405853271484,50.7401168346405,0.12393026053905487,0.06288235634565353
10.4,1300,2.5673530101776123,0.04644841328263283,16.976757049560547,2.3915188312530518,4241.950073248356,40.60023498535156,20.633127212524414,50.82021951675415,0.12442868947982788,0.06323493272066116
10.5,1300,2.5719449520111084,0.04640447720885277,16.97671890258789,2.393061637878418,4241.948033298524,40.62633514404297,20.61359977722168,50.739502906799316,0.12476932257413864,0.06330733746290207
10.6,1300,2.5789942741394043,0.04642044007778168,16.976551055908203,2.394824504852295,4242.173884887079,40.655860900878906,20.621788024902344,50.722795724868774,0.12506161630153656,0.06343474984169006
10.7,1300,2.5817654132843018,0.046586599200963974,16.975868225097656,2.3996622562408447,4242.000197729945,40.736351013183594,20.69475555419922,50.80169439315796,0.12475457042455673,0.06337743252515793
10.8,1300,2.579305648803711,0.04675509035587311,16.975549697875977,2.404238700866699,4242.242951759966,40.81327438354492,20.77079200744629,50.89224576950073,0.12417945265769958,0.06319771707057953
10.9,1300,2.5752291679382324,0.046817101538181305,16.975553512573242,2.397054433822632,4242.54311580669,40.69132614135742,20.79981231689453,51.116085052490234,0.12381021678447723,0.0632869303226471
11,1350,2.5685009956359863,0.04684961959719658,16.97614097595215,2.3973236083984375,4242.7310826126495,40.697303771972656,20.815181732177734,51.14634037017822,0.12339556217193604,0.06311231106519699
11.1,1350,2.5949840545654297,0.055077437311410904,16.971511840820312,2.6965649127960205,4276.190339758926,45.7647819519043,24.66376495361328,53.8924515247345,0.1052144318819046,0.056702639907598495
11.2,1350,2.8465068340301514,0.06948703527450562,16.967863082885742,3.3437581062316895,4452.132515721599,56.73643112182617,32.39667892456055,57.100313901901245,0.08786416053771973,0.05017070844769478
11.3,1350,3.161942720413208,0.07214338332414627,16.973342895507812,3.561033248901367,4676.17117171875,60.4426383972168,35.32771301269531,58.44833254814148,0.08950318396091461,0.05231311544775963
11.4,1350,3.372298240661621,0.06911115348339081,16.976421356201172,3.5587825775146484,4829.939384427787,60.4153938293457,34.95573425292969,57.858991622924805,0.09647338837385178,0.055818527936935425
11.5,1350,3.515965700149536,0.06772501766681671,16.977209091186523,3.5165483951568604,4915.322650336389,59.701175689697266,34.860191345214844,58.39112997055054,0.10085904598236084,0.058892738074064255
11.6,1350,3.5998964309692383,0.06651213020086288,16.977231979370117,3.4880428314208984,4957.206317446473,59.21731185913086,34.52760696411133,58.30661058425903,0.10426139831542969,0.06079128384590149
11.7,1350,3.6039888858795166,0.06497268378734589,16.977128982543945,3.4654810428619385,4974.8856883771605,58.833919525146484,33.8487434387207,57.532697916030884,0.10647334903478622,0.06125699356198311
11.8,1350,3.6417183876037598,0.06554676592350006,16.97701644897461,3.4536733627319336,4981.382637171027,58.6330680847168,34.19241714477539,58.31592082977295,0.10650660842657089,0.06211031600832939
11.9,1350,3.6649985313415527,0.06547866016626358,16.976882934570312,3.4516255855560303,4983.362554193794,58.597843170166016,34.17046356201172,58.3135187625885,0.10725632309913635,0.06254494190216064
12,1350,3.6343600749969482,0.06464778631925583,16.976863861083984,3.4436988830566406,4983.866713223729,58.46320724487305,33.74028015136719,57.71198868751526,0.10771576315164566,0.06216491013765335
12.1,1350,3.6365177631378174,0.06522417813539505,16.976900100708008,3.456317901611328,4984.396517337269,58.67756271362305,34.04472351074219,58.02000164985657,0.1068158969283104,0.06197458505630493
12.2,1350,3.661325454711914,0.065444715321064,16.97686767578125,3.463848114013672,4984.236235564746,58.80529022216797,34.15873718261719,58.08786749839783,0.10718561708927155,0.06226183846592903
12.3,1350,3.634336471557617,0.0647309273481369,16.976863861083984,3.4641828536987305,4983.901100949471,58.81095886230469,33.783905029296875,57.44491219520569,0.10757596790790558,0.061796922236680984
12.4,1350,3.62455153465271,0.06507004797458649,16.976858139038086,3.454681873321533,4983.479705598437,58.64964294433594,33.95802688598633,57.89979696273804,0.10673622786998749,0.06180005893111229
12.5,1350,3.663140296936035,0.06545824557542801,16.976839065551758,3.456970453262329,4983.514676166988,58.68843078613281,34.16085433959961,58.207136392593384,0.10723210871219635,0.06241673603653908
12.6,1350,3.6485068798065186,0.06504537910223007,16.97686195373535,3.4567534923553467,4983.201106735652,58.6848258972168,33.94325637817383,57.83991813659668,0.10748842358589172,0.06217121332883835
12.7,1350,3.625614881515503,0.0648759976029396,16.97686004638672,3.468130350112915,4983.077544060107,58.87796401977539,33.854026794433594,57.49863386154175,0.10709553211927414,0.06157847121357918
12.8,1350,3.659127712249756,0.0654941201210022,16.976835250854492,3.4666736125946045,4982.993614695586,58.853145599365234,34.176002502441406,58.06996822357178,0.10706716775894165,0.06217386573553085
12.9,1350,3.6471123695373535,0.06515195965766907,16.976856231689453,3.4554035663604736,4983.192946936324,58.661888122558594,33.998817443847656,57.957249879837036,0.10727174580097198,0.06217174977064133
13,1350,3.6104366779327393,0.06443680077791214,16.976869583129883,3.4544568061828613,4984.053805765474,58.6458625793457,33.63142776489258,57.346636056900024,0.10735306143760681,0.061563365161418915
13.1,1350,3.6335177421569824,0.06517666578292847,16.97615623474121,3.4497227668762207,4984.280531618243,58.56303405761719,34.01913070678711,58.08977484703064,0.10680806636810303,0.06204456090927124
13.2,1350,3.6426706314086914,0.06513993442058563,16.97576332092285,3.4492599964141846,4983.913340648463,58.5538215637207,33.99745559692383,58.06189179420471,0.10714539140462875,0.06221063807606697
13.3,1350,3.608459711074829,0.06432328373193741,16.97551155090332,3.441225051879883,4983.700020180306,58.41655731201172,33.56979751586914,57.46623873710632,0.10749125480651855,0.06177118420600891
13.4,1350,3.619367837905884,0.06505733728408813,16.975421905517578,3.4295167922973633,4983.903432320707,58.21749496459961,33.954280853271484,58.32315683364868,0.10659533739089966,0.06216976419091225
13.5,1350,3.634594440460205,0.06508351117372513,16.97545623779297,3.42349910736084,4983.90867790599,58.11545944213867,33.96797561645508,58.44912528991699,0.10700061917304993,0.0625409260392189
13.6,1350,3.600539445877075,0.06434211879968643,16.97530174255371,3.439152479171753,4982.832750080253,58.38064956665039,33.57378387451172,57.50840902328491,0.10724259167909622,0.06167350709438324
13.7,1350,3.595740556716919,0.06480740755796432,16.97536277770996,3.431180238723755,4982.476633123848,58.24552917480469,33.81415557861328,58.05450677871704,0.10633832216262817,0.061734188348054886
13.8,1350,3.627358913421631,0.06527858972549438,16.975231170654297,3.4416189193725586,4981.147751518931,58.42227554321289,34.0509147644043,58.28413367271423,0.10652749985456467,0.062088627368211746
13.9,1350,3.6086466312408447,0.0647660344839096,16.975296020507812,3.448491096496582,4981.5114454318555,58.53915786743164,33.7860221862793,57.71524906158447,0.1068088635802269,0.06164500489830971
14,1350,3.5910115242004395,0.06463635712862015,16.97532081604004,3.437106132507324,4982.203862689154,58.345977783203125,33.723060607910156,57.79843330383301,0.10648533701896667,0.06154685467481613
14.1,1350,3.6286168098449707,0.0651576891541481,16.975339889526367,3.4284260272979736,4982.403777772702,58.19869613647461,33.996421813964844,58.41440558433533,0.10673525929450989,0.06234876438975334
14.2,1350,3.6220664978027344,0.06496968120336533,16.975374221801758,3.432525396347046,4982.828670180589,58.268402099609375,33.90121841430664,58.18113684654236,0.10684178024530411,0.06216175854206085
14.3,1350,3.59928822517395,0.06432657688856125,16.97542953491211,3.4463465213775635,4982.839744193964,58.503211975097656,33.56571960449219,57.374149560928345,0.10723107308149338,0.061522915959358215
14.4,1350,3.6286654472351074,0.06510376185178757,16.975318908691406,3.454911708831787,4981.47297780645,58.64822769165039,33.96194076538086,57.907867431640625,0.10684505850076675,0.06187169626355171
14.5,1350,3.637622356414795,0.06510520726442337,16.97538948059082,3.4621894359588623,4981.9048643280485,58.77201461791992,33.96563720703125,57.7921986579895,0.10709713399410248,0.06189378350973129
14.6,1350,3.6118805408477783,0.06439502537250519,16.9753360748291,3.4479548931121826,4980.8878036260385,58.53019332885742,33.58827590942383,57.386237382888794,0.10753396898508072,0.0617096982896328
14.7,1350,3.627467632293701,0.06535915285348892,16.975332260131836,3.467862844467163,4980.7356816528445,58.868125915527344,34.090118408203125,57.90930390357971,0.10640817880630493,0.061620235443115234
14.8,1350,3.6517131328582764,0.0655352845788002,16.97599220275879,3.4550065994262695,4981.533010615794,58.652164459228516,34.18745803833008,58.28848481178284,0.10681440681219101,0.062260501086711884
14.9,1350,3.6251816749572754,0.06478200852870941,16.976520538330078,3.4451379776000977,4982.386875331235,58.486454010009766,33.80029296875,57.79166221618652,0.10725296288728714,0.061983268707990646
15,1350,3.6229186058044434,0.06527009606361389,16.976703643798828,3.4615678787231445,4983.353811551656,58.76601028442383,34.06156539916992,57.96133279800415,0.10636383295059204,0.06164989620447159
15.1,1350,3.660790205001831,0.06563065201044083,16.976810455322266,3.472015857696533,4983.215094963072,58.943756103515625,34.2487678527832,58.104151487350464,0.10688822716474533,0.06210649758577347
15.2,1350,3.6411962509155273,0.06511881947517395,16.97691535949707,3.476398229598999,4983.300772856021,59.01852035522461,33.98225784301758,57.5789749622345,0.10714992135763168,0.061695825308561325
15.3,1350,3.622309446334839,0.06500004976987839,16.976892471313477,3.473881721496582,4983.114263157085,58.97571563720703,33.919010162353516,57.51351714134216,0.10679290443658829,0.06142035499215126
15.4,1350,3.657291889190674,0.06562314182519913,16.976903915405273,3.4858944416046143,4983.1847871369955,59.17969512939453,34.2446403503418,57.86552429199219,0.10679895430803299,0.061799775809049606
15.5,1350,3.644533157348633,0.06538135558366776,16.97633171081543,3.484452724456787,4983.3876164345875,59.15322494506836,34.11985778808594,57.68046975135803,0.10681560635566711,0.06161174178123474
15.6,1350,3.6183154582977295,0.06483636796474457,16.97587013244629,3.4740405082702637,4983.013431351098,58.97486114501953,33.832908630371094,57.368361949920654,0.10694662481546402,0.061353523284196854
15.7,1350,3.649928569793701,0.06561833620071411,16.975637435913086,3.472654104232788,4982.81409911036,58.95051574707031,34.239585876464844,58.081912994384766,0.10659966617822647,0.06191512569785118
15.8,1350,3.6586437225341797,0.0656149834394455,16.975534439086914,3.451864719390869,4982.590870314446,58.59724807739258,34.236305236816406,58.426469564437866,0.10686445236206055,0.06243712455034256
15.9,1350,3.6280922889709473,0.06482714414596558,16.975502014160156,3.4465036392211914,4982.766306000008,58.50613021850586,33.826419830322266,57.81688094139099,0.10725617408752441,0.06201217323541641
16,1400,3.640897750854492,0.06562639027833939,16.976045608520508,3.4467949867248535,4982.981957839403,58.51294708251953,34.24494171142578,58.52540731430054,0.10631927847862244,0.06222379580140114
16.1,1400,3.68088960647583,0.0712943971157074,16.972217559814453,3.682758331298828,5000.760994890459,62.504573822021484,37.33534240722656,59.73217487335205,0.0985899567604065,0.05888992175459862
16.2,1400,3.884932041168213,0.08625668287277222,16.965883255004883,4.472603797912598,5147.437467718866,75.88167572021484,46.495662689208984,61.27390265464783,0.0835547149181366,0.05119723826646805
16.3,1400,4.217276573181152,0.09115052968263626,16.97124671936035,4.86174201965332,5372.062172160642,82.50982666015625,51.27773666381836,62.14743256568909,0.08224381506443024,0.05111241713166237
16.4,1400,4.464600563049316,0.08918048441410065,16.97540855407715,4.929292678833008,5537.435076621747,83.6767578125,51.71387481689453,61.801958084106445,0.08633273839950562,0.053355325013399124
16.5,1400,4.6014509201049805,0.0874783992767334,16.97684097290039,4.915326118469238,5633.573832309449,83.44670867919922,51.607574462890625,61.84494495391846,0.08916231989860535,0.05514238774776459
16.6,1400,4.6785125732421875,0.08576003462076187,16.97714614868164,4.879307270050049,5683.76883787836,82.83671569824219,51.044620513916016,61.62077188491821,0.09165535122156143,0.05647873133420944
16.7,1400,4.711413383483887,0.08514748513698578,16.97711181640625,4.869481563568115,5707.707940579581,82.66973114013672,50.89348602294922,61.56241297721863,0.09257400035858154,0.056990791112184525
16.8,1400,4.739773273468018,0.08473193645477295,16.976985931396484,4.853237152099609,5718.05106907119,82.39334106445312,50.736881256103516,61.578863859176636,0.09341869503259659,0.05752617120742798
16.9,1400,4.7433013916015625,0.08458290249109268,16.976425170898438,4.838507652282715,5722.123974621701,82.14056396484375,50.683719635009766,61.70364022254944,0.09358629584312439,0.057746149599552155
17,1400,4.752231597900391,0.08456496149301529,16.975872039794922,4.8385539054870605,5723.679582079388,82.138671875,50.686744689941406,61.70874238014221,0.09375689178705215,0.057856202125549316
17.1,1400,4.763113498687744,0.08452992141246796,16.97556495666504,4.838136196136475,5723.5974012432935,82.13009643554688,50.66501235961914,61.68873310089111,0.09401188790798187,0.05799473822116852
17.2,1400,4.764834880828857,0.08471043407917023,16.97537612915039,4.833677768707275,5723.008730006028,82.05349731445312,50.76798629760742,61.871808767318726,0.0938551127910614,0.058069854974746704
17.3,1400,4.7622175216674805,0.08460810035467148,16.975324630737305,4.837900638580322,5723.2150563604755,82.12493133544922,50.7084846496582,61.74554228782654,0.09391362220048904,0.05798747390508652
17.4,1400,4.746997356414795,0.08494176715612411,16.97533416748047,4.837000370025635,5724.290401343403,82.10969543457031,50.918025970458984,62.0121955871582,0.09322822839021683,0.05781286954879761
17.5,1400,4.749920845031738,0.08440238982439041,16.975332260131836,4.836805820465088,5725.130860674231,82.10638427734375,50.60212707519531,61.6299569606781,0.09386800974607468,0.057850807905197144
17.6,1400,4.739264965057373,0.08457554876804352,16.975357055664062,4.849524974822998,5725.574404052014,82.32241821289062,50.709869384765625,61.59910559654236,0.09345842897891998,0.057569555938243866
17.7,1400,4.748021125793457,0.08411117643117905,16.9753360748291,4.840174674987793,5725.524279570424,82.16358947753906,50.430999755859375,61.37877106666565,0.09414885938167572,0.05778741091489792
17.8,1400,4.7492218017578125,0.08412928134202957,16.97542953491211,4.828240871429443,5724.514212982125,81.96146392822266,50.43295669555664,61.53252720832825,0.0941690132021904,0.05794456973671913
17.9,1400,4.752657413482666,0.08417239040136337,16.975271224975586,4.83759069442749,5722.457360708549,82.11941528320312,50.440670013427734,61.423563957214355,0.09422272443771362,0.057874955236911774
18,1400,4.746396541595459,0.08424576371908188,16.97540855407715,4.844820022583008,5722.616476795453,82.2427978515625,50.48604202270508,61.386579275131226,0.09401403367519379,0.057711999863386154
18.1,1400,4.744902610778809,0.0842377245426178,16.975374221801758,4.852214813232422,5721.909488467924,82.3681640625,50.4749870300293,61.27973198890686,0.0940050259232521,0.05760602653026581
18.2,1400,4.739775657653809,0.08424685150384903,16.97532081604004,4.858454704284668,5722.400824956058,82.47382354736328,50.48479080200195,61.21310591697693,0.09388522058725357,0.05747005715966225
18.3,1400,4.735113143920898,0.08441518992185593,16.975399017333984,4.856453895568848,5723.455187597855,82.44023895263672,50.59498977661133,61.37171387672424,0.09358857572078705,0.05743691325187683
18.4,1400,4.738351345062256,0.08431583642959595,16.9753475189209,4.853809356689453,5723.729706560976,82.39510345458984,50.537864685058594,61.33600473403931,0.09375844150781631,0.05750768259167671
18.5,1400,4.735621929168701,0.08471115678548813,16.975324630737305,4.835129737854004,5723.336287664783,82.07789611816406,50.771324157714844,61.8574857711792,0.09327355772256851,0.05769667774438858
18.6,1400,4.745237350463867,0.0843564122915268,16.975297927856445,4.841609954833984,5723.157937765176,82.18777465820312,50.557132720947266,61.51418089866638,0.09385890513658524,0.05773653835058212
18.7,1400,4.732790470123291,0.0846593827009201,16.975412368774414,4.845787048339844,5723.90397656092,82.25923156738281,50.74532699584961,61.68951988220215,0.09326554089784622,0.057535067200660706
18.8,1400,4.73134183883667,0.08435363322496414,16.97542381286621,4.849630355834961,5724.675660440266,82.32453155517578,50.56887435913086,61.426252126693726,0.09356232732534409,0.05747183412313461
18.9,1400,4.712223052978516,0.08434561640024185,16.97542953491211,4.84494686126709,5725.459001175797,82.24505615234375,50.570987701416016,61.488181352615356,0.09318036586046219,0.05729491263628006
19,1400,4.709311485290527,0.08408674597740173,16.975412368774414,4.844821929931641,5726.413697697225,82.24285125732422,50.4241828918457,61.311328411102295,0.09339390695095062,0.05726104602217674
19.1,1400,4.700560569763184,0.0839318111538887,16.975425720214844,4.841470718383789,5726.700456359338,82.18602752685547,50.33379364013672,61.243736743927,0.09338776022195816,0.05719415843486786
19.2,1400,4.708479404449463,0.08398205041885376,16.97530174255371,4.818057060241699,5725.700880941605,81.78797149658203,50.355133056640625,61.567896604537964,0.09350544959306717,0.05756933614611626
19.3,1400,4.721957206726074,0.08414984494447708,16.975181579589844,4.827335834503174,5723.557185089461,81.94490051269531,50.436851501464844,61.54971122741699,0.09362117201089859,0.05762356147170067
19.4,1400,4.737208843231201,0.08456674218177795,16.975147247314453,4.821821689605713,5721.358119170446,81.85113525390625,50.66725158691406,61.90171241760254,0.09349646419286728,0.05787590891122818
19.5,1400,4.749715805053711,0.08448668569326401,16.975509643554688,4.820001125335693,5719.694685793062,81.82197570800781,50.60456848144531,61.8471622467041,0.09385942667722702,0.05804939195513725
19.6,1400,4.758821964263916,0.08501983433961868,16.97611427307129,4.831338882446289,5719.776866629156,82.01736450195312,50.92464065551758,62.09007501602173,0.09344831854104996,0.05802213028073311
19.7,1400,4.778572082519531,0.08480645716190338,16.976543426513672,4.833455562591553,5719.391607532291,82.05536651611328,50.79341125488281,61.901384592056274,0.09407858550548553,0.05823594704270363
19.8,1400,4.777133464813232,0.08530046790838242,16.97663688659668,4.861827373504639,5719.390441846673,82.5374755859375,51.08927917480469,61.89827919006348,0.09350559860467911,0.05787835642695427
19.9,1400,4.790738582611084,0.08513247221708298,16.9766845703125,4.889279365539551,5720.004175324733,83.00375366210938,50.99413299560547,61.43593788146973,0.09394685924053192,0.057717133313417435
20,1400,4.790996074676514,0.08559934049844742,16.976757049560547,4.893250465393066,5720.544470608838,83.07152557373047,51.278629302978516,61.72828674316406,0.09343066066503525,0.057673145085573196
20.1,1400,4.811379432678223,0.08549410104751587,16.97673988342285,4.905571460723877,5720.563704421541,83.28060913085938,51.215755462646484,61.49781346321106,0.09394334256649017,0.057773105800151825
20.2,1400,4.809934139251709,0.08572342991828918,16.9768009185791,4.897883415222168,5721.1774378996015,83.150390625,51.358646392822266,61.765968799591064,0.0936538353562355,0.057846199721097946
20.3,1400,4.805276393890381,0.08565270900726318,16.97690200805664,4.895712375640869,5722.564020942627,83.11402893066406,51.328712463378906,61.756980419158936,0.09361770749092102,0.057815466076135635
20.4,1400,4.790834903717041,0.08544635772705078,16.976974487304688,4.8834686279296875,5724.686151610832,82.90652465820312,51.22404479980469,61.785298585891724,0.09352707117795944,0.05778598412871361
20.5,1400,4.77593994140625,0.08523712307214737,16.976991653442383,4.881319046020508,5726.386304085194,82.87010955810547,51.11378479003906,61.67939901351929,0.09343741834163666,0.057631634175777435
20.6,1400,4.748268127441406,0.08480564504861832,16.976869583129883,4.86627721786499,5727.9156836164675,82.61415100097656,50.86862564086914,61.57373785972595,0.09334374964237213,0.05747523903846741
20.7,1400,4.724239349365234,0.08470752090215683,16.976253509521484,4.858483791351318,5728.701355723234,82.47885131835938,50.81673812866211,61.61183714866638,0.09296620637178421,0.057278189808130264
20.8,1400,4.716268062591553,0.08409017324447632,16.975923538208008,4.850924015045166,5729.49518762933,82.34891510009766,50.45337677001953,61.267805099487305,0.0934777483344078,0.057271767407655716
20.9,1400,4.696752071380615,0.08418481051921844,16.975645065307617,4.840657711029053,5728.966549201408,82.17328643798828,50.505496978759766,61.46218180656433,0.09299486875534058,0.057156678289175034
21,1450,4.698980331420898,0.0837647095322609,16.97545623779297,4.8369550704956055,5728.108604586304,82.1095199584961,50.24593734741211,61.19379997253418,0.09351960569620132,0.0572282038629055
21.1,1450,4.749282360076904,0.09210630506277084,16.968584060668945,5.245804309844971,5760.072869927048,89.01387023925781,55.557918548583984,62.4148964881897,0.08548344671726227,0.0533544085919857
21.2,1450,5.054076194763184,0.10721862316131592,16.963661193847656,6.153972625732422,5929.216184520701,104.39390563964844,66.57269287109375,63.77066969871521,0.07591816037893295,0.04841351881623268
21.3,1450,5.419332981109619,0.11046508699655533,16.9705753326416,6.50953483581543,6142.448643414355,110.47055053710938,71.05509185791016,64.32039141654968,0.07626945525407791,0.04905680939555168
21.4,1450,5.702328681945801,0.10963708162307739,16.974407196044922,6.596490859985352,6288.856425707732,111.97151947021484,72.20342254638672,64.48373198509216,0.07897587865591049,0.05092659965157509
21.5,1450,5.884858131408691,0.10831546038389206,16.975841522216797,6.609668731689453,6373.661802971038,112.2046890258789,72.29496765136719,64.43132758140564,0.08140065521001816,0.052447523921728134
21.6,1450,5.97722864151001,0.10769569873809814,16.97629737854004,6.613877296447754,6418.717300648648,112.27914428710938,72.38944244384766,64.47274088859558,0.08257044851779938,0.053235430270433426
21.7,1450,6.012659549713135,0.10774516314268112,16.97641372680664,6.620619773864746,6441.1800625142305,112.39437866210938,72.67613983154297,64.66171741485596,0.08273223787546158,0.053496088832616806
21.8,1450,6.045989036560059,0.10745804011821747,16.976335525512695,6.620537757873535,6451.808201139526,112.39247131347656,72.60206604003906,64.59691524505615,0.08327571302652359,0.053793542087078094
21.9,1450,6.083649635314941,0.10734852403402328,16.975547790527344,6.6396660804748535,6456.0757761883015,112.71196746826172,72.5760498046875,64.39071893692017,0.08382448554039001,0.0539751872420311
22,1450,6.113757133483887,0.1076582819223404,16.97522735595703,6.652346134185791,6459.230704314363,112.92508697509766,72.82103729248047,64.48614597320557,0.08395592123270035,0.054139938205480576
22.1,1450,6.103670120239258,0.10769257694482803,16.975116729736328,6.649531364440918,6461.102795417431,112.87657165527344,72.86534881591797,64.5531177520752,0.08376643061637878,0.054073844105005264
22.2,1450,6.08997917175293,0.1078890934586525,16.974960327148438,6.659707546234131,6461.565572607915,113.04827117919922,73.0035400390625,64.577317237854,0.08342032879590988,0.053870607167482376
22.3,1450,6.100591659545898,0.1081681102514267,16.974964141845703,6.659017086029053,6462.514440701251,113.03657531738281,73.20308685302734,64.7605299949646,0.08333790302276611,0.05397006869316101
22.4,1450,6.11685848236084,0.1078309714794159,16.974924087524414,6.659376621246338,6463.839825249313,113.04241180419922,72.9898910522461,64.56859111785889,0.0838041827082634,0.05411118268966675
22.5,1450,6.111265182495117,0.10776825994253159,16.974878311157227,6.667144298553467,6464.397605817694,113.17396545410156,72.9537353515625,64.4615888595581,0.0837690457701683,0.05399886146187782
22.6,1450,6.085622787475586,0.10807929188013077,16.974885940551758,6.645819187164307,6465.081863275665,112.81201934814453,73.17203521728516,64.86191153526306,0.08316869288682938,0.05394480749964714
22.7,1450,6.081309795379639,0.10788560658693314,16.9748592376709,6.638234615325928,6465.102262773986,112.68309783935547,73.0411376953125,64.81995582580566,0.08325869590044022,0.05396825075149536
22.8,1450,6.10740852355957,0.10739875584840775,16.974775314331055,6.653519630432129,6464.016426620494,112.94200134277344,72.6993179321289,64.36871290206909,0.08400916308164597,0.05407561734318733
22.9,1450,6.135773658752441,0.10797327011823654,16.974748611450195,6.673192024230957,6462.850741002145,113.2757568359375,73.07502746582031,64.51073884963989,0.08396539092063904,0.05416669696569443
23,1450,6.137362957000732,0.10826874524354935,16.974782943725586,6.686914920806885,6462.140255617761,113.50892639160156,73.2669448852539,64.54730033874512,0.08376714587211609,0.05406942963600159
23.1,1450,6.133950710296631,0.10846210271120071,16.974838256835938,6.702025890350342,6461.758493577752,113.76580810546875,73.39346313476562,64.51275944709778,0.0835762545466423,0.05391734838485718
23.2,1450,6.149632930755615,0.10865485668182373,16.974853515625,6.716246604919434,6461.750916621233,114.0073013305664,73.5238037109375,64.4904375076294,0.08364138752222061,0.05394069477915764
23.3,1450,6.173203945159912,0.10834826529026031,16.974870681762695,6.721590042114258,6462.335507958835,114.0981216430664,73.3229751586914,64.26308751106262,0.0841919481754303,0.05410434305667877
23.4,1450,6.160022258758545,0.10815247893333435,16.975643157958984,6.719064712524414,6463.416681369853,114.0604476928711,73.20272827148438,64.1788899898529,0.08415017277002335,0.05400664731860161
23.5,1450,6.141976833343506,0.10871058702468872,16.97597312927246,6.718460559844971,6463.346740232752,114.05240631103516,73.57968139648438,64.5139217376709,0.0834738165140152,0.05385223403573036
23.6,1450,6.144946098327637,0.10847098380327225,16.976293563842773,6.704080104827881,6463.295450065545,113.81043243408203,73.41693115234375,64.50808048248291,0.0836993083357811,0.05399281904101372
23.7,1450,6.172282695770264,0.10828140377998352,16.97636604309082,6.708860874176025,6463.458646052114,113.89207458496094,73.29046630859375,64.35080170631409,0.08421672135591507,0.0541941337287426
23.8,1450,6.1779913902282715,0.10849552601575851,16.976478576660156,6.701235771179199,6464.382451904655,113.76338195800781,73.44589233398438,64.56021666526794,0.08411622792482376,0.05430562049150467
23.9,1450,6.161954879760742,0.1083625927567482,16.976634979248047,6.698511600494385,6465.654797757083,113.71818542480469,73.3703384399414,64.5194411277771,0.08398427814245224,0.05418618768453598
24,1450,6.146385669708252,0.10823661834001541,16.976638793945312,6.690560817718506,6466.385682639788,113.58323669433594,73.29332733154297,64.52829837799072,0.08386009931564331,0.054113492369651794
24.1,1450,6.151249885559082,0.10819917172193527,16.976696014404297,6.693225383758545,6466.814072104531,113.62885284423828,73.2728271484375,64.48434591293335,0.08394995331764221,0.05413457751274109
24.2,1450,6.163279056549072,0.10782454907894135,16.976655960083008,6.6873250007629395,6466.496422773531,113.5284194946289,73.01554107666016,64.31477069854736,0.08441051095724106,0.05428842827677727
24.3,1450,6.151053428649902,0.10783659666776657,16.976661682128906,6.678336143493652,6466.27785672009,113.3758544921875,73.02123260498047,64.40633535385132,0.0842365026473999,0.05425364524126053
24.4,1450,6.120021343231201,0.10776565968990326,16.976837158203125,6.663036823272705,6466.2527944792955,113.11729431152344,72.97291564941406,64.51084017753601,0.08386702835559845,0.05410332232713699
24.5,1450,6.108992576599121,0.10777931660413742,16.976682662963867,6.66709041595459,6466.8927558837695,113.1850814819336,72.98938751220703,64.48675394058228,0.08369699865579605,0.0539734810590744
24.6,1450,6.11743688583374,0.10751316696405411,16.97664451599121,6.671532154083252,6466.505165415669,113.2602310180664,72.80477905273438,64.28097486495972,0.08402521163225174,0.054012224078178406
24.7,1450,6.1384453773498535,0.1075565442442894,16.976558685302734,6.671024799346924,6465.370370466206,113.25104522705078,72.82137298583984,64.30084109306335,0.08429455757141113,0.054202109575271606
24.8,1450,6.11739444732666,0.1075068861246109,16.976627349853516,6.662555694580078,6465.145975984674,113.10772705078125,72.78522491455078,64.35036063194275,0.08404719829559326,0.05408467352390289
24.9,1450,6.104509353637695,0.10777685046195984,16.976600646972656,6.661858558654785,6465.302177857532,113.09571075439453,72.96976470947266,64.52035903930664,0.08365806937217712,0.05397648736834526
25,1450,6.121710300445557,0.10789965093135834,16.976516723632812,6.661889553070068,6464.391194546793,113.0956802368164,73.04261016845703,64.58479166030884,0.08381012082099915,0.05412859469652176
25.1,1450,6.1507744789123535,0.10761197656393051,16.976396560668945,6.679839611053467,6463.163144747862,113.39960479736328,72.83403015136719,64.22776579856873,0.08444918692111969,0.054239820688962936
25.2,1450,6.13973331451416,0.10807859152555466,16.976329803466797,6.678322792053223,6461.948500333543,113.3734130859375,73.13610076904297,64.5090401172638,0.08394942432641983,0.05415496602654457
25.3,1450,6.117887496948242,0.10839935392141342,16.976476669311523,6.668581008911133,6462.837918460343,113.2090072631836,73.36325073242188,64.80336785316467,0.0833917185664177,0.05404064059257507
25.4,1450,6.099456310272217,0.10797866433858871,16.976699829101562,6.658514976501465,6465.551051737049,113.03961181640625,73.10921478271484,64.67574834823608,0.08342938125133514,0.053958576172590256
25.5,1450,6.116125583648682,0.10776595771312714,16.976612091064453,6.651309013366699,6466.868276485784,112.91669464111328,72.98006439208984,64.6317720413208,0.08380543440580368,0.05416493862867355
25.6,1450,6.125227928161621,0.10761837661266327,16.97654151916504,6.668113708496094,6466.490594345439,113.20150756835938,72.87586212158203,64.37711119651794,0.08405016362667084,0.05410906672477722
25.7,1450,6.096142768859863,0.1073683500289917,16.976015090942383,6.637927532196045,6466.653207489198,112.68555450439453,72.70838165283203,64.52324390411377,0.08384374529123306,0.0540987066924572
25.8,1450,6.067342758178711,0.10743418335914612,16.975614547729492,6.626198768615723,6467.229639027472,112.48379516601562,72.75944519042969,64.68437910079956,0.08338907361030579,0.05393970385193825
25.9,1450,6.056075096130371,0.10722097009420395,16.975360870361328,6.621234893798828,6467.59857852568,112.3978500366211,72.61919403076172,64.6090567111969,0.08339496701955795,0.05388070270419121
26,1500,6.07334566116333,0.10675466060638428,16.975200653076172,6.625617027282715,6467.744872070783,112.47117614746094,72.30500030517578,64.28758502006531,0.08399620652198792,0.05399912968277931
26.1,1500,6.130878925323486,0.11271925270557404,16.969158172607422,6.943375587463379,6483.563808754585,117.8232421875,76.53154754638672,64.9545431137085,0.08010917156934738,0.05203454941511154
26.2,1500,6.422129154205322,0.12867005169391632,16.960464477539062,8.013863563537598,6621.842099545598,135.91885375976562,89.22466278076172,65.6455397605896,0.07197706401348114,0.04724973067641258
26.3,1500,6.878085136413574,0.13518914580345154,16.966651916503906,8.628850936889648,6831.659682420299,146.4027099609375,96.71562957763672,66.06136560440063,0.07111658155918121,0.046980585902929306
26.4,1500,7.217901706695557,0.13592883944511414,16.971860885620117,8.820898056030273,6988.80284641586,149.70706176757812,99.48165893554688,66.45088195800781,0.07255510240793228,0.04821350425481796
26.5,1500,7.428478240966797,0.13552482426166534,16.97410011291504,8.89981460571289,7082.993741435302,151.06634521484375,100.52274322509766,66.5421187877655,0.07389848679304123,0.049173615872859955
26.6,1500,7.539591312408447,0.135255366563797,16.974939346313477,8.940630912780762,7137.390460815551,151.76666259765625,101.09334564208984,66.61103367805481,0.07458049058914185,0.04967883601784706
26.7,1500,7.609487533569336,0.13504193723201752,16.97538185119629,8.958827018737793,7168.348739467659,152.0795135498047,101.37162017822266,66.65698885917664,0.0750652626156807,0.050036244094371796
26.8,1500,7.649478435516357,0.1349526047706604,16.97553825378418,8.978262901306152,7184.918377689679,152.4108428955078,101.53872680664062,66.62172079086304,0.07533556967973709,0.05018985643982887
26.9,1500,7.668778419494629,0.13486522436141968,16.97518539428711,8.980259895324707,7194.015388255273,152.4415740966797,101.6014633178711,66.64944291114807,0.07547901570796967,0.05030634254217148
27,1500,7.675639629364014,0.13473807275295258,16.9747257232666,8.979434967041016,7199.494110661512,152.42344665527344,101.58297729492188,66.6452407836914,0.07556029409170151,0.05035734176635742
27.1,1500,7.671398162841797,0.13444072008132935,16.9744930267334,8.974407196044922,7201.325985610748,152.3360137939453,101.38458251953125,66.55325889587402,0.07566631585359573,0.050358403474092484
27.2,1500,7.659685134887695,0.13436779379844666,16.974323272705078,8.971359252929688,7203.421888352539,152.28274536132812,101.35907745361328,66.5597915649414,0.07556980103254318,0.05029909685254097
27.3,1500,7.636907577514648,0.13396726548671722,16.97456932067871,8.94921875,7205.504385709719,151.9091339111328,101.0861587524414,66.54383540153503,0.07554849982261658,0.0502728670835495
27.4,1500,7.621771812438965,0.13370583951473236,16.97446632385254,8.935733795166016,7208.0216838025435,151.67930603027344,100.92414093017578,66.53784513473511,0.07551980763673782,0.05024925246834755
27.5,1500,7.617948055267334,0.13352863490581512,16.9743709564209,8.920924186706543,7209.278292899124,151.4270782470703,100.8079605102539,66.57195091247559,0.07556891441345215,0.05030770227313042
27.6,1500,7.626967906951904,0.13349594175815582,16.974220275878906,8.921255111694336,7207.634676177252,151.4313507080078,100.76029968261719,66.53860211372375,0.07569417357444763,0.05036584660410881
27.7,1500,7.655606746673584,0.13388392329216003,16.97403335571289,8.932358741760254,7204.007645375759,151.61814880371094,101.00228881835938,66.61622524261475,0.07579636573791504,0.050492677837610245
27.8,1500,7.670429229736328,0.13423024117946625,16.97399139404297,8.961568832397461,7201.777105945049,152.11358642578125,101.2322006225586,66.5503978729248,0.07577064633369446,0.05042566731572151
27.9,1500,7.67486572265625,0.13428530097007751,16.974197387695312,8.94981575012207,7200.500097350147,151.9159393310547,101.25576782226562,66.65249466896057,0.07579682767391205,0.05052047595381737
28,1500,7.666629314422607,0.13452047109603882,16.9741268157959,8.961063385009766,7201.0514666476265,152.10623168945312,101.44085693359375,66.69079661369324,0.07557733356952667,0.05040312558412552
28.1,1500,7.665205478668213,0.13434012234210968,16.974430084228516,8.943643569946289,7202.148959657302,151.81324768066406,101.32029724121094,66.74008965492249,0.07565321028232574,0.05049101635813713
28.2,1500,7.655994415283203,0.13433195650577545,16.974267959594727,8.942709922790527,7203.5384569143735,151.79595947265625,101.33368682861328,66.7565107345581,0.0755523145198822,0.05043609067797661
28.3,1500,7.639067649841309,0.1342407613992691,16.97429847717285,8.954085350036621,7204.613801897301,151.98931884765625,101.2800064086914,66.63627028465271,0.07542522996664047,0.05026055499911308
28.4,1500,7.628478527069092,0.13409289717674255,16.974445343017578,8.945493698120117,7206.93701333467,151.84478759765625,101.2010726928711,66.64770841598511,0.07537942379713058,0.050238657742738724
28.5,1500,7.639750003814697,0.1339440494775772,16.974411010742188,8.941577911376953,7207.666732531757,151.77801513671875,101.09896850585938,66.60975813865662,0.07556703686714172,0.05033502355217934
28.6,1500,7.653609275817871,0.13404977321624756,16.974308013916016,8.944622993469238,7206.373404338198,151.8287811279297,101.16061401367188,66.62808656692505,0.07565799355506897,0.0504094734787941
28.7,1500,7.6538920402526855,0.13395921885967255,16.974781036376953,8.961549758911133,7204.311306479339,152.12034606933594,101.0633544921875,66.43644571304321,0.07573360949754715,0.05031471699476242
28.8,1500,7.64301872253418,0.13417528569698334,16.975257873535156,8.971134185791016,7203.370598185332,152.28732299804688,101.21314239501953,66.46196246147156,0.07551409304141998,0.05018815025687218
28.9,1500,7.6364030838012695,0.13404086232185364,16.975753784179688,8.96672534942627,7203.775091094899,152.2169189453125,101.11741638183594,66.42981767654419,0.07552015781402588,0.05016789957880974
29,1500,7.6324005126953125,0.13411283493041992,16.975753784179688,8.967894554138184,7203.713309757126,152.2367706298828,101.17084503173828,66.4562463760376,0.07544071227312088,0.050135064870119095
29.1,1500,7.635282039642334,0.13427671790122986,16.975780487060547,8.97193717956543,7203.3210565465515,152.30563354492188,101.28895568847656,66.50375127792358,0.07538118958473206,0.05013131722807884
29.2,1500,7.633065223693848,0.13425344228744507,16.975860595703125,8.971092224121094,7204.1259624660215,152.29200744628906,101.28271484375,66.50559902191162,0.07536394894123077,0.0501212440431118
29.3,1500,7.627872467041016,0.13407079875469208,16.9760684967041,8.961058616638184,7206.298800458624,152.12355041503906,101.1754379272461,66.50872826576233,0.07539253681898117,0.05014261603355408
29.4,1500,7.615686893463135,0.13384439051151276,16.976058959960938,8.946043014526367,7207.068735809543,151.86856079101562,101.01537322998047,66.5149986743927,0.07539136707782745,0.050146568566560745
29.5,1500,7.60156774520874,0.13382916152477264,16.976119995117188,8.929847717285156,7206.666574271213,151.5941619873047,100.99823760986328,66.6240930557251,0.0752643570303917,0.050144195556640625
29.6,1500,7.593441963195801,0.133834108710289,16.975915908813477,8.929574012756348,7205.39772547564,151.5876922607422,100.98419189453125,66.61766767501831,0.07519436627626419,0.050092730671167374
29.7,1500,7.591075420379639,0.1337539106607437,16.97603988647461,8.929098129272461,7205.900135977148,151.58071899414062,100.93071746826172,66.58545136451721,0.07521075755357742,0.05007942393422127
29.8,1500,7.585426330566406,0.13367582857608795,16.975982666015625,8.93049430847168,7204.881326746712,151.60391235351562,100.85752868652344,66.52699708938599,0.07520931959152222,0.050034500658512115
29.9,1500,7.574041366577148,0.13359323143959045,16.97604751586914,8.923819541931152,7206.074988819901,151.49118041992188,100.8119125366211,66.54638648033142,0.0751304179430008,0.04999658092856407
30,1500,7.571423053741455,0.13351477682590485,16.975818634033203,8.929404258728027,7206.611787047151,151.58395385742188,100.76021575927734,66.4715588092804,0.07514297962188721,0.049948714673519135
30.1,1500,7.569601058959961,0.13358336687088013,16.975099563598633,8.929803848266602,7205.826114940383,151.5843048095703,100.80098724365234,66.49829745292664,0.07509451359510422,0.04993657395243645
30.2,1500,7.564539432525635,0.13364018499851227,16.974740982055664,8.925946235656738,7205.819703669483,151.515625,100.8437728881836,66.55668020248413,0.0750124603509903,0.049925804138183594
30.3,1500,7.555142879486084,0.13355430960655212,16.974658966064453,8.931665420532227,7205.946180559074,151.61196899414062,100.7807388305664,66.47281050682068,0.07496614009141922,0.04983209818601608
30.4,1500,7.539963722229004,0.1334013044834137,16.97454261779785,8.919503211975098,7205.781236044077,151.40447998046875,100.66297912597656,66.4861261844635,0.07490304857492447,0.04980013519525528
30.5,1500,7.530497074127197,0.13340866565704346,16.974451065063477,8.91390323638916,7206.171157883415,151.30860900878906,100.67398071289062,66.53552055358887,0.07480082660913467,0.049769122153520584
30.6,1500,7.535926818847656,0.13341081142425537,16.974355697631836,8.904537200927734,7205.279408385378,151.14878845214844,100.66313934326172,66.59870743751526,0.07486282289028168,0.04985767602920532
30.7,1500,7.545496463775635,0.13340182602405548,16.97433090209961,8.913649559020996,7204.905223301887,151.30323791503906,100.65113067626953,66.52278900146484,0.07496683299541473,0.049870025366544724
30.8,1500,7.546236991882324,0.13342922925949097,16.974367141723633,8.90851879119873,7204.950102198194,151.21646118164062,100.67243194580078,66.57504439353943,0.07495832443237305,0.04990353807806969
30.9,1500,7.549916744232178,0.13344433903694153,16.974411010742188,8.912445068359375,7205.280574070996,151.28350830078125,100.6884536743164,66.5561318397522,0.07498294115066528,0.04990575090050697
31,1550,7.538695335388184,0.1333322823047638,16.97450828552246,8.899582862854004,7206.886306010272,151.0660400390625,100.6263198852539,66.61081314086914,0.07491772621870041,0.04990330711007118
31.1,1550,7.624454021453857,0.1415276825428009,16.965431213378906,9.452536582946777,7240.235405865614,160.36636352539062,107.30567932128906,66.91283583641052,0.07105359435081482,0.0475439727306366
31.2,1550,8.00940990447998,0.15714187920093536,16.958139419555664,10.705491065979004,7401.95680012724,181.5452117919922,121.80555725097656,67.09378957748413,0.0657557025551796,0.044117990881204605
31.3,1550,8.48801326751709,0.16236650943756104,16.965511322021484,11.285555839538574,7602.182538891357,191.46522521972656,129.259765625,67.51083135604858,0.0656663179397583,0.044331878423690796
31.4,1550,8.813389778137207,0.16324573755264282,16.970558166503906,11.50717544555664,7742.426758477715,195.28318786621094,132.35720825195312,67.77705550193787,0.0665879100561142,0.04513132944703102
31.5,1550,9.018991470336914,0.16345511376857758,16.972667694091797,11.608476638793945,7828.58141684426,197.0268096923828,134.0016632080078,68.01189184188843,0.0673050656914711,0.04577545076608658
31.6,1550,9.11320686340332,0.16266876459121704,16.973665237426758,11.666834831237793,7878.582918600525,198.02894592285156,134.20877075195312,67.77229905128479,0.06790321320295334,0.04601956903934479
31.7,1550,9.148136138916016,0.1623050421476364,16.974206924438477,11.684479713439941,7909.8058078879985,198.33477783203125,134.43936157226562,67.78405904769897,0.06804656237363815,0.046124719083309174
31.8,1550,9.164329528808594,0.16240918636322021,16.974454879760742,11.689957618713379,7927.246213266924,198.4306640625,134.82225036621094,67.94426441192627,0.06797342002391815,0.04618404060602188
31.9,1550,9.19979476928711,0.16234059631824493,16.97452163696289,11.683015823364258,7936.03839704332,198.3135986328125,134.91477966308594,68.03102493286133,0.06818967312574387,0.04639013484120369
32,1550,9.25108814239502,0.16205944120883942,16.97443199157715,11.70368480682373,7937.275189484389,198.6634063720703,134.7021026611328,67.80418753623962,0.0686781257390976,0.04656664654612541
32.1,1550,9.260163307189941,0.16244973242282867,16.973356246948242,11.737442970275879,7936.268619952944,199.2238006591797,135.00938415527344,67.76770353317261,0.06858903169631958,0.046481210738420486
32.2,1550,9.244166374206543,0.16275839507579803,16.9733943939209,11.73475456237793,7938.690914667874,199.17861938476562,135.3072052001953,67.93259382247925,0.06831984221935272,0.04641143977642059
32.3,1550,9.262731552124023,0.1630348563194275,16.97309684753418,11.7405366897583,7940.843936004963,199.2732696533203,135.57379150390625,68.03410649299622,0.06832243502140045,0.04648255929350853
32.4,1550,9.303263664245605,0.1630311906337738,16.97301483154297,11.754997253417969,7940.360759316158,199.5177459716797,135.5625,67.94508099555969,0.06862711906433105,0.04662875458598137
32.5,1550,9.312535285949707,0.16322848200798035,16.972700119018555,11.78168773651123,7938.993410085835,199.96705627441406,135.7031707763672,67.86276698112488,0.06862430274486542,0.04657034948468208
32.6,1550,9.31690788269043,0.16386175155639648,16.972675323486328,11.80196762084961,7939.0260492831485,200.3109588623047,136.23020935058594,68.00936460494995,0.06839090585708618,0.04651222005486488
32.7,1550,9.320802688598633,0.1640346646308899,16.972789764404297,11.813431739807129,7940.5233724599175,200.50689697265625,136.39968872070312,68.02743077278137,0.06833448261022568,0.04648619517683983
32.8,1550,9.324905395507812,0.16370831429958344,16.97389793395996,11.806435585021973,7942.538260051234,200.40122985839844,136.16285705566406,67.94512271881104,0.06848347187042236,0.046531178057193756
32.9,1550,9.305258750915527,0.16347616910934448,16.97406005859375,11.811259269714355,7941.640099282296,200.4850311279297,135.95440673828125,67.81274676322937,0.06844396889209747,0.046413734555244446
33,1550,9.270547866821289,0.16364780068397522,16.97449493408203,11.812705039978027,7943.380467910491,200.51470947265625,136.12696838378906,67.8887665271759,0.06810221821069717,0.046233754605054855
33.1,1550,9.27295207977295,0.16392041742801666,16.973716735839844,11.813089370727539,7943.527927141212,200.5120391845703,136.35626220703125,68.00402998924255,0.06800532341003418,0.04624636098742485
33.2,1550,9.287847518920898,0.16386909782886505,16.973407745361328,11.82616901397705,7943.675386371933,200.7303924560547,136.31610107421875,67.9100513458252,0.06813462823629379,0.04627026244997978
33.3,1550,9.285205841064453,0.16346031427383423,16.973106384277344,11.82593822479248,7942.3634072084815,200.722900390625,135.95359802246094,67.73197650909424,0.0682968720793724,0.046258825808763504
33.4,1550,9.277128219604492,0.16394618153572083,16.972963333129883,11.827428817749023,7942.623937944182,200.74652099609375,136.3621826171875,67.92754530906677,0.06803300231695175,0.046213146299123764
33.5,1550,9.290986061096191,0.16438621282577515,16.972862243652344,11.85308837890625,7943.040087709933,201.1808319091797,136.73533630371094,67.96638369560242,0.06794868409633636,0.046182263642549515
33.6,1550,9.317463874816895,0.16428916156291962,16.973724365234375,11.844039916992188,7942.185640151683,201.0374755859375,136.63990783691406,67.96738505363464,0.06818991899490356,0.04634690284729004
33.7,1550,9.335173606872559,0.16410629451274872,16.973936080932617,11.859509468078613,7940.233699583758,201.30255126953125,136.4542694091797,67.78566241264343,0.06841246783733368,0.046373844146728516
33.8,1550,9.33833122253418,0.1645716428756714,16.974164962768555,11.88042163848877,7940.455179851245,201.6602325439453,136.84503173828125,67.85920262336731,0.0682401955127716,0.04630725085735321
33.9,1550,9.341946601867676,0.16524839401245117,16.974061965942383,11.891874313354492,7938.641955871903,201.85340881347656,137.3763885498047,68.05750131607056,0.06800256669521332,0.04628084599971771
34,1550,9.381566047668457,0.16537149250507355,16.974218368530273,11.904714584350586,7939.0930762062035,202.07322692871094,137.4865264892578,68.03797483444214,0.06823625415563583,0.04642656818032265
34.1,1550,9.420879364013672,0.1654471457004547,16.974061965942383,11.92741870880127,7937.137055738614,202.4567413330078,137.51553344726562,67.92341470718384,0.06850774586200714,0.046532802283763885
34.2,1550,9.448870658874512,0.16602110862731934,16.97393798828125,11.971285820007324,7936.4119992840015,203.19985961914062,137.97999572753906,67.90359020233154,0.0684799998998642,0.04650037735700607
34.3,1550,9.454666137695312,0.16667000949382782,16.974149703979492,11.999039649963379,7937.343964935872,203.67349243164062,138.5355682373047,68.0184543132782,0.06824721395969391,0.04642070084810257
34.4,1550,9.436881065368652,0.16630585491657257,16.974849700927734,11.982739448547363,7942.347670452634,203.4051971435547,138.3200225830078,68.00220608711243,0.06822498142719269,0.04639449343085289
34.5,1550,9.416229248046875,0.165408656001091,16.974843978881836,11.955872535705566,7946.7831042304515,202.94906616210938,137.650634765625,67.8252100944519,0.06840673089027405,0.04639700427651405
34.6,1550,9.390445709228516,0.16511410474777222,16.974782943725586,11.937416076660156,7948.798574664576,202.63504028320312,137.4403533935547,67.82655119895935,0.0683237835764885,0.0463416650891304
34.7,1550,9.381729125976562,0.16524583101272583,16.974082946777344,11.907668113708496,7947.7220639960315,202.1217498779297,137.53138732910156,68.04383397102356,0.06821519136428833,0.04641622677445412
34.8,1550,9.406973838806152,0.1654135286808014,16.973299026489258,11.913705825805664,7943.322183629573,202.2148895263672,137.59474182128906,68.0438220500946,0.06836725026369095,0.0465196892619133
34.9,1550,9.43016529083252,0.1654287725687027,16.97295379638672,11.95474624633789,7941.650007610052,202.9073486328125,137.5784454345703,67.80357956886292,0.06854391098022461,0.04647522792220116
35,1550,9.42245101928711,0.16571743786334991,16.972841262817383,11.974310874938965,7941.885476104959,203.2380828857422,137.82260131835938,67.81337857246399,0.06836651265621185,0.04636164382100105
35.1,1550,9.411849021911621,0.16598568856716156,16.97311019897461,11.944944381713867,7943.3478287131775,202.74285888671875,138.0711212158203,68.10159683227539,0.06816667318344116,0.04642259329557419
35.2,1550,9.42917251586914,0.16615594923496246,16.9727783203125,11.969393730163574,7942.601207074625,203.15386962890625,138.1997528076172,68.0271327495575,0.068228580057621,0.04641394689679146
35.3,1550,9.434517860412598,0.16561883687973022,16.97294807434082,11.962946891784668,7943.106531790178,203.04647827148438,137.76177978515625,67.84741282463074,0.06848429143428802,0.046464819461107254
35.4,1550,9.442688941955566,0.1655154973268509,16.97281265258789,11.976263046264648,7943.838582358502,203.2708740234375,137.68850708007812,67.7364706993103,0.06858008354902267,0.046453725546598434
35.5,1550,9.452054977416992,0.16573715209960938,16.972986221313477,11.97689151763916,7943.178804298516,203.2836151123047,137.8614501953125,67.81729459762573,0.06856198608875275,0.046496886759996414
35.6,1550,9.461559295654297,0.16602253913879395,16.972721099853516,12.005260467529297,7942.589550218441,203.76193237304688,138.08859252929688,67.76956915855408,0.06851804256439209,0.04643438011407852
35.7,1550,9.470027923583984,0.16565164923667908,16.97295379638672,11.984586715698242,7943.1356739306375,203.41383361816406,137.78958129882812,67.73854494094849,0.06872818619012833,0.046555474400520325
35.8,1550,9.472864151000977,0.16546191275119781,16.972740173339844,11.974774360656738,7941.167996606865,203.24473571777344,137.59765625,67.70048141479492,0.06884466111660004,0.04660816490650177
35.9,1550,9.459349632263184,0.1661999374628067,16.972614288330078,12.011043548583984,7941.167996606865,203.8588104248047,138.21139526367188,67.79760718345642,0.06844116747379303,0.04640147462487221
36,1600,9.461264610290527,0.16617430746555328,16.97340202331543,11.996341705322266,7944.175465502205,203.6187286376953,138.24241638183594,67.89278388023376,0.06843966245651245,0.046465590596199036
36.1,1600,9.526616096496582,0.17387329041957855,16.963537216186523,12.634964942932129,7979.550526962237,214.3336944580078,145.29139709472656,67.7874743938446,0.06556902825832367,0.04444758966565132
36.2,1600,9.900179862976074,0.1897055208683014,16.954988479614258,14.03207015991211,8142.1421055379615,237.91358947753906,161.75111389160156,67.98733472824097,0.06120625510811806,0.04161250218749046
36.3,1600,10.38830280303955,0.19441717863082886,16.96242332458496,14.721928596496582,8336.881544939319,249.71958923339844,169.7332305908203,67.96953082084656,0.06120370700955391,0.04159987345337868
36.4,1600,10.731019020080566,0.1966986209154129,16.967336654663086,15.050228118896484,8472.573179343215,255.36228942871094,174.52001953125,68.34213137626648,0.06148875504732132,0.04202272370457649
36.5,1600,10.954854965209961,0.19670286774635315,16.970003128051758,15.204379081726074,8557.528930051289,258.01837158203125,176.27377319335938,68.31830143928528,0.06214682385325432,0.04245765507221222
36.6,1600,11.026641845703125,0.19675660133361816,16.97098159790039,15.283784866333008,8608.809188930882,259.3808288574219,177.37850952148438,68.38535666465759,0.06216447427868843,0.04251139983534813
36.7,1600,11.1177978515625,0.1972692310810089,16.97168731689453,15.338043212890625,8640.89060567627,260.3124694824219,178.50338745117188,68.57274174690247,0.06228339672088623,0.042709432542324066
36.8,1600,11.117815971374512,0.19639615714550018,16.972389221191406,15.353311538696289,8659.762472994527,260.5823669433594,178.10150146484375,68.34748387336731,0.06242404505610466,0.0426652655005455
36.9,1600,11.175891876220703,0.19687402248382568,16.97230339050293,15.362053871154785,8670.34981262318,260.72943115234375,178.7531280517578,68.55885982513428,0.06252137571573257,0.04286394268274307
37,1600,11.161018371582031,0.19623759388923645,16.972335815429688,15.367627143859863,8677.170239176141,260.82452392578125,178.31544494628906,68.36605668067932,0.06259143352508545,0.04279129207134247
37.1,1600,11.183572769165039,0.1968410164117813,16.972597122192383,15.361520767211914,8681.05430365648,260.72491455078125,178.94381713867188,68.63318681716919,0.06249767914414406,0.042894147336483
37.2,1600,11.161698341369629,0.1957787722349167,16.972492218017578,15.363262176513672,8680.674872987707,260.7528381347656,177.97036743164062,68.25251579284668,0.06271661072969437,0.042805660516023636
37.3,1600,11.175573348999023,0.19681495428085327,16.972450256347656,15.38422679901123,8681.899425729782,261.1080322265625,178.9375457763672,68.53008270263672,0.06245516240596771,0.042800575494766235
37.4,1600,11.157919883728027,0.19558589160442352,16.972558975219727,15.383715629577637,8681.98452077992,261.10101318359375,177.8218536376953,68.1046187877655,0.06274773925542831,0.04273410886526108
37.5,1600,11.16408634185791,0.1965431272983551,16.972177505493164,15.362921714782715,8681.969366866882,260.74224853515625,178.6918487548828,68.53199005126953,0.0624767541885376,0.042816564440727234
37.6,1600,11.151087760925293,0.19581209123134613,16.97139549255371,15.376766204833984,8682.186184391896,260.9651794433594,178.03164672851562,68.22046041488647,0.06263542175292969,0.0427301749587059
37.7,1600,11.138797760009766,0.19650432467460632,16.97152328491211,15.35421085357666,8685.176168002961,260.5843505859375,178.72254943847656,68.58530044555664,0.06232452020049095,0.04274545982480049
37.8,1600,11.113192558288574,0.1951349973678589,16.971599578857422,15.330795288085938,8686.47590746742,260.1881103515625,177.50369262695312,68.22129487991333,0.06260823458433151,0.042712144553661346
37.9,1600,11.095468521118164,0.19575144350528717,16.971355438232422,15.312829971313477,8687.25225408924,259.8794860839844,178.08035278320312,68.52421164512634,0.06230596452951431,0.04269466921687126
38,1600,11.071488380432129,0.19462057948112488,16.971277236938477,15.287654876708984,8688.414442650734,259.4510192871094,177.0752716064453,68.24997663497925,0.06252419203519821,0.04267274960875511
38.1,1600,11.041954040527344,0.1948923021554947,16.971532821655273,15.254568099975586,8688.655739573733,258.8934020996094,177.32742309570312,68.49437355995178,0.062268733978271484,0.042650580406188965
38.2,1600,11.063874244689941,0.1943192034959793,16.970947265625,15.259783744812012,8685.629619708498,258.9729919433594,176.74440002441406,68.24819445610046,0.06259816139936447,0.04272211715579033
38.3,1600,11.060800552368164,0.19540439546108246,16.970703125,15.275833129882812,8683.612400745946,259.24163818359375,177.69015502929688,68.5422956943512,0.062247682362794876,0.0426659882068634
38.4,1600,11.109619140625,0.19493559002876282,16.970794677734375,15.288726806640625,8680.781533221785,259.46185302734375,177.20606994628906,68.29754114151001,0.06269322335720062,0.04281793162226677
38.5,1600,11.112997055053711,0.19590501487255096,16.97035789489746,15.329120635986328,8678.13892392499,260.1406555175781,178.03311157226562,68.43724846839905,0.062420956790447235,0.04271918535232544
38.6,1600,11.175854682922363,0.19638530910015106,16.970664978027344,15.373892784118652,8676.420703323542,260.9051818847656,178.4342498779297,68.39045882225037,0.06263290345668793,0.04283492639660835
38.7,1600,11.1692476272583,0.19665110111236572,16.97164535522461,15.388705253601074,8675.87924235382,261.1716613769531,178.6645965576172,68.40887665748596,0.06251516938209534,0.04276592656970024
38.8,1600,11.203203201293945,0.197407528758049,16.971647262573242,15.414103507995605,8674.506064695404,261.60272216796875,179.32345581054688,68.54800581932068,0.06247483566403389,0.042825255542993546
38.9,1600,11.207829475402832,0.19768358767032623,16.971721649169922,15.450775146484375,8675.898476166522,262.22625732421875,179.60304260253906,68.49163174629211,0.06240333616733551,0.042741063982248306
39,1600,11.285897254943848,0.19860635697841644,16.971900939941406,15.476346015930176,8674.851107638435,262.66302490234375,180.4196319580078,68.68863105773926,0.06255359947681427,0.042967211455106735
39.1,1600,11.319353103637695,0.19849273562431335,16.971500396728516,15.537466049194336,8672.570443726136,263.6941223144531,180.26901245117188,68.36292743682861,0.06279145181179047,0.04292607307434082
39.2,1600,11.333637237548828,0.1996840238571167,16.971752166748047,15.58631706237793,8674.14178793967,264.527099609375,181.3837890625,68.5690701007843,0.062484290450811386,0.042844898998737335
39.3,1600,11.286839485168457,0.1983979493379593,16.97245216369629,15.569568634033203,8678.263652286152,264.2537536621094,180.30120849609375,68.23033094406128,0.06259991228580475,0.042712125927209854
39.4,1600,11.293525695800781,0.19922609627246857,16.972427368164062,15.553766250610352,8682.284684826645,263.98516845703125,181.13771057128906,68.61662268638611,0.062347736209630966,0.042780909687280655
39.5,1600,11.2740478515625,0.19808299839496613,16.97243881225586,15.569334030151367,8686.041689574584,264.24957275390625,180.17633056640625,68.1841492652893,0.06257230043411255,0.04266439378261566
39.6,1600,11.270660400390625,0.1986522078514099,16.972776412963867,15.541929244995117,8686.576739273407,263.7897033691406,180.70521545410156,68.50351691246033,0.0623704232275486,0.042725931853055954
39.7,1600,11.248908996582031,0.1975817084312439,16.972185134887695,15.519303321838379,8686.643766196461,263.396484375,179.73280334472656,68.23660135269165,0.06258684396743774,0.042707134038209915
39.8,1600,11.20715045928955,0.19798995554447174,16.972023010253906,15.494278907775879,8689.259564724036,262.9692687988281,180.15841674804688,68.50930452346802,0.06220719963312149,0.04261771962046623
39.9,1600,11.175450325012207,0.1964501291513443,16.971845626831055,15.449332237243652,8689.783540409484,262.20367431640625,178.76805114746094,68.17907691001892,0.06251368671655655,0.04262125492095947
40,1600,11.168323516845703,0.19733113050460815,16.97123146057129,15.441354751586914,8689.929251111778,262.0588073730469,179.57276916503906,68.52384209632874,0.062193863093853,0.04261762276291847
40.1,1600,11.199310302734375,0.1963413804769516,16.971065521240234,15.432415962219238,8687.685889139266,261.904541015625,178.62596130371094,68.20269823074341,0.06269699335098267,0.04276103898882866
40.2,1600,11.213894844055176,0.197227343916893,16.97081756591797,15.426682472229004,8683.448039073759,261.80340576171875,179.34445190429688,68.50348114967346,0.062527135014534,0.04283326491713524
40.3,1600,11.2343111038208,0.1968749761581421,16.970462799072266,15.450860977172852,8682.160539308292,262.208251953125,178.99749755859375,68.26539039611816,0.06276239454746246,0.0428449921309948
40.4,1600,11.184722900390625,0.19743475317955017,16.970903396606445,15.46059799194336,8682.640801783053,262.38031005859375,179.51637268066406,68.41838359832764,0.06230475381016731,0.04262790456414223
40.5,1600,11.178858757019043,0.19656580686569214,16.971038818359375,15.441206932067871,8683.966769173923,262.0533142089844,178.7535858154297,68.21267604827881,0.06253781914710999,0.042658716440200806
40.6,1600,11.129617691040039,0.19682934880256653,16.971132278442383,15.436177253723145,8686.437439842013,261.9693908691406,179.04415893554688,68.34544539451599,0.06216129660606384,0.04248441755771637
40.7,1600,11.15217113494873,0.19611677527427673,16.971176147460938,15.412933349609375,8686.399555059417,261.5755920410156,178.39520263671875,68.20024251937866,0.06251385062932968,0.04263459891080856
40.8,1600,11.09072494506836,0.19631099700927734,16.971031188964844,15.399772644042969,8686.799385226512,261.35003662109375,178.58009338378906,68.32985281944275,0.062105048447847366,0.04243628680706024
40.9,1600,11.084585189819336,0.19546978175640106,16.971410751342773,15.355704307556152,8690.940483385695,260.60797119140625,177.89962768554688,68.2633101940155,0.062308087944984436,0.04253356158733368
41,1650,11.03456974029541,0.19520005583763123,16.97162437438965,15.306469917297363,8691.101930843837,259.7756652832031,177.65744018554688,68.38879585266113,0.062111496925354004,0.042477305978536606
41.1,1650,11.126649856567383,0.2028348594903946,16.960248947143555,16.010202407836914,8720.562303476367,271.5370178222656,185.23187255859375,68.21606159210205,0.0600687675178051,0.04097655043005943
41.2,1650,11.530003547668457,0.21854087710380554,16.949787139892578,17.614164352416992,8873.736307941452,298.55633544921875,203.08030700683594,68.02076697349548,0.05677558481693268,0.03861919045448303
41.3,1650,12.035353660583496,0.22567354142665863,16.957788467407227,18.454883575439453,9062.167056776305,312.9540100097656,214.16146850585938,68.43224763870239,0.05619756877422333,0.03845725953578949
41.4,1650,12.4640474319458,0.22769539058208466,16.962833404541016,18.90791130065918,9192.518102519736,320.73175048828125,219.18829345703125,68.34006905555725,0.05686456710100174,0.03886128216981888
41.5,1650,12.74251937866211,0.23107248544692993,16.96537971496582,19.199087142944336,9271.74042851396,325.7198181152344,224.35621643066406,68.88012886047363,0.05679592490196228,0.0391211062669754
41.6,1650,12.930282592773438,0.23108415305614471,16.96651268005371,19.424724578857422,9318.354447863303,329.56982421875,225.4955596923828,68.4211790561676,0.05734162777662277,0.039233818650245667
41.7,1650,13.130912780761719,0.23319050669670105,16.96721839904785,19.615236282348633,9349.482333772881,332.8160095214844,228.3111114501953,68.5998022556305,0.057513244450092316,0.03945397213101387
41.8,1650,13.2256441116333,0.23497404158115387,16.968090057373047,19.742094039916992,9370.12546038822,334.9856262207031,230.56527709960938,68.82840991020203,0.057361818850040436,0.039481230080127716
41.9,1650,13.251992225646973,0.2341076135635376,16.968299865722656,19.853654861450195,9383.840917373715,336.8827819824219,230.0513458251953,68.28824877738953,0.05760449543595314,0.03933710232377052
42,1650,13.330212593078613,0.23525670170783997,16.969070434570312,19.9009952545166,9396.137734961676,337.7013854980469,231.4834747314453,68.54679584503174,0.05758602172136307,0.03947337344288826
42.1,1650,13.326703071594238,0.23626457154750824,16.96971321105957,19.906822204589844,9405.596108068958,337.81304931640625,232.70919799804688,68.88697147369385,0.057267624884843826,0.03944993391633034
42.2,1650,13.244688987731934,0.23448403179645538,16.97010612487793,19.901805877685547,9417.15154960365,337.7357482910156,231.23919677734375,68.46749186515808,0.05727700516581535,0.03921612724661827
42.3,1650,13.230152130126953,0.23319174349308014,16.970739364624023,19.849369049072266,9424.862559969028,336.85845947265625,230.15309143066406,68.32337975502014,0.05748413875699043,0.03927510604262352
42.4,1650,13.25487232208252,0.234320268034935,16.970483779907227,19.802749633789062,9426.806923580434,336.062255859375,231.3146209716797,68.83088946342468,0.05730235576629639,0.03944171965122223
42.5,1650,13.207137107849121,0.23406028747558594,16.970212936401367,19.791292190551758,9426.90775538642,335.8624572753906,231.06044006347656,68.79615783691406,0.05715879797935486,0.03932305425405502
42.6,1650,13.188161849975586,0.232614666223526,16.969213485717773,19.806394577026367,9423.114031541505,336.09893798828125,229.5409393310547,68.29564571380615,0.05745450779795647,0.03923892602324486
42.7,1650,13.253503799438477,0.23373723030090332,16.968509674072266,19.830656051635742,9421.795641107152,336.4966735839844,230.6164093017578,68.53452324867249,0.05746990814805031,0.03938673064112663
42.8,1650,13.25421142578125,0.23507659137248993,16.96866226196289,19.835941314697266,9421.398142311295,336.5893859863281,231.9281005859375,68.9053475856781,0.05714793503284454,0.039377983659505844
42.9,1650,13.19308853149414,0.23361457884311676,16.96825408935547,19.85476303100586,9420.379915923668,336.9006652832031,230.46075439453125,68.40614676475525,0.05724657326936722,0.03916017338633537
43,1650,13.198675155639648,0.23326705396175385,16.968469619750977,19.863000869750977,9422.009544418119,337.04473876953125,230.15773010253906,68.28699707984924,0.05734621733427048,0.03916000947356224
43.1,1650,13.196362495422363,0.23445487022399902,16.96967315673828,19.830364227294922,9424.59212090557,336.5148010253906,231.3931121826172,68.76164674758911,0.05703005567193031,0.03921480476856232
43.2,1650,13.110722541809082,0.23374129831790924,16.970144271850586,19.801250457763672,9428.796166088146,336.03009033203125,230.79176330566406,68.6818778514862,0.05680758133530617,0.039016515016555786
43.3,1650,13.106738090515137,0.2316235601902008,16.97046661376953,19.749727249145508,9431.662587023666,335.1620788574219,228.77027893066406,68.25661063194275,0.057292137295007706,0.03910566866397858
43.4,1650,13.176758766174316,0.23200733959674835,16.970149993896484,19.735973358154297,9427.817573011542,334.92242431640625,229.055908203125,68.39073896408081,0.05752638354897499,0.039342720061540604
43.5,1650,13.191505432128906,0.23381632566452026,16.96993064880371,19.76182746887207,9426.019502945239,335.3568420410156,230.79786682128906,68.82157325744629,0.057156097143888474,0.03933572769165039
43.6,1650,13.129216194152832,0.2324584573507309,16.97028923034668,19.733484268188477,9424.704026724932,334.8829345703125,229.42550659179688,68.50916743278503,0.05722649022936821,0.039205390959978104
43.7,1650,13.069774627685547,0.2311677634716034,16.970539093017578,19.6865177154541,9427.843218095146,334.0908203125,228.22764587402344,68.31305623054504,0.057266395539045334,0.039120424538850784
43.8,1650,13.08319091796875,0.2316991686820984,16.970775604248047,19.63553237915039,9430.497484248126,333.230224609375,228.8166961669922,68.6662495136261,0.05717760697007179,0.03926171734929085
43.9,1650,13.076797485351562,0.23200157284736633,16.97026824951172,19.617820739746094,9426.516667861464,332.919677734375,229.01861572265625,68.79095435142517,0.05709927901625633,0.039279136806726456
44,1650,13.103677749633789,0.23122574388980865,16.969417572021484,19.672590255737305,9419.974257328482,333.8323974609375,228.09434509277344,68.32600831985474,0.05744849890470505,0.03925226628780365
44.1,1650,13.191682815551758,0.23265355825424194,16.96915626525879,19.722427368164062,9413.768147096393,334.6729431152344,229.35162353515625,68.53007674217224,0.05751728639006615,0.039416637271642685
44.2,1650,13.21292781829834,0.23482577502727509,16.96893882751465,19.808147430419922,9411.507882682414,336.12322998046875,231.4374237060547,68.85493397712708,0.05709071457386017,0.03930976986885071
44.3,1650,13.212321281433105,0.23385398089885712,16.96916389465332,19.857431411743164,9410.785157599039,336.9640197753906,230.4619598388672,68.39364171028137,0.057329729199409485,0.03920988738536835
44.4,1650,13.288138389587402,0.23420245945453644,16.96922492980957,19.907835006713867,9410.073506529036,337.8205261230469,230.78793334960938,68.31672787666321,0.05757726728916168,0.03933490440249443
44.5,1650,13.339247703552246,0.2367132306098938,16.969501495361328,19.926786422729492,9413.469731578096,338.14764404296875,233.34628295898438,69.00721788406372,0.057165034115314484,0.039448000490665436
44.6,1650,13.299529075622559,0.2352045774459839,16.96980857849121,19.926671981811523,9415.964881644171,338.15179443359375,231.92054748535156,68.58474016189575,0.0573451966047287,0.03933005407452583
44.7,1650,13.288422584533691,0.23408956825733185,16.969846725463867,19.944353103637695,9419.795324586066,338.4526062011719,230.9149932861328,68.22668313980103,0.057546813040971756,0.039262283593416214
44.8,1650,13.296882629394531,0.23477493226528168,16.970375061035156,19.907461166381836,9423.950993815479,337.83709716796875,231.6932373046875,68.58135461807251,0.057390034198760986,0.03935886174440384
44.9,1650,13.206581115722656,0.23420585691928864,16.970975875854492,19.838945388793945,9430.692736589199,336.6862487792969,231.29698181152344,68.69807243347168,0.057097941637039185,0.03922518715262413
45,1650,13.173783302307129,0.23206661641597748,16.96994972229004,19.799015045166016,9431.205638261274,335.98828125,229.19677734375,68.2157039642334,0.05747804790735245,0.03920905664563179
45.1,1650,13.210169792175293,0.23169033229351044,16.96908187866211,19.785377502441406,9427.934724416187,335.73968505859375,228.74578857421875,68.13188791275024,0.05775044113397598,0.03934646397829056
45.2,1650,13.258918762207031,0.23402492702007294,16.968223571777344,19.81620216369629,9423.813442912515,336.2457580566406,230.94970703125,68.6847984790802,0.05741041526198387,0.03943222761154175
45.3,1650,13.244596481323242,0.23363293707370758,16.968061447143555,19.833660125732422,9419.090084786965,336.53875732421875,230.4473114013672,68.47571134567261,0.057473428547382355,0.039355337619781494
45.4,1650,13.272899627685547,0.23363123834133148,16.967281341552734,19.900720596313477,9413.794375022806,337.6611328125,230.31607055664062,68.20923686027527,0.0576290637254715,0.0393083430826664
45.5,1650,13.312796592712402,0.23566505312919617,16.96775245666504,19.936532974243164,9413.841585290349,338.2781677246094,232.3221893310547,68.67785453796387,0.05730316415429115,0.039354585111141205
45.6,1650,13.27597713470459,0.2359364777803421,16.9678955078125,19.950624465942383,9416.139151644114,338.5201110839844,232.6465301513672,68.7245786190033,0.05706501379609108,0.039217691868543625
45.7,1650,13.24059772491455,0.2337830662727356,16.96889877319336,19.932266235351562,9419.752777060996,338.2286071777344,230.6116180419922,68.18217039108276,0.05741513893008232,0.03914688900113106
45.8,1650,13.2744140625,0.23424988985061646,16.96923065185547,19.92830467224121,9421.513545187512,338.1679992675781,231.11529541015625,68.34333539009094,0.05743632838129997,0.03925390541553497
45.9,1650,13.255724906921387,0.23529785871505737,16.96967315673828,19.918851852416992,9425.27054993545,338.01641845703125,232.2418212890625,68.70726346969604,0.05707725137472153,0.039216216653585434
46,1700,13.21189022064209,0.2338075041770935,16.969865798950195,19.905738830566406,9424.852068798462,337.7977294921875,230.7605743408203,68.31324100494385,0.057253673672676086,0.03911184147000313
46.1,1700,13.272624015808105,0.24106483161449432,16.95636558532715,20.719057083129883,9454.516436414204,351.3199157714844,238.67218017578125,67.93585419654846,0.05561026930809021,0.0377793125808239
46.2,1700,13.676769256591797,0.25692352652549744,16.944150924682617,22.53702163696289,9606.272967167375,381.8706970214844,258.45648193359375,67.68167018890381,0.052917107939720154,0.03581518307328224
46.3,1700,14.20302677154541,0.26388201117515564,16.9520320892334,23.565942764282227,9788.182870653187,399.4906311035156,270.4833068847656,67.70704984664917,0.05250980705022812,0.03555284067988396
46.4,1700,14.61237621307373,0.26822614669799805,16.958391189575195,24.11282730102539,9920.343643319104,408.9147644042969,278.6483154296875,68.14337968826294,0.052440207451581955,0.03573453053832054
46.5,1700,14.880070686340332,0.2702341675758362,16.96175765991211,24.4416446685791,10006.219702822864,414.5732421875,283.1645812988281,68.30266118049622,0.052549198269844055,0.03589250147342682
46.6,1700,15.059948921203613,0.27052050828933716,16.96323585510254,24.681007385253906,10057.365325013538,418.66973876953125,284.91351318359375,68.05208921432495,0.05285796895623207,0.03597095236182213
46.7,1700,15.175468444824219,0.2713272273540497,16.963640213012695,24.901262283325195,10085.124962328897,422.4160461425781,286.5518798828125,67.8364098072052,0.052958883345127106,0.03592540696263313
46.8,1700,15.290608406066895,0.2731896936893463,16.963882446289062,25.10481071472168,10102.182439982196,425.87506103515625,289.0068359375,67.8618848323822,0.05290742591023445,0.03590397909283638
46.9,1700,15.389692306518555,0.2739533483982086,16.964704513549805,25.24812126159668,10115.376835496287,428.326904296875,290.1932373046875,67.75041222572327,0.053032565861940384,0.03592978045344353
47,1700,15.447248458862305,0.2747705280780792,16.965269088745117,25.337804794311523,10129.641330408022,429.8626708984375,291.46929931640625,67.80521273612976,0.052997857332229614,0.035935308784246445
47.1,1700,15.443412780761719,0.2746460735797882,16.966827392578125,25.321020126342773,10145.49115776071,429.61737060546875,291.79315185546875,67.91930794715881,0.05292589217424393,0.03594689816236496
47.2,1700,15.438926696777344,0.2744428515434265,16.967260360717773,25.287067413330078,10156.552348593223,429.05224609375,291.8951416015625,68.03253889083862,0.05289203301072121,0.03598378971219063
47.3,1700,15.525026321411133,0.2752287983894348,16.966781616210938,25.295169830322266,10157.929023308492,429.1776123046875,292.770751953125,68.21668148040771,0.0530279316008091,0.03617389500141144
47.4,1700,15.563492774963379,0.2758958637714386,16.966514587402344,25.321739196777344,10156.464922171846,429.62164306640625,293.4380187988281,68.30149292945862,0.05303843319416046,0.03622604161500931
47.5,1700,15.539990425109863,0.27581602334976196,16.96689224243164,25.321609497070312,10159.860564378096,429.6290283203125,293.451171875,68.30338835716248,0.05295596644282341,0.03617071732878685
47.6,1700,15.468178749084473,0.27518516778945923,16.967632293701172,25.2717342376709,10166.331285245551,428.8014831542969,292.9664611816406,68.32216382026672,0.05279846489429474,0.036073051393032074
47.7,1700,15.446179389953613,0.2745588421821594,16.967771530151367,25.20729637145996,10170.947400294212,427.7116394042969,292.432373046875,68.37138533592224,0.05281966179609299,0.03611353412270546
47.8,1700,15.43699836730957,0.2744504511356354,16.967195510864258,25.153606414794922,10170.140745846315,426.7861633300781,292.29376220703125,68.48716735839844,0.05281330272555351,0.03617033362388611
47.9,1700,15.423117637634277,0.2740668058395386,16.96614646911621,25.138221740722656,10166.879157486175,426.4987487792969,291.79156494140625,68.41557025909424,0.052856627851724625,0.03616216406226158
48,1700,15.4327974319458,0.27371880412101746,16.96551513671875,25.15739631652832,10163.151294878695,426.8081970214844,291.3141784667969,68.25412511825562,0.052976470440626144,0.03615862503647804
48.1,1700,15.407075881958008,0.2733932137489319,16.96577262878418,25.17209815979004,10160.894527521572,427.0640869140625,290.903076171875,68.11695694923401,0.05296292155981064,0.036076728254556656
48.2,1700,15.34624195098877,0.27289679646492004,16.966590881347656,25.15570640563965,10161.900514210207,426.80657958984375,290.4035949707031,68.04103255271912,0.05284453183412552,0.035955965518951416
48.3,1700,15.295060157775879,0.27189943194389343,16.967212677001953,25.11258888244629,10165.304316215785,426.09063720703125,289.4391784667969,67.92901158332825,0.05284378305077553,0.03589626029133797
48.4,1700,15.222038269042969,0.27129504084587097,16.96758460998535,25.071590423583984,10168.944752401889,425.4043273925781,288.8992004394531,67.91167855262756,0.05268978700041771,0.03578251972794533
48.5,1700,15.19552993774414,0.2710168957710266,16.967802047729492,25.021480560302734,10172.052470260407,424.5595397949219,288.69122314453125,67.99781918525696,0.05263592675328255,0.03579128161072731
48.6,1700,15.260804176330566,0.2711133658885956,16.966951370239258,25.022544860839844,10166.78473695109,424.5563049316406,288.6444396972656,67.98731684684753,0.052870601415634155,0.03594530001282692
48.7,1700,15.297224044799805,0.27191609144210815,16.96600914001465,25.087596893310547,10156.898557221872,425.6363830566406,289.2175598144531,67.94943809509277,0.05289175733923912,0.03593965247273445
48.8,1700,15.259946823120117,0.27260297536849976,16.96649169921875,25.11914825439453,10155.526545249075,426.1838073730469,289.9089660644531,68.0243968963623,0.05263702943921089,0.035806022584438324
48.9,1700,15.213983535766602,0.27231162786483765,16.967336654663086,25.08743667602539,10161.398103708698,425.6669921875,289.7665710449219,68.07353496551514,0.0525042749941349,0.03574151545763016
49,1700,15.215790748596191,0.2713048458099365,16.967504501342773,25.04020118713379,10166.411717553217,424.8697204589844,288.8376770019531,67.98264980316162,0.052679382264614105,0.03581283986568451
49.1,1700,15.26110553741455,0.271404892206192,16.967065811157227,25.025537490844727,10164.241210931852,424.6099548339844,288.88250732421875,68.03479790687561,0.052828069776296616,0.0359414704144001
49.2,1700,15.236120223999023,0.27155497670173645,16.967042922973633,25.027812957763672,10163.801747453734,424.6479797363281,289.0297546386719,68.06337833404541,0.05271470919251442,0.03587941452860832
49.3,1700,15.212884902954102,0.27170035243034363,16.967254638671875,25.0101318359375,10164.512815680926,424.353271484375,289.2047424316406,68.15187931060791,0.05260247737169266,0.03584957495331764
49.4,1700,15.17484188079834,0.27170124650001526,16.967384338378906,24.974628448486328,10165.671507185565,423.7541198730469,289.2386474609375,68.25624704360962,0.05246477946639061,0.03581048920750618
49.5,1700,15.188807487487793,0.2722524106502533,16.966970443725586,24.967206954956055,10164.756443975162,423.61785888671875,289.7992858886719,68.41054558753967,0.05241147056221962,0.035854972898960114
49.6,1700,15.24207592010498,0.27279770374298096,16.96651268005371,25.004940032958984,10160.179962237524,424.24664306640625,290.2489929199219,68.41515898704529,0.05251379311084747,0.03592739254236221
49.7,1700,15.276239395141602,0.2728365659713745,16.966079711914062,25.03248405456543,10156.435780031388,424.703125,290.1833801269531,68.32616925239563,0.05264339968562126,0.035969220101833344
49.8,1700,15.21825885772705,0.27217897772789,16.966176986694336,25.0117130279541,10159.781297756048,424.3531494140625,289.5793151855469,68.2401716709137,0.05255298689007759,0.03586224839091301
49.9,1700,15.170839309692383,0.27163636684417725,16.96624183654785,24.962121963500977,10165.493157285959,423.5133972167969,289.1645202636719,68.27753186225891,0.05246438831090927,0.03582139313220978
50,1700,15.19592571258545,0.2711099088191986,16.96552848815918,24.949573516845703,10163.772605313276,423.28271484375,288.55523681640625,68.1708037853241,0.05266210436820984,0.03590018302202225
50.1,1700,15.196516036987305,0.27114832401275635,16.96484375,24.98847198486328,10158.781139495506,423.925537109375,288.4543762207031,68.04364919662476,0.05268256366252899,0.03584713488817215
50.2,1700,15.24841594696045,0.2716200351715088,16.964679718017578,25.03677749633789,10155.814469596808,424.74090576171875,288.871826171875,68.01130175590515,0.052786096930503845,0.03590051084756851
50.3,1700,15.295839309692383,0.27266451716423035,16.96390724182129,25.13680648803711,10149.122268461866,426.41845703125,289.79156494140625,67.9594337940216,0.05278221145272255,0.035870492458343506
50.4,1700,15.377861976623535,0.2741658389568329,16.963478088378906,25.291156768798828,10140.727000638519,429.0259704589844,291.1461486816406,67.8621232509613,0.052818357944488525,0.03584366291761398
50.5,1700,15.446648597717285,0.27560800313949585,16.963945388793945,25.43959617614746,10137.25908592393,431.555908203125,292.5775451660156,67.79597401618958,0.052795059978961945,0.03579292446374893
50.6,1700,15.529680252075195,0.27599942684173584,16.96491241455078,25.517438888549805,10138.639257696055,432.901123046875,293.032958984375,67.69050359725952,0.05299635976552963,0.03587350621819496
50.7,1700,15.610801696777344,0.27738693356513977,16.965618133544922,25.573644638061523,10143.558451005489,433.8726806640625,294.64898681640625,67.91139245033264,0.05298101156949997,0.035980142652988434
50.8,1700,15.745004653930664,0.27945712208747864,16.96498680114746,25.669599533081055,10140.717675153572,435.4844055175781,296.7648620605469,68.14592480659485,0.05305548757314682,0.03615514934062958
50.9,1700,15.835597038269043,0.2811647355556488,16.96445083618164,25.816125869750977,10136.635444118114,437.9563903808594,298.4580383300781,68.14789175987244,0.05305803194642067,0.03615793213248253
51,1750,15.903962135314941,0.28199276328086853,16.96468162536621,25.92913055419922,10136.820788131432,439.87945556640625,299.34246826171875,68.05102825164795,0.0531296543776989,0.036155276000499725
51.1,1750,16.023239135742188,0.2904242277145386,16.949708938598633,26.958314895629883,10170.040496883137,456.9355773925781,309.3030090332031,67.69072413444519,0.05180434137582779,0.03506673499941826
51.2,1750,16.441469192504883,0.3061954975128174,16.935407638549805,29.12870216369629,10320.276390747173,493.30645751953125,330.916748046875,67.08137392997742,0.04968461021780968,0.03332911804318428
51.3,1750,17.16377830505371,0.3152844309806824,16.944021224975586,30.4135684967041,10501.23509476841,515.328125,346.714111328125,67.28025674819946,0.049504123628139496,0.03330650180578232
51.4,1750,17.664073944091797,0.31983888149261475,16.950544357299805,31.207958221435547,10628.921966031106,528.9918823242188,355.999267578125,67.29767918586731,0.04961828887462616,0.033391956239938736
51.5,1750,17.913597106933594,0.32296082377433777,16.954233169555664,31.75650978088379,10712.663655167667,538.4072875976562,362.30633544921875,67.2922432422638,0.049443233758211136,0.033271461725234985
51.6,1750,18.04421043395996,0.3244130313396454,16.9570369720459,32.123985290527344,10770.478164780916,544.7276000976562,365.8995666503906,67.17110872268677,0.04931465536355972,0.033125199377536774
51.7,1750,18.083513259887695,0.3247615396976471,16.959667205810547,32.31166458129883,10815.732411856454,547.9950561523438,367.8316955566406,67.1231746673584,0.04916246607899666,0.03299940750002861
51.8,1750,17.998979568481445,0.3244425654411316,16.961694717407227,32.37107849121094,10850.868507764726,549.068359375,368.6641845703125,67.14358925819397,0.048822153359651566,0.03278094530105591
51.9,1750,18.01991844177246,0.3238751292228699,16.962928771972656,32.34934997558594,10876.670958926878,548.73974609375,368.89453125,67.22577214241028,0.048848431557416916,0.03283873572945595
52,1750,18.110218048095703,0.3236209452152252,16.963350296020508,32.31365203857422,10892.643183269493,548.1478271484375,369.14630126953125,67.34430193901062,0.049059730023145676,0.03303893283009529
52.1,1750,18.17670440673828,0.32354265451431274,16.96302032470703,32.300594329833984,10897.401511963593,547.9156494140625,369.21820068359375,67.38595962524414,0.04923024773597717,0.03317427635192871
52.2,1750,18.11206817626953,0.32249799370765686,16.96314239501953,32.301849365234375,10900.965012898885,547.9408569335938,368.14642333984375,67.18725562095642,0.049198001623153687,0.033054787665605545
52.3,1750,17.9820613861084,0.3213895857334137,16.963712692260742,32.24418640136719,10906.284036375411,546.9811401367188,367.0601501464844,67.10654497146606,0.04898941516876221,0.03287510573863983
52.4,1750,17.94754981994629,0.32132402062416077,16.96367645263672,32.1912956237793,10907.684024803048,546.0827026367188,367.0323486328125,67.2118604183197,0.0488990917801857,0.032865989953279495
52.5,1750,17.999828338623047,0.32135823369026184,16.963531494140625,32.16182327270508,10908.490679250945,545.578125,367.0986022949219,67.2861635684967,0.049032680690288544,0.03299221023917198
52.6,1750,18.085060119628906,0.32139816880226135,16.963430404663086,32.130462646484375,10907.299348548993,545.0428466796875,367.1041259765625,67.35325455665588,0.04926411807537079,0.03318098559975624
52.7,1750,18.117902755737305,0.3210216760635376,16.963150024414062,32.11880111694336,10904.599620656896,544.8360595703125,366.58331298828125,67.28323698043823,0.049423698335886,0.03325386345386505
52.8,1750,18.011735916137695,0.32038435339927673,16.963041305541992,32.13131332397461,10903.017785272797,545.0447998046875,365.8024597167969,67.1142041683197,0.04923896864056587,0.03304633870720863
52.9,1750,17.9005184173584,0.3203044831752777,16.96324348449707,32.12289810180664,10902.779985406654,544.9085693359375,365.70330810546875,67.11278557777405,0.048948198556900024,0.03285050019621849
53,1750,17.934375762939453,0.3205762803554535,16.96332550048828,32.092037200927734,10904.084387613586,544.3876953125,366.0574035644531,67.24204421043396,0.048993341624736786,0.032944124191999435
53.1,1750,18.017244338989258,0.32102254033088684,16.963314056396484,32.088680267333984,10903.808120122038,544.3303833007812,366.5577087402344,67.34103560447693,0.049152545630931854,0.033099833875894547
53.2,1750,18.051040649414062,0.32102760672569275,16.963258743286133,32.09062957763672,10903.409455640563,544.3616333007812,366.5500793457031,67.33576655387878,0.049245767295360565,0.0331600159406662
53.3,1750,18.00534439086914,0.3206286132335663,16.96302604675293,32.09177780151367,10902.165669085785,544.3736572265625,366.052734375,67.24292039871216,0.04918784275650978,0.03307534009218216
53.4,1750,17.917224884033203,0.3204437494277954,16.96278190612793,32.11445236206055,10899.597663668563,544.7504272460938,365.7555236816406,67.14184880256653,0.04898688942193985,0.03289070352911949
53.5,1750,17.884754180908203,0.32080864906311035,16.962892532348633,32.139286041259766,10898.203503669016,545.1752319335938,366.12518310546875,67.15733408927917,0.04884874075651169,0.032805513590574265
53.6,1750,17.992982864379883,0.3214612901210785,16.962671279907227,32.17985153198242,10897.108924873388,545.8562622070312,366.8331604003906,67.20325350761414,0.0490495003759861,0.0329628586769104
53.7,1750,18.100393295288086,0.32250258326530457,16.962539672851562,32.20304489135742,10895.185543603111,546.2454223632812,367.95648193359375,67.36101508140564,0.0491916686296463,0.03313601016998291
53.8,1750,18.134462356567383,0.32306358218193054,16.96236801147461,32.249298095703125,10893.805371830986,547.0244750976562,368.5498352050781,67.37355589866638,0.04920491203665733,0.03315109759569168
53.9,1750,18.041419982910156,0.32257258892059326,16.96256446838379,32.281097412109375,10894.500120459523,547.5701904296875,368.01318359375,67.20840334892273,0.049023840576410294,0.03294814005494118
54,1750,17.905141830444336,0.32194653153419495,16.963417053222656,32.24793243408203,10900.414809287024,547.03515625,367.49835205078125,67.18002557754517,0.04872169345617294,0.03273124620318413
54.1,1750,17.83422088623047,0.32143622636795044,16.964248657226562,32.164161682128906,10908.350796976743,545.6408081054688,367.1829833984375,67.29389429092407,0.04857039079070091,0.03268490731716156
54.2,1750,17.912864685058594,0.32099106907844543,16.964488983154297,32.06673812866211,10913.148758981868,543.995849609375,366.83575439453125,67.43355989456177,0.048830751329660416,0.03292831405997276
54.3,1750,17.985090255737305,0.32051795721054077,16.96413803100586,32.003231048583984,10913.145261925012,542.9072265625,366.2949523925781,67.46916174888611,0.04910002276301384,0.03312737122178078
54.4,1750,17.932592391967773,0.3193667531013489,16.96383285522461,31.949758529663086,10911.313969818586,541.9903564453125,364.9180603027344,67.32925772666931,0.04914142191410065,0.03308655321598053
54.5,1750,17.760711669921875,0.3189254403114319,16.96343994140625,31.95140266418457,10907.847220789617,542.0056762695312,364.29803466796875,67.21295118331909,0.048753246665000916,0.03276849538087845
54.6,1750,17.763120651245117,0.3193605840206146,16.96316146850586,31.955753326416016,10903.445591894731,542.0706176757812,364.64788818359375,67.2694444656372,0.0487130768597126,0.03276901692152023
54.7,1750,17.820730209350586,0.3197658360004425,16.96332359313965,31.951379776000977,10902.929193165803,542.0015869140625,365.0932922363281,67.36019253730774,0.04881143942475319,0.032879479229450226
54.8,1750,17.860563278198242,0.31951239705085754,16.9637451171875,31.922611236572266,10905.39578393423,541.5270385742188,364.886474609375,67.38102436065674,0.048948273062705994,0.03298185020685196
54.9,1750,17.8572940826416,0.3185693025588989,16.963764190673828,31.89045524597168,10907.250389753022,540.982177734375,363.8713073730469,67.26124286651611,0.04907584935426712,0.03300902619957924
55,1750,17.754283905029297,0.3175773322582245,16.96317481994629,31.86382484436035,10907.657214033827,540.5116577148438,362.7518310546875,67.11267828941345,0.04894333705306053,0.03284718096256256
55.1,1750,17.64550018310547,0.3173966407775879,16.963115692138672,31.797496795654297,10911.107643464138,539.3846435546875,362.66009521484375,67.23589897155762,0.04865575209259987,0.032714132219552994
55.2,1750,17.659868240356445,0.31720325350761414,16.96298599243164,31.72542381286621,10912.646348480359,538.1578979492188,362.4902648925781,67.35759973526001,0.04871818795800209,0.03281540051102638
55.3,1750,17.752729415893555,0.31723862886428833,16.962770462036133,31.662429809570312,10912.223204600898,537.08251953125,362.5166320800781,67.49737858772278,0.04897079989314079,0.03305400535464287
55.4,1750,17.812408447265625,0.31713879108428955,16.961910247802734,31.655160903930664,10907.630403264604,536.9320068359375,362.25,67.46664643287659,0.04917158931493759,0.03317442163825035
55.5,1750,17.802915573120117,0.3174578845500946,16.961563110351562,31.729602813720703,10898.522901528444,538.1836547851562,362.31170654296875,67.32120513916016,0.049137014895677567,0.03307962790131569
55.6,1750,17.746063232421875,0.31792178750038147,16.961267471313477,31.822710037231445,10888.91065791954,539.7534790039062,362.5211486816406,67.16420650482178,0.04895180091261864,0.0328780896961689
55.7,1750,17.76250457763672,0.31922855973243713,16.961353302001953,31.937456130981445,10884.073062603393,541.7024536132812,363.8495178222656,67.16777682304382,0.04881827160716057,0.03279014676809311
55.8,1750,17.878564834594727,0.32027244567871094,16.9617977142334,32.02193069458008,10884.415774175186,543.1495361328125,365.0508117675781,67.21000671386719,0.04897555336356163,0.03291647136211395
55.9,1750,17.976390838623047,0.32101970911026,16.962322235107422,32.07528305053711,10887.303177451837,544.0712890625,365.9996032714844,67.27052330970764,0.049115873873233795,0.03304050490260124
56,1800,18.009889602661133,0.3207480311393738,16.963144302368164,32.05886459350586,10895.006028017886,543.8191528320312,365.9486083984375,67.29233264923096,0.049214258790016174,0.033117424696683884
56.1,1800,18.024538040161133,0.3261251747608185,16.94867706298828,32.90145492553711,10921.493902323627,557.6361083984375,372.98809814453125,66.887366771698,0.048324696719646454,0.032323118299245834
56.2,1800,18.454700469970703,0.3436932861804962,16.929393768310547,35.25825500488281,11051.68116923768,596.90087890625,397.7663269042969,66.63858890533447,0.046395834535360336,0.03091752901673317
56.3,1800,19.054508209228516,0.3530083894729614,16.936826705932617,36.8382682800293,11222.899404231996,623.92333984375,414.8763732910156,66.49476885795593,0.04592815786600113,0.030539821833372116
56.4,1800,19.50218391418457,0.3572632670402527,16.944766998291016,37.78263473510742,11354.444694891425,640.2179565429688,424.79840087890625,66.35215878486633,0.04590926691889763,0.030461788177490234
56.5,1800,19.725557327270508,0.3589096665382385,16.95008659362793,38.362247467041016,11447.473401349373,650.243408203125,430.25250244140625,66.16791486740112,0.04584646597504616,0.030335651710629463
56.6,1800,19.883575439453125,0.36180412769317627,16.952720642089844,38.786827087402344,11506.882568888523,657.542236328125,435.9732360839844,66.30345582962036,0.04560733214020729,0.03023923560976982
56.7,1800,20.198749542236328,0.36433881521224976,16.95396614074707,39.10127258300781,11543.472274762873,662.921630859375,440.4235534667969,66.43674373626709,0.0458621010184288,0.03046928532421589
56.8,1800,20.405839920043945,0.3649502396583557,16.9538631439209,39.444725036621094,11560.958724723725,668.740478515625,441.8309326171875,66.06912016868591,0.0461847223341465,0.030513839796185493
56.9,1800,20.452693939208984,0.3671986758708954,16.954437255859375,39.742984771728516,11573.56328331493,673.8199462890625,445.0377197265625,66.04697704315186,0.04595721513032913,0.030353352427482605
57,1800,20.562267303466797,0.3689212501049042,16.955806732177734,39.93764877319336,11590.114853409867,677.175048828125,447.764892578125,66.12247228622437,0.045922018587589264,0.03036477416753769
57.1,1800,20.61785316467285,0.36798155307769775,16.95697021484375,40.04023361206055,11605.058943037098,678.9610595703125,447.2002258300781,65.8653736114502,0.046104300767183304,0.030366769060492516
57.2,1800,20.64714241027832,0.3697245419025421,16.95709800720215,40.13203811645508,11613.693176412207,680.5228881835938,449.6527404785156,66.0745918750763,0.045917972922325134,0.03034011460840702
57.3,1800,20.79828453063965,0.3710344433784485,16.956789016723633,40.26317596435547,11615.276177481926,682.7341918945312,451.3073425292969,66.10293388366699,0.04608452692627907,0.03046322427690029
57.4,1800,20.676597595214844,0.37051448225975037,16.957719802856445,40.31991958618164,11622.37636858329,683.73388671875,450.9503479003906,65.95407128334045,0.04585115984082222,0.030240708962082863
57.5,1800,20.679048538208008,0.3713570833206177,16.958742141723633,40.31193923950195,11633.104173328953,683.6397705078125,452.39306640625,66.1741852760315,0.045710355043411255,0.030248457565903664
57.6,1800,20.697011947631836,0.36930593848228455,16.95907211303711,40.27210998535156,11639.053832725005,682.9776000976562,450.1244201660156,65.90617895126343,0.04598064720630646,0.030304085463285446
57.7,1800,20.66255760192871,0.370421439409256,16.958969116210938,40.2663688659668,11640.474803493773,682.8760986328125,451.5391540527344,66.12314581871033,0.04576027765870094,0.030258135870099068
57.8,1800,20.693710327148438,0.3692854046821594,16.959442138671875,40.23181915283203,11644.016156402316,682.3092041015625,450.2912902832031,65.99519848823547,0.04595627263188362,0.030328933149576187
57.9,1800,20.55575942993164,0.3692283034324646,16.959314346313477,40.208126068115234,11644.933550983957,681.9022216796875,450.25714111328125,66.02957248687744,0.04565337672829628,0.03014473058283329
58,1800,20.539012908935547,0.36949628591537476,16.959989547729492,40.14496612548828,11649.82360215293,680.8582153320312,450.7731628417969,66.2066102027893,0.045563966035842896,0.03016635961830616
58.1,1800,20.362394332885742,0.36684083938598633,16.961145401000977,39.991092681884766,11658.85416863828,678.2947387695312,447.8805236816406,66.03036522865295,0.04546389728784561,0.030019979923963547
58.2,1800,20.368526458740234,0.3667044937610626,16.960905075073242,39.866695404052734,11660.584046095908,676.1752319335938,447.7804870605469,66.22254848480225,0.04548775032162666,0.03012314811348915
58.3,1800,20.322328567504883,0.3642648756504059,16.96048355102539,39.79216766357422,11658.816866698491,674.8944091796875,444.73406982421875,65.89683890342712,0.045695461332798004,0.03011186420917511
58.4,1800,20.21158790588379,0.3647266924381256,16.961233139038086,39.676151275634766,11661.358061346493,672.9564819335938,445.39495849609375,66.18481278419495,0.045379023998975754,0.03003402054309845
58.5,1800,20.281835556030273,0.36238914728164673,16.960918426513672,39.55601119995117,11662.257970643857,670.90625,442.5745544433594,65.96667170524597,0.04582693427801132,0.030230505391955376
58.6,1800,20.2680721282959,0.36331188678741455,16.95982551574707,39.53547668457031,11654.567942619611,670.5147705078125,443.4089050292969,66.12962484359741,0.04570966586470604,0.030227629467844963
58.7,1800,20.35047721862793,0.36342814564704895,16.959728240966797,39.53525924682617,11650.029928507378,670.5072631835938,443.3780822753906,66.12576842308044,0.04589869827032089,0.03035086765885353
58.8,1800,20.202173233032227,0.36257389187812805,16.96009635925293,39.484195709228516,11649.947164828476,669.65576171875,442.332763671875,66.05375409126282,0.045671891421079636,0.030167996883392334
58.9,1800,20.22403907775879,0.3639742136001587,16.95975112915039,39.4644660949707,11647.669415130222,669.3074951171875,443.9543151855469,66.33039116859436,0.045554324984550476,0.030216362327337265
59,1800,20.169862747192383,0.36224427819252014,16.959474563598633,39.463539123535156,11645.49657713762,669.2808837890625,441.7618103027344,66.00544452667236,0.04565778002142906,0.03013661876320839
59.1,1800,20.11048126220703,0.3637858033180237,16.959125518798828,39.492801666259766,11641.532080349614,669.7633666992188,443.4906921386719,66.21602773666382,0.045345891267061234,0.03002624772489071
59.2,1800,20.18326187133789,0.3631437122821808,16.959104537963867,39.51358413696289,11640.108778209611,670.114990234375,442.6537780761719,66.05638861656189,0.04559604451060295,0.03011910244822502
59.3,1800,20.17855453491211,0.36337679624557495,16.958641052246094,39.55067825317383,11636.498649849585,670.7257690429688,442.800537109375,66.01812243461609,0.04557030275464058,0.030084656551480293
59.4,1800,20.303224563598633,0.3650469481945038,16.95825958251953,39.63744354248047,11631.641237877926,672.1820678710938,444.6500549316406,66.15024209022522,0.04566113278269768,0.030204948037862778
59.5,1800,20.242664337158203,0.36344605684280396,16.958688735961914,39.686737060546875,11633.481855469297,673.0350341796875,442.7701110839844,65.78708291053772,0.045718226581811905,0.030076688155531883
59.6,1800,20.202665328979492,0.36499539017677307,16.9593448638916,39.67496109008789,11637.552429648573,672.861328125,444.81317138671875,66.10770225524902,0.04541831463575363,0.030025005340576172
59.7,1800,20.301151275634766,0.36391913890838623,16.959653854370117,39.64897918701172,11641.696442021803,672.4329833984375,443.65948486328125,65.97824692726135,0.04575840383768082,0.030190594494342804
59.8,1800,20.24846839904785,0.36441704630851746,16.959321975708008,39.64936828613281,11641.365387306192,672.4263916015625,444.2538757324219,66.06728434562683,0.045578598976135254,0.03011254221200943
59.9,1800,20.388504028320312,0.3659103214740753,16.958251953125,39.72723388671875,11634.18592958278,673.7044677734375,445.7991943359375,66.17133021354675,0.04573472589254379,0.030263276770710945
60,1800,20.34476089477539,0.36515048146247864,16.95819091796875,39.80150604248047,11631.640072192307,674.9615478515625,444.776123046875,65.89651107788086,0.045741576701402664,0.030142104253172874
60.1,1800,20.294511795043945,0.36646363139152527,16.9588623046875,39.82256317138672,11634.027396338684,675.3453369140625,446.46722412109375,66.10946655273438,0.045455772429704666,0.030050568282604218
60.2,1800,20.407119750976562,0.36555004119873047,16.95884132385254,39.84505081176758,11636.2771695821,675.7258911132812,445.4403076171875,65.92026352882385,0.045813366770744324,0.03020029328763485
60.3,1800,20.358020782470703,0.36620181798934937,16.958393096923828,39.89946746826172,11633.21141640584,676.630859375,446.1169738769531,65.93210697174072,0.045633818954229355,0.030087336897850037
60.4,1800,20.44074058532715,0.3672291040420532,16.958492279052734,39.950069427490234,11632.878030318994,677.492919921875,447.3556213378906,66.03103280067444,0.04569237679243088,0.030171148478984833
60.5,1800,20.365690231323242,0.3656630218029022,16.959365844726562,39.94900894165039,11638.068828377502,677.5098876953125,445.6465759277344,65.7771348953247,0.04569919407367706,0.03005962260067463
60.6,1800,20.29114532470703,0.3659202456474304,16.960607528686523,39.86468505859375,11647.655426902802,676.1292724609375,446.3274230957031,66.01214408874512,0.045462466776371,0.030010748654603958
60.7,1800,20.299423217773438,0.36332830786705017,16.961091995239258,39.724918365478516,11654.782428773386,673.7780151367188,443.4371032714844,65.81352949142456,0.04577745869755745,0.030127761885523796
60.8,1800,20.340559005737305,0.364779531955719,16.959304809570312,39.74174499511719,11647.26841927751,673.9923706054688,444.9212646484375,66.01280570030212,0.045717209577560425,0.030179211869835854
60.9,1800,20.52667236328125,0.36634525656700134,16.957563400268555,39.892906188964844,11633.14147526874,676.4865112304688,446.2890319824219,65.97160696983337,0.04599412530660629,0.030343063175678253
61,1850,20.492069244384766,0.36674588918685913,16.95773696899414,39.99906921386719,11627.887730186842,678.293701171875,446.5753173828125,65.83804488182068,0.04588715359568596,0.030211204662919044
61.1,1850,20.578752517700195,0.374038964509964,16.94414710998535,40.86568832397461,11641.695276336184,692.4342651367188,455.9967041015625,65.85415005683899,0.04512917250394821,0.029719432815909386
61.2,1850,20.990995407104492,0.390075147151947,16.920059204101562,43.54068374633789,11756.248367736944,736.7109375,480.2259826660156,65.18512964248657,0.04371066018939018,0.028492851182818413
61.3,1850,21.738502502441406,0.40193498134613037,16.924701690673828,45.6501350402832,11915.35046641414,772.6149291992188,501.5234375,64.91247415542603,0.04334493726491928,0.028136270120739937
61.4,1850,22.343521118164062,0.4084049463272095,16.932186126708984,47.08095932006836,12035.863708381517,797.18359375,514.7506103515625,64.57115411758423,0.043406497687101364,0.028028074651956558
61.5,1850,22.649606704711914,0.4127938151359558,16.93820571899414,48.0760383605957,12126.440977984077,814.3218383789062,524.19775390625,64.37230706214905,0.043208133429288864,0.027814073488116264
61.6,1850,22.941709518432617,0.4178345799446106,16.942716598510742,48.767242431640625,12195.073050135601,826.2495727539062,533.6019287109375,64.58120942115784,0.04299405217170715,0.02776607684791088
61.7,1850,23.09630012512207,0.4184023141860962,16.945575714111328,49.26994323730469,12244.714937878605,834.9075317382812,536.5020141601562,64.25885558128357,0.04304978996515274,0.027663301676511765
61.8,1850,23.237882614135742,0.4210983216762543,16.948400497436523,49.59971237182617,12284.963730908954,840.6358032226562,541.73388671875,64.44335579872131,0.04289538413286209,0.027643222361803055
61.9,1850,23.187057495117188,0.42020851373672485,16.951114654541016,49.73283767700195,12320.539290295343,843.0270385742188,542.1546630859375,64.31046724319458,0.04276834428310394,0.02750452421605587
62,1850,23.26516342163086,0.4193914830684662,16.95269203186035,49.7557373046875,12346.327753230074,843.4937133789062,542.2330932617188,64.28419351577759,0.042906202375888824,0.02758190594613552
62.1,1850,23.288509368896484,0.4207908511161804,16.952524185180664,49.82472229003906,12357.503181253185,844.65478515625,544.5347900390625,64.46832418441772,0.0427677147090435,0.027571629732847214
62.2,1850,23.2734317779541,0.4201960265636444,16.952045440673828,49.92536163330078,12360.208737573372,846.3369750976562,543.8840942382812,64.26330208778381,0.04279116168618202,0.027499012649059296
62.3,1850,23.38068389892578,0.42164602875709534,16.95160484313965,50.04637145996094,12360.371933559942,848.3663330078125,545.7681274414062,64.33166265487671,0.042839959263801575,0.027559656649827957
62.4,1850,23.352672576904297,0.42273661494255066,16.951698303222656,50.17107391357422,12360.563106001351,850.4849243164062,547.188232421875,64.3383800983429,0.042677585035562515,0.0274580679833889
62.5,1850,23.3464298248291,0.42221546173095703,16.952526092529297,50.2227783203125,12366.067473491194,851.4029541015625,546.7570190429688,64.21836018562317,0.04269982501864433,0.027421128004789352
62.6,1850,23.411352157592773,0.4246351718902588,16.95206069946289,50.31279373168945,12365.635004126787,852.905517578125,549.8712158203125,64.47035670280457,0.04257606342434883,0.02744893915951252
62.7,1850,23.509510040283203,0.42531299591064453,16.9506893157959,50.495540618896484,12357.6057615876,855.9342041015625,550.391357421875,64.30299878120422,0.04271417111158371,0.027466490864753723
62.8,1850,23.699052810668945,0.42731767892837524,16.949617385864258,50.758663177490234,12348.54721864741,860.3399047851562,552.5802612304688,64.22812938690186,0.042887985706329346,0.027546150609850883
62.9,1850,23.689146041870117,0.4286767244338989,16.94978141784668,50.9981803894043,12345.989704400754,864.4080200195312,554.2228393554688,64.11588788032532,0.04274299740791321,0.02740505151450634
63,1850,23.801605224609375,0.42827120423316956,16.95037078857422,51.17705154418945,12348.409667744445,867.469970703125,553.80712890625,63.84164094924927,0.04297815263271332,0.027437957003712654
63.1,1850,23.76858901977539,0.4294464588165283,16.95230484008789,51.23286056518555,12360.321809078352,868.5150756835938,555.862548828125,64.00148868560791,0.04275983199477196,0.02736692689359188
63.2,1850,23.62796401977539,0.4273378551006317,16.953968048095703,51.16678237915039,12374.32985315405,867.47998046875,553.7601318359375,63.83548974990845,0.04266823083162308,0.02723747491836548
63.3,1850,23.547428131103516,0.425539493560791,16.955413818359375,51.021854400634766,12389.980348266,865.0966796875,552.1271362304688,63.82259726524353,0.0426485612988472,0.027219418436288834
63.4,1850,23.478984832763672,0.42523980140686035,16.956966400146484,50.76359939575195,12406.69977708998,860.796630859375,552.4828491210938,64.18273448944092,0.04249722138047218,0.027275878936052322
63.5,1850,23.309616088867188,0.4228779971599579,16.957244873046875,50.52150344848633,12414.301213007231,856.7055053710938,549.7509765625,64.17035460472107,0.04240031912922859,0.02720843441784382
63.6,1850,23.284605026245117,0.42032766342163086,16.956466674804688,50.342552185058594,12414.131022906953,853.6318359375,546.427978515625,64.01214003562927,0.04261239618062973,0.027277106419205666
63.7,1850,23.375160217285156,0.42150822281837463,16.95417594909668,50.30816650390625,12401.499653546525,852.9335327148438,547.4051513671875,64.17911052703857,0.042701754719018936,0.02740560658276081
63.8,1850,23.42557716369629,0.4233587980270386,16.9516658782959,50.46131896972656,12379.637219774393,855.4034423828125,548.8392333984375,64.16144371032715,0.042682040482759476,0.027385413646697998
63.9,1850,23.558048248291016,0.4240276515483856,16.950801849365234,50.67484664916992,12364.522940046882,858.9793090820312,549.03515625,63.91716003417969,0.042908087372779846,0.027425630018115044
64,1850,23.554777145385742,0.4268488585948944,16.952211380004883,50.74644470214844,12365.896117705297,860.2644653320312,552.7494506835938,64.25343751907349,0.042613837867975235,0.02738085575401783
64.1,1850,23.481056213378906,0.42522716522216797,16.95358657836914,50.75239562988281,12373.297055696194,860.4351196289062,550.97900390625,64.0349268913269,0.04261697083711624,0.027289746329188347
64.2,1850,23.583723068237305,0.42543619871139526,16.95305824279785,50.78558349609375,12375.363816297526,860.970947265625,551.3419189453125,64.03722763061523,0.04277512803673744,0.027392007410526276
64.3,1850,23.561599731445312,0.4268423020839691,16.952430725097656,50.86345291137695,12370.755861048192,862.2591552734375,552.9581909179688,64.1290009021759,0.04261009022593498,0.027325427159667015
64.4,1850,23.48649024963379,0.4252041280269623,16.953378677368164,50.8623161315918,12376.29986184906,862.2880859375,551.0828857421875,63.909369707107544,0.042618799954652786,0.027237404137849808
64.5,1850,23.498567581176758,0.4253392815589905,16.954057693481445,50.827999114990234,12383.43735489021,861.7408447265625,551.575927734375,64.00717496871948,0.04260259494185448,0.02726871706545353
64.6,1850,23.446203231811523,0.4249013364315033,16.9545841217041,50.74275588989258,12387.925244520853,860.3223266601562,551.2077026367188,64.06990885734558,0.04253605753183365,0.027252811938524246
64.7,1850,23.4412784576416,0.4233316481113434,16.954233169555664,50.73242950439453,12387.8774514105,860.1294555664062,549.1693115234375,63.8472855091095,0.042684976011514664,0.027253199368715286
64.8,1850,23.414535522460938,0.4232989549636841,16.954910278320312,50.65639114379883,12392.013303984402,858.8745727539062,549.3102416992188,63.956981897354126,0.042625341564416885,0.027261879295110703
64.9,1850,23.282608032226562,0.42309701442718506,16.95545768737793,50.54337692260742,12396.127008531555,856.986083984375,549.2304077148438,64.08860683441162,0.0423913300037384,0.02716801129281521
65,1850,23.21782875061035,0.42118868231773376,16.955411911010742,50.455810546875,12398.330154350235,855.4990234375,546.850341796875,63.92179727554321,0.042457371950149536,0.027139514684677124
65.1,1850,23.275300979614258,0.42187047004699707,16.955137252807617,50.3558235168457,12397.235575554605,853.7899169921875,547.6871948242188,64.14777040481567,0.042497433722019196,0.02726115845143795
65.2,1850,23.288021087646484,0.4225285053253174,16.953758239746094,50.37675094604492,12387.950889604457,854.0752563476562,548.1306762695312,64.17826414108276,0.04248625785112381,0.027266941964626312
65.3,1850,23.27216911315918,0.421152263879776,16.953359603881836,50.428192138671875,12380.499827131971,854.92724609375,546.0167236328125,63.86703848838806,0.04262171685695648,0.027221227064728737
65.4,1850,23.33385467529297,0.422126829624176,16.953542709350586,50.46174621582031,12378.860873152573,855.50537109375,547.207763671875,63.96310329437256,0.04264167323708534,0.02727493643760681
65.5,1850,23.3432674407959,0.4225604236125946,16.95319175720215,50.517147064208984,12375.842913086666,856.4268798828125,547.6362915039062,63.944315910339355,0.04262549430131912,0.02725658006966114
65.6,1850,23.472206115722656,0.42291948199272156,16.95212173461914,50.6435661315918,12369.368695162357,858.515869140625,547.8148803710938,63.80952596664429,0.04284696653485298,0.027340443804860115
65.7,1850,23.583375930786133,0.4258393943309784,16.951171875,50.81680679321289,12360.364939446232,861.4044189453125,551.1956176757812,63.98801803588867,0.04278585687279701,0.027377821505069733
65.8,1850,23.53759002685547,0.42556893825531006,16.951175689697266,51.03177261352539,12355.410775568249,865.0485229492188,550.624755859375,63.65246772766113,0.04274706169962883,0.027209559455513954
65.9,1850,23.556106567382812,0.4258304834365845,16.95347023010254,51.049129486083984,12367.361384527561,865.4598999023438,551.49609375,63.72289061546326,0.04271310195326805,0.02721802145242691
66,1900,23.496660232543945,0.425465852022171,16.95517921447754,50.92243957519531,12383.180904054172,863.3991088867188,551.7286376953125,63.9019250869751,0.04258734732866287,0.027214135974645615
66.1,1900,23.577180862426758,0.4301358163356781,16.93597412109375,51.953399658203125,12406.496947792386,879.8814086914062,558.834716796875,63.51250410079956,0.04218989983201027,0.02679586224257946
66.2,1900,24.05046272277832,0.4466375410556793,16.909648895263672,55.00938034057617,12516.370977121092,930.1893310546875,585.4129028320312,62.934809923172,0.04108290746808052,0.025855449959635735
66.3,1900,24.72456169128418,0.45846739411354065,16.915889739990234,57.28469467163086,12663.998066571265,969.0216064453125,608.0060424804688,62.744325399398804,0.04066499322652817,0.02551497519016266
66.4,1900,25.23215103149414,0.46433693170547485,16.923580169677734,58.89188766479492,12774.848940448148,996.6615600585938,621.1802368164062,62.32609152793884,0.04061969369649887,0.025316668674349785
66.5,1900,25.69180679321289,0.471083402633667,16.927852630615234,60.158653259277344,12850.004189319952,1018.3568115234375,633.9130249023438,62.24861741065979,0.04052891209721565,0.02522868849337101
66.6,1900,25.863460540771484,0.47543901205062866,16.93221092224121,61.15634536743164,12908.236014384569,1035.5120849609375,642.6734008789062,62.06333637237549,0.04024355113506317,0.024976491928100586
66.7,1900,25.963708877563477,0.4767081141471863,16.937864303588867,61.74777603149414,12964.371936707394,1045.87548828125,647.1912841796875,61.880338191986084,0.040117520838975906,0.024824857711791992
66.8,1900,26.13230323791504,0.4787890613079071,16.94090461730957,62.13258743286133,13010.318601040231,1052.582275390625,652.3201293945312,61.973315477371216,0.04006054997444153,0.02482685260474682
66.9,1900,26.28278350830078,0.4817527234554291,16.94040870666504,62.57267379760742,13029.996539963578,1060.0067138671875,657.3506469726562,62.01382279396057,0.03998289629817009,0.0247949231415987
67,1900,26.299850463867188,0.482832133769989,16.942184448242188,62.90766525268555,13050.594204839803,1065.793212890625,659.864990234375,61.91303730010986,0.03985641151666641,0.024676315486431122
67.1,1900,26.334699630737305,0.48346570134162903,16.942808151245117,63.17422103881836,13064.048548246785,1070.3487548828125,661.4119873046875,61.794066429138184,0.03981587663292885,0.02460385113954544
67.2,1900,26.399211883544922,0.4845404326915741,16.943744659423828,63.38269805908203,13076.302235466868,1073.9403076171875,663.5040893554688,61.782217025756836,0.03978756442666054,0.02458163909614086
67.3,1900,26.39599609375,0.48526233434677124,16.945476531982422,63.46950149536133,13091.017850712904,1075.52099609375,665.2404174804688,61.85285449028015,0.03967888280749321,0.024542521685361862
67.4,1900,26.497806549072266,0.48625802993774414,16.94518280029297,63.58370590209961,13096.472093721159,1077.4375,666.8831176757812,61.89529299736023,0.03973380848765373,0.024593356996774673
67.5,1900,26.48402976989746,0.4869045615196228,16.945024490356445,63.73094940185547,13098.875737466193,1079.9224853515625,667.8923950195312,61.84632182121277,0.03965314105153084,0.024524008855223656
67.6,1900,26.390277862548828,0.48592618107795715,16.947406768798828,63.69253158569336,13112.44664943501,1079.4232177734375,667.2409057617188,61.814576387405396,0.039551351219415665,0.024448499083518982
67.7,1900,26.234024047851562,0.48425549268722534,16.949743270874023,63.51579666137695,13130.128934579745,1076.576416015625,665.843505859375,61.84822916984558,0.039399683475494385,0.024368008598685265
67.8,1900,26.04542350769043,0.48165425658226013,16.951923370361328,63.202274322509766,13149.55391972391,1071.400146484375,663.2466430664062,61.90466284751892,0.039269592612981796,0.024309707805514336
67.9,1900,25.99105453491211,0.47972559928894043,16.95128059387207,62.929664611816406,13155.058287213753,1066.7384033203125,660.8673095703125,61.952143907547,0.03932870179414749,0.024364974349737167
68,1900,25.95835304260254,0.4784705638885498,16.9497127532959,62.8266487121582,13148.670330025201,1064.8936767578125,658.818359375,61.86705231666565,0.03940138220787048,0.02437647432088852
68.1,1900,25.924379348754883,0.47753405570983887,16.94968032836914,62.69708251953125,13144.665034240554,1062.695556640625,657.3285522460938,61.854833364486694,0.03943900018930435,0.02439492754638195
68.2,1900,25.953418731689453,0.4769778251647949,16.948951721191406,62.63842010498047,13138.538190630514,1061.655517578125,656.2568359375,61.814481019973755,0.03954765200614929,0.02444617636501789
68.3,1900,26.10700798034668,0.47775188088417053,16.947275161743164,62.686275482177734,13126.754274714625,1062.361572265625,656.7322998046875,61.81815266609192,0.03975289314985275,0.024574503302574158
68.4,1900,26.30327606201172,0.4798036813735962,16.944639205932617,62.8948974609375,13108.815538733854,1065.7313232421875,658.6514282226562,61.80276274681091,0.039935044944286346,0.024680962786078453
68.5,1900,26.463491439819336,0.48310258984565735,16.941164016723633,63.33086395263672,13082.866211183791,1072.8985595703125,661.8672485351562,61.6896390914917,0.03998308256268501,0.02466541901230812
68.6,1900,26.605152130126953,0.48593655228614807,16.93927001953125,63.909305572509766,13060.938499017031,1082.5770263671875,664.634033203125,61.39369606971741,0.04002977907657623,0.02457576058804989
68.7,1900,26.742713928222656,0.4883115887641907,16.939924240112305,64.38575744628906,13055.479593266304,1090.6898193359375,667.6033325195312,61.20927333831787,0.04005778953433037,0.02451908215880394
68.8,1900,26.882801055908203,0.4913592040538788,16.94034767150879,64.7999496459961,13056.719882764226,1097.733642578125,671.833740234375,61.2018883228302,0.04001406952738762,0.02448936551809311
68.9,1900,26.94623374938965,0.4938400685787201,16.9412899017334,65.16790771484375,13062.106516006615,1104.0284423828125,675.50439453125,61.18541359901428,0.03989053890109062,0.024407193064689636
69,1900,26.833234786987305,0.4940928518772125,16.94447135925293,65.2926025390625,13081.790283358054,1106.3486328125,676.8685913085938,61.18040680885315,0.039643194526433945,0.02425386942923069
69.1,1900,26.790430068969727,0.4928085207939148,16.947031021118164,65.2129898071289,13104.69484007299,1105.16650390625,676.2911987304688,61.19359731674194,0.0396137498319149,0.02424107864499092
69.2,1900,26.68402099609375,0.49150314927101135,16.94866371154785,65.08919525146484,13122.998435652304,1103.1749267578125,675.44189453125,61.22709512710571,0.03950601816177368,0.024188386276364326
69.3,1900,26.585512161254883,0.48888254165649414,16.951133728027344,64.7848129272461,13143.500514307823,1098.176025390625,672.8901977539062,61.27343773841858,0.03950943797826767,0.024208789691329002
69.4,1900,26.550464630126953,0.48696619272232056,16.950687408447266,64.53854370117188,13151.491289221605,1093.97265625,670.6600341796875,61.3050103187561,0.0395885594189167,0.024269768968224525
69.5,1900,26.373332977294922,0.4847296476364136,16.95156478881836,64.27771759033203,13158.743019453354,1089.60791015625,667.9479370117188,61.30167841911316,0.039484113454818726,0.024204425513744354
69.6,1900,26.279823303222656,0.4828667640686035,16.952024459838867,63.95587158203125,13164.885016976434,1084.1815185546875,665.6914672851562,61.40037178993225,0.03947748243808746,0.024239320307970047
69.7,1900,26.3542537689209,0.4831418991088867,16.948856353759766,63.876670837402344,13150.59837403795,1082.636474609375,665.3479614257812,61.456263065338135,0.03960973024368286,0.02434266172349453
69.8,1900,26.383769989013672,0.48456627130508423,16.947311401367188,63.899051666259766,13134.306751835908,1082.9171142578125,666.4827880859375,61.54513359069824,0.03958657383918762,0.02436360903084278
69.9,1900,26.41114044189453,0.4858282804489136,16.94636344909668,63.98141098022461,13122.511179063835,1084.252197265625,667.6184692382812,61.574095487594604,0.0395602285861969,0.024358851835131645
70,1900,26.425146102905273,0.4862698018550873,16.946617126464844,64.03302764892578,13118.490729366149,1085.1431884765625,668.0205078125,61.56058311462402,0.03955738618969917,0.024351758882403374
70.1,1900,26.37139320373535,0.4856761395931244,16.94727325439453,64.07353973388672,13119.594633646726,1085.871826171875,667.2611083984375,61.44934296607971,0.039521850645542145,0.024285918101668358
70.2,1900,26.307592391967773,0.4844580590724945,16.948322296142578,64.01628875732422,13125.66902140394,1084.96875,665.895751953125,61.37465238571167,0.039507072418928146,0.02424732781946659
70.3,1900,26.24992561340332,0.48346155881881714,16.94873046875,63.91632843017578,13130.526433375602,1083.3006591796875,664.77197265625,61.36541962623596,0.03948711231350899,0.024231432005763054
70.4,1900,26.158859252929688,0.48263925313949585,16.94901466369629,63.8343505859375,13132.665466485272,1081.9293212890625,663.7493896484375,61.34868264198303,0.03941074758768082,0.024177974089980125
70.5,1900,26.082374572753906,0.4807339310646057,16.950578689575195,63.6429557800293,13143.041234174194,1078.784912109375,661.6514282226562,61.33302450180054,0.03942011296749115,0.02417754754424095
70.6,1900,26.08138084411621,0.47941118478775024,16.950672149658203,63.45610046386719,13145.689671899083,1075.62353515625,659.9638671875,61.35639548301697,0.039519406855106354,0.024247685447335243
70.7,1900,26.073301315307617,0.47932595014572144,16.949697494506836,63.34248352050781,13142.806931364907,1073.635986328125,659.7018432617188,61.445581912994385,0.03952285647392273,0.024285048246383667
70.8,1900,25.981935501098633,0.47921544313430786,16.949674606323242,63.246456146240234,13141.376635111192,1072.0068359375,659.4779663085938,61.518073081970215,0.03939773142337799,0.02423672564327717
70.9,1900,26.0327205657959,0.47934386134147644,16.94863510131836,63.181304931640625,13136.741869092637,1070.8369140625,659.4220581054688,61.58006191253662,0.039478085935115814,0.024310631677508354
71,1950,26.18214988708496,0.4810393750667572,16.94615936279297,63.292144775390625,13120.584300736704,1072.5587158203125,660.9406127929688,61.62278652191162,0.03961347043514252,0.024410923942923546
71.1,1950,26.267772674560547,0.48608553409576416,16.930639266967773,64.26422882080078,13115.183679266895,1088.034423828125,667.5989990234375,61.35826110839844,0.03934663161635399,0.02414240874350071
71.2,1950,26.678842544555664,0.5024911165237427,16.896224975585938,67.74699401855469,13196.322392417684,1144.66845703125,694.4003295898438,60.66388487815857,0.038419973105192184,0.02330704778432846
71.3,1950,27.304101943969727,0.5142856240272522,16.898405075073242,70.80496978759766,13338.182835113883,1196.4910888671875,718.33935546875,60.037171840667725,0.03801003098487854,0.02282014675438404
71.4,1950,27.83384895324707,0.5239802598953247,16.907989501953125,72.94510650634766,13455.310926045575,1233.3551025390625,738.3074951171875,59.86171364784241,0.037699535489082336,0.022567586973309517
71.5,1950,28.170677185058594,0.5299087762832642,16.9160213470459,74.46543884277344,13549.898154175255,1259.658935546875,751.9098510742188,59.69154238700867,0.037465497851371765,0.022363733500242233
71.6,1950,28.385774612426758,0.5338025093078613,16.92131996154785,75.6515884399414,13621.129705255697,1280.124755859375,761.4166259765625,59.47988033294678,0.037280213087797165,0.022174226120114326
71.7,1950,28.51090431213379,0.5361562371253967,16.926027297973633,76.47628784179688,13677.892766441195,1294.439697265625,767.9609985351562,59.32767391204834,0.03712545707821846,0.02202567085623741
71.8,1950,28.590118408203125,0.5381914377212524,16.929603576660156,77.07158660888672,13725.431757328697,1304.7913818359375,773.555419921875,59.28575396537781,0.036959368735551834,0.021911639720201492
71.9,1950,28.80039405822754,0.5402022004127502,16.930295944213867,77.57758331298828,13750.974260597957,1313.4114990234375,777.8904418945312,59.22671556472778,0.03702371567487717,0.021927930414676666
72,1950,28.969024658203125,0.5429478287696838,16.929798126220703,78.18122863769531,13763.973986613782,1323.5924072265625,782.583251953125,59.12569761276245,0.037017177790403366,0.021886665374040604
72.1,1950,29.113056182861328,0.5449869632720947,16.929710388183594,78.74423217773438,13772.368088751513,1333.1170654296875,786.00146484375,58.95967483520508,0.03703944385051727,0.021838335320353508
72.2,1950,29.191072463989258,0.5464273691177368,16.93091583251953,79.2201156616211,13782.164510688117,1341.2691650390625,788.6394653320312,58.79800319671631,0.03701447322964668,0.021763769909739494
72.3,1950,29.201557159423828,0.547843873500824,16.933271408081055,79.49002838134766,13800.604491484777,1346.0262451171875,791.7417602539062,58.82067680358887,0.0368826799094677,0.021694641560316086
72.4,1950,29.23467445373535,0.5488585829734802,16.934734344482422,79.6762924194336,13816.804024522971,1349.296875,794.1392822265625,58.85578393936157,0.03681303188204765,0.021666599437594414
72.5,1950,29.249792098999023,0.5493808388710022,16.935184478759766,79.84720611572266,13827.190283382459,1352.2271728515625,795.492431640625,58.828312158584595,0.03676941618323326,0.021630827337503433
72.6,1950,29.290815353393555,0.5496909618377686,16.935230255126953,80.03221130371094,13831.622220103422,1355.3638916015625,796.1966552734375,58.744120597839355,0.036788418889045715,0.021611033007502556
72.7,1950,29.39008331298828,0.5504006147384644,16.934249877929688,80.2369613647461,13829.614909468624,1358.7528076171875,797.1088256835938,58.66474509239197,0.03687085583806038,0.021630192175507545
72.8,1950,29.55794906616211,0.5529287457466125,16.93145751953125,80.64022064208984,13818.58402646219,1365.3564453125,800.1314086914062,58.60238075256348,0.036941368132829666,0.021648522466421127
72.9,1950,29.628887176513672,0.5549835562705994,16.93097686767578,81.07501220703125,13812.041033086398,1372.67919921875,802.724609375,58.47867727279663,0.03691039979457855,0.021584713831543922
73,1950,29.65972900390625,0.5558034777641296,16.932811737060547,81.34049987792969,13819.427982849875,1377.3233642578125,804.3405151367188,58.398813009262085,0.036874592304229736,0.021534325554966927
73.1,1950,29.655750274658203,0.5556135177612305,16.93476676940918,81.44076538085938,13830.576600103763,1379.180419921875,804.7142944335938,58.34728479385376,0.03685251995921135,0.02150244452059269
73.2,1950,29.692031860351562,0.5556620955467224,16.934654235839844,81.56462860107422,13836.420182108544,1381.268798828125,805.1246948242188,58.288776874542236,0.036878801882267,0.021496200934052467
73.3,1950,29.607688903808594,0.5547845959663391,16.935766220092773,81.62026977539062,13844.343347256463,1382.3017578125,804.3135375976562,58.18653702735901,0.03681112825870514,0.021419120952486992
73.4,1950,29.51677131652832,0.5534605383872986,16.938369750976562,81.49446868896484,13861.175847585419,1380.3834228515625,803.3695068359375,58.1990122795105,0.036741212010383606,0.021383022889494896
73.5,1950,29.54313850402832,0.5533778071403503,16.938167572021484,81.39039611816406,13868.501016011123,1378.6041259765625,803.6739501953125,58.29620361328125,0.036760106682777405,0.021429747343063354
73.6,1950,29.617107391357422,0.554150402545929,16.935771942138672,81.48341369628906,13859.867948321633,1379.9844970703125,804.2949829101562,58.28289985656738,0.036823686212301254,0.021461913362145424
73.7,1950,29.617141723632812,0.5545393824577332,16.935705184936523,81.56974792480469,13855.695959493562,1381.441162109375,804.6173095703125,58.244770765304565,0.03680897876620293,0.021439306437969208
73.8,1950,29.58331871032715,0.5544270277023315,16.93686866760254,81.572021484375,13859.200010462318,1381.5745849609375,804.65771484375,58.24207067489624,0.036765098571777344,0.02141275443136692
73.9,1950,29.50478744506836,0.5533387660980225,16.938295364379883,81.506103515625,13867.41576270044,1380.574462890625,803.5543212890625,58.204346895217896,0.03671785071492195,0.0213713850826025
74,1950,29.34319496154785,0.5507560968399048,16.941410064697266,81.20475769042969,13885.00945573818,1375.72314453125,800.8185424804688,58.21073651313782,0.03664150461554527,0.02132928930222988
74.1,1950,29.2899227142334,0.5489627122879028,16.941734313964844,80.89888000488281,13890.799416204518,1370.5673828125,798.543701171875,58.263736963272095,0.03667917102575302,0.021370654925704002
74.2,1950,29.308168411254883,0.5491661429405212,16.93836784362793,80.86454772949219,13880.080936943801,1369.7135009765625,798.2232666015625,58.2766592502594,0.036716755479574203,0.021397298201918602
74.3,1950,29.19581413269043,0.5486807227134705,16.94016456604004,80.7342758178711,13881.588168448327,1367.6519775390625,797.6043090820312,58.319246768951416,0.0366043858230114,0.021347401663661003
74.4,1950,29.286346435546875,0.5486340522766113,16.938976287841797,80.63921356201172,13878.842978817114,1365.9456787109375,797.3787231445312,58.37557911872864,0.036728277802467346,0.02144034393131733
74.5,1950,29.39910316467285,0.550243079662323,16.936017990112305,80.78108215332031,13864.379151664642,1368.10986328125,798.8838500976562,58.39325189590454,0.03680022433400154,0.021488847211003304
74.6,1950,29.410133361816406,0.5508484244346619,16.93515396118164,80.98027801513672,13851.225555147194,1371.4134521484375,799.0039672851562,58.2613468170166,0.03680849447846413,0.021445125341415405
74.7,1950,29.4255428314209,0.5504292249679565,16.93611717224121,81.06818389892578,13850.821062237626,1372.980224609375,798.3726196289062,58.14887881278992,0.03685690462589264,0.021431876346468925
74.8,1950,29.553897857666016,0.5516322255134583,16.934616088867188,81.251220703125,13844.116038560884,1375.958251953125,799.7301635742188,58.121687173843384,0.036954838782548904,0.021478775888681412
74.9,1950,29.558378219604492,0.5529699325561523,16.93460464477539,81.4726333618164,13837.908762643177,1379.706787109375,801.31005859375,58.078283071517944,0.03688756749033928,0.021423665806651115
75,1950,29.51488494873047,0.5529739856719971,16.93598747253418,81.5451431274414,13844.680230400165,1381.0474853515625,801.7080688476562,58.050721883773804,0.03681500256061554,0.021371375769376755
75.1,1950,29.469127655029297,0.5530579090118408,16.937145233154297,81.54235076904297,13851.482005983231,1381.0946044921875,802.2236328125,58.08607339859009,0.03673430532217026,0.021337514743208885
75.2,1950,29.428924560546875,0.5540304183959961,16.936086654663086,81.61007690429688,13851.50415400998,1382.1552734375,803.6356201171875,58.143651485443115,0.03661973774433136,0.021292053163051605
75.3,1950,29.32864761352539,0.5541763305664062,16.937847137451172,81.5879898071289,13860.777183103944,1381.9249267578125,804.3853759765625,58.20760726928711,0.036460939794778824,0.02122304029762745
75.4,1950,29.265613555908203,0.5534824132919312,16.93927764892578,81.43919372558594,13870.24721306741,1379.5211181640625,803.9270629882812,58.27580690383911,0.03640332072973251,0.021214328706264496
75.5,1950,29.298141479492188,0.55307537317276,16.938459396362305,81.3631362915039,13872.399068718882,1378.1661376953125,803.46044921875,58.299243450164795,0.03646494448184967,0.02125878632068634
75.6,1950,29.285146713256836,0.5528596639633179,16.937829971313477,81.35163879394531,13869.984933803282,1377.920166015625,803.00732421875,58.276766538619995,0.036469340324401855,0.021253151819109917
75.7,1950,29.341957092285156,0.5523310899734497,16.937578201293945,81.35749816894531,13866.624262165582,1377.9990234375,802.0452270507812,58.20361375808716,0.03658391907811165,0.021293163299560547
75.8,1950,29.456619262695312,0.5527896285057068,16.9357852935791,81.48216247558594,13857.979537619907,1379.96435546875,802.2106323242188,58.13270807266235,0.03671930730342865,0.021345926448702812
75.9,1950,29.55682373046875,0.5537547469139099,16.933732986450195,81.68753051757812,13844.490223644374,1383.2747802734375,802.8289794921875,58.03828835487366,0.036815840750932693,0.021367281675338745
76,2000,29.554847717285156,0.5542358756065369,16.93288230895996,81.96094512939453,13835.962067660534,1387.8350830078125,803.0315551757812,57.86217451095581,0.036804091185331345,0.02129564806818962
76.1,2000,29.53763198852539,0.5609608888626099,16.909374237060547,83.5631332397461,13857.223007653598,1413.000244140625,814.0243530273438,57.609641551971436,0.03628592938184738,0.020904194563627243
76.2,2000,29.842790603637695,0.5762001276016235,16.8712100982666,87.6071548461914,13972.843867080765,1478.0386962890625,843.1149291992188,57.0428192615509,0.035395875573158264,0.020190805196762085
76.3,2000,30.324237823486328,0.5909587144851685,16.855318069458008,92.19747161865234,14156.977898726385,1554.0177001953125,876.1052856445312,56.37679100036621,0.03461254760622978,0.0195134449750185
76.4,2000,30.837608337402344,0.5985995531082153,16.869604110717773,95.11783599853516,14319.043170245424,1604.6002197265625,897.592041015625,55.93867301940918,0.034355927258729935,0.01921824924647808
76.5,2000,31.312183380126953,0.6024935841560364,16.8839111328125,96.89714813232422,14426.97633301958,1636.0028076171875,910.240966796875,55.63810467720032,0.034399885684251785,0.019139442592859268
76.6,2000,31.721317291259766,0.6081843376159668,16.89036750793457,98.27467346191406,14473.37411768672,1659.8953857421875,921.7935180664062,55.53323030471802,0.03441260755062103,0.019110431894659996
76.7,2000,31.80411148071289,0.6122292280197144,16.89813232421875,99.09452819824219,14505.981841488792,1674.512451171875,930.0147094726562,55.53942918777466,0.034197431057691574,0.018993057310581207
76.8,2000,31.791383743286133,0.6107911467552185,16.88665199279785,99.18109893798828,14532.526834389831,1674.836669921875,929.5280151367188,55.499619245529175,0.034201640635728836,0.018981780856847763
76.9,2000,31.757911682128906,0.6081774234771729,16.864023208618164,99.03524017333984,14538.414712448111,1670.132568359375,925.9253540039062,55.440229177474976,0.03429856523871422,0.019015204161405563
77,2000,31.781484603881836,0.6078845858573914,16.83660316467285,99.00363159179688,14528.894558003058,1666.8848876953125,924.8734741210938,55.48514723777771,0.03436306118965149,0.019066395238041878
77.1,2000,31.799867630004883,0.6078826189041138,16.814685821533203,98.96937561035156,14511.65873045015,1664.138916015625,923.7733154296875,55.51058650016785,0.034423887729644775,0.019108900800347328
77.2,2000,31.875160217285156,0.608415961265564,16.78897476196289,98.94471740722656,14492.0122650385,1661.180419921875,923.33203125,55.582886934280396,0.034521881490945816,0.019188258796930313
77.3,2000,31.881671905517578,0.6090560555458069,16.772186279296875,98.93368530273438,14475.660027184302,1659.334228515625,923.260498046875,55.6404173374176,0.0345316119492054,0.019213533028960228
77.4,2000,31.82663917541504,0.6081163883209229,16.7640323638916,98.94087219238281,14466.71688712033,1658.64794921875,921.2665405273438,55.54322600364685,0.034546613693237305,0.019188301637768745
77.5,2000,31.71234703063965,0.6071259379386902,16.77593994140625,98.93276977539062,14476.900316682226,1659.690185546875,920.4135131835938,55.45694828033447,0.034454457461833954,0.019107390195131302
77.6,2000,31.593505859375,0.6066503524780273,16.802711486816406,98.92977142333984,14501.425176406667,1662.2884521484375,921.2505493164062,55.42061924934387,0.03429415076971054,0.0190060306340456
77.7,2000,31.580934524536133,0.6073801517486572,16.829116821289062,98.92372131347656,14525.364861950697,1664.798828125,923.8814697265625,55.49508333206177,0.03418288379907608,0.018969818949699402
77.8,2000,31.66463851928711,0.6076038479804993,16.84667205810547,98.9285888671875,14534.585435191835,1666.6175537109375,924.8084106445312,55.49014210700989,0.03423913195729256,0.018999343737959862
77.9,2000,31.816768646240234,0.6059825420379639,16.830867767333984,98.92984008789062,14516.104655398532,1665.0750732421875,921.16796875,55.322909355163574,0.034539595246315,0.019108308479189873
78,2000,31.848140716552734,0.6053054928779602,16.80684471130371,98.92768096923828,14488.685398283731,1662.6622314453125,918.4006958007812,55.2367627620697,0.03467782586812973,0.019154908135533333
78.1,2000,31.829458236694336,0.6050660014152527,16.787067413330078,98.93284606933594,14467.036284979757,1660.7923583984375,916.6655883789062,55.19447326660156,0.034723084419965744,0.019165225327014923
78.2,2000,31.742752075195312,0.6052297949790955,16.780216217041016,98.9373550415039,14457.068507257256,1660.190185546875,916.281982421875,55.1913857460022,0.03464299440383911,0.019119948148727417
78.3,2000,31.681283950805664,0.6064739227294922,16.786762237548828,98.93895721435547,14460.180887858247,1660.86474609375,918.3632202148438,55.294281244277954,0.03449755534529686,0.019075173884630203
78.4,2000,31.635595321655273,0.6075088977813721,16.7995548248291,98.93319702148438,14466.339204979984,1662.03369140625,920.3222045898438,55.37325739860535,0.034374479204416275,0.019034268334507942
78.5,2000,31.65535545349121,0.6079264283180237,16.804271697998047,98.9201431274414,14470.206949861666,1662.281005859375,921.2009887695312,55.41788339614868,0.03436313569545746,0.019043324515223503
78.6,2000,31.766691207885742,0.6080701947212219,16.791728973388672,98.91851806640625,14454.295341171204,1661.012939453125,920.4056396484375,55.41231036186218,0.034513793885707855,0.019124891608953476
78.7,2000,31.72272300720215,0.6079580187797546,16.78803825378418,98.92994689941406,14446.057440906334,1660.8397216796875,919.7113647460938,55.37628531455994,0.034492041915655136,0.019100412726402283
78.8,2000,31.706708908081055,0.606952428817749,16.797056198120117,98.94709777832031,14451.027924382972,1662.02001953125,918.5060424804688,55.264443159103394,0.03451986983418465,0.01907721348106861
78.9,2000,31.71851921081543,0.6052458882331848,16.802196502685547,98.94415283203125,14453.91066491715,1662.4791259765625,916.106201171875,55.104827880859375,0.03462319076061249,0.019079048186540604
79,2000,31.816640853881836,0.6040332913398743,16.79908561706543,98.92847442626953,14446.41996913364,1661.907958984375,913.7969970703125,54.984813928604126,0.03481806069612503,0.01914464682340622
79.1,2000,31.904499053955078,0.604276716709137,16.77699851989746,98.93230438232422,14421.722587937682,1659.787109375,912.6024169921875,54.98310327529907,0.03495991230010986,0.019222043454647064
79.2,2000,31.849374771118164,0.6046512126922607,16.75897216796875,98.92476654052734,14395.83620741101,1657.87744140625,911.5289306640625,54.98168468475342,0.034940607845783234,0.01921093463897705
79.3,2000,31.666873931884766,0.6044760346412659,16.764671325683594,98.9361343383789,14400.771720319099,1658.6317138671875,911.5772094726562,54.95958924293518,0.03473855182528496,0.019092166796326637
79.4,2000,31.63543701171875,0.6041369438171387,16.789581298828125,98.93415832519531,14423.462956565878,1661.0631103515625,912.5014038085938,54.93478178977966,0.03466891869902611,0.01904529519379139
79.5,2000,31.552988052368164,0.6036332845687866,16.80681610107422,98.93417358398438,14437.918623919022,1662.7684326171875,912.6544799804688,54.887646436691284,0.03457276523113251,0.018976176157593727
79.6,2000,31.41763687133789,0.6050115823745728,16.839767456054688,98.927490234375,14469.092554410525,1665.9158935546875,916.7134399414062,55.027592182159424,0.03427203744649887,0.018859077244997025
79.7,2000,31.448909759521484,0.6059868335723877,16.871461868286133,98.9231948852539,14499.589221557766,1668.9788818359375,920.1264038085938,55.13110160827637,0.034178901463747025,0.01884320378303528
79.8,2000,31.635822296142578,0.6051235795021057,16.87540626525879,98.91820526123047,14500.365568179588,1669.284912109375,918.8648681640625,55.04541993141174,0.034429244697093964,0.018951721489429474
79.9,2000,31.69624900817871,0.604174017906189,16.86233901977539,98.92604064941406,14481.825338419749,1668.1243896484375,916.2499389648438,54.926955699920654,0.034593451768159866,0.019001130014657974
80,2000,31.71732521057129,0.602826714515686,16.850631713867188,98.931640625,14465.899741501868,1667.0606689453125,913.2013549804688,54.779136180877686,0.034732017666101456,0.0190258976072073
80.1,2000,31.750516891479492,0.6031291484832764,16.83550453186035,98.93451690673828,14448.158006390597,1665.612548828125,912.5389404296875,54.78699207305908,0.03479360044002533,0.01906236633658409
80.2,2000,31.7888126373291,0.6034783124923706,16.812227249145508,98.9326400756836,14421.862470211885,1663.278076171875,911.4054565429688,54.79573607444763,0.034878890961408615,0.01911214552819729
80.3,2000,31.854198455810547,0.6035171151161194,16.787965774536133,98.93347930908203,14394.041051558752,1660.891845703125,909.7057495117188,54.7721266746521,0.03501593694090843,0.019178971648216248
80.4,2000,31.83318519592285,0.6036816835403442,16.768007278442383,98.93051147460938,14370.646906884109,1658.8675537109375,908.4749145507812,54.76476550102234,0.035040248185396194,0.019189709797501564
80.5,2000,31.80964469909668,0.6037590503692627,16.764022827148438,98.93289184570312,14362.418332104186,1658.5133056640625,908.0711059570312,54.752117395401,0.035029906779527664,0.019179614260792732
80.6,1000,31.805927276611328,0.6039944887161255,16.764415740966797,98.93611907958984,14359.818853175268,1658.606201171875,908.2607421875,54.76047992706299,0.035018496215343475,0.0191762987524271
80.7,1000,31.768627166748047,0.6045267581939697,16.772993087768555,98.92940521240234,14362.24581063267,1659.34228515625,909.2147827148438,54.79368567466736,0.034940727055072784,0.019145313650369644
80.8,1000,31.762935638427734,0.6052986979484558,16.771699905395508,98.9157485961914,14359.156743744044,1658.9852294921875,910.1799926757812,54.86366152763367,0.034897420555353165,0.01914600282907486
80.9,1000,31.788318634033203,0.6048740148544312,16.76656723022461,98.91592407226562,14351.773291037423,1658.48046875,909.07373046875,54.813653230667114,0.0349678099155426,0.019167134538292885
81,1000,31.75066375732422,0.6043732762336731,16.757478713989258,98.93161010742188,14339.025353115161,1657.8443603515625,907.5143432617188,54.740625619888306,0.034986402839422226,0.019151775166392326
81.1,1000,31.759613037109375,0.6034884452819824,16.74852180480957,98.93180084228516,14327.992138737489,1656.96142578125,905.4884643554688,54.64752912521362,0.035074565559625626,0.019167382270097733
81.2,1000,31.774951934814453,0.6046379804611206,16.783348083496094,98.92595672607422,14309.986958676473,1660.3087158203125,906.0731811523438,54.57257032394409,0.03506885841488838,0.019137976691126823
81.3,1000,31.299108505249023,0.5776527523994446,17.110939025878906,90.60615539550781,14221.59301823708,1550.3564453125,860.2877197265625,55.48967123031616,0.03638214245438576,0.020188331604003906
81.4,1000,29.76967430114746,0.5277256369590759,17.178564071655273,78.60569763183594,13900.68909299059,1350.3330078125,768.1979370117188,56.8895161151886,0.03875260800123215,0.022046172991394997
81.5,1000,28.184762954711914,0.49530482292175293,17.180234909057617,71.36522674560547,13546.171457253393,1226.0714111328125,702.6155395507812,57.30624794960022,0.040114063769578934,0.022987864911556244
81.6,1000,28.184762954711914,0.49530482292175293,17.180234909057617,71.36522674560547,13546.171457253393,1226.0714111328125,702.6155395507812,57.30624794960022,0.040114063769578934,0.022987864911556244
81.7,1000,28.184762954711914,0.49530482292175293,17.180234909057617,71.36522674560547,13546.171457253393,1226.0714111328125,702.6155395507812,57.30624794960022,0.040114063769578934,0.022987864911556244
81.8,1000,28.184762954711914,0.49530482292175293,17.180234909057617,71.36522674560547,13546.171457253393,1226.0714111328125,702.6155395507812,57.30624794960022,0.040114063769578934,0.022987864911556244
81.9,1000,28.184762954711914,0.49530482292175293,17.180234909057617,71.36522674560547,13546.171457253393,1226.0714111328125,702.6155395507812,57.30624794960022,0.040114063769578934,0.022987864911556244
82,1000,28.184762954711914,0.49530482292175293,17.180234909057617,71.36522674560547,13546.171457253393,1226.0714111328125,702.6155395507812,57.30624794960022,0.040114063769578934,0.022987864911556244
