Time (s),Powertrain 1 - ESC throttle (μs),Powertrain 1 - force Fz (thrust) (N),Powertrain 1 - torque MZ (torque) (N⋅m),Powertrain 1 - voltage (V),Powertrain 1 - current (A),Powertrain 1 - rotation speed (rpm),Powertrain 1 - electrical power (W),Powertrain 1 - mechanical power (W),Powertrain 1 - motor & ESC efficiency (%),Powertrain 1 - propeller efficiency (N/W),Powertrain 1 - powertrain efficiency (N/W)
0,0,0.038341742008924484,0.002885531634092331,16.974973678588867,-0.02994135022163391,0,-0.5082536339759827,0,0,0,-0.07543820887804031
0.1,0,0.03859575465321541,0.002863351022824645,16.974971771240234,-0.017258768901228905,0,-0.2929671108722687,0,0,0,-0.13174091279506683
0.2,0,0.037310753017663956,0.002891713520511985,16.974971771240234,-0.01648055389523506,0,-0.27975693345069885,0,0,0,-0.13336846232414246
0.3,0,0.03633120283484459,0.0028787855990231037,16.974973678588867,-0.00883402582257986,0,-0.14995735883712769,0,0,0,-0.2422768920660019
0.4,0,0.03663022443652153,0.0028580105863511562,16.974958419799805,-0.014600417576730251,0,-0.247841477394104,0,0,0,-0.14779698848724365
0.5,0,0.037587910890579224,0.0028904234059154987,16.97494125366211,-0.027000969275832176,0,-0.4583398699760437,0,0,0,-0.08200881630182266
0.6,0,0.03826023265719414,0.002929022302851081,16.9749698638916,-0.024310393258929253,0,-0.4126681983470917,0,0,0,-0.09271427243947983
0.7,0,-0.010293361730873585,-0.0038134828209877014,16.930408477783203,2.4944956302642822,0,42.23283004760742,0,0,0,-0.00024372890766244382
0.8,0,-0.06176578253507614,0.0118839917704463,16.9285945892334,5.925075054168701,0,100.30319213867188,0,0,0,-0.000615790777374059
0.9,0,-0.07080599665641785,0.006622648797929287,16.990678787231445,5.251922130584717,0,89.23371887207031,0,0,0,-0.0007934892200864851
1,0,-0.056645672768354416,0.007008905988186598,17.0045223236084,2.8549365997314453,0,48.54683303833008,0,0,0,-0.0011668252991512418
1.1,0,-0.054413482546806335,0.006411919370293617,16.994709014892578,1.5713127851486206,0,26.704004287719727,0,0,0,-0.002037652535364032
1.2,0,-0.049828097224235535,0.006098379846662283,16.98679542541504,0.8920620083808899,0,15.153274536132812,0,0,0,-0.003288272535428405
1.3,0,-0.04716556519269943,0.006001502741128206,16.981548309326172,0.5172755122184753,0,8.784138679504395,0,0,0,-0.005369401071220636
1.4,0,-0.046338409185409546,0.005977385211735964,16.978511810302734,0.312199205160141,0,5.30067777633667,0,0,0,-0.008741977624595165
1.5,0,-0.04620123654603958,0.005840421654284,16.976877212524414,0.2139018177986145,0,3.63138484954834,0,0,0,-0.012722759507596493
1.6,0,-0.04717019200325012,0.0058828298933804035,16.97594451904297,0.14568239450454712,0,2.4730961322784424,0,0,0,-0.019073333591222763
1.7,0,-0.041144344955682755,0.0055661811493337154,16.975505828857422,0.11034710705280304,0,1.8731979131698608,0,0,0,-0.02196476049721241
1.8,0,-0.044842202216386795,0.00568400090560317,16.9752254486084,0.0895407646894455,0,1.519974708557129,0,0,0,-0.029501941055059433
1.9,0,-0.04626619443297386,0.00567799573764205,16.975093841552734,0.09561021625995636,0,1.6229923963546753,0,0,0,-0.028506722301244736
2,0,-0.04684872925281525,0.005733715370297432,16.97503089904785,0.10343973338603973,0,1.7558926343917847,0,0,0,-0.02668086066842079
2.1,0,-0.04738377034664154,0.005688176024705172,16.975025177001953,0.08992831408977509,0,1.5265353918075562,0,0,0,-0.031040072441101074
2.2,0,-0.04748154804110527,0.0056982762180268764,16.974966049194336,0.07818584889173508,0,1.3272020816802979,0,0,0,-0.035775672644376755
2.3,0,-0.046725958585739136,0.005731424316763878,16.97492790222168,0.07610520720481873,0,1.2918803691864014,0,0,0,-0.03616895154118538
2.4,0,-0.04678020998835564,0.0057348450645804405,16.97490119934082,0.07983095943927765,0,1.355122685432434,0,0,0,-0.03452101722359657
2.5,0,-0.04690273851156235,0.005733737256377935,16.97488021850586,0.08405445516109467,0,1.426814317703247,0,0,0,-0.03287234902381897
2.6,0,-0.04703420028090477,0.005699125584214926,16.97482681274414,0.09091655164957047,0,1.543292760848999,0,0,0,-0.03047652542591095
2.7,0,-0.04746813699603081,0.0056894500739872456,16.97482681274414,0.08888623118400574,0,1.5088284015655518,0,0,0,-0.03146026283502579
2.8,0,-0.047005027532577515,0.0057732947170734406,16.974885940551758,0.08951593190431595,0,1.519522786140442,0,0,0,-0.03093407303094864
2.9,0,-0.047259844839572906,0.005764801520854235,16.974910736083984,0.09549211710691452,0,1.6209701299667358,0,0,0,-0.02915528416633606
3,0,-0.0480671301484108,0.005781335756182671,16.974870681762695,0.10012777894735336,0,1.6996561288833618,0,0,0,-0.028280504047870636
3.1,0,-0.048557158559560776,0.005773015785962343,16.97486686706543,0.0908040925860405,0,1.5413874387741089,0,0,0,-0.031502243131399155
3.2,0,-0.04838225990533829,0.005743357818573713,16.974828720092773,0.08255176246166229,0,1.4013019800186157,0,0,0,-0.03452664613723755
3.3,0,-0.04789119213819504,0.005686952266842127,16.974811553955078,0.08309764415025711,0,1.410566806793213,0,0,0,-0.033951736986637115
3.4,0,-0.04807647690176964,0.005661836359649897,16.974851608276367,0.08560913056135178,0,1.453202247619629,0,0,0,-0.033083125948905945
3.5,0,-0.047303713858127594,0.005690815392881632,16.974838256835938,0.0825822651386261,0,1.4018205404281616,0,0,0,-0.033744484186172485
3.6,0,-0.047508884221315384,0.005665438249707222,16.9748477935791,0.08200196176767349,0,1.3919708728790283,0,0,0,-0.03413066267967224
3.7,0,-0.04762672260403633,0.0056646098382771015,16.974830627441406,0.06758151203393936,0,1.1471847295761108,0,0,0,-0.041516177356243134
3.8,0,-0.04797562584280968,0.005697200074791908,16.97481346130371,0.07299700379371643,0,1.2391104698181152,0,0,0,-0.03871779516339302
3.9,0,-0.04713824763894081,0.005732089281082153,16.974803924560547,0.07866561412811279,0,1.3353333473205566,0,0,0,-0.03530073165893555
4,0,-0.04650789871811867,0.005702356342226267,16.974828720092773,0.08786587417125702,0,1.49150812625885,0,0,0,-0.03118179365992546
4.1,0,-0.046237338334321976,0.005745133385062218,16.974830627441406,0.09971664845943451,0,1.6926732063293457,0,0,0,-0.02731616422533989
4.2,0,-0.04573756828904152,0.005748196039348841,16.974796295166016,0.09831849485635757,0,1.6689363718032837,0,0,0,-0.02740521915256977
4.3,0,-0.045500900596380234,0.0055381483398377895,16.974746704101562,0.1072075366973877,0,1.819820761680603,0,0,0,-0.02500295639038086
4.4,0,-0.04608818516135216,0.005681219976395369,16.97473907470703,0.0935995951294899,0,1.588828682899475,0,0,0,-0.029007649049162865
4.5,0,-0.04535246267914772,0.005758439190685749,16.974748611450195,0.0926462784409523,0,1.5726473331451416,0,0,0,-0.02883829176425934
4.6,0,-0.045407623052597046,0.005796294193714857,16.97475242614746,0.09789686650037766,0,1.6617751121520996,0,0,0,-0.027324771508574486
4.7,0,-0.04545211046934128,0.005715528503060341,16.974735260009766,0.10545481741428375,0,1.7900675535202026,0,0,0,-0.02539128065109253
4.8,0,-0.045502398163080215,0.005713371094316244,16.974742889404297,0.09567730873823166,0,1.6240977048873901,0,0,0,-0.028017032891511917
4.9,0,-0.04575125873088837,0.005676702130585909,16.97473907470703,0.07338171452283859,0,1.2456355094909668,0,0,0,-0.03672925382852554
5,0,-0.045132968574762344,0.005713379010558128,16.97473907470703,0.07968755811452866,0,1.3526755571365356,0,0,0,-0.033365704119205475
5.1,0,-0.0452493280172348,0.005710483528673649,16.9747314453125,0.08728226274251938,0,1.4815930128097534,0,0,0,-0.03054099716246128
5.2,0,-0.04504337161779404,0.005713833030313253,16.97474479675293,0.07899551093578339,0,1.3409286737442017,0,0,0,-0.03359117731451988
5.3,0,-0.04501993954181671,0.005734524689614773,16.97473907470703,0.07913342118263245,0,1.3432692289352417,0,0,0,-0.03351520374417305
5.4,0,-0.04523587226867676,0.005722417030483484,16.974773406982422,0.0731382817029953,0,1.241505742073059,0,0,0,-0.0364362969994545
5.5,0,-0.044314123690128326,0.005756455939263105,16.974750518798828,0.08417990803718567,0,1.4289329051971436,0,0,0,-0.03101203963160515
5.6,0,-0.044525232166051865,0.005769576411694288,16.97477149963379,0.08022142201662064,0,1.3617403507232666,0,0,0,-0.03269730135798454
5.7,0,-0.04524277150630951,0.005750627722591162,16.97475814819336,0.08246668428182602,0,1.3998520374298096,0,0,0,-0.032319679856300354
5.8,0,-0.04503652825951576,0.005724122282117605,16.974760055541992,0.07486028969287872,0,1.270735502243042,0,0,0,-0.035441309213638306
5.9,0,-0.04509953409433365,0.005769975949078798,16.974782943725586,0.0705074667930603,9.236447739135318,1.19684898853302,0.005580943077802658,0.4663030616939068,-5,-0.03768189251422882
6,0,-0.04456812143325806,0.005762743763625622,16.974760055541992,0.06994809210300446,105.2653910604569,1.1873520612716675,0.06352483481168747,5.350125953555107,-0.7015858292579651,-0.03753572702407837
6.1,0,-0.04493705555796623,0.005771207623183727,16.97474479675293,0.06839816272258759,201.29432641322447,1.1610413789749146,0.12165413051843643,10.47801822423935,-0.36938372254371643,-0.038704097270965576
6.2,0,-0.04501359909772873,0.0057324632070958614,16.974733352661133,0.0681416317820549,297.32327087291094,1.1566860675811768,0.17848379909992218,15.430617332458496,-0.2521999180316925,-0.038916002959012985
6.3,0,-0.04445846006274223,0.005739633459597826,16.974746704101562,0.06765390932559967,393.3522335464352,1.1484079360961914,0.23642554879188538,20.587243139743805,-0.1880442351102829,-0.03871312364935875
6.4,0,-0.043564677238464355,0.0057436698116362095,16.974803924560547,0.0749555230140686,489.3811597922838,1.272355318069458,0.29435086250305176,23.134329915046692,-0.1480025351047516,-0.03423939645290375
6.5,0,-0.04334181919693947,0.00574773782864213,16.974821090698242,0.07003667950630188,585.4100860381325,1.1888600587844849,0.3523593246936798,29.638418555259705,-0.12300460040569305,-0.03645661845803261
6.6,0,-0.043297793716192245,0.0057933516800403595,16.97480010986328,0.08092112839221954,681.4390487116567,1.3736200332641602,0.41341432929039,30.09670376777649,-0.1047322005033493,-0.031520940363407135
6.7,0,-0.037404805421829224,0.006252076476812363,16.974700927734375,0.08786050975322723,777.468011385181,1.4914058446884155,0.5090206861495972,34.13025736808777,-0.07348386198282242,-0.025080231949687004
6.8,0,-0.011790938675403595,0.02323250286281109,16.97356414794922,0.13941682875156403,873.496901203354,2.3664004802703857,2.1251323223114014,89.8044228553772,-0.005548331420868635,-0.004982647020369768
6.9,0,0.03595535457134247,0.03409961611032486,16.972200393676758,0.32993581891059875,969.5258638768782,5.59973669052124,3.462083339691162,61.825817823410034,0.010385467670857906,0.006420900579541922
7,0,0.10750028491020203,0.03622853755950928,16.97259521484375,0.5197458863258362,1118.6991624444377,8.821436882019043,4.24416971206665,48.11200201511383,0.02532893233001232,0.012186256237328053
7.1,0,0.19406992197036743,0.027225634083151817,16.974586486816406,0.5219734311103821,1293.6608510913775,8.860282897949219,3.688307046890259,41.627416014671326,0.05261761695146561,0.021903354674577713
7.2,0,0.23047015070915222,0.01932809315621853,16.975223541259766,0.5048230886459351,1399.582769041775,8.56948471069336,2.8328020572662354,33.05685222148895,0.08135766535997391,0.026894282549619675
7.3,0,0.2610439658164978,0.01422664150595665,16.975330352783203,0.48233965039253235,1445.9282435667906,8.187874794006348,2.1541590690612793,26.30913257598877,0.12118138372898102,0.031881771981716156
7.4,0,0.25622424483299255,0.01192698534578085,16.975189208984375,0.46587350964546204,1459.385646898521,7.908290863037109,1.8227595090866089,23.04871529340744,0.14056941866874695,0.03239944577217102
7.5,0,0.2661374509334564,0.010595141910016537,16.975067138671875,0.44525501132011414,1458.7793446662774,7.558233737945557,1.6185458898544312,21.414339542388916,0.16442997753620148,0.03521159291267395
7.6,0,0.2602737247943878,0.010319279506802559,16.974956512451172,0.4423926770687103,1454.0352956210022,7.509596347808838,1.5712777376174927,20.923596620559692,0.16564464569091797,0.03465881571173668
7.7,0,0.2599889039993286,0.010341530665755272,16.974885940551758,0.4456351399421692,1449.007839259766,7.564605712890625,1.5692212581634521,20.744256675243378,0.16568021476268768,0.034369129687547684
7.8,0,0.2677461802959442,0.010129181668162346,16.974843978881836,0.4308677613735199,1445.1296032075193,7.313912868499756,1.5328856706619263,20.958489179611206,0.1746680587530136,0.036607787013053894
7.9,0,0.25625336170196533,0.010413436219096184,16.974809646606445,0.41925105452537537,1442.6060395544964,7.116706848144531,1.5731511116027832,22.1050426363945,0.16289177536964417,0.03600729629397392
8,0,0.2707473337650299,0.010124439373612404,16.974882125854492,0.42098119854927063,1441.1139619630098,7.146106243133545,1.527910590171814,21.381022036075592,0.1772010326385498,0.037887394428253174
8.1,0,0.26196998357772827,0.01040143147110939,16.974872589111328,0.42336195707321167,1440.3434437692813,7.1865153312683105,1.5688730478286743,21.830789744853973,0.16697973012924194,0.036452993750572205
8.2,0,0.26484379172325134,0.010390561074018478,16.974872589111328,0.4360942244529724,1439.9578932510124,7.40264368057251,1.5668138265609741,21.165598928928375,0.16903334856033325,0.03577692061662674
8.3,0,0.2709518373012543,0.010188023559749126,16.974937438964844,0.431296169757843,1439.6994024651435,7.321225643157959,1.5359970331192017,20.980054140090942,0.1764012724161148,0.03700908273458481
8.4,0,0.2584742307662964,0.010397287085652351,16.974924087524414,0.4370909035205841,1439.6274213782103,7.41958475112915,1.567468285560608,21.126091480255127,0.16489917039871216,0.034836750477552414
8.5,0,0.27223432064056396,0.010028106160461903,16.97494125366211,0.4473901391029358,1439.3702419886622,7.59442138671875,1.511541485786438,19.903312623500824,0.18010377883911133,0.03584661707282066
8.6,0,0.26183292269706726,0.0103201474994421,16.974891662597656,0.45814695954322815,1439.2705758682935,7.7769951820373535,1.5554533004760742,20.000697672367096,0.16833223402500153,0.03366762027144432
8.7,0,0.2643052935600281,0.010339099913835526,16.97491455078125,0.4589636027812958,1439.3689305923415,7.790867805480957,1.5584162473678589,20.003114640712738,0.16959865391254425,0.03392501175403595
8.8,0,0.2683665156364441,0.010280412621796131,16.974971771240234,0.4519152045249939,1439.247116445224,7.671247959136963,1.5494391918182373,20.19800692796707,0.17320235073566437,0.034983422607183456
8.9,0,0.2576671242713928,0.010558819398283958,16.974950790405273,0.44290757179260254,1439.3648506926775,7.51833438873291,1.591530203819275,21.168653666973114,0.16189898550510406,0.034271836280822754
9,0,0.27054303884506226,0.01010022684931755,16.974979400634766,0.4449152946472168,1439.3974898899912,7.552427768707275,1.522441029548645,20.158299803733826,0.17770345509052277,0.03582199662923813
9.1,0,0.26064783334732056,0.010331699624657631,16.974884033203125,0.45035797357559204,1439.21637148704,7.644774436950684,1.557135820388794,20.368629693984985,0.16738927364349365,0.034094903618097305
9.2,0,0.2636408805847168,0.010364435613155365,16.974821090698242,0.4499582350254059,1439.1875207679861,7.637960433959961,1.5620381832122803,20.450985431671143,0.16878004372119904,0.034517183899879456
9.3,0,0.26837509870529175,0.0102144256234169,16.974864959716797,0.4345298409461975,1439.305692147546,7.37608528137207,1.5395563840866089,20.872269570827484,0.17431975901126862,0.03638448938727379
9.4,0,0.25720906257629395,0.010416252538561821,16.97483253479004,0.415846049785614,1439.3214289033938,7.058917045593262,1.5699937343597412,22.24128246307373,0.16382808983325958,0.036437466740608215
9.5,0,0.27104583382606506,0.01001211628317833,16.974876403808594,0.4137115180492401,1439.3285687278062,7.022701740264893,1.5090875625610352,21.488703787326813,0.17960907518863678,0.03859566152095795
9.6,0,0.26144173741340637,0.01033090241253376,16.974855422973633,0.4328700304031372,1439.475299405016,7.347906112670898,1.5572956800460815,21.1937353014946,0.16788187623023987,0.03558044135570526
9.7,0,0.2645980715751648,0.010385208763182163,16.97479820251465,0.4264774024486542,1439.3728647813034,7.239367961883545,1.5653705596923828,21.623028814792633,0.1690322309732437,0.0365498848259449
9.8,0,0.26978400349617004,0.010254443623125553,16.97478485107422,0.4209718406200409,1439.273927214446,7.145906448364258,1.5455539226531982,21.628522872924805,0.17455488443374634,0.037753645330667496
9.9,0,0.2589070498943329,0.010460815392434597,16.974760055541992,0.4300019145011902,1439.3489682261275,7.299179553985596,1.5767406225204468,21.601614356040955,0.1642039567232132,0.03547070547938347
10,0,0.2723443806171417,0.010042564012110233,16.974807739257812,0.4303377568721771,1439.1952434352077,7.304900646209717,1.5135366916656494,20.719468593597412,0.17993907630443573,0.03728242218494415
10.1,0,0.2619411051273346,0.010348335839807987,16.974796295166016,0.43755313754081726,1439.2657674151178,7.427375316619873,1.5596965551376343,20.999297499656677,0.16794362664222717,0.03526698052883148
10.2,0,0.26508721709251404,0.010344957001507282,16.974794387817383,0.4333166182041168,1439.413809488648,7.3554606437683105,1.5593477487564087,21.199865639209747,0.16999877989292145,0.03603951260447502
10.3,0,0.26928943395614624,0.010219941847026348,16.974824905395508,0.42527085542678833,1439.410312431793,7.218898296356201,1.5404998064041138,21.339818835258484,0.17480653524398804,0.03730339929461479
10.4,0,0.25829416513442993,0.010475173592567444,16.97479248046875,0.42782971262931824,1439.3518824401733,7.262320518493652,1.5789079666137695,21.741095185279846,0.16359038650989532,0.03556634113192558
10.5,0,0.27292340993881226,0.010090452618896961,16.97484016418457,0.42621445655822754,1439.162167105787,7.234922409057617,1.520719051361084,21.01914882659912,0.1794699728488922,0.03772306069731712
10.6,0,0.26213160157203674,0.010418139398097992,16.97478675842285,0.43832334876060486,1439.1143739954346,7.440445423126221,1.570052146911621,21.101589500904083,0.16695725917816162,0.03523063287138939
10.7,0,0.2654837369918823,0.01037978008389473,16.974815368652344,0.4408404529094696,1439.2329825071017,7.483185291290283,1.5644001960754395,20.905539393424988,0.16970320045948029,0.03547737002372742
10.8,0,0.2693115472793579,0.010308596305549145,16.974838256835938,0.4344813823699951,1439.4557741709086,7.375251293182373,1.5539121627807617,21.069277822971344,0.17331194877624512,0.036515574902296066
10.9,0,0.2593673765659332,0.01046064030379057,16.974834442138672,0.4225355088710785,1439.5163898230628,7.1724700927734375,1.5768976211547852,21.98541909456253,0.16447952389717102,0.03616151213645935
11,0,0.2722974419593811,0.010083152912557125,16.974868774414062,0.4309029281139374,1439.5112899484825,7.314520835876465,1.5199875831604004,20.78041285276413,0.17914451658725739,0.03722697123885155
11.1,0,0.26140305399894714,0.010348774492740631,16.97478675842285,0.4313255846500397,1439.4382888866332,7.321660041809082,1.5599496364593506,21.305957436561584,0.16757147014141083,0.03570270538330078
11.2,0,0.26470598578453064,0.0103271109983325,16.974777221679688,0.43987181782722473,1439.1059227747016,7.466726303100586,1.5563247203826904,20.843468606472015,0.17008402943611145,0.035451412200927734
11.3,0,0.26986801624298096,0.010251497849822044,16.974782943725586,0.4425983428955078,1439.184023711131,7.5130109786987305,1.545013427734375,20.564505457878113,0.17467033863067627,0.03592008724808693
11.4,0,0.257982462644577,0.010457352735102177,16.974782943725586,0.44646406173706055,1439.4218235772742,7.578630447387695,1.576298475265503,20.79925239086151,0.16366346180438995,0.034040775150060654
11.5,0,0.27194517850875854,0.010105686262249947,16.974870681762695,0.44733157753944397,1439.2602304084305,7.593395709991455,1.5231187343597412,20.058466494083405,0.17854496836662292,0.035813380032777786
11.6,0,0.26156866550445557,0.010376010090112686,16.974817276000977,0.4562680423259735,1439.3494053582342,7.7450666427612305,1.5639585256576538,20.192964375019073,0.16724783182144165,0.033772293478250504
11.7,0,0.2708629071712494,0.015401781536638737,16.97344398498535,0.5382695198059082,1455.985196239095,9.136287689208984,2.348315954208374,25.703173875808716,0.11534346640110016,0.02964693307876587
11.8,0,0.3324517607688904,0.02983848564326763,16.970685958862305,0.8330496549606323,1608.2635170171802,14.13742446899414,5.0253071784973145,35.54612994194031,0.06615550816059113,0.023515723645687103
11.9,0,0.48821890354156494,0.04301995784044266,16.969219207763672,1.2396643161773682,1917.433942250775,21.036134719848633,8.638115882873535,41.06322526931763,0.05651914328336716,0.023208582773804665
12,0,0.7430005669593811,0.04809276759624481,16.971288681030273,1.5480918884277344,2309.672436044229,26.273115158081055,11.63211727142334,44.27384436130524,0.06387492269277573,0.028279881924390793
12.1,0,0.949622392654419,0.04113426432013512,16.975194931030273,1.5128365755081177,2617.064753577735,25.680696487426758,11.273189544677734,43.89752447605133,0.084237240254879,0.036978062242269516
12.2,0,1.0685954093933105,0.03427824750542641,16.97632598876953,1.4115537405014038,2787.787863605656,23.962995529174805,10.007070541381836,41.76051318645477,0.10678403824567795,0.04459356516599655
12.3,0,1.1188795566558838,0.029920749366283417,16.97616958618164,1.3484745025634766,2863.849433045727,22.891931533813477,8.973280906677246,39.19844329357147,0.12469013035297394,0.04887659102678299
12.4,0,1.131197452545166,0.0277570728212595,16.975650787353516,1.3085395097732544,2890.364992384904,22.21331024169922,8.401464462280273,37.821757793426514,0.13464289903640747,0.050924308598041534
12.5,0,1.1317603588104248,0.02675655297935009,16.975311279296875,1.2806224822998047,2894.304135510709,21.73896598815918,8.109665870666504,37.30474412441254,0.13955697417259216,0.05206137150526047
12.6,0,1.1270021200180054,0.02653234265744686,16.97515106201172,1.2730324268341064,2891.364276381233,21.60991859436035,8.033541679382324,37.17525005340576,0.14028708636760712,0.05215207859873772
12.7,0,1.12711763381958,0.026530414819717407,16.975080490112305,1.267343282699585,2887.1989902454684,21.513254165649414,8.021385192871094,37.285783886909485,0.1405140906572342,0.05239177867770195
12.8,0,1.1243712902069092,0.026574231684207916,16.975133895874023,1.2684516906738281,2883.8919401462126,21.532136917114258,8.025429725646973,37.27186918258667,0.14010106027126312,0.05221828445792198
12.9,0,1.1205202341079712,0.026670876890420914,16.97502326965332,1.2739979028701782,2881.777969277337,21.626144409179688,8.048712730407715,37.21751272678375,0.1392173171043396,0.05181322246789932
13,0,1.1179025173187256,0.026664579287171364,16.975027084350586,1.2645893096923828,2880.216241970154,21.46643829345703,8.042451858520508,37.46523559093475,0.13900022208690643,0.052076760679483414
13.1,0,1.1180872917175293,0.026616327464580536,16.975025177001953,1.2677706480026245,2879.1155433250283,21.52043914794922,8.024829864501953,37.289342284202576,0.1393284648656845,0.05195467174053192
13.2,0,1.1220208406448364,0.026690423488616943,16.97508430480957,1.265221357345581,2878.614881351947,21.47723960876465,8.045770645141602,37.46184706687927,0.13945473730564117,0.05224232003092766
13.3,0,1.1232719421386719,0.02673267386853695,16.97511863708496,1.2507604360580444,2878.742232505752,21.231807708740234,8.058863639831543,37.95655965805054,0.13938342034816742,0.05290514975786209
13.4,0,1.1218926906585693,0.02678305096924305,16.975004196166992,1.2508962154388428,2879.117000432051,21.23396873474121,8.075100898742676,38.02916705608368,0.13893233239650726,0.05283480882644653
13.5,0,1.119118332862854,0.026727430522441864,16.9749698638916,1.2541412115097046,2879.0257855324153,21.28900909423828,8.058076858520508,37.85087466239929,0.13888157904148102,0.05256789177656174
13.6,0,1.1188939809799194,0.026690665632486343,16.975013732910156,1.2502094507217407,2878.922913776596,21.222322463989258,8.046704292297363,37.91623115539551,0.1390499621629715,0.0527225024998188
13.7,0,1.1215776205062866,0.026736469939351082,16.975072860717773,1.262930154800415,2878.7058048301787,21.438331604003906,8.059906005859375,37.59576976299286,0.13915517926216125,0.05231646075844765
13.8,0,1.1210309267044067,0.0267303716391325,16.97507667541504,1.2654787302017212,2878.3275398470246,21.481597900390625,8.057008743286133,37.50655949115753,0.1391373574733734,0.05218563973903656
13.9,0,1.1194759607315063,0.026776790618896484,16.974937438964844,1.265502691268921,2878.6105100308787,21.481828689575195,8.071793556213379,37.57498264312744,0.13868986070156097,0.05211269482970238
14,0,1.118624210357666,0.02679307386279106,16.974889755249023,1.2585692405700684,2878.5688367700227,21.36407470703125,8.076584815979004,37.80451714992523,0.1385021209716797,0.052360061556100845
14.1,0,1.1198995113372803,0.026662258431315422,16.974885940551758,1.2421718835830688,2878.543774529228,21.085725784301758,8.037081718444824,38.11621963977814,0.1393415629863739,0.053111735731363297
14.2,0,1.119957685470581,0.02677750587463379,16.974864959716797,1.2413808107376099,2878.508512539273,21.0722713470459,8.071722984313965,38.304951786994934,0.13875076174736023,0.053148407489061356
14.3,0,1.1205651760101318,0.02683849073946476,16.974946975708008,1.254231572151184,2878.758260683004,21.29051399230957,8.090807914733887,38.00193965435028,0.13849854469299316,0.052632130682468414
14.4,0,1.117435097694397,0.026789400726556778,16.974842071533203,1.258734107017517,2878.8894003150685,21.366811752319336,8.076376914978027,37.798699736595154,0.1383584588766098,0.052297696471214294
14.5,0,1.1156384944915771,0.026763983070850372,16.974802017211914,1.253881573677063,2878.691525181354,21.284391403198242,8.068160057067871,37.90646195411682,0.13827669620513916,0.05241580307483673
14.6,0,1.1146107912063599,0.026661595329642296,16.974853515625,1.2535896301269531,2878.71542173653,21.27950096130371,8.037361145019531,37.77044117450714,0.13867869973182678,0.0523795560002327
14.7,0,1.1172949075698853,0.026670346036553383,16.97488784790039,1.266369104385376,2879.1318629236853,21.49647331237793,8.041162490844727,37.40689158439636,0.13894693553447723,0.05197573080658913
14.8,0,1.117911696434021,0.026708511635661125,16.97492218017578,1.2810081243515015,2879.0759100140044,21.745012283325195,8.052513122558594,37.03153729438782,0.13882768154144287,0.05141002684831619
14.9,0,1.1166342496871948,0.026695730164647102,16.974822998046875,1.2783883810043335,2879.1385656159905,21.700416564941406,8.048834800720215,37.090691924095154,0.1387324184179306,0.051456812769174576
15,0,1.1156584024429321,0.026593700051307678,16.974788665771484,1.2563244104385376,2878.9485588601997,21.325841903686523,8.017542839050293,37.59543597698212,0.1391521543264389,0.05231485888361931
15.1,0,1.1158459186553955,0.026522934436798096,16.97481346130371,1.2437645196914673,2878.5717509840683,21.1126708984375,7.995161533355713,37.86902129650116,0.13956515491008759,0.05285195633769035
15.2,0,1.1181656122207642,0.026598403230309486,16.974884033203125,1.2524317502975464,2878.5513514857475,21.259883880615234,8.017854690551758,37.713539600372314,0.13945946097373962,0.052595093846321106
15.3,0,1.1171114444732666,0.0265661608427763,16.97501564025879,1.2463068962097168,2878.5356147299,21.156078338623047,8.00809097290039,37.85243630409241,0.13949783146381378,0.05280333012342453
15.4,0,1.1139413118362427,0.02671312354505062,16.97483253479004,1.2436271905899048,2878.769043274974,21.110363006591797,8.053044319152832,38.14735412597656,0.13832548260688782,0.05276751145720482
15.5,0,1.11222505569458,0.026637546718120575,16.97480010986328,1.2506811618804932,2879.002763241453,21.23006248474121,8.030913352966309,37.82802224159241,0.13849297165870667,0.05238915607333183
15.6,0,1.1119258403778076,0.026585571467876434,16.974903106689453,1.2649378776550293,2878.9211652481686,21.472198486328125,8.015015602111816,37.32741177082062,0.13873033225536346,0.051784444600343704
15.7,0,1.1123762130737305,0.026602083817124367,16.974897384643555,1.260011911392212,2878.6711256830326,21.388572692871094,8.01929759979248,37.493374943733215,0.13871242105960846,0.052007969468832016
15.8,0,1.1116645336151123,0.026627052575349808,16.974960327148438,1.2611788511276245,2878.455473843638,21.40846061706543,8.026223182678223,37.49089241027832,0.1385040581226349,0.05192641168832779
15.9,0,1.1083952188491821,0.026666834950447083,16.974891662597656,1.2700902223587036,2878.654223241567,21.55964469909668,8.038769721984863,37.28618919849396,0.13788120448589325,0.05141064524650574
16,0,1.1048405170440674,0.026627348735928535,16.974843978881836,1.2717037200927734,2878.682782539216,21.586971282958984,8.026946067810059,37.18421459197998,0.13764144480228424,0.0511808916926384
16.1,0,1.1047857999801636,0.0264726709574461,16.974876403808594,1.275298833847046,2878.9677926729023,21.648040771484375,7.98110818862915,36.86757683753967,0.13842511177062988,0.05103398859500885
16.2,0,1.1066449880599976,0.026555342599749565,16.97490882873535,1.2736774682998657,2879.0409394454537,21.620559692382812,8.00623607635498,37.03066110610962,0.13822288811206818,0.051184847950935364
16.3,0,1.1052610874176025,0.026504557579755783,16.974937438964844,1.269202709197998,2879.1988898467403,21.544635772705078,7.991362571716309,37.09212243556976,0.13830696046352386,0.051300983875989914
16.4,0,1.1027288436889648,0.026557710021734238,16.97486686706543,1.261285424232483,2879.3116699303155,21.410152435302734,8.007701873779297,37.40142583847046,0.13770851492881775,0.0515049509704113
16.5,0,1.0992090702056885,0.02649570442736149,16.974882125854492,1.2606494426727295,2878.772540331829,21.399375915527344,7.987510681152344,37.3259037733078,0.13761597871780396,0.0513664074242115
16.6,0,1.0995296239852905,0.02643866091966629,16.974891662597656,1.2538517713546753,2878.744272455584,21.283998489379883,7.970235824584961,37.44708001613617,0.1379544734954834,0.05165991932153702
16.7,0,1.1154139041900635,0.031796928495168686,16.972370147705078,1.3897122144699097,2896.49212741635,23.58670997619629,9.64464282989502,40.8901572227478,0.11565113812685013,0.047289930284023285
16.8,0,1.2441656589508057,0.047363415360450745,16.967905044555664,1.8876690864562988,3048.837329406788,32.029788970947266,15.121883392333984,47.21193313598633,0.08227583765983582,0.03884401544928551
16.9,0,1.5343858003616333,0.06208730489015579,16.966066360473633,2.5155255794525146,3354.5675249592305,42.67857360839844,21.810617446899414,51.10437273979187,0.07035040855407715,0.0359521321952343
17,0,1.9438135623931885,0.06992355734109879,16.969470977783203,2.9816508293151855,3737.7499528944345,50.59703826904297,27.369216918945312,54.09253239631653,0.07102189213037491,0.03841753676533699
17.1,0,2.2629687786102295,0.06484652310609818,16.975366592407227,2.9688355922698975,4035.5432864929444,50.397071838378906,27.404212951660156,54.376596212387085,0.0825774073600769,0.04490278288722038
17.2,0,2.4246726036071777,0.05954829230904579,16.977298736572266,2.874722957611084,4204.023908812567,48.805030822753906,26.21579933166504,53.71536612510681,0.09248898178339005,0.049680791795253754
17.3,0,2.5409085750579834,0.05784335732460022,16.977298736572266,2.8119313716888428,4284.577156361541,47.73899841308594,25.953149795532227,54.36466932296753,0.09790366888046265,0.05322500690817833
17.4,0,2.564197540283203,0.0554477833211422,16.97687339782715,2.741541862487793,4317.071517237228,46.542808532714844,25.06698226928711,53.85790467262268,0.10229382663965225,0.05509331449866295
17.5,0,2.543466091156006,0.053501859307289124,16.976055145263672,2.71879243850708,4326.561655277611,46.15436935424805,24.240434646606445,52.52034664154053,0.10492659360170364,0.055107805877923965
17.6,0,2.549196720123291,0.05350920185446739,16.975555419921875,2.6949660778045654,4327.35694429073,45.7485466003418,24.24821662902832,53.00325155258179,0.10512924194335938,0.055721916258335114
17.7,0,2.5650835037231445,0.05459382385015488,16.975133895874023,2.691052198410034,4325.096971298156,45.680973052978516,24.726802825927734,54.129332304000854,0.10373695939779282,0.05615212395787239
17.8,0,2.5526719093322754,0.05442299321293831,16.97486114501953,2.7062737941741943,4322.492829626764,45.938621520996094,24.63458824157715,53.62500548362732,0.1036214530467987,0.05556701123714447
17.9,0,2.5452442169189453,0.05361955985426903,16.974864959716797,2.7100415229797363,4320.860869761076,46.00259017944336,24.261751174926758,52.73997187614441,0.10490768402814865,0.055328283458948135
18,0,2.5161540508270264,0.05303747206926346,16.9748592376709,2.7096145153045654,4319.904424711221,45.995323181152344,23.99305534362793,52.164119482040405,0.10487009584903717,0.054704561829566956
18.1,0,2.5339243412017822,0.05375846475362778,16.974767684936523,2.71536922454834,4318.767006969117,46.0927619934082,24.312814712524414,52.74757742881775,0.10422176122665405,0.054974451661109924
18.2,0,2.5510199069976807,0.05487661063671112,16.974834442138672,2.713273286819458,4318.346485882298,46.05736541748047,24.816091537475586,53.88083457946777,0.1027970090508461,0.05538788065314293
18.3,0,2.54815411567688,0.054661884903907776,16.97477149963379,2.7143540382385254,4318.34153171842,46.075538635253906,24.718961715698242,53.64876985549927,0.1030850037932396,0.05530383810400963
18.4,0,2.540142774581909,0.05369172990322113,16.974824905395508,2.7113757133483887,4318.146279377346,46.02512741088867,24.279144287109375,52.75192856788635,0.10462242364883423,0.055190347135066986
18.5,0,2.515789031982422,0.053193628787994385,16.97490119934082,2.708085298538208,4317.9545240931275,45.969478607177734,24.052837371826172,52.323490381240845,0.10459427535533905,0.054727375507354736
18.6,0,2.534353256225586,0.05381889268755913,16.974876403808594,2.7257509231567383,4318.255562404067,46.269283294677734,24.337261199951172,52.59917378425598,0.1041346937417984,0.05477398633956909
18.7,0,2.548069715499878,0.05489429086446762,16.974740982055664,2.723250150680542,4318.539698273539,46.22646713256836,24.825197219848633,53.7034273147583,0.10264045745134354,0.05512144789099693
18.8,0,2.5431573390960693,0.05459270998835564,16.974666595458984,2.7266767024993896,4318.277127588006,46.284427642822266,24.68731117248535,53.33826541900635,0.1030147597193718,0.054946284741163254
18.9,0,2.5366628170013428,0.05364548787474632,16.974945068359375,2.7095043659210205,4318.432455196651,45.99368667602539,24.25984001159668,52.74602174758911,0.10456222295761108,0.05515241250395775
19,0,2.509716272354126,0.05314198508858681,16.974977493286133,2.701246500015259,4318.011351267022,45.853599548339844,24.029800415039062,52.40548253059387,0.10444182902574539,0.05473324656486511
19.1,0,2.5266857147216797,0.05383411422371864,16.97486114501953,2.696481466293335,4317.517974829057,45.77239990234375,24.33998680114746,53.17612290382385,0.10380801558494568,0.055201075971126556
19.2,0,2.542309522628784,0.05489014834165573,16.974828720092773,2.7072973251342773,4317.654360046403,45.955909729003906,24.818235397338867,54.004448652267456,0.10243716090917587,0.0553206242620945
19.3,0,2.5363361835479736,0.054535504430532455,16.97477149963379,2.7097902297973633,4318.594776919006,45.998069763183594,24.66325569152832,53.61802577972412,0.1028386577963829,0.05514005571603775
19.4,0,2.5293796062469482,0.0535571463406086,16.97483253479004,2.7322773933410645,4318.516967403982,46.37995147705078,24.220365524291992,52.2216260433197,0.10443193465471268,0.05453605577349663
19.5,0,2.5016820430755615,0.0529727041721344,16.97492790222168,2.7216062545776367,4318.578748741754,46.19906997680664,23.956401824951172,51.854729652404785,0.10442645102739334,0.0541500523686409
19.6,0,2.5183217525482178,0.053664933890104294,16.975000381469727,2.7100515365600586,4318.481122571217,46.00312423706055,24.26890754699707,52.75490880012512,0.10376740992069244,0.05474240332841873
19.7,0,2.534724473953247,0.054612334817647934,16.974824905395508,2.7221598625183105,4317.964723842289,46.208187103271484,24.694398880004883,53.44160795211792,0.1026436984539032,0.05485444515943527
19.8,0,2.5284366607666016,0.05428839847445488,16.974687576293945,2.7273595333099365,4317.629006384204,46.296077728271484,24.54601287841797,53.01964282989502,0.10300803929567337,0.05461449176073074
19.9,0,2.5231244564056396,0.053382255136966705,16.974822998046875,2.7115111351013184,4318.43362088227,46.02742004394531,24.140806198120117,52.44874954223633,0.10451699048280716,0.05481785535812378
20,0,2.4987409114837646,0.05281880497932434,16.974872589111328,2.7051258087158203,4318.747481735009,45.919166564941406,23.887737274169922,52.02127695083618,0.10460349917411804,0.05441607907414436
20.1,0,2.514490842819214,0.05371454358100891,16.974781036376953,2.719010353088379,4318.396318942482,46.154605865478516,24.29086685180664,52.629345655441284,0.10351590067148209,0.05447974056005478
20.2,0,2.5318803787231445,0.05469483882188797,16.974863052368164,2.727365493774414,4318.133456835544,46.29665756225586,24.7326717376709,53.42215299606323,0.10236987471580505,0.054688192903995514
20.3,0,2.524312734603882,0.05425358936190605,16.97483253479004,2.735323667526245,4317.990077504488,46.43165969848633,24.532325744628906,52.835339307785034,0.10289740562438965,0.05436619371175766
20.4,0,2.520663022994995,0.05332417041063309,16.97484588623047,2.723407745361328,4317.80473349117,46.229427337646484,24.11102867126465,52.15515494346619,0.10454399138689041,0.05452507734298706
20.5,0,2.4969663619995117,0.05283554643392563,16.974889755249023,2.710576295852661,4317.914307939295,46.01173400878906,23.890697479248047,51.923054456710815,0.10451626032590866,0.05426803603768349
20.6,0,2.5154545307159424,0.05368628352880478,16.974796295166016,2.705368757247925,4318.046030414168,45.9230842590332,24.2761173248291,52.862560749053955,0.10361848771572113,0.054775383323431015
20.7,0,2.5299012660980225,0.054588451981544495,16.974733352661133,2.7157812118530273,4318.384370664894,46.09966278076172,24.685998916625977,53.5491943359375,0.10248325020074844,0.05487895384430885
20.8,0,2.5226001739501953,0.05423060059547424,16.974685668945312,2.7227988243103027,4318.629747487556,46.21865463256836,24.525564193725586,53.06420922279358,0.10285595059394836,0.05457969754934311
20.9,0,2.51870059967041,0.05322890356183052,16.974943161010742,2.702937364578247,4318.7541844273155,45.88220977783203,24.073244094848633,52.46749520301819,0.10462655127048492,0.054894931614398956
21,0,2.491541624069214,0.05273791402578354,16.97490692138672,2.704921245574951,4318.001151517862,45.91578674316406,23.847030639648438,51.93645358085632,0.10448016226291656,0.054263290017843246
21.1,0,2.5137152671813965,0.05374640226364136,16.97479820251465,2.705066204071045,4317.1152304479165,45.91795349121094,24.298063278198242,52.916258573532104,0.10345331579446793,0.05474362522363663
21.2,0,2.5304477214813232,0.054801855236291885,16.974748611450195,2.7003791332244873,4317.0429579395795,45.8382568359375,24.774805068969727,54.048311710357666,0.10213794559240341,0.05520383641123772
21.3,0,2.525960922241211,0.054489683359861374,16.974660873413086,2.713268995285034,4317.662228424327,46.056819915771484,24.6372127532959,53.49308252334595,0.10252624750137329,0.0548444464802742
21.4,0,2.5226590633392334,0.05344923213124275,16.974781036376953,2.710855007171631,4317.82629867511,46.016170501708984,24.167695999145508,52.52000689506531,0.10438144207000732,0.05482114478945732
21.5,0,2.49735951423645,0.05295448377728462,16.974971771240234,2.712019443511963,4317.892451333951,46.03645324707031,23.94435691833496,52.01173424720764,0.10429845750331879,0.05424743518233299
21.6,0,2.51938796043396,0.05378101393580437,16.974971771240234,2.6975841522216797,4317.940244444303,45.79141616821289,24.318357467651367,53.10680270195007,0.10360025614500046,0.05501878261566162
21.7,0,2.5522165298461914,0.060118820518255234,16.971050262451172,2.9009950160980225,4334.185822064422,49.232933044433594,27.286422729492188,55.42311072349548,0.09353430569171906,0.051839619874954224
21.8,0,2.732215166091919,0.0745600163936615,16.964818954467773,3.6114187240600586,4483.387461363577,61.26706314086914,35.0058708190918,57.136523723602295,0.07805019617080688,0.04459517076611519
21.9,0,3.3105580806732178,0.08976404368877411,16.9615535736084,4.5163774490356445,4780.211235949026,76.60477447509766,44.9343147277832,58.65732431411743,0.0736754983663559,0.04321607947349548
22,0,3.8663902282714844,0.10073377937078476,16.96544647216797,5.257197380065918,5152.726183369315,89.19070434570312,54.35516357421875,60.94263792037964,0.07113197445869446,0.043349701911211014
22.1,0,4.271986961364746,0.09789378941059113,16.97314453125,5.367550849914551,5445.232841267209,91.10421752929688,55.82133483886719,61.27195358276367,0.07652964442968369,0.04689120873808861
22.2,0,4.518712997436523,0.09348418563604355,16.976789474487305,5.272607326507568,5614.728775760413,89.51194763183594,54.96617889404297,61.40652894973755,0.08220896869897842,0.05048167705535889
22.3,0,4.664417266845703,0.09026287496089935,16.977205276489258,5.1966447830200195,5699.534153023718,88.22450256347656,53.873741149902344,61.0643744468689,0.08658052980899811,0.05286986008286476
22.4,0,4.679391384124756,0.08908690512180328,16.976823806762695,5.167670249938965,5737.770972676797,87.73062896728516,53.5285758972168,61.014699935913086,0.0874185636639595,0.053338173776865005
22.5,0,4.706779479980469,0.0877254381775856,16.976734161376953,5.138461112976074,5753.821880798652,87.23429107666016,52.85798263549805,60.5931282043457,0.08904576301574707,0.05395561456680298
22.6,0,4.732735633850098,0.08753810822963715,16.97637939453125,5.129061222076416,5759.967375378587,87.07289123535156,52.80144500732422,60.64050793647766,0.08963268995285034,0.05435372143983841
22.7,0,4.694713115692139,0.08753252029418945,16.975749969482422,5.148714065551758,5760.971613538794,87.40328216552734,52.80727767944336,60.41795611381531,0.08890276402235031,0.05371323600411415
22.8,0,4.734857559204102,0.08690240234136581,16.975341796875,5.142866134643555,5760.595097084068,87.30191040039062,52.423709869384766,60.04875302314758,0.09031900763511658,0.054235439747571945
22.9,0,4.711698532104492,0.08749546855688095,16.97527503967285,5.1236186027526855,5759.341985044342,86.97483825683594,52.76999282836914,60.67271828651428,0.08928745239973068,0.054173123091459274
23,0,4.71236515045166,0.08696124702692032,16.97492218017578,5.119040012359619,5757.760149660244,86.89530944824219,52.43339157104492,60.34088134765625,0.08987335860729218,0.054230377078056335
23.1,0,4.739568710327148,0.08705523610115051,16.974658966064453,5.1308417320251465,5756.73201494486,87.09429168701172,52.480690002441406,60.25732755661011,0.0903107151389122,0.05441882461309433
23.2,0,4.699475288391113,0.08758733421564102,16.97467613220215,5.133764743804932,5756.762322770936,87.14399719238281,52.80173873901367,60.59136986732483,0.08900228142738342,0.0539277009665966
23.3,0,4.734399795532227,0.08691787719726562,16.974727630615234,5.142596244812012,5757.474556683748,87.29417419433594,52.404640197753906,60.03223657608032,0.09034314006567001,0.054235003888607025
23.4,0,4.706840991973877,0.0875454992055893,16.974477767944336,5.1723198890686035,5757.666311967966,87.79743194580078,52.78480529785156,60.12113094329834,0.08917037397623062,0.05361023545265198
23.5,0,4.703404426574707,0.0870824083685875,16.975034713745117,5.157963752746582,5758.013686282235,87.55661010742188,52.508758544921875,59.9712073802948,0.08957371115684509,0.053718436509370804
23.6,0,4.72873592376709,0.0870594009757042,16.974929809570312,5.132088661193848,5757.640084041554,87.1168441772461,52.491477966308594,60.254108905792236,0.09008578211069107,0.05428038537502289
23.7,0,4.6897501945495605,0.0875406563282013,16.97467041015625,5.134642601013184,5756.465072938257,87.15886688232422,52.7708740234375,60.54561734199524,0.08887004852294922,0.05380691960453987
23.8,0,4.745894908905029,0.0870608389377594,16.974729537963867,5.136444091796875,5755.754004711065,87.18975067138672,52.47515106201172,60.18499732017517,0.09044080972671509,0.05443179979920387
23.9,0,4.7259416580200195,0.08784690499305725,16.974559783935547,5.151918888092041,5756.733180630478,87.45155334472656,52.957950592041016,60.55690050125122,0.08923950791358948,0.054040681570768356
24,0,4.72890567779541,0.08733586966991425,16.974525451660156,5.16002082824707,5756.870148690634,87.58890533447266,52.65113067626953,60.1116418838501,0.08981584012508392,0.05398977920413017
24.1,0,4.752870082855225,0.08737342059612274,16.97450828552246,5.192880630493164,5756.913861901322,88.14659881591797,52.67416763305664,59.75746512413025,0.0902315154671669,0.053920064121484756
24.2,0,4.715582847595215,0.08786892145872116,16.97507095336914,5.16193962097168,5756.892296717383,87.6242904663086,52.97269058227539,60.454344749450684,0.08901913464069366,0.05381593108177185
24.3,0,4.754167556762695,0.0870765820145607,16.974943161010742,5.149338245391846,5757.189546550062,87.40972137451172,52.49773025512695,60.05936861038208,0.09055949002504349,0.054389458149671555
24.4,0,4.724332809448242,0.08775905519723892,16.974515914916992,5.164183139801025,5756.933678556834,87.65950775146484,52.90683364868164,60.35493016242981,0.08929532021284103,0.053894128650426865
24.5,0,4.721113681793213,0.08737848699092865,16.974689483642578,5.156408786773682,5757.419186616877,87.52843475341797,52.681846618652344,60.18826365470886,0.08961556851863861,0.05393805354833603
24.6,0,4.740157604217529,0.08745360374450684,16.974496841430664,5.167577743530273,5758.152402870818,87.71703338623047,52.73385238647461,60.11814475059509,0.0898883268237114,0.05403919145464897
24.7,0,4.693634510040283,0.08776620775461197,16.974538803100586,5.1735076904296875,5758.125009258787,87.81790924072266,52.922096252441406,60.26344299316406,0.08868950605392456,0.05344735085964203
24.8,0,4.732798099517822,0.0871087834239006,16.974925994873047,5.165011882781982,5758.320844442669,87.67569732666016,52.527462005615234,59.91109013557434,0.09010140597820282,0.05398073047399521
24.9,0,4.698390007019043,0.08764200657606125,16.974918365478516,5.1308369636535645,5758.753313807077,87.09553527832031,52.852970123291016,60.683900117874146,0.08889547735452652,0.05394524335861206
25,0,4.6971940994262695,0.0870056226849556,16.974750518798828,5.124806880950928,5757.518269894436,86.99231719970703,52.457942962646484,60.30181050300598,0.08954209089279175,0.05399550497531891
25.1,0,4.718844890594482,0.08708283305168152,16.974605560302734,5.157641410827637,5757.343999894493,87.5489273071289,52.502906799316406,59.969788789749146,0.08987778425216675,0.05389951542019844
25.2,0,4.67652702331543,0.08755108714103699,16.9746150970459,5.152909278869629,5758.247406248714,87.4686508178711,52.79350280761719,60.35705804824829,0.08858148753643036,0.05346517637372017
25.3,0,4.716134548187256,0.08677959442138672,16.9746036529541,5.165376663208008,5758.176882268803,87.68022155761719,52.32765197753906,59.68011021614075,0.09012700617313385,0.053787894546985626
25.4,0,4.689270496368408,0.08741255849599838,16.974367141723633,5.170909881591797,5758.798775546193,87.7729263305664,52.71501541137695,60.05840301513672,0.0889551192522049,0.05342502519488335
25.5,0,4.695107460021973,0.08688555657863617,16.975088119506836,5.146429061889648,5758.438578690122,87.361083984375,52.393924713134766,59.97398495674133,0.08961167186498642,0.053743693977594376
25.6,0,4.72310209274292,0.08689013868570328,16.97483253479004,5.118078231811523,5756.85208056355,86.8785171508789,52.38225173950195,60.29367446899414,0.09016606956720352,0.054364439100027084
25.7,0,4.6842169761657715,0.08751120418310165,16.974567413330078,5.127788066864014,5755.3250324035125,87.04198455810547,52.742671966552734,60.59452295303345,0.08881265670061111,0.053815603256225586
25.8,0,4.72758674621582,0.0871356874704361,16.97471046447754,5.148179531097412,5755.108797721309,87.38885498046875,52.51437759399414,60.092759132385254,0.09002462029457092,0.054098278284072876
25.9,0,4.702953338623047,0.08795631676912308,16.974407196044922,5.166623592376709,5756.181811332999,87.70037078857422,53.01883316040039,60.454511642456055,0.088703453540802,0.053625237196683884
26,0,4.707093715667725,0.08730844408273697,16.97450065612793,5.171468734741211,5756.388137687447,87.78309631347656,52.63018798828125,59.95481014251709,0.08943714201450348,0.053621865808963776
26.1,0,4.728869915008545,0.08765944093465805,16.97443962097168,5.183201789855957,5756.507620463328,87.98194885253906,52.84286880493164,60.06103754043579,0.08948927372694016,0.05374818667769432
26.2,0,4.690693378448486,0.0879480317234993,16.975065231323242,5.143453121185303,5756.96456922572,87.31045532226562,53.02104568481445,60.72703003883362,0.0884685143828392,0.05372430384159088
26.3,0,4.731068134307861,0.08722617477178574,16.9748592376709,5.143011093139648,5756.484306750961,87.30188751220703,52.58147430419922,60.229480266571045,0.08997594565153122,0.05419204756617546
26.4,0,4.692907333374023,0.08785347640514374,16.97459602355957,5.148734092712402,5757.080554944746,87.3976821899414,52.965110778808594,60.60242056846619,0.08860374987125397,0.05369601771235466
26.5,0,4.68851900100708,0.08723992854356766,16.97482681274414,5.133957862854004,5758.236915078148,87.1480484008789,52.605777740478516,60.36369204521179,0.08912555128335953,0.053799472749233246
26.6,0,4.711762428283691,0.08718858659267426,16.97458839416504,5.138343334197998,5759.072711666504,87.22126007080078,52.58245086669922,60.28627157211304,0.0896071270108223,0.054020799696445465
26.7,0,4.69608211517334,0.09299274533987045,16.969402313232422,5.413354396820068,5775.297306945493,91.86138916015625,56.24087142944336,61.223626136779785,0.08349945396184921,0.051121391355991364
26.8,0,4.9503607749938965,0.10927420109510422,16.960956573486328,6.397160053253174,5918.615439507437,108.501953125,67.72770690917969,62.42072582244873,0.07309210300445557,0.04562462493777275
26.9,0,5.430099964141846,0.12684431672096252,16.956083297729492,7.649991989135742,6200.301620653007,129.71389770507812,82.35926055908203,63.49301338195801,0.06593186408281326,0.0418621264398098
27,0,6.1422119140625,0.1383751779794693,16.95957374572754,8.782326698303223,6555.213258129206,148.94451904296875,94.98906707763672,63.774800300598145,0.06466230005025864,0.04123825579881668
27.1,0,6.681558132171631,0.13911353051662445,16.968889236450195,9.132697105407715,6838.495262886296,154.9717254638672,99.62275695800781,64.28446769714355,0.06706859171390533,0.043114691972732544
27.2,0,6.983550548553467,0.13711488246917725,16.9733829498291,9.197357177734375,7012.412060087088,156.11026000976562,100.68867492675781,64.49843645095825,0.06935784965753555,0.04473473131656647
27.3,0,7.1462602615356445,0.1351001262664795,16.974763870239258,9.20617961883545,7109.947889988382,156.27272033691406,100.58907318115234,64.36764001846313,0.07104410231113434,0.045729413628578186
27.4,0,7.234574317932129,0.13376779854297638,16.97527503967285,9.199725151062012,7160.411586092322,156.16786193847656,100.30398559570312,64.22831416130066,0.07212649285793304,0.04632562771439552
27.5,0,7.273700714111328,0.13264115154743195,16.976470947265625,9.12014102935791,7181.474359530267,154.8278045654297,99.75174713134766,64.42753672599792,0.07291802763938904,0.04697928950190544
27.6,0,7.276756763458252,0.13216543197631836,16.975479125976562,9.094476699829102,7188.262146885912,154.3831024169922,99.48793029785156,64.44224119186401,0.07314210385084152,0.047134414315223694
27.7,0,7.282528877258301,0.1321260631084442,16.97447395324707,9.112500190734863,7191.44097156715,154.67990112304688,99.50228118896484,64.32786583900452,0.07318957149982452,0.04708128795027733
27.8,0,7.296379089355469,0.13218079507350922,16.974042892456055,9.126921653747559,7193.716389894166,154.92076110839844,99.57499694824219,64.27478790283203,0.07327521592378616,0.04709748923778534
27.9,0,7.318629264831543,0.1324695199728012,16.97355842590332,9.154685020446777,7196.308291866565,155.38758850097656,99.82845306396484,64.24480676651001,0.07331205904483795,0.047099191695451736
28,0,7.343358039855957,0.13267219066619873,16.97350311279297,9.186323165893555,7197.031599792751,155.92408752441406,99.9912338256836,64.12815451622009,0.07344001531600952,0.04709572717547417
28.1,0,7.368212699890137,0.13297782838344574,16.97386360168457,9.185063362121582,7196.7425097594005,155.906005859375,100.21755981445312,64.28075432777405,0.0735221728682518,0.04726060479879379
28.2,0,7.376559257507324,0.13288506865501404,16.97446632385254,9.11807918548584,7192.560029760764,154.77452087402344,100.08944702148438,64.66791033744812,0.07369966804981232,0.04766003414988518
28.3,0,7.374270439147949,0.13312149047851562,16.973590850830078,9.162115097045898,7189.882449895417,155.5139923095703,100.23019409179688,64.45091962814331,0.07357334345579147,0.04741869494318962
28.4,0,7.384757995605469,0.1334264576435089,16.973487854003906,9.194723129272461,7190.536399527311,156.0665283203125,100.46894836425781,64.37572240829468,0.07350289076566696,0.04731801524758339
28.5,0,7.407118320465088,0.1339634656906128,16.97342300415039,9.215588569641113,7191.086020296362,156.4200897216797,100.88101959228516,64.49365019798279,0.07342430204153061,0.04735401272773743
28.6,0,7.437594413757324,0.1343836784362793,16.973100662231445,9.262460708618164,7192.586840529986,157.21267700195312,101.21858215332031,64.38322067260742,0.073480524122715,0.04730912670493126
28.7,0,7.457027435302734,0.13469867408275604,16.973234176635742,9.296810150146484,7194.346442970884,157.79693603515625,101.48065948486328,64.31092023849487,0.07348225265741348,0.047257110476493835
28.8,0,7.476639270782471,0.13471639156341553,16.97438621520996,9.247567176818848,7193.984497586387,156.97177124023438,101.48889923095703,64.65423703193665,0.07366952300071716,0.047630470246076584
28.9,0,7.49036979675293,0.13496309518814087,16.973642349243164,9.241251945495605,7189.743733306834,156.8577117919922,101.61482238769531,64.78152871131897,0.07371336221694946,0.04775264114141464
29,0,7.504794597625732,0.1354411095380783,16.973186492919922,9.289022445678711,7187.275976852789,157.664306640625,101.9397201538086,64.65618014335632,0.07361992448568344,0.047599829733371735
29.1,0,7.524448871612549,0.13599254190921783,16.973304748535156,9.326964378356934,7188.79369952788,158.3094024658203,102.37637329101562,64.66853022575378,0.07349790632724762,0.04753001779317856
29.2,0,7.536464691162109,0.13624633848667145,16.973304748535156,9.342825889587402,7192.34437792137,158.57862854003906,102.61808776855469,64.7111713886261,0.07344187051057816,0.04752509668469429
29.3,0,7.5196380615234375,0.13608615100383759,16.97343635559082,9.362838745117188,7197.294461899688,158.91954040527344,102.56798553466797,64.54082131385803,0.07331369817256927,0.0473172627389431
29.4,0,7.5078325271606445,0.13581861555576324,16.973745346069336,9.365732192993164,7201.813825042027,158.9715576171875,102.43061828613281,64.4333004951477,0.07329675555229187,0.04722752049565315
29.5,0,7.505858421325684,0.1350250095129013,16.974756240844727,9.282163619995117,7199.537241029391,157.56246948242188,101.79991912841797,64.6092414855957,0.07373148202896118,0.04763735085725784
29.6,0,7.495825290679932,0.1349356770515442,16.973644256591797,9.287358283996582,7195.174079759911,157.64031982421875,101.67091369628906,64.4955039024353,0.0737263485789299,0.047550179064273834
29.7,0,7.491186141967773,0.13501407206058502,16.973466873168945,9.29440689086914,7194.4927365159865,157.75830078125,101.72034454345703,64.478600025177,0.07364491373300552,0.04748521000146866
29.8,0,7.498653888702393,0.13502351939678192,16.973556518554688,9.302741050720215,7196.257584542167,157.90060424804688,101.7524185180664,64.44080471992493,0.0736950933933258,0.0474897101521492
29.9,0,7.515684604644775,0.13538256287574768,16.973129272460938,9.33716106414795,7197.805615043334,158.4808349609375,102.04493713378906,64.38944935798645,0.07365073263645172,0.04742329940199852
30,0,7.520683765411377,0.13572919368743896,16.973243713378906,9.36413288116455,7198.609938119995,158.93971252441406,102.31764221191406,64.37512636184692,0.0735032930970192,0.04731784015893936
30.1,0,7.520276069641113,0.13541533052921295,16.974328994750977,9.344904899597168,7200.210424473988,158.6234893798828,102.1037368774414,64.36861157417297,0.07365328818559647,0.04740959778428078
30.2,0,7.512776851654053,0.1350478231906891,16.97426986694336,9.275959968566895,7197.149916883013,157.45265197753906,101.78335571289062,64.64378833770752,0.07381144911050797,0.04771451652050018
30.3,0,7.506397724151611,0.135140523314476,16.973581314086914,9.288908004760742,7194.094072034512,157.66603088378906,101.80997467041016,64.57318067550659,0.0737294927239418,0.04760947823524475
30.4,0,7.507049560546875,0.13541291654109955,16.973491668701172,9.308534622192383,7195.084321967299,157.9983367919922,102.02922821044922,64.57614302635193,0.07357744127511978,0.04751347377896309
30.5,0,7.5263991355896,0.13563264906406403,16.973526000976562,9.334654808044434,7196.038435645917,158.44200134277344,102.20834350585938,64.50836062431335,0.07363782078027725,0.0475025475025177
30.6,0,7.552615642547607,0.13582758605480194,16.973142623901367,9.363190650939941,7196.830519023585,158.9227752685547,102.36650848388672,64.4127368927002,0.07378014922142029,0.04752381145954132
30.7,0,7.560459136962891,0.1360248476266861,16.973283767700195,9.390286445617676,7197.663984240705,159.38400268554688,102.52704620361328,64.32706117630005,0.0737411230802536,0.047435496002435684
30.8,0,7.567716121673584,0.1356532871723175,16.974472045898438,9.328917503356934,7196.498881465165,158.35345458984375,102.23043060302734,64.55838680267334,0.07402605563402176,0.047790031880140305
30.9,0,7.571007251739502,0.13585568964481354,16.973548889160156,9.340707778930664,7192.104829526799,158.5449676513672,102.3204574584961,64.53718543052673,0.07399309426546097,0.04775306209921837
31,0,7.575236797332764,0.13636639714241028,16.973125457763672,9.361417770385742,7189.233163005997,158.89251708984375,102.6640853881836,64.61228728294373,0.07378662377595901,0.047675225883722305
31.1,0,7.573211193084717,0.13674941658973694,16.973268508911133,9.37290096282959,7190.215253139456,159.08876037597656,102.96650695800781,64.72268104553223,0.07355023920536041,0.047603681683540344
31.2,0,7.561899185180664,0.13675127923488617,16.97325897216797,9.39076042175293,7194.971250462319,159.39181518554688,103.03601837158203,64.64323401451111,0.07339083403348923,0.047442205250263214
31.3,0,7.550218105316162,0.13653810322284698,16.973405838012695,9.412745475769043,7199.1426564475805,159.76634216308594,102.93504333496094,64.42849040031433,0.07334934175014496,0.04725787416100502
31.4,0,7.545403957366943,0.13617078959941864,16.973806381225586,9.390727996826172,7202.885090125289,159.39639282226562,102.71149444580078,64.43777680397034,0.07346211373806,0.047337356954813004
31.5,0,7.526897430419922,0.13543860614299774,16.974668502807617,9.304017066955566,7199.942316781768,157.93260192871094,102.11748504638672,64.65889811515808,0.07370821386575699,0.04765892028808594
31.6,0,7.505577564239502,0.13505949079990387,16.97376823425293,9.301774024963379,7197.60395143136,157.8861541748047,101.79856872558594,64.47592973709106,0.07372969388961792,0.0475379079580307
31.7,0,7.531347274780273,0.14040620625019073,16.966999053955078,9.658117294311523,7213.52371992115,163.8692626953125,106.06262969970703,64.72392678260803,0.07100848853588104,0.045959487557411194
31.8,0,7.787117958068848,0.15830248594284058,16.954641342163086,10.989104270935059,7352.215246263868,186.31631469726562,121.8805923461914,65.41595458984375,0.06389136612415314,0.041795145720243454
31.9,0,8.439473152160645,0.1790427267551422,16.946107864379883,12.81609058380127,7625.105746576187,217.18284606933594,142.96546936035156,65.8272385597229,0.059031546115875244,0.03885883837938309
32,0,9.254658699035645,0.19481833279132843,16.948755264282227,14.456700325012207,7969.8508569319565,245.0230712890625,162.5955352783203,66.35927557945251,0.05691828206181526,0.03777055814862251
32.1,0,9.985710144042969,0.19750091433525085,16.96156883239746,15.00269603729248,8240.890248482337,254.46926879882812,170.44012451171875,66.97866916656494,0.05858778581023216,0.03924132138490677
32.2,0,10.36334228515625,0.19524560868740082,16.965721130371094,15.259418487548828,8400.110664249796,258.88702392578125,171.749267578125,66.3413941860199,0.060339950025081635,0.04003036394715309
32.3,0,10.54742431640625,0.1974901407957077,16.96721076965332,15.471768379211426,8496.76465298081,262.51275634765625,175.72259521484375,66.93869233131409,0.06002315133810043,0.04017871245741844
32.4,0,10.75297737121582,0.19846545159816742,16.968374252319336,15.591129302978516,8556.705373161925,264.5561218261719,177.836181640625,67.22058653831482,0.06046563386917114,0.040645353496074677
32.5,0,10.808335304260254,0.19608761370182037,16.969100952148438,15.65269947052002,8592.036138568461,265.61224365234375,176.4309844970703,66.4242684841156,0.06126097962260246,0.04069215804338455
32.6,0,10.895264625549316,0.20000149309635162,16.969669342041016,15.725818634033203,8615.351599463866,266.8619384765625,180.4408416748047,67.615807056427,0.060381364077329636,0.040827345103025436
32.7,0,10.980058670043945,0.1976909041404724,16.97095489501953,15.7333984375,8628.69811695115,267.01080322265625,178.63253784179688,66.90086722373962,0.06146729364991188,0.04112215340137482
32.8,0,10.938729286193848,0.1976192742586136,16.97298240661621,15.615073204040527,8627.059162971751,265.03436279296875,178.53390502929688,67.36254692077637,0.06126976013183594,0.04127287119626999
32.9,0,10.969972610473633,0.19887657463550568,16.97105598449707,15.684625625610352,8622.517068959854,266.1846618652344,179.57518005371094,67.4626350402832,0.06108846887946129,0.04121188819408417
33,0,10.920785903930664,0.19611549377441406,16.9713191986084,15.729968070983887,8624.939363674785,266.95831298828125,177.13182067871094,66.35186672210693,0.061653438955545425,0.04090820625424385
33.1,0,10.89803409576416,0.19938404858112335,16.971115112304688,15.760726928710938,8631.784852468538,267.47711181640625,180.22691345214844,67.38030910491943,0.0604684054851532,0.04074380174279213
33.2,0,10.949610710144043,0.19703760743141174,16.970661163330078,15.766375541687012,8639.506354004481,267.5658264160156,178.26524353027344,66.62482023239136,0.06142313778400421,0.04092305526137352
33.3,0,10.916254043579102,0.1990143209695816,16.970478057861328,15.771994590759277,8643.777426110111,267.6582946777344,180.14263916015625,67.30321645736694,0.06059783697128296,0.04078429192304611
33.4,0,11.00156307220459,0.19910934567451477,16.971572875976562,15.725428581237793,8644.789241226837,266.88525390625,180.249755859375,67.53829717636108,0.06103510782122612,0.041222069412469864
33.5,0,10.94821834564209,0.19594307243824005,16.971105575561523,15.643319129943848,8631.335480662665,265.4844055175781,177.10733032226562,66.71100854873657,0.061816856265068054,0.04123864695429802
33.6,0,10.954885482788086,0.19955167174339294,16.96920394897461,15.741135597229004,8623.288752839202,267.1145324707031,180.2008819580078,67.4620270729065,0.060792628675699234,0.04101194068789482
33.7,0,10.989706993103027,0.19802533090114594,16.969539642333984,15.782493591308594,8625.189986082729,267.8216552734375,178.8619842529297,66.78398847579956,0.061442386358976364,0.041033677756786346
33.8,0,10.888298988342285,0.19842354953289032,16.970182418823242,15.776162147521973,8632.923144474855,267.7243347167969,179.38235473632812,67.00263023376465,0.06069883331656456,0.04066981375217438
33.9,0,10.951377868652344,0.20030821859836578,16.970056533813477,15.801216125488281,8643.369436143688,268.14752197265625,181.30528259277344,67.61400699615479,0.060402970761060715,0.04084086790680885
34,0,10.866808891296387,0.19701775908470154,16.9709415435791,15.774100303649902,8650.168297512708,267.7013244628906,178.46725463867188,66.66655540466309,0.060889650136232376,0.04059303179383278
34.1,0,10.832757949829102,0.19798590242862701,16.972997665405273,15.593615531921387,8651.018665171294,264.67041015625,179.36187744140625,67.76801347732544,0.06039610132575035,0.04092923924326897
34.2,0,10.78832721710205,0.19368796050548553,16.971464157104492,15.508646011352539,8642.693338485045,263.2044372558594,175.2993621826172,66.60197973251343,0.06154230609536171,0.04098839685320854
34.3,0,10.716924667358398,0.19586564600467682,16.970542907714844,15.521049499511719,8639.307021763743,263.400634765625,177.2008514404297,67.27426648139954,0.060478970408439636,0.04068678244948387
34.4,0,10.768609046936035,0.19551099836826324,16.970521926879883,15.532193183898926,8640.688359221485,263.58941650390625,176.9082794189453,67.11508631706238,0.06087114289402962,0.04085372015833855
34.5,0,10.705565452575684,0.1941615790128708,16.970333099365234,15.541749954223633,8643.15611567553,263.7486877441406,175.7374267578125,66.63063764572144,0.06091795861721039,0.04059002548456192
34.6,0,10.750876426696777,0.1973857879638672,16.970239639282227,15.571893692016602,8646.155424771543,264.2587585449219,178.71768188476562,67.62980222702026,0.06015563756227493,0.040683139115571976
34.7,0,10.732552528381348,0.19349755346775055,16.97110366821289,15.541169166564941,8649.596528716907,263.75079345703125,175.2669219970703,66.45171046257019,0.061235472559928894,0.04069202020764351
34.8,0,10.700079917907715,0.19505299627780914,16.972129821777344,15.372570037841797,8638.513772700457,260.9052429199219,176.44943237304688,67.62970089912415,0.060641054064035416,0.04101136326789856
34.9,0,10.788878440856934,0.19508665800094604,16.969627380371094,15.467750549316406,8625.996640530626,262.4819641113281,176.2241668701172,67.13762879371643,0.061222467571496964,0.041103314608335495
35,0,10.726005554199219,0.19383184611797333,16.969703674316406,15.543780326843262,8624.217221434217,263.7733459472656,175.0545654296875,66.36552214622498,0.061272356659173965,0.040663719177246094
35.1,0,10.765986442565918,0.19745805859565735,16.969871520996094,15.589814186096191,8629.508851298711,264.55712890625,178.43890380859375,67.44815111160278,0.06033429875969887,0.04069437086582184
35.2,0,10.771462440490723,0.19437092542648315,16.970304489135742,15.604589462280273,8638.441500192119,264.81463623046875,175.83094787597656,66.39774441719055,0.06126033142209053,0.04067547991871834
35.3,0,10.740649223327637,0.1968706101179123,16.9705753326416,15.588335990905762,8645.521291795161,264.54302978515625,178.2381591796875,67.37586855888367,0.0602600984275341,0.040600765496492386
35.4,0,10.790924072265625,0.19442488253116608,16.972633361816406,15.46213150024414,8647.375897613954,262.4330749511719,176.06166076660156,67.08821058273315,0.061290595680475235,0.04111876338720322
35.5,0,10.665642738342285,0.19297102093696594,16.9713134765625,15.401349067687988,8637.047340192574,261.3811340332031,174.53639221191406,66.77467823028564,0.061108414083719254,0.040804944932460785
35.6,0,10.66370677947998,0.19565454125404358,16.970129013061523,15.435376167297363,8633.352699625217,261.9403381347656,176.8878631591797,67.52983331680298,0.06028512492775917,0.0407104417681694
35.7,0,10.652849197387695,0.19258274137973785,16.970409393310547,15.451361656188965,8635.075000126328,262.2159423828125,174.1454315185547,66.41298532485962,0.06117214262485504,0.040626246482133865
35.8,0,10.652140617370605,0.19555555284023285,16.970129013061523,15.463050842285156,8635.897391330072,262.40997314453125,176.85047912597656,67.3947274684906,0.06023246794939041,0.040593504905700684
35.9,0,10.780454635620117,0.19543324410915375,16.969688415527344,15.540528297424316,8639.298279121605,263.7179260253906,176.80947875976562,67.04491972923279,0.06097215414047241,0.04087873175740242
36,0,10.753561973571777,0.19527924060821533,16.970060348510742,15.563789367675781,8640.648725910462,264.1184387207031,176.69775390625,66.90095663070679,0.060858506709337234,0.04071492329239845
36.1,0,10.792326927185059,0.19634412229061127,16.972095489501953,15.42622184753418,8636.889389791288,261.8153076171875,177.58401489257812,67.82797574996948,0.06077307462692261,0.041221145540475845
36.2,0,10.668002128601074,0.19217327237129211,16.97112274169922,15.380403518676758,8634.428044608143,261.022705078125,173.76214599609375,66.56973958015442,0.061394281685352325,0.04087001457810402
36.3,0,10.554659843444824,0.19402331113815308,16.970827102661133,15.36013126373291,8639.614179924178,260.67413330078125,175.54031372070312,67.34090447425842,0.06012669950723648,0.040489863604307175
36.4,0,10.587287902832031,0.19212301075458527,16.9710636138916,15.318144798278809,8645.242692932376,259.9652099609375,173.9342803955078,66.90675616264343,0.06086947023868561,0.04072578623890877
36.5,0,10.525859832763672,0.19281399250030518,16.97043228149414,15.328814506530762,8646.984227246188,260.1365966796875,174.5950164794922,67.11666584014893,0.06028728932142258,0.04046281799674034
36.6,0,10.643516540527344,0.1944008767604828,16.97021484375,15.357142448425293,8647.150920289612,260.614013671875,176.03533935546875,67.5463855266571,0.060462381690740585,0.04084015637636185
36.7,0,10.651872634887695,0.19688589870929718,16.963274002075195,15.771162033081055,8660.34706433213,267.5305480957031,178.55767822265625,66.74291491508484,0.0596550814807415,0.03981553763151169
36.8,0,11.025653839111328,0.21405456960201263,16.947566986083984,17.365156173706055,8777.369660715362,294.2971496582031,196.75125122070312,66.85462594032288,0.056038543581962585,0.037464357912540436
36.9,0,11.640493392944336,0.23625098168849945,16.9350643157959,19.7825870513916,9029.179319462652,335.0193786621094,223.38320922851562,66.6776955127716,0.0521099753677845,0.034745730459690094
37,0,12.627148628234863,0.25611749291419983,16.9371337890625,22.041322708129883,9357.762198720013,373.31683349609375,250.98043823242188,67.22987294197083,0.05031128600239754,0.03382421284914017
37.1,0,13.355953216552734,0.2619072198867798,16.950803756713867,23.100549697875977,9626.603690036998,391.5728759765625,264.0274963378906,67.42742657661438,0.05058545991778374,0.0341084748506546
37.2,0,14.058279037475586,0.26764747500419617,16.957435607910156,23.74297332763672,9805.272987503799,402.61993408203125,274.8219909667969,68.25841069221497,0.05115412920713425,0.03491699695587158
37.3,0,14.293139457702637,0.2685893177986145,16.961383819580078,24.085594177246094,9916.037600644924,408.5249938964844,278.9045104980469,68.27109456062317,0.051247432827949524,0.0349871851503849
37.4,0,14.40787410736084,0.2660945653915405,16.967180252075195,24.069087982177734,9973.432463435565,408.3845520019531,277.91326904296875,68.05185675621033,0.05184306204319,0.03528016433119774
37.5,0,14.64052677154541,0.26835834980010986,16.964799880981445,24.23475456237793,9992.40632824543,411.13775634765625,280.810791015625,68.30090284347534,0.0521366223692894,0.035609785467386246
37.6,0,14.738797187805176,0.2711278200149536,16.964031219482422,24.46584701538086,10012.649624693677,415.0393981933594,284.2835388183594,68.49555969238281,0.05184541270136833,0.0355118028819561
37.7,0,14.522740364074707,0.2702119052410126,16.964641571044922,24.641611099243164,10031.23415050701,418.0361022949219,283.84906005859375,67.90060997009277,0.051163602620363235,0.0347403958439827
37.8,0,14.417732238769531,0.2705804109573364,16.96514320373535,24.761165618896484,10050.987858995552,420.07672119140625,284.7958984375,67.79615879058838,0.0506247915327549,0.03432166576385498
37.9,0,14.521627426147461,0.27237462997436523,16.966276168823242,24.823606491088867,10069.357898655111,421.1641540527344,287.2083435058594,68.193918466568,0.05056130141019821,0.03447973355650902
38,0,14.621724128723145,0.27384069561958313,16.967208862304688,24.81433868408203,10081.571952564169,421.0300598144531,289.1044921875,68.66599917411804,0.05057591199874878,0.034728456288576126
38.1,0,14.576045989990234,0.27236178517341614,16.97018051147461,24.5084285736084,10071.401345544076,415.9124450683594,287.2530822753906,69.06575560569763,0.050742872059345245,0.03504594787955284
38.2,0,14.35703182220459,0.26995983719825745,16.96647834777832,24.596200942993164,10061.905670497006,417.3109130859375,284.45135498046875,68.16293597221375,0.05047271400690079,0.03440368175506592
38.3,0,14.31080150604248,0.2695280909538269,16.966264724731445,24.668933868408203,10063.642542068346,418.5396728515625,284.04547119140625,67.86584258079529,0.05038208141922951,0.034192223101854324
38.4,0,14.409972190856934,0.2710917592048645,16.966873168945312,24.71586036682129,10071.252137784928,419.3508605957031,285.9093933105469,68.17903518676758,0.05040048807859421,0.034362565726041794
38.5,0,14.481829643249512,0.27268144488334656,16.96680450439453,24.74493980407715,10082.469530490298,419.8425598144531,287.9062805175781,68.57481598854065,0.05030050128698349,0.034493476152420044
38.6,0,14.495023727416992,0.27300333976745605,16.967529296875,24.721092224121094,10093.73588199164,419.45587158203125,288.5682373046875,68.79585385322571,0.05023083835840225,0.03455673158168793
38.7,0,14.427473068237305,0.27039143443107605,16.970861434936523,24.51861000061035,10094.042457309266,416.1019287109375,285.81610107421875,68.68895888328552,0.050478167831897736,0.03467293083667755
38.8,0,14.253520011901855,0.2675071656703949,16.967988967895508,24.418397903442383,10071.112255510725,414.33111572265625,282.12493896484375,68.09166073799133,0.05052201449871063,0.03440127894282341
38.9,0,14.305025100708008,0.2689698040485382,16.96601104736328,24.56143569946289,10061.813581333157,416.7095947265625,283.40557861328125,68.01033616065979,0.05047545209527016,0.03432852402329445
39,0,14.438211441040039,0.27150240540504456,16.966005325317383,24.663162231445312,10062.817236650555,418.4353332519531,286.1026611328125,68.37440133094788,0.05046514421701431,0.03450524061918259
39.1,0,14.492903709411621,0.2730255424976349,16.966123580932617,24.742788314819336,10067.969567083657,419.7892150878906,287.8550109863281,68.57132315635681,0.05034792795777321,0.03452423959970474
39.2,0,14.411225318908691,0.27240926027297974,16.96611213684082,24.830692291259766,10078.771975708896,421.2803039550781,287.5133972167969,68.24753284454346,0.0501236617565155,0.03420816361904144
39.3,0,14.361390113830566,0.27118587493896484,16.967329025268555,24.805662155151367,10088.370231090381,420.8858337402344,286.4947814941406,68.06947588920593,0.05012793093919754,0.03412181884050369
39.4,0,14.376263618469238,0.2688957452774048,16.971446990966797,24.485546112060547,10083.599079854479,415.5551452636719,283.9410095214844,68.32811832427979,0.050631165504455566,0.034595321863889694
39.5,0,14.427324295043945,0.26985591650009155,16.967496871948242,24.483692169189453,10069.211022267198,415.4269714355469,284.5483093261719,68.49538683891296,0.050702549517154694,0.03472890704870224
39.6,0,14.444278717041016,0.2712670564651489,16.965848922729492,24.614131927490234,10063.694997921171,417.5996398925781,285.87957763671875,68.45781207084656,0.05052574351429939,0.03458882123231888
39.7,0,14.383098602294922,0.2705714702606201,16.965585708618164,24.732707977294922,10063.7602763158,419.6048889160156,285.14837646484375,67.95639991760254,0.050440751016139984,0.034277718514204025
39.8,0,14.339357376098633,0.27081939578056335,16.96571922302246,24.83183479309082,10071.489937651071,421.2899475097656,285.6288757324219,67.79864430427551,0.050202757120132446,0.0340367890894413
39.9,0,14.388509750366211,0.2716578245162964,16.96754264831543,24.813493728637695,10087.60087858227,421.0240173339844,286.9714660644531,68.16035509109497,0.0501391626894474,0.03417503461241722
40,0,14.455010414123535,0.27153611183166504,16.970016479492188,24.680133819580078,10096.197810017593,418.822265625,287.08734130859375,68.54634284973145,0.05035056546330452,0.03451346978545189
40.1,0,14.414549827575684,0.2706887423992157,16.969970703125,24.414793014526367,10077.383644137442,414.3183288574219,285.65814208984375,68.94654035568237,0.05046084150671959,0.0347910039126873
40.2,0,14.237370491027832,0.26952192187309265,16.966106414794922,24.53351593017578,10064.506315111543,416.2382507324219,284.0633544921875,68.24537515640259,0.050120409578084946,0.03420485928654671
40.3,0,14.151196479797363,0.26911699771881104,16.966218948364258,24.619979858398438,10064.697487552952,417.7079772949219,283.6419677734375,67.9043710231781,0.04989105463027954,0.033878207206726074
40.4,0,14.270182609558105,0.27130675315856934,16.966779708862305,24.676992416381836,10070.320754975866,418.6890869140625,286.1096496582031,68.33463311195374,0.049876619130373,0.03408300504088402
40.5,0,14.362205505371094,0.2724993824958801,16.966793060302734,24.74270248413086,10081.782941661091,419.8043212890625,287.6944580078125,68.53060722351074,0.049921732395887375,0.034211669117212296
40.6,0,14.385533332824707,0.272883802652359,16.96795082092285,24.69961929321289,10094.662602058228,419.1019287109375,288.4683532714844,68.83012056350708,0.04986866936087608,0.03432466462254524
40.7,0,14.301312446594238,0.26964902877807617,16.97163200378418,24.419710159301758,10093.507407610443,414.44232177734375,285.0162353515625,68.77102255821228,0.050177186727523804,0.03450736403465271
40.8,0,14.101881980895996,0.26647329330444336,16.9672794342041,24.375774383544922,10074.439122265494,413.590576171875,281.1274108886719,67.97239184379578,0.05016189068555832,0.034096237272024155
40.9,0,14.121977806091309,0.26766788959503174,16.965587615966797,24.436697006225586,10068.670144140286,414.5829162597656,282.2259826660156,68.07467937469482,0.05003783479332924,0.03406309708952904
41,0,14.26440143585205,0.2691640853881836,16.965608596801758,24.479883193969727,10071.39784848722,415.3161315917969,283.8804626464844,68.35286021232605,0.0502479188144207,0.03434588760137558
41.1,0,14.345515251159668,0.27097541093826294,16.96493911743164,24.56856918334961,10075.142030693358,416.8042907714844,285.8970642089844,68.59263777732849,0.050177205353975296,0.03441786766052246
41.2,0,14.336810111999512,0.27106717228889465,16.965282440185547,24.670930862426758,10078.911857983097,418.54931640625,286.10089111328125,68.35535764694214,0.05011103302240372,0.034253574907779694
41.3,0,14.314544677734375,0.2703407108783722,16.9660701751709,24.7200870513916,10081.631402530706,419.4027404785156,285.4111022949219,68.05180311203003,0.050154123455286026,0.03413078561425209
41.4,0,14.37324047088623,0.2690039575099945,16.96866226196289,24.50339698791504,10065.287324475836,415.78985595703125,283.5394287109375,68.19296479225159,0.05069221183657646,0.03456852212548256
41.5,0,14.564594268798828,0.27200233936309814,16.964191436767578,24.679651260375977,10049.05515224033,418.6703186035156,286.2374572753906,68.36822628974915,0.05088290572166443,0.03478774055838585
41.6,0,14.5969877243042,0.2731301188468933,16.96332550048828,24.879573822021484,10047.67031772573,422.0403137207031,287.3846740722656,68.09412837028503,0.05079250782728195,0.03458671644330025
41.7,0,14.67115306854248,0.27773651480674744,16.953615188598633,25.543947219848633,10073.31889838626,433.062255859375,292.9774475097656,67.65249967575073,0.05007604882121086,0.03387770056724548
41.8,0,15.228253364562988,0.2979104518890381,16.933156967163086,27.751678466796875,10216.410305095435,469.92352294921875,318.72247314453125,67.82432794570923,0.04777903854846954,0.03240581229329109
41.9,0,15.858142852783203,0.31951263546943665,16.919668197631836,30.74152183532715,10480.722524942326,520.1363525390625,350.677490234375,67.42029786109924,0.04522144794464111,0.030488433316349983
42,0,16.78272819519043,0.3348205089569092,16.927854537963867,33.32838821411133,10801.18582102508,564.1781005859375,378.71466064453125,67.12679266929626,0.04431496933102608,0.029747216030955315
42.1,0,17.46821403503418,0.34181246161460876,16.94024085998535,34.57046890258789,11031.040373993577,585.632080078125,394.85076904296875,67.42300987243652,0.04424004256725311,0.029827967286109924
42.2,0,17.848209381103516,0.3461480140686035,16.945636749267578,35.62092590332031,11189.424410329872,603.6192626953125,405.6002502441406,67.19471216201782,0.04400443285703659,0.02956865355372429
42.3,0,18.156566619873047,0.34938713908195496,16.95091438293457,36.277713775634766,11304.040448754022,614.9404296875,413.5892333984375,67.25679636001587,0.04389999806880951,0.02952573262155056
42.4,0,18.392791748046875,0.3513279855251312,16.954750061035156,36.68514633178711,11383.805984246395,621.9874877929688,418.8213806152344,67.33598113059998,0.04391559958457947,0.02957100048661232
42.5,0,18.57691192626953,0.35388970375061035,16.955036163330078,37.12540817260742,11437.306291386134,629.462646484375,423.85791015625,67.33646988868713,0.04382815957069397,0.02951233461499214
42.6,0,18.70481300354004,0.3568921685218811,16.95704460144043,37.369136810302734,11473.384261274032,633.6701049804688,428.8023681640625,67.66965389251709,0.04362105950713158,0.029518218711018562
42.7,0,18.77830696105957,0.35473355650901794,16.96575164794922,36.983978271484375,11480.334078930628,627.4609985351562,426.46697998046875,67.96709299087524,0.0440322645008564,0.0299274493008852
42.8,0,18.760494232177734,0.3550815284252167,16.959060668945312,37.126373291015625,11466.419289704398,629.62841796875,426.367919921875,67.71738529205322,0.044000718742609024,0.029796136543154716
42.9,0,18.845117568969727,0.35720786452293396,16.956571578979492,37.45478439331055,11464.077427297134,635.104736328125,428.8335266113281,67.52170324325562,0.0439450666308403,0.02967245690524578
43,0,18.94731903076172,0.3588140904903412,16.957155227661133,37.72442626953125,11474.162939267087,639.698974609375,431.14080810546875,67.39745140075684,0.04394694045186043,0.029619118198752403
43.1,0,18.975784301757812,0.3600600063800812,16.957000732421875,37.97177505493164,11491.76246073292,643.8873901367188,433.30145263671875,67.29459762573242,0.04379349201917648,0.02947065606713295
43.2,0,18.97636604309082,0.36195650696754456,16.958724975585938,38.13797378540039,11512.897506679203,646.7714233398438,436.38482666015625,67.4712598323822,0.04348539188504219,0.029340144246816635
43.3,0,19.1151065826416,0.36306077241897583,16.962553024291992,38.060890197753906,11529.137838714038,645.60986328125,438.3336181640625,67.89450645446777,0.04360857978463173,0.029607828706502914
43.4,0,19.075519561767578,0.3584815561771393,16.96642303466797,37.49470520019531,11507.375653905083,636.1510009765625,431.988037109375,67.90652275085449,0.044157516211271286,0.029985833913087845
43.5,0,19.034502029418945,0.3581036329269409,16.959436416625977,37.71889114379883,11491.334654110986,639.691162109375,430.93109130859375,67.36549139022827,0.04417064040899277,0.029755769297480583
43.6,0,19.042879104614258,0.35882145166397095,16.958114624023438,37.9500732421875,11490.465052639696,643.5617065429688,431.76220703125,67.08948016166687,0.04410501569509506,0.029589826241135597
43.7,0,19.059080123901367,0.3603476583957672,16.958303451538086,38.11994171142578,11497.485977119011,646.4495239257812,433.86358642578125,67.1148419380188,0.04392873868346214,0.029482703655958176
43.8,0,19.133163452148438,0.3629339039325714,16.956892013549805,38.383209228515625,11508.837423670493,650.8599243164062,437.4089050292969,67.20476746559143,0.04374205321073532,0.029396744444966316
43.9,0,19.234176635742188,0.3656052350997925,16.95890235900879,38.49197769165039,11522.30225824804,652.7816772460938,441.1439208984375,67.57908463478088,0.04360068589448929,0.029464945197105408
44,0,19.2440185546875,0.3612916171550751,16.968446731567383,38.032859802246094,11526.087239450819,645.3585815429688,436.0822448730469,67.57208704948425,0.04412933439016342,0.02981911040842533
44.1,0,19.148025512695312,0.35894888639450073,16.96221351623535,37.9013557434082,11500.027171767013,642.890869140625,432.27496337890625,67.23924279212952,0.044295936822891235,0.029784254729747772
44.2,0,19.080045700073242,0.3598083555698395,16.958168029785156,38.14986801147461,11488.532345884474,646.9518432617188,432.87689208984375,66.91021919250488,0.044077299535274506,0.029492218047380447
44.3,0,19.107500076293945,0.36184248328208923,16.95820426940918,38.33954620361328,11494.488999394238,650.1698608398438,435.5498352050781,66.99016094207764,0.04386983811855316,0.02938847430050373
44.4,0,19.155885696411133,0.36403533816337585,16.95813751220703,38.46749496459961,11508.618274774244,652.3370971679688,438.7279968261719,67.2547996044159,0.04366232827305794,0.029365012422204018
44.5,0,19.27069854736328,0.36455684900283813,16.959897994995117,38.54803466796875,11528.18430787823,653.770751953125,440.10345458984375,67.31770634651184,0.04378674551844597,0.029476232826709747
44.6,0,19.277746200561523,0.3637982904911041,16.960981369018555,38.559322357177734,11538.474980517012,654.0039672851562,439.5797424316406,67.21362471580505,0.04385494440793991,0.029476497322320938
44.7,0,19.166425704956055,0.3594505190849304,16.967622756958008,37.95433044433594,11518.89262781437,643.9947509765625,433.5892028808594,67.3280656337738,0.04420411214232445,0.029761772602796555
44.8,0,19.006532669067383,0.3597150146961212,16.96064567565918,38.043968200683594,11500.535410696613,645.250244140625,433.2167663574219,67.13933944702148,0.043873030692338943,0.029456064105033875
44.9,0,18.95435905456543,0.3610222041606903,16.960391998291016,38.091793060302734,11506.9828178517,646.0517578125,435.0347900390625,67.33745336532593,0.04356975480914116,0.029338764026761055
45,0,18.95681381225586,0.36037254333496094,16.961441040039062,38.069862365722656,11519.664311693718,645.7197265625,434.73052978515625,67.32495427131653,0.04360589385032654,0.029357649385929108
45.1,0,18.959108352661133,0.36024418473243713,16.959686279296875,38.165042877197266,11531.454056037697,647.2671508789062,435.02044677734375,67.20879077911377,0.04358210787177086,0.02929100953042507
45.2,0,18.933258056640625,0.36089977622032166,16.960620880126953,38.19557189941406,11541.474289613025,647.8206176757812,436.1908264160156,67.33203530311584,0.04340590536594391,0.02922608144581318
45.3,0,19.01799201965332,0.36077508330345154,16.967111587524414,37.88756561279297,11544.057448943286,642.842529296875,436.1376953125,67.84518361091614,0.04360547661781311,0.029584214091300964
45.4,0,18.981813430786133,0.35880833864212036,16.963672637939453,37.62889862060547,11508.092550560368,638.3243408203125,432.4087829589844,67.74123311042786,0.043897844851017,0.029736941680312157
45.5,0,19.024921417236328,0.3602508306503296,16.957914352416992,37.94076919555664,11485.193822273523,643.3963012695312,433.2832946777344,67.3431396484375,0.0439087375998497,0.02956952154636383
45.6,0,19.032270431518555,0.36147990822792053,16.957672119140625,38.19898986816406,11485.050442942467,647.7659301757812,434.756103515625,67.11623072624207,0.04377689212560654,0.02938139997422695
45.7,0,18.991378784179688,0.36199241876602173,16.95964813232422,38.29671096801758,11501.395686682954,649.4987182617188,435.99212646484375,67.12747812271118,0.0435589961707592,0.02924005500972271
45.8,0,19.058284759521484,0.36390313506126404,16.959163665771484,38.44034957885742,11522.136730890235,651.9161987304688,439.0838317871094,67.35280156135559,0.04340466111898422,0.029234256595373154
45.9,0,19.181316375732422,0.3651229441165924,16.961076736450195,38.42149353027344,11537.755752490491,651.669921875,441.15283203125,67.69575476646423,0.043479979038238525,0.029434099793434143
46,0,19.10625648498535,0.35906416177749634,16.969701766967773,37.816463470458984,11533.939297776016,641.734130859375,433.6889343261719,67.58078336715698,0.044055208563804626,0.02977285534143448
46.1,0,18.922035217285156,0.35732513666152954,16.96266746520996,37.72552490234375,11511.512672164603,639.925537109375,430.7492980957031,67.31240749359131,0.04392818361520767,0.029569121077656746
46.2,0,18.80404281616211,0.35722798109054565,16.960344314575195,37.80598068237305,11508.312865142236,641.2024536132812,430.5124816894531,67.14142560958862,0.04367827624082565,0.029326217249035835
46.3,0,18.796255111694336,0.3586476743221283,16.96038246154785,37.84276580810547,11516.875991694627,641.8277587890625,432.5450439453125,67.39269495010376,0.04345502331852913,0.029285511001944542
46.4,0,18.843280792236328,0.3597419261932373,16.960180282592773,37.87063980102539,11529.862895168651,642.2929077148438,434.35400390625,67.62553453445435,0.04338231310248375,0.029337521642446518
46.5,0,18.848134994506836,0.358688622713089,16.96100616455078,37.91832733154297,11540.53824406149,643.1329956054688,433.48321533203125,67.40180253982544,0.043480657041072845,0.029306745156645775
46.6,0,18.78753662109375,0.35788464546203613,16.962682723999023,37.825130462646484,11551.18445081387,641.6156616210938,432.91058349609375,67.47194528579712,0.043398190289735794,0.029281605035066605
46.7,0,18.73833656311035,0.35978156328201294,16.95502281188965,37.87962341308594,11536.129621052894,642.2498779296875,434.6379699707031,67.67427325248718,0.04311251640319824,0.02917608432471752
46.8,0,19.096765518188477,0.3760984539985657,16.923917770385742,40.55721664428711,11626.511055471572,686.3870239257812,457.909423828125,66.71301126480103,0.041704241186380386,0.027822155505418777
46.9,0,19.760204315185547,0.3971003592014313,16.9079532623291,44.0234489440918,11835.473025102405,744.346435546875,492.1693115234375,66.12100005149841,0.040149200707674026,0.026547053828835487
47,0,20.749778747558594,0.4192102253437042,16.904109954833984,47.631927490234375,12111.306881601055,805.1753540039062,531.6814575195312,66.03299975395203,0.039026714861392975,0.025770509615540504
47.1,0,21.713829040527344,0.4323132634162903,16.91339111328125,50.24360656738281,12363.153259445322,849.789794921875,559.7014770507812,65.86351990699768,0.03879537805914879,0.02555200085043907
47.2,0,22.471492767333984,0.4412563145160675,16.924907684326172,51.977169036865234,12547.096118649531,879.7088012695312,579.7794189453125,65.90583324432373,0.038758695125579834,0.025544241070747375
47.3,0,22.979612350463867,0.44262829422950745,16.946083068847656,52.463809967041016,12663.481667842336,889.0560913085938,586.9767456054688,66.02246761322021,0.039149101823568344,0.02584720216691494
47.4,0,23.1881103515625,0.44482067227363586,16.94138526916504,52.99761962890625,12702.104329435087,897.8530883789062,591.6832275390625,65.89978337287903,0.03919007629156113,0.02582617476582527
47.5,0,23.35768699645996,0.44900158047676086,16.937936782836914,54.03139114379883,12738.409608018563,915.1802978515625,598.9515380859375,65.44629335403442,0.038997624069452286,0.025522498413920403
47.6,0,23.50272560119629,0.4531058967113495,16.939613342285156,54.82345962524414,12784.578918304505,928.688232421875,606.6172485351562,65.31980037689209,0.03874391317367554,0.025307444855570793
47.7,0,23.603923797607422,0.45649728178977966,16.943843841552734,55.28165817260742,12841.643892065154,936.6837768554688,613.8855590820312,65.53818583488464,0.03845003619790077,0.02519945800304413
47.8,0,23.671602249145508,0.4583622217178345,16.94451141357422,55.79711151123047,12900.56813438707,945.4547729492188,619.2218627929688,65.49460291862488,0.03822798281908035,0.025037264451384544
47.9,0,23.76060676574707,0.46005457639694214,16.947813034057617,55.96668243408203,12944.721974238888,948.5128784179688,623.6353149414062,65.74874520301819,0.03810016065835953,0.02505037933588028
48,0,23.870227813720703,0.4547545313835144,16.961257934570312,55.10496139526367,12938.294383739312,934.6494750976562,616.1446533203125,65.92254042625427,0.03874127194285393,0.025539230555295944
48.1,0,23.747787475585938,0.4535296857357025,16.950481414794922,55.20891189575195,12901.349143751364,935.817626953125,612.73046875,65.4754102230072,0.0387573167681694,0.025376511737704277
48.2,0,23.792665481567383,0.45582956075668335,16.94672966003418,55.58056640625,12889.347244624843,941.9088134765625,615.2647705078125,65.32105207443237,0.038670614361763,0.02526005171239376
48.3,0,23.824386596679688,0.45930811762809753,16.94561004638672,55.984169006347656,12897.36949305032,948.6859130859375,620.3458251953125,65.3900146484375,0.03840500861406326,0.025113040581345558
48.4,0,23.931936264038086,0.4618443250656128,16.94453239440918,56.38010025024414,12927.054843007192,955.3344116210938,625.2069702148438,65.44378399848938,0.03827841952443123,0.025050846859812737
48.5,0,23.98434829711914,0.4630448520183563,16.946563720703125,56.65864562988281,12962.994096306506,960.1693725585938,628.5748291015625,65.46499729156494,0.03815671056509018,0.02497928962111473
48.6,0,23.963672637939453,0.4600217342376709,16.96030044555664,56.196998596191406,12994.425643319664,953.1179809570312,625.9851684570312,65.67761898040771,0.03828153386712074,0.025142399594187737
48.7,0,23.881811141967773,0.4538206458091736,16.961545944213867,55.28282165527344,12959.859567678766,937.68212890625,615.9041748046875,65.68368673324585,0.03877520561218262,0.025468984618782997
48.8,0,23.66388702392578,0.45325687527656555,16.9514217376709,55.453678131103516,12932.406505681032,940.0186767578125,613.8359985351562,65.30040502548218,0.03855082765221596,0.025173846632242203
48.9,0,23.656314849853516,0.45467352867126465,16.949356079101562,55.65663146972656,12936.611133706416,943.3440551757812,615.9547729492188,65.29481410980225,0.03840592876076698,0.025077080354094505
49,0,23.77022361755371,0.4563940167427063,16.948596954345703,55.83911895751953,12949.134094304338,946.3947143554688,618.884033203125,65.39385914802551,0.038408201187849045,0.025116605684161186
49.1,0,23.88921356201172,0.45915311574935913,16.945980072021484,56.240135192871094,12961.413426608025,953.044189453125,623.2158813476562,65.39213061332703,0.03833216428756714,0.02506621740758419
49.2,0,24.040618896484375,0.46087443828582764,16.948322296142578,56.43611526489258,12979.124853893218,956.4974975585938,626.4070434570312,65.48967361450195,0.03837858885526657,0.02513401210308075
49.3,0,24.033584594726562,0.4561821520328522,16.96355438232422,55.63935852050781,12969.401870150568,943.84130859375,619.56494140625,65.64291715621948,0.03879106417298317,0.025463586673140526
49.4,0,23.94755744934082,0.45446255803108215,16.953554153442383,55.48683547973633,12922.740640533684,940.6990966796875,615.0088500976562,65.37784934043884,0.03893855959177017,0.025457192212343216
49.5,0,23.854814529418945,0.4564739465713501,16.946170806884766,55.9346809387207,12901.152142881863,947.878662109375,616.6987915039062,65.06094336509705,0.03868146613240242,0.025166528299450874
49.6,0,23.972625732421875,0.4606141746044159,16.945003509521484,56.40608596801758,12899.229927297205,955.8013305664062,622.1995849609375,65.09716510772705,0.03852883726358414,0.025081180036067963
49.7,0,24.20993995666504,0.4649542570114136,16.941408157348633,56.957489013671875,12905.960596057552,964.9400634765625,628.389892578125,65.12216925621033,0.03852694109082222,0.025089578703045845
49.8,0,24.55873680114746,0.4695907235145569,16.941953659057617,57.56662368774414,12920.968798393793,975.2910766601562,635.3941650390625,65.14918208122253,0.03865118697285652,0.025180930271744728
49.9,0,24.807722091674805,0.47358840703964233,16.943180084228516,58.06971740722656,12933.77851765383,983.8856811523438,641.4385986328125,65.19442796707153,0.038675129413604736,0.025214029476046562
50,0,24.726299285888672,0.4675936996936798,16.959224700927734,57.0902214050293,12907.993551775951,968.2058715820312,632.056640625,65.28122425079346,0.0391203835606575,0.025538265705108643
50.1,0,24.592491149902344,0.46731871366500854,16.947622299194336,57.362457275390625,12880.584785831716,972.1572875976562,630.3436279296875,64.83967900276184,0.03901442140340805,0.025296824052929878
50.2,0,24.569080352783203,0.47073566913604736,16.942598342895508,57.896297454833984,12880.99161011252,980.9136962890625,634.97265625,64.7327721118927,0.038693130016326904,0.02504713647067547
50.3,0,24.653528213500977,0.47267916798591614,16.945545196533203,58.12885284423828,12901.800264085665,985.0250854492188,638.6242065429688,64.8332953453064,0.038604121655225754,0.025028325617313385
50.4,0,24.829050064086914,0.47646716237068176,16.942110061645508,58.645442962646484,12926.531450164553,993.5775756835938,644.97607421875,64.91451859474182,0.03849608078598976,0.024989543482661247
50.5,0,25.029829025268555,0.47903305292129517,16.944717407226562,59.00826644897461,12955.165351693675,999.87841796875,649.8858032226562,64.99648690223694,0.03851419314742088,0.025032872334122658
50.6,0,25.079774856567383,0.4763283431529999,16.959360122680664,58.54368209838867,12967.255842927188,992.8634033203125,646.8195190429688,65.1468813419342,0.03877399116754532,0.025260046124458313
50.7,0,24.950645446777344,0.47257062792778015,16.95553970336914,57.96946716308594,12920.181960601407,982.9036254882812,639.3872680664062,65.05085825920105,0.039022743701934814,0.025384631007909775
50.8,0,24.776329040527344,0.473385751247406,16.946199417114258,58.36595916748047,12896.193316261408,989.0811767578125,639.3009033203125,64.63583707809448,0.03875534608960152,0.0250498428940773
50.9,0,24.855857849121094,0.47546443343162537,16.945945739746094,58.627567291259766,12902.216413851414,993.4995727539062,642.4080810546875,64.66112732887268,0.038691695779561996,0.025018488988280296
51,0,24.833486557006836,0.4771164655685425,16.94745445251465,58.81855773925781,12928.09463457876,996.8248291015625,645.93310546875,64.79905843734741,0.038445912301540375,0.02491258829832077
51.1,0,24.844316482543945,0.47899097204208374,16.94623374938965,59.24169921875,12968.457664799707,1003.9237060546875,650.4954833984375,64.79530930519104,0.03819291293621063,0.024747217074036598
51.2,0,24.838356018066406,0.47841647267341614,16.95064926147461,59.13306427001953,13008.409207997376,1002.3438110351562,651.716796875,65.01928567886353,0.03811218962073326,0.02478027530014515
51.3,0,24.73674964904785,0.4701588749885559,16.96651840209961,57.87322235107422,13004.271024052237,981.9071044921875,640.2642822265625,65.20619988441467,0.038635216653347015,0.025192556902766228
51.4,0,24.55337142944336,0.46730196475982666,16.953479766845703,57.65131759643555,12964.45936312877,977.3904418945312,634.425537109375,64.91013765335083,0.03870173916220665,0.025121353566646576
51.5,0,24.503009796142578,0.4673963487148285,16.949983596801758,57.74758529663086,12946.97874159601,978.8206176757812,633.6980590820312,64.74097967147827,0.03866669535636902,0.025033196434378624
51.6,0,24.486515045166016,0.4688678979873657,16.948974609375,57.877967834472656,12951.887443734879,980.9722290039062,635.9342041015625,64.82693552970886,0.038504794239997864,0.024961477145552635
51.7,0,24.666767120361328,0.4765864312648773,16.92938995361328,59.05744934082031,12981.169466467802,999.8065795898438,647.8643798828125,64.79897499084473,0.03807396814227104,0.024671539664268494
51.8,0,25.187393188476562,0.4962635636329651,16.898223876953125,62.639469146728516,13108.418039937997,1058.4957275390625,681.2261352539062,64.35794234275818,0.03697361797094345,0.023795459419488907
51.9,0,26.06130027770996,0.5192694664001465,16.885723114013672,66.98314666748047,13321.005291841893,1131.058837890625,724.3665771484375,64.04322385787964,0.035978052765131,0.023041507229208946
52,0,26.82114028930664,0.5349510312080383,16.886611938476562,70.58724975585938,13522.584974451724,1191.9794921875,757.534423828125,63.55263590812683,0.03540583699941635,0.022501343861222267
52.1,0,27.64777946472168,0.5492984652519226,16.87933921813965,74.69112396240234,13701.713552052153,1260.73681640625,788.1554565429688,62.515461444854736,0.035079095512628555,0.02192985825240612
52.2,0,28.458953857421875,0.5606430768966675,16.890708923339844,77.58623504638672,13841.450115551721,1310.486572265625,812.6371459960938,62.01034188270569,0.03502049297094345,0.021716326475143433
52.3,0,29.007564544677734,0.5728760361671448,16.901634216308594,79.72530364990234,13962.13005056252,1347.4879150390625,837.6082763671875,62.160724401474,0.03463141992688179,0.021527143195271492
52.4,0,29.408523559570312,0.5827916860580444,16.902896881103516,81.84031677246094,14077.56556597637,1383.33837890625,859.1510620117188,62.10707426071167,0.03422974795103073,0.021259095519781113
52.5,0,29.756298065185547,0.588648796081543,16.9094181060791,83.27861022949219,14184.95901630923,1408.19287109375,874.4056396484375,62.0941698551178,0.034030310809612274,0.021130841225385666
52.6,0,29.795368194580078,0.5831400752067566,16.94306755065918,82.5454330444336,14248.117028796989,1398.5728759765625,870.07958984375,62.211960554122925,0.034244418144226074,0.021304123103618622
52.7,0,29.557676315307617,0.5807052850723267,16.933700561523438,82.4200668334961,14240.394361575429,1395.6767578125,865.9771118164062,62.04711198806763,0.03413216769695282,0.021178023889660835
52.8,0,29.447063446044922,0.5813592672348022,16.92168426513672,83.0446548461914,14223.743708202934,1405.25537109375,865.9386596679688,61.621445417404175,0.03400594741106033,0.020954953506588936
52.9,0,29.643943786621094,0.5849354267120361,16.917724609375,83.81866455078125,14250.634909732624,1418.0211181640625,872.91259765625,61.55850291252136,0.033959805965423584,0.0209051501005888
53,0,29.75037956237793,0.586812436580658,16.918882369995117,84.216796875,14300.351401355201,1424.8541259765625,878.768798828125,61.67430281639099,0.033854614943265915,0.020879598334431648
53.1,0,29.932025909423828,0.5890752077102661,16.922069549560547,84.87821960449219,14353.184936321244,1436.315185546875,885.4165649414062,61.64500713348389,0.03380558639764786,0.020839456468820572
53.2,0,30.20796775817871,0.5939406752586365,16.922222137451172,85.4168930053711,14383.711911294564,1445.443603515625,894.6283569335938,61.89299821853638,0.033765941858291626,0.02089875191450119
53.3,0,30.2587890625,0.5910804271697998,16.93918800354004,84.48611450195312,14353.77477324413,1431.126220703125,888.467041015625,62.0816707611084,0.03405730053782463,0.021143341436982155
53.4,0,30.076261520385742,0.584208607673645,16.93252182006836,84.17268371582031,14304.735544965812,1425.255859375,875.1376953125,61.40214800834656,0.03436746075749397,0.021102359518408775
53.5,0,29.787567138671875,0.5838289856910706,16.927001953125,84.27006530761719,14277.036523302606,1426.4395751953125,872.8755493164062,61.19260787963867,0.03412578999996185,0.020882459357380867
53.6,0,29.694395065307617,0.5860152840614319,16.92251968383789,84.3763656616211,14289.173641960853,1427.8607177734375,876.8890991210938,61.41279339790344,0.03386333957314491,0.02079642191529274
53.7,0,29.796152114868164,0.5905806422233582,16.89975357055664,85.60746765136719,14305.615637607665,1446.7451171875,884.7373657226562,61.153644323349,0.03367796167731285,0.020595300942659378
53.8,0,30.036365509033203,0.5965096354484558,16.905729293823242,86.64360809326172,14341.937235789796,1464.7734375,895.8883666992188,61.162251234054565,0.03352690488100052,0.020505810156464577
53.9,0,30.1414852142334,0.5985976457595825,16.92491912841797,86.71019744873047,14380.400198452835,1467.5631103515625,901.4353637695312,61.42396330833435,0.03343721106648445,0.020538460463285446
54,0,30.08473777770996,0.5928657054901123,16.939502716064453,85.6591567993164,14368.350506215962,1451.0235595703125,892.0554809570312,61.477673053741455,0.03372518718242645,0.020733458921313286
54.1,0,29.839229583740234,0.586041271686554,16.921674728393555,85.4183578491211,14300.141577943898,1445.421630859375,877.60107421875,60.715919733047485,0.034000903367996216,0.020643962547183037
54.2,0,29.93468475341797,0.588479220867157,16.914731979370117,85.8609390258789,14269.98762236845,1452.3148193359375,879.3936767578125,60.55117845535278,0.034040141850709915,0.020611705258488655
54.3,0,29.97634506225586,0.5930171012878418,16.90285301208496,86.1467056274414,14247.240433211991,1456.1251220703125,884.7622680664062,60.76141595840454,0.033880677074193954,0.02058638073503971
54.4,0,30.113971710205078,0.5971860885620117,16.892332077026367,87.73185729980469,14266.636276215697,1481.9957275390625,892.1951904296875,60.202282667160034,0.033752672374248505,0.020319879055023193
54.5,0,30.132057189941406,0.5990087985992432,16.889631271362305,88.68325805664062,14283.394172665081,1497.8275146484375,895.9695434570312,59.81793999671936,0.033630672842264175,0.020117174834012985
54.6,0,30.17655372619629,0.6004480123519897,16.916290283203125,88.30157470703125,14329.009782282308,1493.735107421875,900.990478515625,60.317957401275635,0.033492643386125565,0.02020207978785038
54.7,0,29.947872161865234,0.5895898938179016,16.931739807128906,87.02040100097656,14344.97034976874,1473.40673828125,885.6829833984375,60.11123061180115,0.03381330892443657,0.020325597375631332
54.8,0,29.45828628540039,0.5803866982460022,16.91381072998047,86.11583709716797,14287.667576141946,1456.5469970703125,868.3751831054688,59.61875915527344,0.03392345458269119,0.020224742591381073
54.9,0,29.085941314697266,0.5794074535369873,16.901119232177734,85.77547454833984,14275.852186714363,1449.7015380859375,866.193115234375,59.74975824356079,0.03357904776930809,0.020063400268554688
55,0,29.03614044189453,0.5789301991462708,16.894107818603516,85.93029022216797,14290.582955873439,1451.715576171875,866.3727416992188,59.67923402786255,0.033514607697725296,0.020001260563731194
55.1,0,29.079044342041016,0.5761983394622803,16.88112449645996,86.91746520996094,14283.00716503979,1467.2645263671875,861.8273315429688,58.73700976371765,0.033741146326065063,0.019818542525172234
55.2,0,29.438961029052734,0.5843693614006042,16.874435424804688,88.20182037353516,14284.801155206427,1488.35595703125,874.1586303710938,58.733171224594116,0.033676907420158386,0.019779516384005547
55.3,0,29.86955451965332,0.5940113663673401,16.899410247802734,88.45252227783203,14347.60946200868,1494.79541015625,892.4890747070312,59.70643758773804,0.033467695116996765,0.019982369616627693
55.4,0,29.62584686279297,0.5762825608253479,16.91670799255371,86.5262680053711,14310.00327827513,1463.7396240234375,863.58251953125,58.99837017059326,0.03430575132369995,0.020239833742380142
55.5,0,29.18375587463379,0.5742954015731812,16.901565551757812,85.97930145263672,14255.561097155765,1453.184814453125,857.3305053710938,58.99665951728821,0.034040264785289764,0.020082619041204453
55.6,0,28.942354202270508,0.5729128122329712,16.89402198791504,85.62594604492188,14250.859887056964,1446.566650390625,854.9844360351562,59.10439491271973,0.033851321786642075,0.020007619634270668
55.7,0,28.855382919311523,0.5709435939788818,16.88026237487793,86.35124206542969,14269.009612134656,1457.631591796875,853.130859375,58.52856636047363,0.0338229276239872,0.01979607343673706
55.8,0,28.854290008544922,0.5748351812362671,16.86888885498047,87.63983154296875,14285.01097861773,1478.3865966796875,859.9090576171875,58.16537141799927,0.0335550457239151,0.01951741799712181
55.9,0,29.131431579589844,0.5804797410964966,16.88804817199707,87.89521789550781,14338.455332847789,1484.378662109375,871.6016845703125,58.718281984329224,0.03342287242412567,0.019625337794423103
56,0,29.442880630493164,0.577777087688446,16.9134464263916,87.09724426269531,14371.298525144766,1473.1146240234375,869.53076171875,59.02668833732605,0.03386065363883972,0.019986823201179504
56.1,0,29.509626388549805,0.5730487704277039,16.89788055419922,86.3334732055664,14263.625310263502,1458.8526611328125,855.9534301757812,58.67305397987366,0.03447574004530907,0.02022796869277954
56.2,0,29.66828155517578,0.5788701772689819,16.887346267700195,86.67638397216797,14206.801633425852,1463.734130859375,861.2041625976562,58.83610248565674,0.03444976732134819,0.02026890031993389
56.3,0,29.713563919067383,0.5805518627166748,16.878353118896484,86.8753662109375,14174.299987015049,1466.3131103515625,861.7301025390625,58.76849293708801,0.03448128700256348,0.02026413381099701
56.4,0,29.700239181518555,0.586418628692627,16.863990783691406,88.60929107666016,14173.843038252657,1494.3062744140625,870.4102172851562,58.24844837188721,0.03412211686372757,0.019875602796673775
56.5,0,29.750791549682617,0.5870882272720337,16.867679595947266,89.37213897705078,14186.602633031103,1507.5006103515625,872.1885986328125,57.85660147666931,0.034110505133867264,0.019735177978873253
56.6,0,29.888574600219727,0.5954475402832031,16.884258270263672,89.76631927490234,14246.475743446354,1515.6376953125,888.3406982421875,58.61167907714844,0.0336453951895237,0.019720131531357765
56.7,0,26.634666442871094,0.36251676082611084,17.293798446655273,60.37057113647461,13379.495899113785,1044.0364990234375,507.92132568359375,48.6497700214386,0.05243856459856033,0.02551124058663845
56.8,0,19.173748016357422,0.1811947226524353,17.313627243041992,32.176334381103516,11088.325662336094,557.0890502929688,210.3972930908203,37.767261266708374,0.09113115817308426,0.03441774472594261
56.9,0,12.877802848815918,0.08424802869558334,17.189245223999023,17.119426727294922,8839.39928952456,294.27001953125,77.9850082397461,26.5011727809906,0.16513177752494812,0.043761856853961945
57,0,8.439417839050293,0.03326859325170517,17.09735679626465,9.097212791442871,6968.642313646516,155.53829956054688,24.27790641784668,15.608957409858704,0.3476172089576721,0.05425942316651344
57.1,0,5.448396682739258,0.004731109365820885,17.04325294494629,4.82681131362915,5479.2242338982605,82.26456451416016,2.714630126953125,3.299877792596817,2.007049322128296,0.0662301778793335
57.2,0,3.484625816345215,-0.010029606521129608,17.013273239135742,2.551023006439209,4297.696947996057,43.40125274658203,-4.513862133026123,-10.400304198265076,-0.7719832062721252,0.0802886039018631
57.3,0,2.1771891117095947,-0.01717296428978443,16.996856689453125,1.3291029930114746,3355.54903224988,22.590572357177734,-6.034447193145752,-26.712235808372498,-0.36079347133636475,0.09637600183486938
57.4,0,1.34416663646698,-0.020196013152599335,16.987960815429688,0.668941855430603,2601.9472682147734,11.363958358764648,-5.5029144287109375,-48.42427670955658,-0.24426449835300446,0.11828331649303436
57.5,0,0.8156934976577759,-0.019945835694670677,16.98308563232422,0.31031376123428345,2000.2978701167208,5.270085334777832,-4.178068161010742,-79.27895188331604,-0.19523221254348755,0.15477804839611053
57.6,0,0.488155722618103,-0.017968837171792984,16.980453491210938,0.1289994716644287,1514.6215142132787,2.19046950340271,-2.8500516414642334,-130.11144399642944,-0.17127960920333862,0.2228543758392334
57.7,0,0.3005446195602417,-0.015183541923761368,16.979036331176758,0.035846125334501266,1141.3492354178184,0.6086326837539673,-1.8147644996643066,-200,-0.16561082005500793,0.4938029646873474
57.8,0,0.18555432558059692,-0.012039014138281345,16.978195190429688,-0.007776557933539152,843.2387624757663,-0.13203191757202148,-1.063090205192566,200,-0.1745424121618271,-1.4053747653961182
57.9,0,0.1257128268480301,-0.009216077625751495,16.977712631225586,-0.04136621206998825,751.6657059337316,-0.7023036479949951,-0.7254366278648376,103.29387187957764,-0.1732926368713379,-0.17900067567825317
58,0,0.09006194770336151,-0.006632110103964806,16.977405548095703,-0.05453554540872574,675.8503147251855,-0.9258720874786377,-0.4693867862224579,50.69672465324402,-0.1918714940547943,-0.09727256000041962
58.1,0,0.07191969454288483,-0.0038139240350574255,16.97718620300293,-0.0465131513774395,600.0348506612883,-0.7896624207496643,-0.23964983224868774,30.348390340805054,-0.30010324716567993,-0.09107650816440582
58.2,0,0.05845129117369652,-0.0021595873404294252,16.97709083557129,-0.062164269387722015,524.2194594527421,-1.055368423461914,-0.11855299770832062,11.23332753777504,-0.4930393397808075,-0.05538472533226013
58.3,0,0.04808903858065605,0.0017186697805300355,16.976970672607422,-0.06834319233894348,448.4039953888448,-1.1602603197097778,0.08070316165685654,-6.955607235431671,0.5958755612373352,-0.04144676402211189
58.4,0,0.041165534406900406,0.0026729260571300983,16.976903915405273,-0.06139066442847252,372.58860418029866,-1.0422234535217285,0.10429058969020844,-10.006548464298248,0.39471954107284546,-0.03949780389666557
58.5,0,0.03618182614445686,0.0037211612798273563,16.976863861083984,-0.07452143728733063,296.7731401164014,-1.2651402950286865,0.11564628779888153,-9.14098545908928,0.31286630034446716,-0.02859906293451786
58.6,0,0.03331247717142105,0.004261774942278862,16.97685432434082,-0.08458173274993896,220.9577124801797,-1.4359318017959595,0.09861166775226593,-6.867434084415436,0.3378147780895233,-0.023199206218123436
58.7,0,0.03037714771926403,0.004506499040871859,16.97686004638672,-0.07992848008871078,145.142284843958,-1.356934666633606,0.06849546730518341,-5.047809332609177,0.4434913396835327,-0.022386595606803894
58.8,0,0.028766769915819168,0.004601457621902227,16.97685432434082,-0.0796675756573677,69.32682078006073,-1.352504849433899,0.03340606391429901,-2.469940669834614,0.8611241579055786,-0.02126925438642502
58.9,0,0.02760753408074379,0.004681541118770838,16.97686195373535,-0.08789540827274323,0,-1.4921882152557373,0,0,0,-0.01850137487053871
59,0,0.027960265055298805,0.004698682576417923,16.97684097290039,-0.08425690233707428,0,-1.4304159879684448,0,0,0,-0.01954694651067257
59.1,0,0.02827642112970352,0.0047091650776565075,16.976831436157227,-0.07636944949626923,0,-1.2965112924575806,0,0,0,-0.021809622645378113
59.2,0,0.038673654198646545,0.004730417393147945,16.976835250854492,-0.08011027425527573,0,-1.3600189685821533,0,0,0,-0.028436115011572838
59.3,0,0.038673654198646545,0.004730417393147945,16.976835250854492,-0.08011027425527573,0,-1.3600189685821533,0,0,0,-0.028436115011572838
59.4,0,0.038673654198646545,0.004730417393147945,16.976835250854492,-0.08011027425527573,0,-1.3600189685821533,0,0,0,-0.028436115011572838
