Time (s),Powertrain 1 - ESC throttle (μs),Powertrain 1 - force Fz (thrust) (N),Powertrain 1 - torque MZ (torque) (N⋅m),Powertrain 1 - voltage (V),Powertrain 1 - current (A),Powertrain 1 - rotation speed (rpm),Powertrain 1 - electrical power (W),Powertrain 1 - mechanical power (W),Powertrain 1 - motor & ESC efficiency (%),Powertrain 1 - propeller efficiency (N/W),Powertrain 1 - powertrain efficiency (N/W),Powertrain 1 - Temperature PT100 2 (°C)
0,1000,-0.0005006607971154153,-0.0002201743482146412,16.97469711303711,-0.000047058947529876605,0,-0.0007988113793544471,0,0,0,0.6267572045326233,26.608697509765648
0.1,1000,-0.0006256978958845139,-0.00023030680313240737,16.974735260009766,-0.004180186428129673,0,-0.07095755636692047,0,0,0,0.008817917667329311,26.608483886718773
0.2,1000,-0.001780362450517714,-0.0002458035305608064,16.974733352661133,-0.0014136689715087414,0,-0.02399665303528309,0,0,0,0.074192114174366,26.608575439453148
0.3,1000,-0.0009451457881368697,-0.0001853859139373526,16.974733352661133,0.0025148673448711634,0,0.04268920421600342,0,0,0,-0.02214016020298004,26.607995605468773
0.4,1000,-0.0017017313512042165,-0.0002068582398351282,16.974729537963867,0.0002927877940237522,0,0.004969993606209755,0,0,0,-0.3424011170864105,26.608239746093773
0.5,1000,-0.0017403278034180403,-0.0002383635292062536,16.974721908569336,-0.0021764009725302458,0,-0.03694380074739456,0,0,0,0.04710743576288223,26.608514404296898
0.6,1000,-0.0021639999467879534,-0.00021864798327442259,16.974733352661133,-0.013636806048452854,0,-0.2314811497926712,0,0,0,0.009348493069410324,26.608544921875023
0.7,1000,-0.001711542485281825,-0.0002524035226088017,16.974668502807617,-0.003204402746632695,0,-0.05439367517828941,0,0,0,0.031465835869312286,26.608422851562523
0.8,1000,-0.001648930017836392,-0.00025577167980372906,16.97464370727539,-0.005280989687889814,0,-0.08964291960000992,0,0,0,0.01839442551136017,26.608453369140648
0.9,1000,-0.0013729978818446398,-0.00032082406687550247,16.974666595458984,-0.013044510036706924,0,-0.22142620384693146,0,0,0,0.006200701929628849,26.608270263671898
1,1000,-0.0012637365143746138,-0.000301453226711601,16.974645614624023,-0.018892254680395126,0,-0.32068932056427,0,0,0,0.003940687980502844,26.608331298828148
1.1,1000,-0.0009535971912555397,-0.00030358126969076693,16.974681854248047,-0.0178634375333786,0,-0.30322617292404175,0,0,0,0.003144838148728013,26.608422851562523
1.2,1000,-0.0018463454907760024,-0.00031134180608205497,16.974681854248047,-0.014427866786718369,0,-0.24490845203399658,0,0,0,0.007538921199738979,26.608361816406273
1.3,1000,-0.0019812583923339844,-0.00028854008996859193,16.974674224853516,-0.01236097514629364,92.04383871422638,-0.20982351899147034,-0.0027811825275421143,1.3254865072667599,0.7123798131942749,0.009442498907446861,26.608270263671898
1.4,1000,-0.0023319576866924763,-0.00029328875825740397,16.97467041015625,-0.008826439268887043,188.1996880886917,-0.14982590079307556,-0.005780200939625502,3.857945278286934,0.40343886613845825,0.015564450062811375,26.608850097656273
1.5,1000,-0.0022002735640853643,-0.00032869598362594843,16.974660873413086,-0.004870669916272163,284.35554657007583,-0.08267796784639359,-0.009787791408598423,11.838451772928238,0.22479775547981262,0.026612574234604836,26.609033203125023
1.6,1000,-0.0021319896914064884,-0.00034535062150098383,16.97467803955078,-0.018247006461024284,380.51140505146003,-0.30973705649375916,-0.013761207461357117,4.442867636680603,0.15492752194404602,0.006883224472403526,26.609277343750023
1.7,1000,-0.0017776575405150652,-0.00030493325903080404,16.974700927734375,-0.007469850592315197,476.66724531900644,-0.12679848074913025,-0.015221194364130497,12.004239857196808,0.11678831279277802,0.014019548892974854,26.609368896484398
1.8,1000,-0.0015095561975613236,-0.0002467531885486096,16.974695205688477,-0.0003745729918591678,572.8230855865528,-0.006358262151479721,-0.014801710844039917,200,0.10198525339365005,0.23741646111011505,26.609368896484398
1.9,1000,-0.001366100157611072,-0.0002984493912663311,16.974699020385742,-0.009341041557490826,668.9789622817748,-0.1585613638162613,-0.020907966420054436,13.18604052066803,0.06533873826265335,0.008615592494606972,26.608972167968773
2,2000,-0.0018072484526783228,-0.0002839897060766816,16.97468376159668,-0.0048933872021734715,765.1347661216456,-0.08306369930505753,-0.022754596546292305,27.39415168762207,0.0794234424829483,0.021757379174232483,26.609124755859398
2.1,2000,-0.00915893167257309,-0.0004846465599257499,16.9747371673584,-0.016586657613515854,861.2906428168676,-0.2815541625022888,-0.04371228069067001,15.525354444980621,0.2095276415348053,0.032529912889003754,26.609368896484398
2.2,2000,-0.030603546649217606,0.01531982421875,16.973711013793945,0.042494844645261765,957.4465195120896,0.7212952375411987,1.5360201597213745,200,-0.019923921674489975,-0.042428601533174515,26.609735107421898
2.3,2000,-0.07660938799381256,0.029118632897734642,16.972301483154297,0.19558307528495789,1053.6023962073116,3.3194949626922607,3.2127456665039062,96.78417444229126,-0.023845456540584564,-0.02307862788438797,26.610009765625023
2.4,2000,-0.16137534379959106,0.0364607498049736,16.971277236938477,0.4150697588920593,1182.5293384018769,7.04426383972168,4.515087127685547,64.095938205719,-0.03574135899543762,-0.022908758372068405,26.610253906250023
2.5,2000,-0.305137038230896,0.042008768767118454,16.970504760742188,0.7011037468910217,1474.489872587574,11.89808464050293,6.486499309539795,54.517173767089844,-0.047041866928339005,-0.025645896792411804,26.610162353515648
2.6,2000,-0.5057189464569092,0.04712267965078354,16.970001220703125,1.0264033079147339,1870.24800839493,17.418066024780273,9.229066848754883,52.985602617263794,-0.05479632318019867,-0.029034161940217018,26.610131835937523
2.7,2000,-0.7917925715446472,0.052065957337617874,16.96945571899414,1.4049628973007202,2315.1112337180402,23.841455459594727,12.622760772705078,52.94458866119385,-0.06272736936807632,-0.03321074694395065,26.610040283203148
2.8,2000,-1.1379363536834717,0.0575849674642086,16.96870231628418,1.8121331930160522,2779.290015447893,30.749547958374023,16.759906768798828,54.50456142425537,-0.06789633631706238,-0.03700660169124603,26.610284423828148
2.9,2000,-1.5523117780685425,0.06368984282016754,16.967782974243164,2.2717206478118896,3246.9916448270983,38.54606246948242,21.656085968017578,56.18235468864441,-0.07168016582727432,-0.04027160257101059,26.610040283203148
3,2000,-2.0077614784240723,0.07075304538011551,16.966703414916992,2.810088634490967,3711.626938187237,47.677940368652344,27.500341415405273,57.67937898635864,-0.07300860434770584,-0.04211090877652168,26.610223388671898
3.1,2000,-2.46730899810791,0.08044981956481934,16.96550750732422,3.44158935546875,4171.385294341609,58.388309478759766,35.142608642578125,60.187745094299316,-0.07020847499370575,-0.04225689917802811,26.610009765625023
3.2,2000,-3.1011056900024414,0.08948276191949844,16.96467399597168,4.164793491363525,4627.59617773794,70.65436553955078,43.36341094970703,61.37400269508362,-0.07151433825492859,-0.043891213834285736,26.610101318359398
3.3,2000,-3.7297394275665283,0.10056433826684952,16.963171005249023,5.023591995239258,5082.224934328768,85.21604919433594,53.52128219604492,62.80657649040222,-0.06968703866004944,-0.04376804083585739,26.609521484375023
3.4,2000,-4.415886402130127,0.11238613724708557,16.961122512817383,5.991450786590576,5533.819119833629,101.62173461914062,65.1277847290039,64.08844590187073,-0.06780341267585754,-0.04345415532588959,26.608453369140648
3.5,2000,-5.167211532592773,0.12477940320968628,16.958585739135742,7.117610454559326,5982.216995372977,120.70460510253906,78.1688461303711,64.76044654846191,-0.06610321253538132,-0.04280873388051987,26.607598876953148
3.6,2000,-5.99945068359375,0.1394789218902588,16.955371856689453,8.429105758666992,6428.706060712279,142.9186248779297,93.89895629882812,65.70099592208862,-0.06389262527227402,-0.04197809100151062,26.606408691406273
3.7,2000,-6.875492095947266,0.15413765609264374,16.951990127563477,9.93011474609375,6873.956585082086,168.335205078125,110.95430755615234,65.91271162033081,-0.06196688115596771,-0.04084405303001404,26.605371093750023
3.8,2000,-7.8201375007629395,0.17065845429897308,16.94805908203125,11.644566535949707,7319.664641057095,197.35279846191406,130.81201171875,66.28332734107971,-0.05978149548172951,-0.03962516412138939,26.605371093750023
3.9,2000,-8.878668785095215,0.18974386155605316,16.944028854370117,13.553905487060547,7769.833193050715,229.6577606201172,154.38604736328125,67.22439527511597,-0.05750953033566475,-0.038660433143377304,26.604608154296898
4,2000,-9.933228492736816,0.20625919103622437,16.939823150634766,15.64449405670166,8219.261534676683,265.01495361328125,177.53121948242188,66.98912978172302,-0.055952008813619614,-0.03748176619410515,26.603509521484398
4.1,2000,-11.077078819274902,0.2273799031972885,16.934728622436523,17.980091094970703,8666.253010517494,304.48797607421875,206.35360717773438,67.77069568634033,-0.05368008464574814,-0.036379363387823105,26.602410888671898
4.2,2000,-12.216650009155273,0.24758324027061462,16.92925453186035,20.549449920654297,9108.592817898285,347.8868713378906,236.1571807861328,67.88332462310791,-0.051731012761592865,-0.035116732120513916,26.600610351562523
4.3,2000,-13.423199653625488,0.27102455496788025,16.922557830810547,23.474029541015625,9542.08915133547,397.2406311035156,270.82000732421875,68.17530393600464,-0.04956502467393875,-0.033791106194257736,26.599572753906273
4.4,2000,-14.620745658874512,0.296323299407959,16.9155216217041,26.714508056640625,9976.608956745567,451.88983154296875,309.58319091796875,68.50855350494385,-0.047227196395397186,-0.03235466778278351,26.597711181640648
4.5,2000,-15.981307983398438,0.32239657640457153,16.908178329467773,30.28281593322754,10412.525253526444,512.0272216796875,351.540283203125,68.65655779838562,-0.045460816472768784,-0.03121183067560196,26.595361328125023
4.6,2000,-17.31393814086914,0.34908315539360046,16.900171279907227,34.220497131347656,10845.761639070739,578.332275390625,396.4765930175781,68.55515837669373,-0.043669506907463074,-0.029937701299786568,26.593896484375023
4.7,2000,-18.935543060302734,0.37372785806655884,16.891435623168945,38.55099105834961,11273.430710101798,651.1815795898438,441.20477294921875,67.7544891834259,-0.04291781038045883,-0.02907874435186386,26.592309570312523
4.8,2000,-20.283817291259766,0.4025246202945709,16.88117027282715,43.38172149658203,11695.314483408994,732.334228515625,492.9841613769531,67.31683015823364,-0.0411449670791626,-0.0276974868029356,26.590142822265648
4.9,2000,-21.740108489990234,0.43276068568229675,16.869564056396484,48.729270935058594,12107.803996317916,822.0415649414062,548.7086181640625,66.74950122833252,-0.039620496332645416,-0.02644648402929306,26.588006591796898
5,2000,-23.216541290283203,0.4656126797199249,16.856143951416016,54.70069885253906,12511.43896126986,922.0428466796875,610.0433349609375,66.16214513778687,-0.038057200610637665,-0.025179460644721985,26.585321044921898
5.1,2000,-24.79543113708496,0.4968791604042053,16.841341018676758,61.25569152832031,12914.738208763718,1031.6279296875,671.993408203125,65.13912081718445,-0.03689832612872124,-0.024035245180130005,26.583184814453148
5.2,2000,-26.372970581054688,0.5312654972076416,16.827646255493164,68.27297973632812,13311.979388099018,1148.87353515625,740.5985717773438,64.46301937103271,-0.035610344260931015,-0.022955503314733505,26.580712890625023
5.3,2000,-27.769346237182617,0.5556736588478088,16.838647842407227,73.90914154052734,13657.791683638387,1244.530029296875,794.7470092773438,63.85921239852905,-0.034941114485263824,-0.02231311984360218,26.578942871093773
5.4,2000,-28.7749080657959,0.5745548009872437,16.849437713623047,78.38377380371094,13917.478462951669,1320.7225341796875,837.376220703125,63.40289115905762,-0.03436317667365074,-0.0217872466892004,26.576257324218773
5.5,2000,-29.454904556274414,0.5912996530532837,16.854097366333008,82.19725036621094,14103.757356135051,1385.3604736328125,873.3153076171875,63.03884983062744,-0.03372768685221672,-0.02126154489815235,26.574639892578148
5.6,2000,-29.974348068237305,0.6022899746894836,16.858457565307617,85.31855773925781,14253.939628460641,1438.3392333984375,899.0195922851562,62.50399947166443,-0.03334115073084831,-0.020839553326368332,26.571679687500023
5.7,2000,-30.459840774536133,0.6102712750434875,16.862043380737305,87.84217071533203,14381.962217181423,1481.198486328125,919.1146240234375,62.05209493637085,-0.03314041346311569,-0.02056432142853737,26.569482421875023
5.8,2000,-30.769588470458984,0.6190446019172668,16.86281967163086,89.92101287841797,14478.434358955972,1516.32177734375,938.5818481445312,61.898595094680786,-0.032783061265945435,-0.02029225416481495,26.567834472656273
5.9,2000,-31.00925064086914,0.6243422031402588,16.860872268676758,91.74844360351562,14546.869430237995,1546.958740234375,951.0883178710938,61.48116588592529,-0.03260396420955658,-0.02004529908299446,26.565515136718773
6,2000,-31.177865982055664,0.6277133822441101,16.857967376708984,93.35255432128906,14597.26668226169,1573.734375,959.53662109375,60.97195744514465,-0.03249262645840645,-0.019811391830444336,26.563745117187523
6.1,2000,-31.324607849121094,0.6277618408203125,16.856216430664062,94.57034301757812,14622.268307404036,1594.09814453125,961.2542724609375,60.30082106590271,-0.03258722275495529,-0.01965036243200302,26.561242675781273
6.2,2000,-31.168094635009766,0.6069228053092957,16.853395462036133,95.0009994506836,14567.455438258037,1601.08935546875,925.8609619140625,57.8269362449646,-0.033663902431726456,-0.019466804340481758,26.559442138671898
6.3,2000,-30.63096809387207,0.59937983751297,16.823570251464844,96.32890319824219,14460.61568859389,1620.5960693359375,907.6481323242188,56.007057428359985,-0.03374762460589409,-0.018901050090789795,26.556695556640648
6.4,2000,-30.32021141052246,0.5955665707588196,16.804418563842773,97.64543151855469,14387.118044671379,1640.874755859375,897.289794921875,54.6836256980896,-0.03379087895154953,-0.01847807876765728,26.554742431640648
6.5,2000,-30.219369888305664,0.5879632830619812,16.76732063293457,98.56951141357422,14327.014128503693,1652.74658203125,882.1339111328125,53.37381362915039,-0.03425712510943413,-0.018284333869814873,26.552453613281273
6.6,2000,-29.9626522064209,0.57578444480896,16.66653823852539,98.82477569580078,14248.584468729947,1647.06689453125,859.1327514648438,52.16137170791626,-0.03487546369433403,-0.018191520124673843,26.549432373046898
6.7,2000,-29.624292373657227,0.5709872841835022,16.56888198852539,98.84657287597656,14169.69552882257,1637.7772216796875,847.2578125,51.732176542282104,-0.0349649116396904,-0.01808810979127884,26.544793701171898
6.8,2000,-29.474496841430664,0.565275251865387,16.47439193725586,98.80960083007812,14098.754233461097,1627.828125,834.5825805664062,51.26970410346985,-0.035316452383995056,-0.01810663938522339,26.540216064453148
6.9,2000,-29.25115203857422,0.5625504851341248,16.39130401611328,98.79370880126953,14037.478803246971,1619.357666015625,826.949951171875,51.06654167175293,-0.03537233546376228,-0.01806342788040638,26.537652587890648
7,2000,-28.999961853027344,0.5607505440711975,16.350786209106445,98.78250122070312,14000.196680115321,1615.1715087890625,822.1148071289062,50.89953541755676,-0.03527483344078064,-0.01795472577214241,26.536950683593773
7.1,2000,-29.01507568359375,0.5580310225486755,16.308469772338867,98.79720306396484,13982.217145137909,1611.231201171875,817.0770263671875,50.71134567260742,-0.035510819405317307,-0.01800801418721676,26.536523437500023
7.2,2000,-28.954824447631836,0.554265022277832,16.289119720458984,98.78395080566406,13972.112982198061,1609.1036376953125,810.976318359375,50.399261713027954,-0.035703662782907486,-0.017994381487369537,26.534753417968773
7.3,2000,-28.782011032104492,0.5545127987861633,16.282405853271484,98.79900360107422,13974.130784003422,1608.6854248046875,811.4560546875,50.44218301773071,-0.03546958789229393,-0.01789163425564766,26.532800292968773
7.4,2000,-28.697423934936523,0.5539745092391968,16.27171516418457,98.78005981445312,13965.339183069835,1607.321044921875,810.1583251953125,50.40426254272461,-0.03542199730873108,-0.017854195088148117,26.531182861328148
7.5,2000,-28.675046920776367,0.5516215562820435,16.27554702758789,98.77433776855469,13955.766572771954,1607.6063232421875,806.1642456054688,50.14687180519104,-0.03556973114609718,-0.017837107181549072,26.529565429687523
7.6,2000,-28.446422576904297,0.5528625845909119,16.25619125366211,98.75749206542969,13939.612501472877,1605.420654296875,807.042724609375,50.26986002922058,-0.03524772822856903,-0.017718983814120293,26.527215576171898
7.7,2000,-28.36366844177246,0.5544930696487427,16.233129501342773,98.75326538085938,13924.884063685038,1603.0745849609375,808.5675659179688,50.43855309486389,-0.03507890924811363,-0.0176932942122221,26.524072265625023
7.8,2000,-28.497529983520508,0.5543580055236816,16.235414505004883,98.74127197265625,13923.088907832782,1603.10546875,808.2664184570312,50.41879415512085,-0.035257596522569656,-0.017776453867554665,26.520684814453148
7.9,2000,-28.611114501953125,0.5547727942466736,16.236215591430664,98.766357421875,13925.952997397064,1603.5919189453125,809.03759765625,50.45158863067627,-0.03536438196897507,-0.017841892316937447,26.518151855468773
8,2000,-28.667787551879883,0.5538605451583862,16.235626220703125,98.75606536865234,13911.082345963789,1603.3665771484375,806.8447265625,50.32191276550293,-0.035530734807252884,-0.017879746854305267,26.516290283203148
8.1,2000,-28.80636978149414,0.5537611842155457,16.228296279907227,98.75908660888672,13891.621224565455,1602.6917724609375,805.5714721679688,50.26365518569946,-0.03575892746448517,-0.01797374337911606,26.514367675781273
8.2,2000,-28.827415466308594,0.5553322434425354,16.209197998046875,98.75849151611328,13873.164924170138,1600.7958984375,806.7835693359375,50.3989040851593,-0.03573128581047058,-0.018008176237344742,26.512658691406273
8.3,2000,-28.90878677368164,0.5556896328926086,16.205474853515625,98.74954223632812,13865.761654808004,1600.283203125,806.8720092773438,50.420576333999634,-0.03582821786403656,-0.018064793199300766,26.511834716796898
8.4,2000,-28.889968872070312,0.5540951490402222,16.210464477539062,98.7596664428711,13851.558941234041,1600.9400634765625,803.732666015625,50.20379424095154,-0.03594474866986275,-0.01804562844336033,26.511590576171898
8.5,2000,-28.896392822265625,0.5567231178283691,16.207210540771484,98.7942886352539,13866.768807182258,1601.1798095703125,808.4313354492188,50.48972964286804,-0.03574378043413162,-0.018046937882900238,26.512322998046898
8.6,2000,-28.713266372680664,0.5551211833953857,16.23884391784668,98.78170776367188,13885.26357520298,1604.1007080078125,807.1802978515625,50.31980276107788,-0.03557230904698372,-0.01789991557598114,26.512414550781273
8.7,2000,-28.83120346069336,0.5532054305076599,16.26287078857422,98.7474594116211,13905.953329243053,1605.9171142578125,805.59326171875,50.16406178474426,-0.03578878566622734,-0.01795310713350773,26.511834716796898
8.8,2000,-28.816097259521484,0.5550432205200195,16.254764556884766,98.77408599853516,13909.7045055629,1605.549560546875,808.487548828125,50.35581588745117,-0.035641979426145554,-0.017947809770703316,26.510980224609398
8.9,2000,-28.715662002563477,0.5519932508468628,16.2789249420166,98.74034118652344,13906.869558139075,1607.3865966796875,803.8809814453125,50.0116765499115,-0.03572128340601921,-0.017864814028143883,26.509851074218773
9,2000,-28.500694274902344,0.5512179136276245,16.311479568481445,98.74947357177734,13922.833622682363,1610.75,803.67333984375,49.8943567276001,-0.03546303138136864,-0.017694052308797836,26.508813476562523
9.1,2000,-28.548725128173828,0.5470662713050842,16.334869384765625,98.74433898925781,13939.35488495122,1612.975830078125,798.5667724609375,49.50890839099884,-0.035749953240156174,-0.017699413001537323,26.507745361328148
9.2,2000,-28.546585083007812,0.5481386780738831,16.332565307617188,98.74444580078125,13939.23598501815,1612.7501220703125,800.1253662109375,49.61248338222504,-0.03567764163017273,-0.0177005622535944,26.507501220703148
9.3,2000,-28.63964080810547,0.5495185852050781,16.31389617919922,98.75132751464844,13933.57424996983,1611.0189208984375,801.8138427734375,49.77060258388519,-0.03571856766939163,-0.017777346074581146,26.507073974609398
9.4,2000,-28.657976150512695,0.5504667162895203,16.306354522705078,98.74508666992188,13901.262610314818,1610.17236328125,801.3346557617188,49.767011404037476,-0.03576280549168587,-0.017798079177737236,26.506707763671898
9.5,2000,-28.714641571044922,0.5533563494682312,16.287857055664062,98.74263763427734,13893.307971655206,1608.305908203125,805.0802612304688,50.057655572891235,-0.035666804760694504,-0.01785396784543991,26.506585693359398
9.6,2000,-28.760305404663086,0.5526103377342224,16.250953674316406,98.76170349121094,13877.310102228987,1604.971923828125,803.069091796875,50.03633499145508,-0.03581298887729645,-0.01791950687766075,26.506311035156273
9.7,2000,-28.723417282104492,0.5536668300628662,16.263948440551758,98.76134490966797,13880.736052261313,1606.2493896484375,804.8030395507812,50.10448694229126,-0.03568999469280243,-0.017882289364933968,26.506250000000023
9.8,2000,-28.653608322143555,0.5505040884017944,16.29656982421875,98.76151275634766,13891.368270786274,1609.473876953125,800.8186645507812,49.756550788879395,-0.035780396312475204,-0.017803089693188667,26.506402587890648
9.9,2000,-28.601520538330078,0.5510802865028381,16.310314178466797,98.76591491699219,13902.104235331266,1610.903076171875,802.2764282226562,49.80289936065674,-0.035650454461574554,-0.01775496080517769,26.506585693359398
10,2000,-28.446252822875977,0.5513323545455933,16.311731338500977,98.77347564697266,13896.591708042093,1611.1663818359375,802.3251342773438,49.79778230190277,-0.03545476868748665,-0.017655689269304276,26.507714843750023
10.1,2000,-28.476408004760742,0.5497420430183411,16.33499526977539,98.73780822753906,13897.503274195642,1612.881591796875,800.0632934570312,49.604588747024536,-0.0355926938354969,-0.01765560917556286,26.507775878906273
10.2,2000,-28.400630950927734,0.5503029823303223,16.342863082885742,98.75251007080078,13904.667578006014,1613.8988037109375,801.2925415039062,49.64949190616608,-0.03544352203607559,-0.017597530037164688,26.508599853515648
10.3,2000,-28.39287567138672,0.5487966537475586,16.34115982055664,98.77029418945312,13915.553915995775,1614.0211181640625,799.7247924804688,49.548596143722534,-0.03550330549478531,-0.017591390758752823,26.510186767578148
10.4,2000,-28.426042556762695,0.5453242063522339,16.36368751525879,98.78679656982422,13909.346640078067,1616.5162353515625,794.3101806640625,49.13716018199921,-0.035787079483270645,-0.017584754154086113,26.512292480468773
10.5,2000,-28.542587280273438,0.5452138185501099,16.37803077697754,98.75251770019531,13918.752557332524,1617.371826171875,794.6864013671875,49.134430289268494,-0.03591679409146309,-0.01764751225709915,26.512963867187523
10.6,2000,-28.521852493286133,0.5457935929298401,16.375436782836914,98.75318145751953,13909.00509419189,1617.12646484375,794.974365234375,49.159687757492065,-0.03587770089507103,-0.01763736642897129,26.514276123046898
10.7,2000,-28.49612808227539,0.5461973547935486,16.347665786743164,98.77229309082031,13911.895994525396,1614.6964111328125,795.727783203125,49.280333518981934,-0.0358114019036293,-0.01764797791838646,26.516503906250023
10.8,2000,-28.362659454345703,0.547612726688385,16.349653244018555,98.76668548583984,13922.08758388662,1614.801025390625,798.3742065429688,49.44102764129639,-0.03552551940083504,-0.017564181238412857,26.517907714843773
10.9,2000,-28.355175018310547,0.5466652512550354,16.367952346801758,98.76297760009766,13937.601693781224,1616.5477294921875,797.8810424804688,49.35709834098816,-0.03553809970617294,-0.017540574073791504,26.519799804687523
11,1997,-28.4182186126709,0.546172559261322,16.39571762084961,98.75995635986328,13944.387149765633,1619.2403564453125,797.5499877929688,49.25457835197449,-0.03563189506530762,-0.017550339922308922,26.522607421875023
11.1,1997,-28.553447723388672,0.5490344762802124,16.372522354125977,98.7800064086914,13929.1189995365,1617.27783203125,800.851318359375,49.51847195625305,-0.035653870552778244,-0.017655251547694206,26.524926757812523
11.2,1997,-28.70204734802246,0.5488933324813843,16.35516929626465,98.76344299316406,13895.213867641205,1615.2928466796875,798.696533203125,49.44593012332916,-0.035936109721660614,-0.017768943682312965,26.527520751953148
11.3,1997,-28.776458740234375,0.550330400466919,16.292322158813477,98.7752914428711,13870.471024706134,1609.27880859375,799.3616943359375,49.672043323516846,-0.035999298095703125,-0.01788158528506756,26.529718017578148
11.4,1997,-28.676631927490234,0.5515888333320618,16.296241760253906,98.78147888183594,13877.204024837716,1609.766845703125,801.5784912109375,49.794694781303406,-0.03577519953250885,-0.01781415194272995,26.532128906250023
11.5,1997,-28.677663803100586,0.55181485414505,16.31059455871582,98.75518035888672,13883.046441156881,1610.7557373046875,802.2445678710938,49.805477261543274,-0.03574678674340248,-0.01780385710299015,26.533685302734398
11.6,1997,-28.583066940307617,0.5527932047843933,16.322601318359375,98.77018737792969,13884.74134804596,1612.1864013671875,803.7650146484375,49.855589866638184,-0.03556147217750549,-0.0177293810993433,26.536370849609398
11.7,1997,-28.520723342895508,0.5513279438018799,16.33095359802246,98.75599670410156,13876.74824176094,1612.779541015625,801.1730346679688,49.67653751373291,-0.03559870645403862,-0.017684204503893852,26.538079833984398
11.8,1997,-28.559804916381836,0.5525738000869751,16.307641983032227,98.74005889892578,13863.60397072844,1610.217529296875,802.222900390625,49.82077777385712,-0.03560083359479904,-0.017736613750457764,26.540277099609398
11.9,1997,-28.580244064331055,0.554939866065979,16.301546096801758,98.74250793457031,13851.963434143609,1609.655517578125,804.9814453125,50.00954866409302,-0.03550422564148903,-0.017755502834916115,26.542291259765648
12,1972,-28.69103240966797,0.5544217824935913,16.296194076538086,98.73651885986328,13853.865833072754,1609.0294189453125,804.3403930664062,49.989163875579834,-0.035670261830091476,-0.017831265926361084,26.543939208984398
12.1,1972,-28.7215633392334,0.553252100944519,16.29376220703125,98.75135040283203,13849.150634746533,1609.031005859375,802.3703002929688,49.866676330566406,-0.035795897245407104,-0.017850223928689957,26.545861816406273
12.2,1972,-28.67094612121582,0.5522774457931519,16.292102813720703,98.75545501708984,13852.11031053152,1608.93408203125,801.1279296875,49.792465567588806,-0.03578822314739227,-0.017819838598370552,26.547540283203148
12.3,1972,-28.48323631286621,0.5493529438972473,16.319875717163086,98.7340087890625,13868.809922699986,1611.3267822265625,797.8463745117188,49.51487183570862,-0.035700153559446335,-0.017676884308457375,26.549401855468773
12.4,1972,-28.292613983154297,0.5478647947311401,16.353097915649414,98.76261901855469,13885.63076617276,1615.0748291015625,796.650146484375,49.32589530944824,-0.035514477640390396,-0.017517834901809692,26.551232910156273
12.5,1972,-28.24837303161621,0.5474711656570435,16.391563415527344,98.7607421875,13902.141537271053,1618.843017578125,797.0242919921875,49.23419654369354,-0.0354422964155674,-0.01744973100721836,26.552392578125023
12.6,1972,-28.335834503173828,0.5454726815223694,16.38620948791504,98.74849700927734,13904.060255798855,1618.113525390625,794.2244873046875,49.0833580493927,-0.035677362233400345,-0.017511647194623947,26.554498291015648
12.7,1972,-28.497798919677734,0.546851396560669,16.39548110961914,98.77249145507812,13907.360311784401,1619.4224853515625,796.4208984375,49.1793155670166,-0.035782333463430405,-0.017597507685422897,26.556726074218773
12.8,1972,-28.50660514831543,0.5480661392211914,16.402498245239258,98.73493194580078,13913.48132696635,1619.49951171875,798.5413208007812,49.30790662765503,-0.03569834679365158,-0.017602108418941498,26.557885742187523
12.9,1972,-28.407594680786133,0.548653781414032,16.39267921447754,98.76458740234375,13909.02024810493,1619.0162353515625,799.1412353515625,49.359679222106934,-0.0355476513504982,-0.017546208575367928,26.559197998046898
13,1956,-28.237308502197266,0.549877941608429,16.41535758972168,98.75521850585938,13908.555139543208,1621.1021728515625,800.8974609375,49.40450191497803,-0.03525708243250847,-0.01741858571767807,26.560754394531273
13.1,1956,-28.272193908691406,0.5484433174133301,16.409690856933594,98.78736114501953,13907.355649041927,1621.070068359375,798.7390747070312,49.272334575653076,-0.0353960320353508,-0.017440451309084892,26.562188720703148
13.2,1956,-28.33821678161621,0.5489674210548401,16.408538818359375,98.75932312011719,13905.496380480661,1620.4962158203125,799.3954467773438,49.33029115200043,-0.0354495570063591,-0.01748736947774887,26.564080810546898
13.3,1956,-28.414628982543945,0.5491642951965332,16.38370704650879,98.7572250366211,13890.89033968275,1618.0093994140625,798.8421630859375,49.371910095214844,-0.03556976467370987,-0.017561472952365875,26.565759277343773
13.4,1956,-28.549604415893555,0.5488071441650391,16.363746643066406,98.7491226196289,13878.367379084828,1615.9056396484375,797.6029663085938,49.35950040817261,-0.03579425439238548,-0.0176678653806448,26.566949462890648
13.5,1956,-28.668787002563477,0.5500228404998779,16.33732032775879,98.77803802490234,13857.557559426064,1613.7684326171875,798.171142578125,49.46008026599884,-0.03591809421777725,-0.017765117809176445,26.568597412109398
13.6,1956,-28.731557846069336,0.5498140454292297,16.320945739746094,98.77458953857422,13830.307326725924,1612.0947265625,796.2991943359375,49.39531087875366,-0.036081358790397644,-0.017822500318288803,26.570947265625023
13.7,1956,-28.72323226928711,0.5479841232299805,16.29876708984375,98.75508117675781,13804.841758707475,1609.5860595703125,792.1875610351562,49.216851592063904,-0.03625812008976936,-0.01784510537981987,26.572778320312523
13.8,1956,-28.505569458007812,0.549145519733429,16.274669647216797,98.76780700683594,13798.695098441922,1607.4134521484375,793.5130615234375,49.36583638191223,-0.035923250019550323,-0.01773381233215332,26.574761962890648
13.9,1956,-28.495941162109375,0.5494160056114197,16.281902313232422,98.78711700439453,13818.771701846743,1608.442138671875,795.0590209960938,49.430376291275024,-0.03584128990769386,-0.017716484144330025,26.576684570312523
14,1918,-28.419189453125,0.5507107377052307,16.306991577148438,98.76683807373047,13834.711286992046,1610.5899658203125,797.8518676757812,49.537861347198486,-0.03561963140964508,-0.017645204439759254,26.578332519531273
14.1,1918,-28.363149642944336,0.5498982667922974,16.346885681152344,98.7741470336914,13849.147137689677,1614.649658203125,797.5060424804688,49.39189553260803,-0.03556480631232262,-0.017566131427884102,26.579980468750023
14.2,1918,-28.4139404296875,0.5498412847518921,16.367441177368164,98.76354217529297,13853.568583240074,1616.5064697265625,797.6780395507812,49.345797300338745,-0.03562081605195999,-0.01757737435400486,26.581475830078148
14.3,1918,-28.488754272460938,0.5511873364448547,16.362096786499023,98.77534484863281,13854.069828055965,1616.1717529296875,799.6597290039062,49.47863519191742,-0.03562609478831291,-0.017627306282520294,26.582025146484398
14.4,1918,-28.7061710357666,0.5486655831336975,16.372854232788086,98.77962493896484,13858.769872469147,1617.304443359375,796.271240234375,49.23446774482727,-0.036050744354724884,-0.017749393358826637,26.583642578125023
14.5,1918,-28.728532791137695,0.5507180094718933,16.33756446838379,98.7823486328125,13845.556825985163,1613.863037109375,798.4878540039062,49.476805329322815,-0.03597867116332054,-0.01780109852552414,26.585015869140648
14.6,1918,-28.850452423095703,0.5507906675338745,16.33904266357422,98.76415252685547,13841.349866588542,1613.711669921875,798.3505859375,49.47293698787689,-0.036137573421001434,-0.017878318205475807,26.585961914062523
14.7,1918,-28.865140914916992,0.5511960983276367,16.339458465576172,98.77165985107422,13831.776090605043,1613.87548828125,798.3856201171875,49.47008788585663,-0.03615438565611839,-0.017885606735944748,26.585809326171898
14.8,1918,-28.840484619140625,0.5531132221221924,16.340965270996094,98.78289794921875,13832.700479300394,1614.2078857421875,801.2160034179688,49.63524341583252,-0.03599588945508003,-0.017866648733615875,26.586938476562523
14.9,1918,-28.702789306640625,0.5520610809326172,16.355426788330078,98.77781677246094,13838.020668462537,1615.5533447265625,799.99951171875,49.518606066703796,-0.035878509283065796,-0.01776653714478016,26.588555908203148
15,1887,-28.58475685119629,0.551353931427002,16.38167381286621,98.77210235595703,13851.152116953237,1618.0523681640625,799.7329711914062,49.425652623176575,-0.035742878913879395,-0.017666149884462357,26.589959716796898
15.1,1887,-28.60341453552246,0.5536701679229736,16.42885971069336,98.77925109863281,13877.711098081698,1622.8304443359375,804.6325073242188,49.58204627037048,-0.03554841876029968,-0.017625633627176285,26.591180419921898
15.2,1887,-28.752735137939453,0.5579733848571777,16.49199104309082,98.74950408935547,13926.559153918606,1628.575927734375,813.740478515625,49.96638298034668,-0.035334035754203796,-0.017655139788985252,26.592401123046898
15.3,1887,-28.951322555541992,0.563299834728241,16.56988525390625,98.74685668945312,13993.092991957103,1636.22412109375,825.4332275390625,50.44744610786438,-0.03507409244775772,-0.017693983390927315,26.593865966796898
15.4,1887,-29.253786087036133,0.5773828625679016,16.684799194335938,98.71475219726562,14086.859577411466,1647.0357666015625,851.7393188476562,51.71346664428711,-0.03434593975543976,-0.01776147447526455,26.595727539062523
15.5,1887,-29.96342658996582,0.6000301241874695,16.918277740478516,96.57426452636719,14261.281116485003,1633.8702392578125,896.1077270507812,54.84570860862732,-0.03343730419874191,-0.018338926136493683,26.597192382812523
15.6,1887,-30.176124572753906,0.5940166711807251,16.982532501220703,92.13706970214844,14323.173194391235,1564.7208251953125,890.9769897460938,56.941598653793335,-0.03386857733130455,-0.019285310059785843,26.599481201171898
15.7,1887,-29.754920959472656,0.5829318761825562,16.999160766601562,87.24203491210938,14260.348567990324,1483.0413818359375,870.515625,58.69799852371216,-0.03418080136179924,-0.02006344683468342,26.600915527343773
15.8,1887,-29.242334365844727,0.5672756433486938,17.004371643066406,82.33978271484375,14146.768824080886,1400.13623046875,840.3883056640625,60.02189517021179,-0.03479621559381485,-0.020885348320007324,26.602014160156273
15.9,1887,-28.68395233154297,0.550186812877655,17.00057029724121,78.01773834228516,13997.360567005879,1326.3460693359375,806.4639282226562,60.803431272506714,-0.03556755930185318,-0.021626295521855354,26.603295898437523
16,1862,-28.118438720703125,0.5362218618392944,16.993438720703125,74.42677307128906,13838.77486705761,1264.766845703125,777.0890502929688,61.44129037857056,-0.03618432208895683,-0.022232113406062126,26.605096435546898
16.1,1862,-27.4870662689209,0.5204817056655884,16.99960708618164,70.77862548828125,13688.773276002863,1203.2088623046875,746.1027221679688,62.00941205024719,-0.036840859800577164,-0.022844800725579262,26.605645751953148
16.2,1862,-26.761367797851562,0.5018720626831055,17.0052547454834,66.61115264892578,13503.465398939565,1132.7396240234375,709.68701171875,62.65226602554321,-0.03770868852734566,-0.023625347763299942,26.607293701171898
16.3,1862,-26.077362060546875,0.4880121946334839,16.995206832885742,63.501644134521484,13326.520150502303,1079.2236328125,681.04541015625,63.1051242351532,-0.038290198892354965,-0.024163076654076576,26.609887695312523
16.4,1862,-25.634471893310547,0.4763259291648865,16.98556137084961,61.15276336669922,13172.174049147969,1038.7139892578125,657.0377197265625,63.25492262840271,-0.03901522234082222,-0.024679046124219894,26.611840820312523
16.5,1862,-25.227516174316406,0.47090059518814087,16.977083206176758,59.4217643737793,13041.506519759156,1008.8082275390625,643.1105346679688,63.749533891677856,-0.03922734037041664,-0.02500724606215954,26.613702392578148
16.6,1862,-24.825359344482422,0.46292844414711,16.972448348999023,57.968040466308594,12946.250188084543,983.8595581054688,627.6051025390625,63.79011273384094,-0.03955569863319397,-0.025232624262571335,26.615838623046898
16.7,1862,-24.462356567382812,0.4579393267631531,16.968725204467773,56.77447509765625,12873.284096803996,963.3904418945312,617.3421020507812,64.08015489578247,-0.03962528333067894,-0.025391943752765656,26.617730712890648
16.8,1862,-24.2769832611084,0.45501473546028137,16.965106964111328,55.825531005859375,12813.441294214823,947.0861206054688,610.548095703125,64.46595191955566,-0.03976260870695114,-0.025633342564105988,26.620202636718773
16.9,1862,-24.14041519165039,0.4520357847213745,16.961017608642578,55.16609573364258,12751.0479714927,935.673095703125,603.5973510742188,64.50942158699036,-0.03999423608183861,-0.025800051167607307,26.622064208984398
17,1853,-24.07937240600586,0.450348824262619,16.95735740661621,54.77293395996094,12696.404126761361,928.80419921875,598.7677612304688,64.46651816368103,-0.04021488130092621,-0.025925133377313614,26.624749755859398
17.1,1853,-24.04233741760254,0.44704970717430115,16.96114730834961,54.13993453979492,12650.12174497044,918.275390625,592.2146606445312,64.49205279350281,-0.0405973382294178,-0.026182055473327637,26.626763916015648
17.2,1853,-23.83812713623047,0.4442695677280426,16.961088180541992,53.455810546875,12596.397626191978,906.668701171875,586.0322875976562,64.63576555252075,-0.040677156299352646,-0.026291992515325546,26.629907226562523
17.3,1853,-23.637863159179688,0.4418104588985443,16.95891761779785,52.96406555175781,12556.685048546069,898.2131958007812,580.951171875,64.6785318851471,-0.04068821296095848,-0.026316538453102112,26.631524658203148
17.4,1853,-23.337488174438477,0.43932294845581055,16.958812713623047,52.47783660888672,12534.66524721546,889.9617919921875,576.6671752929688,64.79684710502625,-0.04046959429979324,-0.026223022490739822,26.634271240234398
17.5,1853,-23.24769401550293,0.4350346624851227,16.958463668823242,52.00853729248047,12523.445523138853,881.98486328125,570.5271606445312,64.68672752380371,-0.0407477430999279,-0.026358380913734436,26.637078857421898
17.6,1853,-23.26915168762207,0.43241310119628906,16.956584930419922,51.70622634887695,12500.043218664881,876.7610473632812,566.0293579101562,64.55914378166199,-0.041109442710876465,-0.02653990313410759,26.640283203125023
17.7,1853,-23.185274124145508,0.43180111050605774,16.955612182617188,51.4811897277832,12481.76643385479,872.8950805664062,564.40185546875,64.65861201286316,-0.04107937216758728,-0.026561353355646133,26.643304443359398
17.8,1853,-23.14266586303711,0.4326697289943695,16.95417594909668,51.345794677734375,12464.742761084422,870.525634765625,564.765869140625,64.87641930580139,-0.04097745195031166,-0.026584703475236893,26.646508789062523
17.9,1853,-22.988262176513672,0.43134406208992004,16.954513549804688,51.176979064941406,12456.455902023581,867.6807861328125,562.6611328125,64.8465633392334,-0.040856316685676575,-0.026493916288018227,26.650292968750023
18,1853,-22.99342918395996,0.4286603629589081,16.95455551147461,51.01498031616211,12453.507883094777,864.9363403320312,559.0281372070312,64.63228464126587,-0.04113107919692993,-0.02658395655453205,26.653863525390648
18.1,1853,-22.933202743530273,0.4274040460586548,16.955297470092773,50.80703353881836,12456.98628897993,861.4483642578125,557.54541015625,64.72185850143433,-0.04113243892788887,-0.026621680706739426,26.657281494140648
18.2,1853,-22.84247589111328,0.42769330739974976,16.955507278442383,50.577816009521484,12460.885507373307,857.572509765625,558.0973510742188,65.0787353515625,-0.040929194539785385,-0.02663620375096798,26.660119628906273
18.3,1853,-22.693574905395508,0.4263923168182373,16.95564079284668,50.360321044921875,12460.65703299211,853.8915405273438,556.3895263671875,65.15927314758301,-0.04078720882534981,-0.026576649397611618,26.663720703125023
18.4,1853,-22.668540954589844,0.42434677481651306,16.955333709716797,50.159324645996094,12455.360157542333,850.4680786132812,553.4849243164062,65.0800347328186,-0.04095602035522461,-0.026654193177819252,26.666345214843773
18.5,1853,-22.756319046020508,0.4237280786037445,16.95402717590332,50.08298873901367,12442.736947981233,849.1083374023438,552.1178588867188,65.02324938774109,-0.0412164181470871,-0.026800254359841347,26.669488525390648
18.6,1853,-22.71630096435547,0.4256868064403534,16.952791213989258,50.09428405761719,12428.797679357018,849.2379150390625,554.0487060546875,65.24068713188171,-0.041000548750162125,-0.02674904093146324,26.672723388671898
18.7,1853,-22.59186363220215,0.42510801553726196,16.954029083251953,49.991233825683594,12432.836780024596,847.5528564453125,553.4751586914062,65.3027355670929,-0.04081820696592331,-0.026655403897166252,26.674920654296898
18.8,1853,-22.5350284576416,0.42244619131088257,16.955204010009766,49.82501220703125,12441.732126978217,844.7932739257812,550.403076171875,65.1524007320404,-0.04094277322292328,-0.02667520008981228,26.677911376953148
18.9,1853,-22.53174591064453,0.4207777678966522,16.95546531677246,49.63869857788086,12447.53374430074,841.647216796875,548.4849243164062,65.16803503036499,-0.04107997193932533,-0.02677100896835327,26.680688476562523
19,1865,-22.42340087890625,0.4202539324760437,16.956186294555664,49.407630920410156,12453.679238880673,837.7650146484375,548.0725708007812,65.42080044746399,-0.04091319441795349,-0.026765741407871246,26.683862304687523
19.1,1865,-22.273168563842773,0.4226570427417755,16.94889259338379,49.67327117919922,12461.138461152488,841.9069213867188,551.5367431640625,65.51041603088379,-0.04038383439183235,-0.02645561844110489,26.687463378906273
19.2,1865,-22.28233528137207,0.4246973991394043,16.946924209594727,50.12900161743164,12499.560624818885,849.5324096679688,555.9080810546875,65.43694734573364,-0.040082771331071854,-0.02622894197702408,26.691003417968773
19.3,1865,-22.406505584716797,0.42603543400764465,16.948511123657227,50.38307571411133,12533.482076312835,853.9180908203125,559.1728515625,65.48319458961487,-0.040070801973342896,-0.02623964101076126,26.695092773437523
19.4,1865,-22.49369239807129,0.42662423849105835,16.948854446411133,50.60016632080078,12549.59767998651,857.6148681640625,560.6656494140625,65.3749942779541,-0.04011961817741394,-0.026228198781609535,26.699212646484398
19.5,1865,-22.55783462524414,0.42723801732063293,16.949392318725586,50.78440856933594,12559.559629280919,860.764892578125,561.91796875,65.28124213218689,-0.04014435410499573,-0.02620673179626465,26.703027343750023
19.6,1865,-22.662416458129883,0.4281960129737854,16.949533462524414,50.95753479003906,12565.0220320885,863.7064208984375,563.4229125976562,65.23314714431763,-0.04022274538874626,-0.026238564401865005,26.706445312500023
19.7,1865,-22.738740921020508,0.4284597933292389,16.949522018432617,51.11259460449219,12569.302429679077,866.3340454101562,563.9620361328125,65.09752869606018,-0.04031962901353836,-0.02624708227813244,26.710717773437523
19.8,1865,-22.8713321685791,0.429743230342865,16.94898796081543,51.28939437866211,12568.357058642596,869.3033447265625,565.6088256835938,65.06460905075073,-0.04043666273355484,-0.02630995586514473,26.714013671875023
19.9,1865,-23.05714225769043,0.4313960671424866,16.94716453552246,51.59659957885742,12555.271071891013,874.4160766601562,567.1930541992188,64.8653507232666,-0.040651313960552216,-0.02636861614882946,26.718225097656273
20,1884,-23.291635513305664,0.435886949300766,16.945110321044922,52.04341125488281,12535.481227148304,881.88134765625,572.1942749023438,64.88336324691772,-0.04070581868290901,-0.026411302387714386,26.721124267578148
20.1,1884,-23.34717559814453,0.4416423738002777,16.93686294555664,52.9297981262207,12547.41551650896,896.4647216796875,580.3013916015625,64.73220586776733,-0.04023284092545509,-0.02604360692203045,26.724023437500023
20.2,1884,-23.533721923828125,0.4466289281845093,16.93400764465332,54.10649871826172,12610.28327327775,916.2398681640625,589.7939453125,64.3711268901825,-0.039901599287986755,-0.025685111060738564,26.726770019531273
20.3,1884,-23.69202995300293,0.4506208896636963,16.938453674316406,54.81996154785156,12676.740176065436,928.5653686523438,598.2015380859375,64.42212462425232,-0.039605431258678436,-0.02551466040313244,26.730157470703148
20.4,1884,-23.92185401916504,0.45352768898010254,16.940549850463867,55.36567687988281,12721.60974688692,937.9249877929688,604.1913452148438,64.41787481307983,-0.0395931750535965,-0.025505080819129944,26.733239746093773
20.5,1884,-24.05324935913086,0.4540906548500061,16.943042755126953,55.74325942993164,12758.4046134301,944.46044921875,606.6909790039062,64.23678398132324,-0.03964662179350853,-0.02546771615743637,26.736535644531273
20.6,1884,-24.070844650268555,0.4564417600631714,16.94350814819336,56.077579498291016,12780.589942118515,950.1509399414062,610.8926391601562,64.2942726612091,-0.03940274193882942,-0.0253337062895298,26.738366699218773
20.7,1884,-24.274188995361328,0.459277480840683,16.944217681884766,56.378868103027344,12798.156824387033,955.2958374023438,615.5327758789062,64.43373560905457,-0.039436060935258865,-0.025410128757357597,26.741052246093773
20.8,1884,-24.399158477783203,0.45990267395973206,16.943815231323242,56.676795959472656,12803.74395555578,960.3211669921875,616.6397705078125,64.21182751655579,-0.03956792876124382,-0.02540729008615017,26.743127441406273
20.9,1884,-24.37234878540039,0.4625662863254547,16.944772720336914,56.926971435546875,12811.91074899793,964.6145629882812,620.6067504882812,64.33727741241455,-0.03927180543541908,-0.025266410782933235,26.745263671875023
21,1890,-24.40504264831543,0.4627237319946289,16.94620132446289,57.05967712402344,12827.099632605015,966.9447631835938,621.5540161132812,64.28019404411316,-0.039264556020498276,-0.025239335373044014,26.747705078125023
21.1,1890,-24.352075576782227,0.463861346244812,16.942777633666992,57.384605407714844,12852.337891927888,972.254638671875,624.3080444335938,64.21240568161011,-0.03900650516152382,-0.02504701539874077,26.749627685546898
21.2,1890,-24.543821334838867,0.46534234285354614,16.94242286682129,57.75343704223633,12881.230575664282,978.483154296875,627.7092895507812,64.15125727653503,-0.03910062089562416,-0.02508354000747204,26.751855468750023
21.3,1890,-24.56008529663086,0.4661611318588257,16.943655014038086,58.02039337158203,12906.436195789838,983.0775146484375,630.044189453125,64.08896446228027,-0.03898152709007263,-0.024982856586575508,26.752832031250023
21.4,1890,-24.797325134277344,0.4668402075767517,16.94384002685547,58.255680084228516,12916.417961739759,987.074951171875,631.4500122070312,63.97184133529663,-0.03927044942975044,-0.025122029706835747,26.755517578125023
21.5,1890,-24.84967803955078,0.47028329968452454,16.94281005859375,58.559322357177734,12915.704562141329,992.1594848632812,636.072021484375,64.10985589027405,-0.03906739875674248,-0.025046052411198616,26.758142089843773
21.6,1890,-24.873958587646484,0.47005465626716614,16.94411849975586,58.77753829956055,12924.378428827464,995.93359375,636.189697265625,63.878726959228516,-0.039098333567380905,-0.024975519627332687,26.760858154296898
21.7,1890,-24.89464569091797,0.4721505045890808,16.944551467895508,58.91714859008789,12932.593015379967,998.3246459960938,639.4324951171875,64.05055522918701,-0.03893240913748741,-0.02493642270565033,26.764001464843773
21.8,1890,-24.840896606445312,0.4716529846191406,16.9455623626709,59.0213508605957,12944.487671429599,1000.1499633789062,639.34619140625,63.92502784729004,-0.03885359317064285,-0.024837171658873558,26.767419433593773
21.9,1890,-24.967287063598633,0.47284939885139465,16.94559669494629,59.11022186279297,12949.04083945487,1001.657958984375,641.1934204101562,64.01320695877075,-0.03893877565860748,-0.0249259602278471,26.771173095703148
22,1900,-24.995054244995117,0.4730863869190216,16.9442138671875,59.327518463134766,12941.864878788314,1005.2581787109375,641.1593017578125,63.78055810928345,-0.038984157145023346,-0.02486431412398815,26.775842285156273
22.1,1900,-25.04265022277832,0.4764770269393921,16.938121795654297,59.8746223449707,12943.248547617295,1014.1636352539062,645.8235473632812,63.680410385131836,-0.03877630457282066,-0.02469290792942047,26.779779052734398
22.2,1900,-25.090852737426758,0.48151975870132446,16.93670082092285,60.574684143066406,12967.887644532335,1025.935302734375,653.9009399414062,63.73705267906189,-0.03837103024125099,-0.024456564337015152,26.783624267578148
22.3,1900,-25.05514907836914,0.4819799065589905,16.939563751220703,60.98234939575195,13002.70201120994,1033.014404296875,656.2830200195312,63.53086829185486,-0.038177356123924255,-0.02425440400838852,26.787652587890648
22.4,1900,-25.140892028808594,0.4812310039997101,16.943283081054688,61.11198806762695,13044.84271199887,1035.437744140625,657.3869018554688,63.48879337310791,-0.038243673741817474,-0.024280449375510216,26.791528320312523
22.5,1900,-25.2396297454834,0.48048481345176697,16.944541931152344,61.184776306152344,13069.105292459182,1036.748046875,657.58837890625,63.42798471450806,-0.03838210925459862,-0.024344999343156815,26.795617675781273
22.6,1900,-25.32834243774414,0.48153796792030334,16.944538116455078,61.271705627441406,13079.854079545978,1038.220703125,659.57177734375,63.52905035018921,-0.03840119391679764,-0.024395912885665894,26.798669433593773
22.7,1900,-25.26669692993164,0.481935977935791,16.944936752319336,61.35988998413086,13087.450852720756,1039.739501953125,660.5003051757812,63.52556347846985,-0.03825387731194496,-0.024300988763570786,26.801995849609398
22.8,1900,-25.188514709472656,0.48145219683647156,16.945926666259766,61.34920883178711,13099.920191780235,1039.619140625,660.4659423828125,63.52960467338562,-0.038137491792440414,-0.024228597059845924,26.805535888671898
22.9,1900,-25.210041046142578,0.4808388650417328,16.945972442626953,61.337032318115234,13104.961782079592,1039.4156494140625,659.87841796875,63.48552107810974,-0.03820406645536423,-0.024254051968455315,26.808648681640648
23,1909,-25.109317779541016,0.4803599417209625,16.946319580078125,61.33793640136719,13108.348098800896,1039.4522705078125,659.3915405273438,63.436442613601685,-0.03807952627539635,-0.024156296625733376,26.812310791015648
23.1,1909,-25.186382293701172,0.481448233127594,16.94089698791504,61.597877502441406,13124.4846848157,1043.5233154296875,661.698974609375,63.41008543968201,-0.03806320205330849,-0.024135908111929893,26.815850830078148
23.2,1909,-25.24319839477539,0.4833618104457855,16.939144134521484,62.086761474609375,13155.53971537413,1051.6966552734375,665.9009399414062,63.31682801246643,-0.03790833801031113,-0.024002358317375183,26.819085693359398
23.3,1909,-25.306577682495117,0.48542365431785583,16.94059944152832,62.4046516418457,13181.286213626601,1057.1722412109375,670.0502319335938,63.381367921829224,-0.037768181413412094,-0.02393799088895321,26.822045898437523
23.4,1909,-25.3117733001709,0.48625555634498596,16.942256927490234,62.625545501708984,13199.762330677431,1061.01806640625,672.1393432617188,63.34852576255798,-0.03765852004289627,-0.023856118321418762,26.824517822265648
23.5,1909,-25.259241104125977,0.4861234724521637,16.943450927734375,62.722496032714844,13221.47205963356,1062.7354736328125,673.0619506835938,63.33296298980713,-0.03752885013818741,-0.02376813441514969,26.827172851562523
23.6,1909,-25.263137817382812,0.48668786883354187,16.944604873657227,62.749961853027344,13238.396649126367,1063.2733154296875,674.7059326171875,63.455551862716675,-0.03744318336248398,-0.02375977858901024,26.829614257812523
23.7,1909,-25.30073356628418,0.4860105514526367,16.945537567138672,62.7163200378418,13252.998027181804,1062.76171875,674.5100708007812,63.46766948699951,-0.03750979155302048,-0.02380659058690071,26.831414794921898
23.8,1909,-25.391660690307617,0.48615211248397827,16.94444465637207,62.73530578613281,13250.489471731118,1063.014892578125,674.578857421875,63.4590208530426,-0.0376407615840435,-0.023886457085609436,26.834039306640648
23.9,1909,-25.495264053344727,0.48707717657089233,16.943042755126953,62.857486724853516,13238.996977219816,1064.9970703125,675.2762451171875,63.40639591217041,-0.03775531053543091,-0.023939279839396477,26.835900878906273
24,1903,-25.647890090942383,0.48867371678352356,16.94100570678711,63.14963912963867,13220.131521172458,1069.818359375,676.5242309570312,63.23729753494263,-0.03791126608848572,-0.023974059149622917,26.837884521484398
24.1,1903,-25.765966415405273,0.4895322024822235,16.944129943847656,63.248226165771484,13200.105042249226,1071.6861572265625,676.6860961914062,63.142192363739014,-0.03807668760418892,-0.024042455479502678,26.840386962890648
24.2,1903,-25.779874801635742,0.4903303384780884,16.945920944213867,63.15774917602539,13177.81363616954,1070.2662353515625,676.644775390625,63.2220983505249,-0.03809956833720207,-0.024087347090244293,26.842797851562523
24.3,1903,-25.709026336669922,0.48996686935424805,16.94586181640625,63.09160232543945,13166.378260253538,1069.1416015625,675.5564575195312,63.18681240081787,-0.03805607184767723,-0.02404641918838024,26.844842529296898
24.4,1903,-25.68729591369629,0.4900847375392914,16.94498062133789,63.085548400878906,13156.759022530923,1068.9833984375,675.225341796875,63.16518187522888,-0.03804255276918411,-0.024029649794101715,26.846520996093773
24.5,1903,-25.678964614868164,0.49055948853492737,16.943620681762695,63.18463897705078,13141.868554442135,1070.5765380859375,675.1144409179688,63.060832023620605,-0.03803645819425583,-0.023986108601093292,26.848992919921898
24.6,1903,-25.728073120117188,0.49022215604782104,16.94493293762207,63.204097747802734,13145.95311684883,1070.9892578125,674.8599243164062,63.01276683807373,-0.03812357410788536,-0.024022718891501427,26.850701904296898
24.7,1903,-25.727853775024414,0.48970869183540344,16.945268630981445,63.18980026245117,13150.672977917524,1070.7681884765625,674.3950805664062,62.98236846923828,-0.038149528205394745,-0.024027474224567413,26.852899169921898
24.8,1903,-25.768932342529297,0.48964154720306396,16.944581985473633,63.232784271240234,13146.81339283517,1071.453125,674.104736328125,62.915003299713135,-0.0382268987596035,-0.024050453677773476,26.854760742187523
24.9,1903,-25.935741424560547,0.49016186594963074,16.94377326965332,63.342533111572266,13138.562670028497,1073.261474609375,674.3975830078125,62.8362774848938,-0.03845764324069023,-0.024165350943803787,26.856195068359398
25,1912,-25.990032196044922,0.4920554459095001,16.94200325012207,63.56711959838867,13124.730644481171,1076.954345703125,676.2901611328125,62.79654502868652,-0.03843029960989952,-0.024132899940013885,26.858911132812523
25.1,1912,-25.95887565612793,0.49657347798347473,16.93464469909668,64.18516540527344,13122.000608762997,1086.9530029296875,682.3578491210938,62.7771258354187,-0.038042906671762466,-0.023882243782281876,26.860314941406273
25.2,1912,-26.10977554321289,0.500021755695343,16.93385887145996,64.93658447265625,13152.918088418464,1099.626953125,688.7151489257812,62.63170838356018,-0.03791084885597229,-0.023744212463498116,26.862664794921898
25.3,1912,-26.203319549560547,0.5002038478851318,16.938400268554688,65.26899719238281,13199.882396296121,1105.5523681640625,691.426025390625,62.54122257232666,-0.0378975048661232,-0.023701563477516174,26.865289306640648
25.4,1912,-26.094392776489258,0.5002409815788269,16.94119644165039,65.41654968261719,13236.892914678696,1108.234619140625,693.4161376953125,62.56943345069885,-0.037631649523973465,-0.02354590967297554,26.867303466796898
25.5,1912,-26.03651237487793,0.49937212467193604,16.944286346435547,65.3959732055664,13272.006862560218,1108.088134765625,694.0480346679688,62.63473033905029,-0.03751399368047714,-0.02349678985774517,26.869683837890648
25.6,1912,-26.02859878540039,0.4988439679145813,16.944530487060547,65.33740997314453,13292.51476964383,1107.1116943359375,694.38525390625,62.72042989730835,-0.03748437762260437,-0.023510362952947617,26.872277832031273
25.7,1912,-26.00853729248047,0.4992179572582245,16.944297790527344,65.30347442626953,13299.351515795446,1106.521484375,695.2632446289062,62.833237648010254,-0.03740818426012993,-0.023504773154854774,26.874627685546898
25.8,1912,-26.112199783325195,0.5003269910812378,16.943328857421875,65.33447265625,13295.983850044036,1106.9833984375,696.63134765625,62.930601835250854,-0.03748352453112602,-0.02358860895037651,26.876916503906273
25.9,1912,-26.118684768676758,0.5006785988807678,16.9420108795166,65.48783111572266,13284.958795465693,1109.49560546875,696.5429077148438,62.780141830444336,-0.03749759867787361,-0.02354104444384575,26.880090332031273
26,1922,-26.113794326782227,0.4997760057449341,16.942733764648438,65.5821762084961,13283.837405900842,1111.141357421875,695.228515625,62.56886124610901,-0.03756145387887955,-0.023501776158809662,26.881860351562523
26.1,1922,-26.078384399414062,0.5015899538993835,16.938350677490234,65.91510009765625,13295.671446298318,1116.4930419921875,698.3734741210938,62.55062818527222,-0.03734160214662552,-0.023357408121228218,26.884240722656273
26.2,1922,-26.139469146728516,0.5052552819252014,16.93583869934082,66.50279998779297,13321.370151440437,1126.2806396484375,704.8364868164062,62.58088946342468,-0.03708586096763611,-0.02320866286754608,26.886621093750023
26.3,1922,-26.32587432861328,0.5070849061012268,16.937047958374023,66.90218353271484,13343.593947754258,1133.12548828125,708.5689697265625,62.53225803375244,-0.03715358301997185,-0.023232974112033844,26.888970947265648
26.4,1922,-26.46891975402832,0.5085774660110474,16.937448501586914,67.24352264404297,13357.040131361911,1138.9337158203125,711.3706665039062,62.45935559272766,-0.03720833733677864,-0.023240087553858757,26.891351318359398
26.5,1922,-26.522584915161133,0.5107155442237854,16.937389373779297,67.55567932128906,13362.42093617621,1144.216796875,714.6491088867188,62.457484006881714,-0.03711273893713951,-0.023179683834314346,26.894158935546898
26.6,1922,-26.573827743530273,0.5127990245819092,16.937170028686523,67.8966064453125,13368.419554368233,1149.976318359375,717.8866577148438,62.426209449768066,-0.037016745656728745,-0.02310815081000328,26.896875000000023
26.7,1922,-26.602041244506836,0.5117905139923096,16.93937873840332,68.06645202636719,13383.027926537381,1153.00341796875,717.2577514648438,62.207770347595215,-0.0370885394513607,-0.023071954026818275,26.899804687500023
26.8,1922,-26.51235008239746,0.512394905090332,16.940689086914062,68.16645812988281,13402.885381045953,1154.7867431640625,719.1702880859375,62.27732300758362,-0.03686519339680672,-0.022958654910326004,26.902856445312523
26.9,1922,-26.460420608520508,0.5119319558143616,16.94219398498535,68.16447448730469,13418.019477428976,1154.855712890625,719.3318481445312,62.28759288787842,-0.03678471967577934,-0.022912316024303436,26.905816650390648
27,1922,-26.431224822998047,0.5101528763771057,16.943307876586914,68.08195495605469,13434.862468928499,1153.5335693359375,717.7318115234375,62.22028136253357,-0.03682604804635048,-0.022913269698619843,26.908197021484398
27.1,1922,-26.478147506713867,0.5111467838287354,16.94321060180664,68.03378295898438,13438.34204049927,1152.710693359375,719.3163452148438,62.402158975601196,-0.03681015595793724,-0.022970331832766533,26.910424804687523
27.2,1922,-26.52657699584961,0.5101056694984436,16.941951751708984,68.04859161376953,13434.377543711265,1152.8759765625,717.6394653320312,62.247759103775024,-0.036963652819395065,-0.0230090469121933,26.912988281250023
27.3,1922,-26.49608612060547,0.5118761658668518,16.941526412963867,68.10994720458984,13430.358259699198,1153.886474609375,719.9148559570312,62.390440702438354,-0.03680447116494179,-0.022962471470236778,26.914941406250023
27.4,1922,-26.587539672851562,0.5118515491485596,16.941850662231445,68.15570068359375,13426.032400369506,1154.6837158203125,719.6483154296875,62.32428550720215,-0.03694518283009529,-0.023025820031762123,26.917077636718773
27.5,1922,-26.48637580871582,0.5111019015312195,16.942365646362305,68.18143463134766,13428.70531749238,1155.15478515625,718.7374267578125,62.2200071811676,-0.03685125336050987,-0.022928854450583458,26.918603515625023
27.6,1922,-26.407196044921875,0.5124160647392273,16.94333267211914,68.14248657226562,13436.691429663688,1154.560791015625,721.0139770507812,62.449198961257935,-0.036625079810619354,-0.022872069850564003,26.920556640625023
27.7,1922,-26.412540435791016,0.5095092058181763,16.944751739501953,67.9736099243164,13447.961278221885,1151.7958984375,717.5250854492188,62.296199798583984,-0.03681061416864395,-0.022931614890694618,26.922845458984398
27.8,1922,-26.416770935058594,0.5104031562805176,16.942914962768555,67.96342468261719,13441.692220966404,1151.49853515625,718.448974609375,62.392520904541016,-0.03676917031407356,-0.022941211238503456,26.924340820312523
27.9,1922,-26.577327728271484,0.5098459124565125,16.942392349243164,67.98979949951172,13432.339925250391,1151.909912109375,717.1652221679688,62.25879788398743,-0.037058863788843155,-0.02307240292429924,26.926721191406273
28,1909,-26.67238998413086,0.5104254484176636,16.941165924072266,68.0917739868164,13420.454594685707,1153.5540771484375,717.3451538085938,62.185657024383545,-0.03718208894133568,-0.023121925070881844,26.928582763671898
28.1,1909,-26.66339874267578,0.5106093287467957,16.94746208190918,67.8519515991211,13393.26497763772,1149.9183349609375,716.1497192382812,62.27830648422241,-0.03723159804940224,-0.02318721078336239,26.930657958984398
28.2,1909,-26.62171745300293,0.5093708634376526,16.94887924194336,67.4431381225586,13351.539260928923,1143.0855712890625,712.18701171875,62.30390667915344,-0.03738023340702057,-0.02328934706747532,26.933068847656273
28.3,1909,-26.500146865844727,0.5070273280143738,16.948347091674805,67.10208892822266,13331.037182273405,1137.26953125,707.82177734375,62.23870515823364,-0.0374390110373497,-0.02330155484378338,26.935205078125023
28.4,1909,-26.313671112060547,0.5042486786842346,16.949371337890625,66.72653198242188,13328.079837859654,1130.9727783203125,703.7865600585938,62.228429317474365,-0.03738870844244957,-0.02326640486717224,26.937280273437523
28.5,1909,-26.12306022644043,0.5020307302474976,16.950775146484375,66.29972839355469,13331.658492707984,1123.831787109375,700.8790893554688,62.365126609802246,-0.03727184981107712,-0.02324463613331318,26.939111328125023
28.6,1909,-26.158584594726562,0.5003333687782288,16.948795318603516,66.00534057617188,13322.17913725957,1118.7110595703125,698.0127563476562,62.39437460899353,-0.03747579827904701,-0.02338279038667679,26.941735839843773
28.7,1909,-26.01348304748535,0.4994809329509735,16.948183059692383,65.79115295410156,13308.190909839384,1115.04052734375,696.0918579101562,62.427496910095215,-0.03737075999379158,-0.023329630494117737,26.942803955078148
28.8,1909,-26.014305114746094,0.49802377820014954,16.948036193847656,65.54361724853516,13302.840412851165,1110.8355712890625,693.7821044921875,62.45587468147278,-0.03749636188149452,-0.02341868169605732,26.944238281250023
28.9,1909,-26.02151107788086,0.49726104736328125,16.946880340576172,65.43988800048828,13292.17555512889,1109.001953125,692.1641845703125,62.4132513999939,-0.03759441897273064,-0.02346389926970005,26.946130371093773
29,1865,-26.05438995361328,0.49712908267974854,16.945358276367188,65.44916534423828,13279.889228711494,1109.0595703125,691.3408813476562,62.335777282714844,-0.03768674656748772,-0.023492326959967613,26.947381591796898
29.1,1865,-25.92698860168457,0.4927509129047394,16.96272087097168,64.39324188232422,13256.123230324598,1092.2845458984375,684.0259399414062,62.623417377471924,-0.03790351375937462,-0.02373647689819336,26.948571777343773
29.2,1865,-25.72590446472168,0.47932443022727966,16.981523513793945,61.840736389160156,13154.889262799092,1050.14990234375,660.3062133789062,62.87732720375061,-0.038960568606853485,-0.024497363716363907,26.951104736328148
29.3,1865,-25.214841842651367,0.47160157561302185,16.976411819458008,59.98866271972656,13037.940687452627,1018.3922729492188,643.8917846679688,63.22630047798157,-0.03916006162762642,-0.024759460240602493,26.952386474609398
29.4,1865,-24.859346389770508,0.4639126658439636,16.971967697143555,58.522396087646484,12954.062613098717,993.240234375,629.3189697265625,63.36020231246948,-0.03950197994709015,-0.0250285342335701,26.953881835937523
29.5,1865,-24.463226318359375,0.45805487036705017,16.968486785888672,57.34994888305664,12893.026148436353,973.141845703125,618.4448852539062,63.55136036872864,-0.03955603390932083,-0.02513839676976204,26.955377197265648
29.6,1865,-24.218395233154297,0.454853892326355,16.96595001220703,56.37507629394531,12846.25068162887,956.4567260742188,611.89501953125,63.97519111633301,-0.039579328149557114,-0.025320952758193016,26.957177734375023
29.7,1865,-23.989437103271484,0.44945383071899414,16.963838577270508,55.55940628051758,12806.809708732037,942.5007934570312,602.7742309570312,63.95477056503296,-0.03979837894439697,-0.025452962145209312,26.958551025390648
29.8,1865,-23.666383743286133,0.44470199942588806,16.96268653869629,54.8528938293457,12779.840406265917,930.4524536132812,595.1454467773438,63.96301984786987,-0.03976571187376976,-0.025435350835323334,26.960656738281273
29.9,1865,-23.459152221679688,0.4411603808403015,16.961711883544922,54.229888916015625,12758.488542794621,919.8317260742188,589.4193115234375,64.0790343284607,-0.03980045020580292,-0.025503743439912796,26.961877441406273
30,1859,-23.275074005126953,0.43880441784858704,16.961164474487305,53.65724563598633,12741.021909489282,910.08935546875,585.4689331054688,64.33092951774597,-0.039754584431648254,-0.025574492290616035,26.963220214843773
30.1,1859,-23.23650360107422,0.4344930648803711,16.96375274658203,52.95756149291992,12714.16101578567,898.3590087890625,578.4944458007812,64.39456939697266,-0.04016720503568649,-0.025865498930215836,26.964898681640648
30.2,1859,-23.253868103027344,0.4315913915634155,16.961816787719727,52.3603515625,12663.93745091911,888.126708984375,572.3611450195312,64.44588899612427,-0.040627963840961456,-0.026183051988482475,26.966668701171898
30.3,1859,-23.185588836669922,0.43143153190612793,16.958229064941406,52.076507568359375,12614.972826520367,883.1253662109375,569.9369506835938,64.53636288642883,-0.04068097099661827,-0.026254018768668175,26.967340087890648
30.4,1859,-23.067089080810547,0.4304313361644745,16.95738983154297,51.831329345703125,12582.978253353545,878.924072265625,567.1735229492188,64.53043222427368,-0.0406702496111393,-0.026244688779115677,26.969384765625023
30.5,1859,-22.958242416381836,0.42971503734588623,16.956254959106445,51.66283416748047,12563.02404693865,876.0081787109375,565.3317260742188,64.53498005867004,-0.040610212832689285,-0.02620779350399971,26.971612548828148
30.6,1859,-22.88648223876953,0.42888277769088745,16.95564079284668,51.53009796142578,12549.219997846163,873.725830078125,563.6168212890625,64.5072877407074,-0.040606457740068436,-0.026194123551249504,26.973260498046898
30.7,1859,-22.74279022216797,0.42732930183410645,16.955774307250977,51.36929702758789,12545.180897178585,871.0062255859375,561.3945922851562,64.45356607437134,-0.04051123932003975,-0.02611093968153,26.975335693359398
30.8,1859,-22.68539810180664,0.42615723609924316,16.9556941986084,51.20561218261719,12542.428713433663,868.2266845703125,559.7319946289062,64.46841359138489,-0.0405290350317955,-0.026128428056836128,26.977136230468773
30.9,1859,-22.723684310913086,0.4261783957481384,16.955005645751953,51.10492706298828,12532.919050159173,866.4843139648438,559.3353881835938,64.55227732658386,-0.040626224130392075,-0.026225153356790543,26.978997802734398
31,1846,-22.696331024169922,0.4264703392982483,16.954843521118164,51.036617279052734,12523.968915981492,865.31787109375,559.31884765625,64.63738083839417,-0.04057852178812027,-0.026228895410895348,26.981347656250023
31.1,1846,-22.635568618774414,0.4237128794193268,16.961284637451172,50.57460403442383,12510.945876253298,857.8102416992188,555.1245727539062,64.71413969993591,-0.04077565670013428,-0.026387616991996765,26.982781982421898
31.2,1846,-22.439952850341797,0.4206521511077881,16.963726043701172,49.88816833496094,12479.228736263643,846.2892456054688,549.7174072265625,64.95620608329773,-0.0408208891749382,-0.026515701785683632,26.985192871093773
31.3,1846,-22.256851196289062,0.41658905148506165,16.962003707885742,49.393218994140625,12449.853458681253,837.8079833984375,543.1261596679688,64.82704281806946,-0.040979158133268356,-0.02656557597219944,26.986718750000023
31.4,1846,-22.175512313842773,0.4143962860107422,16.960418701171875,49.01521682739258,12422.012223372609,831.318603515625,539.0591430664062,64.84386920928955,-0.041137438267469406,-0.026675106957554817,26.988366699218773
31.5,1846,-22.108213424682617,0.413968563079834,16.959074020385742,48.77669143676758,12400.699993212338,827.20751953125,537.578857421875,64.9871826171875,-0.041125524789094925,-0.026726320385932922,26.990380859375023
31.6,1846,-22.143505096435547,0.4124516546726227,16.957536697387695,48.618560791015625,12380.78308873723,824.4510498046875,534.748779296875,64.86119031906128,-0.04140917584300041,-0.026858484372496605,26.992181396484398
31.7,1846,-22.324411392211914,0.4140164852142334,16.955883026123047,48.584083557128906,12355.643912691918,823.7860107421875,535.6876220703125,65.02752304077148,-0.041674304753541946,-0.027099769562482834,26.994042968750023
31.8,1846,-22.385480880737305,0.4146377742290497,16.95355224609375,48.73030471801758,12326.381706614507,826.1517944335938,535.220947265625,64.78481888771057,-0.04182474687695503,-0.027096087113022804,26.996697998046898
31.9,1846,-22.453289031982422,0.4167144000530243,16.952869415283203,48.883548736572266,12308.3706981254,828.7164306640625,537.1155395507812,64.81294631958008,-0.04180346429347992,-0.027094056829810143,26.998742675781273
32,1846,-22.335227966308594,0.41657698154449463,16.95370864868164,48.95741653442383,12310.046954044585,830.009765625,537.0115356445312,64.69941735267639,-0.04159171134233475,-0.026909595355391502,27.001794433593773
32.1,1846,-22.416452407836914,0.4155057370662689,16.9550838470459,48.93728256225586,12317.692686015334,829.7357177734375,535.9632568359375,64.59445357322693,-0.04182460904121399,-0.027016375213861465,27.004724121093773
32.2,1846,-22.314130783081055,0.4161968529224396,16.955137252807617,48.9349250793457,12324.640172300695,829.6983642578125,537.1575317382812,64.74130153656006,-0.04154112935066223,-0.02689426764845848,27.007653808593773
32.3,1846,-22.437896728515625,0.4149913787841797,16.954809188842773,48.960304260253906,12322.247019726225,830.1126098632812,535.4976806640625,64.5090401172638,-0.04190101474523544,-0.027029942721128464,27.010980224609398
32.4,1846,-22.375873565673828,0.4165933430194855,16.954349517822266,49.00733184814453,12320.588249091314,830.887451171875,537.4924926757812,64.68896269798279,-0.04163011536002159,-0.02693009003996849,27.012902832031273
32.5,1846,-22.372533798217773,0.4157225489616394,16.954763412475586,49.0178108215332,12322.286653037248,831.0853881835938,536.4429321289062,64.54726457595825,-0.04170534014701843,-0.026919657364487648,27.016076660156273
32.6,1846,-22.318458557128906,0.4168259799480438,16.956058502197266,48.91801834106445,12333.881727882963,829.456787109375,538.3728637695312,64.90668058395386,-0.04145539179444313,-0.026907319203019142,27.018579101562523
32.7,1846,-22.354351043701172,0.41532522439956665,16.955446243286133,48.85554885864258,12331.591155642907,828.3676147460938,536.3348999023438,64.74599838256836,-0.04167983680963516,-0.026986027136445045,27.021081542968773
32.8,1846,-22.38640594482422,0.4165588319301605,16.95443344116211,48.870811462402344,12329.014990426358,828.576904296875,537.8155517578125,64.90834355354309,-0.04162469133734703,-0.027017896994948387,27.023187255859398
32.9,1846,-22.18039894104004,0.4139432907104492,16.955522537231445,48.756736755371094,12338.547967413215,826.6959228515625,534.8518676757812,64.69753384590149,-0.04147017002105713,-0.026830177754163742,27.025781250000023
33,1843,-22.11020851135254,0.411899596452713,16.956708908081055,48.56062698364258,12353.768324531995,823.4284057617188,532.8677368164062,64.71330523490906,-0.04149286448955536,-0.02685140259563923,27.028039550781273
33.1,1843,-22.019765853881836,0.41208598017692566,16.95786476135254,48.27432632446289,12357.673371353463,818.6295166015625,533.2774047851562,65.14270305633545,-0.04129139333963394,-0.026898330077528954,27.030267333984398
33.2,1843,-21.879356384277344,0.40846940875053406,16.958091735839844,47.97090148925781,12349.032143864644,813.4949340820312,528.2276000976562,64.93310928344727,-0.04142032191157341,-0.02689550444483757,27.032373046875023
33.3,1843,-21.81307029724121,0.4077456593513489,16.958114624023438,47.687435150146484,12344.599041458063,808.68896484375,527.1023559570312,65.17986059188843,-0.041382987052202225,-0.02697337418794632,27.034692382812523
33.4,1843,-21.613924026489258,0.40541353821754456,16.958526611328125,47.3853759765625,12340.353614436037,803.586181640625,523.9073486328125,65.1961624622345,-0.04125524312257767,-0.02689683437347412,27.037225341796898
33.5,1843,-21.661344528198242,0.4057241380214691,16.95742416381836,47.18214797973633,12329.475436245604,800.0877075195312,523.8464965820312,65.47363996505737,-0.041350554674863815,-0.027073713019490242,27.040124511718773
33.6,1843,-21.59870719909668,0.40555235743522644,16.9555606842041,47.12311553955078,12313.864574444677,798.9988403320312,522.9617309570312,65.45212864875793,-0.04130074009299278,-0.027032213285565376,27.042382812500023
33.7,1843,-21.7524471282959,0.4050319492816925,16.95443344116211,47.118892669677734,12295.06905953442,798.8741455078125,521.4934692382812,65.27855396270752,-0.04171182960271835,-0.027228878811001778,27.044732666015648
33.8,1843,-21.70465087890625,0.4053287208080292,16.953632354736328,47.15952682495117,12282.699969438121,799.5252685546875,521.3505249023438,65.20751118659973,-0.041631586849689484,-0.027146922424435616,27.045800781250023
33.9,1843,-21.847856521606445,0.4080362319946289,16.952985763549805,47.2510986328125,12270.040623622852,801.0471801757812,524.2921142578125,65.45084118843079,-0.04167114943265915,-0.0272741187363863,27.047723388671898
34,1840,-21.840341567993164,0.40737491846084595,16.952659606933594,47.35752868652344,12262.380903424682,802.8360595703125,523.1156616210938,65.15846252441406,-0.041750501841306686,-0.027203986421227455,27.050073242187523
34.1,1840,-21.773000717163086,0.40852445363998413,16.955636978149414,47.2506103515625,12267.961040479719,801.1641845703125,524.8305053710938,65.50847887992859,-0.041485775262117386,-0.02717670239508152,27.052392578125023
34.2,1840,-21.83928680419922,0.40420690178871155,16.956317901611328,47.08984375,12264.036177002738,798.4703369140625,519.1176147460938,65.0140106678009,-0.042070016264915466,-0.02735140547156334,27.054681396484398
34.3,1840,-21.720947265625,0.4053508937358856,16.955698013305664,47.01585006713867,12258.086517606685,797.1865844726562,520.3342895507812,65.27132987976074,-0.04174421727657318,-0.027247006073594093,27.056115722656273
34.4,1840,-21.781768798828125,0.40341341495513916,16.95587730407715,46.93213653564453,12254.697869514144,795.7755737304688,517.7040405273438,65.05653858184814,-0.04207378625869751,-0.02737174928188324,27.058862304687523
34.5,1840,-21.620512008666992,0.4033999741077423,16.955902099609375,46.839599609375,12254.619768577715,794.2076416015625,517.6834716796875,65.1823878288269,-0.04176395758986473,-0.02722274325788021,27.060754394531273
34.6,1840,-21.5964298248291,0.40265971422195435,16.956636428833008,46.685359954833984,12261.898309578686,791.6266479492188,517.0404663085938,65.31367301940918,-0.041769325733184814,-0.027281079441308975,27.062646484375023
34.7,1840,-21.48500633239746,0.4019237160682678,16.956270217895508,46.55526351928711,12260.005236134488,789.4036254882812,516.0156860351562,65.36778807640076,-0.04163634404540062,-0.027216756716370583,27.065423583984398
34.8,1840,-21.634763717651367,0.4032089412212372,16.954639434814453,46.57188415527344,12248.431143629901,789.6094970703125,517.1770629882812,65.49782156944275,-0.04183241352438927,-0.027399320155382156,27.067376708984398
34.9,1840,-21.871150970458984,0.4027615487575531,16.952320098876953,46.70878219604492,12224.236172935452,791.8222045898438,515.5827026367188,65.11344313621521,-0.04242025688290596,-0.02762128971517086,27.069390869140648
35,1868,-21.85029411315918,0.4047125577926636,16.951204299926758,46.94575119018555,12205.152733677463,795.7870483398438,517.271484375,65.00124335289001,-0.04224144667387009,-0.02745746448636055,27.071130371093773
35.1,1868,-21.94017791748047,0.41187286376953125,16.940637588500977,47.760528564453125,12215.518010195821,809.0938110351562,526.8702392578125,65.11856317520142,-0.04164246842265129,-0.02711697667837143,27.072290039062523
35.2,1868,-22.250534057617188,0.4197682738304138,16.932321548461914,49.39836502075195,12291.134870572494,836.4290161132812,540.2940673828125,64.59532976150513,-0.0411822646856308,-0.026601821184158325,27.074060058593773
35.3,1868,-22.71944236755371,0.42543235421180725,16.93651008605957,50.473480224609375,12369.718400847862,854.8446044921875,551.08544921875,64.4661545753479,-0.041226714849472046,-0.02657727710902691,27.075982666015648
35.4,1868,-23.028005599975586,0.4307329058647156,16.938688278198242,51.35892105102539,12422.384077084862,869.9527587890625,560.3270874023438,64.40891027450562,-0.041097432374954224,-0.026470409706234932,27.077630615234398
35.5,1868,-23.2034912109375,0.4347691237926483,16.941431045532227,52.03558349609375,12466.0436662345,881.5572509765625,567.5654296875,64.38214182853699,-0.04088249430060387,-0.02632102556526661,27.078973388671898
35.6,1868,-23.323198318481445,0.43747279047966003,16.94348907470703,52.55093002319336,12503.094983613719,890.3961181640625,572.7923583984375,64.33005928993225,-0.04071841761469841,-0.02619418315589428,27.079339599609398
35.7,1868,-23.367238998413086,0.4391902983188629,16.945852279663086,52.904273986816406,12539.18344467218,896.5079956054688,576.7008666992188,64.32746648788452,-0.04051882028579712,-0.026064729318022728,27.081079101562523
35.8,1868,-23.39521598815918,0.440162718296051,16.947580337524414,53.130332946777344,12570.036811618638,900.4306030273438,579.39990234375,64.34698104858398,-0.040378354489803314,-0.02598225325345993,27.082604980468773
35.9,1868,-23.39907455444336,0.4410937428474426,16.94893455505371,53.262046813964844,12592.323554955849,902.7349243164062,581.6549072265625,64.43251967430115,-0.04022844880819321,-0.02592020481824875,27.084069824218773
36,1881,-23.466609954833984,0.4408339262008667,16.949947357177734,53.35078048706055,12610.010502843055,904.2929077148438,582.1287841796875,64.37391638755798,-0.04031171649694443,-0.025950230658054352,27.085076904296898
36.1,1881,-23.53219985961914,0.44253402948379517,16.94385528564453,53.84843063354492,12630.73522745168,912.4000244140625,585.334228515625,64.15324807167053,-0.04020301252603531,-0.025791538879275322,27.087304687500023
36.2,1881,-23.631771087646484,0.4449288249015808,16.942630767822266,54.526756286621094,12672.284925632106,923.8267211914062,590.4376831054688,63.91217112541199,-0.040024157613515854,-0.025580307468771935,27.088922119140648
36.3,1881,-23.761014938354492,0.44733747839927673,16.944965362548828,54.961151123046875,12708.128592710715,931.3148193359375,595.3131713867188,63.92180323600769,-0.039913468062877655,-0.025513408705592155,27.089929199218773
36.4,1881,-23.899913787841797,0.4496650695800781,16.945674896240234,55.34414291381836,12727.938254108934,937.8438720703125,599.3435668945312,63.90653848648071,-0.03987681865692139,-0.02548389509320259,27.091485595703148
36.5,1881,-24.015111923217773,0.4506016969680786,16.946537017822266,55.70790100097656,12743.48034045838,944.0560302734375,601.3253173828125,63.695937395095825,-0.03993697091937065,-0.025438228622078896,27.093560791015648
36.6,1881,-24.026758193969727,0.45078304409980774,16.948040008544922,55.93424987792969,12760.930654165062,947.9758911132812,602.39111328125,63.54497671127319,-0.03988564759492874,-0.025345325469970703,27.093835449218773
36.7,1881,-23.961576461791992,0.45273998379707336,16.94945526123047,56.05432891845703,12780.28336680089,950.09033203125,605.9237060546875,63.775378465652466,-0.03954553231596947,-0.025220314040780067,27.094964599609398
36.8,1881,-24.052820205688477,0.45281901955604553,16.95016098022461,56.12783432006836,12794.944194822863,951.3758544921875,606.7246704101562,63.77339959144592,-0.03964371234178543,-0.02528214268386364,27.095880126953148
36.9,1881,-24.02885627746582,0.45194777846336365,16.95059585571289,56.16865921020508,12802.918650137988,952.0922241210938,605.9347534179688,63.64244222640991,-0.03965584933757782,-0.025237949565052986,27.097802734375023
37,1884,-24.115610122680664,0.454885333776474,16.949459075927734,56.3066520690918,12799.962471409855,954.3673095703125,609.7323608398438,63.88865113258362,-0.03955113887786865,-0.025268688797950745,27.098565673828148
37.1,1884,-24.324260711669922,0.45704251527786255,16.94663429260254,56.631561279296875,12796.554006661803,959.71435546875,612.4607543945312,63.81698250770569,-0.03971562534570694,-0.02534531243145466,27.099603271484398
37.2,1884,-24.37486457824707,0.45815756916999817,16.946178436279297,57.00721740722656,12799.464723650819,966.0545043945312,614.0946044921875,63.56728672981262,-0.039692360907793045,-0.02523135580122471,27.101129150390648
37.3,1884,-24.396371841430664,0.46059414744377136,16.946855545043945,57.28235626220703,12810.036326523625,970.7557983398438,617.8704223632812,63.64838480949402,-0.03948460891842842,-0.025131316855549812,27.103295898437523
37.4,1884,-24.499515533447266,0.4603903591632843,16.947708129882812,57.46808624267578,12822.96727708797,973.9523315429688,618.220458984375,63.47543001174927,-0.03962909057736397,-0.025154737755656242,27.105004882812523
37.5,1884,-24.503395080566406,0.46164828538894653,16.948362350463867,57.61226272583008,12833.15420370672,976.4335327148438,620.402099609375,63.53756785392761,-0.03949598968029022,-0.025094792246818542,27.106927490234398
37.6,1884,-24.655250549316406,0.46155038475990295,16.948104858398438,57.78920364379883,12836.229282367924,979.41748046875,620.419189453125,63.34573030471802,-0.03973966836929321,-0.025173382833600044,27.109338378906273
37.7,1884,-24.573223114013672,0.46141761541366577,16.949207305908203,57.89625549316406,12843.76427420493,981.295654296875,620.6047973632812,63.243407011032104,-0.03959560766816139,-0.0250416100025177,27.111871337890648
37.8,1884,-24.479917526245117,0.46273139119148254,16.950729370117188,57.89462661743164,12855.90139286318,981.3561401367188,622.9599609375,63.47949504852295,-0.03929613530635834,-0.024944989010691643,27.113732910156273
37.9,1884,-24.411418914794922,0.45997723937034607,16.953262329101562,57.72445297241211,12878.367651785617,978.6177978515625,620.3342895507812,63.38881850242615,-0.039352040737867355,-0.024944793432950974,27.115930175781273
38,1893,-24.391735076904297,0.45980629324913025,16.95323944091797,57.5528678894043,12891.951386296236,975.70751953125,620.7578125,63.62130045890808,-0.03929348289966583,-0.024999022483825684,27.118280029296898
38.1,1893,-24.36260986328125,0.46098411083221436,16.94536781311035,57.82871627807617,12904.614229168359,979.9288940429688,622.9591674804688,63.57187628746033,-0.039107874035835266,-0.024861611425876617,27.119439697265648
38.2,1893,-24.46773910522461,0.4629491865634918,16.943988800048828,58.251766204833984,12928.079480665721,987.0172729492188,626.7523193359375,63.499629497528076,-0.03903892636299133,-0.02478957548737526,27.121240234375023
38.3,1893,-24.438426971435547,0.46510666608810425,16.944984436035156,58.5487174987793,12949.086301193985,992.1071166992188,630.6963500976562,63.57139348983765,-0.038748323917388916,-0.024632850661873817,27.123254394531273
38.4,1893,-24.46843910217285,0.4656471014022827,16.946989059448242,58.72771072387695,12968.468155970271,995.2578735351562,632.374267578125,63.53873610496521,-0.03869296982884407,-0.024585025385022163,27.124414062500023
38.5,1893,-24.642271041870117,0.4677085876464844,16.947656631469727,58.88201141357422,12977.541852823499,997.912109375,635.6182861328125,63.69481682777405,-0.03876897692680359,-0.02469382993876934,27.126153564453148
38.6,1893,-24.660324096679688,0.4694036841392517,16.946619033813477,59.13554382324219,12975.714057773928,1002.1475219726562,637.8320922851562,63.646525144577026,-0.03866272047162056,-0.024607479572296143,27.127832031250023
38.7,1893,-24.8565731048584,0.47084519267082214,16.945846557617188,59.41017532348633,12969.040507608881,1006.7557373046875,639.4617919921875,63.51707577705383,-0.03887108340859413,-0.024689776822924614,27.128503417968773
38.8,1893,-24.9765682220459,0.4737216830253601,16.94573211669922,59.69493103027344,12965.266017576667,1011.5742797851562,643.18115234375,63.58219385147095,-0.03883286565542221,-0.024690790101885796,27.130090332031273
38.9,1893,-24.95783233642578,0.4741140604019165,16.946435928344727,59.92441940307617,12968.01703563597,1015.5053100585938,643.8504638671875,63.401979207992554,-0.03876339644193649,-0.024576760828495026,27.131768798828148
39,1903,-24.96771240234375,0.4740149676799774,16.948104858398438,60.02104949951172,12981.411929076417,1017.2430419921875,644.3807983398438,63.345807790756226,-0.038746826350688934,-0.0245444905012846,27.132989501953148
39.1,1903,-24.961048126220703,0.476483553647995,16.94249725341797,60.46333312988281,12996.910885057983,1024.39990234375,648.510009765625,63.306331634521484,-0.038489844650030136,-0.024366509169340134,27.133660888671898
39.2,1903,-24.976930618286133,0.47854188084602356,16.941390991210938,61.02753829956055,13029.764568525527,1033.891357421875,652.9578247070312,63.1553590297699,-0.038251981139183044,-0.02415817603468895,27.135766601562523
39.3,1903,-25.10600471496582,0.47949525713920593,16.94271469116211,61.40557861328125,13055.913228316329,1040.377197265625,655.5717163085938,63.01288604736328,-0.038296353071928024,-0.024131637066602707,27.137872314453148
39.4,1903,-25.255577087402344,0.480904757976532,16.943082809448242,61.76915740966797,13067.117798479898,1046.5599365234375,658.0630493164062,62.878674268722534,-0.03837865963578224,-0.02413199283182621,27.138909912109398
39.5,1903,-25.445919036865234,0.48351484537124634,16.942886352539062,62.16587448120117,13072.744562959668,1053.269287109375,661.9195556640625,62.844282388687134,-0.038442615419626236,-0.024158986285328865,27.141168212890648
39.6,1903,-25.526941299438477,0.4865413308143616,16.9422550201416,62.58016586303711,13074.250628778575,1060.2491455078125,666.1394653320312,62.82857656478882,-0.038320716470479965,-0.02407636120915413,27.142968750000023
39.7,1903,-25.55492401123047,0.48832327127456665,16.94356918334961,62.87736511230469,13084.550626902304,1065.366943359375,669.1058959960938,62.80519962310791,-0.03819264471530914,-0.023986967280507088,27.144342041015648
39.8,1903,-25.524356842041016,0.48835617303848267,16.945659637451172,63.02069091796875,13105.404742614566,1067.9271240234375,670.2174682617188,62.75872588157654,-0.038083694875240326,-0.023900840431451797,27.146386718750023
39.9,1903,-25.473787307739258,0.4878702461719513,16.947418212890625,63.02363586425781,13127.618047757822,1068.087890625,670.6854248046875,62.79309391975403,-0.03798172250390053,-0.02384989708662033,27.147790527343773
40,1928,-25.421146392822266,0.4860374927520752,16.94894790649414,62.94667434692383,13145.301498588173,1066.8798828125,669.0659790039062,62.71239519119263,-0.037994977086782455,-0.023827562108635902,27.148980712890648
40.1,1928,-25.454896926879883,0.48852813243865967,16.936626434326172,63.53200912475586,13158.310550088947,1076.0179443359375,673.1600341796875,62.56030201911926,-0.03781403601169586,-0.02365657314658165,27.150170898437523
40.2,1928,-25.63018798828125,0.49618765711784363,16.927467346191406,65.05746459960938,13226.236216755751,1101.258056640625,687.2438354492188,62.405335903167725,-0.0372941680252552,-0.02327355183660984,27.152215576171898
40.3,1928,-25.82158851623535,0.4986012876033783,16.93160629272461,65.97981262207031,13299.99147719992,1117.1441650390625,694.4378662109375,62.16188073158264,-0.03718344122171402,-0.023113925009965897,27.153161621093773
40.4,1928,-26.09292984008789,0.5010098218917847,16.933813095092773,66.68527221679688,13347.342792702868,1129.2359619140625,700.2766723632812,62.01332211494446,-0.037260886281728745,-0.023106712847948074,27.154687500000023
40.5,1928,-26.25183868408203,0.5051863789558411,16.934532165527344,67.33598327636719,13375.215501523207,1140.3033447265625,707.5889282226562,62.0526909828186,-0.0371004082262516,-0.023021802306175232,27.157037353515648
40.6,1928,-26.579837799072266,0.5086748003959656,16.93466567993164,67.96479797363281,13389.906637371258,1150.961181640625,713.257568359375,61.970603466033936,-0.037265412509441376,-0.023093601688742638,27.157617187500023
40.7,1928,-26.69169044494629,0.5106163024902344,16.934778213500977,68.53862762451172,13400.382654023359,1160.6864013671875,716.5401000976562,61.734163761138916,-0.03725079819560051,-0.02299646846950054,27.159020996093773
40.8,1928,-26.71656608581543,0.5150541663169861,16.934858322143555,69.10034942626953,13410.09514659544,1170.20458984375,723.29150390625,61.808979511260986,-0.03693747892975807,-0.022830678150057793,27.161218261718773
40.9,1928,-26.861682891845703,0.5148903131484985,16.936471939086914,69.48829650878906,13428.199409934017,1176.8865966796875,724.03759765625,61.521440744400024,-0.037099845707416534,-0.0228243600577116,27.163385009765648
41,1928,-26.880645751953125,0.5173485279083252,16.937253952026367,69.8230972290039,13442.27506377558,1182.611572265625,728.2568969726562,61.58040165901184,-0.03691093996167183,-0.02272990345954895,27.164453125000023
41.1,1928,-27.0129337310791,0.518826961517334,16.937686920166016,70.12811279296875,13452.1297699931,1187.8079833984375,730.8734741210938,61.53128147125244,-0.03695979341864586,-0.022741835564374924,27.166406250000023
41.2,1928,-26.997961044311523,0.5197991728782654,16.938446044921875,70.38999938964844,13462.386637748952,1192.2972412109375,732.8013305664062,61.461299657821655,-0.03684212639927864,-0.022643649950623512,27.168145751953148
41.3,1928,-27.04460334777832,0.5217919945716858,16.93866729736328,70.61660766601562,13471.059338749466,1196.1512451171875,736.0846557617188,61.537760496139526,-0.03674115613102913,-0.022609686478972435,27.169244384765648
41.4,1928,-26.948348999023438,0.5196986198425293,16.941076278686523,70.66868591308594,13491.78522904371,1197.20361328125,734.259521484375,61.33121848106384,-0.03670139238238335,-0.022509412840008736,27.171533203125023
41.5,1928,-27.007434844970703,0.5188680291175842,16.942590713500977,70.60572052001953,13510.872165358554,1196.2437744140625,734.1231689453125,61.369019746780396,-0.0367886982858181,-0.022576864808797836,27.173242187500023
41.6,1928,-26.987417221069336,0.5197164416313171,16.94182014465332,70.61833953857422,13515.290113852096,1196.4031982421875,735.56396484375,61.481279134750366,-0.03668942302465439,-0.022557126358151436,27.174798583984398
41.7,1928,-27.110435485839844,0.5199267864227295,16.94031524658203,70.74117279052734,13507.169947834678,1198.3778076171875,735.4195556640625,61.36792302131653,-0.03686390444636345,-0.02262261137366295,27.177087402343773
41.8,1928,-27.068029403686523,0.5214786529541016,16.94070053100586,70.82662963867188,13507.559286831207,1199.852783203125,737.6358642578125,61.47720217704773,-0.03669565171003342,-0.022559460252523422,27.179040527343773
41.9,1928,-27.11954116821289,0.5220000743865967,16.94080352783203,70.89360809326172,13507.573275058627,1200.99462890625,738.3742065429688,61.48022413253784,-0.03672872111201286,-0.02258089929819107,27.181512451171898
42,1922,-27.014432907104492,0.5232143998146057,16.94148826599121,70.91007995605469,13513.16273759861,1201.322265625,740.3981323242188,61.631929874420166,-0.03648636117577553,-0.022487249225378036,27.183404541015648
42.1,1922,-27.039562225341797,0.5199494361877441,16.946321487426758,70.65436553955078,13512.027359806338,1197.33154296875,735.716064453125,61.446309089660645,-0.03675271198153496,-0.022583186626434326,27.185662841796898
42.2,1922,-26.845447540283203,0.5183472037315369,16.948945999145508,70.20941925048828,13508.496498068358,1189.9757080078125,733.25732421875,61.61952018737793,-0.036611225455999374,-0.02255966141819954,27.187280273437523
42.3,1922,-26.689821243286133,0.5135014653205872,16.95067596435547,69.68756866455078,13517.947877061932,1181.2513427734375,726.9107055664062,61.5373432636261,-0.03671678155660629,-0.022594530135393143,27.189019775390648
42.4,1922,-26.580371856689453,0.5113626718521118,16.950551986694336,69.18042755126953,13519.043621543178,1172.646484375,723.9417114257812,61.735719442367554,-0.03671617433428764,-0.022666996344923973,27.191094970703148
42.5,1922,-26.573135375976562,0.5109063982963562,16.94880485534668,68.87507629394531,13504.051738805594,1167.3502197265625,722.49365234375,61.891764402389526,-0.036779746413230896,-0.022763635963201523,27.192315673828148
42.6,1922,-26.6054630279541,0.5119874477386475,16.946645736694336,68.73188018798828,13483.970472658299,1164.7747802734375,722.94580078125,62.06742525100708,-0.03680146485567093,-0.022841721773147583,27.194085693359398
42.7,1922,-26.590360641479492,0.5100910663604736,16.945993423461914,68.60895538330078,13468.189420757093,1162.6468505859375,719.425048828125,61.878204345703125,-0.03696057200431824,-0.022870538756251335,27.196252441406273
42.8,1922,-26.535722732543945,0.5109714865684509,16.944612503051758,68.59033203125,13452.811696079834,1162.236572265625,719.8439331054688,61.936092376708984,-0.03686315938830376,-0.02283160202205181,27.197717285156273
42.9,1922,-26.726926803588867,0.5119311809539795,16.941253662109375,68.77894592285156,13425.962459232405,1165.2015380859375,719.7565307617188,61.77099347114563,-0.03713328763842583,-0.022937599569559097,27.199395751953148
43,1918,-26.778627395629883,0.5134015083312988,16.939468383789062,69.09071350097656,13403.553318905268,1170.3599853515625,720.6190185546875,61.572426557540894,-0.037160590291023254,-0.0228806771337986,27.200982666015648
43.1,1918,-26.792781829833984,0.514165997505188,16.94147491455078,69.19749450683594,13391.997877370575,1172.3076171875,721.0698852539062,61.50858998298645,-0.03715698421001434,-0.02285473607480526,27.202203369140648
43.2,1918,-26.871265411376953,0.5150964856147766,16.942203521728516,69.26560974121094,13378.55285944854,1173.5120849609375,721.6495361328125,61.4948570728302,-0.037235893309116364,-0.022898158058524132,27.204522705078148
43.3,1918,-26.874584197998047,0.5145325064659119,16.94183921813965,69.36161041259766,13372.815354835027,1175.11328125,720.55029296875,61.31751537322998,-0.03729730471968651,-0.022869782522320747,27.205987548828148
43.4,1918,-26.838930130004883,0.5147011876106262,16.94270133972168,69.38104248046875,13374.750392961485,1175.5023193359375,720.8908081054688,61.32619380950928,-0.0372302308678627,-0.022831883281469345,27.206567382812523
43.5,1918,-26.77537727355957,0.5152723789215088,16.943307876586914,69.40804290771484,13381.801625266879,1176.0018310546875,722.0712890625,61.40052080154419,-0.03708134964108467,-0.022768141701817513,27.207696533203148
43.6,1918,-26.883323669433594,0.5126842260360718,16.944293975830078,69.3257827758789,13391.523443323907,1174.6763916015625,718.9663696289062,61.20547652244568,-0.037391629070043564,-0.022885726764798164,27.208917236328148
43.7,1918,-26.914199829101562,0.5127860307693481,16.94365119934082,69.33379364013672,13391.975729343827,1174.767578125,719.1334228515625,61.21494770050049,-0.03742587938904762,-0.022910233587026596,27.211083984375023
43.8,1918,-26.886802673339844,0.5140296220779419,16.94395637512207,69.28102111816406,13393.550570614216,1173.8946533203125,720.962158203125,61.41626238822937,-0.03729294613003731,-0.022903932258486748,27.212640380859398
43.9,1918,-26.90207290649414,0.5135155916213989,16.94328498840332,69.28402709960938,13389.716630615467,1173.8990478515625,720.0350341796875,61.33705377578735,-0.03736216947436333,-0.022916855290532112,27.214898681640648
44,1909,-26.836715698242188,0.5144146084785461,16.943212509155273,69.27986145019531,13386.558788275359,1173.8233642578125,721.12548828125,61.43389940261841,-0.03721504285931587,-0.02286265231668949,27.216973876953148
44.1,1909,-26.865392684936523,0.5144280791282654,16.948030471801758,69.01390838623047,13368.441702394983,1169.6497802734375,720.1683959960938,61.571282148361206,-0.03730431944131851,-0.022968748584389687,27.219110107421898
44.2,1909,-26.802762985229492,0.5127930045127869,16.948575973510742,68.65946960449219,13339.115383608561,1163.6802978515625,716.3046264648438,61.555105447769165,-0.03741810843348503,-0.02303275652229786,27.221643066406273
44.3,1909,-26.839672088623047,0.5109754204750061,16.94838523864746,68.37162780761719,13321.803786490464,1158.7886962890625,712.83935546875,61.51590347290039,-0.03765178099274635,-0.023161834105849266,27.223901367187523
44.4,1909,-26.844717025756836,0.5097677111625671,16.94683265686035,68.18394470214844,13305.001593987583,1155.501953125,710.257568359375,61.467450857162476,-0.03779574856162071,-0.02323208376765251,27.226434326171898
44.5,1909,-26.87796974182129,0.5101075768470764,16.94516944885254,68.15293884277344,13281.348667105667,1154.863037109375,709.4675903320312,61.43304705619812,-0.037884704768657684,-0.023273728787899017,27.228570556640648
44.6,1909,-26.784055709838867,0.5103841423988342,16.943952560424805,68.17875671386719,13262.438915004812,1155.2176513671875,708.8416137695312,61.36000156402588,-0.03778567165136337,-0.02318529039621353,27.231378173828148
44.7,1909,-26.647008895874023,0.5113282799720764,16.94369125366211,68.2337417602539,13254.449305776649,1156.1314697265625,709.7250366210938,61.38792037963867,-0.03754553943872452,-0.02304842509329319,27.233728027343773
44.8,1909,-26.558198928833008,0.5108835697174072,16.945878982543945,68.14776611328125,13263.545150656624,1154.8238525390625,709.5943603515625,61.44611835479736,-0.03742729499936104,-0.022997619584202766,27.236108398437523
44.9,1909,-26.505367279052734,0.5104613304138184,16.946250915527344,68.01946258544922,13273.549064633295,1152.6749267578125,709.5426635742188,61.5561842918396,-0.037355564534664154,-0.02299465984106064,27.238610839843773
45,1890,-26.541332244873047,0.5100906491279602,16.945735931396484,67.94525909423828,13273.91975265993,1151.3824462890625,709.0472412109375,61.582255363464355,-0.037432391196489334,-0.023051708936691284,27.241387939453148
45.1,1890,-26.559768676757812,0.504856288433075,16.958759307861328,67.11286163330078,13255.239640625889,1138.15087890625,700.78369140625,61.57212257385254,-0.03790009766817093,-0.0233358945697546,27.243646240234398
45.2,1890,-26.26143455505371,0.4987045228481293,16.963857650756836,65.8255615234375,13217.262768865701,1116.6553955078125,690.2611694335938,61.8150532245636,-0.038045648485422134,-0.02351793833076954,27.246240234375023
45.3,1890,-25.949872970581055,0.4925231635570526,16.96282196044922,64.7557144165039,13191.344914827334,1098.439697265625,680.3687744140625,61.93956732749939,-0.03814089670777321,-0.023624304682016373,27.249078369140648
45.4,1890,-25.78078842163086,0.4885963797569275,16.96048927307129,63.919097900390625,13160.924017245285,1084.09912109375,673.3878173828125,62.11496591567993,-0.03828520327806473,-0.023780839517712593,27.251702880859398
45.5,1890,-25.63838768005371,0.48533207178115845,16.958276748657227,63.26417541503906,13130.627848024398,1072.8514404296875,667.34912109375,62.20331788063049,-0.038418252021074295,-0.023897426202893257,27.253961181640648
45.6,1890,-25.50966453552246,0.48192253708839417,16.956953048706055,62.725650787353516,13105.518979805163,1063.6358642578125,661.3937377929688,62.18234300613403,-0.038569558411836624,-0.023983456194400787,27.255395507812523
45.7,1890,-25.451440811157227,0.47905537486076355,16.95652198791504,62.21865463256836,13090.629677401994,1055.011962890625,656.7118530273438,62.246865034103394,-0.0387558713555336,-0.02412431500852108,27.258081054687523
45.8,1890,-25.278566360473633,0.4779077172279358,16.956405639648438,61.74869155883789,13079.808617806862,1047.035888671875,654.5970458984375,62.51906752586365,-0.03861698880791664,-0.024142980575561523,27.260369873046898
45.9,1890,-24.999948501586914,0.47431519627571106,16.95707893371582,61.250877380371094,13078.027450182024,1038.635986328125,649.587890625,62.54240274429321,-0.03848586231470108,-0.024069981649518013,27.262048339843773
46,1878,-24.992877960205078,0.4721987843513489,16.955007553100586,60.899478912353516,13061.546986909809,1032.5511474609375,645.8744506835938,62.55132555961609,-0.03869618475437164,-0.024204978719353676,27.264459228515648
46.1,1878,-25.10061264038086,0.46973705291748047,16.960050582885742,60.28462600708008,13014.509240838195,1022.4302978515625,640.1934814453125,62.61487603187561,-0.039207857102155685,-0.024549949914216995,27.265405273437523
46.2,1878,-24.912202835083008,0.4694070816040039,16.959924697875977,59.632293701171875,12951.756886945623,1011.3591918945312,636.6590576171875,62.9508376121521,-0.039129581302404404,-0.024632398039102554,27.268457031250023
46.3,1878,-24.891172409057617,0.4671441614627838,16.957462310791016,59.218727111816406,12904.399743014583,1004.1993408203125,631.273193359375,62.863337993621826,-0.03943011164665222,-0.02478708326816559,27.270318603515648
46.4,1878,-24.725143432617188,0.46601924300193787,16.95549201965332,58.94296646118164,12869.27297259126,999.406982421875,628.038818359375,62.84114718437195,-0.03936881572008133,-0.024739814922213554,27.272424316406273
46.5,1878,-24.499242782592773,0.4633583128452301,16.957429885864258,58.525177001953125,12866.820370050253,992.4365844726562,624.333740234375,62.90918588638306,-0.03924061730504036,-0.024685952812433243,27.274438476562523
46.6,1878,-24.228971481323242,0.45846492052078247,16.958818435668945,58.01719284057617,12876.061925632523,983.9030151367188,618.1840209960938,62.829774618148804,-0.039193782955408096,-0.024625364691019058,27.276422119140648
46.7,1878,-24.10536766052246,0.45636412501335144,16.958763122558594,57.53504943847656,12877.577316936377,975.7232666015625,615.4237670898438,63.073599338531494,-0.03916873037815094,-0.024705126881599426,27.278070068359398
46.8,1878,-23.87547492980957,0.4525417387485504,16.95855712890625,57.09778594970703,12875.12471439537,968.2960815429688,610.1529541015625,63.01305294036865,-0.0391303114593029,-0.024657204747200012,27.279840087890648
46.9,1878,-23.80035972595215,0.45141932368278503,16.957212448120117,56.7552375793457,12864.983249515735,962.41064453125,608.1602172851562,63.1913423538208,-0.03913501650094986,-0.02472994290292263,27.281549072265648
47,1868,-23.694095611572266,0.4479883313179016,16.957046508789062,56.44355010986328,12856.073914334695,957.1159057617188,603.1199340820312,63.014304637908936,-0.03928587585687637,-0.024755721911787987,27.283197021484398
47.1,1868,-23.689922332763672,0.4467346966266632,16.961593627929688,55.898258209228516,12836.836604575084,948.12353515625,600.5322265625,63.339024782180786,-0.03944821283221245,-0.024986114352941513,27.284417724609398
47.2,1868,-23.73628044128418,0.4464629888534546,16.959383010864258,55.42087936401367,12781.854711014425,939.9039306640625,597.5963745117188,63.58058452606201,-0.039719585329294205,-0.025253944098949432,27.286004638671898
47.3,1868,-23.696392059326172,0.44469720125198364,16.95700454711914,55.15510940551758,12739.007604740775,935.2654418945312,593.237548828125,63.429856300354004,-0.03994419053196907,-0.02533654123544693,27.288415527343773
47.4,1868,-23.686107635498047,0.44417646527290344,16.954662322998047,55.039337158203125,12702.232554853106,933.1734008789062,590.832275390625,63.31431269645691,-0.04008939117193222,-0.025382323190569878,27.290032958984398
47.5,1868,-23.70847511291504,0.444570392370224,16.952863693237305,55.0526237487793,12674.87274770484,933.2996215820312,590.08251953125,63.225412368774414,-0.04017823562026024,-0.02540285512804985,27.292474365234398
47.6,1868,-23.716798782348633,0.44452187418937683,16.95214080810547,55.04119110107422,12663.653023628232,933.0660400390625,589.495849609375,63.1783664226532,-0.0402323417365551,-0.02541813626885414,27.294580078125023
47.7,1868,-23.670743942260742,0.44349047541618347,16.953290939331055,54.92826461791992,12667.736420349309,931.21484375,588.3177490234375,63.17744255065918,-0.04023462533950806,-0.02541920728981495,27.297082519531273
47.8,1868,-23.60663604736328,0.44294458627700806,16.953039169311523,54.805904388427734,12671.648461284487,929.1266479492188,587.7750244140625,63.26102614402771,-0.04016270488500595,-0.0254073403775692,27.299432373046898
47.9,1868,-23.623151779174805,0.44384828209877014,16.951751708984375,54.77545928955078,12661.79841780944,928.5399780273438,588.516357421875,63.380831480026245,-0.04014017805457115,-0.025441179051995277,27.301538085937523
48,1865,-23.63186264038086,0.44410812854766846,16.950794219970703,54.821598052978516,12651.078772863104,929.2696533203125,588.3623657226562,63.31449747085571,-0.0401654876768589,-0.025430576875805855,27.303613281250023
48.1,1865,-23.606550216674805,0.44402018189430237,16.95318031311035,54.694190979003906,12647.917433466142,927.240478515625,588.098876953125,63.42463493347168,-0.04014044255018234,-0.02545893006026745,27.305413818359398
48.2,1865,-23.570159912109375,0.4432644546031952,16.953954696655273,54.51594543457031,12641.935134872776,924.2608642578125,586.8202514648438,63.4907603263855,-0.040165893733501434,-0.025501631200313568,27.307946777343773
48.3,1865,-23.590538024902344,0.44300103187561035,16.953310012817383,54.403221130371094,12634.54701942368,922.314697265625,586.1287841796875,63.54975700378418,-0.040248047560453415,-0.025577537715435028,27.309655761718773
48.4,1865,-23.601341247558594,0.44262948632240295,16.952558517456055,54.32444381713867,12625.134108055514,920.9382934570312,585.2008666992188,63.543981313705444,-0.040330324321985245,-0.025627493858337402,27.311547851562523
48.5,1865,-23.554847717285156,0.44110944867134094,16.953535079956055,54.191497802734375,12626.733428723888,918.7374877929688,583.2650756835938,63.48550319671631,-0.04038446396589279,-0.02563827857375145,27.313409423828148
48.6,1865,-23.509498596191406,0.43897292017936707,16.954437255859375,54.00505828857422,12635.449260092282,915.6253662109375,580.8406982421875,63.43650221824646,-0.04047495126724243,-0.02567589282989502,27.315484619140648
48.7,1865,-23.463027954101562,0.4378582835197449,16.95362091064453,53.87232971191406,12632.771680226935,913.3310546875,579.2430419921875,63.42093348503113,-0.040506359189748764,-0.025689510628581047,27.317346191406273
48.8,1865,-23.544967651367188,0.4372228980064392,16.952220916748047,53.84492111206055,12622.090502906005,912.791015625,577.9134521484375,63.31279277801514,-0.040741339325904846,-0.02579447813332081,27.318322753906273
48.9,1865,-23.522968292236328,0.4384545385837555,16.951339721679688,53.882144927978516,12609.04065240859,913.3745727539062,578.9422607421875,63.384974002838135,-0.04063094034790993,-0.025753913447260857,27.319665527343773
49,1856,-23.498186111450195,0.4382925033569336,16.951719284057617,53.8905143737793,12605.86415909859,913.536865234375,578.5824584960938,63.33433389663696,-0.04061337187886238,-0.025722209364175797,27.321252441406273
49.1,1856,-23.560775756835938,0.4350239634513855,16.957565307617188,53.56174850463867,12596.448916359186,908.27685546875,573.8388061523438,63.1788432598114,-0.04105817526578903,-0.025940081104636192,27.323052978515648
49.2,1856,-23.425676345825195,0.4335261583328247,16.958694458007812,53.05658721923828,12566.910442790226,899.7704467773438,570.5220947265625,63.40751051902771,-0.04106007143855095,-0.026035169139504433,27.323358154296898
49.3,1856,-23.19843864440918,0.43277445435523987,16.957670211791992,52.69691848754883,12545.5947155731,893.616943359375,568.5667724609375,63.625335693359375,-0.04080160707235336,-0.025960158556699753,27.324731445312523
49.4,1856,-23.08262062072754,0.43174612522125244,16.957298278808594,52.36803436279297,12532.645114038862,888.0203857421875,566.6303100585938,63.80825638771057,-0.04073664918541908,-0.0259933453053236,27.325799560546898
49.5,1856,-23.081600189208984,0.4308632016181946,16.955604553222656,52.14921188354492,12514.02212060012,884.221435546875,564.6312866210938,63.856321573257446,-0.04087906703352928,-0.026103869080543518,27.327752685546898
49.6,1856,-23.1044979095459,0.42954644560813904,16.95374870300293,52.07044982910156,12491.857774252836,882.789306640625,561.9087524414062,63.65150809288025,-0.04111788421869278,-0.026172153651714325,27.328790283203148
49.7,1856,-23.061325073242188,0.429618775844574,16.95347023010254,52.02457046508789,12478.96412562828,881.9970092773438,561.4232788085938,63.653647899627686,-0.04107654094696045,-0.026146715506911278,27.329949951171898
49.8,1856,-23.06189727783203,0.4297861158847809,16.952852249145508,52.01183319091797,12469.713244561062,881.7489013671875,561.2255859375,63.64913582801819,-0.041092026978731155,-0.026154721155762672,27.331567382812523
49.9,1856,-23.079477310180664,0.4301352798938751,16.952409744262695,52.0250358581543,12463.538607840668,881.94970703125,561.4033813476562,63.654810190200806,-0.0411103256046772,-0.02616870030760765,27.332818603515648
50,1846,-23.03575897216797,0.42961859703063965,16.95235824584961,52.03097915649414,12459.999586303362,882.0477905273438,560.56982421875,63.55322599411011,-0.04109346866607666,-0.026116225868463516,27.332971191406273
50.1,1846,-23.063833236694336,0.42696988582611084,16.95802116394043,51.64848327636719,12454.637432458958,875.8560791015625,556.8740234375,63.58053684234619,-0.041416607797145844,-0.026332903653383255,27.334100341796898
50.2,1846,-23.02655601501465,0.4249742031097412,16.959129333496094,51.16233444213867,12433.076911261976,867.6686401367188,553.3116455078125,63.76992464065552,-0.041615888476371765,-0.026538420468568802,27.335412597656273
50.3,1846,-22.755159378051758,0.42404240369796753,16.95869255065918,50.771907806396484,12418.205094143083,861.025146484375,551.4380493164062,64.04435634613037,-0.04126512259244919,-0.0264279842376709,27.337640380859398
50.4,1846,-22.619579315185547,0.4196475148200989,16.95846176147461,50.40286636352539,12407.922581303626,854.7550659179688,545.2709350585938,63.792651891708374,-0.04148319363594055,-0.026463229209184647,27.338983154296898
50.5,1846,-22.564693450927734,0.41885465383529663,16.95770263671875,50.13545608520508,12395.17814043822,850.18212890625,543.6817016601562,63.94885182380676,-0.04150349646806717,-0.026541009545326233,27.340631103515648
50.6,1846,-22.467788696289062,0.4179137051105499,16.955886840820312,49.970542907714844,12378.921488804726,847.2948608398438,541.7489013671875,63.938647508621216,-0.041472699493169785,-0.02651708386838436,27.342584228515648
50.7,1846,-22.504438400268555,0.4158717691898346,16.955551147460938,49.809749603271484,12367.65863436024,844.5517578125,538.6113891601562,63.774824142456055,-0.04178232699632645,-0.026646606624126434,27.343316650390648
50.8,1846,-22.4768009185791,0.4184967875480652,16.953672409057617,49.80656433105469,12349.660448412933,844.4041748046875,541.222412109375,64.09518122673035,-0.04152969270944595,-0.026618532836437225,27.345025634765648
50.9,1846,-22.567502975463867,0.4168555438518524,16.9532413482666,49.801536560058594,12336.577958718204,844.2974853515625,538.5287475585938,63.784247636795044,-0.04190584644675255,-0.02672932669520378,27.347100830078148
51,1840,-22.535808563232422,0.4187004268169403,16.953285217285156,49.82274627685547,12330.364854372405,844.6592407226562,540.6397094726562,64.00684714317322,-0.04168359935283661,-0.02668035589158535,27.348626708984398
51.1,1840,-22.284143447875977,0.41477975249290466,16.95891571044922,49.460880279541016,12338.916324068612,838.8029174804688,535.9486694335938,63.894468545913696,-0.041578877717256546,-0.026566602289676666,27.349908447265648
51.2,1840,-22.156740188598633,0.41187384724617004,16.960914611816406,48.929100036621094,12337.04656433678,829.8822631835938,532.1132202148438,64.11911845207214,-0.04163914546370506,-0.026698654517531395,27.351037597656273
51.3,1840,-22.039955139160156,0.4091755449771881,16.959766387939453,48.515472412109375,12325.439832634882,822.8110961914062,528.1298217773438,64.18604254722595,-0.041732076555490494,-0.026786167174577713,27.351831054687523
51.4,1840,-22.055179595947266,0.40714454650878906,16.95810317993164,48.24375534057617,12306.334245350145,818.12255859375,524.6937866210938,64.13388848304749,-0.04203438013792038,-0.02695828303694725,27.352593994140648
51.5,1840,-21.934738159179688,0.40672123432159424,16.956626892089844,48.08847427368164,12286.776372045488,815.4183349609375,523.3153076171875,64.17752504348755,-0.041914958506822586,-0.02689998224377632,27.353631591796898
51.6,1840,-22.023578643798828,0.4081566035747528,16.95479965209961,48.043827056884766,12263.87880944426,814.573486328125,524.1834106445312,64.3506646156311,-0.04201502352952957,-0.027036946266889572,27.354547119140648
51.7,1840,-21.9992618560791,0.4065186679363251,16.954601287841797,48.023128509521484,12250.722881555575,814.2130126953125,521.5198364257812,64.05201554298401,-0.042182981967926025,-0.02701904997229576,27.356042480468773
51.8,1840,-22.00687026977539,0.40834030508995056,16.954099655151367,48.043827056884766,12243.12377700956,814.5398559570312,523.5318603515625,64.27332758903503,-0.04203540086746216,-0.02701754868030548,27.357202148437523
51.9,1840,-22.08208465576172,0.40724653005599976,16.954334259033203,48.017066955566406,12239.948449385178,814.097412109375,521.9940795898438,64.1193687915802,-0.04230332002043724,-0.027124622836709023,27.358361816406273
52,1827,-22.033855438232422,0.4075010418891907,16.954261779785156,48.026981353759766,12238.28734737903,814.2620239257812,522.2494506835938,64.13776278495789,-0.04219029098749161,-0.02705990895628929,27.359948730468773
52.1,1827,-22.13083839416504,0.4065888226032257,16.960609436035156,47.63440704345703,12216.047231466553,807.9085693359375,520.1334228515625,64.38023447990417,-0.04254838824272156,-0.02739275060594082,27.362420654296898
52.2,1827,-22.060312271118164,0.40290576219558716,16.960947036743164,47.133277893066406,12167.82981154917,799.425048828125,513.387451171875,64.21958208084106,-0.04297010600566864,-0.027595223858952522,27.363977050781273
52.3,1827,-21.949968338012695,0.4014050364494324,16.95905303955078,46.82564926147461,12128.981006946458,794.11865234375,509.8421630859375,64.20226693153381,-0.04305247589945793,-0.02764066495001316,27.365258789062523
52.4,1827,-21.799713134765625,0.40012824535369873,16.957809448242188,46.6515998840332,12103.457154647092,791.1089477539062,507.1509704589844,64.1063392162323,-0.04298466071486473,-0.02755589224398136,27.366937255859398
52.5,1827,-21.691448211669922,0.4005722105503082,16.957225799560547,46.490379333496094,12088.719391374309,788.3478393554688,507.095458984375,64.32381868362427,-0.04277586564421654,-0.027515072375535965,27.367242431640648
52.6,1827,-21.633621215820312,0.40041765570640564,16.956378936767578,46.37544250488281,12075.998264221267,786.3595581054688,506.36639404296875,64.39374685287476,-0.04272325709462166,-0.027511104941368103,27.368066406250023
52.7,1827,-21.60733985900879,0.40012526512145996,16.956201553344727,46.27390670776367,12071.473072650837,784.6296997070312,505.8070373535156,64.46442604064941,-0.042718544602394104,-0.02753826417028904,27.369409179687523
52.8,1827,-21.61858367919922,0.3992006182670593,16.956398010253906,46.16331481933594,12069.363181681625,782.7635498046875,504.5499572753906,64.45751786231995,-0.04284726083278656,-0.027618281543254852,27.370843505859398
52.9,1827,-21.611064910888672,0.3983268141746521,16.95600700378418,46.09681701660156,12062.849330446292,781.6179809570312,503.1738586425781,64.37593102455139,-0.04294949769973755,-0.02764914184808731,27.372033691406273
53,1805,-21.618614196777344,0.3975442349910736,16.95621109008789,46.013877868652344,12060.880487436902,780.2210083007812,502.10333251953125,64.35398459434509,-0.04305610805749893,-0.027708319947123528,27.372430419921898
53.1,1805,-21.518699645996094,0.3905028998851776,16.96931266784668,45.142581939697266,12045.55521861247,766.03857421875,492.58331298828125,64.30267691612244,-0.04368539899587631,-0.028090881183743477,27.373529052734398
53.2,1805,-21.1705322265625,0.38503164052963257,16.971561431884766,43.978309631347656,11982.811024519224,746.3805541992188,483.1519775390625,64.73265290260315,-0.04381754249334335,-0.028364259749650955,27.374322509765648
53.3,1805,-20.80872344970703,0.3815130293369293,16.96836280822754,43.196144104003906,11925.792678183308,732.9678344726562,476.45867919921875,65.00403881072998,-0.043673720210790634,-0.02838968113064766,27.375573730468773
53.4,1805,-20.501380920410156,0.37708187103271484,16.966472625732422,42.56167984008789,11887.988327894638,722.12158203125,469.43194580078125,65.00732898712158,-0.04367274418473244,-0.028390483930706978,27.376947021484398
53.5,1805,-20.39301109313965,0.37252354621887207,16.96531105041504,42.02668762207031,11859.859168238261,712.995849609375,462.659912109375,64.88956809043884,-0.044077757745981216,-0.028601866215467453,27.377282714843773
53.6,1805,-20.388668060302734,0.3713500499725342,16.962900161743164,41.66551208496094,11827.152361158629,706.7679443359375,459.93060302734375,65.07519483566284,-0.04432988166809082,-0.02884775586426258,27.377679443359398
53.7,1805,-20.23410987854004,0.3710002303123474,16.96052360534668,41.47178649902344,11794.614578493658,703.3832397460938,458.2331848144531,65.14701843261719,-0.04415679723024368,-0.02876683697104454,27.378564453125023
53.8,1805,-20.35472297668457,0.3701316714286804,16.9593448638916,41.34551239013672,11770.37764311695,701.1928100585938,456.2209777832031,65.06356000900269,-0.04461592808365822,-0.02902870997786522,27.378656005859398
53.9,1805,-20.267993927001953,0.37145474553108215,16.957626342773438,41.330867767333984,11746.934539646336,700.8734130859375,456.93988037109375,65.19578099250793,-0.044355928897857666,-0.028918195515871048,27.379632568359398
54,1805,-20.399625778198242,0.3700439929962158,16.956626892089844,41.38238525390625,11723.536897914837,701.7056884765625,454.29779052734375,64.74193334579468,-0.04490364342927933,-0.029071485623717308,27.381005859375023
54.1,1805,-20.2874698638916,0.3721425533294678,16.956588745117188,41.44524383544922,11714.94346353637,702.7699584960938,456.5392761230469,64.96283411979675,-0.04443751275539398,-0.028867866843938828,27.381555175781273
54.2,1805,-20.392478942871094,0.3711532652378082,16.95697021484375,41.444854736328125,11713.15763316906,702.7791748046875,455.2562255859375,64.77941274642944,-0.04479341208934784,-0.029016908258199692,27.381585693359398
54.3,1805,-20.309829711914062,0.37314698100090027,16.95694351196289,41.46424865722656,11715.185926144986,703.10693359375,457.7809753417969,65.1082992553711,-0.04436582326889038,-0.02888583391904831,27.381829833984398
54.4,1805,-20.442907333374023,0.37141934037208557,16.956844329833984,41.48676300048828,11711.53966153079,703.4845581054688,455.5196533203125,64.7519052028656,-0.04487821087241173,-0.02905949577689171,27.381890869140648
54.5,1805,-20.355920791625977,0.3736906945705414,16.957130432128906,41.498165130615234,11714.023737583493,703.6898193359375,458.40252685546875,65.14269709587097,-0.044406212866306305,-0.028927406296133995,27.383020019531273
54.6,1805,-20.2778263092041,0.3709130585193634,16.957969665527344,41.43400573730469,11723.435483266041,702.6365966796875,455.3608093261719,64.80743885040283,-0.044531337916851044,-0.028859620913863182,27.384820556640648
54.7,1805,-20.307804107666016,0.3703148365020752,16.958757400512695,41.31311798095703,11733.102514099008,700.619140625,455.0012512207031,64.94273543357849,-0.04463241249322891,-0.028985511511564255,27.386743164062523
54.8,1805,-19.993324279785156,0.36901476979255676,16.958993911743164,41.182472229003906,11742.474626470534,698.4132690429688,453.76605224609375,64.9709939956665,-0.04406086355447769,-0.028626780956983566,27.388391113281273
54.9,1805,-20.06325912475586,0.367622971534729,16.959060668945312,41.02353286743164,11743.896762924918,695.7205810546875,452.1093444824219,64.98432755470276,-0.044377006590366364,-0.028838099911808968,27.390161132812523
55,1812,-19.97624969482422,0.3687359094619751,16.958507537841797,40.94711685180664,11741.486125066174,694.4019775390625,453.3849792480469,65.291428565979,-0.04406023770570755,-0.028767557814717293,27.391503906250023
55.1,1812,-19.99903678894043,0.36821243166923523,16.95467758178711,41.08610916137695,11741.789203326944,696.6017456054688,452.7530212402344,64.99452590942383,-0.04417206719517708,-0.028709426522254944,27.392053222656273
55.2,1812,-20.05692481994629,0.3709149658679962,16.954238891601562,41.29611587524414,11756.622552820432,700.1442260742188,456.6521911621094,65.2225911617279,-0.043921664357185364,-0.02864684723317623,27.393212890625023
55.3,1812,-20.058279037475586,0.3711550235748291,16.954994201660156,41.413291931152344,11770.118860909675,702.162109375,457.4723205566406,65.15194773674011,-0.04384588822722435,-0.028566449880599976,27.394464111328148
55.4,1812,-20.12236976623535,0.3698297441005707,16.956172943115234,41.47176742553711,11784.223656891698,703.2024536132812,456.38507080078125,64.90094661712646,-0.044090770184993744,-0.028615329414606094,27.395684814453148
55.5,1812,-20.110933303833008,0.3717119097709656,16.956504821777344,41.4951057434082,11794.555128527123,703.6119384765625,459.1098937988281,65.25043845176697,-0.04380417987704277,-0.028582420200109482,27.396752929687523
55.6,1812,-20.06340980529785,0.37125158309936523,16.956737518310547,41.48952102661133,11801.445496217182,703.5269165039062,458.8092346191406,65.2155876159668,-0.04372930899262428,-0.028518326580524445,27.397943115234398
55.7,1812,-20.147140502929688,0.3698272109031677,16.956703186035156,41.49761199951172,11801.170394411252,703.6627197265625,457.03826904296875,64.9513304233551,-0.04408195614814758,-0.028631815686821938,27.399530029296898
55.8,1812,-20.206954956054688,0.37115660309791565,16.95624542236328,41.542144775390625,11799.550091401748,704.3988037109375,458.6181640625,65.10774493217468,-0.04406052082777023,-0.02868681028485298,27.401208496093773
55.9,1812,-20.11612319946289,0.37159472703933716,16.956161499023438,41.5822639465332,11799.151426920273,705.0755615234375,459.1440124511719,65.11983275413513,-0.04381223022937775,-0.02853044867515564,27.402307128906273
56,1812,-20.258895874023438,0.37006860971450806,16.955936431884766,41.635711669921875,11795.443380968305,705.9724731445312,457.1146545410156,64.74964022636414,-0.044319070875644684,-0.028696438297629356,27.403985595703148
56.1,1812,-20.295438766479492,0.37231892347335815,16.956188201904297,41.67631149291992,11795.9830934096,706.67138671875,459.9153137207031,65.08192420005798,-0.04412864148616791,-0.028719769790768623,27.405725097656273
56.2,1812,-20.204757690429688,0.3738584518432617,16.955774307250977,41.74428939819336,11794.055049396851,707.8067626953125,461.7415771484375,65.2355432510376,-0.04375771805644035,-0.02854558452963829,27.406518554687523
56.3,1812,-20.23993682861328,0.37215760350227356,16.956375122070312,41.76462173461914,11796.377095148602,708.1765747070312,459.73138427734375,64.91761803627014,-0.044025570154190063,-0.028580352663993835,27.407830810546898
56.4,1812,-20.184858322143555,0.3727051615715027,16.95718002319336,41.72258758544922,11805.730556550234,707.4974365234375,460.7728576660156,65.1271402835846,-0.0438065268099308,-0.02852993831038475,27.408959960937523
56.5,1812,-20.085386276245117,0.37273329496383667,16.95789909362793,41.645381927490234,11816.416396613637,706.2182006835938,461.2247314453125,65.30910134315491,-0.043547939509153366,-0.028440766036510468,27.409936523437523
56.6,1812,-20.06781578063965,0.37082117795944214,16.9580135345459,41.536407470703125,11822.179546310754,704.3749389648438,459.08245849609375,65.175861120224,-0.043712880462408066,-0.02849024534225464,27.410974121093773
56.7,1812,-20.21337127685547,0.37002089619636536,16.95718765258789,41.50891876220703,11816.980588452918,703.87451171875,457.8902587890625,65.05282521247864,-0.04414457827806473,-0.028717294335365295,27.411889648437523
56.8,1812,-20.23244857788086,0.3722769320011139,16.956010818481445,41.57112503051758,11805.419318490134,704.8804321289062,460.2313232421875,65.29210805892944,-0.043961476534605026,-0.02870337665081024,27.413781738281273
56.9,1812,-20.230587005615234,0.37219393253326416,16.955453872680664,41.671173095703125,11797.004234011274,706.5536499023438,459.80072021484375,65.07654786109924,-0.0439985990524292,-0.028632767498493195,27.415765380859398
57,1821,-20.385671615600586,0.3717798888683319,16.95539665222168,41.7430419921875,11792.5524806348,707.7698364257812,459.11590576171875,64.86796736717224,-0.04440201818943024,-0.02880268543958664,27.416894531250023
57.1,1821,-20.364805221557617,0.3767727017402649,16.949548721313477,42.15515899658203,11797.859847255142,714.5109252929688,465.4909973144531,65.14819860458374,-0.04374908655881882,-0.028501741588115692,27.418115234375023
57.2,1821,-20.405719757080078,0.37930458784103394,16.949249267578125,42.64067077636719,11831.614605705669,722.7273559570312,469.9598083496094,65.02587795257568,-0.04342013597488403,-0.028234325349330902,27.420068359375023
57.3,1821,-20.586633682250977,0.3803882598876953,16.950836181640625,42.96220016479492,11860.974729375022,728.2452392578125,472.4720153808594,64.87814784049988,-0.04357217624783516,-0.02826882153749466,27.420739746093773
57.4,1821,-20.791101455688477,0.38176804780960083,16.95134735107422,43.26555252075195,11878.086994252382,733.409423828125,474.8699645996094,64.74827527999878,-0.04378272593021393,-0.028348561376333237,27.420678710937523
57.5,1821,-20.920507431030273,0.38394972681999207,16.952302932739258,43.483299255371094,11893.036912307707,737.14208984375,478.1847839355469,64.87009525299072,-0.043749839067459106,-0.028380563482642174,27.420861816406273
57.6,1821,-20.89784049987793,0.3851637542247772,16.953346252441406,43.63282012939453,11907.181341600752,739.7222900390625,480.26727294921875,64.92534875869751,-0.04351293668150902,-0.028250927105545998,27.421044921875023
57.7,1821,-20.853139877319336,0.3861801326274872,16.954299926757812,43.7132453918457,11923.011352297928,741.1275024414062,482.1748046875,65.05963206291199,-0.04324809089303017,-0.028137048706412315,27.421044921875023
57.8,1821,-20.829164505004883,0.38644254207611084,16.954975128173828,43.73629379272461,11936.159120387285,741.5477905273438,483.03448486328125,65.13869166374207,-0.04312148317694664,-0.02808876894414425,27.421746826171898
57.9,1821,-20.72031021118164,0.3855423927307129,16.956735610961914,43.65106201171875,11952.700199311656,740.1795043945312,482.5771789550781,65.19731879234314,-0.0429367795586586,-0.02799362875521183,27.422479248046898
58,1837,-20.687524795532227,0.3838820159435272,16.956735610961914,43.570655822753906,11963.432666799794,738.8161010742188,480.93035888671875,65.09473323822021,-0.04301563650369644,-0.028000911697745323,27.422540283203148
58.1,1837,-20.771371841430664,0.38618120551109314,16.948984146118164,43.95702362060547,11975.176949404658,745.0269165039062,484.2857360839844,65.00245332717896,-0.04289073497056961,-0.027880029752850533,27.423547363281273
58.2,1837,-20.990360260009766,0.39078009128570557,16.945758819580078,44.6726188659668,12013.379964174805,757.0114135742188,491.61627197265625,64.94172811508179,-0.04269663244485855,-0.02772792987525463,27.424432373046898
58.3,1837,-21.156208038330078,0.39271408319473267,16.947986602783203,45.123355865478516,11637.804217742136,764.7500610351562,478.6037902832031,62.5830352306366,-0.04420401155948639,-0.02766421250998974,27.425561523437523
58.4,1837,-21.24703025817871,0.39386889338493347,16.949668884277344,45.430381774902344,11861.097126364948,770.0299072265625,489.2210693359375,63.53273391723633,-0.04343032464385033,-0.027592472732067108,27.425561523437523
58.5,1837,-21.33954429626465,0.39574363827705383,16.950069427490234,45.737545013427734,11979.58790378449,775.2545776367188,496.460205078125,64.03834819793701,-0.042983394116163254,-0.027525855228304863,27.425653076171898
58.6,1837,-21.419315338134766,0.39923572540283203,16.951099395751953,45.97931671142578,12050.11538075145,779.3999633789062,503.78961181640625,64.63813781738281,-0.04251638799905777,-0.0274818018078804,27.425531005859398
58.7,1837,-21.51617431640625,0.39952507615089417,16.952030181884766,46.127708435058594,12095.263550435719,781.9583129882812,506.0436706542969,64.714914560318,-0.04251841455698013,-0.027515755966305733,27.425683593750023
58.8,1837,-21.547454833984375,0.39712950587272644,16.953027725219727,46.192832946777344,12125.595855910775,783.1083984375,504.2708435058594,64.3934965133667,-0.042729925364255905,-0.027515290305018425,27.426019287109398
58.9,1837,-21.5157413482666,0.39837729930877686,16.952585220336914,46.32238006591797,12138.621227010204,785.2841186523438,506.398681640625,64.48604464530945,-0.04248775169253349,-0.027398671954870224,27.426354980468773
59,1846,-21.54139518737793,0.4001959562301636,16.952547073364258,46.421451568603516,12146.02333068672,786.9618530273438,509.02069091796875,64.68175053596497,-0.042319294065237045,-0.02737285941839218,27.427301025390648
59.1,1846,-21.677940368652344,0.40279626846313477,16.94624137878418,46.9147834777832,12158.85636365912,795.0292358398438,512.869384765625,64.50949907302856,-0.04226795583963394,-0.0272668469697237,27.427270507812523
59.2,1846,-21.807891845703125,0.40447646379470825,16.94538688659668,47.490543365478516,12189.098911341564,804.74560546875,516.2897338867188,64.15563821792603,-0.04223963990807533,-0.027099112048745155,27.427056884765648
59.3,1846,-21.945714950561523,0.40916258096694946,16.946735382080078,47.920799255371094,12215.662555212497,812.10107421875,523.409423828125,64.45126533508301,-0.04192838817834854,-0.027023376896977425,27.427301025390648
59.4,1846,-22.075347900390625,0.4082341492176056,16.94844627380371,48.2071533203125,12238.789757880539,817.036376953125,523.21044921875,64.03759717941284,-0.04219209775328636,-0.02701880782842636,27.428125000000023
59.5,1846,-22.011682510375977,0.41204941272735596,16.949689865112305,48.42257308959961,12260.485498609247,820.7476196289062,529.0364379882812,64.45786952972412,-0.041607119143009186,-0.02681906335055828,27.428033447265648
59.6,1846,-22.026962280273438,0.4105415940284729,16.951461791992188,48.501365661621094,12282.706963551831,822.1690673828125,528.0558471679688,64.2271637916565,-0.04171331971883774,-0.0267912819981575,27.428491210937523
59.7,1846,-22.070335388183594,0.41239166259765625,16.951574325561523,48.587242126464844,12294.763649902414,823.6302490234375,530.9561767578125,64.46535587310791,-0.04156715050339699,-0.026796411722898483,27.429132080078148
59.8,1846,-22.154569625854492,0.41111618280410767,16.95120620727539,48.712074279785156,12295.120349701629,825.7283935546875,529.329345703125,64.1045331954956,-0.04185403510928154,-0.026830334216356277,27.429711914062523
59.9,1846,-22.220123291015625,0.41486141085624695,16.950672149658203,48.861976623535156,12295.57729846402,828.2433471679688,534.1713256835938,64.49449062347412,-0.04159737005829811,-0.026828013360500336,27.430566406250023
60,1849,-22.302717208862305,0.4137055575847626,16.950576782226562,49.007965087890625,12294.143505153452,830.7132568359375,532.6209716796875,64.11610245704651,-0.04187352582812309,-0.02684767171740532,27.430474853515648
60.1,1849,-22.321548461914062,0.4175998568534851,16.94861602783203,49.286067962646484,12296.726664483713,835.3306274414062,537.7476196289062,64.37541842460632,-0.041509341448545456,-0.026721812784671783,27.431512451171898
60.2,1849,-22.35663414001465,0.41793280839920044,16.948429107666016,49.56227493286133,12304.861984414169,840.002685546875,538.5324096679688,64.11079168319702,-0.04151400178670883,-0.026614954695105553,27.432702636718773
60.3,1849,-22.444499969482422,0.4215695858001709,16.94924545288086,49.7710075378418,12315.086212972707,843.5809936523438,543.6699829101562,64.44786787033081,-0.041283316910266876,-0.02660621702671051,27.434320068359398
60.4,1849,-22.389366149902344,0.41973039507865906,16.95078468322754,49.85728073120117,12330.695909088015,845.1200561523438,541.9841918945312,64.13103342056274,-0.04130999743938446,-0.02649252861738205,27.435479736328148
60.5,1849,-22.372404098510742,0.41911786794662476,16.95269775390625,49.835479736328125,12351.97899710783,844.8458251953125,542.1273803710938,64.16879296302795,-0.04126780107617378,-0.02648104913532734,27.436181640625023
60.6,1849,-22.358121871948242,0.4192263185977936,16.953174591064453,49.768306732177734,12367.805510748152,843.7307739257812,542.9624633789062,64.35257196426392,-0.04117802530527115,-0.02649911865592003,27.437097167968773
60.7,1849,-22.39640998840332,0.41654571890830994,16.953096389770508,49.70371627807617,12372.912379442138,842.6318969726562,539.7134399414062,64.05091285705566,-0.04149685427546501,-0.0265791155397892,27.437554931640648
60.8,1849,-22.419401168823242,0.41684791445732117,16.95333480834961,49.64799118041992,12376.967799708373,841.6990356445312,540.2820434570312,64.18945789337158,-0.04149573668837547,-0.02663588896393776,27.437982177734398
60.9,1849,-22.32958984375,0.41608333587646484,16.953662872314453,49.582340240478516,12382.853346395417,840.602294921875,539.5474853515625,64.18582201004028,-0.041385773569345474,-0.026563799008727074,27.439294433593773
61,1846,-22.289974212646484,0.4135262370109558,16.954504013061523,49.43937683105469,12388.053469938872,838.2200927734375,536.456787109375,63.999515771865845,-0.04155036062002182,-0.026592029258608818,27.440179443359398
61.1,1846,-22.286279678344727,0.41329044103622437,16.956491470336914,49.19835662841797,12388.328571744802,834.2315063476562,536.162841796875,64.27026391029358,-0.04156625270843506,-0.026714742183685303,27.440209960937523
61.2,1846,-22.080549240112305,0.4122699797153473,16.95629119873047,48.93764114379883,12379.820232416474,829.8009033203125,534.4716186523438,64.40962553024292,-0.04131285473704338,-0.026609454303979874,27.440393066406273
61.3,1846,-22.113529205322266,0.40908196568489075,16.955724716186523,48.76935958862305,12370.661440513106,826.9198608398438,529.9462890625,64.0867829322815,-0.04172786697745323,-0.02674204669892788,27.440332031250023
61.4,1846,-22.035232543945312,0.4110150933265686,16.955209732055664,48.60004806518555,12363.298970147614,824.0239868164062,532.1336669921875,64.57744836807251,-0.0414092019200325,-0.02674100734293461,27.440820312500023
61.5,1846,-21.935321807861328,0.4092880189418793,16.955141067504883,48.43891143798828,12360.58408834248,821.28857421875,529.7813110351562,64.50611352920532,-0.04140448197722435,-0.026708422228693962,27.441369628906273
61.6,1846,-22.021615982055664,0.4084421992301941,16.95462417602539,48.333614349365234,12352.711047676152,819.478271484375,528.3497314453125,64.47392106056213,-0.041679996997117996,-0.026872728019952774,27.442041015625023
61.7,1846,-22.05919075012207,0.40985482931137085,16.952220916748047,48.40158462524414,12333.571655508484,820.5143432617188,529.3556518554688,64.51509594917297,-0.04167177900671959,-0.026884589344263077,27.442285156250023
61.8,1846,-22.283756256103516,0.411492258310318,16.950042724609375,48.615177154541016,12307.926571904809,824.0293579101562,530.3654174804688,64.36244249343872,-0.04201585426926613,-0.027042431756854057,27.442102050781273
61.9,1846,-22.285547256469727,0.4128085672855377,16.949432373046875,48.86605453491211,12291.918211308024,828.2518920898438,531.3699340820312,64.15559649467468,-0.04193979501724243,-0.026906726881861687,27.442102050781273
62,1856,-22.365997314453125,0.41394323110580444,16.95102882385254,48.96925735473633,12293.599129969683,830.0792846679688,532.9033203125,64.19909000396729,-0.04197008162736893,-0.026944410055875778,27.442315673828148
62.1,1856,-22.26668930053711,0.41710373759269714,16.946184158325195,49.36767578125,12311.316385682967,836.59375,537.7460327148438,64.27803635597229,-0.041407447308301926,-0.026615893468260765,27.442163085937523
62.2,1856,-22.38997459411621,0.4169023633003235,16.947158813476562,49.75661087036133,12349.195339851212,843.2332153320312,539.1400756835938,63.937246799468994,-0.04152904823422432,-0.026552530005574226,27.442071533203148
62.3,1856,-22.497848510742188,0.41997823119163513,16.94829750061035,50.00923156738281,12379.812072617146,847.5713500976562,544.46435546875,64.23817276954651,-0.04132106900215149,-0.02654390037059784,27.442437744140648
62.4,1856,-22.493911743164062,0.4211863577365875,16.949417114257812,50.18116760253906,12400.675513814353,850.5415649414062,546.9508056640625,64.30618166923523,-0.04112602397799492,-0.026446577161550522,27.443322753906273
62.5,1856,-22.499713897705078,0.4209020733833313,16.949644088745117,50.34976577758789,12412.845271669914,853.4105834960938,547.1180419921875,64.10958766937256,-0.04112405702471733,-0.026364464312791824,27.443780517578148
62.6,1856,-22.610830307006836,0.4211071729660034,16.9503231048584,50.4770622253418,12419.65404136669,855.6025390625,547.6848754882812,64.0116035938263,-0.04128437861800194,-0.02642679214477539,27.444329833984398
62.7,1856,-22.65259552001953,0.42385175824165344,16.949342727661133,50.66176986694336,12419.757787386723,858.6837158203125,551.259033203125,64.19814825057983,-0.04109247028827667,-0.02638060413300991,27.444879150390648
62.8,1856,-22.60377311706543,0.42358916997909546,16.94923973083496,50.84117889404297,12416.802774344209,861.7192993164062,550.7864379882812,63.91715407371521,-0.04103908687829971,-0.026231015101075172,27.445153808593773
62.9,1856,-22.652812957763672,0.42352157831192017,16.949813842773438,50.97760772705078,12420.674016282745,864.0609741210938,550.8702392578125,63.7536346912384,-0.041121866554021835,-0.02621668390929699,27.445092773437523
63,1875,-22.669944763183594,0.4237578511238098,16.95114517211914,50.99996566772461,12433.18765139572,864.5078125,551.7328491210938,63.82046341896057,-0.04108862578868866,-0.026222949847579002,27.444757080078148
63.1,1875,-22.65544319152832,0.42841967940330505,16.93994903564453,51.7077522277832,12461.033549446836,875.9266967773438,559.0518798828125,63.82404565811157,-0.040524762123823166,-0.02586454339325428,27.445031738281273
63.2,1875,-22.852270126342773,0.433827668428421,16.93767738342285,52.71111297607422,12517.281377589024,892.8038330078125,568.6641845703125,63.694190979003906,-0.04018587991595268,-0.025596071034669876,27.445062255859398
63.3,1875,-23.112979888916016,0.4374086558818817,16.940624237060547,53.368408203125,12567.07713583365,904.0941772460938,575.6390991210938,63.67025971412659,-0.04015186056494713,-0.02556479349732399,27.445092773437523
63.4,1875,-23.337623596191406,0.4397760331630707,16.94231414794922,53.88993453979492,12602.803068664805,913.0202026367188,580.39990234375,63.5692298412323,-0.040209557861089706,-0.025560906156897545,27.445062255859398
63.5,1875,-23.46246337890625,0.44086042046546936,16.944568634033203,54.24101257324219,12633.696068922285,919.090576171875,583.2572631835938,63.46026062965393,-0.040226612240076065,-0.025527913123369217,27.445092773437523
63.6,1875,-23.521390914916992,0.441658616065979,16.946081161499023,54.51918411254883,12658.519344165024,923.8865356445312,585.4613647460938,63.369399309158325,-0.040175821632146835,-0.025459177792072296,27.445123291015648
63.7,1875,-23.544429779052734,0.442867249250412,16.94683074951172,54.73346710205078,12676.425440948482,927.5587768554688,587.8939208984375,63.38077187538147,-0.04004877060651779,-0.025383220985531807,27.445092773437523
63.8,1875,-23.591217041015625,0.44515547156333923,16.947242736816406,54.905189514160156,12689.059141680145,930.4915771484375,591.5204467773438,63.570743799209595,-0.03988233581185341,-0.02535349875688553,27.445062255859398
63.9,1875,-23.664081573486328,0.4464995265007019,16.94757843017578,55.048797607421875,12696.359830707865,932.9437866210938,593.6477661132812,63.63167762756348,-0.03986215963959694,-0.025364959612488747,27.445184326171898
64,1896,-23.809951782226562,0.4465581476688385,16.94728660583496,55.24211883544922,12699.0175939177,936.2040405273438,593.8499755859375,63.43168616294861,-0.04009421914815903,-0.025432439520955086,27.445062255859398
64.1,1896,-23.86551284790039,0.4498749077320099,16.93607521057129,56.00275421142578,12711.539388830004,948.4668579101562,598.8506469726562,63.13880681991577,-0.03985219448804855,-0.02516219951212406,27.445428466796898
64.2,1896,-23.99555206298828,0.4573433995246887,16.930452346801758,57.39755630493164,12775.50988419375,971.7666015625,611.8560791015625,62.963277101516724,-0.039217639714479446,-0.024692712351679802,27.445642089843773
64.3,1896,-24.26680564880371,0.4602998197078705,16.93514060974121,58.22759246826172,12842.301338753903,986.0924682617188,619.0308227539062,62.77614235877991,-0.0392012894153595,-0.02460905723273754,27.445397949218773
64.4,1896,-24.368146896362305,0.46404895186424255,16.9381160736084,58.87357711791992,12895.140702148037,997.2074584960938,626.6405639648438,62.83953785896301,-0.038886960595846176,-0.024436386302113533,27.445275878906273
64.5,1896,-24.486623764038086,0.4642140567302704,16.940656661987305,59.35150909423828,12931.688443340128,1005.4535522460938,628.6401977539062,62.523049116134644,-0.03895173221826553,-0.024353809654712677,27.445245361328148
64.6,1896,-24.590003967285156,0.46680593490600586,16.94257164001465,59.7149658203125,12961.694356842047,1011.72509765625,633.616943359375,62.62738108634949,-0.03880894556641579,-0.02430502511560917,27.446130371093773
64.7,1896,-24.60692596435547,0.4686001241207123,16.943824768066406,60.00660705566406,12981.042406735402,1016.741455078125,637.001708984375,62.651294469833374,-0.03862929344177246,-0.024201754480600357,27.446313476562523
64.8,1896,-24.644975662231445,0.46868816018104553,16.9450740814209,60.2200813293457,13001.805598969431,1020.4337158203125,638.1404418945312,62.536197900772095,-0.0386199876666069,-0.024151470512151718,27.447198486328148
64.9,1896,-24.76641082763672,0.4688464403152466,16.94601821899414,60.37928771972656,13013.420490470658,1023.1885375976562,638.9262084960938,62.444621324539185,-0.03876255080103874,-0.024205129593610764,27.447595214843773
65,1900,-24.72818946838379,0.47089457511901855,16.94580841064453,60.549495697021484,13021.987114079904,1026.0601806640625,642.1397705078125,62.58305311203003,-0.03850904479622841,-0.024100136011838913,27.449151611328148
65.1,1900,-24.665414810180664,0.4724172055721283,16.943037033081055,60.810142517089844,13031.684452738948,1030.3084716796875,644.6958618164062,62.573087215423584,-0.03825899213552475,-0.023939834907650948,27.450006103515648
65.2,1900,-24.707286834716797,0.472239226102829,16.943626403808594,61.03650665283203,13047.492315409376,1034.1798095703125,645.2347412109375,62.39096522331238,-0.03829193487763405,-0.02389070764183998,27.450128173828148
65.3,1900,-24.74505043029785,0.4710702896118164,16.945903778076172,61.125579833984375,13068.848841623147,1035.8282470703125,644.6911010742188,62.2391939163208,-0.03838280215859413,-0.023889144882559776,27.449945068359398
65.4,1900,-24.800975799560547,0.471403032541275,16.946773529052734,61.16969299316406,13083.67869405978,1036.62890625,645.8785400390625,62.305665016174316,-0.03839882090687752,-0.02392464131116867,27.450402832031273
65.5,1900,-24.848194122314453,0.4736383259296417,16.946104049682617,61.30315399169922,13082.971122889441,1038.849609375,648.9060668945312,62.4639093875885,-0.03829243406653404,-0.02391895093023777,27.451837158203148
65.6,1900,-24.767314910888672,0.47427207231521606,16.946964263916016,61.39067077636719,13088.343767904411,1040.385498046875,650.0411987304688,62.48080134391785,-0.03810114786028862,-0.023805901408195496,27.453637695312523
65.7,1900,-24.72644805908203,0.4726106524467468,16.949575424194336,61.30157470703125,13106.478339069065,1039.03564453125,648.6614990234375,62.429189682006836,-0.03811918571591377,-0.023797497153282166,27.455041503906273
65.8,1900,-24.62874984741211,0.4710330665111542,16.95037269592285,61.13302993774414,13122.463385953482,1036.2276611328125,647.2847900390625,62.465500831604004,-0.038049329072237015,-0.023767702281475067,27.455621337890648
65.9,1900,-24.74294090270996,0.4703282415866852,16.94945526123047,61.06334686279297,13121.889868629254,1034.990478515625,646.2879638671875,62.44385838508606,-0.038284700363874435,-0.023906443268060684,27.456567382812523
66,1909,-24.8897705078125,0.47104519605636597,16.946765899658203,61.17344665527344,13103.22024776578,1036.692138671875,646.3522338867188,62.34756112098694,-0.038508061319589615,-0.02400883659720421,27.456903076171898
66.1,1909,-24.97588539123535,0.47558778524398804,16.938945770263672,61.763343811035156,13092.91908395643,1046.2059326171875,652.0723876953125,62.327343225479126,-0.03830232098698616,-0.023872818797826767,27.457360839843773
66.2,1909,-25.1726131439209,0.4800037145614624,16.936912536621094,62.51718521118164,13111.40336080659,1058.84814453125,659.0560913085938,62.242746353149414,-0.03819494694471359,-0.02377358265221119,27.458306884765648
66.3,1909,-25.324914932250977,0.4845609962940216,16.937660217285156,63.153419494628906,13125.360114715078,1069.671142578125,666.0216064453125,62.26414442062378,-0.038024164736270905,-0.023675421252846718,27.459191894531273
66.4,1909,-25.515308380126953,0.48810210824012756,16.93748664855957,63.766845703125,13131.151240867037,1080.050048828125,671.184814453125,62.14385628700256,-0.038015324622392654,-0.02362418919801712,27.459924316406273
66.5,1909,-25.579891204833984,0.4901389181613922,16.93807601928711,64.32300567626953,13140.732010964246,1089.5079345703125,674.4773559570312,61.90659999847412,-0.03792550042271614,-0.023478388786315918,27.460137939453148
66.6,1909,-25.652509689331055,0.49082133173942566,16.941247940063477,64.61213684082031,13168.239860186042,1094.6102294921875,676.8302612304688,61.83299422264099,-0.03790095075964928,-0.023435290902853012,27.460473632812523
66.7,1909,-25.612546920776367,0.4906902015209198,16.943275451660156,64.78124237060547,13196.653447133294,1097.6064453125,678.1094970703125,61.78075075149536,-0.03777051717042923,-0.023334909230470657,27.461236572265648
66.8,1909,-25.660646438598633,0.490601509809494,16.94475746154785,64.84105682373047,13220.978974616999,1098.7159423828125,679.2366333007812,61.820948123931885,-0.03777865320444107,-0.02335512265563011,27.461694335937523
66.9,1909,-25.635251998901367,0.49029669165611267,16.944578170776367,64.91835021972656,13231.604199028248,1100.0140380859375,679.3601684570312,61.75922751426697,-0.03773440420627594,-0.023304477334022522,27.461816406250023
67,1909,-25.59453582763672,0.49075835943222046,16.945158004760742,64.9434814453125,13237.796321032916,1100.4775390625,680.318115234375,61.82026267051697,-0.03762142360210419,-0.0232576634734869,27.462640380859398
67.1,1909,-25.764602661132812,0.48984411358833313,16.9448184967041,64.99064636230469,13241.76897762025,1101.2547607421875,679.2545166015625,61.680054664611816,-0.03793070465326309,-0.023395679891109467,27.464074707031273
67.2,1909,-25.882694244384766,0.4906575679779053,16.943349838256836,65.15684509277344,13233.355058827008,1103.9752197265625,679.9501953125,61.591070890426636,-0.03806557506322861,-0.023444995284080505,27.464654541015648
67.3,1909,-25.99580955505371,0.49164512753486633,16.942371368408203,65.36241912841797,13225.103170334716,1107.3944091796875,680.8938598632812,61.486124992370605,-0.0381789430975914,-0.02347475290298462,27.464654541015648
67.4,1909,-26.04376983642578,0.49391573667526245,16.941631317138672,65.60215759277344,13214.010505990509,1111.4075927734375,683.4647827148438,61.495423316955566,-0.03810550644993782,-0.0234331414103508,27.464562988281273
67.5,1909,-26.05577278137207,0.49487870931625366,16.942285537719727,65.81201934814453,13215.712406993298,1115.0059814453125,684.885498046875,61.4243745803833,-0.03804398328065872,-0.02336828038096428,27.464685058593773
67.6,1909,-25.920366287231445,0.49496403336524963,16.944562911987305,65.8310317993164,13231.598370600155,1115.47802734375,685.8269653320312,61.482787132263184,-0.0377943217754364,-0.02323700301349163,27.464624023437523
67.7,1909,-25.838464736938477,0.4941863417625427,16.945812225341797,65.77923583984375,13248.550936547803,1114.6826171875,685.626708984375,61.508697271347046,-0.03768590837717056,-0.02318011038005352,27.464837646484398
67.8,1909,-25.84229278564453,0.4943588674068451,16.945133209228516,65.77853393554688,13254.51924691375,1114.6259765625,686.175048828125,61.561012268066406,-0.037661369889974594,-0.023184720426797867,27.465203857421898
67.9,1909,-25.95873260498047,0.4949634373188019,16.94382095336914,65.88101196289062,13248.170923036221,1116.276123046875,686.6851806640625,61.51571273803711,-0.037802960723638535,-0.02325475960969925,27.466302490234398
68,1909,-26.0123233795166,0.4953654706478119,16.944887161254883,65.8853759765625,13249.327283169623,1116.4202880859375,687.3029174804688,61.563098430633545,-0.03784695640206337,-0.02329975925385952,27.466607666015648
68.1,1909,-26.057355880737305,0.4949367940425873,16.94395637512207,65.9598388671875,13246.034221297788,1117.62060546875,686.5374755859375,61.4284873008728,-0.037954747676849365,-0.023315027356147766,27.466363525390648
68.2,1909,-26.110517501831055,0.49599698185920715,16.943103790283203,66.10638427734375,13236.271604244117,1120.04736328125,687.5009765625,61.381423473358154,-0.0379788801074028,-0.023311976343393326,27.466394042968773
68.3,1909,-25.980079650878906,0.4963371455669403,16.944150924682617,66.17928314208984,13240.749002704195,1121.351806640625,688.2052001953125,61.372822523117065,-0.0377504825592041,-0.02316853776574135,27.466424560546898
68.4,1909,-25.936477661132812,0.49446243047714233,16.94663429260254,66.04724884033203,13260.228775072423,1119.278564453125,686.6144409179688,61.34437322616577,-0.03777444362640381,-0.023172495886683464,27.466729736328148
68.5,1909,-25.920225143432617,0.493207722902298,16.94638442993164,65.98004913330078,13265.25637714436,1118.123291015625,685.1318359375,61.27516031265259,-0.03783246502280235,-0.02318190224468708,27.466943359375023
68.6,1909,-25.986143112182617,0.4935784935951233,16.944944381713867,65.99755096435547,13257.959185173497,1118.3248291015625,685.2697143554688,61.27644181251526,-0.03792104497551918,-0.02323666773736477,27.467858886718773
68.7,1909,-25.957027435302734,0.49453869462013245,16.944324493408203,66.06096649169922,13251.757737683882,1119.3583984375,686.2816162109375,61.31026744842529,-0.03782270476222038,-0.023189200088381767,27.468957519531273
68.8,1909,-25.916912078857422,0.49419018626213074,16.945728302001953,66.03036499023438,13257.035962163765,1118.9326171875,686.0711669921875,61.31478548049927,-0.03777583688497543,-0.023162173107266426,27.469506835937523
68.9,1909,-25.95827865600586,0.4941933751106262,16.94596290588379,65.97061920166016,13262.508856141912,1117.9356689453125,686.3588256835938,61.39519810676575,-0.03782027214765549,-0.02321983315050602,27.469689941406273
69,1903,-26.024045944213867,0.49431222677230835,16.94574546813965,65.92593383789062,13260.473569052276,1117.1640625,686.4185180664062,61.44294738769531,-0.037912797182798386,-0.023294739425182343,27.469842529296898
69.1,1903,-25.96217155456543,0.49276816844940186,16.949851989746094,65.64688873291016,13247.919134942658,1112.705078125,683.6265869140625,61.43825650215149,-0.037977125495672226,-0.02333248220384121,27.470300292968773
69.2,1903,-25.84181785583496,0.4907834231853485,16.951448440551758,65.22042083740234,13233.357390198245,1105.58056640625,680.1246948242188,61.51742339134216,-0.037995707243680954,-0.023373978212475777,27.471124267578148
69.3,1903,-25.732742309570312,0.48984378576278687,16.950210571289062,64.9410171508789,13217.1228865915,1100.763916015625,677.9898071289062,61.59266233444214,-0.03795446828007698,-0.02337716706097126,27.471459960937523
69.4,1903,-25.601831436157227,0.48870083689689636,16.94976043701172,64.696533203125,13206.771598300562,1096.5906982421875,675.8781127929688,61.63448691368103,-0.03787936270236969,-0.023346751928329468,27.471887207031273
69.5,1903,-25.614727020263672,0.4881487786769867,16.948423385620117,64.53524017333984,13192.101444793643,1093.7706298828125,674.3646850585938,61.655038595199585,-0.037983495742082596,-0.023418737575411797,27.472192382812523
69.6,1903,-25.61096954345703,0.48786410689353943,16.947101593017578,64.49179077148438,13176.075598912583,1092.948974609375,673.1526489257812,61.590492725372314,-0.038046304136514664,-0.023432906717061996,27.472985839843773
69.7,1903,-25.59499168395996,0.488286554813385,16.947235107421875,64.42189025878906,13170.289135503099,1091.77294921875,673.4396362304688,61.68312430381775,-0.038006361573934555,-0.023443512618541718,27.474023437500023
69.8,1903,-25.5660343170166,0.4881135821342468,16.94723892211914,64.36090850830078,13167.460016507366,1090.73974609375,673.0565185546875,61.70642971992493,-0.037984974682331085,-0.02343917079269886,27.474359130859398
69.9,1903,-25.54623031616211,0.48695144057273865,16.94821548461914,64.23377227783203,13171.355737843887,1088.6478271484375,671.6527099609375,61.696046590805054,-0.03803488239645958,-0.023466018959879875,27.474389648437523
70,1893,-25.49610137939453,0.48594313859939575,16.94805335998535,64.11492156982422,13171.794035636387,1086.6231689453125,670.2842407226562,61.685073375701904,-0.0380377471446991,-0.02346361055970192,27.474359130859398
70.1,1893,-25.466936111450195,0.4822300672531128,16.955106735229492,63.56995391845703,13166.926132494162,1077.8353271484375,664.9168090820312,61.690014600753784,-0.03830093517899513,-0.023627853021025658,27.474572753906273
70.2,1893,-25.399999618530273,0.4789101183414459,16.955421447753906,62.96039962768555,13140.604951231846,1067.5201416015625,659.0191040039062,61.73364520072937,-0.03854212909936905,-0.02379346266388893,27.474420166015648
70.3,1893,-25.40948486328125,0.47791993618011475,16.9525203704834,62.64704132080078,13106.844364353226,1062.0252685546875,655.9668579101562,61.76565885543823,-0.038735926151275635,-0.023925499990582466,27.474481201171898
70.4,1893,-25.35698127746582,0.47714129090309143,16.95122718811035,62.452491760253906,13081.456897271208,1058.6463623046875,653.629638671875,61.74201965332031,-0.03879411146044731,-0.023952268064022064,27.475122070312523
70.5,1893,-25.220701217651367,0.4768902659416199,16.951202392578125,62.227664947509766,13069.548252994155,1054.833740234375,652.6910400390625,61.87620162963867,-0.038641102612018585,-0.023909645155072212,27.475000000000023
70.6,1893,-25.09735679626465,0.4749460816383362,16.951156616210938,62.03642272949219,13063.63472985227,1051.589111328125,649.7360229492188,61.78611516952515,-0.038627006113529205,-0.02386612445116043,27.474603271484398
70.7,1893,-25.01958656311035,0.471920371055603,16.952592849731445,61.73445510864258,13069.660158813516,1046.55908203125,645.8945922851562,61.71601414680481,-0.03873633220791817,-0.023906521499156952,27.474359130859398
70.8,1893,-24.86705780029297,0.4705055356025696,16.95271110534668,61.49516677856445,13071.855144832867,1042.509765625,644.0662841796875,61.78036332130432,-0.03860946744680405,-0.02385306917130947,27.474908447265648
70.9,1893,-24.76968002319336,0.46919429302215576,16.953563690185547,61.1417350769043,13077.562341620303,1036.5703125,642.5518188476562,61.98825240135193,-0.038548924028873444,-0.023895803838968277,27.476251220703148
71,1890,-24.706798553466797,0.4679589569568634,16.953603744506836,60.8326530456543,13079.646587505911,1031.3326416015625,640.962158203125,62.14892268180847,-0.038546424359083176,-0.023956187069416046,27.476953125000023
71.1,1890,-24.58953857421875,0.46549370884895325,16.954654693603516,60.47060012817383,13069.155416940772,1025.2581787109375,637.0740966796875,62.137919664382935,-0.03859760984778404,-0.023983754217624664,27.479333496093773
71.2,1890,-24.639875411987305,0.4629351496696472,16.953432083129883,60.17255401611328,13049.1137841045,1020.1312866210938,632.6008911132812,62.01171278953552,-0.0389501117169857,-0.024153631180524826,27.480493164062523
71.3,1890,-24.666067123413086,0.4634459316730499,16.951601028442383,60.03232192993164,13024.296337289852,1017.6439819335938,632.0944213867188,62.11351156234741,-0.03902275860309601,-0.024238405749201775,27.481500244140648
71.4,1890,-24.623456954956055,0.4651157557964325,16.94990348815918,59.9854621887207,13001.642402982861,1016.747802734375,633.2684936523438,62.28373646736145,-0.03888312354683876,-0.024217860773205757,27.483148193359398
71.5,1890,-24.7318058013916,0.4642203450202942,16.949321746826172,59.9959831237793,12987.02237395753,1016.8912353515625,631.338623046875,62.085169553756714,-0.03917359560728073,-0.024320993572473526,27.484216308593773
71.6,1890,-24.80154037475586,0.46628955006599426,16.948549270629883,60.04847717285156,12974.713899513385,1017.7345581054688,633.5517578125,62.251174449920654,-0.039146825671195984,-0.024369360879063606,27.484277343750023
71.7,1890,-24.737783432006836,0.4656468629837036,16.94782829284668,60.11372375488281,12969.79703757519,1018.7970581054688,632.4387817382812,62.07700967788696,-0.03911490738391876,-0.024281365796923637,27.484796142578148
71.8,1890,-24.733861923217773,0.4647935926914215,16.948774337768555,60.06711959838867,12976.40530934561,1018.0640258789062,631.6015014648438,62.039464712142944,-0.03916054964065552,-0.02429499663412571,27.486047363281273
71.9,1890,-24.673524856567383,0.4649423360824585,16.949247360229492,59.96916580200195,12984.621061583732,1016.4322509765625,632.20361328125,62.19830513000488,-0.03902781382203102,-0.024274637922644615,27.488183593750023
72,1884,-24.576845169067383,0.4634067714214325,16.9483642578125,59.93063735961914,12982.360797169753,1015.7262573242188,630.0059814453125,62.025171518325806,-0.03901049494743347,-0.024196326732635498,27.489434814453148
72.1,1884,-24.647958755493164,0.46211639046669006,16.95233917236328,59.6533203125,12967.498305535806,1011.2633056640625,627.532470703125,62.05430626869202,-0.039277583360672,-0.024373432621359825,27.489984130859398
72.2,1884,-24.53400230407715,0.4618021249771118,16.95117950439453,59.41209030151367,12938.427271899804,1007.10498046875,625.6998291015625,62.12855577468872,-0.039210498332977295,-0.024360917508602142,27.490289306640648
72.3,1884,-24.57476234436035,0.4602782428264618,16.951078414916992,59.227020263671875,12920.375464414054,1003.9618530273438,622.7650146484375,62.030744552612305,-0.03946072980761528,-0.02447778545320034,27.491204833984398
72.4,1884,-24.508195877075195,0.4607544541358948,16.949874877929688,59.112552642822266,12907.550591240979,1001.9503784179688,622.79052734375,62.15782165527344,-0.03935223072767258,-0.02446048893034458,27.491815185546898
72.5,1884,-24.506427764892578,0.46014878153800964,16.950300216674805,58.97242736816406,12898.90236963845,999.600341796875,621.5551147460938,62.18036413192749,-0.03942760080099106,-0.02451622486114502,27.493005371093773
72.6,1884,-24.42891502380371,0.4599989354610443,16.949724197387695,58.88029861450195,12896.051102615967,998.0048217773438,621.2153930664062,62.245726585388184,-0.03932438790798187,-0.024477751925587654,27.493341064453148
72.7,1884,-24.513212203979492,0.4605939984321594,16.948274612426758,58.90114974975586,12880.118511584376,998.2728881835938,621.25048828125,62.23253607749939,-0.03945785388350487,-0.024555623531341553,27.493920898437523
72.8,1884,-24.423242568969727,0.46037667989730835,16.94844627380371,58.912235260009766,12878.536676200278,998.4708251953125,620.881103515625,62.1832013130188,-0.0393364243209362,-0.024460647255182266,27.494226074218773
72.9,1884,-24.533422470092773,0.45989134907722473,16.94931411743164,58.82942581176758,12881.046397336582,997.118408203125,620.3474731445312,62.21402287483215,-0.0395478717982769,-0.024604322388768196,27.494775390625023
73,1884,-24.529401779174805,0.45918819308280945,16.948406219482422,58.8187370300293,12877.366327839454,996.8838500976562,619.2219848632812,62.11576461791992,-0.039613258093595505,-0.02460607886314392,27.496057128906273
73.1,1884,-24.468929290771484,0.459623783826828,16.94886016845703,58.800636291503906,12875.808971853341,996.603759765625,619.7344360351562,62.184637784957886,-0.039482925087213516,-0.02455231547355652,27.497186279296898
73.2,1884,-24.389780044555664,0.45855432748794556,16.948665618896484,58.76612854003906,12875.845108107509,996.0074462890625,618.294189453125,62.0772659778595,-0.039446886628866196,-0.02448754757642746,27.498498535156273
73.3,1884,-24.494409561157227,0.45923808217048645,16.94916343688965,58.715919494628906,12879.231424828813,995.1857299804688,619.3789672851562,62.23752498626709,-0.039546724408864975,-0.024612903594970703,27.498956298828148
73.4,1884,-24.498966217041016,0.4576323330402374,16.948482513427734,58.70781326293945,12875.962842354962,995.0083618164062,617.056640625,62.01522350311279,-0.039702944457530975,-0.0246218703687191,27.499322509765648
73.5,1884,-24.540515899658203,0.4597327709197998,16.94760513305664,58.78584671020508,12869.602861621252,996.279296875,619.5826416015625,62.189650535583496,-0.03960813954472542,-0.0246321652084589,27.500665283203148
73.6,1884,-24.56597328186035,0.45975810289382935,16.947526931762695,58.83061981201172,12863.983091255192,997.0335083007812,619.34619140625,62.11889386177063,-0.039664365351200104,-0.024639064446091652,27.501672363281273
73.7,1884,-24.537940979003906,0.4615934491157532,16.947736740112305,58.877769470214844,12862.661203763984,997.8449096679688,621.7546997070312,62.30975389480591,-0.03946562856435776,-0.024590935558080673,27.503045654296898
73.8,1884,-24.6068115234375,0.46030092239379883,16.94781494140625,58.89260482788086,12861.64705727602,998.1009521484375,619.96484375,62.11444139480591,-0.03969065845012665,-0.024653630331158638,27.503900146484398
73.9,1884,-24.543228149414062,0.4610866606235504,16.94791030883789,58.92056655883789,12864.895823094359,998.5805053710938,621.1799926757812,62.20630407333374,-0.03951065614819527,-0.024578116834163666,27.503991699218773
74,1884,-24.609569549560547,0.46030446887016296,16.948095321655273,58.91437911987305,12863.446875870752,998.4865112304688,620.0563354492188,62.099623680114746,-0.03968924656510353,-0.024646872654557228,27.504296875000023
74.1,1884,-24.491512298583984,0.46054497361183167,16.94868278503418,58.922882080078125,12867.364745234021,998.6652221679688,620.5692749023438,62.13986873626709,-0.03946620225906372,-0.024524247273802757,27.505456542968773
74.2,1884,-24.43208885192871,0.45991051197052,16.95003890991211,58.83877944946289,12878.077396066648,997.319580078125,620.2302856445312,62.18972206115723,-0.03939196094870567,-0.024497753009200096,27.506036376953148
74.3,1884,-24.395082473754883,0.4587416350841522,16.949047088623047,58.81190490722656,12879.505360949124,996.8057250976562,618.7225952148438,62.0705246925354,-0.039428144693374634,-0.02447325550019741,27.507379150390648
74.4,1884,-24.47584342956543,0.4597870409488678,16.947782516479492,58.86427307128906,12872.321240483241,997.618896484375,619.78662109375,62.12659478187561,-0.03949075564742088,-0.024534262716770172,27.508508300781273
74.5,1884,-24.465776443481445,0.4590100646018982,16.94780921936035,58.89619827270508,12866.376243829662,998.1615600585938,618.4535522460938,61.95926070213318,-0.03955960273742676,-0.024510838091373444,27.508691406250023
74.6,1884,-24.447912216186523,0.4610590636730194,16.947303771972656,58.965049743652344,12862.117994265833,999.298583984375,621.0086669921875,62.144458293914795,-0.03936806693673134,-0.02446507103741169,27.508935546875023
74.7,1884,-24.42658233642578,0.4595964550971985,16.947559356689453,58.970088958740234,12864.51347821154,999.3991088867188,619.1539306640625,61.95262670516968,-0.03945154696702957,-0.024441270157694817,27.509301757812523
74.8,1884,-24.449094772338867,0.4609701931476593,16.9472713470459,59.037330627441406,12863.027229048146,1000.5216674804688,620.932861328125,62.06091046333313,-0.03937477990984917,-0.0244363471865654,27.510858154296898
74.9,1884,-24.59186363220215,0.4599321484565735,16.94778823852539,59.05712890625,12863.80124429873,1000.8876953125,619.5718994140625,61.90223693847656,-0.03969170153141022,-0.024570051580667496,27.513024902343773
75,1890,-24.504474639892578,0.4610438048839569,16.947731018066406,59.08026885986328,12865.461180619259,1001.2764892578125,621.1495361328125,62.03576326370239,-0.03945020213723183,-0.02447323501110077,27.513940429687523
75.1,1890,-24.4801082611084,0.4614782929420471,16.944421768188477,59.2888069152832,12873.69908088413,1004.6145629882812,622.1329956054688,61.92753314971924,-0.039348673075437546,-0.024367662146687508,27.514550781250023
75.2,1890,-24.549699783325195,0.46387091279029846,16.94297218322754,59.6667594909668,12894.999654188217,1010.9322509765625,626.393310546875,61.96194291114807,-0.03919215127825737,-0.02428421936929226,27.515893554687523
75.3,1890,-24.712440490722656,0.4652782380580902,16.942829132080078,59.981571197509766,12905.021053449163,1016.2575073242188,628.781982421875,61.87230944633484,-0.03930208086967468,-0.024317104369401932,27.517236328125023
75.4,1890,-24.79507827758789,0.46803978085517883,16.942594528198242,60.319698333740234,12908.965733581656,1021.97216796875,632.707275390625,61.910420656204224,-0.03918886184692383,-0.024261988699436188,27.518457031250023
75.5,1890,-24.798465728759766,0.4673742651939392,16.94461441040039,60.4713020324707,12923.824728158748,1024.662841796875,632.5348510742188,61.73102259635925,-0.03920489922165871,-0.024201584979891777,27.519494628906273
75.6,1890,-24.802875518798828,0.46946147084236145,16.945236206054688,60.59175491333008,12936.384990696457,1026.7415771484375,635.9771118164062,61.94130182266235,-0.03899963200092316,-0.024156881496310234,27.520776367187523
75.7,1890,-24.769882202148438,0.4688311815261841,16.94622230529785,60.652889251708984,12949.250662866172,1027.83740234375,635.7549438476562,61.85365319252014,-0.038961369544267654,-0.02409902960062027,27.521447753906273
75.8,1890,-24.777210235595703,0.46900609135627747,16.94756507873535,60.636627197265625,12962.818077778134,1027.6431884765625,636.6585083007812,61.953264474868774,-0.03891758620738983,-0.024110713973641396,27.523065185546898
75.9,1890,-24.838153839111328,0.46961742639541626,16.94756507873535,60.629539489746094,12970.235335367688,1027.5230712890625,637.8530883789062,62.076765298843384,-0.03894023969769478,-0.024172842502593994,27.523248291015648
76,1896,-24.901195526123047,0.46844854950904846,16.94607925415039,60.707645416259766,12962.922989483786,1028.756591796875,635.9067993164062,61.813145875930786,-0.03915856406092644,-0.02420513890683651,27.523278808593773
76.1,1896,-25.050411224365234,0.47100409865379333,16.941770553588867,61.067291259765625,12958.789468281122,1034.5880126953125,639.1719970703125,61.78033947944641,-0.039191972464323044,-0.02421293407678604,27.523461914062523
76.2,1896,-25.03949546813965,0.47334611415863037,16.941469192504883,61.51499938964844,12971.890608945743,1042.1544189453125,642.9996337890625,61.699068546295166,-0.03894169628620148,-0.024026663973927498,27.524896240234398
76.3,1896,-25.08370590209961,0.4732769727706909,16.943618774414062,61.793514251708984,12994.058452349884,1047.0057373046875,644.0043334960938,61.50915026664734,-0.03894959017634392,-0.023957563564181328,27.525903320312523
76.4,1896,-25.187564849853516,0.47349026799201965,16.94536781311035,61.95219802856445,13012.490273347215,1049.802734375,645.20849609375,61.45997643470764,-0.03903786838054657,-0.023992663249373436,27.527581787109398
76.5,1896,-25.206865310668945,0.47519198060035706,16.945505142211914,62.12653732299805,13023.930312005692,1052.7655029296875,648.0966796875,61.56134605407715,-0.0388936810195446,-0.023943474516272545,27.529046630859398
76.6,1896,-25.194236755371094,0.4743192493915558,16.946775436401367,62.18224334716797,13035.83429354027,1053.78857421875,647.4976806640625,61.44474148750305,-0.0389101579785347,-0.02390824817121029,27.529748535156273
76.7,1896,-25.231557846069336,0.47361335158348083,16.947174072265625,62.21102523803711,13046.137788720855,1054.301025390625,647.0450439453125,61.37194037437439,-0.038995057344436646,-0.023932022973895073,27.531030273437523
76.8,1896,-25.242408752441406,0.47432270646095276,16.946643829345703,62.291561126708984,13046.808057951406,1055.6329345703125,648.0474243164062,61.38947010040283,-0.038951482623815536,-0.023912109434604645,27.532952880859398
76.9,1896,-25.235212326049805,0.47621917724609375,16.946544647216797,62.389827728271484,13045.936125108881,1057.2919921875,650.5950317382812,61.53409481048584,-0.03878789395093918,-0.023867780342698097,27.534417724609398
77,1890,-25.280303955078125,0.47650235891342163,16.94573974609375,62.5300407409668,13042.998597350641,1059.6177978515625,650.8353271484375,61.42170429229736,-0.038842856884002686,-0.023857945576310158,27.535760498046898
77.1,1890,-25.294105529785156,0.4755062758922577,16.950098037719727,62.39615249633789,13037.385821098293,1057.620849609375,649.1953125,61.382609605789185,-0.038962241262197495,-0.02391604147851467,27.537805175781273
77.2,1890,-25.18221664428711,0.474554181098938,16.951444625854492,62.09828567504883,13028.147762572877,1052.6556396484375,647.4364013671875,61.50504946708679,-0.03889527544379234,-0.02392255887389183,27.538812255859398
77.3,1890,-24.991641998291016,0.4740322530269623,16.951295852661133,61.803890228271484,13028.130277288603,1047.656005859375,646.7234497070312,61.73051595687866,-0.038643475621938705,-0.02385481633245945,27.540002441406273
77.4,1890,-24.784866333007812,0.4712635278701782,16.951547622680664,61.47575378417969,13029.87530865927,1042.109130859375,643.0321655273438,61.70487999916077,-0.03854374215006828,-0.02378336898982525,27.542230224609398
77.5,1890,-24.768108367919922,0.4693770706653595,16.951053619384766,61.208805084228516,13027.064840633431,1037.5537109375,640.3200073242188,61.71439290046692,-0.03868082910776138,-0.023871639743447304,27.543817138671898
77.6,1890,-24.735097885131836,0.46891459822654724,16.950546264648438,60.97639846801758,13023.067704648114,1033.583251953125,639.4927978515625,61.87143921852112,-0.03867924213409424,-0.02393140271306038,27.544946289062523
77.7,1890,-24.693387985229492,0.4679560363292694,16.95014190673828,60.765838623046875,13018.965656957143,1029.9896240234375,637.9845581054688,61.94087266921997,-0.038705307990312576,-0.023974405601620674,27.546807861328148
77.8,1890,-24.732511520385742,0.4652778208255768,16.949565887451172,60.611263275146484,13011.050651608555,1027.3345947265625,633.9475708007812,61.70799136161804,-0.03901349753141403,-0.02407444640994072,27.547845458984398
77.9,1890,-24.73459243774414,0.46632352471351624,16.94757652282715,60.60858154296875,12993.543219306574,1027.1685791015625,634.5173950195312,61.7734432220459,-0.038981739431619644,-0.024080364033579826,27.549096679687523
78,1896,-24.75733184814453,0.4671454429626465,16.946212768554688,60.67293167114258,12977.476574428872,1028.1763916015625,634.8497924804688,61.74522042274475,-0.03899714723229408,-0.02407887578010559,27.550286865234398
78.1,1896,-24.800525665283203,0.4679201543331146,16.943519592285156,60.88427734375,12976.936861987577,1031.593994140625,635.8761596679688,61.64016127586365,-0.039002131670713425,-0.02404097653925419,27.552453613281273
78.2,1896,-24.828861236572266,0.4706633985042572,16.942119598388672,61.25956344604492,12991.650145862375,1037.8668212890625,640.3292846679688,61.696672439575195,-0.03877514600753784,-0.02392297424376011,27.552758789062523
78.3,1896,-24.83850860595703,0.47137024998664856,16.942888259887695,61.50664520263672,13006.117470071702,1042.1002197265625,642.0050659179688,61.60684823989868,-0.038688961416482925,-0.02383504807949066,27.554010009765648
78.4,1896,-24.865158081054688,0.47077471017837524,16.944337844848633,61.660037994384766,13019.718689866597,1044.78857421875,641.864501953125,61.43487095832825,-0.038738954812288284,-0.023799225687980652,27.554925537109398
78.5,1896,-24.78769874572754,0.47060346603393555,16.946306228637695,61.66783142089844,13040.161318555582,1045.0419921875,642.638427734375,61.4940345287323,-0.038571763783693314,-0.023719333112239838,27.556207275390648
78.6,1896,-24.644012451171875,0.4682379364967346,16.949377059936523,61.48274612426758,13072.47412389621,1042.09423828125,640.9926147460938,61.51003837585449,-0.03844664245843887,-0.023648545145988464,27.557397460937523
78.7,1896,-24.583118438720703,0.46683385968208313,16.951251983642578,61.148277282714844,13098.128532984832,1036.5399169921875,640.3246459960938,61.77520751953125,-0.03839164972305298,-0.0237165205180645,27.558160400390648
78.8,1896,-24.594533920288086,0.4674488306045532,16.949604034423828,61.00625228881836,13095.330887500795,1034.0318603515625,641.0311889648438,61.993372440338135,-0.0383671410381794,-0.02378508448600769,27.559167480468773
78.9,1896,-24.622394561767578,0.46695035696029663,16.94790267944336,60.95899200439453,13082.64123385945,1033.1270751953125,639.7271118164062,61.921435594558716,-0.038488902151584625,-0.023832881823182106,27.560418701171898
79,1893,-24.574968338012695,0.46669644117355347,16.947805404663086,60.93977737426758,13078.928525165009,1032.7955322265625,639.1978149414062,61.89006567001343,-0.0384465791285038,-0.023794611915946007,27.561700439453148
79.1,1893,-24.549415588378906,0.4650997817516327,16.950361251831055,60.73516082763672,13077.569335734013,1029.48291015625,636.9447631835938,61.870360374450684,-0.038542453199625015,-0.023846356198191643,27.562402343750023
79.2,1893,-24.544368743896484,0.46551480889320374,16.949018478393555,60.58681106567383,13057.841272329078,1026.886962890625,636.5514526367188,61.98846101760864,-0.038558341562747955,-0.023901723325252533,27.562829589843773
79.3,1893,-24.5826473236084,0.4655815362930298,16.947101593017578,60.604949951171875,13034.88192839008,1027.0782470703125,635.5233154296875,61.87681555747986,-0.03868095576763153,-0.023934541270136833,27.563256835937523
79.4,1893,-24.63864517211914,0.46432188153266907,16.947668075561523,60.58975601196289,13025.814059964943,1026.8551025390625,633.3629150390625,61.67987585067749,-0.03890130668878555,-0.02399427630007267,27.563775634765648
79.5,1893,-24.6157283782959,0.4652417302131653,16.947891235351562,60.550048828125,13025.917805984976,1026.1956787109375,634.6227416992188,61.84227466583252,-0.038787972182035446,-0.023987364023923874,27.563928222656273
79.6,1893,-24.544992446899414,0.4659748673439026,16.947603225708008,60.552223205566406,13023.44422110284,1026.215087890625,635.5020751953125,61.92679405212402,-0.03862299397587776,-0.02391798049211502,27.564447021484398
79.7,1893,-24.637292861938477,0.4651663899421692,16.94663429260254,60.579017639160156,13014.729555420065,1026.6104736328125,633.9749145507812,61.75418496131897,-0.03886161744594574,-0.023998677730560303,27.564660644531273
79.8,1893,-24.699281692504883,0.4661748707294464,16.945531845092773,60.70948028564453,13005.697823249096,1028.75439453125,634.9085083007812,61.71623468399048,-0.03890211135149002,-0.024008918553590775,27.566094970703148
79.9,1893,-24.69679832458496,0.4677794873714447,16.94523048400879,60.83018112182617,12999.77264325103,1030.781494140625,636.8036499023438,61.778730154037476,-0.03878243640065193,-0.023959295824170113,27.567346191406273
80,1884,-24.704490661621094,0.4674992263317108,16.94515037536621,60.95779800415039,12996.561179372478,1032.9390869140625,636.264892578125,61.59752607345581,-0.03882736712694168,-0.0239166971296072,27.568658447265648
80.1,1884,-24.772607803344727,0.4657706916332245,16.9516544342041,60.699310302734375,12990.294453488235,1028.9537353515625,633.606689453125,61.57776713371277,-0.03909776732325554,-0.024075530469417572,27.569909667968773
80.2,1884,-24.631742477416992,0.4646933972835541,16.952964782714844,60.264766693115234,12964.19125543655,1021.6664428710938,630.8709716796875,61.749207973480225,-0.03904402628540993,-0.024109376594424248,27.572045898437523
80.3,1884,-24.657529830932617,0.46299049258232117,16.951841354370117,59.99473571777344,12938.549668889731,1017.021240234375,627.31591796875,61.68168783187866,-0.0393064022064209,-0.024244852364063263,27.572808837890648
80.4,1884,-24.45685386657715,0.46334153413772583,16.95103645324707,59.79827880859375,12924.983419663387,1013.642822265625,627.13330078125,61.86925768852234,-0.03899785876274109,-0.02412768453359604,27.573876953125023
80.5,1884,-24.3699951171875,0.4594263434410095,16.952503204345703,59.4769172668457,12925.513806619736,1008.2826538085938,621.8595581054688,61.67512536048889,-0.03918890282511711,-0.024169806391000748,27.575128173828148
80.6,1884,-24.37413787841797,0.46025770902633667,16.950651168823242,59.29788589477539,12915.620632776809,1005.1377563476562,622.508056640625,61.9326114654541,-0.03915473446249962,-0.024249549955129623,27.576837158203148
80.7,1884,-24.51560401916504,0.45842599868774414,16.949642181396484,59.20965576171875,12899.99694843408,1003.5824584960938,619.2805786132812,61.70699596405029,-0.03958723321557045,-0.02442809008061886,27.576959228515648
80.8,1884,-24.398252487182617,0.4594794809818268,16.94853973388672,59.19541549682617,12887.193057602135,1003.27587890625,620.087646484375,61.806297302246094,-0.03934645652770996,-0.02431858889758587,27.577172851562523
80.9,1884,-24.43379020690918,0.4585188627243042,16.948627471923828,59.1689338684082,12883.018737402828,1002.8322143554688,618.5908203125,61.68437600135803,-0.03949911519885063,-0.024364784359931946,27.577722167968773
81,1865,-24.379108428955078,0.45982885360717773,16.949190139770508,59.09636688232422,12883.378934258899,1001.6355590820312,620.37548828125,61.9362473487854,-0.03929734602570534,-0.024339299649000168,27.578881835937523
81.1,1865,-24.4462833404541,0.45477476716041565,16.958904266357422,58.452598571777344,12869.68795667139,991.2920532226562,612.90478515625,61.82888150215149,-0.03988594189286232,-0.024661030620336533,27.580285644531273
81.2,1865,-24.223485946655273,0.44952505826950073,16.96245574951172,57.43264389038086,12817.748502574621,974.1986694335938,603.3846435546875,61.93650960922241,-0.040146008133888245,-0.024865036830306053,27.581933593750023
81.3,1865,-24.08251190185547,0.4465976655483246,16.95912742614746,56.79087829589844,12765.964084665093,963.1237182617188,597.0335083007812,61.98928356170654,-0.04033695533871651,-0.025004588067531586,27.582208251953148
81.4,1865,-24.00896453857422,0.4466214179992676,16.955636978149414,56.43040084838867,12718.958977790793,956.8134155273438,594.8668212890625,62.17166185379028,-0.040360234677791595,-0.025092629715800285,27.582940673828148
81.5,1865,-23.922157287597656,0.44670793414115906,16.953031539916992,56.22703552246094,12680.339813254897,953.2186889648438,593.1754760742188,62.2286856174469,-0.0403289720416069,-0.025096189230680466,27.583489990234398
81.6,1865,-23.901100158691406,0.4466472268104553,16.951948165893555,56.09565734863281,12655.568993864983,950.9306640625,591.9362182617188,62.248098850250244,-0.04037782922387123,-0.025134429335594177,27.583886718750023
81.7,1865,-23.87741470336914,0.4454609453678131,16.952098846435547,55.926998138427734,12644.807384236386,948.0800170898438,589.862060546875,62.21648454666138,-0.04047965630888939,-0.02518502064049244,27.584466552734398
81.8,1865,-23.828378677368164,0.44415003061294556,16.952606201171875,55.7481575012207,12642.720806979543,945.0765380859375,588.0291748046875,62.220269441604614,-0.04052244499325752,-0.025213172659277916,27.585504150390648
81.9,1865,-23.812397003173828,0.44261881709098816,16.952491760253906,55.59374237060547,12640.234399555604,942.4524536132812,585.8866577148438,62.16617822647095,-0.040643349289894104,-0.025266416370868683,27.586267089843773
82,1862,-23.81821632385254,0.4412519931793213,16.952463150024414,55.44761657714844,12636.040262700786,939.9736938476562,583.8836059570312,62.117016315460205,-0.04079274460673332,-0.025339238345623016,27.586663818359398
82.1,1862,-23.775760650634766,0.4393305480480194,16.954120635986328,55.22730255126953,12627.167063773913,936.330322265625,580.932861328125,62.043577432632446,-0.040926866233348846,-0.02539249137043953,27.586663818359398
82.2,1862,-23.781827926635742,0.43813326954841614,16.95440673828125,54.945213317871094,12609.864792140763,931.5634765625,578.5558471679688,62.10589408874512,-0.04110550135374069,-0.025528939440846443,27.586968994140648
82.3,1862,-23.669010162353516,0.438092976808548,16.953746795654297,54.746456146240234,12596.571313349112,928.1575317382812,577.8927612304688,62.26235628128052,-0.04095744341611862,-0.0255010686814785,27.587609863281273
82.4,1862,-23.59959602355957,0.43745550513267517,16.953632354736328,54.55686950683594,12591.703410206886,924.9371337890625,576.828857421875,62.36411929130554,-0.04091264680027962,-0.025514811277389526,27.588922119140648
82.5,1862,-23.453519821166992,0.43587517738342285,16.953962326049805,54.32343292236328,12592.864433082763,920.9974365234375,574.7980346679688,62.4103844165802,-0.04080305993556976,-0.02546534687280655,27.590509033203148
82.6,1862,-23.368621826171875,0.43510761857032776,16.95348358154297,54.122413635253906,12587.14791081038,917.5634765625,573.525390625,62.50525712966919,-0.0407455749809742,-0.0254681259393692,27.591699218750023
82.7,1862,-23.355443954467773,0.43481960892677307,16.95227813720703,54.026824951171875,12576.273229676804,915.8777465820312,572.6505737304688,62.52478361129761,-0.0407848097383976,-0.02550061233341694,27.592218017578148
82.8,1862,-23.330209732055664,0.4358205199241638,16.951223373413086,54.02164840698242,12563.67333382807,915.7330322265625,573.3937377929688,62.61581778526306,-0.04068794101476669,-0.025477087125182152,27.592645263671898
82.9,1862,-23.300275802612305,0.434948205947876,16.952144622802734,53.92685317993164,12563.221047808152,914.1758422851562,572.2254638671875,62.59468197822571,-0.04071870073676109,-0.025487739592790604,27.593927001953148
83,1853,-23.209884643554688,0.43469133973121643,16.953102111816406,53.76694107055664,12569.459797237554,911.5164184570312,572.1715087890625,62.77138590812683,-0.040564559400081635,-0.025462936609983444,27.594995117187523
83.1,1853,-23.137107849121094,0.4321105480194092,16.95856285095215,53.31603240966797,12568.410680181041,904.1632690429688,568.7269897460938,62.90091872215271,-0.04068227484822273,-0.02558952383697033,27.595635986328148
83.2,1853,-23.00946807861328,0.4291408061981201,16.958877563476562,52.770591735839844,12537.179631094239,894.9299926757812,563.4148559570312,62.956303358078,-0.0408392995595932,-0.02571091428399086,27.596490478515648
83.3,1853,-22.922958374023438,0.42607682943344116,16.95677947998047,52.430885314941406,12506.056990769943,889.0589599609375,558.0035400390625,62.763386964797974,-0.04108031094074249,-0.025783395394682884,27.596612548828148
83.4,1853,-22.912857055664062,0.4240627586841583,16.955278396606445,52.226619720458984,12478.83007178217,885.5169067382812,554.15673828125,62.58003115653992,-0.04134725034236908,-0.025875121355056763,27.597039794921898
83.5,1853,-22.821535110473633,0.42412444949150085,16.95486068725586,52.03896713256836,12464.91528255594,882.3134155273438,553.6193237304688,62.746334075927734,-0.041222430765628815,-0.02586556412279606,27.597406005859398
83.6,1853,-22.70608901977539,0.4235357642173767,16.954923629760742,51.82072067260742,12461.031218075601,878.6163330078125,552.6786499023438,62.90329694747925,-0.04108370840549469,-0.025843007490038872,27.598168945312523
83.7,1853,-22.51767921447754,0.42169684171676636,16.954959869384766,51.617576599121094,12458.070376604994,875.1739501953125,550.1482543945312,62.86159157752991,-0.04093020036816597,-0.025729374960064888,27.599267578125023
83.8,1853,-22.531648635864258,0.41956931352615356,16.954830169677734,51.40386962890625,12454.101217074516,871.5438842773438,547.1983032226562,62.784940004348755,-0.041176386177539825,-0.025852570310235023,27.601342773437523
83.9,1853,-22.54422378540039,0.4195910394191742,16.95425033569336,51.268070220947266,12446.988203431352,869.211669921875,546.9140625,62.92070150375366,-0.0412207767367363,-0.02593640238046646,27.601647949218773
84,1865,-22.523712158203125,0.4210367500782013,16.95362663269043,51.1721305847168,12440.17010824963,867.55322265625,548.4978637695312,63.22354078292847,-0.04106435552239418,-0.02596234157681465,27.602685546875023
84.1,1865,-22.586349487304688,0.42245420813560486,16.94515609741211,51.557830810546875,12435.823266578807,873.655517578125,550.1521606445312,62.971287965774536,-0.04105473309755325,-0.025852695107460022,27.603967285156273
84.2,1865,-22.86984634399414,0.4274682104587555,16.94106101989746,52.35520553588867,12452.345694533284,886.9527587890625,557.42138671875,62.846797704696655,-0.04102793335914612,-0.02578474022448063,27.605218505859398
84.3,1865,-23.07508087158203,0.4311773180961609,16.941810607910156,53.00714111328125,12468.056805297389,898.0369262695312,562.9674682617188,62.68867254257202,-0.04098830372095108,-0.02569502405822277,27.606256103515648
84.4,1865,-23.101959228515625,0.4334898293018341,16.94437026977539,53.454345703125,12492.685411041863,905.750244140625,567.1047973632812,62.61160969734192,-0.040736664086580276,-0.025505883619189262,27.606103515625023
84.5,1865,-23.126794815063477,0.4343930780887604,16.94759750366211,53.64948654174805,12527.793530495293,909.2299194335938,569.883544921875,62.67760396003723,-0.04058161750435829,-0.025435585528612137,27.606164550781273
84.6,1865,-23.102970123291016,0.4341809153556824,16.949220657348633,53.73789596557617,12557.380962860225,910.8154296875,570.950439453125,62.68563270568848,-0.04046405479311943,-0.025365149602293968,27.606195068359398
84.7,1865,-23.099660873413086,0.4336487948894501,16.94999885559082,53.77378845214844,12576.376975696836,911.4656372070312,571.1133422851562,62.65878677368164,-0.04044671729207039,-0.02534342370927334,27.606164550781273
84.8,1865,-23.10847282409668,0.43322521448135376,16.950023651123047,53.82965087890625,12584.674325928243,912.4138793945312,570.9319458007812,62.573790550231934,-0.04047500714659691,-0.025326745584607124,27.606195068359398
84.9,1865,-23.086139678955078,0.43222367763519287,16.95084571838379,53.82703399658203,12594.757506526961,912.4137573242188,570.0684204101562,62.479156255722046,-0.04049713909626007,-0.02530227042734623,27.606164550781273
85,1865,-23.064321517944336,0.43184933066368103,16.951045989990234,53.8060302734375,12600.624402244111,912.0684814453125,569.8400268554688,62.4777615070343,-0.04047508165240288,-0.025287926197052002,27.606286621093773
85.1,1865,-23.16380500793457,0.4316398501396179,16.950458526611328,53.797943115234375,12600.374945521784,911.8997802734375,569.5523071289062,62.45777606964111,-0.04067019745707512,-0.025401700288057327,27.606164550781273
85.2,1865,-23.209781646728516,0.43382540345191956,16.948814392089844,53.941165924072266,12586.757406128234,914.2388305664062,571.8175048828125,62.54575252532959,-0.04058948904275894,-0.025387000292539597,27.606622314453148
85.3,1865,-23.304845809936523,0.4352090656757355,16.94862174987793,54.096675872802734,12579.17112412402,916.8640747070312,573.2955322265625,62.527865171432495,-0.04065066576004028,-0.02541799284517765,27.606683349609398
85.4,1865,-23.364564895629883,0.4367697238922119,16.947946548461914,54.29021072387695,12572.70390031342,920.1076049804688,575.0556030273438,62.49873638153076,-0.040630098432302475,-0.025393296033143997,27.606591796875023
85.5,1865,-23.392879486083984,0.4376332759857178,16.948549270629883,54.41982650756836,12575.33019001156,922.3370971679688,576.3129272460938,62.483978271484375,-0.04059058800339699,-0.025362612679600716,27.606683349609398
85.6,1865,-23.406583786010742,0.4382686913013458,16.94879913330078,54.512176513671875,12578.451896097498,923.9159545898438,577.29296875,62.483274936676025,-0.04054541885852814,-0.025334104895591736,27.606835937500023
85.7,1865,-23.447893142700195,0.4383660554885864,16.94907569885254,54.59990310668945,12583.68232746703,925.4179077148438,577.6613159179688,62.42167353630066,-0.040591076016426086,-0.02533762715756893,27.606561279296898
85.8,1865,-23.468660354614258,0.4382496476173401,16.949142456054688,54.65161895751953,12586.755074756997,926.298095703125,577.64892578125,62.36101984977722,-0.040627896785736084,-0.025335969403386116,27.606500244140648
85.9,1865,-23.495874404907227,0.4390130639076233,16.94919204711914,54.72540283203125,12587.555900776802,927.5513916015625,578.6920166015625,62.38921284675598,-0.0406016930937767,-0.025331076234579086,27.607049560546898
86,1878,-23.428028106689453,0.43833157420158386,16.950218200683594,54.72902297973633,12595.04076813222,927.6688842773438,578.1372680664062,62.321507930755615,-0.04052329808473587,-0.025254730135202408,27.607385253906273
86.1,1878,-23.410673141479492,0.43974998593330383,16.944721221923828,55.02834701538086,12617.718016151579,932.4400024414062,581.0523681640625,62.31525540351868,-0.04029012471437454,-0.025106895714998245,27.607965087890648
86.2,1878,-23.398693084716797,0.44084632396698,16.943601608276367,55.506839752197266,12662.494332123593,940.4857788085938,584.568115234375,62.1559739112854,-0.04002731665968895,-0.024879369884729385,27.607812500000023
86.3,1878,-23.389591217041016,0.4406243860721588,16.946474075317383,55.71461868286133,12705.769245019177,944.1663208007812,586.2705688476562,62.09399700164795,-0.03989555686712265,-0.02477274462580681,27.608453369140648
86.4,1878,-23.477527618408203,0.4412495195865631,16.948225021362305,55.79193878173828,12736.721695243194,945.5743408203125,588.5325927734375,62.240755558013916,-0.03989163413643837,-0.024828854948282242,27.608911132812523
86.5,1878,-23.612319946289062,0.44102954864501953,16.94824981689453,55.88165283203125,12750.282116041446,947.09619140625,588.865478515625,62.17588782310486,-0.04009798541665077,-0.024931279942393303,27.609552001953148
86.6,1878,-23.6126651763916,0.4412633180618286,16.94856071472168,55.95758056640625,12758.387128145825,948.4004516601562,589.5521240234375,62.16278672218323,-0.04005187004804611,-0.02489735744893551,27.610772705078148
86.7,1878,-23.58797264099121,0.4425286054611206,16.94908332824707,55.993412017822266,12767.87231202233,949.0369873046875,591.6821899414062,62.345534563064575,-0.039865948259830475,-0.024854639545083046,27.611108398437523
86.8,1878,-23.746601104736328,0.4429572522640228,16.94829559326172,56.059478759765625,12767.713778778234,950.1126098632812,592.2479858398438,62.33450174331665,-0.04009570926427841,-0.02499345876276493,27.611077880859398
86.9,1878,-23.76880645751953,0.4431374967098236,16.947385787963867,56.21159744262695,12758.825425938325,952.6396484375,592.0764770507812,62.15115189552307,-0.040144823491573334,-0.02495047077536583,27.611291503906273
87,1875,-23.748308181762695,0.4455135464668274,16.947097778320312,56.37215805053711,12752.451456977193,955.344482421875,594.9537353515625,62.27635741233826,-0.03991622477769852,-0.024858372285962105,27.611688232421898
87.1,1875,-23.751619338989258,0.4469360113143921,16.948814392089844,56.42535400390625,12748.511439587173,956.3428344726562,596.6689453125,62.39069700241089,-0.03980702906847,-0.02483588270843029,27.612817382812523
87.2,1875,-23.77607536315918,0.44673582911491394,16.949687957763672,56.372032165527344,12743.08517303376,955.4883422851562,596.1478881835938,62.39195466041565,-0.0398828499019146,-0.024883689358830452,27.613366699218773
87.3,1875,-23.737070083618164,0.445360004901886,16.95001983642578,56.344627380371094,12743.068853435103,955.0425415039062,594.3110961914062,62.22875714302063,-0.039940476417541504,-0.02485446259379387,27.614587402343773
87.4,1875,-23.642501831054688,0.4458621144294739,16.9501953125,56.289146423339844,12744.3266282173,954.1119995117188,595.0399169921875,62.365829944610596,-0.03973263502120972,-0.024779586121439934,27.616082763671898
87.5,1875,-23.65755271911621,0.4472401440143585,16.949831008911133,56.25548553466797,12742.69000560914,953.52099609375,596.8023071289062,62.5893235206604,-0.03964051604270935,-0.024810731410980225,27.616296386718773
87.6,1875,-23.714752197265625,0.4464408755302429,16.949649810791016,56.265621185302734,12740.18960995778,953.6825561523438,595.618896484375,62.45462894439697,-0.03981531411409378,-0.024866504594683647,27.616387939453148
87.7,1875,-23.75459861755371,0.4454246163368225,16.948854446411133,56.310726165771484,12734.15485551159,954.4022827148438,593.9815673828125,62.23597526550293,-0.03999214991927147,-0.024889502674341202,27.616998291015648
87.8,1875,-23.74645233154297,0.4459473192691803,16.948152542114258,56.4046745300293,12727.323937788065,955.9550170898438,594.359619140625,62.17442750930786,-0.03995300456881523,-0.02484055422246456,27.617761230468773
87.9,1875,-23.725173950195312,0.44801855087280273,16.947229385375977,56.568824768066406,12717.893541135623,958.6848754882812,596.6776733398438,62.23918795585632,-0.03976212814450264,-0.02474762499332428,27.618768310546898
88,1871,-23.737964630126953,0.4496403932571411,16.947420120239258,56.68583679199219,12716.555334045759,960.6787109375,598.774658203125,62.32829689979553,-0.039644237607717514,-0.02470957674086094,27.619836425781273
88.1,1871,-23.76167869567871,0.44727373123168945,16.95131492614746,56.54228210449219,12727.3262691593,958.4660034179688,596.1275634765625,62.195998430252075,-0.03986005857586861,-0.024791361764073372,27.620050048828148
88.2,1871,-23.71152687072754,0.444988876581192,16.952505111694336,56.297943115234375,12730.453803673332,954.3911743164062,593.22802734375,62.15774416923523,-0.03997034206986427,-0.024844663217663765,27.620904541015648
88.3,1871,-23.66098403930664,0.4442118704319,16.95252799987793,56.10272979736328,12729.451314041551,951.0830688476562,592.1455688476562,62.26012706756592,-0.039958056062459946,-0.024877935647964478,27.620996093750023
88.4,1871,-23.623594284057617,0.4447362720966339,16.95104217529297,56.011207580566406,12721.068868760005,949.4483642578125,592.4541625976562,62.399834394454956,-0.0398741289973259,-0.02488138899207115,27.621209716796898
88.5,1871,-23.71529769897461,0.44576674699783325,16.949312210083008,56.01883316040039,12706.919776724488,949.480712890625,593.1664428710938,62.47272491455078,-0.039980847388505936,-0.024977125227451324,27.621148681640648
88.6,1871,-23.892858505249023,0.44578301906585693,16.94774627685547,56.15288543701172,12686.42352649706,951.6648559570312,592.2312622070312,62.23107576370239,-0.04034379497170448,-0.025106379762291908,27.622369384765648
88.7,1871,-23.859272003173828,0.4468345046043396,16.947572708129883,56.31280517578125,12676.432435062192,954.3653564453125,593.1607055664062,62.15236783027649,-0.04022395983338356,-0.02500014379620552,27.623132324218773
88.8,1871,-23.778568267822266,0.44711044430732727,16.949417114257812,56.34720993041992,12685.599386764887,955.0523681640625,593.9561767578125,62.19095587730408,-0.0400342121720314,-0.024897659197449684,27.623864746093773
88.9,1871,-23.705129623413086,0.44644421339035034,16.95067596435547,56.254119873046875,12696.407623818217,953.5453491210938,593.5764770507812,62.24942207336426,-0.03993609920144081,-0.024859990924596786,27.624322509765648
89,1856,-23.731840133666992,0.44683805108070374,16.94939422607422,56.24302291870117,12695.068251042734,953.28515625,594.0374145507812,62.31476664543152,-0.03995007649064064,-0.024894796311855316,27.625115966796898
89.1,1856,-23.827672958374023,0.4464661777019501,16.954381942749023,56.01906967163086,12677.339338473266,949.7686767578125,592.7141723632812,62.406158447265625,-0.04020095244050026,-0.02508786879479885,27.625695800781273
89.2,1856,-23.660348892211914,0.44221046566963196,16.959596633911133,55.208961486816406,12628.619508054377,936.3217163085938,584.8082885742188,62.45805025100708,-0.04045829921960831,-0.025269465520977974,27.625665283203148
89.3,1856,-23.569204330444336,0.43959906697273254,16.95756721496582,54.708248138427734,12586.737589472721,927.7188110351562,579.4267578125,62.45715618133545,-0.04067676141858101,-0.02540554851293564,27.625787353515648
89.4,1856,-23.413564682006836,0.4370311200618744,16.95686149597168,54.2689094543457,12560.013080986455,920.2304077148438,574.8189697265625,62.4646782875061,-0.040732067078351974,-0.02544315531849861,27.625848388671898
89.5,1856,-23.277305603027344,0.4340707063674927,16.95655059814453,53.857120513916016,12547.931915237888,913.2310180664062,570.3760375976562,62.456923723220825,-0.04081045836210251,-0.0254889577627182,27.625787353515648
89.6,1856,-23.204517364501953,0.43187668919563293,16.95656394958496,53.45433807373047,12540.733806544584,906.4019165039062,567.16748046875,62.57351040840149,-0.040912989526987076,-0.025600694119930267,27.626947021484398
89.7,1856,-23.134292602539062,0.4312807321548462,16.955751419067383,53.135684967041016,12530.692590628127,900.9554443359375,565.9313354492188,62.81457543373108,-0.04087826609611511,-0.025677509605884552,27.628533935546898
89.8,1856,-23.03700828552246,0.4302641749382019,16.95424461364746,52.90541458129883,12518.616087622033,896.9713134765625,564.0532836914062,62.88420557975769,-0.04084189981222153,-0.025683104991912842,27.629815673828148
89.9,1856,-22.996742248535156,0.42964592576026917,16.953201293945312,52.77715301513672,12500.519984082786,894.74169921875,562.4285888671875,62.85932660102844,-0.040888287127017975,-0.02570210210978985,27.631707763671898
90,1846,-22.95394515991211,0.4280751645565033,16.952632904052734,52.678096771240234,12487.614678602045,893.0324096679688,559.7938842773438,62.68460750579834,-0.041004281491041183,-0.025703372433781624,27.633172607421898
90.1,1846,-23.020164489746094,0.42532142996788025,16.95692253112793,52.3527717590332,12467.06830389303,887.7418823242188,555.2777099609375,62.54945397377014,-0.041457030922174454,-0.02593114599585533,27.635583496093773
90.2,1846,-23.050077438354492,0.4241858720779419,16.957088470458984,51.94391632080078,12429.223154607715,880.8175659179688,552.1140747070312,62.68199682235718,-0.041748762130737305,-0.026168957352638245,27.637506103515648
90.3,1846,-22.949214935302734,0.4245941638946533,16.954448699951172,51.782535552978516,12392.711549669793,877.9443359375,551.0220336914062,62.762755155563354,-0.04164845123887062,-0.026139715686440468,27.639215087890648
90.4,1846,-23.005430221557617,0.42273104190826416,16.95387077331543,51.639556884765625,12370.915559977906,875.4903564453125,547.6392822265625,62.55229115486145,-0.04200836271047592,-0.026277193799614906,27.640771484375023
90.5,1846,-22.960872650146484,0.42517441511154175,16.952829360961914,51.572200775146484,12355.253408009772,874.2947387695312,550.1072998046875,62.92011737823486,-0.04173889756202698,-0.02626216597855091,27.643090820312523
90.6,1846,-22.880578994750977,0.42268121242523193,16.953275680541992,51.473506927490234,12349.030978179026,872.64453125,546.6060791015625,62.63788342475891,-0.04185935854911804,-0.026219815015792847,27.645104980468773
90.7,1846,-22.78549575805664,0.4230487644672394,16.95372772216797,51.336585998535156,12350.497410686909,870.3464965820312,547.1463623046875,62.86534667015076,-0.04164424538612366,-0.02617979794740677,27.646386718750023
90.8,1846,-22.669677734375,0.4212561845779419,16.954315185546875,51.16901779174805,12352.944184799822,867.53564453125,544.9358520507812,62.81422972679138,-0.041600633412599564,-0.026131119579076767,27.647210693359398
90.9,1846,-22.714338302612305,0.4209577143192291,16.95355987548828,51.06442642211914,12349.475104399617,865.7238159179688,544.3968505859375,62.88343071937561,-0.041723862290382385,-0.026237396523356438,27.648522949218773
91,1837,-22.57021713256836,0.42180299758911133,16.952932357788086,51.00381088256836,12345.331092026387,864.6641845703125,545.3069458007812,63.065749406814575,-0.04138993099331856,-0.02610287070274353,27.650140380859398
91.1,1837,-22.56475830078125,0.4163224995136261,16.958763122558594,50.61977005004883,12337.56296306571,858.4486694335938,537.883056640625,62.65757083892822,-0.04195104539394379,-0.026285506784915924,27.650720214843773
91.2,1837,-22.456104278564453,0.4151136875152588,16.9605712890625,50.00119400024414,12311.24294748901,848.048828125,535.1771850585938,63.10688257217407,-0.041960131376981735,-0.026479730382561684,27.651483154296898
91.3,1837,-22.380224227905273,0.41110992431640625,16.95868682861328,49.60714340209961,12280.939784154414,841.2720336914062,528.7108154296875,62.84659504890442,-0.042329803109169006,-0.026602840051054955,27.651696777343773
91.4,1837,-22.22918701171875,0.4112134575843811,16.957351684570312,49.325836181640625,12254.947326236472,836.435546875,527.7246704101562,63.09208869934082,-0.042122699320316315,-0.02657609060406685,27.651757812500023
91.5,1837,-22.337419509887695,0.4104142487049103,16.95594024658203,49.12642288208008,12234.645745507309,832.9846801757812,525.8264770507812,63.12558650970459,-0.04248059168457985,-0.026816122233867645,27.652947998046898
91.6,1837,-22.244436264038086,0.408674031496048,16.95511245727539,49.00199890136719,12219.215564977225,830.8344116210938,522.9365234375,62.94112801551819,-0.042537543922662735,-0.026773609220981598,27.653863525390648
91.7,1837,-22.157960891723633,0.409689337015152,16.954444885253906,48.91376876831055,12207.575028392394,829.3057861328125,523.736328125,63.15358281135559,-0.042307473719120026,-0.026718685403466225,27.654809570312523
91.8,1837,-22.179977416992188,0.40831297636032104,16.95467185974121,48.80308532714844,12204.277303778084,827.4403076171875,521.8358154296875,63.066279888153076,-0.04250374808907509,-0.026805531233549118,27.655084228515648
91.9,1837,-22.10175132751465,0.40542498230934143,16.95513343811035,48.67961502075195,12204.149078360066,825.369384765625,518.139404296875,62.77667284011841,-0.04265599325299263,-0.02677801251411438,27.655389404296898
92,1837,-22.015058517456055,0.4058458209037781,16.955312728881836,48.53478240966797,12206.655302439516,822.9224243164062,518.7837524414062,63.04163932800293,-0.0424359031021595,-0.0267522893846035,27.656121826171898
92.1,1837,-22.02375602722168,0.40400800108909607,16.955732345581055,48.36540985107422,12209.075265783207,820.0709228515625,516.5369262695312,62.98685669898987,-0.042637333273887634,-0.026855915784835815,27.656549072265648
92.2,1837,-21.83966827392578,0.40210920572280884,16.95632553100586,48.152244567871094,12213.760156283352,816.485107421875,514.3065185546875,62.99030780792236,-0.042464304715394974,-0.026748396456241608,27.656945800781273
92.3,1837,-21.749055862426758,0.4021380543708801,16.956605911254883,47.94709396362305,12219.058197418748,813.0199584960938,514.5665283203125,63.290756940841675,-0.04226675257086754,-0.026750948280096054,27.657830810546898
92.4,1837,-21.645952224731445,0.39810582995414734,16.957834243774414,47.645263671875,12227.815993469403,807.9605102539062,509.7720947265625,63.09369206428528,-0.04246202111244202,-0.026790855452418327,27.659387207031273
92.5,1837,-21.46908187866211,0.39836782217025757,16.957538604736328,47.39098358154297,12230.526212532064,803.6344604492188,510.22064208984375,63.489145040512085,-0.042078036814928055,-0.026714984327554703,27.659967041015648
92.6,1837,-21.5634765625,0.3970748484134674,16.955890655517578,47.260948181152344,12216.470375346013,801.3514404296875,507.98016357421875,63.39043378829956,-0.04244944825768471,-0.026908887550234795,27.660028076171898
92.7,1837,-21.609783172607422,0.3967331051826477,16.95378303527832,47.28889465332031,12194.867889466772,801.7256469726562,506.6454772949219,63.19437026977539,-0.0426526740193367,-0.026954086497426033,27.659967041015648
92.8,1837,-21.639772415161133,0.39985281229019165,16.951950073242188,47.4355583190918,12171.768663253572,804.125244140625,509.6622314453125,63.38095664978027,-0.042459044605493546,-0.026910949498414993,27.660028076171898
92.9,1837,-21.79555892944336,0.402058482170105,16.951324462890625,47.582054138183594,12157.293179244916,806.578857421875,511.8641662597656,63.461148738861084,-0.042580746114254,-0.0270222295075655,27.660882568359398
93,1843,-21.88414764404297,0.4026498794555664,16.951566696166992,47.71955108642578,12149.470263060177,808.921142578125,512.2872314453125,63.32968473434448,-0.04271851107478142,-0.027053499594330788,27.661035156250023
93.1,1843,-21.90387535095215,0.40506458282470703,16.947782516479492,48.083518981933594,12150.373669414397,814.9089965820312,515.3977661132812,63.246047496795654,-0.04249897226691246,-0.026878921315073967,27.661309814453148
93.2,1843,-22.057880401611328,0.409330815076828,16.94554328918457,48.64646530151367,12163.598372754564,824.3407592773438,521.3929443359375,63.24968338012695,-0.04230567812919617,-0.026758205145597458,27.660821533203148
93.3,1843,-22.25562286376953,0.41225290298461914,16.946510314941406,49.064693450927734,12175.946480509734,831.475341796875,525.6480712890625,63.21871876716614,-0.042339399456977844,-0.026766424998641014,27.660882568359398
93.4,1843,-22.332839965820312,0.41266822814941406,16.947004318237305,49.44975662231445,12188.25495495388,838.0252685546875,526.7095336914062,62.85127401351929,-0.042400676757097244,-0.026649365201592445,27.660546875000023
93.5,1843,-22.30205726623535,0.41422468423843384,16.949806213378906,49.63754653930664,12214.64491166768,841.3468017578125,529.8408813476562,62.97532320022583,-0.04209199175238609,-0.02650756761431694,27.660089111328148
93.6,1843,-22.330570220947266,0.4138163924217224,16.951555252075195,49.68549346923828,12238.222068984402,842.2463989257812,530.34033203125,62.96736001968384,-0.04210611432790756,-0.026513108983635902,27.659906005859398
93.7,1843,-22.25867462158203,0.413687139749527,16.95191764831543,49.72151565551758,12256.811257540212,842.8750610351562,530.97998046875,62.996286153793335,-0.04191998764872551,-0.026408037170767784,27.659936523437523
93.8,1843,-22.340429306030273,0.4123900532722473,16.952495574951172,49.722904205322266,12267.821158205516,842.9273071289062,529.7905883789062,62.851279973983765,-0.04216841608285904,-0.026503387838602066,27.660516357421898
93.9,1843,-22.270305633544922,0.41322600841522217,16.952781677246094,49.71928024291992,12274.111197802127,842.880126953125,531.13671875,63.014501333236694,-0.041929516941308975,-0.026421677321195602,27.661614990234398
94,1865,-22.395179748535156,0.4132170081138611,16.95248794555664,49.707862854003906,12276.275875995401,842.6719360351562,531.2188110351562,63.039809465408325,-0.042158108204603195,-0.026576392352581024,27.662011718750023
94.1,1865,-22.323062896728516,0.4150875210762024,16.944089889526367,50.16794204711914,12289.913232044464,850.0501098632812,534.2162475585938,62.84526586532593,-0.041786566376686096,-0.026260878890752792,27.663171386718773
94.2,1865,-22.59615135192871,0.4216766357421875,16.9368953704834,51.34732437133789,12348.233649216074,869.6642456054688,545.271728515625,62.69910931587219,-0.04144016653299332,-0.02598261460661888,27.664727783203148
94.3,1865,-22.82523536682129,0.42673546075820923,16.93955421447754,52.13681411743164,12404.335766655968,883.1743774414062,554.3203735351562,62.764549255371094,-0.041176971048116684,-0.02584453858435154,27.665032958984398
94.4,1865,-23.0335693359375,0.43110421299934387,16.941322326660156,52.76479721069336,12442.82320871699,893.9054565429688,561.7328491210938,62.84030079841614,-0.0410044901072979,-0.02576734498143196,27.665368652343773
94.5,1865,-23.162004470825195,0.4335445463657379,16.94249725341797,53.29674530029297,12469.011501818817,902.97998046875,566.1015625,62.69259452819824,-0.040914926677942276,-0.025650629773736,27.665948486328148
94.6,1865,-23.241657257080078,0.43535301089286804,16.943735122680664,53.73531723022461,12492.290243617243,910.4769897460938,569.5242919921875,62.55229711532593,-0.04080889746546745,-0.025526901707053185,27.666680908203148
94.7,1865,-23.29872703552246,0.4367448091506958,16.944969177246094,54.0762939453125,12513.703888426311,916.3211059570312,572.3244018554688,62.458932399749756,-0.04070895537734032,-0.02542637661099434,27.667657470703148
94.8,1865,-23.36049461364746,0.4371168911457062,16.946941375732422,54.247379302978516,12538.824413501728,919.3271484375,573.9618530273438,62.43281960487366,-0.040700431913137436,-0.025410426780581474,27.668359375000023
94.9,1865,-23.387929916381836,0.4371741712093353,16.94792366027832,54.34584045410156,12557.604774498946,921.0491333007812,574.8968505859375,62.41760849952698,-0.04068195819854736,-0.02539270557463169,27.668664550781273
95,1871,-23.444438934326172,0.4371697008609772,16.9478816986084,54.482147216796875,12566.371896034549,923.3569946289062,575.2922973632812,62.304431200027466,-0.04075222089886665,-0.025390438735485077,27.668786621093773
95.1,1871,-23.44831657409668,0.4381901025772095,16.94595718383789,54.7216682434082,12582.312646865468,927.31103515625,577.3665771484375,62.26245164871216,-0.04061252623796463,-0.0252863559871912,27.669091796875023
95.2,1871,-23.46757698059082,0.43994826078414917,16.944751739501953,55.08737564086914,12607.611521840494,933.44189453125,580.8487548828125,62.22655177116394,-0.04040221869945526,-0.025140907615423203,27.669580078125023
95.3,1871,-23.455041885375977,0.44116833806037903,16.945528030395508,55.34797668457031,12627.98187802114,937.9006958007812,583.400634765625,62.20281720161438,-0.0402040034532547,-0.025008022785186768,27.669519042968773
95.4,1871,-23.48067283630371,0.44257432222366333,16.947298049926758,55.48126220703125,12650.539060421808,940.2575073242188,586.3053588867188,62.355828285217285,-0.04004853963851929,-0.024972598999738693,27.669641113281273
95.5,1871,-23.575992584228516,0.4425627589225769,16.9483642578125,55.52515411376953,12666.559077874777,941.060546875,587.032470703125,62.37988471984863,-0.04016130790114403,-0.025052577257156372,27.669671630859398
95.6,1871,-23.652799606323242,0.4416840970516205,16.94881248474121,55.5482063293457,12677.66922750326,941.4761352539062,586.380859375,62.283140420913696,-0.04033692181110382,-0.025123100727796555,27.669915771484398
95.7,1871,-23.608020782470703,0.44189897179603577,16.949188232421875,55.546016693115234,12682.545290444812,941.4598999023438,586.8917846679688,62.33847737312317,-0.04022550955414772,-0.025075970217585564,27.669671630859398
95.8,1871,-23.63697052001953,0.4425196349620819,16.948139190673828,55.627803802490234,12680.780442418632,942.7877807617188,587.6343383789062,62.32943534851074,-0.040223944932222366,-0.025071358308196068,27.669824218750023
95.9,1871,-23.662708282470703,0.44314679503440857,16.948280334472656,55.703887939453125,12681.032230512195,944.0850830078125,588.4788208007812,62.33323812484741,-0.04020995646715164,-0.025064168497920036,27.669976806640648
96,1875,-23.52901268005371,0.44359463453292847,16.949050903320312,55.69248962402344,12687.861982550101,943.934814453125,589.3908081054688,62.439775466918945,-0.039920903742313385,-0.024926522746682167,27.670831298828148
96.1,1875,-23.57447052001953,0.44502556324005127,16.946847915649414,55.80933380126953,12691.698253920087,945.7922973632812,591.4708251953125,62.53707408905029,-0.03985736891627312,-0.024925632402300835,27.671136474609398
96.2,1875,-23.686058044433594,0.44701912999153137,16.945728302001953,56.025325775146484,12694.227791711905,949.3899536132812,594.2388305664062,62.59164810180664,-0.03985949233174324,-0.024948714300990105,27.671655273437523
96.3,1875,-23.81627082824707,0.44694918394088745,16.945758819580078,56.246150970458984,12695.639436995725,953.1337280273438,594.2119140625,62.34297156333923,-0.04008043557405472,-0.02498733438551426,27.672052001953148
96.4,1875,-23.860610961914062,0.44684386253356934,16.94610595703125,56.42093276977539,12700.231072646402,956.1151123046875,594.2867431640625,62.15640306472778,-0.0401499979197979,-0.02495579421520233,27.673028564453148
96.5,1875,-23.827844619750977,0.44840267300605774,16.946556091308594,56.55180740356445,12706.852166958623,958.3583984375,596.6707763671875,62.259674072265625,-0.039934657514095306,-0.024863187223672867,27.673181152343773
96.6,1875,-23.819469451904297,0.44864869117736816,16.947660446166992,56.5968132019043,12718.173305684026,959.18359375,597.5300903320312,62.295693159103394,-0.039863213896751404,-0.024833066388964653,27.674157714843773
96.7,1875,-23.901168823242188,0.4479268193244934,16.94835662841797,56.593536376953125,12727.5675660823,959.1674194335938,597.00927734375,62.24244832992554,-0.040034834295511246,-0.024918662384152412,27.674523925781273
96.8,1875,-23.97400665283203,0.44760528206825256,16.94736671447754,56.663299560546875,12722.200749495421,960.293701171875,596.3291625976562,62.09862232208252,-0.04020263999700546,-0.024965286254882812,27.674493408203148
96.9,1875,-23.987503051757812,0.44774574041366577,16.946277618408203,56.816444396972656,12715.32670140402,962.8272705078125,596.1940307617188,61.92117929458618,-0.040234390646219254,-0.024913610890507698,27.674645996093773
97,1859,-23.951143264770508,0.44941696524620056,16.945833206176758,56.982059478759766,12711.19667725821,965.6084594726562,598.2249755859375,61.95315718650818,-0.040037017315626144,-0.024804197251796722,27.674645996093773
97.1,1859,-24.005834579467773,0.4476073384284973,16.954513549804688,56.666114807128906,12703.653525621874,960.7463989257812,595.4625854492188,61.97916269302368,-0.04031459987163544,-0.02498665079474449,27.674707031250023
97.2,1859,-23.923892974853516,0.443677693605423,16.958337783813477,55.87897491455078,12664.251020350446,947.614501953125,588.4041137695312,62.09319829940796,-0.040658947080373764,-0.02524643950164318,27.675561523437523
97.3,1859,-23.776412963867188,0.44120970368385315,16.956329345703125,55.38544845581055,12625.526944108897,939.1339111328125,583.3419189453125,62.114882469177246,-0.04075896367430687,-0.02531738393008709,27.676232910156273
97.4,1859,-23.599571228027344,0.4397110939025879,16.955041885375977,54.973899841308594,12597.376802111392,932.0847778320312,580.0643310546875,62.23300099372864,-0.040684401988983154,-0.02531912550330162,27.677056884765648
97.5,1859,-23.469707489013672,0.43742993474006653,16.95379638671875,54.639610290527344,12580.410247936325,926.3488159179688,576.27783203125,62.20959424972534,-0.040726374834775925,-0.025335712358355522,27.678979492187523
97.6,1859,-23.396011352539062,0.43579259514808655,16.95359230041504,54.34929656982422,12569.62532459536,921.4158325195312,573.6286010742188,62.25512623786926,-0.04078599065542221,-0.02539137192070484,27.679650878906273
97.7,1859,-23.31269073486328,0.4345148801803589,16.954078674316406,54.045372009277344,12567.70544038194,916.2894897460938,571.859375,62.41034269332886,-0.04076647385954857,-0.025442494079470634,27.680993652343773
97.8,1859,-23.178014755249023,0.43254226446151733,16.954483032226562,53.73354721069336,12148.515566538748,911.0245361328125,550.2757568359375,60.40186285972595,-0.04212072491645813,-0.02544170245528221,27.683557128906273
97.9,1859,-23.111539840698242,0.431735634803772,16.953401565551758,53.51249313354492,12334.401623668748,907.2188110351562,557.6536865234375,61.468493938446045,-0.04144424945116043,-0.0254751555621624,27.685968017578148
98,1849,-23.090476989746094,0.43046754598617554,16.951833724975586,53.40830612182617,12425.412528321333,905.3687133789062,560.118408203125,61.86633110046387,-0.04122427850961685,-0.02550394833087921,27.688378906250023
98.1,1849,-23.089035034179688,0.4291881024837494,16.956253051757812,53.00553894042969,12464.13077613479,898.7753295898438,560.1937866210938,62.32856512069702,-0.041216157376766205,-0.025689439848065376,27.690545654296898
98.2,1849,-22.84930419921875,0.42581069469451904,16.958593368530273,52.404327392578125,12468.638482420945,888.7036743164062,555.9864501953125,62.5615119934082,-0.041096869856119156,-0.025710824877023697,27.692559814453148
98.3,1849,-22.667755126953125,0.4238199293613434,16.957197189331055,51.96312713623047,12462.082666503351,881.1489868164062,553.0961303710938,62.769877910614014,-0.04098339006304741,-0.025725223124027252,27.694573974609398
98.4,1849,-22.492279052734375,0.4206441640853882,16.95716094970703,51.55082321166992,12456.665725434885,874.1555786132812,548.7130737304688,62.77064085006714,-0.04099096730351448,-0.02573029138147831,27.695977783203148
98.5,1849,-22.409751892089844,0.41721200942993164,16.95708656311035,51.13418197631836,12454.396135535959,867.0867309570312,544.1367797851562,62.7545952796936,-0.041184041649103165,-0.02584487944841385,27.698907470703148
98.6,1849,-22.40792465209961,0.4166911542415619,16.95585823059082,50.81318664550781,12443.671827847149,861.5811767578125,542.989501953125,63.022446632385254,-0.04126769304275513,-0.026007909327745438,27.700646972656273
98.7,1849,-22.345775604248047,0.41628503799438477,16.953523635864258,50.66740798950195,12421.818719559964,858.9910888671875,541.5076904296875,63.03996443748474,-0.04126585274934769,-0.026013977825641632,27.703881835937523
98.8,1849,-22.370101928710938,0.41468626260757446,16.952402114868164,50.599143981933594,12403.424200502419,857.7770385742188,538.629150390625,62.793612480163574,-0.04153154790401459,-0.02607915736734867,27.705957031250023
98.9,1849,-22.416309356689453,0.4163350462913513,16.951818466186523,50.550323486328125,12389.866111075404,856.919921875,540.1796264648438,63.03735375404358,-0.04149787873029709,-0.026159165427088737,27.708825683593773
99,1843,-22.389610290527344,0.41692832112312317,16.95045280456543,50.620357513427734,12373.75050740173,858.0379638671875,540.2457885742188,62.96291947364807,-0.04144338145852089,-0.02609396167099476,27.710504150390648
99.1,1843,-22.57547378540039,0.4165809750556946,16.952804565429688,50.55483627319336,12352.687733963785,857.0462646484375,538.8768310546875,62.87605166435242,-0.04189356788992882,-0.026341021060943604,27.712304687500023
99.2,1843,-22.432723999023438,0.4176888167858124,16.95391082763672,50.35146713256836,12330.1993270146,853.654296875,539.3262329101562,63.17853331565857,-0.04159397631883621,-0.026278464123606682,27.713769531250023
99.3,1843,-22.363929748535156,0.4150685966014862,16.953752517700195,50.171138763427734,12321.710804341783,850.5890502929688,535.5740356445312,62.96507120132446,-0.04175693541765213,-0.026292284950613976,27.714837646484398
99.4,1843,-22.25659942626953,0.41548874974250793,16.95396614074707,50.004600524902344,12316.602769962179,847.7763061523438,535.8939208984375,63.21170926094055,-0.041531726717948914,-0.02625291608273983,27.716485595703148
99.5,1843,-22.275808334350586,0.41250336170196533,16.95353126525879,49.87273406982422,12309.919894312185,845.5189819335938,531.7546997070312,62.89092302322388,-0.04189113527536392,-0.026345722377300262,27.718316650390648
99.6,1843,-22.192768096923828,0.4140821397304535,16.953155517578125,49.77848815917969,12309.406992640112,843.9024658203125,533.7676391601562,63.249921798706055,-0.04157758131623268,-0.026297789067029953,27.719415283203148
99.7,1843,-22.150615692138672,0.41189044713974,16.953523635864258,49.635623931884766,12308.198176653883,841.4987182617188,530.8903198242188,63.08866739273071,-0.041723523288965225,-0.02632281556725502,27.720483398437523
99.8,1843,-22.08683204650879,0.41252586245536804,16.953330993652344,49.530696868896484,12305.59636635373,839.7103271484375,531.596923828125,63.30718398094177,-0.04154808074235916,-0.026302918791770935,27.721795654296898
99.9,1843,-22.1562557220459,0.4104994535446167,16.952363967895508,49.459877014160156,12297.948303011743,838.4618530273438,528.6568603515625,63.05079460144043,-0.04191046580672264,-0.02642488293349743,27.723504638671898
100,1824,-22.201974868774414,0.4129772484302521,16.951372146606445,49.4937858581543,12286.97220722937,838.9876098632812,531.3731689453125,63.33504319190979,-0.04178226739168167,-0.026462817564606667,27.724420166015648
100.1,1824,-22.258224487304688,0.40828123688697815,16.95924186706543,49.03151321411133,12269.701409107913,831.5372924804688,524.5924682617188,63.087064027786255,-0.04242955520749092,-0.026767559349536896,27.725030517578148
100.2,1824,-21.969602584838867,0.40325087308883667,16.965547561645508,47.96754455566406,12222.883977618169,813.795654296875,516.1520385742188,63.42526078224182,-0.042564209550619125,-0.026996461674571037,27.726464843750023
100.3,1824,-21.74059295654297,0.4002296030521393,16.962766647338867,47.298316955566406,12174.286544189205,802.310302734375,510.248046875,63.59734535217285,-0.04260789230465889,-0.027097485959529877,27.728662109375023
100.4,1824,-21.63071060180664,0.3974349796772003,16.960590362548828,46.79825973510742,12135.463384670096,793.7261352539062,505.0694274902344,63.63270878791809,-0.04282720386981964,-0.027252109721302986,27.730950927734398
100.5,1824,-21.616722106933594,0.39591941237449646,16.957361221313477,46.54852294921875,12093.122185954811,789.340087890625,501.3879089355469,63.519883155822754,-0.043113768100738525,-0.027385814115405083,27.733453369140648
100.6,1824,-21.508935928344727,0.394491970539093,16.956523895263672,46.350067138671875,12066.506086231053,785.93603515625,498.4806823730469,63.42509388923645,-0.043148986995220184,-0.027367286384105682,27.734857177734398
100.7,1824,-21.394515991210938,0.39328882098197937,16.956504821777344,46.14891815185547,12053.350158342368,782.5243530273438,496.4185485839844,63.43809366226196,-0.043097738176584244,-0.02734038420021534,27.736566162109398
100.8,1824,-21.35455894470215,0.390656441450119,16.95648765563965,45.96437454223633,12047.816648712065,779.3943481445312,492.8695068359375,63.23750019073486,-0.043327003717422485,-0.027398914098739624,27.738061523437523
100.9,1824,-21.242738723754883,0.3888472616672516,16.95665168762207,45.772491455078125,12044.642486773302,776.148193359375,490.4577331542969,63.19124698638916,-0.04331206902861595,-0.027369435876607895,27.739129638671898
101,1799,-21.211246490478516,0.3888147473335266,16.95563507080078,45.63631057739258,12036.137644501829,773.7926025390625,490.0704345703125,63.33355903625488,-0.04328203946352005,-0.02741205506026745,27.739923095703148
101.1,1799,-21.210668563842773,0.38503652811050415,16.963565826416016,45.07370376586914,12012.645582235244,764.6107177734375,484.3610534667969,63.347405195236206,-0.0437910296022892,-0.02774048037827015,27.740655517578148
101.2,1799,-21.026010513305664,0.37706291675567627,16.97184181213379,43.727027893066406,11941.784719181436,742.128173828125,471.5325622558594,63.53788375854492,-0.044590793550014496,-0.028332047164440155,27.742883300781273
101.3,1799,-20.597261428833008,0.37389636039733887,16.968372344970703,42.86125183105469,11869.230114924168,727.2857055664062,464.7318115234375,63.899487257003784,-0.04432074725627899,-0.028320729732513428,27.743127441406273
101.4,1799,-20.326168060302734,0.3696316182613373,16.965978622436523,42.162010192871094,11818.958756947255,715.3197631835938,457.485107421875,63.95532488822937,-0.04443022981286049,-0.02841549925506115,27.743707275390648
101.5,1799,-20.233097076416016,0.3660491406917572,16.96420669555664,41.600589752197266,11782.669797962439,705.7210083007812,451.66009521484375,63.999807834625244,-0.044797178357839584,-0.028670107945799828,27.744317626953148
101.6,1799,-19.938512802124023,0.36353540420532227,16.96257209777832,41.16761016845703,11754.52082165055,698.3085327148438,447.4868469238281,64.08153176307678,-0.044556647539138794,-0.02855258248746395,27.744378662109398
101.7,1799,-19.947824478149414,0.36176201701164246,16.960987091064453,40.846492767333984,11726.454609017565,692.7968139648438,444.24066162109375,64.12279009819031,-0.044903192669153214,-0.028793180361390114,27.744439697265648
101.8,1799,-19.76249885559082,0.36122074723243713,16.95947265625,40.629337310791016,11701.681458256415,689.0521240234375,442.6388854980469,64.2388105392456,-0.04464700073003769,-0.028680702671408653,27.744805908203148
101.9,1799,-19.879541397094727,0.36149418354034424,16.95792579650879,40.53907775878906,11677.868832444785,687.4586791992188,442.0725402832031,64.30532336235046,-0.04496895894408226,-0.028917435556650162,27.745294189453148
102,1774,-19.89920425415039,0.3597751557826996,16.95670509338379,40.49589157104492,11657.400558672198,686.6768798828125,439.19915771484375,63.9600932598114,-0.04530792683362961,-0.028978992253541946,27.745416259765648
102.1,1774,-19.79230499267578,0.35989856719970703,16.964021682739258,40.081443786621094,11634.759446907008,679.9425048828125,438.49652099609375,64.49023485183716,-0.045136746019124985,-0.029108792543411255,27.745477294921898
102.2,1774,-19.7052059173584,0.35226190090179443,16.97141456604004,38.902992248535156,11551.215924325565,660.2388305664062,426.1102600097656,64.53880667686462,-0.04624438285827637,-0.029845573008060455,27.745294189453148
102.3,1774,-19.469852447509766,0.3498276174068451,16.96665382385254,38.30970001220703,11459.821509104542,649.9874267578125,419.8175354003906,64.58856463432312,-0.04637693986296654,-0.029954198747873306,27.744592285156273
102.4,1774,-19.21314811706543,0.34699133038520813,16.96417236328125,37.885982513427734,11401.051137284248,642.704345703125,414.27825927734375,64.45860266685486,-0.04637739807367325,-0.029894225299358368,27.744226074218773
102.5,1774,-19.02958869934082,0.3438572287559509,16.96303367614746,37.54955291748047,11367.052750539486,636.954345703125,409.3121643066406,64.26083445549011,-0.046491626650094986,-0.02987590804696083,27.744439697265648
102.6,1774,-18.970109939575195,0.34099236130714417,16.962594985961914,37.254947662353516,11345.840769342392,631.9406127929688,405.1445007324219,64.1111671924591,-0.04682306945323944,-0.030018819496035576,27.744714355468773
102.7,1774,-18.82299041748047,0.338667094707489,16.961776733398438,37.00422668457031,11329.621419648687,627.6574096679688,401.8065490722656,64.016854763031,-0.046845901757478714,-0.029989274218678474,27.745477294921898
102.8,1774,-18.81583023071289,0.33883246779441833,16.96030616760254,36.877742767333984,11310.109008083145,625.4578247070312,401.3104248046875,64.16266560554504,-0.04688597470521927,-0.030083293095231056,27.747399902343773
102.9,1774,-18.77703857421875,0.3407507836818695,16.95964241027832,36.79437255859375,11296.047342469003,624.0194091796875,403.0806884765625,64.59425687789917,-0.04658382013440132,-0.030090471729636192,27.748071289062523
103,1752,-18.69864845275879,0.3420325815677643,16.958667755126953,36.75736618041992,11283.160687958158,623.35595703125,404.1353759765625,64.83219861984253,-0.046268280595541,-0.02999674342572689,27.748468017578148
103.1,1752,-18.647275924682617,0.3378593623638153,16.966285705566406,36.2625846862793,11258.840988902544,615.2413940429688,398.343994140625,64.74596858024597,-0.046811994165182114,-0.030308878049254417,27.749230957031273
103.2,1752,-18.590299606323242,0.3299046456813812,16.97176170349121,35.231082916259766,11191.859527586603,597.9335327148438,386.6511535644531,64.66456651687622,-0.04808029159903526,-0.031090913340449333,27.749719238281273
103.3,1752,-18.218847274780273,0.3256315290927887,16.96930503845215,34.58185577392578,11128.159471286312,586.830078125,379.4708251953125,64.6645188331604,-0.04801119118928909,-0.031046206131577492,27.750207519531273
103.4,1752,-18.13805389404297,0.324009507894516,16.96672248840332,34.14820861816406,11077.186370567153,579.3831787109375,375.8511047363281,64.87090587615967,-0.04825861379504204,-0.03130580112338066,27.750787353515648
103.5,1752,-17.88335418701172,0.32092925906181335,16.965444564819336,33.80509948730469,11042.781159541588,573.5185546875,371.1217346191406,64.7096335887909,-0.04818729683756828,-0.03118182346224785,27.751763916015648
103.6,1752,-17.624412536621094,0.31890037655830383,16.964468002319336,33.49728775024414,11021.104069782772,568.263671875,368.0516357421875,64.76776003837585,-0.0478857047855854,-0.031014498323202133,27.752587890625023
103.7,1752,-17.760019302368164,0.3183550238609314,16.96337127685547,33.309181213378906,11005.06540135991,565.0360107421875,366.8875427246094,64.93170857429504,-0.04840725660324097,-0.0314316600561142,27.752618408203148
103.8,1752,-17.617694854736328,0.3157605528831482,16.963010787963867,33.13322067260742,10989.462699358312,562.0391845703125,363.3816223144531,64.654141664505,-0.04848262667655945,-0.03134602680802345,27.752618408203148
103.9,1752,-17.483516693115234,0.31566885113716125,16.962244033813477,33.02440643310547,10973.443847590961,560.1680297851562,362.7465515136719,64.75673913955688,-0.048197608441114426,-0.03121119923889637,27.752679443359398
104,1727,-17.40174102783203,0.3169876039028168,16.962093353271484,32.917327880859375,10966.862386589764,558.3468017578125,364.04351806640625,65.20025134086609,-0.047801267355680466,-0.031166546046733856,27.752893066406273
104.1,1727,-17.463024139404297,0.3103734850883484,16.97030258178711,32.321014404296875,10956.09145147622,548.4973754882812,356.09747314453125,64.92236256599426,-0.04904001206159592,-0.031837932765483856,27.753869628906273
104.2,1727,-17.112468719482422,0.30183884501457214,16.976415634155273,31.13849449157715,10880.847610497422,528.6199951171875,343.9271545410156,65.06131887435913,-0.04975608363747597,-0.03237196430563927,27.754388427734398
104.3,1727,-16.801633834838867,0.2988891899585724,16.972110748291016,30.46498680114746,10792.210041763794,517.0551147460938,337.7919006347656,65.32995700836182,-0.04973960295319557,-0.03249485790729523,27.756066894531273
104.4,1727,-16.527292251586914,0.29655492305755615,16.96851921081543,30.062557220458984,10721.106716101369,510.1170654296875,332.9456787109375,65.26848077774048,-0.04963960498571396,-0.0323990173637867,27.757348632812523
104.5,1727,-16.48778533935547,0.2952686846256256,16.965669631958008,29.85189437866211,10664.732993912401,506.4573669433594,329.75848388671875,65.11080861091614,-0.049999576061964035,-0.03255512937903404,27.758294677734398
104.6,1727,-16.505268096923828,0.2966729700565338,16.963838577270508,29.76873779296875,10626.245551851376,504.9920654296875,330.131103515625,65.37352204322815,-0.04999610036611557,-0.032684214413166046,27.759027099609398
104.7,1727,-16.339275360107422,0.2960270047187805,16.963027954101562,29.72943115234375,10601.17398557193,504.3011779785156,328.63507080078125,65.16643166542053,-0.049718599766492844,-0.03239983692765236,27.759454345703148
104.8,1727,-16.32258415222168,0.2946261763572693,16.96356773376465,29.628698348999023,10591.914944705384,502.6084289550781,326.7942810058594,65.01965522766113,-0.0499475821852684,-0.03247574716806412,27.760400390625023
104.9,1727,-16.31688690185547,0.2949630916118622,16.963693618774414,29.520919799804688,10591.054668719044,500.7838439941406,327.1413879394531,65.32586812973022,-0.04987717047333717,-0.03258269280195236,27.762109375000023
105,1702,-16.2020206451416,0.29290464520454407,16.963577270507812,29.41640853881836,10591.524440023239,499.00750732421875,324.872802734375,65.1037871837616,-0.04987189173698425,-0.032468490302562714,27.762414550781273
105.1,1702,-16.3918399810791,0.2880399823188782,16.9727783203125,28.779579162597656,10568.147780632871,488.46942138671875,318.7720642089844,65.2593731880188,-0.051421817392110825,-0.03355755656957626,27.762628173828148
105.2,1702,-15.954730033874512,0.27987241744995117,16.976184844970703,27.788991928100586,10475.194843740115,471.7510681152344,307.0087890625,65.07856249809265,-0.05196831375360489,-0.03382023051381111,27.762475585937523
105.3,1702,-15.72280502319336,0.2776576280593872,16.97226905822754,27.23011016845703,10385.347293334642,462.1567687988281,301.9668273925781,65.33861756324768,-0.05206798389554024,-0.034020502120256424,27.762506103515648
105.4,1702,-15.500663757324219,0.27592089772224426,16.969303131103516,26.885669708251953,10320.063070279015,456.2310791015625,298.19171142578125,65.35979509353638,-0.05198220908641815,-0.03397546708583832,27.763116455078148
105.5,1702,-15.356199264526367,0.27536842226982117,16.96745491027832,26.67136001586914,10275.952360795076,452.54510498046875,296.3226318359375,65.47914147377014,-0.051822565495967865,-0.033932968974113464,27.764245605468773
105.6,1702,-15.22600269317627,0.27423712611198425,16.966461181640625,26.511030197143555,10247.13894368073,449.7983703613281,294.2778015136719,65.42438268661499,-0.05174023658037186,-0.03385072946548462,27.764855957031273
105.7,1702,-15.144671440124512,0.2734815776348114,16.965885162353516,26.39518165588379,10226.174087834725,447.817626953125,292.8666076660156,65.3986394405365,-0.05171183869242668,-0.03381883725523949,27.766809082031273
105.8,1702,-15.141769409179688,0.27316874265670776,16.96562385559082,26.284259796142578,10215.768012319726,445.9288635253906,292.23394775390625,65.53375720977783,-0.05181386321783066,-0.03395557031035423,27.767724609375023
105.9,1702,-15.166187286376953,0.27170515060424805,16.96531867980957,26.19169807434082,10210.478130983658,444.3504943847656,290.5176696777344,65.38029909133911,-0.052204009145498276,-0.034131135791540146,27.769219970703148
106,1686,-15.233620643615723,0.27123376727104187,16.96505355834961,26.106372833251953,10204.403743226443,442.8960266113281,289.84112548828125,65.44225215911865,-0.05255851894617081,-0.034395478665828705,27.771630859375023
106.1,1686,-15.15263557434082,0.2677587568759918,16.970659255981445,25.77666473388672,10190.231337478557,437.4469909667969,285.7303161621094,65.317702293396,-0.05303124710917473,-0.034638792276382446,27.772515869140648
106.2,1686,-14.82663345336914,0.26166602969169617,16.972341537475586,25.181886672973633,10135.895233750463,427.39556884765625,277.7397766113281,64.9842381477356,-0.05338318273425102,-0.03469065576791763,27.773675537109398
106.3,1686,-14.63338851928711,0.2586507201194763,16.970142364501953,24.835960388183594,10082.262038450232,421.46978759765625,273.0865478515625,64.793860912323,-0.053585171699523926,-0.03471989929676056,27.774163818359398
106.4,1686,-14.608211517333984,0.2587894797325134,16.968477249145508,24.630329132080078,10043.825886556417,417.9391784667969,272.19140625,65.12703895568848,-0.05366889387369156,-0.03495296090841293,27.775537109375023
106.5,1686,-14.436015129089355,0.2577730417251587,16.967634201049805,24.461610794067383,10021.325822751047,415.0556640625,270.51495361328125,65.17558693885803,-0.053364939987659454,-0.03478091210126877,27.776696777343773
106.6,1686,-14.40160846710205,0.25490376353263855,16.967914581298828,24.28581428527832,10010.7262434234,412.0796203613281,267.2209167480469,64.84691500663757,-0.05389401689171791,-0.03494860604405403,27.777093505859398
106.7,1686,-14.432397842407227,0.25564292073249817,16.967395782470703,24.156904220581055,10001.92997974734,409.8797607421875,267.76031494140625,65.32655358314514,-0.05390043929219246,-0.03521129861474037,27.777459716796898
106.8,1686,-14.311182975769043,0.2538735866546631,16.966915130615234,24.031784057617188,9993.746866706531,407.7452392578125,265.6895446777344,65.16067385673523,-0.05386430397629738,-0.03509834408760071,27.778131103515648
106.9,1686,-14.330754280090332,0.25277212262153625,16.96649742126465,23.950754165649414,9984.928455003723,406.36041259765625,264.30340576171875,65.04161953926086,-0.05422084778547287,-0.03526611998677254,27.779718017578148
107,1680,-14.460189819335938,0.25551003217697144,16.96526527404785,23.96109390258789,9970.089277082141,406.5063171386719,266.7691650390625,65.62485098838806,-0.054204877465963364,-0.0355718694627285,27.781549072265648
107.1,1680,-14.322211265563965,0.2518811821937561,16.967559814453125,23.83790397644043,9954.50172899358,404.4710693359375,262.5692443847656,64.91669416427612,-0.05454641580581665,-0.035409729927778244,27.782861328125023
107.2,1680,-14.391627311706543,0.2527090013027191,16.9672794342041,23.696441650390625,9927.47064518969,402.06414794921875,262.71685791015625,65.34202694892883,-0.05477999150753021,-0.03579435497522354,27.783990478515648
107.3,1680,-14.206075668334961,0.25010550022125244,16.966537475585938,23.60919189453125,9905.995219042848,400.5662536621094,259.4477844238281,64.77025747299194,-0.05475504696369171,-0.03546498343348503,27.785211181640648
107.4,1680,-14.27122974395752,0.25224506855010986,16.965795516967773,23.601764678955078,9887.54707844686,400.4226989746094,261.1799621582031,65.22606015205383,-0.05464136227965355,-0.0356404110789299,27.786706542968773
107.5,1680,-14.122967720031738,0.24977077543735504,16.965333938598633,23.60191535949707,9875.97531731351,400.41436767578125,258.31536865234375,64.51200842857361,-0.05467335507273674,-0.03527088090777397,27.786920166015648
107.6,1680,-14.201579093933105,0.25230541825294495,16.965404510498047,23.594099044799805,9872.176347883313,400.283447265625,260.8363342285156,65.1629090309143,-0.05444632098078728,-0.03547880798578262,27.787591552734398
107.7,1680,-14.115211486816406,0.25025463104248047,16.965312957763672,23.590866088867188,9869.593188553052,400.2264404296875,258.6485290527344,64.62554931640625,-0.054572947323322296,-0.035268064588308334,27.788568115234398
107.8,1680,-14.123554229736328,0.25279369950294495,16.9646053314209,23.647085189819336,9863.753103605124,401.1634826660156,261.1181335449219,65.09020924568176,-0.05408874899148941,-0.03520648181438446,27.789208984375023
107.9,1680,-14.167499542236328,0.25233396887779236,16.964508056640625,23.688047409057617,9859.067047419361,401.8560791015625,260.5194396972656,64.82904553413391,-0.05438173562288284,-0.03525516018271446,27.790185546875023
108,1680,-14.16894245147705,0.25302809476852417,16.96463966369629,23.724727630615234,9857.924675513379,402.4814453125,261.205810546875,64.89884853363037,-0.05424435809254646,-0.0352039635181427,27.791772460937523
108.1,1680,-14.278641700744629,0.25510480999946594,16.964750289916992,23.741003036499023,9860.349301599545,402.76019287109375,263.4144287109375,65.40229916572571,-0.0542059950530529,-0.035451967269182205,27.792443847656273
108.2,1680,-14.187322616577148,0.25331512093544006,16.965417861938477,23.72760581970215,9863.810222200422,402.5487365722656,261.65826416015625,65.00039100646973,-0.054220810532569885,-0.03524373844265938,27.793176269531273
108.3,1680,-14.305850982666016,0.2549382448196411,16.96525764465332,23.731008529663086,9867.606860259384,402.6026611328125,263.4361877441406,65.43329358100891,-0.054304804652929306,-0.03553342446684837,27.794274902343773
108.4,1680,-14.172796249389648,0.2515949606895447,16.96581268310547,23.70795249938965,9874.033285073341,402.22467041015625,260.1507873535156,64.67797756195068,-0.05447915941476822,-0.035236019641160965,27.796075439453148
108.5,1680,-14.263158798217773,0.2536940276622772,16.965347290039062,23.688671112060547,9873.908556712178,401.88653564453125,262.31793212890625,65.27163982391357,-0.05437355861067772,-0.03549051284790039,27.796899414062523
108.6,1680,-14.137093544006348,0.2511371970176697,16.965635299682617,23.669994354248047,9874.102060524825,401.57647705078125,259.67926025390625,64.66495394706726,-0.05444059520959854,-0.03520398586988449,27.797448730468773
108.7,1680,-14.174213409423828,0.2531864047050476,16.965452194213867,23.65333366394043,9873.942361595111,401.28948974609375,261.7939453125,65.23817181587219,-0.05414263531565666,-0.035321664065122604,27.798547363281273
108.8,1680,-14.136138916015625,0.2513062655925751,16.965909957885742,23.618358612060547,9875.940346744961,400.7069396972656,259.9024658203125,64.86098170280457,-0.05439016968011856,-0.03527799993753433,27.799890136718773
108.9,1680,-14.154183387756348,0.2526474893093109,16.966135025024414,23.547142028808594,9881.48201617459,399.5039978027344,261.4361877441406,65.44018983840942,-0.054140109568834305,-0.035429392009973526,27.801446533203148
109,1680,-13.998575210571289,0.2502342462539673,16.96638298034668,23.483436584472656,9882.51248226121,398.4289855957031,258.96600341796875,64.99677896499634,-0.054055649787187576,-0.03513443097472191,27.801934814453148
109.1,1680,-14.001853942871094,0.2505229413509369,16.966407775878906,23.428308486938477,9883.706144334401,397.4942321777344,259.29608154296875,65.23266434669495,-0.053999483585357666,-0.03522530198097229,27.803094482421898
109.2,1680,-13.96310806274414,0.24855411052703857,16.966163635253906,23.386547088623047,9883.123301525226,396.7799987792969,257.2431335449219,64.83268737792969,-0.054279811680316925,-0.03519105911254883,27.805047607421898
109.3,1680,-13.950023651123047,0.2496538907289505,16.965940475463867,23.352230072021484,9879.516670222054,396.1925354003906,258.2870788574219,65.19230604171753,-0.05400976538658142,-0.03521021082997322,27.807122802734398
109.4,1680,-13.988353729248047,0.24936050176620483,16.96556282043457,23.341808319091797,9875.945009487434,396.0069274902344,257.8902587890625,65.12266397476196,-0.054241497069597244,-0.03532350808382034,27.809075927734398
109.5,1680,-13.948335647583008,0.24942311644554138,16.96533203125,23.340038299560547,9871.059621060935,395.97149658203125,257.8274230957031,65.11262059211731,-0.05409950390458107,-0.035225603729486465,27.811517333984398
109.6,1680,-14.113523483276367,0.2510320246219635,16.965070724487305,23.368053436279297,9867.079970359891,396.440673828125,259.38592529296875,65.42868614196777,-0.05441129580140114,-0.03560059517621994,27.813012695312523
109.7,1680,-14.051216125488281,0.25056806206703186,16.9652099609375,23.39544105529785,9864.428035578147,396.9085693359375,258.8369445800781,65.21323919296265,-0.05428597703576088,-0.03540164604783058,27.814538574218773
109.8,1680,-14.201032638549805,0.2528897821903229,16.96530532836914,23.39293098449707,9866.96107042682,396.86822509765625,261.3023376464844,65.84108471870422,-0.05434712767601013,-0.03578273952007294,27.816033935546898
109.9,1680,-14.096908569335938,0.2500884234905243,16.965272903442383,23.39617347717285,9864.950262735167,396.9224548339844,258.3551330566406,65.08957147598267,-0.05456407368183136,-0.035515520721673965,27.816125488281273
110,1680,-14.234071731567383,0.25301942229270935,16.964567184448242,23.450664520263672,9860.45071624834,397.83038330078125,261.2637939453125,65.67215919494629,-0.05448160693049431,-0.03577924892306328,27.816796875000023
110.1,1680,-14.188543319702148,0.25175023078918457,16.964208602905273,23.524768829345703,9853.952018926046,399.0790710449219,259.78192138671875,65.09535312652588,-0.054617129266262054,-0.0355532132089138,27.817041015625023
110.2,1680,-14.18974781036377,0.25306880474090576,16.964366912841797,23.583391189575195,9853.308560464719,400.0773010253906,261.1255187988281,65.2687668800354,-0.05434071645140648,-0.035467516630887985,27.816461181640648
110.3,1680,-14.247312545776367,0.25317874550819397,16.964271545410156,23.643402099609375,9852.944866551792,401.09307861328125,261.22930908203125,65.12934565544128,-0.05453948676586151,-0.035521212965250015,27.816125488281273
110.4,1680,-14.188241958618164,0.2529083788394928,16.96457862854004,23.6768798828125,9855.21911919319,401.6683044433594,261.0105895996094,64.98162746429443,-0.05435887724161148,-0.03532328084111214,27.816033935546898
110.5,1680,-14.362060546875,0.2550905644893646,16.964584350585938,23.709911346435547,9856.364988156029,402.2287902832031,263.2933044433594,65.45858979225159,-0.054547764360904694,-0.03570619598031044,27.816247558593773
110.6,1680,-14.222419738769531,0.2525177597999573,16.965269088745117,23.703777313232422,9864.245022936066,402.1409606933594,260.84613037109375,64.86435532569885,-0.054524172097444534,-0.03536675125360489,27.815881347656273
110.7,1680,-14.273309707641602,0.25398093461990356,16.965673446655273,23.668121337890625,9872.264939990306,401.5456237792969,262.57086181640625,65.39004445075989,-0.054359838366508484,-0.03554592281579971,27.815850830078148
110.8,1680,-14.159333229064941,0.25114503502845764,16.96610450744629,23.621051788330078,9878.371966944836,400.7572326660156,259.7996520996094,64.8271918296814,-0.054500967264175415,-0.035331446677446365,27.815270996093773
110.9,1680,-14.321032524108887,0.2534560263156891,16.966205596923828,23.556047439575195,9881.00991349916,399.65673828125,262.26031494140625,65.62138795852661,-0.05460617318749428,-0.03583333268761635,27.813348388671898
111,1680,-14.239645957946777,0.2506762742996216,16.965829849243164,23.510643005371094,9879.320835038172,398.8775634765625,259.33966064453125,65.01736044883728,-0.05490732192993164,-0.03569928929209709,27.811944580078148
111.1,1680,-14.258920669555664,0.2523895502090454,16.965272903442383,23.511476516723633,9875.1360236683,398.87860107421875,261.0015563964844,65.43382406234741,-0.054631557315588,-0.03574751690030098,27.811242675781273
111.2,1680,-14.23359489440918,0.2507452666759491,16.96514320373535,23.521432876586914,9870.679607549351,399.0444641113281,259.18414306640625,64.95118737220764,-0.05491692200303078,-0.03566919267177582,27.810510253906273
111.3,1680,-14.212903022766113,0.252554714679718,16.965158462524414,23.525075912475586,9868.83898995798,399.10662841796875,261.00579833984375,65.39750695228577,-0.05445435643196106,-0.03561179339885712,27.810266113281273
111.4,1680,-14.211152076721191,0.25171688199043274,16.965227127075195,23.54578971862793,9867.862145409803,399.45965576171875,260.11419677734375,65.11650681495667,-0.05463428422808647,-0.03557593747973442,27.808679199218773
111.5,1680,-14.160862922668457,0.2511405348777771,16.96571922302246,23.54054069519043,9869.439318051429,399.3822021484375,259.5600891113281,64.99040126800537,-0.05455716699361801,-0.03545692190527916,27.807153320312523
111.6,1680,-14.250456809997559,0.2525660991668701,16.965192794799805,23.5346622467041,9867.352740794584,399.27008056640625,260.978271484375,65.36384224891663,-0.054604001343250275,-0.0356912724673748,27.805871582031273
111.7,1680,-14.123971939086914,0.2511753737926483,16.965208053588867,23.54655647277832,9864.539941397508,399.47222900390625,259.46722412109375,64.95250463485718,-0.05443451181054115,-0.03535658121109009,27.805718994140648
111.8,1680,-14.250100135803223,0.2532361149787903,16.965009689331055,23.557722091674805,9864.305638588221,399.656982421875,261.58978271484375,65.45357704162598,-0.05447498708963394,-0.035655826330184937,27.805200195312523
111.9,1680,-14.036591529846191,0.25115731358528137,16.96523666381836,23.555267333984375,9866.226688487259,399.6206970214844,259.492919921875,64.93480801582336,-0.05409238487482071,-0.03512478619813919,27.804284667968773
112,1696,-14.120146751403809,0.25372278690338135,16.96561622619629,23.5078125,9872.693912297858,398.82452392578125,262.3153991699219,65.77212810516357,-0.0538288913667202,-0.03540441021323204,27.802941894531273
112.1,1696,-14.038615226745605,0.25344717502593994,16.96071434020996,23.79734992980957,9888.441159316133,403.62005615234375,262.4483947753906,65.02362489700317,-0.053490955382585526,-0.03478175774216652,27.802484130859398
112.2,1696,-14.309793472290039,0.2586442232131958,16.959022521972656,24.27484130859375,9940.136985118668,411.6775817871094,269.2301940917969,65.39831161499023,-0.05315077304840088,-0.03475971147418022,27.802178955078148
112.3,1696,-14.422111511230469,0.26049163937568665,16.961101531982422,24.513015747070312,9990.198519684278,415.76776123046875,272.5188293457031,65.54592847824097,-0.05292152240872383,-0.03468790277838707,27.801477050781273
112.4,1696,-14.53292179107666,0.2595425248146057,16.96237564086914,24.641069412231445,10023.269020676835,417.9710693359375,272.42474365234375,65.17788767814636,-0.05334655940532684,-0.03477016091346741,27.801599121093773
112.5,1696,-14.651144027709961,0.2596401274204254,16.962669372558594,24.77324867248535,10039.586287962482,420.2204284667969,272.9708251953125,64.95896577835083,-0.05367292836308479,-0.034865379333496094,27.801446533203148
112.6,1696,-14.799426078796387,0.26192837953567505,16.962671279907227,24.883989334106445,10048.74391418023,422.09893798828125,275.62774658203125,65.29932618141174,-0.05369352549314499,-0.035061512142419815,27.801507568359398
112.7,1696,-14.903718948364258,0.2648793160915375,16.962270736694336,25.034883499145508,10051.29210294194,424.6484680175781,278.8037109375,65.65517783164978,-0.053455956280231476,-0.035096604377031326,27.801599121093773
112.8,1696,-14.852378845214844,0.2649833559989929,16.962331771850586,25.15872573852539,10052.981181402927,426.7506408691406,278.9600830078125,65.36840796470642,-0.053241949528455734,-0.03480341285467148,27.801507568359398
112.9,1696,-14.9448881149292,0.26515427231788635,16.962602615356445,25.272945404052734,10055.572500532517,428.6949157714844,279.21197509765625,65.13069272041321,-0.05352523922920227,-0.03486135974526405,27.801904296875023
113,1762,-15.129661560058594,0.2671717405319214,16.96260643005371,25.389602661132812,10057.125193776157,430.673828125,281.3798522949219,65.3347909450531,-0.05376952886581421,-0.03513020649552345,27.801751708984398
113.1,1762,-15.277949333190918,0.27425622940063477,16.95292854309082,26.04378890991211,10084.24020694457,441.51849365234375,289.6198425292969,65.59630632400513,-0.05275173857808113,-0.034603193402290344,27.801660156250023
113.2,1762,-15.434423446655273,0.2875743508338928,16.936569213867188,27.917146682739258,10214.416982688059,472.8206787109375,307.604248046875,65.05727767944336,-0.0501762330532074,-0.03264329209923744,27.801507568359398
113.3,1762,-16.053449630737305,0.3023805022239685,16.93484115600586,29.912105560302734,10437.722713852674,506.5567626953125,330.5126953125,65.24692177772522,-0.048571355640888214,-0.03169131651520729,27.801477050781273
113.4,1762,-16.52091407775879,0.3071995973587036,16.94404411315918,30.997465133666992,10638.390830308954,525.222412109375,342.2356262207031,65.16013145446777,-0.04827350750565529,-0.03145508095622063,27.801446533203148
113.5,1762,-16.73727798461914,0.31062236428260803,16.95012855529785,31.65623664855957,10780.621961031788,536.5772705078125,350.67529296875,65.35410284996033,-0.047728706151247025,-0.03119266964495182,27.801446533203148
113.6,1762,-16.87668800354004,0.3132765293121338,16.953413009643555,32.088985443115234,10874.034178058171,544.017822265625,356.7361755371094,65.57435989379883,-0.04730859398841858,-0.03102230653166771,27.801416015625023
113.7,1762,-17.193603515625,0.3153783977031708,16.954914093017578,32.421730041503906,10928.732810013573,549.7076416015625,360.9361267089844,65.65965414047241,-0.047636136412620544,-0.031277723610401154,27.801354980468773
113.8,1762,-17.311626434326172,0.3158389925956726,16.955713272094727,32.7071418762207,10962.193815688277,554.5729370117188,362.5699768066406,65.3782308101654,-0.047746993601322174,-0.03121614083647728,27.801477050781273
113.9,1762,-17.472755432128906,0.31961798667907715,16.955799102783203,32.98638153076172,10980.437961301055,559.3104858398438,367.51873779296875,65.70925712585449,-0.04754248633980751,-0.031239815056324005,27.801507568359398
114,1812,-17.76329803466797,0.3198372423648834,16.956296920776367,33.22507095336914,10992.812879825446,563.3741455078125,368.1853332519531,65.35360813140869,-0.04824553430080414,-0.03153019770979881,27.801751708984398
114.1,1812,-17.777231216430664,0.3257603645324707,16.944379806518555,34.13675308227539,11018.780858345403,578.4260864257812,375.8896789550781,64.98491168022156,-0.04729374498128891,-0.030733797699213028,27.801782226562523
114.2,1812,-18.329648971557617,0.3429514765739441,16.92620086669922,36.42798614501953,11135.238680046545,616.58740234375,399.9086608886719,64.85838890075684,-0.04583458602428436,-0.029727576300501823,27.801934814453148
114.3,1812,-18.819252014160156,0.3534964621067047,16.931718826293945,38.17429733276367,11303.0671012627,646.3564453125,418.41766357421875,64.73481059074402,-0.04497719556093216,-0.02911590225994587,27.802423095703148
114.4,1812,-19.16301918029785,0.36025023460388184,16.939037322998047,39.27336883544922,11443.27460175208,665.2530517578125,431.7011413574219,64.89277482032776,-0.044389549642801285,-0.028805607929825783,27.803094482421898
114.5,1812,-19.63152503967285,0.36221832036972046,16.944272994995117,39.99845504760742,11546.506554427437,677.7447509765625,437.9753112792969,64.62246179580688,-0.044823359698057175,-0.028965957462787628,27.803430175781273
114.6,1812,-19.712635040283203,0.36438941955566406,16.947853088378906,40.46906280517578,11623.459290522735,685.8637084960938,443.53692626953125,64.66837525367737,-0.04444418102502823,-0.028741328045725822,27.803979492187523
114.7,1812,-19.91246223449707,0.36360064148902893,16.95054054260254,40.761260986328125,11679.82135585552,690.9254150390625,444.7228698730469,64.36626315116882,-0.044774990528821945,-0.028819987550377846,27.804864501953148
114.8,1812,-19.894073486328125,0.3674781024456024,16.952136993408203,40.973079681396484,11717.313302398474,694.5812377929688,450.908203125,64.91798758506775,-0.04412000998854637,-0.028641823679208755,27.805413818359398
114.9,1812,-19.955772399902344,0.3669813871383667,16.95267677307129,41.14297866821289,11741.479130952463,697.483642578125,451.2274169921875,64.69361782073975,-0.044225532561540604,-0.02861109748482704,27.806115722656273
115,1865,-20.164411544799805,0.36819618940353394,16.95288848876953,41.30488967895508,11754.379773690729,700.2371826171875,453.218505859375,64.72356915473938,-0.044491589069366455,-0.028796544298529625,27.806176757812523
115.1,1865,-20.246061325073242,0.3754245638847351,16.939329147338867,42.25660705566406,11775.77010478743,715.798583984375,462.95697021484375,64.67698812484741,-0.04373205825686455,-0.028284579515457153,27.806268310546898
115.2,1865,-20.665939331054688,0.39142119884490967,16.916706085205078,44.853694915771484,11880.262163616222,758.7767944335938,486.9664001464844,64.17781710624695,-0.04243812337517738,-0.027235861867666245,27.806207275390648
115.3,1865,-21.351791381835938,0.40318697690963745,16.919958114624023,47.0772819519043,12040.285153931914,796.545654296875,508.360595703125,63.820648193359375,-0.04200126975774765,-0.026805484667420387,27.806298828125023
115.4,1865,-21.74285888671875,0.41106659173965454,16.927698135375977,48.59733963012695,12176.148144121707,822.64111328125,524.1441040039062,63.714802265167236,-0.0414825938642025,-0.026430552825331688,27.806329345703148
115.5,1865,-22.09945297241211,0.41515761613845825,16.933366775512695,49.686431884765625,12277.769119272505,841.3585815429688,533.7785034179688,63.442450761795044,-0.04140191525220871,-0.026266390457749367,27.806329345703148
115.6,1865,-22.37262725830078,0.41993439197540283,16.93812370300293,50.490535736083984,12358.026574095824,855.2149658203125,543.449462890625,63.54537010192871,-0.041167814284563065,-0.026160238310694695,27.806329345703148
115.7,1865,-22.469207763671875,0.42353203892707825,16.94109535217285,51.05821990966797,12419.995587252866,864.982177734375,550.853759765625,63.68383169174194,-0.04078978672623634,-0.025976497679948807,27.806207275390648
115.8,1865,-22.58553695678711,0.4253203868865967,16.94231605529785,51.54448318481445,12461.026555333126,873.2828979492188,555.0072021484375,63.55411410331726,-0.04069413244724274,-0.025862794369459152,27.806359863281273
115.9,1865,-22.737550735473633,0.4267265498638153,16.94316864013672,51.97202682495117,12487.095948501881,880.57080078125,558.007080078125,63.368791341781616,-0.04074778035283089,-0.025821376591920853,27.805963134765648
116,1900,-22.893795013427734,0.4274096190929413,16.944337844848633,52.31679153442383,12506.198038729763,886.473388671875,559.7553100585938,63.14405798912048,-0.040899649262428284,-0.025825699791312218,27.806298828125023
116.1,1900,-23.001689910888672,0.43056488037109375,16.93538475036621,53.11064529418945,12531.017816915646,899.44921875,565.0066528320312,62.816959619522095,-0.04071047529578209,-0.025573084130883217,27.806359863281273
116.2,1900,-23.319290161132812,0.44354575872421265,16.918292999267578,55.340919494628906,12616.405454145317,936.2738647460938,586.0068359375,62.58925199508667,-0.03979354724287987,-0.02490648254752159,27.806359863281273
116.3,1900,-23.773855209350586,0.45188069343566895,16.922700881958008,56.95107650756836,12719.468382406012,963.7660522460938,601.8958740234375,62.452489137649536,-0.039498284459114075,-0.024667661637067795,27.806481933593773
116.4,1900,-23.992572784423828,0.45435523986816406,16.927921295166016,58.13703536987305,12803.49683020469,984.13916015625,609.1900024414062,61.900800466537476,-0.0393843837082386,-0.024379247799515724,27.806451416015648
116.5,1900,-24.276641845703125,0.45923417806625366,16.93223762512207,59.003173828125,12871.712752590463,999.0557861328125,619.0121459960938,61.95971965789795,-0.03921836242079735,-0.024299586191773415,27.806573486328148
116.6,1900,-24.46363067626953,0.4629550576210022,16.9349308013916,59.68764877319336,12922.188105550586,1010.8062133789062,626.4746704101562,61.97772026062012,-0.039049673825502396,-0.024202097207307816,27.806481933593773
116.7,1900,-24.613935470581055,0.4641818106174469,16.93686294555664,60.211265563964844,12960.232587076638,1019.7899780273438,629.9840087890625,61.77586317062378,-0.0390707291662693,-0.02413627877831459,27.806420898437523
116.8,1900,-24.670696258544922,0.46665066480636597,16.938400268554688,60.64491271972656,12991.13141576221,1027.227783203125,634.8446655273438,61.801743507385254,-0.0388609953224659,-0.024016771465539932,27.806665039062523
116.9,1900,-24.68147850036621,0.46928614377975464,16.939794540405273,60.982051849365234,13016.995648262135,1033.0234375,639.7011108398438,61.92513108253479,-0.038582827895879745,-0.023892467841506004,27.807061767578148
117,1906,-24.745895385742188,0.4691161811351776,16.941104888916016,61.199867248535156,13037.40214069695,1036.7933349609375,640.471923828125,61.77430748939514,-0.03863697126507759,-0.023867720738053322,27.807458496093773
117.1,1906,-24.825132369995117,0.47143447399139404,16.93756866455078,61.6488151550293,13050.545246043832,1044.1810302734375,644.285888671875,61.702507734298706,-0.038531236350536346,-0.02377473935484886,27.807733154296898
117.2,1906,-24.986135482788086,0.47442591190338135,16.936262130737305,62.21919250488281,13072.751557073378,1053.760498046875,649.4773559570312,61.63424849510193,-0.03847113996744156,-0.023711398243904114,27.808129882812523
117.3,1906,-25.056711196899414,0.4772026836872101,16.937183380126953,62.66295623779297,13093.750217802313,1061.333984375,654.3280639648438,61.65147423744202,-0.038293804973363876,-0.023608695715665817,27.808343505859398
117.4,1906,-25.030704498291016,0.479342520236969,16.93868637084961,63.00080871582031,13113.76620555498,1067.1510009765625,658.2669067382812,61.684513092041016,-0.038025159388780594,-0.023455636575818062,27.808709716796898
117.5,1906,-24.97421646118164,0.479874849319458,16.940046310424805,63.21453857421875,13133.848637387895,1070.857177734375,660.007080078125,61.633533239364624,-0.037839315831661224,-0.02332170493900776,27.809320068359398
117.6,1906,-24.945314407348633,0.48075637221336365,16.94148063659668,63.348121643066406,13149.90595678065,1073.2109375,662.0279541015625,61.68665289878845,-0.03768015280365944,-0.023243626579642296,27.809045410156273
117.7,1906,-25.0401668548584,0.4806635081768036,16.94202995300293,63.45218276977539,13160.702536977798,1075.0087890625,662.4434814453125,61.622148752212524,-0.03779970109462738,-0.023292988538742065,27.810235595703148
117.8,1906,-25.155792236328125,0.48054951429367065,16.942703247070312,63.5172233581543,13171.698449415682,1076.1534423828125,662.8397216796875,61.593419313430786,-0.03795154392719269,-0.023375654593110085,27.811059570312523
117.9,1906,-25.20735740661621,0.47972702980041504,16.943458557128906,63.52280807495117,13180.633429680327,1076.2960205078125,662.1541137695312,61.521559953689575,-0.03806871548295021,-0.023420467972755432,27.811212158203148
118,1903,-25.238075256347656,0.47955089807510376,16.943838119506836,63.51401901245117,13186.17276773872,1076.1712646484375,662.189208984375,61.5319550037384,-0.03811308741569519,-0.023451726883649826,27.811212158203148
118.1,1903,-25.259567260742188,0.4808621406555176,16.944005966186523,63.53297805786133,13177.864926336748,1076.503173828125,663.5814819335938,61.64231300354004,-0.038065508008003235,-0.023464461788535118,27.811791992187523
118.2,1903,-25.279531478881836,0.4809432923793793,16.94367218017578,63.55073928833008,13161.952151960668,1076.7828369140625,662.8920288085938,61.562275886535645,-0.038135215640068054,-0.02347690612077713,27.811975097656273
118.3,1903,-25.306814193725586,0.4809271991252899,16.942943572998047,63.59562301635742,13149.133107215686,1077.4970703125,662.2242431640625,61.45949363708496,-0.03821486979722977,-0.0234866663813591,27.812890625000023
118.4,1903,-25.4455623626709,0.48038503527641296,16.941781997680664,63.73255157470703,13135.772018658172,1079.7430419921875,660.8055419921875,61.20026111602783,-0.0385068841278553,-0.023566313087940216,27.813348388671898
118.5,1903,-25.43717384338379,0.4815777838230133,16.94189453125,63.8678092956543,13131.05682033195,1082.041748046875,662.20849609375,61.19990348815918,-0.03841263800859451,-0.023508496582508087,27.813592529296898
118.6,1903,-25.49021339416504,0.48164641857147217,16.942106246948242,63.959285736083984,13132.51043029803,1083.60498046875,662.3761596679688,61.127084493637085,-0.03848298639059067,-0.02352352812886238,27.813806152343773
118.7,1903,-25.50474739074707,0.4833015501499176,16.941354751586914,64.10930633544922,13127.896646620606,1086.0985107421875,664.4188842773438,61.17482781410217,-0.038386549800634384,-0.023482903838157654,27.814385986328148
118.8,1903,-25.501237869262695,0.4848021864891052,16.94141960144043,64.25513458251953,13124.995255116537,1088.5732421875,666.3345947265625,61.211735010147095,-0.038270920515060425,-0.023426296189427376,27.814874267578148
118.9,1903,-25.527414321899414,0.48613616824150085,16.941909790039062,64.35198974609375,13128.789561804262,1090.24560546875,668.3612060546875,61.30372881889343,-0.03819403797388077,-0.02341436967253685,27.814965820312523
119,1890,-25.590181350708008,0.48609885573387146,16.942562103271484,64.39656066894531,13133.720411969878,1091.042724609375,668.5609130859375,61.27724647521973,-0.038276515901088715,-0.02345479279756546,27.814630126953148
119.1,1890,-25.578144073486328,0.4843544065952301,16.948942184448242,64.10462951660156,13130.427350098042,1086.505615234375,665.99462890625,61.29693388938904,-0.03840593248605728,-0.023541657254099846,27.813775634765648
119.2,1890,-25.43063735961914,0.4803512990474701,16.952333450317383,63.45317459106445,13101.161646963776,1075.6793212890625,659.0181884765625,61.26529574394226,-0.03858867287635803,-0.023641465231776237,27.812402343750023
119.3,1890,-25.2897891998291,0.4771697223186493,16.95205307006836,62.948001861572266,13081.011605364998,1067.097900390625,653.6463012695312,61.254578828811646,-0.03869032487273216,-0.023699596524238586,27.811151123046898
119.4,1890,-25.22220230102539,0.4763382077217102,16.950368881225586,62.58019256591797,13061.074884234376,1060.75732421875,651.5128173828125,61.41958832740784,-0.03871328756213188,-0.023777542635798454,27.811181640625023
119.5,1890,-25.124902725219727,0.4761119782924652,16.94887924194336,62.35307693481445,13040.379301766212,1056.8148193359375,650.1715087890625,61.521804332733154,-0.038643497973680496,-0.023774178698658943,27.810998535156273
119.6,1890,-25.032363891601562,0.4732203185558319,16.94887351989746,62.10054397583008,13031.27296571567,1052.5343017578125,645.771484375,61.353957653045654,-0.03876350447535515,-0.023782944306731224,27.810479736328148
119.7,1890,-24.98320770263672,0.4721226990222931,16.948959350585938,61.8580207824707,13026.614885984749,1048.4290771484375,644.0433349609375,61.429363489151,-0.03879119083285332,-0.023829182609915733,27.809228515625023
119.8,1890,-24.917728424072266,0.47235989570617676,16.948253631591797,61.69390869140625,13017.169335419268,1045.60400390625,643.899658203125,61.581599712371826,-0.03869815543293953,-0.023830940946936607,27.807672119140648
119.9,1890,-24.83872413635254,0.4708152413368225,16.94782829284668,61.563106536865234,13009.849995421655,1043.3609619140625,641.4331665039062,61.47758960723877,-0.038723789155483246,-0.023806452751159668,27.806390380859398
120,1881,-24.78152084350586,0.46902793645858765,16.948972702026367,61.36116027832031,13012.54389488566,1040.0086669921875,639.1304931640625,61.45434379577637,-0.038773804903030396,-0.023828187957406044,27.806268310546898
120.1,1881,-24.644681930541992,0.4673168957233429,16.955055236816406,60.78443145751953,13012.469291006086,1030.6033935546875,636.7952270507812,61.78858280181885,-0.03870110958814621,-0.023912867531180382,27.805963134765648
120.2,1881,-24.56023597717285,0.4619711637496948,16.957441329956055,59.970794677734375,12987.300972820316,1016.9512329101562,628.2932739257812,61.78204417228699,-0.03909040242433548,-0.024150850251317024,27.806359863281273
120.3,1881,-24.456575393676758,0.4597233235836029,16.955608367919922,59.41895294189453,12960.72450640758,1007.4844970703125,623.9566650390625,61.9321346282959,-0.0391959510743618,-0.02427488937973976,27.805200195312523
120.4,1881,-24.240177154541016,0.45740166306495667,16.955453872680664,58.912689208984375,12946.671000592767,998.891357421875,620.1324462890625,62.082070112228394,-0.03908870741724968,-0.024267079308629036,27.802911376953148
120.5,1881,-24.09760856628418,0.45268309116363525,16.956018447875977,58.35128402709961,12939.208281264098,989.4054565429688,613.3814086914062,61.994946002960205,-0.039286501705646515,-0.02435564622282982,27.801995849609398
120.6,1881,-23.88296890258789,0.4514794945716858,16.954849243164062,57.898948669433594,12928.486304946526,981.66796875,611.2435913085938,62.26581931114197,-0.03907275199890137,-0.024328969419002533,27.801568603515648
120.7,1881,-23.86699867248535,0.44843682646751404,16.95354652404785,57.53782653808594,12913.07827244319,975.47021484375,606.4006958007812,62.16496229171753,-0.039358463138341904,-0.02446717396378517,27.800927734375023
120.8,1881,-23.87734031677246,0.44872042536735535,16.950437545776367,57.39262771606445,12886.971577334649,972.8301391601562,605.5574340820312,62.246984243392944,-0.03943035006523132,-0.02454420179128647,27.799645996093773
120.9,1881,-23.940006256103516,0.4486777186393738,16.948637008666992,57.40232849121094,12860.088535604289,972.8912353515625,604.2366943359375,62.10731863975525,-0.03962024673819542,-0.02460707351565361,27.798638916015648
121,1862,-24.02910041809082,0.4504657983779907,16.946725845336914,57.523399353027344,12830.790193272709,974.833251953125,605.2626342773438,62.0888352394104,-0.03970028832554817,-0.024649446830153465,27.797753906250023
121.1,1862,-24.005504608154297,0.449720174074173,16.958101272583008,56.974185943603516,12803.140130405474,966.1740112304688,602.9586181640625,62.40683197975159,-0.039812859147787094,-0.024845942854881287,27.796655273437523
121.2,1862,-23.888193130493164,0.4451392889022827,16.96083641052246,56.074092864990234,12745.192732631735,951.0635375976562,594.1156005859375,62.468552589416504,-0.040207989513874054,-0.02511734701693058,27.796533203125023
121.3,1862,-23.852649688720703,0.4420194625854492,16.95755958557129,55.53862762451172,12692.909401277551,941.799560546875,587.5315551757812,62.383925914764404,-0.040598075836896896,-0.025326672941446304,27.796441650390648
121.4,1862,-23.679107666015625,0.4391550123691559,16.956031799316406,55.11711502075195,12656.829100018418,934.5675659179688,582.0648803710938,62.281733751297,-0.04068121686577797,-0.025336967781186104,27.796197509765648
121.5,1862,-23.643991470336914,0.43824195861816406,16.954795837402344,54.81157302856445,12631.910238554976,929.3190307617188,579.7110595703125,62.38020062446594,-0.04078581929206848,-0.025442276149988174,27.796594238281273
121.6,1862,-23.622995376586914,0.43794700503349304,16.95341682434082,54.58888626098633,12608.94739755912,925.4681396484375,578.267822265625,62.48381733894348,-0.04085130617022514,-0.025525454431772232,27.796105957031273
121.7,1862,-23.642484664916992,0.4384134113788605,16.951547622680664,54.521053314208984,12586.701453218553,924.2162475585938,577.8623046875,62.52458095550537,-0.040913697332143784,-0.02558111771941185,27.796197509765648
121.8,1862,-23.636205673217773,0.4386741518974304,16.950639724731445,54.49600601196289,12570.070616501569,923.7421875,577.4420166015625,62.51116991043091,-0.04093260318040848,-0.025587448850274086,27.795465087890648
121.9,1862,-23.560314178466797,0.43861356377601624,16.950815200805664,54.45355987548828,12563.146443928577,923.0322265625,577.0442504882812,62.51615285873413,-0.04082930460572243,-0.025524908676743507,27.794976806640648
122,1849,-23.428237915039062,0.43731823563575745,16.952068328857422,54.34794998168945,12567.856979512326,921.3101806640625,575.5557861328125,62.47144937515259,-0.04070541635155678,-0.025429261848330498,27.793481445312523
122.1,1849,-23.250642776489258,0.43246951699256897,16.961549758911133,53.64486312866211,12574.880235362876,909.9000244140625,569.492431640625,62.588465213775635,-0.0408269539475441,-0.025552963837981224,27.792443847656273
122.2,1849,-22.988571166992188,0.42678529024124146,16.962955474853516,52.7805061340332,12550.440470688574,895.3133544921875,560.9149780273438,62.650126218795776,-0.040984056890010834,-0.025676563382148743,27.792077636718773
122.3,1849,-22.81157684326172,0.42233046889305115,16.960981369018555,52.149017333984375,12521.506987955538,884.49853515625,553.7804565429688,62.60954141616821,-0.04119245335459709,-0.02579040639102459,27.791711425781273
122.4,1849,-22.788982391357422,0.41952604055404663,16.959209442138672,51.6700553894043,12492.586327764304,876.2832641601562,548.8325805664062,62.631869316101074,-0.04152264818549156,-0.026006409898400307,27.791680908203148
122.5,1849,-22.627214431762695,0.41990140080451965,16.95777130126953,51.32442855834961,12466.77105406035,870.347900390625,548.1884765625,62.98498511314392,-0.04127633944153786,-0.025997895747423172,27.791802978515648
122.6,1849,-22.520858764648438,0.41825178265571594,16.95705223083496,51.01512908935547,12449.112082627984,865.0662231445312,545.261474609375,63.03117871284485,-0.041302863508462906,-0.026033682748675346,27.792016601562523
122.7,1849,-22.457998275756836,0.4155322313308716,16.956867218017578,50.708621978759766,12441.826547513303,859.859375,541.3990478515625,62.96367049217224,-0.041481416672468185,-0.026118222624063492,27.792199707031273
122.8,1849,-22.477802276611328,0.4147390127182007,16.955968856811523,50.478416442871094,12430.890085041954,855.9104614257812,539.8905639648438,63.07792663574219,-0.04163399711251259,-0.026261862367391586,27.792291259765648
122.9,1849,-22.414073944091797,0.4148982763290405,16.95477294921875,50.34790802001953,12415.811941568612,853.6373291015625,539.4427490234375,63.19343447685242,-0.041550420224666595,-0.026257138699293137,27.792810058593773
123,1944,-22.415294647216797,0.41369789838790894,16.953914642333984,50.26832962036133,12402.764422442433,852.2449951171875,537.3168334960938,63.047224283218384,-0.04171709343791008,-0.026301469653844833,27.793725585937523
123.1,1944,-22.492862701416016,0.4176267683506012,16.94354248046875,50.7558708190918,12395.793622444708,859.9842529296875,542.1148071289062,63.03775906562805,-0.041490957140922546,-0.02615497075021267,27.794213867187523
123.2,1944,-22.785287857055664,0.4322480261325836,16.917591094970703,53.166236877441406,12459.445885634646,899.4446411132812,563.9756469726562,62.70265579223633,-0.040401190519332886,-0.02533261850476265,27.794580078125023
123.3,1944,-23.377376556396484,0.45083755254745483,16.893930435180664,56.99808883666992,12611.409325585075,962.9217529296875,595.40478515625,61.83314323425293,-0.03926299884915352,-0.024277545511722565,27.794885253906273
123.4,1944,-24.235326766967773,0.4701836407184601,16.88763999938965,61.185752868652344,12829.337748992246,1033.282958984375,631.6846923828125,61.13376021385193,-0.038366176187992096,-0.023454684764146805,27.795709228515648
123.5,1944,-25.02583885192871,0.4824284315109253,16.898427963256836,64.2048110961914,13026.361932205567,1084.9603271484375,658.0890502929688,60.65558195114136,-0.0380280427634716,-0.02306613139808178,27.795617675781273
123.6,1944,-25.500171661376953,0.49183011054992676,16.907073974609375,66.4793930053711,13181.324681252006,1123.9720458984375,678.895263671875,60.40143966674805,-0.03756127506494522,-0.022687550634145737,27.796319580078148
123.7,1944,-25.808515548706055,0.5007151365280151,16.91335105895996,68.25749969482422,13304.366295325583,1154.4630126953125,697.611328125,60.42734384536743,-0.036995548754930496,-0.022355427965521812,27.796594238281273
123.8,1944,-26.119335174560547,0.5047793984413147,16.91842269897461,69.61302947998047,13400.810460645293,1177.74267578125,708.3718872070312,60.146576166152954,-0.03687234967947006,-0.022177455946803093,27.796563720703148
123.9,1944,-26.250852584838867,0.5091044306755066,16.922393798828125,70.65680694580078,13479.497736940695,1195.6822509765625,718.6364135742188,60.1026177406311,-0.03652869910001755,-0.02195470593869686,27.796838378906273
124,1862,-26.361570358276367,0.5124619603157043,16.92605972290039,71.41163635253906,13545.09319805642,1208.7176513671875,726.8959350585938,60.137778520584106,-0.03626594692468643,-0.0218095351010561,27.796533203125023
124.1,1862,-26.49114418029785,0.5077874064445496,16.94556427001953,71.02700805664062,13577.621655236446,1203.5927734375,721.9951171875,59.98666286468506,-0.036691583693027496,-0.02201005630195141,27.796533203125023
124.2,1862,-26.274566650390625,0.4977553188800812,16.975053787231445,68.55261993408203,13517.211163751135,1163.6844482421875,704.5821533203125,60.54752469062805,-0.037290990352630615,-0.022578774020075798,27.796685791015648
124.3,1862,-25.743446350097656,0.48093199729919434,16.995214462280273,64.88762664794922,13368.156109418487,1102.7791748046875,673.2615356445312,61.051350831985474,-0.03823691979050636,-0.02334415353834629,27.797601318359398
124.4,1862,-25.10402488708496,0.46776777505874634,16.987802505493164,62.04157638549805,13193.057307000689,1053.9500732421875,646.2556762695312,61.31748557090759,-0.03884534537792206,-0.02381899021565914,27.797875976562523
124.5,1862,-24.680444717407227,0.45913487672805786,16.97884750366211,59.96818542480469,13052.479118484673,1018.190673828125,627.5696411132812,61.635762453079224,-0.039327021688222885,-0.024239512160420418,27.797967529296898
124.6,1862,-24.262624740600586,0.4522554576396942,16.97239875793457,58.395591735839844,12947.132612097634,991.11328125,613.17724609375,61.867523193359375,-0.0395686961710453,-0.024480173364281654,27.798913574218773
124.7,1862,-23.979883193969727,0.4475064277648926,16.96799659729004,57.172908782958984,12868.201707507997,970.1097412109375,603.0394897460938,62.16198801994324,-0.03976503014564514,-0.02471873350441456,27.800195312500023
124.8,1862,-23.76769256591797,0.4420155882835388,16.96488380432129,56.18760681152344,12807.077816424257,953.2162475585938,592.8109741210938,62.19061017036438,-0.040093205869197845,-0.024934209883213043,27.801416015625023
124.9,1862,-23.515155792236328,0.43730422854423523,16.96161651611328,55.45380783081055,12754.441282327714,940.5862426757812,584.0819091796875,62.0976448059082,-0.04026003181934357,-0.02500053122639656,27.801782226562523
125,1849,-23.43865966796875,0.4343169331550598,16.95894432067871,54.894126892089844,12708.570387560068,930.9464111328125,578.005615234375,62.0879590511322,-0.04055091738700867,-0.025177236646413803,27.802606201171898
125.1,1849,-23.308504104614258,0.4305066168308258,16.963672637939453,54.10978698730469,12663.08999747457,917.9006958007812,570.8843383789062,62.194567918777466,-0.04082876816391945,-0.025393273681402206,27.803643798828148
125.2,1849,-23.135286331176758,0.42666229605674744,16.964693069458008,53.14411544799805,12604.186737493785,901.5736083984375,563.1547241210938,62.46352791786194,-0.04108158126473427,-0.025661006569862366,27.804528808593773
125.3,1849,-23.015640258789062,0.424715131521225,16.961429595947266,52.48051834106445,12549.458963397925,890.1445922851562,558.1505737304688,62.7033531665802,-0.0412355400621891,-0.02585606835782528,27.804864501953148
125.4,1849,-22.844560623168945,0.4240838587284088,16.958356857299805,52.0717887878418,12502.0773400689,883.052001953125,555.2167358398438,62.87475228309631,-0.04114530235528946,-0.025870006531476974,27.805078125000023
125.5,1849,-22.760883331298828,0.4211271107196808,16.956298828125,51.78732681274414,12465.150751050845,878.1213989257812,549.7172241210938,62.60150671005249,-0.041404712945222855,-0.025919973850250244,27.805871582031273
125.6,1849,-22.821950912475586,0.42039117217063904,16.95472526550293,51.61839294433594,12435.868728317922,875.1756591796875,547.4674682617188,62.55515217781067,-0.04168640449643135,-0.026076994836330414,27.806359863281273
125.7,1849,-22.817581176757812,0.42226067185401917,16.95359992980957,51.51295852661133,12412.511885583066,873.330078125,548.8692626953125,62.847864627838135,-0.041571978479623795,-0.026127098128199577,27.806329345703148
125.8,1849,-22.71209716796875,0.4207407534122467,16.953569412231445,51.41503143310547,12401.380753613454,871.6682739257812,546.4031982421875,62.684762477874756,-0.041566550731658936,-0.026055894792079926,27.806329345703148
125.9,1849,-22.713285446166992,0.42021211981773376,16.95380973815918,51.289066314697266,12397.622583179897,869.5450439453125,545.5513305664062,62.73985505104065,-0.04163363575935364,-0.026120882481336594,27.806359863281273
126,1834,-22.68262481689453,0.42154425382614136,16.95279884338379,51.25432586669922,12389.145717363264,868.904296875,546.9065551757812,62.94209957122803,-0.04147440567612648,-0.02610486000776291,27.806359863281273
126.1,1834,-22.627548217773438,0.41680166125297546,16.95989990234375,50.82911682128906,12375.31835455841,862.0567626953125,540.1500854492188,62.65829801559448,-0.041891224682331085,-0.026248328387737274,27.806298828125023
126.2,1834,-22.447187423706055,0.4137035012245178,16.964492797851562,49.92183303833008,12333.300050759408,846.8985595703125,534.314697265625,63.09075355529785,-0.04201117530465126,-0.02650516666471958,27.806298828125023
126.3,1834,-22.11771583557129,0.40823593735694885,16.963529586791992,49.227333068847656,12299.917146021133,835.0693359375,525.8259887695312,62.96794414520264,-0.042062804102897644,-0.02648608386516571,27.805993652343773
126.4,1834,-21.943222045898438,0.40678513050079346,16.96183967590332,48.673118591308594,12273.3535021502,825.5856323242188,522.82568359375,63.327860832214355,-0.04197043552994728,-0.026578977704048157,27.804803466796898
126.5,1834,-21.841278076171875,0.40339887142181396,16.96062469482422,48.210601806640625,12249.494248913836,817.6819458007812,517.465576171875,63.284456729888916,-0.04220817610621452,-0.02671121619641781,27.804193115234398
126.6,1834,-21.69536781311035,0.4014756977558136,16.959230422973633,47.85893630981445,12229.069105509127,811.6507568359375,514.139892578125,63.344961404800415,-0.04219740629196167,-0.026729930192232132,27.803186035156273
126.7,1834,-21.6757869720459,0.4011920690536499,16.95835304260254,47.58660888671875,12212.186480698581,806.9905395507812,513.0673828125,63.577866554260254,-0.04224744811654091,-0.026860026642680168,27.802301025390648
126.8,1834,-21.64723777770996,0.3981018662452698,16.957334518432617,47.369808197021484,12196.404263111755,803.2656860351562,508.4574890136719,63.2987916469574,-0.042574331164360046,-0.026949038729071617,27.801385498046898
126.9,1834,-21.51202964782715,0.39664754271507263,16.957551956176758,47.157554626464844,12186.522746125012,799.6766967773438,506.1895751953125,63.299280405044556,-0.042497970163822174,-0.02690090984106064,27.801354980468773
127,1821,-21.522363662719727,0.3972073793411255,16.955345153808594,47.087467193603516,12169.27059897345,798.38427734375,506.1864013671875,63.40135335922241,-0.042518652975559235,-0.026957400143146515,27.800958251953148
127.1,1821,-21.6231746673584,0.3958139717578888,16.959836959838867,46.758544921875,12142.307124935423,793.0172729492188,503.2930603027344,63.46558332443237,-0.042963385581970215,-0.027266964316368103,27.800958251953148
127.2,1821,-21.563404083251953,0.3921321928501129,16.961910247802734,46.17152786254883,12097.53547170588,783.1572875976562,496.7730407714844,63.43209147453308,-0.043406952172517776,-0.027533937245607376,27.801324462890648
127.3,1821,-21.529523849487305,0.3915840685367584,16.959413528442383,45.856651306152344,12054.049569713377,777.701904296875,494.2954406738281,63.55847120285034,-0.043555982410907745,-0.027683516964316368,27.801385498046898
127.4,1821,-21.455692291259766,0.39046114683151245,16.95762062072754,45.696781158447266,12022.22168958998,774.90869140625,491.5765686035156,63.436710834503174,-0.04364669322967529,-0.027688026428222656,27.800683593750023
127.5,1821,-21.403554916381836,0.38909903168678284,16.95740509033203,45.54869842529297,12001.948085315656,772.3877563476562,489.03564453125,63.314783573150635,-0.04376685991883278,-0.027710894122719765,27.800317382812523
127.6,1821,-21.34372329711914,0.3892745077610016,16.956846237182617,45.45869064331055,11989.88790190822,770.8359985351562,488.7645568847656,63.40706944465637,-0.0436687208712101,-0.02768905833363533,27.798913574218773
127.7,1821,-21.325511932373047,0.38852939009666443,16.956939697265625,45.34636306762695,11984.934903715855,768.935546875,487.6274719238281,63.41590881347656,-0.043733201920986176,-0.027733810245990753,27.797784423828148
127.8,1821,-21.214855194091797,0.38792797923088074,16.95712661743164,45.21429443359375,11984.589860772825,766.7045288085938,486.8586730957031,63.500165939331055,-0.0435749776661396,-0.027670184150338173,27.796807861328148
127.9,1821,-21.11827850341797,0.3864291310310364,16.957775115966797,45.046485900878906,11990.376324182309,763.88818359375,485.21173095703125,63.51868510246277,-0.043523840606212616,-0.027645772323012352,27.796441650390648
128,1834,-21.019412994384766,0.38553452491760254,16.957380294799805,44.919124603271484,11988.294409667937,761.710693359375,484.00439453125,63.5417640209198,-0.043428145349025726,-0.02759500965476036,27.795983886718773
128.1,1834,-21.058748245239258,0.3873053193092346,16.950414657592773,45.194480895996094,11994.891024582173,766.065185546875,486.4949951171875,63.50569128990173,-0.04328666999936104,-0.027489498257637024,27.794946289062523
128.2,1834,-21.090177536010742,0.3893468379974365,16.948993682861328,45.65442657470703,12027.618814002935,773.7965698242188,490.39373779296875,63.375020027160645,-0.043006621301174164,-0.027255455031991005,27.794427490234398
128.3,1834,-21.10787582397461,0.3892642557621002,16.952009201049805,45.825069427490234,12065.171376198043,776.8270263671875,491.8205261230469,63.31145763397217,-0.04291784390807152,-0.027171913534402847,27.793389892578148
128.4,1834,-21.080108642578125,0.38895362615585327,16.953495025634766,45.90690231323242,12092.27706388151,778.2824096679688,492.5321044921875,63.28449249267578,-0.042799461632966995,-0.027085421606898308,27.792657470703148
128.5,1834,-21.15192413330078,0.3902615010738373,16.95366096496582,45.96621322631836,12107.277106418422,779.2955932617188,494.80126953125,63.49340081214905,-0.04274832084774971,-0.027142362669110298,27.792413330078148
128.6,1834,-21.354232788085938,0.3926139771938324,16.952327728271484,46.10464096069336,12102.609701202553,781.5809936523438,497.5920104980469,63.66480588912964,-0.04291514307260513,-0.027321843430399895,27.791772460937523
128.7,1834,-21.50942611694336,0.39466455578804016,16.950857162475586,46.36478042602539,12090.183492510954,785.9227905273438,499.67730712890625,63.57842683792114,-0.04304663464426994,-0.027368370443582535,27.791680908203148
128.8,1834,-21.62616729736328,0.3954780697822571,16.95060920715332,46.656455993652344,12084.582373114788,790.8553466796875,500.4753112792969,63.282787799835205,-0.043211255222558975,-0.027345288544893265,27.791619873046898
128.9,1834,-21.690725326538086,0.39646780490875244,16.950958251953125,46.86759567260742,12084.541574118146,794.45068359375,501.72613525390625,63.1538450717926,-0.04323220252990723,-0.027302797883749008,27.791650390625023
129,1837,-21.78449058532715,0.3986336886882782,16.95074462890625,47.10947036743164,12083.183550372769,798.5405883789062,504.41033935546875,63.16652297973633,-0.043188031762838364,-0.027280379086732864,27.791589355468773
129.1,1837,-21.798667907714844,0.401224285364151,16.949846267700195,47.39181900024414,12089.649608497752,803.2840576171875,507.96002197265625,63.2354199886322,-0.04291414096951485,-0.02713693678379059,27.791558837890648
129.2,1837,-21.917837142944336,0.40277421474456787,16.949098587036133,47.72529602050781,12100.517295517617,808.9007568359375,510.38067626953125,63.095587491989136,-0.04294409602880478,-0.02709583006799221,27.791284179687523
129.3,1837,-22.06194305419922,0.4047044515609741,16.949487686157227,48.00173568725586,12108.995327019868,813.6048583984375,513.1859130859375,63.07557225227356,-0.04299015924334526,-0.027116287499666214,27.791711425781273
129.4,1837,-22.159486770629883,0.4037100374698639,16.9510555267334,48.17229080200195,12123.426514975026,816.5711669921875,512.5350341796875,62.76673078536987,-0.043235067278146744,-0.027137238532304764,27.791711425781273
129.5,1837,-22.04766273498535,0.4041808843612671,16.9521427154541,48.27348709106445,12139.190081591958,818.3390502929688,513.7999877929688,62.785714864730835,-0.04291098192334175,-0.026941966265439987,27.791833496093773
129.6,1837,-22.012542724609375,0.4048241078853607,16.95313835144043,48.311912536621094,12155.394277372625,819.0385131835938,515.3046264648438,62.91579604148865,-0.04271753504872322,-0.02687607705593109,27.791650390625023
129.7,1837,-22.026386260986328,0.4028872847557068,16.95441436767578,48.247623443603516,12170.510888471374,818.0101928710938,513.4769897460938,62.77146339416504,-0.042896538972854614,-0.026926787570118904,27.791833496093773
129.8,1837,-21.881942749023438,0.4022698402404785,16.955001831054688,48.17375564575195,12183.79271040684,816.7861328125,513.2495727539062,62.83769607543945,-0.04263411834836006,-0.026790296658873558,27.792199707031273
129.9,1837,-21.85154151916504,0.4030320346355438,16.955442428588867,48.07522964477539,12193.030768932254,815.1367797851562,514.6119384765625,63.131970167160034,-0.042462173849344254,-0.026807207614183426,27.792535400390648
130,1834,-21.900102615356445,0.4004664421081543,16.955900192260742,47.916648864746094,12197.935974014266,812.4699096679688,511.5417785644531,62.96131610870361,-0.04281195253133774,-0.026954971253871918,27.792871093750023
130.1,1834,-21.788721084594727,0.3994182050228119,16.956893920898438,47.72965621948242,12193.90853020287,809.3467407226562,510.0343322753906,63.01802396774292,-0.04272010549902916,-0.02692136913537979,27.792718505859398
130.2,1834,-21.75010871887207,0.3992255628108978,16.95671272277832,47.5376091003418,12178.741794622534,806.0816040039062,509.1542663574219,63.164108991622925,-0.04271811246871948,-0.026982516050338745,27.792199707031273
130.3,1834,-21.78593635559082,0.40013617277145386,16.955171585083008,47.4713020324707,12162.065496166437,804.8840942382812,509.6168518066406,63.315558433532715,-0.042749639600515366,-0.027067173272371292,27.792077636718773
130.4,1834,-21.839555740356445,0.3989032804965973,16.954362869262695,47.45964813232422,12148.453785200976,804.6480712890625,507.47802734375,63.068318367004395,-0.04303546994924545,-0.027141747996211052,27.791741943359398
130.5,1834,-21.861726760864258,0.3997759222984314,16.95326042175293,47.5264892578125,12133.952656108717,805.7289428710938,507.9810791015625,63.04615139961243,-0.04303649812936783,-0.027132855728268623,27.791467285156273
130.6,1834,-21.877727508544922,0.4019209146499634,16.9521484375,47.663543701171875,12119.03304587947,807.9994506835938,510.0787048339844,63.12859654426575,-0.04289088398218155,-0.027076413854956627,27.790795898437523
130.7,1834,-22.03559684753418,0.40365952253341675,16.951614379882812,47.846954345703125,12108.32272641808,811.0831298828125,511.8324279785156,63.10480833053589,-0.04305236414074898,-0.027168111875653267,27.790063476562523
130.8,1834,-22.051076889038086,0.4036230444908142,16.95266342163086,47.928340911865234,12107.887925682437,812.5130615234375,511.767822265625,62.985795736312866,-0.043088048696517944,-0.02713935077190399,27.788720703125023
130.9,1834,-22.069543838500977,0.402477890253067,16.95331382751465,47.974403381347656,12116.252885679709,813.3251342773438,510.66839599609375,62.78772950172424,-0.04321697726845741,-0.027134958654642105,27.787316894531273
131,1843,-21.953468322753906,0.40214261412620544,16.95379066467285,47.99738693237305,12122.063828487177,813.7376708984375,510.4877014160156,62.73369789123535,-0.04300489276647568,-0.02697855792939663,27.786553955078148
131.1,1843,-21.851459503173828,0.40536949038505554,16.9488468170166,48.2951545715332,12141.074995236828,818.5471801757812,515.3909912109375,62.96411752700806,-0.04239783063530922,-0.02669541910290718,27.785974121093773
131.2,1843,-21.97592544555664,0.40685027837753296,16.948802947998047,48.666744232177734,12182.375236694928,824.8430786132812,519.0332641601562,62.92509436607361,-0.04234010726213455,-0.026642553508281708,27.784295654296898
131.3,1843,-21.916336059570312,0.4066242575645447,16.95098304748535,48.8216667175293,12221.636694006535,827.5752563476562,520.416748046875,62.884521484375,-0.042113047093153,-0.026482589542865753,27.782281494140648
131.4,1843,-22.023677825927734,0.4074748456478119,16.952177047729492,48.86210250854492,12244.73941727659,828.3190307617188,522.4912109375,63.07849884033203,-0.04215129092335701,-0.026588400825858116,27.781823730468773
131.5,1843,-22.061574935913086,0.4073951244354248,16.95167350769043,48.9549674987793,12249.030306037734,829.86865234375,522.572021484375,62.97045350074768,-0.04221729189157486,-0.02658441849052906,27.781915283203148
131.6,1843,-22.14043617248535,0.4096377193927765,16.951400756835938,49.094581604003906,12249.06061386381,832.221923828125,525.449951171875,63.13819885253906,-0.04213614761829376,-0.026604004204273224,27.781854248046898
131.7,1843,-22.17267417907715,0.4079130291938782,16.95167350769043,49.20220184326172,12253.552000551308,834.0596313476562,523.4295043945312,62.756842374801636,-0.04236038401722908,-0.026584038510918617,27.781945800781273
131.8,1843,-22.067609786987305,0.4096580743789673,16.952550888061523,49.25217819213867,12263.913780012812,834.9500732421875,526.1132202148438,63.0113422870636,-0.04194460064172745,-0.026429856196045876,27.781976318359398
131.9,1843,-22.168710708618164,0.40809011459350586,16.952768325805664,49.27503204345703,12269.722391449044,835.3482055664062,524.3477783203125,62.76996731758118,-0.04227863997220993,-0.026538288220763206,27.781884765625023
132,1856,-22.166027069091797,0.410881906747818,16.952232360839844,49.35495376586914,12269.609319944064,836.6766357421875,527.9300537109375,63.09845447540283,-0.041986674070358276,-0.026492943987250328,27.781915283203148
132.1,1856,-22.28706169128418,0.4124205708503723,16.945449829101562,49.83009338378906,12278.447548302385,844.3933715820312,530.2887573242188,62.80115246772766,-0.04202816262841225,-0.02639416977763176,27.782006835937523
132.2,1856,-22.35354232788086,0.41736847162246704,16.9440975189209,50.46234893798828,12312.497225214354,855.0389404296875,538.138916015625,62.937355041503906,-0.04153861105442047,-0.026143303140997887,27.782830810546898
132.3,1856,-22.567920684814453,0.41904759407043457,16.945369720458984,50.95009231567383,12338.246054838062,863.3681640625,541.433837890625,62.711817026138306,-0.041681770235300064,-0.0261393953114748,27.784509277343773
132.4,1856,-22.666454315185547,0.4221820533275604,16.94780921936035,51.241912841796875,12365.413523859299,868.4381713867188,546.684814453125,62.95034885406494,-0.04146164655685425,-0.02610025182366371,27.786737060546898
132.5,1856,-22.544294357299805,0.4217251241207123,16.949951171875,51.39807891845703,12393.111379836886,871.1949462890625,547.31640625,62.823641300201416,-0.04119060933589935,-0.025877440348267555,27.787011718750023
132.6,1856,-22.640682220458984,0.41987746953964233,16.950977325439453,51.48354721069336,12419.059541701332,872.6964111328125,546.0593872070312,62.57151961326599,-0.04146194085478783,-0.025943364948034286,27.788293457031273
132.7,1856,-22.667268753051758,0.41870826482772827,16.952558517456055,51.45500564575195,12441.69482503843,872.2940063476562,545.5313110351562,62.53984570503235,-0.041550811380147934,-0.02598581276834011,27.789178466796898
132.8,1856,-22.59955596923828,0.41883599758148193,16.9534854888916,51.37161636352539,12459.651046303476,870.927978515625,546.4852905273438,62.74747848510742,-0.04135436937212944,-0.025948824360966682,27.790826416015648
132.9,1856,-22.555418014526367,0.41925153136253357,16.95278549194336,51.33894729614258,12461.813393125512,870.338134765625,547.1224365234375,62.86320090293884,-0.04122554138302803,-0.02591569535434246,27.791772460937523
133,1862,-22.57927131652832,0.4195252060890198,16.950927734375,51.41709899902344,12448.354386976056,871.5675048828125,546.8883056640625,62.7476692199707,-0.041286807507276535,-0.025906508788466454,27.792779541015648
133.1,1862,-22.747920989990234,0.4218690097332001,16.94573974609375,51.825077056884766,12435.902533200855,878.2142944335938,549.3935546875,62.55803108215332,-0.041405513882637024,-0.02590247243642807,27.793511962890648
133.2,1862,-22.93414878845215,0.4259476065635681,16.94438934326172,52.37122344970703,12442.062016008209,887.3983764648438,554.9797973632812,62.54009008407593,-0.04132429510354996,-0.025844253599643707,27.795251464843773
133.3,1862,-23.074613571166992,0.4295157790184021,16.944347381591797,52.863037109375,12446.088294133986,895.7296752929688,559.8099365234375,62.49764561653137,-0.041218653321266174,-0.02576068975031376,27.796929931640648
133.4,1862,-23.105146408081055,0.43077757954597473,16.945842742919922,53.22828674316406,12460.553286972077,901.9981689453125,562.1070556640625,62.31797933578491,-0.041104529052972794,-0.02561551332473755,27.798486328125023
133.5,1862,-23.098567962646484,0.43000802397727966,16.948383331298828,53.413787841796875,12483.590731847506,905.27734375,562.1402587890625,62.09591627120972,-0.04109039902687073,-0.02551545947790146,27.800836181640648
133.6,1862,-23.144359588623047,0.42959973216056824,16.94995880126953,53.478572845458984,12506.251660268206,906.4595947265625,562.6259765625,62.06851005554199,-0.04113631322979927,-0.02553269825875759,27.801721191406273
133.7,1862,-23.155792236328125,0.42995160818099976,16.950700759887695,53.51506042480469,12521.842705413623,907.1177978515625,563.788818359375,62.15166449546814,-0.04107175022363663,-0.025526775047183037,27.803063964843773
133.8,1862,-23.156112670898438,0.43100133538246155,16.951059341430664,53.53271484375,12532.308230895158,907.4362182617188,565.6376342773438,62.333595752716064,-0.04093806818127632,-0.02551817148923874,27.805047607421898
133.9,1862,-23.13534927368164,0.4311872124671936,16.951780319213867,53.50400161743164,12540.471527280455,906.9880981445312,566.2501831054688,62.431931495666504,-0.040857113897800446,-0.025507885962724686,27.806573486328148
134,1856,-23.068925857543945,0.43132996559143066,16.952468872070312,53.432289123535156,12552.826629149335,905.8092041015625,566.9957275390625,62.59549260139465,-0.040686242282390594,-0.025467753410339355,27.807580566406273
134.1,1856,-22.991846084594727,0.4285552501678467,16.956029891967773,53.13573455810547,12556.22576841244,900.9711303710938,563.5007934570312,62.54372000694275,-0.040801797062158585,-0.025518961250782013,27.808587646484398
134.2,1856,-22.971147537231445,0.4281243085861206,16.956090927124023,52.81367492675781,12535.250421395871,895.5134887695312,561.9937744140625,62.75659799575806,-0.040874380618333817,-0.025651369243860245,27.810083007812523
134.3,1856,-22.90073013305664,0.42799967527389526,16.95414161682129,52.68211364746094,12508.335906153814,893.1799926757812,560.6239013671875,62.76717782020569,-0.04084865376353264,-0.025639545172452927,27.811334228515648
134.4,1856,-22.93107032775879,0.4256986975669861,16.953399658203125,52.5836067199707,12489.65229706292,891.4708862304688,556.7769775390625,62.45599389076233,-0.041185375303030014,-0.02572273649275303,27.811730957031273
134.5,1856,-23.00113868713379,0.4244994819164276,16.953367233276367,52.500152587890625,12480.931802952051,890.0543823242188,554.8208618164062,62.33561635017395,-0.04145687445998192,-0.025842396542429924,27.813012695312523
134.6,1856,-22.951580047607422,0.4248233437538147,16.95338249206543,52.40866470336914,12477.382290244179,888.504150390625,555.0862426757812,62.474244832992554,-0.041347771883010864,-0.025831708684563637,27.814233398437523
134.7,1856,-22.919965744018555,0.42604711651802063,16.952592849731445,52.373321533203125,12474.160335195063,887.8635864257812,556.54150390625,62.68322467803955,-0.04118284955620766,-0.025814738124608994,27.815148925781273
134.8,1856,-22.814233779907227,0.4258897602558136,16.95244026184082,52.343631744384766,12471.584169978512,887.352294921875,556.2210693359375,62.68323063850403,-0.041016485542058945,-0.0257104579359293,27.816094970703148
134.9,1856,-22.76294708251953,0.42444518208503723,16.953994750976562,52.206539154052734,12478.177287835893,885.109375,554.6275024414062,62.662023305892944,-0.041041865944862366,-0.025717664510011673,27.816552734375023
135,1875,-22.83512306213379,0.42278966307640076,16.954299926757812,52.060821533203125,12482.075340543652,882.65478515625,552.6367797851562,62.61075139045715,-0.0413203090429306,-0.025870956480503082,27.817224121093773
135.1,1875,-23.04941177368164,0.4269038736820221,16.943588256835938,52.554840087890625,12478.775284558107,890.4675903320312,557.8670043945312,62.648773193359375,-0.04131703823804855,-0.025884617120027542,27.818017578125023
135.2,1875,-23.226211547851562,0.43352869153022766,16.93671989440918,53.70616149902344,12513.99414414528,909.606201171875,568.123046875,62.458133697509766,-0.04088236019015312,-0.025534359738230705,27.818536376953148
135.3,1875,-23.391681671142578,0.43628060817718506,16.93988037109375,54.46256637573242,12557.643242124352,922.58935546875,573.7235107421875,62.18622922897339,-0.04077169671654701,-0.025354379788041115,27.818994140625023
135.4,1875,-23.501399993896484,0.43871504068374634,16.942256927490234,55.0252685546875,12594.2073029151,932.2522583007812,578.604736328125,62.065255641937256,-0.04061736539006233,-0.025209272280335426,27.820367431640648
135.5,1875,-23.550323486328125,0.43991735577583313,16.944812774658203,55.40399932861328,12629.370209592593,938.8104248046875,581.810302734375,61.97314262390137,-0.04047766700387001,-0.02508528158068657,27.821282958984398
135.6,1875,-23.470182418823242,0.43974775075912476,16.947309494018555,55.60291290283203,12664.242860551118,942.3197631835938,583.19189453125,61.888957023620605,-0.04024435579776764,-0.024906812235713005,27.821405029296898
135.7,1875,-23.536418914794922,0.44090959429740906,16.94853401184082,55.68655776977539,12691.758869572242,943.8055419921875,586.003173828125,62.08940148353577,-0.040164317935705185,-0.024937784299254417,27.821923828125023
135.8,1875,-23.73440933227539,0.44161340594291687,16.947492599487305,55.84840774536133,12695.5869811429,946.490478515625,587.1156616210938,62.03080415725708,-0.04042544215917587,-0.02507622539997101,27.822686767578148
135.9,1875,-23.909589767456055,0.44448500871658325,16.945642471313477,56.18852996826172,12683.56409967525,952.1507568359375,590.373779296875,62.00423240661621,-0.04049907252192497,-0.025111138820648193,27.822961425781273
136,1827,-23.890052795410156,0.4452986419200897,16.9466552734375,56.425960540771484,12686.99471245005,956.2313232421875,591.6144409179688,61.86938285827637,-0.04038111865520477,-0.024983549490571022,27.823541259765648
136.1,1827,-23.80486488342285,0.4394747316837311,16.9632625579834,55.65394592285156,12686.67764596186,944.072509765625,583.8623046875,61.845070123672485,-0.04077136889100075,-0.025215081870555878,27.824822998046898
136.2,1827,-23.517210006713867,0.4265801012516022,16.983802795410156,53.26896286010742,12604.708964650805,904.7095336914062,563.0695190429688,62.2376024723053,-0.04176608473062515,-0.025994209572672844,27.825677490234398
136.3,1827,-22.889846801757812,0.41787511110305786,16.9793758392334,51.406524658203125,12488.1835331838,872.8507080078125,546.4801635742188,62.608665227890015,-0.04188596084713936,-0.02622424066066742,27.825860595703148
136.4,1827,-22.428552627563477,0.4091279208660126,16.9739933013916,50.00693130493164,12398.339479835182,848.8173217773438,531.191650390625,62.58020997047424,-0.042223088443279266,-0.026423297822475433,27.825830078125023
136.5,1827,-22.05954933166504,0.4053053855895996,16.969961166381836,48.895469665527344,12331.644777181353,829.7542114257812,523.39794921875,63.07867169380188,-0.04214680194854736,-0.026585642248392105,27.825891113281273
136.6,1827,-21.913951873779297,0.40104711055755615,16.966567993164062,48.046329498291016,12272.712375060108,815.1813354492188,515.4238891601562,63.22813034057617,-0.04251636564731598,-0.02688230387866497,27.825891113281273
136.7,1827,-21.699193954467773,0.39660319685935974,16.96344757080078,47.47252655029297,12219.292500228035,805.2977294921875,507.4939880371094,63.01942467689514,-0.0427575409412384,-0.026945555582642555,27.825860595703148
136.8,1827,-21.58738136291504,0.3950554132461548,16.961328506469727,47.03362274169922,12177.826731412131,797.7527465820312,503.7979736328125,63.152146339416504,-0.042849279940128326,-0.027060240507125854,27.825830078125023
136.9,1827,-21.560325622558594,0.39494219422340393,16.959232330322266,46.76869583129883,12141.768578179746,793.1611938476562,502.16229248046875,63.31150531768799,-0.042934976518154144,-0.02718278020620346,27.826287841796898
137,1868,-21.50326919555664,0.39402714371681213,16.95895767211914,46.50038528442383,12120.91795952434,788.5980834960938,500.13848876953125,63.42121362686157,-0.042994629591703415,-0.027267716825008392,27.826074218750023
137.1,1868,-21.532194137573242,0.39696523547172546,16.944284439086914,47.11662292480469,12121.04501925674,798.3574829101562,503.8730773925781,63.11371922492981,-0.042733367532491684,-0.026970617473125458,27.826562500000023
137.2,1868,-21.724994659423828,0.4085765779018402,16.928096771240234,49.11663818359375,12203.68630116958,831.4512329101562,522.1473999023438,62.79952526092529,-0.04160701483488083,-0.02612900733947754,27.827081298828148
137.3,1868,-22.17496109008789,0.41406774520874023,16.93312644958496,50.457801818847656,12309.835964947664,854.4083251953125,533.7677001953125,62.47220039367676,-0.041544217616319656,-0.025953587144613266,27.827386474609398
137.4,1868,-22.499191284179688,0.4187721610069275,16.938308715820312,51.38679504394531,12390.802156626938,870.4053955078125,543.3827514648438,62.4286949634552,-0.04140578955411911,-0.02584909461438656,27.827539062500023
137.5,1868,-22.65555763244629,0.4225044250488281,16.941883087158203,52.0714111328125,12451.18234028617,882.187744140625,550.8970947265625,62.44669556617737,-0.041124846786260605,-0.025681106373667717,27.827600097656273
137.6,1868,-22.8247127532959,0.42709967494010925,16.94313621520996,52.67364501953125,12488.385196795774,892.4567260742188,558.5526733398438,62.585967779159546,-0.04086402803659439,-0.025575147941708565,27.827600097656273
137.7,1868,-22.94300651550293,0.4298395812511444,16.94399070739746,53.1922607421875,12513.502224814336,901.2891845703125,563.2664794921875,62.49564290046692,-0.040732067078351974,-0.025455765426158905,27.827081298828148
137.8,1868,-23.08108901977539,0.43121591210365295,16.945606231689453,53.589351654052734,12538.972455575258,908.1040649414062,566.2201538085938,62.351906299591064,-0.040763452649116516,-0.025416789576411247,27.826654052734398
137.9,1868,-23.195537567138672,0.43281495571136475,16.946943283081055,53.8908805847168,12561.000416705197,913.2857055664062,569.3182373046875,62.33736872673035,-0.0407426543533802,-0.025397898629307747,27.826501464843773
138,1881,-23.179485321044922,0.43331268429756165,16.948348999023438,54.079734802246094,12584.433029005246,916.5621948242188,571.0362548828125,62.301963567733765,-0.04059197008609772,-0.025289593264460564,27.827874755859398
138.1,1881,-23.27493667602539,0.4360787272453308,16.942426681518555,54.62191390991211,12617.905691536133,925.4277954101562,576.2100219726562,62.264180183410645,-0.040393147617578506,-0.025150462985038757,27.827996826171898
138.2,1881,-23.53413963317871,0.4390643537044525,16.94101333618164,55.31924057006836,12661.40325038482,937.1640014648438,582.155029296875,62.11879849433899,-0.040425900369882584,-0.025112083181738853,27.828057861328148
138.3,1881,-23.597553253173828,0.43929287791252136,16.94355583190918,55.77598190307617,12705.132780671558,945.04345703125,584.4696655273438,61.845797300338745,-0.04037429764866829,-0.024969806894659996,27.829156494140648
138.4,1881,-23.632938385009766,0.44100630283355713,16.945777893066406,56.05875015258789,12737.759155443524,949.9591064453125,588.256103515625,61.92436218261719,-0.04017457365989685,-0.024877848103642464,27.829614257812523
138.5,1881,-23.694747924804688,0.4428975582122803,16.94637107849121,56.31835174560547,12759.13200125595,954.3916625976562,591.7701416015625,62.00495362281799,-0.04004045948386192,-0.02482706867158413,27.829858398437523
138.6,1881,-23.68107032775879,0.44254952669143677,16.947275161743164,56.5159912109375,12774.396654428228,957.7920532226562,592.0125122070312,61.81012988090515,-0.04000096023082733,-0.024724647402763367,27.830316162109398
138.7,1881,-23.671619415283203,0.4441744387149811,16.94673728942871,56.73456954956055,12777.527685999114,961.4658203125,594.3318481445312,61.815184354782104,-0.039828959852457047,-0.02462034299969673,27.830194091796898
138.8,1881,-23.78036117553711,0.44585371017456055,16.94749641418457,56.8749885559082,12784.791073087044,963.888671875,596.91796875,61.928099393844604,-0.03983857482671738,-0.024671273306012154,27.830010986328148
138.9,1881,-23.860870361328125,0.44491085410118103,16.94805145263672,56.997772216796875,12791.94488572685,966.0011596679688,595.9889526367188,61.69649958610535,-0.04003576189279556,-0.02470066398382187,27.829095458984398
139,1849,-23.882976531982422,0.4470178782939911,16.94737434387207,57.170249938964844,12790.84447850313,968.8856201171875,598.7599487304688,61.79882287979126,-0.03988739848136902,-0.02464994415640831,27.828515625000023
139.1,1849,-23.93954849243164,0.443960040807724,16.96158790588379,56.51639175415039,12768.317603928539,958.6077270507812,593.6168212890625,61.92489266395569,-0.040328286588191986,-0.024973247200250626,27.828393554687523
139.2,1849,-23.65143394470215,0.4362589120864868,16.969959259033203,55.00035858154297,12690.238815525914,933.3538208007812,579.7526245117188,62.11498975753784,-0.04079573228955269,-0.025340264663100243,27.827996826171898
139.3,1849,-23.310840606689453,0.4320226013660431,16.96694564819336,53.92647171020508,12624.47316430991,914.967529296875,571.1475830078125,62.42271661758423,-0.04081403836607933,-0.025477232411503792,27.827630615234398
139.4,1849,-23.122920989990234,0.42864105105400085,16.962705612182617,53.171836853027344,12565.475483794038,901.938232421875,564.02880859375,62.53519654273987,-0.040995992720127106,-0.02563692256808281,27.827111816406273
139.5,1849,-23.116233825683594,0.4257504940032959,16.959320068359375,52.681610107421875,12514.67257317516,893.4442749023438,557.9602661132812,62.450480461120605,-0.04142989218235016,-0.02587316744029522,27.827233886718773
139.6,1849,-23.05029296875,0.4257831871509552,16.95770835876465,52.33353805541992,12475.926348906862,887.4568481445312,556.2755126953125,62.68197298049927,-0.041436828672885895,-0.025973422452807426,27.827447509765648
139.7,1849,-22.857603073120117,0.42510852217674255,16.955801010131836,52.118927001953125,12444.690637077587,883.7181396484375,554.0035400390625,62.69007325172424,-0.04125894978642464,-0.025865264236927032,27.826806640625023
139.8,1849,-22.855178833007812,0.4234001040458679,16.953908920288086,52.032508850097656,12417.125669260491,882.1544189453125,550.554931640625,62.41026520729065,-0.04151298478245735,-0.025908365845680237,27.826562500000023
139.9,1849,-23.015281677246094,0.42302414774894714,16.9527530670166,52.001163482666016,12394.87389649183,881.5628662109375,549.080322265625,62.28487491607666,-0.041916053742170334,-0.026107361540198326,27.825891113281273
140,1843,-22.943710327148438,0.4252278506755829,16.951492309570312,52.07782745361328,12374.4790609132,882.796875,551.0325317382812,62.418949604034424,-0.04163767024874687,-0.025989795103669167,27.825769042968773
140.1,1843,-22.987457275390625,0.42242541909217834,16.955224990844727,51.91072082519531,12360.4010757004,880.157958984375,546.7782592773438,62.12273836135864,-0.04204164445400238,-0.026117423549294472,27.825860595703148
140.2,1843,-22.879270553588867,0.42172086238861084,16.957090377807617,51.5656623840332,12351.955683395463,874.4036254882812,545.4932861328125,62.38461136817932,-0.04194234684109688,-0.026165572926402092,27.825891113281273
140.3,1843,-22.746978759765625,0.4196375906467438,16.957374572753906,51.211402893066406,12350.928714365697,868.4109497070312,542.7534790039062,62.49961256980896,-0.041910331696271896,-0.02619379572570324,27.826013183593773
140.4,1843,-22.722379684448242,0.41851550340652466,16.957382202148438,50.91054916381836,12349.498418111983,863.3096313476562,541.239501953125,62.693554162979126,-0.04198211431503296,-0.02632008120417595,27.825952148437523
140.5,1843,-22.47654151916504,0.4165318012237549,16.958084106445312,50.5688591003418,12354.45607904682,857.5509643554688,538.890380859375,62.840622663497925,-0.04170893132686615,-0.026210151612758636,27.825891113281273
140.6,1843,-22.43267822265625,0.411713570356369,16.958778381347656,50.176517486572266,12359.728475098613,850.9324340820312,532.884033203125,62.62354254722595,-0.042096734046936035,-0.02636246755719185,27.825860595703148
140.7,1843,-22.431453704833984,0.4115740656852722,16.957489013671875,49.89780807495117,12351.143200519473,846.1415405273438,532.33349609375,62.91305422782898,-0.04213797301054001,-0.02651028521358967,27.826135253906273
140.8,1843,-22.366975784301758,0.4098788797855377,16.955223083496094,49.77711486816406,12330.800820793667,843.9821166992188,529.2677612304688,62.710779905319214,-0.04226022586226463,-0.026501718908548355,27.827203369140648
140.9,1843,-22.398216247558594,0.41078823804855347,16.9540958404541,49.713436126708984,12310.802318325275,842.8463745117188,529.5817260742188,62.832534313201904,-0.04229416698217392,-0.026574494317173958,27.827447509765648
141,1837,-22.4005069732666,0.4103319048881531,16.952190399169922,49.783390045166016,12284.336592046282,843.9375,527.856201171875,62.546831369400024,-0.042436759918928146,-0.026542849838733673,27.827142333984398
141.1,1837,-22.408018112182617,0.4115511476993561,16.95555305480957,49.67087173461914,12261.567254863076,842.1970825195312,528.443359375,62.74580359458923,-0.042403824627399445,-0.026606619358062744,27.826867675781273
141.2,1837,-22.344022750854492,0.4080966114997864,16.957536697387695,49.35420608520508,12245.196366038983,836.92578125,523.3079833984375,62.527406215667725,-0.04269765317440033,-0.026697736233472824,27.826165771484398
141.3,1837,-22.158105850219727,0.4059782326221466,16.95790672302246,49.03700256347656,12241.084992863067,831.56494140625,520.416748046875,62.582820653915405,-0.04257761687040329,-0.026646273210644722,27.825952148437523
141.4,1837,-22.18025779724121,0.40683993697166443,16.957090377807617,48.809661865234375,12229.984168719531,827.6698608398438,521.0484008789062,62.953656911849976,-0.04256851598620415,-0.026798436418175697,27.825799560546898
141.5,1837,-22.157217025756836,0.40428075194358826,16.955886840820312,48.67955780029297,12216.058888322736,825.4050903320312,517.1812744140625,62.65787482261658,-0.04284226521849632,-0.026844052597880363,27.825769042968773
141.6,1837,-22.16203498840332,0.40603357553482056,16.953805923461914,48.67363357543945,12196.01375842961,825.2033081054688,518.5712890625,62.841635942459106,-0.04273671656847,-0.026856454089283943,27.825646972656273
141.7,1837,-22.214054107666016,0.4078974425792694,16.9532527923584,48.716590881347656,12181.984732012781,825.9046630859375,520.3524780273438,63.003939390182495,-0.042690396308898926,-0.026896631345152855,27.825799560546898
141.8,1837,-22.19672203063965,0.4065457582473755,16.95380973815918,48.707035064697266,12179.551946127287,825.769775390625,518.5245971679688,62.79287338256836,-0.04280746355652809,-0.026880035176873207,27.825830078125023
141.9,1837,-22.03087043762207,0.40564894676208496,16.954896926879883,48.63601303100586,12186.810670472745,824.6185913085938,517.6890869140625,62.77921795845032,-0.04255617782473564,-0.026716437190771103,27.825036621093773
142,1853,-21.956130981445312,0.40537744760513306,16.95561408996582,48.5142822265625,12197.35429689071,822.5894775390625,517.7902221679688,62.94637322425842,-0.04240352660417557,-0.026691481471061707,27.824395751953148
142.1,1853,-21.93788719177246,0.40483230352401733,16.94875717163086,48.765018463134766,12215.551815078754,826.5064697265625,517.8653564453125,62.65714764595032,-0.042362142354249954,-0.026542911306023598,27.824517822265648
142.2,1853,-21.882247924804688,0.4101519286632538,16.9454288482666,49.435977935791016,12264.086301484327,837.7138671875,526.7548828125,62.880051136016846,-0.04154161363840103,-0.026121387258172035,27.823846435546898
142.3,1853,-22.005189895629883,0.4086554944515228,16.949121475219727,49.69865798950195,12316.355644611089,842.3485717773438,527.0698852539062,62.57146596908569,-0.041750043630599976,-0.026123614981770515,27.823510742187523
142.4,1853,-22.111316680908203,0.4096531867980957,16.950536727905273,49.88257598876953,12349.25362413213,845.5364379882812,529.7679443359375,62.654656171798706,-0.041737742722034454,-0.026150638237595558,27.822747802734398
142.5,1853,-22.000852584838867,0.41177165508270264,16.951650619506836,49.942298889160156,12375.486213287451,846.6044311523438,533.6387329101562,63.03282976150513,-0.04122799262404442,-0.0259871706366539,27.822900390625023
142.6,1853,-22.047313690185547,0.4095217287540436,16.952396392822266,49.94197082519531,12391.249779904383,846.6361083984375,531.39892578125,62.76592016220093,-0.041489195078611374,-0.026041075587272644,27.823602294921898
142.7,1853,-22.17021942138672,0.41011980175971985,16.95215606689453,49.99637985229492,12395.886877294175,847.5464477539062,532.3741455078125,62.813568115234375,-0.041644055396318436,-0.02615811862051487,27.824334716796898
142.8,1853,-22.166872024536133,0.411780446767807,16.951311111450195,50.10105895996094,12394.163993950257,849.2786254882812,534.4555053710938,62.930530309677124,-0.04147561639547348,-0.026100823655724525,27.825891113281273
142.9,1853,-22.28569984436035,0.4105232357978821,16.950918197631836,50.22779083251953,12387.58020157782,851.4071655273438,532.540771484375,62.54830360412598,-0.04184787720441818,-0.026175137609243393,27.825921630859398
143,1853,-22.46817398071289,0.4129079580307007,16.950347900390625,50.415740966796875,12379.805078503434,854.5643310546875,535.298095703125,62.63988018035889,-0.04197320342063904,-0.02629196271300316,27.825830078125023
143.1,1853,-22.48769187927246,0.41554075479507446,16.94962501525879,50.62675476074219,12373.385647803187,858.1044921875,538.431884765625,62.746661901474,-0.04176515340805054,-0.026206238195300102,27.825830078125023
143.2,1853,-22.60693359375,0.41542676091194153,16.949462890625,50.850830078125,12368.919906199293,861.894287109375,538.0899047851562,62.43108510971069,-0.042013298720121384,-0.026229359209537506,27.826165771484398
143.3,1853,-22.6258487701416,0.4187498092651367,16.94989585876465,51.03203201293945,12372.630283522498,864.9876098632812,542.556884765625,62.7242386341095,-0.0417022630572319,-0.026157423853874207,27.827264404296898
143.4,1853,-22.610780715942383,0.4176284372806549,16.95062255859375,51.15690231323242,12379.41340813567,867.141357421875,541.400634765625,62.43510842323303,-0.04176349192857742,-0.026075081899762154,27.828546142578148
143.5,1853,-22.71935272216797,0.41769424080848694,16.950746536254883,51.259010314941406,12383.439686261447,868.8784790039062,541.6620483398438,62.34036684036255,-0.04194377735257149,-0.026147905737161636,27.830072021484398
143.6,1853,-22.68705940246582,0.4208362102508545,16.949783325195312,51.448638916015625,12380.314483118653,872.0432739257812,545.5988159179688,62.56556510925293,-0.04158194735646248,-0.026015978306531906,27.830773925781273
143.7,1853,-22.695388793945312,0.42128682136535645,16.95015525817871,51.570953369140625,12380.830881847582,874.1356811523438,546.2057495117188,62.48524188995361,-0.04155098646879196,-0.025963233783841133,27.831475830078148
143.8,1853,-22.758371353149414,0.42109110951423645,16.951051712036133,51.643898010253906,12389.173693818104,875.4183959960938,546.3198852539062,62.406718730926514,-0.04165758937597275,-0.025997135788202286,27.832086181640648
143.9,1853,-22.610641479492188,0.42131394147872925,16.952512741088867,51.5909423828125,12406.193869531615,874.5961303710938,547.3599243164062,62.58431077003479,-0.04130854085087776,-0.025852667167782784,27.833367919921898
144,1846,-22.584304809570312,0.41936588287353516,16.953760147094727,51.445125579833984,12423.40988042901,872.1882934570312,545.5851440429688,62.553590536117554,-0.04139464721083641,-0.025893839076161385,27.835321044921898
144.1,1846,-22.6329288482666,0.41742345690727234,16.95619010925293,51.173095703125,12420.088842102334,867.7007446289062,542.9129028320312,62.56914138793945,-0.04168795421719551,-0.026083795353770256,27.836846923828148
144.2,1846,-22.554668426513672,0.4161832928657532,16.95644760131836,50.84245300292969,12402.420545185021,862.1073608398438,540.5299072265625,62.69867420196533,-0.04172695800662041,-0.026162249967455864,27.837854003906273
144.3,1846,-22.45836067199707,0.4147827923297882,16.95548439025879,50.623783111572266,12385.332759705645,858.3507690429688,537.96875,62.67469525337219,-0.0417465902864933,-0.026164548471570015,27.839135742187523
144.4,1846,-22.425703048706055,0.4126753807067871,16.955322265625,50.42118453979492,12374.290219843026,854.9074096679688,534.7582397460938,62.55159378051758,-0.041936151683330536,-0.026231732219457626,27.840661621093773
144.5,1846,-22.36853790283203,0.4140014350414276,16.95478630065918,50.252685546875,12367.036158240042,852.0235595703125,536.162109375,62.928080558776855,-0.04171973094344139,-0.02625342644751072,27.842034912109398
144.6,1846,-22.244522094726562,0.41135144233703613,16.95519256591797,50.08025360107422,12362.116964930608,849.120361328125,532.5182495117188,62.71410584449768,-0.04177232086658478,-0.02619713731110096,27.844262695312523
144.7,1846,-22.240285873413086,0.41095641255378723,16.955453872680664,49.88888931274414,12362.499309813427,845.8887329101562,532.0233154296875,62.89518475532532,-0.04180321842432022,-0.026292210444808006,27.845971679687523
144.8,1846,-22.137123107910156,0.4102737009525299,16.95488166809082,49.76614761352539,12358.870530483508,843.7791137695312,530.9835815429688,62.92921304702759,-0.04169078916311264,-0.026235684752464294,27.847802734375023
144.9,1846,-22.11870574951172,0.4076966345310211,16.954858779907227,49.63758087158203,12356.922669815247,841.59814453125,527.5651245117188,62.6861035823822,-0.04192601889371872,-0.02628178894519806,27.850000000000023
145,1862,-22.093624114990234,0.40896111726760864,16.954599380493164,49.50860595703125,12352.838107408552,839.3985595703125,529.0264282226562,63.02446126937866,-0.04176279529929161,-0.02632077783346176,27.850640869140648
145.1,1862,-22.09369468688965,0.40985119342803955,16.945117950439453,49.96738815307617,12356.660390551118,846.7033081054688,530.3419189453125,62.63609528541565,-0.04165934398770332,-0.02609378658235073,27.852105712890648
145.2,1862,-22.349340438842773,0.41416677832603455,16.942790985107422,50.67263412475586,12390.206491275962,858.5358276367188,537.3811645507812,62.59274482727051,-0.041589364409446716,-0.026031924411654472,27.853814697265648
145.3,1862,-22.577051162719727,0.41987767815589905,16.94320297241211,51.27462387084961,12413.580819295092,868.75634765625,545.8187866210938,62.82760500907898,-0.041363637894392014,-0.025987781584262848,27.855340576171898
145.4,1862,-22.702388763427734,0.4228273928165436,16.94395637512207,51.810203552246094,12428.892099892104,877.8698120117188,550.3312377929688,62.689387798309326,-0.04125222936272621,-0.025860769674181938,27.856225585937523
145.5,1862,-22.83760643005371,0.4228471517562866,16.945240020751953,52.236480712890625,12444.456334268298,885.1597290039062,551.046142578125,62.253862619400024,-0.041444092988967896,-0.025800548493862152,27.857904052734398
145.6,1862,-22.900531768798828,0.4236895740032196,16.946847915649414,52.529388427734375,12463.401056937704,890.2075805664062,552.9844970703125,62.11860179901123,-0.041412610560655594,-0.02572493441402912,27.860345458984398
145.7,1862,-22.97075843811035,0.4246898591518402,16.94850730895996,52.71611022949219,12486.770722214362,893.4593505859375,555.329345703125,62.154966592788696,-0.04136420413851738,-0.025709908455610275,27.861627197265648
145.8,1862,-22.981245040893555,0.42503923177719116,16.95024871826172,52.76190948486328,12511.864436520556,894.3275146484375,556.9031372070312,62.27060556411743,-0.04126614332199097,-0.025696678087115288,27.862786865234398
145.9,1862,-22.991308212280273,0.4243127405643463,16.951051712036133,52.766841888427734,12527.176882803187,894.4534912109375,556.6316528320312,62.231481075286865,-0.04130434989929199,-0.025704309344291687,27.864953613281273
146,1824,-22.951091766357422,0.42476341128349304,16.951032638549805,52.793331146240234,12532.287248554028,894.9014892578125,557.4501953125,62.29179501533508,-0.04117155820131302,-0.025646500289440155,27.866479492187523
146.1,1824,-22.90891456604004,0.420811265707016,16.964679718017578,52.00492858886719,12514.878899529607,882.2469482421875,551.496337890625,62.510424852371216,-0.04153956100344658,-0.025966554880142212,27.868615722656273
146.2,1824,-22.63509178161621,0.4081481397151947,16.977447509765625,50.03936767578125,12427.951391598097,849.5407104492188,531.1852416992188,62.52616047859192,-0.04261242598295212,-0.026643915101885796,27.871148681640648
146.3,1824,-22.185396194458008,0.4041958451271057,16.971956253051758,48.75309371948242,12330.563020927524,827.4353637695312,521.9193115234375,63.076746463775635,-0.04250732809305191,-0.026812240481376648,27.873712158203148
146.4,1824,-21.965755462646484,0.3988652229309082,16.967254638671875,47.83454895019531,12254.374974597862,811.6209716796875,511.85382080078125,63.06562423706055,-0.042914118617773056,-0.02706405520439148,27.875390625000023
146.5,1824,-21.844810485839844,0.3949497938156128,16.963603973388672,47.19729232788086,12191.62844913338,800.6361694335938,504.234130859375,62.9791796207428,-0.04332275316119194,-0.02728431671857834,27.877313232421898
146.6,1824,-21.69912338256836,0.39278721809387207,16.96082305908203,46.76577377319336,12137.21307878324,793.18603515625,499.2348937988281,62.94045448303223,-0.04346475750207901,-0.027356917038559914,27.879083251953148
146.7,1824,-21.481773376464844,0.3914996087551117,16.959535598754883,46.423458099365234,12102.919773577034,787.3203125,496.1923828125,63.02294135093689,-0.04329323396086693,-0.027284668758511543,27.879724121093773
146.8,1824,-21.377531051635742,0.39064329862594604,16.958515167236328,46.147300720214844,12081.893136393257,782.5897216796875,494.2469482421875,63.1553053855896,-0.04325273260474205,-0.027316397055983543,27.880853271484398
146.9,1824,-21.3505916595459,0.38969212770462036,16.95740509033203,45.97645950317383,12061.375903824699,779.6414184570312,492.20623779296875,63.132381439208984,-0.04337732866406441,-0.02738514170050621,27.880975341796898
147,1868,-21.283735275268555,0.3902551829814911,16.95667839050293,45.838382720947266,12045.496934331552,777.2667236328125,492.2684631347656,63.33327293395996,-0.043236032128334045,-0.02738279476761818,27.880883789062523
147.1,1868,-21.404264450073242,0.3952774405479431,16.941617965698242,46.57817077636719,12047.731553661926,789.1095581054688,498.696044921875,63.197314739227295,-0.04292046278715134,-0.02712457813322544,27.880914306640648
147.2,1868,-21.871801376342773,0.4061203598976135,16.923900604248047,48.7918586730957,12133.741667011796,825.7485961914062,516.0337524414062,62.49284744262695,-0.04238443821668625,-0.026487240567803383,27.880914306640648
147.3,1868,-22.227357864379883,0.41545119881629944,16.928728103637695,50.42332458496094,12249.166691255079,853.6027221679688,532.91162109375,62.4308705329895,-0.04170927777886391,-0.02603946439921856,27.880853271484398
147.4,1868,-22.563074111938477,0.4201534390449524,16.93448829650879,51.56849670410156,12339.683345205485,873.2861328125,542.9259033203125,62.17045187950134,-0.041558295488357544,-0.02583697810769081,27.880761718750023
147.5,1868,-22.79628562927246,0.42268961668014526,16.938390731811523,52.43189239501953,12411.587496887716,888.1118774414062,549.3859252929688,61.859989166259766,-0.04149411991238594,-0.02566825971007347,27.880822753906273
147.6,1868,-22.97803497314453,0.42529407143592834,16.941904067993164,53.015995025634766,12471.451281818021,898.19189453125,555.4371948242188,61.839479207992554,-0.041369277983903885,-0.02558254450559616,27.880822753906273
147.7,1868,-23.066421508789062,0.42695558071136475,16.943958282470703,53.4278450012207,12517.564639194283,905.2791748046875,559.6688842773438,61.82279586791992,-0.04121440649032593,-0.02547989785671234,27.880426025390648
147.8,1868,-23.195926666259766,0.4288141429424286,16.94539451599121,53.77378463745117,12550.281937444479,911.218017578125,563.5743408203125,61.848461627960205,-0.04115859419107437,-0.025455957278609276,27.879876708984398
147.9,1868,-23.351850509643555,0.4312902092933655,16.944787979125977,54.12572479248047,12562.962265600878,917.14892578125,567.4012451171875,61.86577081680298,-0.041155796498060226,-0.02546135149896145,27.879510498046898
148,1868,-23.437889099121094,0.4348079264163971,16.944561004638672,54.526084899902344,12565.892799245406,923.9205932617188,572.1625366210938,61.9276762008667,-0.04096369072794914,-0.02536786161363125,27.879571533203148
148.1,1868,-23.514766693115234,0.43759772181510925,16.945232391357422,54.86503982543945,12576.948161649827,929.7008666992188,576.3402099609375,61.99200749397278,-0.040800146758556366,-0.025292830541729927,27.879632568359398
148.2,1868,-23.60477066040039,0.43905994296073914,16.946043014526367,55.11333465576172,12585.745591011506,933.9529418945312,578.6705322265625,61.95928454399109,-0.040791381150484085,-0.025274047628045082,27.879602050781273
148.3,1868,-23.69453239440918,0.4400038719177246,16.946022033691406,55.3713493347168,12590.345386461511,938.3240966796875,580.1265869140625,61.825817823410034,-0.04084372892975807,-0.025251969695091248,27.879632568359398
148.4,1868,-23.69065284729004,0.4402317702770233,16.947528839111328,55.50297164916992,12603.071176357025,940.63818359375,581.0137329101562,61.76803112030029,-0.04077468812465668,-0.0251857228577137,27.879449462890648
148.5,1868,-23.655107498168945,0.4390091300010681,16.949188232421875,55.521812438964844,12622.104491133425,941.0496215820312,580.2750854492188,61.66253685951233,-0.04076533392071724,-0.02513693831861019,27.879449462890648
148.6,1868,-23.575895309448242,0.4384463429450989,16.94967269897461,55.51145553588867,12634.36983520969,940.9010009765625,580.0943603515625,61.653071641922,-0.040641482919454575,-0.02505672164261341,27.879144287109398
148.7,1868,-23.585975646972656,0.4376331865787506,16.94977569580078,55.49365997314453,12642.139129855987,940.6051025390625,579.3745727539062,61.595940589904785,-0.040709372609853745,-0.02507532201707363,27.879205322265648
148.8,1868,-23.6209716796875,0.4378896653652191,16.949615478515625,55.489540100097656,12645.294640824857,940.5263671875,579.8588256835938,61.65258288383484,-0.04073572903871536,-0.025114629417657852,27.878320312500023
148.9,1868,-23.674457550048828,0.4388200640678406,16.94850730895996,55.55091094970703,12639.314673602727,941.5050048828125,580.8160400390625,61.6901695728302,-0.04076068103313446,-0.025145333260297775,27.876855468750023
149,1878,-23.703947067260742,0.4388943016529083,16.947750091552734,55.64698028564453,12630.478776615642,943.0911254882812,580.5082397460938,61.553776264190674,-0.04083309322595596,-0.025134311988949776,27.874810791015648
149.1,1878,-23.69226837158203,0.44256794452667236,16.943439483642578,56.01013946533203,12640.461708251183,949.00439453125,585.8298950195312,61.730992794036865,-0.04044223204255104,-0.024965394288301468,27.874688720703148
149.2,1878,-23.88186264038086,0.44436636567115784,16.94188117980957,56.534725189208984,12668.792531519533,957.8046264648438,589.52880859375,61.55000925064087,-0.040510088205337524,-0.024933960288763046,27.874169921875023
149.3,1878,-23.953231811523438,0.4449487626552582,16.9440975189209,56.823177337646484,12697.631593717484,962.8174438476562,591.6452026367188,61.449360847473145,-0.04048580303788185,-0.02487826906144619,27.873376464843773
149.4,1878,-23.97934913635254,0.44520577788352966,16.945100784301758,57.054588317871094,12717.541504078881,966.7957763671875,592.9151611328125,61.32786273956299,-0.04044313356280327,-0.024802912026643753,27.872064208984398
149.5,1878,-23.959569931030273,0.44749128818511963,16.946041107177734,57.22430419921875,12733.203656047017,969.7254028320312,596.6929321289062,61.53215169906616,-0.04015393555164337,-0.024707581847906113,27.869927978515648
149.6,1878,-23.99007225036621,0.4490402042865753,16.94626235961914,57.37374496459961,12743.28217390326,972.2705078125,599.232177734375,61.63225173950195,-0.04003468528389931,-0.024674275889992714,27.869073486328148
149.7,1878,-24.018779754638672,0.4486755132675171,16.946760177612305,57.492034912109375,12751.00600681044,974.3037109375,599.1084594726562,61.4909291267395,-0.04009087383747101,-0.024652250111103058,27.867791748046898
149.8,1878,-23.964754104614258,0.4474674165248871,16.94749641418457,57.535030364990234,12760.167130085043,975.07470703125,597.924560546875,61.320894956588745,-0.04007989540696144,-0.024577351287007332,27.866357421875023
149.9,1878,-23.958267211914062,0.44928836822509766,16.94875717163086,57.501590728759766,12775.148521652063,974.5805053710938,601.0626831054688,61.67398691177368,-0.03985984995961189,-0.024583159014582634,27.864587402343773
150,1887,-24.0177059173584,0.44695770740509033,16.95003318786621,57.39242172241211,12788.220520176226,972.803466796875,598.5565185546875,61.52902841567993,-0.04012604430317879,-0.024689165875315666,27.863183593750023
150.1,1887,-24.070707321166992,0.44879499077796936,16.94215202331543,57.759525299072266,12789.852480041915,978.5706787109375,601.0936889648438,61.42567992210388,-0.04004485160112381,-0.02459782175719738,27.860864257812523
150.2,1887,-24.21897315979004,0.45324644446372986,16.939695358276367,58.38580322265625,12808.82517916616,989.0377197265625,607.9562377929688,61.46947145462036,-0.03983670473098755,-0.024487411603331566,27.859735107421898
150.3,1887,-24.343250274658203,0.4544307291507721,16.940811157226562,58.853424072265625,12825.447856083816,997.0247192382812,610.3358154296875,61.21571063995361,-0.039885010570287704,-0.024415893480181694,27.858636474609398
150.4,1887,-24.380369186401367,0.4574242830276489,16.9412841796875,59.282108306884766,12838.769311330307,1004.3150634765625,614.9945068359375,61.2352192401886,-0.03964323177933693,-0.02427561953663826,27.856561279296898
150.5,1887,-24.493770599365234,0.45845091342926025,16.9420166015625,59.61399841308594,12850.799186911667,1009.9813232421875,616.9523315429688,61.08551621437073,-0.03970123827457428,-0.024251705035567284,27.854730224609398
150.6,1887,-24.466873168945312,0.46051543951034546,16.942689895629883,59.914737701416016,12861.229741824653,1015.1168212890625,620.233642578125,61.09973192214966,-0.039447832852602005,-0.02410252019762993,27.853143310546898
150.7,1887,-24.60300064086914,0.46046194434165955,16.94454002380371,60.07807159423828,12879.351490447503,1017.9953002929688,621.035400390625,61.00572347640991,-0.03961610049009323,-0.024168089032173157,27.851403808593773
150.8,1887,-24.472248077392578,0.46228688955307007,16.94548988342285,60.1846923828125,12895.486910776688,1019.8590698242188,624.2778930664062,61.212170124053955,-0.03920089080929756,-0.023995714262127876,27.850000000000023
150.9,1887,-24.589130401611328,0.4625367522239685,16.94459342956543,60.33503341674805,12897.137521612269,1022.3526000976562,624.6952514648438,61.10369563102722,-0.039361800998449326,-0.024051515385508537,27.848046875000023
151,1856,-24.53719139099121,0.4643596410751343,16.944318771362305,60.516563415527344,12897.324031311206,1025.4119873046875,627.166259765625,61.162370443344116,-0.03912390023469925,-0.023929106071591377,27.845635986328148
151.1,1856,-24.58084487915039,0.45779553055763245,16.960458755493164,59.68559646606445,12897.244764689158,1012.2951049804688,618.2969360351562,61.07872724533081,-0.03975572809576988,-0.024282291531562805,27.844384765625023
151.2,1856,-24.30838966369629,0.4483495354652405,16.972091674804688,57.81135177612305,12834.124054141186,981.1795654296875,602.5756225585938,61.413389444351196,-0.040340811014175415,-0.024774659425020218,27.842462158203148
151.3,1856,-24.093748092651367,0.44355452060699463,16.966014862060547,56.640220642089844,12747.71644199546,960.9588012695312,592.11767578125,61.61738038063049,-0.04069080948829651,-0.0250726118683815,27.840509033203148
151.4,1856,-23.93457794189453,0.44079533219337463,16.960765838623047,55.896156311035156,12674.98581920982,948.0416259765625,585.0770874023438,61.714279651641846,-0.04090841859579086,-0.025246337056159973,27.840478515625023
151.5,1856,-23.74710464477539,0.43761366605758667,16.958574295043945,55.318843841552734,12624.001061634479,938.1287231445312,578.5175170898438,61.66718006134033,-0.04104820266366005,-0.02531326934695244,27.839837646484398
151.6,1856,-23.49653434753418,0.4346314072608948,16.957895278930664,54.810707092285156,12595.025614219181,929.4742431640625,573.2562255859375,61.67532205581665,-0.04098783805966377,-0.02527938224375248,27.838525390625023
151.7,1856,-23.344940185546875,0.43164393305778503,16.95821189880371,54.26142501831055,12581.494335561389,920.1767578125,568.7042846679688,61.80380582809448,-0.041049350053071976,-0.02537006139755249,27.837426757812523
151.8,1856,-23.382028579711914,0.4294462502002716,16.95639991760254,53.86199951171875,12561.23821657134,913.3056030273438,564.8978271484375,61.85200214385986,-0.041391607373952866,-0.02560153789818287,27.836083984375023
151.9,1856,-23.298612594604492,0.42888593673706055,16.954835891723633,53.609066009521484,12539.70683751482,908.9329223632812,563.1937255859375,61.962080001831055,-0.04136873781681061,-0.02563292905688286,27.835412597656273
152,1843,-23.182098388671875,0.4285072386264801,16.95428466796875,53.368812561035156,12522.81255584809,904.8300170898438,561.9383544921875,62.10429668426514,-0.04125381261110306,-0.025620389729738235,27.835382080078148
152.1,1843,-23.000757217407227,0.4253310263156891,16.96116065979004,52.731414794921875,12503.99139585423,894.385986328125,556.934814453125,62.27006912231445,-0.04129883274435997,-0.025716813281178474,27.835290527343773
152.2,1843,-22.73636817932129,0.419643372297287,16.9622802734375,51.9359245300293,12461.839038209117,880.9517211914062,547.6348876953125,62.16400861740112,-0.041517384350299835,-0.025808870792388916,27.834741210937523
152.3,1843,-22.67572784423828,0.41521015763282776,16.96068000793457,51.33203125,12425.947578020156,870.6261596679688,540.2890014648438,62.05751895904541,-0.04196963086724281,-0.026045309379696846,27.834527587890648
152.4,1843,-22.576587677001953,0.4140728712081909,16.959306716918945,50.858245849609375,12399.917818162425,862.5205688476562,537.680419921875,62.338268756866455,-0.041988860815763474,-0.026175128296017647,27.833795166015648
152.5,1843,-22.346403121948242,0.4118761420249939,16.957881927490234,50.48996353149414,12376.70202338739,856.2028198242188,533.8265991210938,62.34814524650574,-0.04186079278588295,-0.026099426671862602,27.833978271484398
152.6,1843,-22.35778045654297,0.4101957678794861,16.956130981445312,50.251686096191406,12351.800647208222,852.0741577148438,530.5790405273438,62.26910948753357,-0.04213845729827881,-0.026239242404699326,27.834222412109398
152.7,1843,-22.231643676757812,0.40929701924324036,16.955677032470703,50.03117752075195,12337.402098450377,848.3125,528.7993774414062,62.3354434967041,-0.04204173758625984,-0.026206903159618378,27.833398437500023
152.8,1843,-22.295425415039062,0.4081599712371826,16.955480575561523,49.83665084838867,12327.918080259491,845.00439453125,526.9249267578125,62.35765814781189,-0.04231233522295952,-0.026384983211755753,27.833154296875023
152.9,1843,-22.133922576904297,0.40783175826072693,16.95535659790039,49.65602493286133,12321.417051565959,841.9356079101562,526.2235717773438,62.5016450881958,-0.04206182062625885,-0.026289328932762146,27.832421875000023
153,1843,-22.156875610351562,0.40519648790359497,16.95587921142578,49.437095642089844,12321.992900261424,838.2494506835938,522.8477783203125,62.37376928329468,-0.042377300560474396,-0.02643231861293316,27.831689453125023
153.1,1843,-22.043928146362305,0.40746402740478516,16.9544620513916,49.323638916015625,12312.893558324593,836.2557373046875,525.3854370117188,62.82592415809631,-0.04195763170719147,-0.026360269635915756,27.831048583984398
153.2,1843,-22.12718963623047,0.405967116355896,16.95357322692871,49.26101303100586,12299.744624549618,835.1502075195312,522.8963012695312,62.61104941368103,-0.04231659322977066,-0.026494862511754036,27.830865478515648
153.3,1843,-22.11764144897461,0.4077144265174866,16.95207405090332,49.31221389770508,12284.259656795472,835.9442749023438,524.4857177734375,62.741708755493164,-0.042170148342847824,-0.026458270847797394,27.830743408203148
153.4,1843,-22.262483596801758,0.40742433071136475,16.95180320739746,49.38040542602539,12273.102879742255,837.0869140625,523.6365356445312,62.55462169647217,-0.042515143752098083,-0.026595188304781914,27.830834960937523
153.5,1843,-22.301851272583008,0.4089691936969757,16.950286865234375,49.54143142700195,12257.160963225717,839.741455078125,524.9393310546875,62.51201629638672,-0.042484626173973083,-0.02655799686908722,27.830773925781273
153.6,1843,-22.370941162109375,0.41185876727104187,16.949886322021484,49.71284866333008,12247.799342024757,842.6271362304688,528.2445068359375,62.690186500549316,-0.042349595576524734,-0.026549039408564568,27.830926513671898
153.7,1843,-22.427675247192383,0.41136452555656433,16.950077056884766,49.87934112548828,12242.943095738716,845.4586791992188,527.4014282226562,62.3805046081543,-0.04252486675977707,-0.026527227833867073,27.832025146484398
153.8,1843,-22.374120712280273,0.4142816364765167,16.950719833374023,50.015193939208984,12246.517087844573,847.7935180664062,531.2964477539062,62.6681387424469,-0.0421123132109642,-0.026391001418232918,27.832360839843773
153.9,1843,-22.358047485351562,0.41169416904449463,16.95277976989746,49.980751037597656,12263.574565497871,847.3126831054688,528.7135009765625,62.398868799209595,-0.042287640273571014,-0.026387009769678116,27.833093261718773
154,1856,-22.304763793945312,0.4132637679576874,16.953359603881836,49.93410873413086,12276.345817132502,846.5509033203125,531.2819213867188,62.758415937423706,-0.04198291152715683,-0.0263478122651577,27.834039306640648
154.1,1856,-22.454639434814453,0.41323772072792053,16.946041107177734,50.32887649536133,12290.19183090725,852.8751831054688,531.84765625,62.35937476158142,-0.04222005978226662,-0.02632816508412361,27.835046386718773
154.2,1856,-22.64568519592285,0.41730639338493347,16.943445205688477,50.995243072509766,12317.601762537104,864.0350952148438,538.2819213867188,62.298619747161865,-0.04207030311226845,-0.026209218427538872,27.835687255859398
154.3,1856,-22.67494010925293,0.41831719875335693,16.945199966430664,51.445980072021484,12343.546427344694,871.7623901367188,540.7222900390625,62.0263397693634,-0.0419345386326313,-0.026010457426309586,27.836022949218773
154.4,1856,-22.798656463623047,0.4191393554210663,16.946630477905273,51.77140808105469,12366.963885731704,877.3509521484375,542.8128662109375,61.869531869888306,-0.04200094938278198,-0.02598579041659832,27.836145019531273
154.5,1856,-22.74744987487793,0.4220690429210663,16.94807243347168,52.003204345703125,12387.130246929139,881.3540649414062,547.4983520507812,62.120139598846436,-0.041547976434230804,-0.02580966055393219,27.836755371093773
154.6,1856,-22.764684677124023,0.42114704847335815,16.949974060058594,52.075347900390625,12412.89772752274,882.67578125,547.4387817382812,62.02036738395691,-0.04158398136496544,-0.025790538638830185,27.837213134765648
154.7,1856,-22.79228401184082,0.4208067059516907,16.950925827026367,52.08808135986328,12432.401979288952,882.9412231445312,547.8558349609375,62.04896569252014,-0.04160270094871521,-0.02581404522061348,27.838037109375023
154.8,1856,-22.783517837524414,0.42002516984939575,16.951692581176758,52.04130172729492,12447.847313732074,882.1881713867188,547.5177001953125,62.0635986328125,-0.04161238297820091,-0.025826143100857735,27.838586425781273
154.9,1856,-22.695369720458984,0.4213661253452301,16.952253341674805,51.97319793701172,12456.404611856375,881.0628051757812,549.643310546875,62.38412261009216,-0.04129108786582947,-0.025759082287549973,27.839471435546898
155,1827,-22.623943328857422,0.4211393892765045,16.951744079589844,51.958168029785156,12457.421089715574,880.7815551757812,549.3923950195312,62.37555146217346,-0.04117993637919426,-0.025686213746666908,27.840905761718773
155.1,1827,-22.62638282775879,0.4142898619174957,16.966066360473633,51.1020622253418,12437.877204638336,867.0009765625,539.6090087890625,62.23856806755066,-0.041931070387363434,-0.02609729766845703,27.841455078125023
155.2,1827,-22.321849822998047,0.4085792899131775,16.97159767150879,49.62556838989258,12365.486962053255,842.2251586914062,529.07373046875,62.818557024002075,-0.04219043254852295,-0.0265034232288599,27.842950439453148
155.3,1827,-21.979373931884766,0.40079060196876526,16.96872901916504,48.56901550292969,12302.953757056932,824.1544799804688,516.363525390625,62.65372633934021,-0.04256569966673851,-0.02666899748146534,27.844323730468773
155.4,1827,-21.68372344970703,0.3979903757572174,16.96548843383789,47.753684997558594,12251.4677546657,810.1646118164062,510.6099853515625,63.02546262741089,-0.042466312646865845,-0.02676459029316902,27.846398925781273
155.5,1827,-21.637962341308594,0.3958001434803009,16.962446212768555,47.192237854003906,12204.292457691123,800.4957885742188,505.84466552734375,63.19141983985901,-0.04277590289711952,-0.0270307008177042,27.847192382812523
155.6,1827,-21.645694732666016,0.3937191069126129,16.959020614624023,46.88513946533203,12155.13666085097,795.1260375976562,501.1583251953125,63.028788566589355,-0.0431913286447525,-0.027222972363233566,27.849237060546898
155.7,1827,-21.67557716369629,0.3932510018348694,16.95639991760254,46.762760162353516,12111.064418992437,792.9280395507812,498.74755859375,62.89947032928467,-0.043460018932819366,-0.02733612060546875,27.850396728515648
155.8,1827,-21.70098304748535,0.39394915103912354,16.95473861694336,46.736907958984375,12078.660690173576,792.4120483398438,498.29620361328125,62.883466482162476,-0.04355036839842796,-0.027385983616113663,27.851617431640648
155.9,1827,-21.7475643157959,0.39454108476638794,16.953866958618164,46.76566696166992,12054.958804495689,792.85888671875,498.0656433105469,62.81895041465759,-0.043664053082466125,-0.02742929942905903,27.853967285156273
156,1862,-21.724451065063477,0.3952493965625763,16.953136444091797,46.85942077636719,12039.072840888832,794.4141845703125,498.3022766113281,62.72575855255127,-0.04359693452715874,-0.027346504852175713,27.855615234375023
156.1,1862,-21.710933685302734,0.4017234146595001,16.939014434814453,47.755287170410156,12051.46291332626,808.927490234375,506.9855041503906,62.673789262771606,-0.04282357916235924,-0.026839159429073334,27.856408691406273
156.2,1862,-22.10974884033203,0.41318589448928833,16.92957878112793,49.58866882324219,12141.168250086295,839.5152587890625,525.3328857421875,62.57573962211609,-0.042087122797966,-0.02633632719516754,27.856744384765648
156.3,1862,-22.384870529174805,0.4170287251472473,16.934926986694336,50.73505783081055,12237.696344770528,859.1945190429688,534.4342041015625,62.20177412033081,-0.04188517481088638,-0.02605332061648369,27.857415771484398
156.4,1862,-22.723913192749023,0.4198490083217621,16.939207077026367,51.58711242675781,12310.67176153602,873.8447875976562,541.2569580078125,61.93971633911133,-0.04198359325528145,-0.026004519313573837,27.858361816406273
156.5,1862,-22.91378402709961,0.4236656427383423,16.941722869873047,52.23353958129883,12364.033352087175,884.9261474609375,548.5447387695312,61.98762655258179,-0.04177195206284523,-0.0258934423327446,27.859552001953148
156.6,1862,-23.00313377380371,0.4256027340888977,16.94350814819336,52.744422912597656,12403.371744649594,893.675537109375,552.8060302734375,61.85757517814636,-0.04161158204078674,-0.025739915668964386,27.860070800781273
156.7,1862,-23.092811584472656,0.4263332784175873,16.94611930847168,53.07260513305664,12441.841701426341,899.3746948242188,555.4724731445312,61.762070655822754,-0.04157327860593796,-0.02567651867866516,27.860101318359398
156.8,1862,-23.14678192138672,0.4266849458217621,16.948238372802734,53.25261688232422,12474.623112385549,902.5380249023438,557.3953857421875,61.7586612701416,-0.041526682674884796,-0.025646323338150978,27.860559082031273
156.9,1862,-23.13388442993164,0.4271930158138275,16.950021743774414,53.31718444824219,12501.860522543888,903.7274169921875,559.277587890625,61.88564896583557,-0.04136386886239052,-0.025598298758268356,27.860650634765648
157,1900,-23.154470443725586,0.42824044823646545,16.950401306152344,53.35364532470703,12520.2911778556,904.36572265625,561.4754028320312,62.084996700286865,-0.04123862087726593,-0.025602994486689568,27.861505126953148
157.1,1900,-23.229795455932617,0.43227535486221313,16.938871383666992,54.013877868652344,12527.622174709397,914.9341430664062,567.0975341796875,61.98233366012573,-0.04096261411905289,-0.02538958191871643,27.862268066406273
157.2,1900,-23.5292911529541,0.4436113238334656,16.919185638427734,56.31063461303711,12602.255196424181,952.7301025390625,585.4360961914062,61.44826412200928,-0.04019104689359665,-0.024696702137589455,27.864312744140648
157.3,1900,-23.88041114807129,0.4510610103607178,16.923633575439453,57.994781494140625,12708.395534717316,981.482421875,600.2810668945312,61.160653829574585,-0.039782050997018814,-0.02433096058666706,27.865197753906273
157.4,1900,-24.210317611694336,0.4577604830265045,16.928375244140625,59.26523971557617,12790.711590342638,1003.2642211914062,613.1427612304688,61.11478805541992,-0.03948561102151871,-0.024131547659635544,27.865869140625023
157.5,1900,-24.279617309570312,0.46094441413879395,16.932479858398438,60.23832702636719,12857.725690855896,1019.9842529296875,620.6422119140625,60.84821820259094,-0.0391201488673687,-0.023803913965821266,27.866815185546898
157.6,1900,-24.605188369750977,0.4636603891849518,16.935312271118164,60.98622512817383,12910.357562209963,1032.82080078125,626.8546752929688,60.69346070289612,-0.039251819252967834,-0.023823289200663567,27.868096923828148
157.7,1900,-24.691600799560547,0.4680396020412445,16.936532974243164,61.63870620727539,12945.598569823886,1043.9459228515625,634.5025024414062,60.77924966812134,-0.03891489654779434,-0.023652182891964912,27.869409179687523
157.8,1900,-24.711458206176758,0.46903812885284424,16.938901901245117,62.090415954589844,12980.678712822475,1051.743408203125,637.5792236328125,60.621172189712524,-0.038758255541324615,-0.023495709523558617,27.869897460937523
157.9,1900,-24.86911964416504,0.4695143401622772,16.94132423400879,62.38239669799805,13011.298942645264,1056.8404541015625,639.7321166992188,60.53251624107361,-0.038874272257089615,-0.02353157475590706,27.869866943359398
158,1931,-24.966161727905273,0.4719541072845459,16.942245483398438,62.674049377441406,13030.18538103375,1061.839111328125,643.9898071289062,60.64852476119995,-0.038767945021390915,-0.023512188345193863,27.869927978515648
158.1,1931,-25.103796005249023,0.479742169380188,16.92469024658203,63.990421295166016,13050.918265441704,1083.01806640625,655.6583251953125,60.53992509841919,-0.038287922739982605,-0.02317948080599308,27.870202636718773
158.2,1931,-25.445037841796875,0.48973897099494934,16.914121627807617,66.26802062988281,13126.001241805172,1120.8653564453125,673.1715087890625,60.058194398880005,-0.037798743695020676,-0.022701242938637733,27.871057128906273
158.3,1931,-25.864953994750977,0.4954577386379242,16.919471740722656,67.8215103149414,13209.570409470218,1147.504150390625,685.3681640625,59.726858139038086,-0.037738773971796036,-0.02254018373787403,27.871606445312523
158.4,1931,-26.152664184570312,0.499855637550354,16.923065185546875,69.06307983398438,13278.595317675126,1168.759033203125,695.0648803710938,59.47033166885376,-0.03762621805071831,-0.022376438602805138,27.872583007812523
158.5,1931,-26.29336929321289,0.5049015879631042,16.9267578125,70.00706481933594,13335.135732907518,1184.99267578125,705.0709228515625,59.50002670288086,-0.03729180991649628,-0.022188635542988777,27.873437500000023
158.6,1931,-26.585262298583984,0.5071099996566772,16.928211212158203,70.80150604248047,13376.763532024373,1198.5428466796875,710.365478515625,59.269094467163086,-0.03742476552724838,-0.022181319072842598,27.874688720703148
158.7,1931,-26.59772491455078,0.5099733471870422,16.930906295776367,71.42185974121094,13416.933058432676,1209.23681640625,716.521728515625,59.2540442943573,-0.03712061420083046,-0.021995464339852333,27.874688720703148
158.8,1931,-26.691713333129883,0.5104697346687317,16.933645248413086,71.77762603759766,13458.236796947629,1215.4569091796875,719.4270629882812,59.189850091934204,-0.037101346999406815,-0.02196023054420948,27.874871826171898
158.9,1931,-26.727163314819336,0.5120023488998413,16.934377670288086,72.09796905517578,13482.617111655396,1220.9342041015625,722.8942260742188,59.20828580856323,-0.03697243705391884,-0.021890748292207718,27.875634765625023
159,1931,-26.853240966796875,0.5132312774658203,16.935686111450195,72.34439086914062,13500.583824091007,1225.201904296875,725.5950317382812,59.22248363494873,-0.037008579820394516,-0.021917400881648064,27.876031494140648
159.1,1931,-26.909452438354492,0.5145048499107361,16.935302734375,72.59341430664062,13509.381253452686,1229.3914794921875,727.8695678710938,59.20568108558655,-0.03697015717625618,-0.021888433024287224,27.876733398437523
159.2,1931,-27.09679412841797,0.5151430368423462,16.93536376953125,72.81771850585938,13514.68745438741,1233.194580078125,729.0586547851562,59.11951661109924,-0.03716682270169258,-0.02197284623980522,27.877923583984398
159.3,1931,-26.99858856201172,0.5164899230003357,16.935993194580078,72.99325561523438,13524.439580270517,1236.2132568359375,731.4923095703125,59.17201042175293,-0.036908917129039764,-0.021839749068021774,27.879174804687523
159.4,1931,-26.95461654663086,0.5139734148979187,16.937604904174805,73.02117919921875,13537.995338326295,1236.8038330078125,728.6578369140625,58.914583921432495,-0.036992147564888,-0.02179376780986786,27.879663085937523
159.5,1931,-26.958215713500977,0.5154290199279785,16.93770980834961,73.06681823730469,13545.358974377405,1237.5845947265625,731.118896484375,59.076279401779175,-0.03687254711985588,-0.021782929077744484,27.879602050781273
159.6,1931,-26.918149948120117,0.515347957611084,16.937162399291992,73.11888885498047,13545.762301601353,1238.426513671875,731.0256958007812,59.028589725494385,-0.03682244196534157,-0.021735766902565956,27.879998779296898
159.7,1931,-26.90268325805664,0.5155231952667236,16.938304901123047,73.1462631225586,13551.067336850458,1238.9737548828125,731.5606689453125,59.04569625854492,-0.036774370819330215,-0.021713683381676674,27.880212402343773
159.8,1931,-26.914884567260742,0.5162480473518372,16.93873405456543,73.1334457397461,13558.562695376442,1238.7879638671875,732.9944458007812,59.1702938079834,-0.03671908378601074,-0.021726788952946663,27.880578613281273
159.9,1931,-26.915626525878906,0.5147901773452759,16.93851661682129,73.14832305908203,13561.0059724325,1239.0240478515625,731.0562133789062,59.00258421897888,-0.03681745007634163,-0.021723248064517975,27.881005859375023
160,1931,-26.945817947387695,0.51579350233078,16.938840866088867,73.13436889648438,13563.452746545416,1238.8114013671875,732.6132202148438,59.13839340209961,-0.03678041696548462,-0.021751347929239273,27.881158447265648
160.1,1931,-26.859500885009766,0.5163535475730896,16.939022064208984,73.09721374511719,13567.075697447242,1238.1953125,733.6045532226562,59.247887134552,-0.03661305084824562,-0.021692458540201187,27.880975341796898
160.2,1931,-26.957500457763672,0.5145841836929321,16.939027786254883,73.05087280273438,13568.18659584153,1237.4107666015625,731.150634765625,59.08713936805725,-0.036869969218969345,-0.02178541012108326,27.880517578125023
160.3,1931,-27.045442581176758,0.5176775455474854,16.93614959716797,73.20609283447266,13552.665491833215,1239.829345703125,734.7044677734375,59.258514642715454,-0.03681132197380066,-0.02181384339928627,27.880181884765648
160.4,1931,-27.16994285583496,0.5174962282180786,16.933956146240234,73.49423217773438,13530.850851171434,1244.548095703125,733.2649536132812,58.918166160583496,-0.03705338016152382,-0.021831171587109566,27.879571533203148
160.5,1931,-27.234020233154297,0.5198589563369751,16.932825088500977,73.82137298583984,13516.586356259699,1250.00439453125,735.8362426757812,58.86669158935547,-0.037010978907346725,-0.021787138655781746,27.879663085937523
160.6,1931,-27.199012756347656,0.5198867917060852,16.934053421020508,74.03167724609375,13519.029633315758,1253.6563720703125,736.0086669921875,58.70895981788635,-0.03695474565029144,-0.02169574797153473,27.879632568359398
160.7,1931,-27.193201065063477,0.5195940136909485,16.936302185058594,74.09941864013672,13534.128759130232,1254.9700927734375,736.4157104492188,58.679938316345215,-0.036926425993442535,-0.02166840434074402,27.879541015625023
160.8,1931,-27.240251541137695,0.5197619199752808,16.936311721801758,74.15862274169922,13544.771468825757,1255.9735107421875,737.2329711914062,58.698129653930664,-0.03694931045174599,-0.0216885544359684,27.879571533203148
160.9,1931,-27.281259536743164,0.5187768936157227,16.93630027770996,74.22480773925781,13546.181948423959,1257.0936279296875,735.9124145507812,58.54077935218811,-0.037071339786052704,-0.02170185185968876,27.879357910156273
161,1950,-27.146963119506836,0.5192539691925049,16.93772315979004,74.23246002197266,13557.02515604584,1257.328857421875,737.1788330078125,58.630549907684326,-0.036825478076934814,-0.021590981632471085,27.879418945312523
161.1,1950,-27.066368103027344,0.5204388499259949,16.928794860839844,74.62712860107422,13582.882394432054,1263.347412109375,740.2702026367188,58.59593749046326,-0.03656282275915146,-0.02142432890832424,27.878991699218773
161.2,1950,-27.212894439697266,0.5230473279953003,16.921674728393555,75.73625183105469,13635.464141304534,1281.584228515625,746.860595703125,58.276355266571045,-0.036436378955841064,-0.02123379334807396,27.878442382812523
161.3,1950,-27.40506935119629,0.5260943174362183,16.92331886291504,76.49053192138672,13682.141690520075,1294.4736328125,753.782958984375,58.230847120285034,-0.03635670989751816,-0.02117082104086876,27.877252197265648
161.4,1950,-27.498004913330078,0.5267107486724854,16.924816131591797,77.08736419677734,13716.925749371605,1304.689453125,756.5847778320312,57.98964500427246,-0.03634491190314293,-0.021076282486319542,27.875848388671898
161.5,1950,-27.573223114013672,0.5289570689201355,16.925912857055664,77.56399536132812,13742.653596654183,1312.8414306640625,761.236572265625,57.983893156051636,-0.03622162342071533,-0.02100270614027977,27.874871826171898
161.6,1950,-27.68511390686035,0.5303444266319275,16.926790237426758,77.94645690917969,13761.108731363882,1319.38330078125,764.2581176757812,57.925403118133545,-0.03622482344508171,-0.020983373746275902,27.874688720703148
161.7,1950,-27.85340690612793,0.5331985950469971,16.925857543945312,78.36936950683594,13767.45705524141,1326.46875,768.7255859375,57.95278549194336,-0.03623322397470474,-0.020998163148760796,27.874017333984398
161.8,1950,-27.900615692138672,0.5343360304832458,16.925376892089844,78.79105377197266,13769.727810825952,1333.5682373046875,770.4925537109375,57.776761054992676,-0.03621140494942665,-0.020921774208545685,27.872888183593773
161.9,1950,-27.989206314086914,0.5373941659927368,16.925310134887695,79.14701080322266,13775.868642663414,1339.587646484375,775.247802734375,57.87212252616882,-0.03610356152057648,-0.020893895998597145,27.871728515625023
162,1950,-28.010547637939453,0.5374917984008789,16.92656135559082,79.41324615478516,13786.083545737005,1344.1932373046875,775.963623046875,57.72709250450134,-0.03609775751829147,-0.020838186144828796,27.870050048828148
162.1,1950,-28.06545066833496,0.5391559600830078,16.927616119384766,79.56858825683594,13800.402827872802,1346.906494140625,779.1746215820312,57.84919857978821,-0.0360194630920887,-0.02083696983754635,27.869775390625023
162.2,1950,-28.035789489746094,0.5395815372467041,16.927997589111328,79.71498107910156,13811.257692350868,1349.4150390625,780.4030151367188,57.832688093185425,-0.0359247587621212,-0.020776255056262016,27.869287109375023
162.3,1950,-28.05512237548828,0.5391457676887512,16.92884063720703,79.78297424316406,13822.939027932342,1350.63330078125,780.4322509765625,57.78269171714783,-0.03594818338751793,-0.020771829411387444,27.868524169921898
162.4,1950,-28.15116310119629,0.5411023497581482,16.92704200744629,79.95733642578125,13818.04664539213,1353.441162109375,782.9872436523438,57.8515887260437,-0.03595354035496712,-0.02079969458281994,27.867669677734398
162.5,1950,-28.21149253845215,0.5426984429359436,16.925159454345703,80.25181579589844,13808.369123388598,1358.2747802734375,784.746826171875,57.77526497840881,-0.03594980016350746,-0.02077009156346321,27.867120361328148
162.6,1950,-28.278465270996094,0.5420926809310913,16.92517852783203,80.49406433105469,13803.919701383362,1362.37646484375,783.6183471679688,57.51848816871643,-0.0360870398581028,-0.020756719633936882,27.866906738281273
162.7,1950,-28.258487701416016,0.5416067242622375,16.926677703857422,80.60368347167969,13814.767571747716,1364.3525390625,783.5311279296875,57.42878317832947,-0.03606555983424187,-0.02071201242506504,27.866082763671898
162.8,1950,-28.14945411682129,0.5423091650009155,16.929061889648438,80.5842514038086,13833.28915053766,1364.2158203125,785.5991821289062,57.5861394405365,-0.03583182767033577,-0.020634165033698082,27.865777587890648
162.9,1950,-28.018596649169922,0.5424484014511108,16.931699752807617,80.37861633300781,13857.285954676989,1360.9466552734375,787.1640014648438,57.839447259902954,-0.035594355314970016,-0.020587580278515816,27.865960693359398
163,1972,-27.95221519470215,0.5419902801513672,16.932340621948242,80.17782592773438,13870.888340157502,1357.5982666015625,787.271240234375,57.99000263214111,-0.03550519049167633,-0.02058945968747139,27.865899658203148
163.1,1972,-27.980358123779297,0.5423442721366882,16.91908836364746,80.68733978271484,13881.927382963266,1365.15625,788.4124145507812,57.75253772735596,-0.03548949584364891,-0.020496085286140442,27.865411376953148
163.2,1972,-28.066478729248047,0.5466013550758362,16.908777236938477,82.06009674072266,13932.315309502013,1387.535888671875,797.4851684570312,57.4749231338501,-0.035193730145692825,-0.020227570086717606,27.865258789062523
163.3,1972,-28.14947509765625,0.5516756176948547,16.911041259765625,82.9439926147461,13983.650938448478,1402.6693115234375,807.8541870117188,57.59406089782715,-0.03484474867582321,-0.02006850391626358,27.864984130859398
163.4,1972,-28.51409339904785,0.5515835285186768,16.91339111328125,83.57504272460938,14024.00347749886,1413.537353515625,810.0501708984375,57.306599617004395,-0.03520040586590767,-0.020172154530882835,27.865472412109398
163.5,1972,-28.547639846801758,0.5553596019744873,16.913454055786133,84.17182159423828,14047.905861103101,1423.63623046875,816.9857788085938,57.38725662231445,-0.034942641854286194,-0.020052623003721237,27.865777587890648
163.6,1972,-28.576412200927734,0.5558947324752808,16.91472625732422,84.58381652832031,14071.924813269181,1430.712158203125,819.1712036132812,57.25618600845337,-0.03488454222679138,-0.01997355930507183,27.866876220703148
163.7,1972,-28.524715423583984,0.5582883954048157,16.916324615478516,84.86483764648438,14094.302480084623,1435.6011962890625,824.0068359375,57.398033142089844,-0.03461708500981331,-0.019869526848196983,27.867852783203148
163.8,1972,-28.57558822631836,0.5568692684173584,16.91672706604004,85.10445404052734,14109.08104235405,1439.6888427734375,822.7740478515625,57.14944005012512,-0.034730784595012665,-0.019848447293043137,27.869470214843773
163.9,1972,-28.6290340423584,0.5591732263565063,16.9152889251709,85.40648651123047,14113.897655329067,1444.6754150390625,826.460205078125,57.20732808113098,-0.03464054688811302,-0.01981693133711815,27.869775390625023
164,1881,-28.596282958984375,0.558809757232666,16.91477394104004,85.68017578125,14114.242698272099,1449.2608642578125,825.9431762695312,56.99065327644348,-0.03462257981300354,-0.019731633365154266,27.869897460937523
164.1,1881,-28.749019622802734,0.5599561333656311,16.928129196166992,85.27120971679688,14110.095188842013,1443.4820556640625,827.3944091796875,57.319337129592896,-0.034746453166007996,-0.019916437566280365,27.869989013671898
164.2,1881,-28.637195587158203,0.547726035118103,16.961957931518555,82.61795043945312,14037.721265855589,1401.3621826171875,805.1719360351562,57.456374168395996,-0.03556656092405319,-0.020435256883502007,27.870263671875023
164.3,1881,-28.294221878051758,0.5302630066871643,16.991256713867188,78.41634368896484,13885.7286837647,1332.3922119140625,771.060791015625,57.87040591239929,-0.03669518977403641,-0.02123565599322319,27.871575927734398
164.4,1881,-27.703628540039062,0.5143691897392273,16.995569229125977,74.25703430175781,13671.418548516885,1262.04052734375,736.4057006835938,58.350396156311035,-0.03762006387114525,-0.021951455622911453,27.872460937500023
164.5,1881,-27.090147018432617,0.5049442648887634,16.983552932739258,71.45574188232422,13481.52719560224,1213.5723876953125,712.871337890625,58.741557598114014,-0.03800145164132118,-0.022322647273540497,27.872766113281273
164.6,1881,-26.486600875854492,0.4964461326599121,16.976646423339844,69.26177978515625,13348.922296715731,1175.832763671875,693.97998046875,59.02029871940613,-0.03816623240709305,-0.02252582274377346,27.874322509765648
164.7,1881,-26.042226791381836,0.48826858401298523,16.972219467163086,67.42053985595703,13256.949701428006,1144.2762451171875,677.845947265625,59.23796892166138,-0.03841909393668175,-0.022758688777685165,27.875115966796898
164.8,1881,-25.79778480529785,0.48216885328292847,16.96746253967285,66.00426483154297,13176.3880026583,1119.9249267578125,665.3101196289062,59.40667390823364,-0.03877557814121246,-0.023035280406475067,27.875939941406273
164.9,1881,-25.64316749572754,0.48027503490448,16.962862014770508,64.92637634277344,13103.713332782341,1101.337158203125,659.0418701171875,59.84015464782715,-0.03890977054834366,-0.023283665999770164,27.876733398437523
165,1846,-25.305404663085938,0.47710439562797546,16.9605655670166,64.05882263183594,13052.061803033304,1086.473876953125,652.1104736328125,60.02081036567688,-0.03880539536476135,-0.023291314020752907,27.878259277343773
165.1,1846,-24.95969009399414,0.4665263891220093,16.975204467773438,62.38368225097656,13018.740679632803,1058.9757080078125,636.0244750976562,60.06034016609192,-0.03924328833818436,-0.023569652810692787,27.879693603515648
165.2,1846,-24.429134368896484,0.45221567153930664,16.98987579345703,59.454978942871094,12933.378687486735,1010.1326904296875,612.4719848632812,60.63282489776611,-0.039886124432086945,-0.024184083566069603,27.879937744140648
165.3,1846,-24.0212345123291,0.4407790005207062,16.98394203186035,57.2983283996582,12827.218532538087,973.1514892578125,592.0822143554688,60.84173321723938,-0.04057077690958977,-0.024683961644768715,27.880853271484398
165.4,1846,-23.690141677856445,0.4332331120967865,16.976499557495117,55.74459457397461,12728.121266751015,946.3480834960938,577.4502563476562,61.01880073547363,-0.04102542623877525,-0.025033222511410713,27.881768798828148
165.5,1846,-23.35272979736328,0.42764171957969666,16.971582412719727,54.53879928588867,12646.975559486516,925.6097412109375,566.3636474609375,61.188167333602905,-0.041232749819755554,-0.02522956393659115,27.882226562500023
165.6,1846,-23.06134605407715,0.42389005422592163,16.96723747253418,53.64124298095703,12580.672527200451,910.1437377929688,558.4517822265625,61.358642578125,-0.041295140981674194,-0.02533813752233982,27.883447265625023
165.7,1846,-22.751401901245117,0.42043036222457886,16.964414596557617,52.93985366821289,12528.164218521928,898.0936279296875,551.58203125,61.41698956489563,-0.04124753922224045,-0.025332994759082794,27.884515380859398
165.8,1846,-22.59303092956543,0.4160063862800598,16.96307373046875,52.31555938720703,12494.045766158477,887.4326782226562,544.2916870117188,61.333292722702026,-0.041509050875902176,-0.025458866730332375,27.884545898437523
165.9,1846,-22.565624237060547,0.41354918479919434,16.962444305419922,51.751251220703125,12466.365395465165,877.8276977539062,539.8779907226562,61.50159239768982,-0.04179763421416283,-0.025706211104989052,27.884973144531273
166,1853,-22.341712951660156,0.41366487741470337,16.960542678833008,51.344730377197266,12441.089834202507,870.83447265625,538.9341430664062,61.887091398239136,-0.04145536944270134,-0.02565552107989788,27.885766601562523
166.1,1853,-22.26299285888672,0.41238656640052795,16.955257415771484,51.25228500366211,12417.636239561329,868.9956665039062,536.255859375,61.70984506607056,-0.041515614837408066,-0.025619221851229668,27.886834716796898
166.2,1853,-22.449352264404297,0.4129990339279175,16.952714920043945,51.404327392578125,12407.437656086395,871.4429321289062,536.6112060546875,61.57732605934143,-0.04183541238307953,-0.025761127471923828,27.888116455078148
166.3,1853,-22.44377326965332,0.41458451747894287,16.952497482299805,51.50442123413086,12403.171246723237,873.1286010742188,538.4860229492188,61.67316436767578,-0.041679397225379944,-0.02570500411093235,27.889489746093773
166.4,1853,-22.399118423461914,0.415474534034729,16.952383041381836,51.602291107177734,12400.20341113892,874.7817993164062,539.5128784179688,61.67399883270264,-0.04151729866862297,-0.025605376809835434,27.889489746093773
166.5,1853,-22.393571853637695,0.4143928289413452,16.953567504882812,51.60197067260742,12407.761716688296,874.8374633789062,538.436279296875,61.54700517654419,-0.04159001633524895,-0.025597408413887024,27.889855957031273
166.6,1853,-22.445838928222656,0.4156283140182495,16.953874588012695,51.577396392822266,12412.522376753632,874.4367065429688,540.248779296875,61.7824912071228,-0.041547227650880814,-0.025668911635875702,27.890710449218773
166.7,1853,-22.51398277282715,0.4154505729675293,16.952600479125977,51.631202697753906,12405.052663311251,875.2831420898438,539.6927490234375,61.65921688079834,-0.04171629622578621,-0.025721943005919456,27.890924072265648
166.8,1853,-22.72537612915039,0.41717779636383057,16.950624465942383,51.84020233154297,12387.542899638034,878.7238159179688,541.1715698242188,61.586081981658936,-0.0419929213821888,-0.025861795991659164,27.891351318359398
166.9,1853,-22.775447845458984,0.4198661148548126,16.949565887451172,52.11075210571289,12371.574172352273,883.254638671875,543.956787109375,61.585503816604614,-0.041869957000017166,-0.02578582428395748,27.891778564453148
167,1859,-22.841997146606445,0.42046844959259033,16.94967269897461,52.34878921508789,12366.555895765281,887.2948608398438,544.5161743164062,61.368125677108765,-0.041949160397052765,-0.025743411853909492,27.891778564453148
167.1,1859,-22.903587341308594,0.42213767766952515,16.94818878173828,52.68429183959961,12377.912005059236,892.9033203125,547.1798706054688,61.280977725982666,-0.041857510805130005,-0.025650691241025925,27.892022705078148
167.2,1859,-22.83313751220703,0.4252358675003052,16.94746971130371,53.09174346923828,12403.49414163952,899.7706909179688,552.3349609375,61.386191844940186,-0.041339293122291565,-0.025376617908477783,27.892572021484398
167.3,1859,-22.87347412109375,0.42491966485977173,16.949934005737305,53.24490737915039,12439.680520289923,902.4976806640625,553.5344848632812,61.33362054824829,-0.041322581470012665,-0.02534463442862034,27.892999267578148
167.4,1859,-22.95891571044922,0.42357298731803894,16.95143699645996,53.31965255737305,12464.60404449584,903.8447265625,552.8856811523438,61.17042899131775,-0.04152560979127884,-0.025401392951607704,27.893243408203148
167.5,1859,-22.953340530395508,0.4224280118942261,16.952396392822266,53.33681106567383,12480.689340343435,904.186767578125,552.1027221679688,61.060696840286255,-0.041574399918317795,-0.025385618209838867,27.893701171875023
167.6,1859,-22.82984733581543,0.4218256175518036,16.95401954650879,53.26580810546875,12500.24255090562,903.069580078125,552.1791381835938,61.14469766616821,-0.04134500026702881,-0.02528027631342411,27.893518066406273
167.7,1859,-22.758134841918945,0.42081108689308167,16.954914093017578,53.106868743896484,12518.227914311123,900.4224243164062,551.6436767578125,61.26498579978943,-0.04125513508915901,-0.025274954736232758,27.894281005859398
167.8,1859,-22.698959350585938,0.42095550894737244,16.955053329467773,52.94736099243164,12524.924778188537,897.725341796875,552.1282348632812,61.50302290916443,-0.04111175239086151,-0.02528497204184532,27.894158935546898
167.9,1859,-22.635517120361328,0.42061594128608704,16.954599380493164,52.830013275146484,12527.845986348118,895.7117309570312,551.8115234375,61.60593032836914,-0.04102037847042084,-0.025270985439419746,27.894036865234398
168,1802,-22.660036087036133,0.4196501672267914,16.953638076782227,52.7828369140625,12518.462217120412,894.861083984375,550.1321411132812,61.47681474685669,-0.041190169751644135,-0.025322405621409416,27.893853759765648
168.1,1802,-22.660240173339844,0.4161744713783264,16.962848663330078,52.267513275146484,12500.011745153186,886.6058959960938,544.7716064453125,61.44461631774902,-0.04159585386514664,-0.025558412075042725,27.893731689453148
168.2,1802,-22.48090362548828,0.40280798077583313,16.986385345458984,49.98428726196289,12411.618970399411,849.0523681640625,523.5463256835938,61.66242957115173,-0.04293966293334961,-0.026477640494704247,27.893334960937523
168.3,1802,-21.986572265625,0.38979947566986084,16.98882293701172,47.55652618408203,12254.176808042743,807.9293823242188,500.2118835449219,61.91282272338867,-0.0439545176923275,-0.027213482186198235,27.892510986328148
168.4,1802,-21.56117057800293,0.383495956659317,16.98001480102539,46.044044494628906,12105.833987622906,781.8285522460938,486.1654968261719,62.18312978744507,-0.04434944689273834,-0.027577875182032585,27.891625976562523
168.5,1802,-21.266536712646484,0.379736989736557,16.973480224609375,44.98275375366211,11994.182287726217,763.5138549804688,476.9602355957031,62.46909499168396,-0.04458765313029289,-0.027853503823280334,27.890496826171898
168.6,1802,-21.021530151367188,0.37717103958129883,16.96833038330078,44.27764892578125,11904.966538925888,751.3177490234375,470.2135314941406,62.58517503738403,-0.044706348329782486,-0.027979545295238495,27.889733886718773
168.7,1802,-20.849132537841797,0.37295711040496826,16.96576690673828,43.75703048706055,11843.356556939298,742.37158203125,462.5538635253906,62.30759620666504,-0.04507395625114441,-0.028084497898817062,27.889276123046898
168.8,1802,-20.711135864257812,0.372088760137558,16.96441078186035,43.33424377441406,11805.521898824549,735.139892578125,460.002685546875,62.57348656654358,-0.045023947954177856,-0.02817305363714695,27.889276123046898
168.9,1802,-20.46144676208496,0.36990952491760254,16.963102340698242,42.97504425048828,11776.699156225255,728.9900512695312,456.1920471191406,62.57863640785217,-0.04485270380973816,-0.028068210929632187,27.889398193359398
169,1740,-20.38094711303711,0.3678417503833771,16.962749481201172,42.65630340576172,11759.407375762668,723.5681762695312,452.97589111328125,62.603068351745605,-0.04499344900250435,-0.028167279437184334,27.889367675781273
169.1,1740,-20.050233840942383,0.3625521659851074,16.97406005859375,41.71669006347656,11737.614883127637,708.1016235351562,445.6346740722656,62.93371915817261,-0.044992536306381226,-0.028315475210547447,27.889520263671898
169.2,1740,-19.869831085205078,0.34752610325813293,16.99409294128418,39.28708267211914,11626.543694668886,667.6483154296875,423.123046875,63.375139236450195,-0.04695993661880493,-0.029760923236608505,27.889764404296898
169.3,1740,-19.25768280029297,0.3316291570663452,16.9957218170166,36.81424331665039,11421.954211792481,625.6846313476562,396.6630554199219,63.39663863182068,-0.04854922369122505,-0.03077857755124569,27.889886474609398
169.4,1740,-18.854503631591797,0.3249439299106598,16.985458374023438,35.352783203125,11230.413413727872,600.4832153320312,382.1490478515625,63.640254735946655,-0.04933808743953705,-0.03139888495206833,27.890466308593773
169.5,1740,-18.315486907958984,0.31850478053092957,16.978517532348633,34.35721206665039,11090.201250496018,583.3345336914062,369.89971923828125,63.41124773025513,-0.049514736980199814,-0.03139791265130043,27.891290283203148
169.6,1740,-18.01397705078125,0.31468403339385986,16.973894119262695,33.670074462890625,10991.423382568373,571.5122680664062,362.2073669433594,63.377004861831665,-0.049733880907297134,-0.03151984140276909,27.892297363281273
169.7,1740,-17.666255950927734,0.3123955726623535,16.971284866333008,33.17321014404297,10924.486217305928,562.9920043945312,357.3835144042969,63.4793221950531,-0.04943220689892769,-0.031379230320453644,27.893579101562523
169.8,1740,-17.388572692871094,0.3096238374710083,16.969871520996094,32.740535736083984,10882.715038858016,555.6026611328125,352.8582458496094,63.50909471511841,-0.04927920177578926,-0.03129677474498749,27.895196533203148
169.9,1740,-17.21998405456543,0.30676111578941345,16.969362258911133,32.37334442138672,10858.555038732118,549.35498046875,348.8196716308594,63.496220111846924,-0.049366436898708344,-0.03134582191705704,27.896020507812523
170,1680,-17.00487518310547,0.3047523498535156,16.968732833862305,32.032894134521484,10840.88324475795,543.5576171875,345.9715270996094,63.64946365356445,-0.04915108531713486,-0.031284403055906296,27.896905517578148
170.1,1680,-16.767194747924805,0.2981901466846466,16.97854232788086,31.144573211669922,10816.163715535244,528.7894287109375,337.7498474121094,63.87227177619934,-0.049643825739622116,-0.03170863911509514,27.898675537109398
170.2,1680,-16.382516860961914,0.280685693025589,16.995954513549805,28.990713119506836,10699.245448014855,492.724853515625,314.4865417480469,63.82599472999573,-0.05209290608763695,-0.033248815685510635,27.899377441406273
170.3,1680,-15.638838768005371,0.26578259468078613,16.994800567626953,26.99624252319336,10498.797646140443,458.7957458496094,292.2097473144531,63.69059681892395,-0.053519219160079956,-0.03408671170473099,27.900384521484398
170.4,1680,-15.176335334777832,0.2592655420303345,16.985958099365234,25.83188819885254,10317.655929477125,438.77935791015625,280.1266784667969,63.84226083755493,-0.0541766881942749,-0.03458762168884277,27.901605224609398
170.5,1680,-14.941972732543945,0.25665172934532166,16.979522705078125,25.100637435913086,10181.650725641892,426.19683837890625,273.6471862792969,64.20676112174988,-0.054603055119514465,-0.03505885228514671,27.903009033203148
170.6,1680,-14.575691223144531,0.2543465495109558,16.97488021850586,24.677228927612305,10080.738487347051,418.89300537109375,268.5015563964844,64.09788727760315,-0.05428531393408775,-0.03479573875665665,27.904351806640648
170.7,1680,-14.360326766967773,0.25121617317199707,16.973180770874023,24.343748092651367,10018.64124877199,413.1908264160156,263.5633544921875,63.78731727600098,-0.05448529124259949,-0.03475470840930939,27.904321289062523
170.8,1680,-14.271656036376953,0.25043874979019165,16.972217559814453,24.06483268737793,9983.689331191417,408.4335632324219,261.8310852050781,64.10616040229797,-0.05450711026787758,-0.03494241461157799,27.904351806640648
170.9,1680,-14.058165550231934,0.24644112586975098,16.971054077148438,23.858562469482422,9953.088918024141,404.90496826171875,256.8619079589844,63.437581062316895,-0.05473044514656067,-0.034719668328762054,27.904351806640648
171,1680,-14.118646621704102,0.2480996996164322,16.970230102539062,23.72712516784668,9930.615664987994,402.65478515625,258.0067138671875,64.07641172409058,-0.05472201108932495,-0.03506390005350113,27.904168701171898
171.1,1680,-13.957588195800781,0.2449212670326233,16.969505310058594,23.619731903076172,9913.062770946897,400.8151550292969,254.2511749267578,63.43352198600769,-0.054896846413612366,-0.03482300415635109,27.904443359375023
171.2,1680,-14.023250579833984,0.24660509824752808,16.96872901916504,23.55937385559082,9899.38578158681,399.77264404296875,255.6459503173828,63.94783854484558,-0.05485418438911438,-0.03507806733250618,27.905511474609398
171.3,1680,-13.922455787658691,0.24383893609046936,16.968473434448242,23.51276969909668,9889.123085402867,398.9757995605469,252.51632690429688,63.29113841056824,-0.05513487383723259,-0.03489548712968826,27.906610107421898
171.4,1680,-14.040955543518066,0.24712203443050385,16.96771240234375,23.527860641479492,9879.22291744623,399.2139587402344,255.66004943847656,64.04085755348206,-0.054920412600040436,-0.0351715050637722,27.908471679687523
171.5,1680,-13.949342727661133,0.24502530694007874,16.968326568603516,23.47994041442871,9880.62873430196,398.415283203125,253.52696228027344,63.63384127616882,-0.05502114072442055,-0.03501206636428833,27.909356689453148
171.6,1680,-13.986822128295898,0.24636681377887726,16.968202590942383,23.43600845336914,9881.382932897031,397.66693115234375,254.93446350097656,64.10753130912781,-0.05486438423395157,-0.035172201693058014,27.910180664062523
171.7,1680,-13.961286544799805,0.24438387155532837,16.96780776977539,23.42575454711914,9875.91936440383,397.48370361328125,252.74273681640625,63.585686683654785,-0.05523911863565445,-0.03512417525053024,27.911126708984398
171.8,1680,-13.9765625,0.2454596757888794,16.967365264892578,23.436464309692383,9870.784519255003,397.6550598144531,253.72335815429688,63.80488872528076,-0.05508583411574364,-0.03514745458960533,27.912286376953148
171.9,1680,-14.005690574645996,0.24525023996829987,16.967256546020508,23.458290100097656,9863.489658655377,398.0228271484375,253.31951904296875,63.644468784332275,-0.055288635194301605,-0.035188160836696625,27.913354492187523
172,1680,-13.917716979980469,0.24606147408485413,16.966510772705078,23.540918350219727,9855.82061297226,399.4072570800781,253.95982360839844,63.584184646606445,-0.054802827537059784,-0.034845929592847824,27.913842773437523
172.1,1680,-14.053557395935059,0.24830874800682068,16.966997146606445,23.58516502380371,9856.457077319877,400.16943359375,256.2957763671875,64.0468180179596,-0.05483335256576538,-0.03511901944875717,27.913720703125023
172.2,1680,-13.88902473449707,0.24612554907798767,16.96769905090332,23.568195343017578,9864.600557049664,399.8980407714844,254.25225830078125,63.579267263412476,-0.0546269454061985,-0.034731414169073105,27.913751220703148
172.3,1680,-14.015110969543457,0.24879556894302368,16.96765899658203,23.575584411621094,9868.334248085233,400.0224914550781,257.10772705078125,64.27331566810608,-0.05451066046953201,-0.03503580763936043,27.913720703125023
172.4,1680,-13.916006088256836,0.245595782995224,16.967981338500977,23.542875289916992,9871.530558050747,399.4750671386719,253.8832244873047,63.5542094707489,-0.05481262505054474,-0.034835729748010635,27.913842773437523
172.5,1680,-13.99113655090332,0.24707326292991638,16.96747589111328,23.56839942932129,9868.913593837553,399.896240234375,255.34286499023438,63.8522744178772,-0.05479352921247482,-0.034986916929483414,27.913781738281273
172.6,1680,-13.934089660644531,0.2459646761417389,16.967830657958984,23.575101852416992,9869.236488753837,400.0183410644531,254.2054901123047,63.548457622528076,-0.05481427535414696,-0.0348336286842823,27.913934326171898
172.7,1680,-13.923317909240723,0.24762481451034546,16.968463897705078,23.491275787353516,9876.874060925258,398.6108703613281,256.1192932128906,64.25296664237976,-0.05436262860894203,-0.03492959961295128,27.914056396484398
172.8,1680,-13.842546463012695,0.244697704911232,16.96872901916504,23.415523529052734,9882.22455791348,397.3316650390625,253.2288818359375,63.732367753982544,-0.05466416850686073,-0.03483876958489418,27.914117431640648
172.9,1680,-13.933259010314941,0.24599751830101013,16.96830177307129,23.376039505004883,9878.89769115871,396.6517028808594,254.48831176757812,64.15913701057434,-0.054750096052885056,-0.0351271890103817,27.914178466796898
173,1680,-14.015657424926758,0.24536612629890442,16.96787452697754,23.365737915039062,9874.343357447822,396.4669189453125,253.7180938720703,63.994771242141724,-0.05524106323719025,-0.03535139188170433,27.913903808593773
173.1,1680,-13.992475509643555,0.24582666158676147,16.967208862304688,23.417943954467773,9867.641830827935,397.337158203125,254.02178955078125,63.93104791641235,-0.055083759129047394,-0.035215623676776886,27.913903808593773
173.2,1680,-14.063140869140625,0.24725349247455597,16.966745376586914,23.473833084106445,9860.197762469159,398.2745361328125,255.30345153808594,64.10237550735474,-0.055084023624658585,-0.03531016781926155,27.913842773437523
173.3,1680,-13.971203804016113,0.24711871147155762,16.966472625732422,23.55680274963379,9853.039287086878,399.67584228515625,254.97903442382812,63.796454668045044,-0.05479354038834572,-0.03495633602142334,27.913842773437523
173.4,1680,-14.141109466552734,0.25019973516464233,16.965763092041016,23.6392822265625,9851.662612371609,401.0584716796875,258.1219787597656,64.36018943786621,-0.05478459969162941,-0.03525947034358978,27.913659667968773
173.5,1680,-14.097878456115723,0.2486085444688797,16.96541404724121,23.700592041015625,9849.426827355615,402.0903625488281,256.4222106933594,63.77228498458862,-0.05497916415333748,-0.035061467438936234,27.913751220703148
173.6,1680,-14.142498970031738,0.25084152817726135,16.965356826782227,23.7477970123291,9853.450774110157,402.8898620605469,258.8310546875,64.24363255500793,-0.05463987961411476,-0.03510264307260513,27.913812255859398
173.7,1680,-14.084456443786621,0.24925470352172852,16.966651916503906,23.731002807617188,9859.75247056295,402.6356506347656,257.3581848144531,63.918375968933105,-0.05472705885767937,-0.0349806472659111,27.913781738281273
173.8,1680,-14.048701286315918,0.24953323602676392,16.96636962890625,23.731618881225586,9865.460833036004,402.639404296875,257.7949523925781,64.02625441551208,-0.05449564382433891,-0.0348915196955204,27.913964843750023
173.9,1680,-14.120965957641602,0.24923105537891388,16.966344833374023,23.697473526000977,9869.321583803976,402.05950927734375,257.5835266113281,64.06601667404175,-0.05482092127203941,-0.03512158244848251,27.914575195312523
174,1680,-14.053656578063965,0.24900658428668976,16.966176986694336,23.7005558013916,9870.820655509173,402.1078186035156,257.390625,64.01034593582153,-0.05460049957036972,-0.03494996950030327,27.915155029296898
174.1,1680,-14.136918067932129,0.24882009625434875,16.967041015625,23.658893585205078,9874.816625808871,401.4214172363281,257.3019714355469,64.09772038459778,-0.05494290590286255,-0.035217151045799255,27.915856933593773
174.2,1680,-14.014679908752441,0.24789248406887054,16.967235565185547,23.586647033691406,9880.509834368888,400.2001953125,256.49053955078125,64.09055590629578,-0.05464014410972595,-0.035019174218177795,27.916650390625023
174.3,1680,-14.07750129699707,0.2484900802373886,16.967235565185547,23.515268325805664,9881.795585605927,398.9891052246094,257.1423034667969,64.44845795631409,-0.054745953530073166,-0.0352829210460186,27.918267822265648
174.4,1680,-13.929553985595703,0.24626855552196503,16.966915130615234,23.470008850097656,9881.706993498932,398.2136535644531,254.8411407470703,63.99608850479126,-0.05465975031256676,-0.03498010337352753,27.918634033203148
174.5,1680,-14.089652061462402,0.24736972153186798,16.966800689697266,23.441787719726562,9880.90383610789,397.7321472167969,255.9598388671875,64.3548309803009,-0.055046338587999344,-0.03542497754096985,27.918634033203148
174.6,1680,-13.951040267944336,0.24507178366184235,16.966136932373047,23.43521499633789,9873.170677715763,397.6050720214844,253.38363647460938,63.72746825218201,-0.05505896359682083,-0.03508768230676651,27.918725585937523
174.7,1680,-14.109025955200195,0.24783049523830414,16.96601104736328,23.463214874267578,9865.851337718152,398.0771484375,256.04595947265625,64.32068347930908,-0.05510348826646805,-0.03544294089078903,27.918786621093773
174.8,1680,-13.982272148132324,0.24513114988803864,16.966901779174805,23.481470108032227,9865.170577317036,398.4078063964844,253.23965454101562,63.56292963027954,-0.05521359667181969,-0.03509537875652313,27.918756103515648
174.9,1680,-14.02493953704834,0.2475060224533081,16.967050552368164,23.51214599609375,9865.6764848754,398.9317626953125,255.70620727539062,64.09772634506226,-0.05484786629676819,-0.035156235098838806,27.918634033203148
175,1733,-14.026740074157715,0.2460654228925705,16.967111587524414,23.492334365844727,9868.271301061843,398.5970458984375,254.28472900390625,63.79493474960327,-0.055161550641059875,-0.03519027307629585,27.918695068359398
175.1,1733,-14.083965301513672,0.25137293338775635,16.9594669342041,23.85919189453125,9882.24554025461,404.6391906738281,260.13739013671875,64.288729429245,-0.05414048954844475,-0.034806232899427414,27.918756103515648
175.2,1733,-14.257100105285645,0.2638697922229767,16.94234848022461,25.501585006713867,9981.257710991542,432.0567321777344,275.805908203125,63.83557319641113,-0.05169251188635826,-0.032998211681842804,27.918634033203148
175.3,1733,-14.895149230957031,0.27669546008110046,16.943588256835938,27.038957595825195,10156.371667322379,458.136962890625,294.2857666015625,64.23532366752625,-0.050614576786756516,-0.03251243755221367,27.918634033203148
175.4,1733,-15.40045166015625,0.28077432513237,16.950868606567383,27.907100677490234,10303.684021655596,473.0495910644531,302.9552917480469,64.04302716255188,-0.05083407461643219,-0.032555680721998215,27.918695068359398
175.5,1733,-15.712118148803711,0.28598156571388245,16.95484733581543,28.542055130004883,10406.077846371358,483.9261779785156,311.640380859375,64.39833045005798,-0.0504174642264843,-0.032468006014823914,27.919274902343773
175.6,1733,-15.903328895568848,0.2872548997402191,16.957862854003906,28.95779037475586,10477.557688488509,491.0622253417969,315.17816162109375,64.18293714523315,-0.05045821890234947,-0.03238556534051895,27.919946289062523
175.7,1733,-16.20897102355957,0.2901533842086792,16.96006202697754,29.225379943847656,10531.136096564676,495.66424560546875,319.9863586425781,64.55708146095276,-0.05065518990159035,-0.032701510936021805,27.921166992187523
175.8,1733,-16.194068908691406,0.29085415601730347,16.96160888671875,29.384496688842773,10570.463997956529,498.4083251953125,321.9570617675781,64.59704637527466,-0.05029884725809097,-0.032491568475961685,27.922814941406273
175.9,1733,-16.17082977294922,0.2899070680141449,16.962478637695312,29.500364303588867,10596.240804035078,500.3992919921875,321.6912536621094,64.28691148757935,-0.05026816949248314,-0.032315853983163834,27.923547363281273
176,1799,-16.38250732421875,0.29107263684272766,16.9625301361084,29.607425689697266,10607.574765302283,502.21685791015625,323.330078125,64.38056826591492,-0.05066806077957153,-0.0326203852891922,27.924066162109398
176.1,1799,-16.56122398376465,0.2982867956161499,16.95209312438965,30.30762481689453,10627.49982957672,513.7776489257812,331.96612548828125,64.61279392242432,-0.04988829791545868,-0.03223422169685364,27.924768066406273
176.2,1799,-16.89962387084961,0.3131815791130066,16.932910919189453,32.41151428222656,10736.926235627981,548.8212890625,352.1314392089844,64.1614019870758,-0.04799237474799156,-0.030792580917477608,27.926416015625023
176.3,1799,-17.458066940307617,0.327944278717041,16.927661895751953,34.85004425048828,10935.746740379178,589.9297485351562,375.5580749511719,63.66149187088013,-0.04648566246032715,-0.029593467712402344,27.927545166015648
176.4,1799,-18.173324584960938,0.33637747168540955,16.936716079711914,36.38716125488281,11123.95367757531,616.2789916992188,391.8453369140625,63.58245611190796,-0.04637882113456726,-0.02948879264295101,27.927880859375023
176.5,1799,-18.66319465637207,0.34210455417633057,16.9432430267334,37.440574645996094,11262.31123498837,634.36474609375,403.4734802246094,63.60275745391846,-0.04625631123781204,-0.029420290142297745,27.928155517578148
176.6,1799,-18.795352935791016,0.34706810116767883,16.94762420654297,38.19376754760742,11362.62314518976,647.2936401367188,412.9732360839844,63.799989223480225,-0.045512277632951736,-0.029036827385425568,27.928369140625023
176.7,1799,-19.067398071289062,0.3509345054626465,16.950674057006836,38.73472595214844,11434.983079948764,656.5797119140625,420.2330627441406,64.00336027145386,-0.04537338763475418,-0.029040493071079254,27.928369140625023
176.8,1799,-19.246421813964844,0.35175052285194397,16.952890396118164,39.119895935058594,11486.647432239604,663.1953125,423.11328125,63.79919648170471,-0.04548763483762741,-0.029020745307207108,27.928338623046898
176.9,1799,-19.307172775268555,0.35184165835380554,16.95469856262207,39.37821960449219,11524.824801926148,667.6458129882812,424.6295471191406,63.601016998291016,-0.045468274503946304,-0.02891828492283821,27.928277587890648
177,1834,-19.24348258972168,0.35473012924194336,16.956504821777344,39.51699447631836,11557.684313821783,670.0701293945312,429.3362121582031,64.07333016395569,-0.04482147470116615,-0.0287186112254858,27.928369140625023
177.1,1834,-19.4824161529541,0.3583669662475586,16.948467254638672,40.109249114990234,11591.120840098502,679.790283203125,434.9927673339844,63.9892578125,-0.04478790983557701,-0.028659449890255928,27.928369140625023
177.2,1834,-19.662097930908203,0.3698562681674957,16.933629989624023,41.926387786865234,11678.27565672559,709.9659423828125,452.3143005371094,63.70929479598999,-0.04346998780965805,-0.027694424614310265,27.928369140625023
177.3,1834,-20.12236976623535,0.37526318430900574,16.938215255737305,43.156742095947266,11786.658774148427,730.9981689453125,463.18585205078125,63.36347460746765,-0.043443404138088226,-0.027527250349521637,27.928369140625023
177.4,1834,-20.440427780151367,0.37951114773750305,16.942880630493164,44.03113555908203,11872.197950508484,746.0142822265625,471.82861328125,63.24659585952759,-0.043321721255779266,-0.027399513870477676,27.928247070312523
177.5,1834,-20.69723892211914,0.383264422416687,16.946290969848633,44.67732620239258,11935.835059785384,757.114990234375,479.0489807128906,63.272953033447266,-0.04320484772324562,-0.027336983010172844,27.928369140625023
177.6,1834,-20.921871185302734,0.3859589993953705,16.9482479095459,45.17298889160156,11978.506147530661,765.60302734375,484.14166259765625,63.2366418838501,-0.043214358389377594,-0.027327310293912888,27.928491210937523
177.7,1834,-21.099609375,0.38853734731674194,16.94877052307129,45.624881744384766,12006.321737755701,773.28564453125,488.5076599121094,63.17299008369446,-0.043191973119974136,-0.027285659685730934,27.928430175781273
177.8,1834,-21.175119400024414,0.39070430397987366,16.95012855529785,45.9749755859375,12030.108718483729,779.28173828125,492.20538330078125,63.16141486167908,-0.04302090033888817,-0.02717261016368866,27.928369140625023
177.9,1834,-21.24420166015625,0.39229610562324524,16.95140266418457,46.23040771484375,12051.332356537006,783.6702270507812,495.0826110839844,63.174861669540405,-0.042910415679216385,-0.02710859850049019,27.928369140625023
178,1843,-21.334999084472656,0.39228516817092896,16.952980041503906,46.386470794677734,12072.908031647024,786.388916015625,495.95513916015625,63.06741237640381,-0.043018002063035965,-0.02713034115731716,27.928521728515648
178.1,1843,-21.375808715820312,0.39260199666023254,16.949331283569336,46.723915100097656,12092.93917331273,791.9390869140625,497.1792297363281,62.77998089790344,-0.042994167655706406,-0.02699173241853714,27.929132080078148
178.2,1843,-21.363346099853516,0.39574775099754333,16.947490692138672,47.279212951660156,12132.626105875035,801.2640380859375,502.8076477050781,62.751805782318115,-0.042488109320402145,-0.026662055402994156,27.929437255859398
178.3,1843,-21.548057556152344,0.3993186354637146,16.94922637939453,47.64478302001953,12169.732210478316,807.542236328125,508.8962097167969,63.01791071891785,-0.04234273359179497,-0.0266835056245327,27.929925537109398
178.4,1843,-21.71955680847168,0.3985690176486969,16.9500675201416,47.94831466674805,12191.378992411055,812.7271728515625,508.8443908691406,62.60949373245239,-0.04268408566713333,-0.02672429010272026,27.930047607421898
178.5,1843,-21.693981170654297,0.4010609984397888,16.951316833496094,48.15585708618164,12211.413631133615,816.30517578125,512.8672485351562,62.827885150909424,-0.04229940474033356,-0.02657582238316536,27.930322265625023
178.6,1843,-21.805749893188477,0.4005923271179199,16.951919555664062,48.30971145629883,12227.763537616576,818.9423217773438,512.953857421875,62.63613700866699,-0.04251015931367874,-0.026626721024513245,27.930535888671898
178.7,1843,-21.79793930053711,0.40115171670913696,16.95218276977539,48.441749572753906,12239.293334067665,821.1934204101562,514.1544799804688,62.61064410209656,-0.0423956997692585,-0.026544220745563507,27.931390380859398
178.8,1843,-21.919340133666992,0.4031400978565216,16.952041625976562,48.60493087768555,12244.598369316771,823.9528198242188,516.9269409179688,62.737441062927246,-0.042403168976306915,-0.026602664962410927,27.931787109375023
178.9,1843,-21.95982551574707,0.401786744594574,16.952472686767578,48.72480392456055,12247.871614533095,826.0059204101562,515.3292846679688,62.388092279434204,-0.0426131896674633,-0.02658555470407009,27.932336425781273
179,1818,-21.97589683532715,0.40455514192581177,16.952899932861328,48.80803680419922,12256.645730182407,827.437744140625,519.2517700195312,62.754178047180176,-0.04232223704457283,-0.026558972895145416,27.933251953125023
179.1,1818,-22.17063331604004,0.39983704686164856,16.961557388305664,48.37571334838867,12242.325282360991,820.5274658203125,512.596435546875,62.471574544906616,-0.0432516373693943,-0.027019977569580078,27.933343505859398
179.2,1818,-21.896493911743164,0.3950868844985962,16.969276428222656,47.243221282958984,12173.75382586162,801.6832885742188,503.66961669921875,62.82650828361511,-0.043473921716213226,-0.027313148602843285,27.933251953125023
179.3,1818,-21.63155746459961,0.3913559317588806,16.966331481933594,46.52585220336914,12106.48094314109,789.373046875,496.15625,62.85446882247925,-0.043598275631666183,-0.027403466403484344,27.933343505859398
179.4,1818,-21.44803237915039,0.3877624273300171,16.964406967163086,45.960060119628906,12061.101967704388,779.6851806640625,489.7577819824219,62.81481385231018,-0.043793145567178726,-0.027508581057190895,27.933251953125023
179.5,1818,-21.342472076416016,0.3855402171611786,16.962778091430664,45.527442932128906,12027.58034637753,772.2719116210938,485.59765625,62.87910342216492,-0.04395093768835068,-0.027635956183075905,27.933282470703148
179.6,1818,-21.179304122924805,0.3839358389377594,16.961851119995117,45.17033767700195,12004.607014211111,766.1725463867188,482.6532287597656,62.995368242263794,-0.043880995362997055,-0.02764299511909485,27.933221435546898
179.7,1818,-21.05759048461914,0.38026830554008484,16.961576461791992,44.81471252441406,11991.919691941002,760.128173828125,477.5374755859375,62.823283672332764,-0.0440962053835392,-0.027702683582901955,27.933282470703148
179.8,1818,-21.00577163696289,0.3797120451927185,16.96034049987793,44.57260513305664,11980.098474085327,755.966552734375,476.3688659667969,63.01454305648804,-0.04409560188651085,-0.02778664045035839,27.933343505859398
179.9,1818,-20.928077697753906,0.37860748171806335,16.95988655090332,44.36777114868164,11969.094401848113,752.4723510742188,474.5468444824219,63.065022230148315,-0.044101182371377945,-0.027812419459223747,27.933282470703148
180,1846,-20.89688491821289,0.3782636523246765,16.95875358581543,44.241973876953125,11954.75064031433,750.2887573242188,473.5477294921875,63.115400075912476,-0.04412836208939552,-0.027851790189743042,27.933282470703148
180.1,1846,-20.892675399780273,0.3818545639514923,16.949739456176758,44.63990020751953,11950.940014027949,756.6347045898438,477.89080810546875,63.16004395484924,-0.04371851310133934,-0.027612632140517235,27.933557128906273
180.2,1846,-21.07048988342285,0.38992971181869507,16.938011169433594,46.07001876831055,12008.925879427094,780.33447265625,490.3645935058594,62.840306758880615,-0.042969025671482086,-0.027001868933439255,27.933343505859398
180.3,1846,-21.249887466430664,0.39573124051094055,16.94171142578125,46.993629455566406,12081.613371844855,796.1525268554688,500.67266845703125,62.88653016090393,-0.042442675679922104,-0.02669072523713112,27.933312988281273
180.4,1846,-21.544361114501953,0.39998719096183777,16.944690704345703,47.66692352294922,12138.32747423438,807.7012939453125,508.43280029296875,62.94812560081482,-0.042374059557914734,-0.02667367458343506,27.934136962890648
180.5,1846,-21.762800216674805,0.4009642004966736,16.946929931640625,48.186683654785156,12176.037403987964,816.6163330078125,511.2580871582031,62.60688900947571,-0.04256715252995491,-0.026649968698620796,27.935052490234398
180.6,1846,-21.766447067260742,0.40490230917930603,16.948095321655273,48.61946487426758,12207.105257088198,824.00732421875,517.5968017578125,62.81458139419556,-0.04205290228128433,-0.026415355503559113,27.936364746093773
180.7,1846,-21.899932861328125,0.40453365445137024,16.95029640197754,48.88237380981445,12238.008748516244,828.5707397460938,518.4346923828125,62.56975531578064,-0.04224241524934769,-0.026430975645780563,27.937524414062523
180.8,1846,-21.847925186157227,0.4054894745349884,16.95213508605957,49.01319885253906,12268.906411516198,830.8783569335938,520.9716186523438,62.701308727264404,-0.041936881840229034,-0.026294974610209465,27.938317871093773
180.9,1846,-21.93833351135254,0.40527188777923584,16.952733993530273,49.10495376586914,12284.956736795244,832.4631958007812,521.3732299804688,62.63018250465393,-0.04207798093557358,-0.026353517547249794,27.939141845703148
181,1871,-21.86026382446289,0.4062906503677368,16.95330810546875,49.1738395690918,12298.88901130575,833.6592407226562,523.276611328125,62.76864409446716,-0.04177573323249817,-0.02622206136584282,27.939874267578148
181.1,1871,-21.944496154785156,0.40645161271095276,16.946533203125,49.538082122802734,12317.998095647343,839.498779296875,524.2973022460938,62.45360970497131,-0.041855063289403915,-0.02613999880850315,27.941369628906273
181.2,1871,-22.055156707763672,0.41438907384872437,16.936315536499023,50.92914581298828,12390.423308800975,862.5520629882812,537.678955078125,62.335824966430664,-0.04101919010281563,-0.025569651275873184,27.943109130859398
181.3,1871,-22.38131332397461,0.4195857644081116,16.939315795898438,51.81420135498047,12460.16977640364,877.6971435546875,547.4863891601562,62.37759590148926,-0.04088012874126434,-0.025500042364001274,27.943200683593773
181.4,1871,-22.65334701538086,0.4243108034133911,16.94061851501465,52.58296585083008,12502.969089566937,890.7879638671875,555.553466796875,62.36652135848999,-0.04077617824077606,-0.02543068304657936,27.943811035156273
181.5,1871,-22.83885383605957,0.42685937881469727,16.94296646118164,53.18209457397461,12539.483025876096,901.0624389648438,560.5225219726562,62.206846475601196,-0.04074564948678017,-0.025346582755446434,27.944299316406273
181.6,1871,-22.95071029663086,0.4286077916622162,16.945436477661133,53.593109130859375,12574.797471683974,908.1586303710938,564.4035034179688,62.148118019104004,-0.04066365957260132,-0.025271696969866753,27.944818115234398
181.7,1871,-23.091218948364258,0.4302195608615875,16.946453094482422,53.93730163574219,12598.900353214573,914.0459594726562,567.61181640625,62.098824977874756,-0.04068135842680931,-0.02526264637708664,27.946038818359398
181.8,1871,-23.232009887695312,0.43136075139045715,16.9466609954834,54.25471115112305,12613.973833945442,919.4362182617188,569.79833984375,61.97258234024048,-0.04077233746647835,-0.025267669931054115,27.946893310546898
181.9,1871,-23.405351638793945,0.4323723614215851,16.946929931640625,54.575904846191406,12619.532988659348,924.89404296875,571.3862915039062,61.77856922149658,-0.04096239432692528,-0.025305982679128647,27.948022460937523
182,1890,-23.529376983642578,0.4347821772098541,16.94533348083496,54.9841423034668,12615.054424513652,931.724609375,574.3670043945312,61.64557337760925,-0.04096575453877449,-0.025253573432564735,27.948083496093773
182.1,1890,-23.633031845092773,0.4388812184333801,16.937721252441406,55.812828063964844,12624.674827921885,945.3421020507812,580.2241821289062,61.377161741256714,-0.04073086380958557,-0.024999449029564857,27.949121093750023
182.2,1890,-23.77738380432129,0.4465147852897644,16.93071174621582,57.26215362548828,12672.667270514925,969.489013671875,592.5602416992188,61.12087965011597,-0.04012652859091759,-0.024525687098503113,27.949090576171898
182.3,1890,-23.980470657348633,0.45287519693374634,16.934490203857422,58.253639221191406,12734.673585611754,986.4956665039062,603.941650390625,61.22090816497803,-0.039706602692604065,-0.024308742955327034,27.949243164062523
182.4,1890,-24.258684158325195,0.45519915223121643,16.938173294067383,58.93683624267578,12787.431351012605,998.2823486328125,609.5556640625,61.0604465007782,-0.03979732468724251,-0.02430042438209057,27.949731445312523
182.5,1890,-24.19875144958496,0.45822373032569885,16.941669464111328,59.38136672973633,12837.84841969181,1006.0194702148438,616.025146484375,61.233919858932495,-0.03928208351135254,-0.02405395917594433,27.949822998046898
182.6,1890,-24.36970329284668,0.4584980010986328,16.94283676147461,59.726173400878906,12868.449998544704,1011.9307861328125,617.8631591796875,61.05784773826599,-0.03944190964102745,-0.024082381278276443,27.950341796875023
182.7,1890,-24.344745635986328,0.461033433675766,16.94246482849121,60.11375427246094,12882.413746566905,1018.4751586914062,621.9540405273438,61.06717586517334,-0.03914235532283783,-0.02390313148498535,27.950982666015648
182.8,1890,-24.49756622314453,0.4622870087623596,16.94298553466797,60.42949676513672,12893.120568971439,1023.8560791015625,624.1634521484375,60.96203327178955,-0.03924863785505295,-0.023926766589283943,27.952539062500023
182.9,1890,-24.40818977355957,0.4647976756095886,16.944477081298828,60.68203353881836,12910.772546290096,1028.225341796875,628.4124755859375,61.11622452735901,-0.03884103521704674,-0.02373817190527916,27.953332519531273
183,1893,-24.430883407592773,0.4621409773826599,16.947763442993164,60.67161560058594,12942.437230426924,1028.2481689453125,626.35302734375,60.914576053619385,-0.03900497406721115,-0.023759715259075165,27.955529785156273
183.1,1893,-24.671775817871094,0.46351638436317444,16.945499420166016,60.79798889160156,12955.480086810629,1030.2523193359375,628.8502197265625,61.03847026824951,-0.03923315182328224,-0.02394731529057026,27.957818603515648
183.2,1893,-24.715957641601562,0.4652159810066223,16.943132400512695,61.12355041503906,12955.157191894346,1035.6243896484375,631.1403198242188,60.94297766685486,-0.039160795509815216,-0.023865753784775734,27.960229492187523
183.3,1893,-24.845273971557617,0.46588024497032166,16.942514419555664,61.46092224121094,12951.803514370356,1041.3026123046875,631.8778686523438,60.68148612976074,-0.03931973874568939,-0.02385980263352394,27.963067626953148
183.4,1893,-24.803752899169922,0.4684940576553345,16.94394874572754,61.6956901550293,12961.831907745012,1045.36865234375,635.9150390625,60.83165407180786,-0.039004821330308914,-0.023727279156446457,27.965173339843773
183.5,1893,-24.732242584228516,0.4674573242664337,16.946035385131836,61.7713508605957,12979.756655498362,1046.779541015625,635.38525390625,60.69905757904053,-0.038924798369407654,-0.023626985028386116,27.967736816406273
183.6,1893,-24.67889976501465,0.46611571311950684,16.947444915771484,61.75307083129883,12998.067245191385,1046.5567626953125,634.4554443359375,60.62312722206116,-0.038897763937711716,-0.023581042885780334,27.969201660156273
183.7,1893,-24.598684310913086,0.4660564959049225,16.948352813720703,61.72071838378906,13012.627824250181,1046.064453125,635.0855102539062,60.71188449859619,-0.038732871413230896,-0.023515455424785614,27.970635986328148
183.8,1893,-24.436656951904297,0.4647230803966522,16.949508666992188,61.57870864868164,13031.035165849527,1043.7288818359375,634.164306640625,60.75948476791382,-0.038533639162778854,-0.02341284044086933,27.972711181640648
183.9,1893,-24.33542251586914,0.46239998936653137,16.95050621032715,61.38288116455078,13045.015233470385,1040.470947265625,631.671142578125,60.71012020111084,-0.03852546215057373,-0.023388855159282684,27.974450683593773
184,1893,-24.363178253173828,0.46016350388526917,16.95163917541504,61.119834899902344,13059.168988248377,1036.0814208984375,629.2979736328125,60.738277435302734,-0.038714852184057236,-0.02351473458111286,27.976647949218773
184.1,1893,-24.436880111694336,0.46019241213798523,16.950273513793945,60.97169876098633,13055.878257747778,1033.4869384765625,629.1788940429688,60.87923049926758,-0.03883931785821915,-0.023645078763365746,27.978051757812523
184.2,1893,-24.49089813232422,0.46216505765914917,16.94837760925293,60.96015548706055,13040.061069592402,1033.17578125,631.1104125976562,61.08452081680298,-0.038806043565273285,-0.02370448410511017,27.978936767578148
184.3,1893,-24.66305923461914,0.46222174167633057,16.94554328918457,61.12378692626953,13014.351873279718,1035.7757568359375,629.9434204101562,60.81851124763489,-0.039151228964328766,-0.02381119504570961,27.980065917968773
184.4,1893,-24.819866180419922,0.46467387676239014,16.944164276123047,61.380332946777344,12990.06481342142,1040.0384521484375,632.103515625,60.77693700790405,-0.03926550969481468,-0.023864373564720154,27.982171630859398
184.5,1893,-24.824567794799805,0.46708154678344727,16.943485260009766,61.66865539550781,12976.312054496142,1044.8819580078125,634.7059936523438,60.744279623031616,-0.0391119159758091,-0.02375825121998787,27.982598876953148
184.6,1893,-24.876832962036133,0.46571969985961914,16.945068359375,61.82408142089844,12979.706531016773,1047.61328125,633.02099609375,60.425060987472534,-0.039298590272665024,-0.023746198043227196,27.983392333984398
184.7,1893,-24.86747169494629,0.4665409326553345,16.946083068847656,61.89555358886719,12990.336418170496,1048.88720703125,634.6565551757812,60.50760746002197,-0.03918256610631943,-0.023708432912826538,27.983728027343773
184.8,1893,-24.816675186157227,0.46744880080223083,16.94627571105957,61.96322250366211,12997.185986863913,1050.0458984375,636.2268676757812,60.590386390686035,-0.03900601714849472,-0.023633897304534912,27.984490966796898
184.9,1893,-24.920833587646484,0.4675353765487671,16.944849014282227,62.12489318847656,12989.998369341174,1052.6968994140625,635.9927978515625,60.415565967559814,-0.039184145629405975,-0.023673322051763535,27.984887695312523
185,1903,-24.925134658813477,0.46990641951560974,16.94538688659668,62.2513313293457,12991.455476364112,1054.8729248046875,639.2898559570312,60.603493452072144,-0.038988783955574036,-0.023628566414117813,27.986352539062523
185.1,1903,-24.861927032470703,0.47094276547431946,16.942094802856445,62.504207611083984,13006.962592145006,1058.9522705078125,641.4645385742188,60.575395822525024,-0.03875806927680969,-0.023477856069803238,27.986993408203148
185.2,1903,-25.0050106048584,0.4726487696170807,16.939289093017578,63.047847747802734,13032.89676578203,1067.9857177734375,645.0718994140625,60.40079593658447,-0.0387631393969059,-0.023413244634866714,27.986840820312523
185.3,1903,-25.172012329101562,0.47475504875183105,16.93889808654785,63.535457611083984,13048.291975743565,1076.2205810546875,648.7119140625,60.276854038238525,-0.038803067058324814,-0.023389266803860664,27.986871337890648
185.4,1903,-25.25923728942871,0.47796395421028137,16.93864631652832,64.0298080444336,13053.340560156632,1084.5782470703125,653.3493041992188,60.239940881729126,-0.03866115212440491,-0.023289455100893974,27.986962890625023
185.5,1903,-25.24333953857422,0.4807639718055725,16.939455032348633,64.44767761230469,13063.516995604818,1091.70849609375,657.6890869140625,60.24401783943176,-0.038381874561309814,-0.02312278375029564,27.986962890625023
185.6,1903,-25.254528045654297,0.48072484135627747,16.942489624023438,64.64051818847656,13090.502617669594,1095.1712646484375,658.9940795898438,60.17269492149353,-0.038322847336530685,-0.023059887811541557,27.987023925781273
185.7,1903,-25.25335693359375,0.48028430342674255,16.943296432495117,64.74539947509766,13109.478813850694,1097.00048828125,659.3446044921875,60.104310512542725,-0.03830069676041603,-0.023020369932055473,27.986962890625023
185.8,1903,-25.292476654052734,0.4811083972454071,16.9432430267334,64.8733901977539,13117.81929444998,1099.1656494140625,660.8961181640625,60.127073526382446,-0.038269974291324615,-0.02301061525940895,27.986932373046898
185.9,1903,-25.313690185546875,0.4799528419971466,16.94379234313965,64.9504623413086,13125.615399865497,1100.5072021484375,659.7005615234375,59.94514226913452,-0.038371484726667404,-0.023001840338110924,27.986871337890648
186,1884,-25.406850814819336,0.4806211292743683,16.94344139099121,65.05736541748047,13126.255361269972,1102.295654296875,660.6513671875,59.93413329124451,-0.038457274436950684,-0.02304903417825699,27.986718750000023
186.1,1884,-25.51072120666504,0.4784497022628784,16.951871871948242,64.66985321044922,13117.230623212714,1096.2750244140625,657.21435546875,59.94976758956909,-0.038816437125205994,-0.023270364850759506,27.986871337890648
186.2,1884,-25.251840591430664,0.4733114242553711,16.96092414855957,63.507911682128906,13084.719651316966,1077.15283203125,648.5448608398438,60.20917296409607,-0.03893614932894707,-0.023443134501576424,27.986688232421898
186.3,1884,-25.04328727722168,0.469211608171463,16.958866119384766,62.66667175292969,13050.41352356896,1062.7557373046875,641.2415161132812,60.337620973587036,-0.039054375141859055,-0.023564482107758522,27.985314941406273
186.4,1884,-24.860424041748047,0.46391505002975464,16.956769943237305,62.048091888427734,13018.493554281713,1052.13525390625,632.4523315429688,60.11132001876831,-0.03930797800421715,-0.023628544062376022,27.984124755859398
186.5,1884,-24.806306838989258,0.46435508131980896,16.954378128051758,61.58002853393555,12986.560762452664,1044.0511474609375,631.4994506835938,60.4854941368103,-0.03928159549832344,-0.023759666830301285,27.983819580078148
186.6,1884,-24.720449447631836,0.46305254101753235,16.951936721801758,61.325042724609375,12954.741042128597,1039.5782470703125,628.1851196289062,60.426920652389526,-0.0393521748483181,-0.023779306560754776,27.983178710937523
186.7,1884,-24.656112670898438,0.46361371874809265,16.950925827026367,61.12782287597656,12931.175541668055,1036.1732177734375,627.8023071289062,60.58855056762695,-0.039273690432310104,-0.02379535883665085,27.982659912109398
186.8,1884,-24.542802810668945,0.4612511992454529,16.951032638549805,60.927974700927734,12919.84158040085,1032.7921142578125,624.0556640625,60.42413115501404,-0.03932790830731392,-0.023763546720147133,27.982537841796898
186.9,1884,-24.53600311279297,0.46032804250717163,16.95170021057129,60.66569519042969,12921.254391370288,1028.38671875,622.874755859375,60.56814789772034,-0.03939155116677284,-0.023858733475208282,27.982629394531273
187,1931,-24.340003967285156,0.4598205089569092,16.95125389099121,60.43870544433594,12921.39427364449,1024.5118408203125,622.1947631835938,60.73085069656372,-0.03911959007382393,-0.023757660761475563,27.982934570312523
187.1,1931,-24.446651458740234,0.4611627161502838,16.93864631652832,60.92844772338867,12931.096275046008,1032.04541015625,624.4794311523438,60.508912801742554,-0.03914724662899971,-0.0236875731498003,27.982629394531273
187.2,1931,-24.7139949798584,0.4741959869861603,16.912879943847656,63.37300109863281,13007.428866392345,1071.8199462890625,645.9188232421875,60.26374697685242,-0.038261763751506805,-0.023057973012328148,27.982720947265648
187.3,1931,-25.07977294921875,0.48212799429893494,16.915159225463867,65.41864776611328,13122.321172308044,1106.56689453125,662.5240478515625,59.87203121185303,-0.037854887545108795,-0.022664489224553108,27.982781982421898
187.4,1931,-25.410598754882812,0.48717615008354187,16.920820236206055,66.8789291381836,13216.57268297964,1131.6463623046875,674.2694702148438,59.58305597305298,-0.03768611699342728,-0.02245454117655754,27.982751464843773
187.5,1931,-25.72390365600586,0.49357667565345764,16.922773361206055,68.12467193603516,13279.48240443069,1152.8583984375,686.379638671875,59.53720211982727,-0.03747766092419624,-0.022313151508569717,27.982385253906273
187.6,1931,-26.094093322753906,0.49885863065719604,16.92375946044922,69.26727294921875,13316.195672980586,1172.2626953125,695.6427612304688,59.34188365936279,-0.037510767579078674,-0.02225959673523903,27.982049560546898
187.7,1931,-26.376008987426758,0.5025761723518372,16.925058364868164,70.23580169677734,13345.681690696721,1188.7449951171875,702.3786010742188,59.0857207775116,-0.03755240887403488,-0.022188112139701843,27.982354736328148
187.8,1931,-26.49849510192871,0.5064292550086975,16.92583656311035,71.12837982177734,13371.71145055445,1203.9073486328125,709.1439208984375,58.90353322029114,-0.03736687824130058,-0.022010410204529762,27.982141113281273
187.9,1931,-26.565061569213867,0.5099802613258362,16.927928924560547,71.79753875732422,13404.21426265087,1215.3836669921875,715.8521728515625,58.899277448654175,-0.037109702825546265,-0.02185734733939171,27.982202148437523
188,2000,-26.574783325195312,0.5109877586364746,16.93102264404297,72.22286224365234,13441.035939963274,1222.806884765625,719.2367553710938,58.818501234054565,-0.036948591470718384,-0.02173260785639286,27.982049560546898
188.1,2000,-26.683616638183594,0.5141924023628235,16.922029495239258,73.06076049804688,13475.56121660753,1236.3363037109375,725.6064453125,58.6900532245636,-0.036774229258298874,-0.021582813933491707,27.982019042968773
188.2,2000,-26.886638641357422,0.5267288684844971,16.88948631286621,76.05892181396484,13564.603278250725,1284.5960693359375,748.2088623046875,58.244675397872925,-0.03593467175960541,-0.020930033177137375,27.982080078125023
188.3,2000,-27.49895668029785,0.5437591671943665,16.85636329650879,80.65103149414062,13730.86501799582,1359.4830322265625,781.867431640625,57.512110471725464,-0.035170868039131165,-0.02022750861942768,27.982141113281273
188.4,2000,-28.310588836669922,0.5638613104820251,16.832380294799805,86.15603637695312,13931.622892244714,1450.211181640625,822.6263427734375,56.72459006309509,-0.034414879977703094,-0.019521700218319893,27.982080078125023
188.5,2000,-29.051294326782227,0.5774403810501099,16.838605880737305,90.17388916015625,14107.76848034779,1518.402587890625,853.0885009765625,56.18329048156738,-0.03405425697565079,-0.01913280040025711,27.982049560546898
188.6,2000,-29.642044067382812,0.5848644971847534,16.83759307861328,93.5006103515625,14229.349490341572,1574.3251953125,871.5030517578125,55.35724759101868,-0.034012552350759506,-0.018828412517905235,27.982110595703148
188.7,2000,-29.94981575012207,0.5807244777679443,16.847307205200195,95.60944366455078,14292.242892193966,1610.76171875,869.1588134765625,53.959494829177856,-0.03445839136838913,-0.018593573942780495,27.982049560546898
188.8,2000,-29.956634521484375,0.5775901675224304,16.845539093017578,97.27886962890625,14277.908456145131,1638.7149658203125,863.6007080078125,52.699875831604004,-0.034688059240579605,-0.01828056387603283,27.982019042968773
188.9,2000,-29.746986389160156,0.5723206400871277,16.829143524169922,98.6329574584961,14231.545642046542,1659.908203125,852.9431762695312,51.38496160507202,-0.034875694662332535,-0.01792086288332939,27.981378173828148
189,2000,-29.395111083984375,0.5615226030349731,16.673847198486328,98.82571411132812,14132.125481343188,1647.8048095703125,831.0044555664062,50.43100118637085,-0.035372987389564514,-0.01783895120024681,27.980493164062523
189.1,2000,-29.006006240844727,0.5553857088088989,16.529170989990234,98.80538177490234,14032.004743583206,1633.1710205078125,816.099365234375,49.97023344039917,-0.03554224967956543,-0.017760543152689934,27.979486083984398
189.2,2000,-28.601139068603516,0.5494929552078247,16.43556022644043,98.76677703857422,13966.486217718291,1623.287353515625,803.6702880859375,49.5088130235672,-0.03558815270662308,-0.017619270831346512,27.978631591796898
189.3,2000,-28.32025909423828,0.5417382717132568,16.374942779541016,98.7449951171875,13918.490278068395,1616.943603515625,789.605712890625,48.833221197128296,-0.035866331309080124,-0.017514685168862343,27.977197265625023
189.4,2000,-28.161745071411133,0.5382148027420044,16.32286834716797,98.7427749633789,13884.687726507516,1611.7652587890625,782.56494140625,48.55327904224396,-0.035986464470624924,-0.017472608014941216,27.977197265625023
189.5,2000,-28.0489559173584,0.53656405210495,16.30888557434082,98.74920654296875,13871.009571461811,1610.489501953125,779.3961791992188,48.394984006881714,-0.035988058894872665,-0.017416415736079216,27.976220703125023
189.6,2000,-27.885942459106445,0.5357375741004944,16.287702560424805,98.74366760253906,13855.012867721209,1608.3074951171875,777.2982177734375,48.3301967382431,-0.03587547689676285,-0.017338687554001808,27.975274658203148
189.7,2000,-27.928762435913086,0.5336058139801025,16.281892776489258,98.7213134765625,13848.408093007645,1607.369873046875,773.836181640625,48.14300537109375,-0.036091312766075134,-0.017375443130731583,27.974267578125023
189.8,2000,-27.89035987854004,0.5327486991882324,16.268104553222656,98.75216674804688,13835.334928797862,1606.5106201171875,771.8638305664062,48.04598391056061,-0.0361337810754776,-0.017360832542181015,27.973870849609398
189.9,2000,-27.961061477661133,0.5329723358154297,16.240615844726562,98.74906921386719,13815.535758570208,1603.7457275390625,771.0828247070312,48.080116510391235,-0.03626207262277603,-0.017434846609830856,27.973901367187523
190,1994,-28.063234329223633,0.5360624194145203,16.23063850402832,98.7520523071289,13810.955779775715,1602.808837890625,775.2963256835938,48.371100425720215,-0.036196786910295486,-0.01750878430902958,27.973840332031273
190.1,1994,-27.94599151611328,0.5345199704170227,16.24370574951172,98.74765014648438,13798.507423057366,1604.02783203125,772.3687133789062,48.15182685852051,-0.03618219122290611,-0.0174223855137825,27.974603271484398
190.2,1994,-27.799396514892578,0.53294438123703,16.267854690551758,98.74276733398438,13814.401546463554,1606.3330078125,770.9790649414062,47.996217012405396,-0.03605726361274719,-0.017306122928857803,27.974755859375023
190.3,1994,-27.894100189208984,0.5314773321151733,16.285263061523438,98.72997283935547,13837.80734799438,1607.8436279296875,770.159423828125,47.90014624595642,-0.03621860593557358,-0.017348764464259148,27.974725341796898
190.4,1994,-27.933984756469727,0.5301556587219238,16.284883499145508,98.74959564208984,13832.96392425014,1608.1256103515625,767.975341796875,47.755926847457886,-0.03637354448437691,-0.017370523884892464,27.976037597656273
190.5,1994,-27.97918128967285,0.5315957069396973,16.275501251220703,98.7403335571289,13825.22027468745,1607.0484619140625,769.6302490234375,47.89091944694519,-0.036354053765535355,-0.017410291358828545,27.976922607421898
190.6,1994,-27.819250106811523,0.5312123894691467,16.286376953125,98.75574493408203,13823.436775691376,1608.373291015625,768.97607421875,47.81079888343811,-0.036177001893520355,-0.01729651354253292,27.977227783203148
190.7,1994,-27.698898315429688,0.532570481300354,16.288179397583008,98.7532958984375,13828.312838632928,1608.5113525390625,771.2139892578125,47.9458212852478,-0.03591597080230713,-0.017220206558704376,27.977441406250023
190.8,1994,-27.559309005737305,0.5305376052856445,16.3043155670166,98.74585723876953,13837.865632275298,1609.983642578125,768.8009033203125,47.75209724903107,-0.03584713116288185,-0.017117757350206375,27.978204345703148
190.9,1994,-27.699853897094727,0.5310234427452087,16.30438995361328,98.73831939697266,13843.31404685546,1609.8680419921875,769.8079223632812,47.818076610565186,-0.03598280996084213,-0.017206288874149323,27.978387451171898
191,1987,-27.928861618041992,0.5323383808135986,16.284713745117188,98.75196838378906,13827.073714820624,1608.1475830078125,770.808837890625,47.931474447250366,-0.036233190447092056,-0.017367102205753326,27.979150390625023
191.1,1987,-28.11127281188965,0.535195529460907,16.241455078125,98.75701141357422,13804.102714025441,1603.95751953125,773.658447265625,48.2343465089798,-0.03633550927042961,-0.01752619445323944,27.980310058593773
191.2,1987,-28.124195098876953,0.5325398445129395,16.209163665771484,98.74203491210938,13768.384940993616,1600.5257568359375,767.82763671875,47.97345995903015,-0.03662826865911484,-0.01757184788584709,27.981225585937523
191.3,1987,-28.133258819580078,0.5333899855613708,16.17374038696289,98.74529266357422,13731.826708630959,1597.0806884765625,767.0113525390625,48.02583456039429,-0.036679062992334366,-0.0176154263317585,27.982141113281273
191.4,1987,-28.10634994506836,0.5348607301712036,16.146259307861328,98.74720764160156,13707.537317401424,1594.3980712890625,767.7658081054688,48.15396070480347,-0.03660797327756882,-0.01762818917632103,27.982232666015648
191.5,1987,-28.046167373657227,0.5361725091934204,16.148590087890625,98.76195526123047,13707.727324157215,1594.8663330078125,769.6594848632812,48.25855791568756,-0.03643970936536789,-0.017585277557373047,27.982171630859398
191.6,1987,-27.963563919067383,0.5367270112037659,16.157119750976562,98.75121307373047,13717.306928568805,1595.53515625,770.993896484375,48.321959376335144,-0.036269500851631165,-0.017526134848594666,27.982293701171898
191.7,1987,-27.951948165893555,0.5343204736709595,16.202072143554688,98.76141357421875,13739.275439732208,1600.1395263671875,768.7661743164062,48.04369509220123,-0.03635949268937111,-0.017468443140387535,27.982232666015648
191.8,1987,-27.93183708190918,0.5355175733566284,16.2365779876709,98.75444793701172,13769.902663668705,1603.434326171875,772.2060546875,48.159509897232056,-0.036171481013298035,-0.017420006915926933,27.982354736328148
191.9,1987,-27.88094711303711,0.5330602526664734,16.2508544921875,98.75143432617188,13780.377514635187,1604.795166015625,769.2473754882812,47.93430268764496,-0.03624444827437401,-0.017373522743582726,27.982537841796898
192,2000,-27.787782669067383,0.534369707107544,16.23478889465332,98.7473373413086,13775.23684105827,1603.1422119140625,770.849365234375,48.083657026290894,-0.03604826703667641,-0.017333323135972023,27.983270263671898
192.1,2000,-27.815967559814453,0.535682737827301,16.233671188354492,98.74666595458984,13771.21988841744,1603.0208740234375,772.5181274414062,48.19139540195465,-0.036006879061460495,-0.017352217808365822,27.984399414062523
192.2,2000,-27.8272647857666,0.5348533987998962,16.24024772644043,98.75464630126953,13775.379054703708,1603.7999267578125,771.5550537109375,48.10793995857239,-0.03606646507978439,-0.017350833863019943,27.985253906250023
192.3,2000,-27.86334800720215,0.5351723432540894,16.238842010498047,98.74275970458984,13779.053295772743,1603.468017578125,772.2210693359375,48.15942943096161,-0.036082085222005844,-0.01737692765891552,27.987084960937523
192.4,2000,-27.784101486206055,0.531205952167511,16.265626907348633,98.75947570800781,13787.988276037388,1606.384765625,766.994873046875,47.74664640426636,-0.03622462600469589,-0.017296044155955315,27.987481689453148
192.5,2000,-27.869810104370117,0.5314759016036987,16.266355514526367,98.74859619140625,13786.481044532862,1606.27978515625,767.30078125,47.768810391426086,-0.036321885883808136,-0.017350532114505768,27.988336181640648
192.6,2000,-27.981664657592773,0.5357850193977356,16.25153923034668,98.73410034179688,13781.940699049394,1604.5810546875,773.2671508789062,48.191216588020325,-0.03618628531694412,-0.017438611015677452,27.990014648437523
192.7,2000,-28.09905242919922,0.5342168211936951,16.24351692199707,98.74739837646484,13767.982779455284,1604.0050048828125,770.2230224609375,48.018741607666016,-0.03648170828819275,-0.01751805655658245,27.991540527343773
192.8,2000,-28.111661911010742,0.5339422821998596,16.208290100097656,98.75114440917969,13743.109379730957,1600.587158203125,768.4364013671875,48.00965487957001,-0.03658293932676315,-0.017563343048095703,27.992211914062523
192.9,2000,-28.038408279418945,0.5333312153816223,16.197603225708008,98.75804901123047,13731.925791908518,1599.6436767578125,766.932373046875,47.943949699401855,-0.03655916824936867,-0.017527908086776733,27.993035888671898
193,2000,-27.932653427124023,0.5327252745628357,16.198511123657227,98.74476623535156,13733.126448095418,1599.5181884765625,766.1279907226562,47.897422313690186,-0.03645951300859451,-0.017463166266679764,27.993615722656273
193.1,2000,-27.93782615661621,0.5327760577201843,16.223562240600586,98.7411880493164,13745.926841870507,1601.933837890625,766.9152221679688,47.87433743476868,-0.03642883524298668,-0.017440062016248703,27.994378662109398
193.2,2000,-27.857444763183594,0.5323348045349121,16.241336822509766,98.73245239257812,13759.362534307595,1603.5469970703125,767.0289916992188,47.83327281475067,-0.03631863370537758,-0.017372390255331993,27.996392822265648
193.3,2000,-27.911359786987305,0.5317046046257019,16.2600040435791,98.73700714111328,13351.761906882028,1605.464111328125,743.42578125,46.30597233772278,-0.03754424676299095,-0.017385227605700493,27.996881103515648
193.4,2000,-27.96242904663086,0.532993733882904,16.2630558013916,98.74874877929688,13539.912891168478,1605.9564208984375,755.7298583984375,47.05793261528015,-0.03700055927038193,-0.017411699518561363,27.997094726562523
193.5,2000,-27.892507553100586,0.5327007174491882,16.257936477661133,98.74838256835938,13625.330836224226,1605.4449462890625,760.0794067382812,47.343847155570984,-0.03669683635234833,-0.017373692244291306,27.997613525390648
193.6,2000,-27.828876495361328,0.5347491502761841,16.224308013916016,98.7564697265625,13671.036203634067,1602.25537109375,765.5616455078125,47.780248522758484,-0.036350928246974945,-0.017368564382195473,27.997674560546898
193.7,2000,-27.84930992126465,0.5328102111816406,16.227697372436523,98.7537841796875,13694.57023058291,1602.5465087890625,764.098876953125,47.68029451370239,-0.03644726052880287,-0.01737816073000431,27.998040771484398
193.8,2000,-27.794981002807617,0.5315476059913635,16.21541976928711,98.75891876220703,13705.011276666462,1601.4173583984375,762.869384765625,47.63713777065277,-0.03643478453159332,-0.01735648885369301,27.997888183593773
193.9,2000,-27.889415740966797,0.5329356789588928,16.205551147460938,98.74800872802734,13708.842885293974,1600.265869140625,765.0753784179688,47.809264063835144,-0.036453161388635635,-0.017427988350391388,27.998193359375023
194,2000,-27.925661087036133,0.5333923697471619,16.22694206237793,98.74034881591797,13724.196130573248,1602.25390625,766.5885620117188,47.84438610076904,-0.036428485065698624,-0.017428986728191376,27.998895263671898
194.1,2000,-27.781055450439453,0.5328865647315979,16.24831771850586,98.74344635009766,13739.642630701988,1604.4149169921875,766.7235717773438,47.788360714912415,-0.03623346984386444,-0.01731538213789463,27.998986816406273
194.2,2000,-27.69598960876465,0.5316008925437927,16.300790786743164,98.7660140991211,13770.565938785545,1609.964111328125,766.59521484375,47.615671157836914,-0.03612856939435005,-0.017202861607074738,27.999139404296898
194.3,2000,-27.734691619873047,0.5304913520812988,16.332059860229492,98.74700164794922,13798.565707338284,1612.741943359375,766.5506591796875,47.530895471572876,-0.03618115931749344,-0.017197228968143463,27.999719238281273
194.4,2000,-27.76361656188965,0.5319157242774963,16.35970115661621,98.74070739746094,13813.305801982306,1615.368408203125,769.429931640625,47.63185381889343,-0.03608335927128792,-0.017187172546982765,28.000665283203148
194.5,2000,-27.688941955566406,0.5317535996437073,16.362382888793945,98.76396942138672,13821.284920039903,1616.013916015625,769.6397094726562,47.62581288814545,-0.03597649931907654,-0.01713409833610058,28.001123046875023
194.6,2000,-27.678813934326172,0.5308412909507751,16.38223648071289,98.75977325439453,13830.229225789495,1617.906005859375,768.8164672851562,47.51923382282257,-0.03600184619426727,-0.017107801511883736,28.001428222656273
194.7,2000,-27.810693740844727,0.528261661529541,16.35207748413086,98.74845123291016,13807.148650546187,1614.7423095703125,763.8035888671875,47.30188846588135,-0.03641078993678093,-0.017222991213202477,28.001519775390648
194.8,2000,-27.734081268310547,0.5298848748207092,16.330148696899414,98.7544174194336,13793.911124664217,1612.67431640625,765.4160766601562,47.46253192424774,-0.036233995109796524,-0.01719757169485092,28.001458740234398
194.9,2000,-27.671998977661133,0.5293107032775879,16.336719512939453,98.75051879882812,13802.280747403962,1613.259521484375,765.0505981445312,47.422659397125244,-0.03617015480995178,-0.017152849584817886,28.001611328125023
195,1962,-27.580554962158203,0.5291429758071899,16.361581802368164,98.73419952392578,13812.81504833698,1615.4476318359375,765.3919067382812,47.37955331802368,-0.03603455424308777,-0.0170730110257864,28.001672363281273
195.1,1962,-27.541460037231445,0.5283605456352234,16.376388549804688,98.73810577392578,13821.092581912877,1616.9736328125,764.7180786132812,47.29317128658295,-0.03601517900824547,-0.017032720148563385,28.001611328125023
195.2,1962,-27.57789421081543,0.5278545022010803,16.394079208374023,98.75392150878906,13828.35480331519,1618.9796142578125,764.3871459960938,47.2141295671463,-0.03607843816280365,-0.017034120857715607,28.001580810546898
195.3,1962,-27.628360748291016,0.5287349224090576,16.404224395751953,98.73974609375,13839.414828462082,1619.7489013671875,766.2744140625,47.30822145938873,-0.036055438220500946,-0.017057187855243683,28.001763916015648
195.4,1962,-27.846933364868164,0.5294840335845947,16.397085189819336,98.73837280273438,13846.630422439663,1619.021484375,767.7601928710938,47.42124676704407,-0.03627035394310951,-0.01719985343515873,28.002832031250023
195.5,1962,-28.02490234375,0.5307198762893677,16.386737823486328,98.739990234375,13831.174596825975,1618.0263671875,768.6931762695312,47.50807583332062,-0.0364578515291214,-0.0173204243183136,28.003869628906273
195.6,1962,-28.030506134033203,0.5285565853118896,16.3596134185791,98.75508880615234,13805.116860513404,1615.5950927734375,764.1175537109375,47.29635417461395,-0.036683499813079834,-0.017349958419799805,28.005822753906273
195.7,1962,-28.045358657836914,0.527107298374176,16.328258514404297,98.75155639648438,13783.805796038752,1612.44091796875,760.8460693359375,47.185978293418884,-0.03686075285077095,-0.01739310659468174,28.007073974609398
195.8,1962,-28.07767105102539,0.5301228761672974,16.291698455810547,98.74113464355469,13760.652948287106,1608.6607666015625,763.9135131835938,47.487545013427734,-0.0367550365626812,-0.01745406538248062,28.008386230468773
195.9,1962,-28.014219284057617,0.5307756066322327,16.270273208618164,98.76329803466797,13735.331925285333,1606.9058837890625,763.4467163085938,47.510358691215515,-0.036694400012493134,-0.017433641478419304,28.009606933593773
196,1962,-27.967409133911133,0.5315412282943726,16.246442794799805,98.7698745727539,13714.185222482867,1604.6590576171875,763.370849609375,47.57215082645416,-0.036636725068092346,-0.01742887869477272,28.011102294921898
196.1,1909,-27.952163696289062,0.5319018959999084,16.242097854614258,98.76573181152344,13717.603012715866,1604.1627197265625,764.0792236328125,47.63103127479553,-0.03658280894160271,-0.017424767836928368,28.011590576171898
196.2,1909,-28.009212493896484,0.5309563279151917,16.26454734802246,98.7588882446289,13725.617101342013,1606.2685546875,763.16650390625,47.51175940036774,-0.03670131415128708,-0.017437439411878586,28.012322998046898
196.3,1909,-28.069692611694336,0.5302150249481201,16.30035972595215,98.73674774169922,13748.760623608712,1609.4444580078125,763.385986328125,47.431644797325134,-0.036769986152648926,-0.017440609633922577,28.012597656250023
196.4,1909,-28.089941024780273,0.5294697284698486,16.307344436645508,98.74873352050781,13746.256730900499,1610.32958984375,762.1741333007812,47.33031690120697,-0.03685501590371132,-0.017443597316741943,28.013482666015648
196.5,1909,-27.910966873168945,0.5302695035934448,16.282474517822266,98.77311706542969,13732.365255386636,1608.270751953125,762.5540161132812,47.41452932357788,-0.0366019532084465,-0.01735464483499527,28.013604736328148
196.6,1909,-27.884916305541992,0.5311726331710815,16.296491622924805,98.75971221923828,13734.257163145216,1609.436767578125,763.9580078125,47.46741056442261,-0.036500588059425354,-0.017325883731245995,28.014733886718773
196.7,1909,-27.681629180908203,0.531739354133606,16.332624435424805,98.75828552246094,13758.626986682417,1612.98193359375,766.1300659179688,47.49774634838104,-0.036131761968135834,-0.017161771655082703,28.016107177734398
196.8,1909,-27.58025360107422,0.5317482352256775,16.351964950561523,98.76231384277344,13780.737711491258,1614.9578857421875,767.3740844726562,47.51666486263275,-0.03594107925891876,-0.01707800105214119,28.016320800781273
196.9,1909,-27.676210403442383,0.5343114733695984,16.38166046142578,98.76697540283203,13795.678304061634,1617.967041015625,771.9091186523438,47.708579897880554,-0.03585423529148102,-0.017105545848608017,28.016259765625023
197,1922,-27.843610763549805,0.5350399017333984,16.37674331665039,98.7508316040039,13789.310163528595,1617.217041015625,772.6046752929688,47.7737158536911,-0.03603862598538399,-0.017216991633176804,28.016503906250023
197.1,1922,-27.910552978515625,0.5381574630737305,16.368873596191406,98.76133728027344,13783.796470553805,1616.61181640625,776.7957153320312,48.05085062980652,-0.03593036159873009,-0.017264844849705696,28.016503906250023
197.2,1922,-27.956729888916016,0.5384559631347656,16.36014747619629,98.74270629882812,13787.926494699615,1615.4451904296875,777.45947265625,48.12663793563843,-0.03595908358693123,-0.017305897548794746,28.016595458984398
197.3,1922,-28.01474380493164,0.538153350353241,16.377601623535156,98.7497787475586,13801.418140046384,1617.2845458984375,777.7828979492188,48.09190034866333,-0.036018721759319305,-0.017322087660431862,28.016503906250023
197.4,1922,-28.17995262145996,0.5392696261405945,16.38799476623535,98.74714660644531,13805.481720111948,1618.2677001953125,779.6256713867188,48.176559805870056,-0.036145489662885666,-0.017413653433322906,28.016992187500023
197.5,1922,-28.16092872619629,0.5396734476089478,16.407363891601562,98.75254821777344,13819.62148666252,1620.26904296875,781.0086059570312,48.202404379844666,-0.03605712950229645,-0.017380403354763985,28.017724609375023
197.6,1922,-28.15464210510254,0.5417617559432983,16.439607620239258,98.75503540039062,13845.250250667537,1623.4940185546875,785.4848022460938,48.382362723350525,-0.03584365174174309,-0.01734200492501259,28.018457031250023
197.7,1922,-28.163532257080078,0.5432314872741699,16.466306686401367,98.7444076538086,13872.206730591855,1625.9556884765625,789.149169921875,48.53448271751404,-0.035688478499650955,-0.01732121780514717,28.019006347656273
197.8,1922,-28.176746368408203,0.5476739406585693,16.489013671875,98.7513198852539,13913.592067100093,1628.3118896484375,797.9762573242188,49.006351828575134,-0.035310257226228714,-0.01730426959693432,28.020898437500023
197.9,1922,-28.354402542114258,0.5506386160850525,16.579336166381836,98.73348999023438,13971.380931629737,1636.9356689453125,805.6281127929688,49.21562373638153,-0.035195399075746536,-0.0173216350376606,28.021813964843773
198,1918,-28.50790023803711,0.5565178394317627,16.69527816772461,98.73054504394531,14041.090097292617,1648.3338623046875,818.2924194335938,49.643608927726746,-0.03483827784657478,-0.017294978722929955,28.022393798828148
198.1,1918,-28.96908950805664,0.5729753971099854,16.90287208557129,98.02682495117188,14153.244207690814,1656.9349365234375,849.2207641601562,51.252514123916626,-0.03411255404353142,-0.0174835417419672,28.023400878906273
198.2,1918,-29.28415870666504,0.5740058422088623,16.97061538696289,95.66218566894531,14225.579663051833,1623.4461669921875,855.0960693359375,52.671658992767334,-0.03424663096666336,-0.018038269132375717,28.025079345703148
198.3,1918,-29.310182571411133,0.5696434378623962,16.97083854675293,93.04878234863281,14213.175602386982,1579.1158447265625,847.857421875,53.69190573692322,-0.03456970676779747,-0.01856113411486149,28.026361083984398
198.4,1918,-29.05802345275879,0.5598851442337036,16.968759536743164,90.13168334960938,14157.663321869974,1529.4228515625,830.0784301757812,54.27396893501282,-0.035006359219551086,-0.018999338150024414,28.026727294921898
198.5,1918,-28.75992774963379,0.5554003119468689,16.96296501159668,87.47817993164062,14067.457905979667,1483.8892822265625,818.1828002929688,55.13772964477539,-0.035150978714227676,-0.0193814504891634,28.027551269531273
198.6,1918,-28.43552017211914,0.5486500859260559,16.959348678588867,85.10803985595703,13974.806881662065,1443.376953125,802.9155883789062,55.627572536468506,-0.03541532903909683,-0.019700689241290092,28.027947998046898
198.7,1918,-28.18427276611328,0.5389416217803955,16.95644187927246,82.97383117675781,13892.04786550177,1406.94091796875,784.037109375,55.726367235183716,-0.03594762459397316,-0.020032307133078575,28.028436279296898
198.8,1918,-27.923851013183594,0.5325902104377747,16.95174217224121,81.27359008789062,13806.698695897505,1377.72900390625,770.037109375,55.891770124435425,-0.03626299649477005,-0.0202680304646492,28.029626464843773
198.9,1918,-27.705381393432617,0.5263048410415649,16.948993682861328,79.88118743896484,13734.069487760662,1353.90576171875,756.9465942382812,55.908364057540894,-0.03660150244832039,-0.020463300868868828,28.030999755859398
199,1972,-27.58904457092285,0.5212785005569458,16.947406768798828,78.661865234375,13678.427816140016,1333.1146240234375,746.68017578125,56.01019859313965,-0.03694894537329674,-0.02069517783820629,28.031182861328148
199.1,1972,-27.398906707763672,0.5254212021827698,16.926034927368164,78.69566345214844,13630.907476222408,1332.0054931640625,749.99951171875,56.306034326553345,-0.036531899124383926,-0.020569663494825363,28.031640625000023
199.2,1972,-27.51022720336914,0.5361059308052063,16.886627197265625,81.30218505859375,13658.902582032673,1372.919677734375,766.8228149414062,55.85343837738037,-0.0358755961060524,-0.020037753507494926,28.031915283203148
199.3,1972,-27.900264739990234,0.5456759333610535,16.8815975189209,83.78819274902344,13741.684911905335,1414.478515625,785.2417602539062,55.5145800113678,-0.03553079441189766,-0.0197247713804245,28.032189941406273
199.4,1972,-28.395057678222656,0.5522556304931641,16.882234573364258,85.75456237792969,13806.591452820616,1447.7286376953125,798.4638061523438,55.15286326408386,-0.03556210920214653,-0.01961352303624153,28.031854248046898
199.5,1972,-28.704547882080078,0.5566251277923584,16.886499404907227,87.24884796142578,13867.48686952316,1473.32763671875,808.3309326171875,54.864299297332764,-0.03551088646054268,-0.019482800737023354,28.031640625000023
199.6,1972,-28.795509338378906,0.5597649812698364,16.889711380004883,88.34530639648438,13923.720709437926,1492.126708984375,816.1869506835938,54.699575901031494,-0.035280533134937286,-0.01929830014705658,28.031579589843773
199.7,1972,-28.94735336303711,0.563627302646637,16.890342712402344,89.27698516845703,13964.564002133633,1507.9188232421875,824.229248046875,54.66005206108093,-0.035120513290166855,-0.01919689029455185,28.031945800781273
199.8,1972,-29.025983810424805,0.564311146736145,16.893516540527344,89.90808868408203,14010.523489008274,1518.86376953125,827.9452514648438,54.510825872421265,-0.035057853907346725,-0.01911032758653164,28.032006835937523
199.9,1972,-29.004436492919922,0.5678034424781799,16.897605895996094,90.24354553222656,14053.263352205033,1524.89990234375,835.6103515625,54.79772090911865,-0.03471047803759575,-0.019020551815629005,28.031976318359398
200,1997,-29.107030868530273,0.5669844150543213,16.897266387939453,90.59822082519531,14088.11268945119,1530.8623046875,836.4741821289062,54.64072227478027,-0.03479728475213051,-0.019013486802577972,28.032128906250023
200.1,1997,-29.198436737060547,0.571895956993103,16.884077072143555,91.58766174316406,14112.045380881511,1546.3731689453125,845.1535034179688,54.653918743133545,-0.0345480851829052,-0.01888188347220421,28.032159423828148
200.2,1997,-29.58318519592285,0.5759756565093994,16.853361129760742,94.49151611328125,14152.924809831386,1592.4996337890625,853.6482543945312,53.60429883003235,-0.03465500846505165,-0.018576571717858315,28.032586669921898
200.3,1997,-29.77298355102539,0.5723962783813477,16.848052978515625,96.80677795410156,14150.877865885566,1631.0057373046875,848.2205810546875,52.005982398986816,-0.03510051965713501,-0.018254371359944344,28.033105468750023
200.4,1997,-29.593809127807617,0.5653111934661865,16.807613372802734,98.30967712402344,14090.92898590512,1652.35107421875,834.1724243164062,50.48397183418274,-0.03547684848308563,-0.017910122871398926,28.034204101562523
200.5,1997,-29.269819259643555,0.5553500652313232,16.635276794433594,98.61382293701172,13978.060310222876,1640.46826171875,812.9097900390625,49.55352246761322,-0.03600623458623886,-0.017842356115579605,28.034936523437523
200.6,1997,-28.85755157470703,0.5477102994918823,16.481611251831055,98.69373321533203,13868.83556778359,1626.6317138671875,795.462158203125,48.90241324901581,-0.03627771884202957,-0.017740678042173386,28.035821533203148
200.7,1997,-28.497474670410156,0.5381410121917725,16.37776756286621,98.73821258544922,13780.258614702116,1617.1114501953125,776.5726318359375,48.022207617759705,-0.03669647127389908,-0.017622455954551697,28.036279296875023
200.8,1997,-28.095991134643555,0.5363976359367371,16.32170867919922,98.76708221435547,13744.090887021606,1612.0474853515625,772.0252075195312,47.89097011089325,-0.03639258071780205,-0.01742876134812832,28.037408447265648
200.9,1997,-27.801912307739258,0.5321428179740906,16.336593627929688,98.76972198486328,13747.531990966972,1613.560791015625,766.0931396484375,47.47841656208038,-0.03629051148891449,-0.017230160534381866,28.038323974609398
201,2000,-27.6723575592041,0.5295447707176208,16.366329193115234,98.79100036621094,13764.342343269182,1616.8460693359375,763.2850952148438,47.20827043056488,-0.036254290491342545,-0.017115022987127304,28.039270019531273
201.1,2000,-27.7115421295166,0.5303120017051697,16.365097045898438,98.79185485839844,13768.404757649127,1616.73828125,764.6165771484375,47.29377329349518,-0.03624240309000015,-0.017140401527285576,28.040704345703148
201.2,2000,-27.737302780151367,0.5293039083480835,16.36794662475586,98.76068878173828,13771.714139119618,1616.5096435546875,763.3464965820312,47.221896052360535,-0.03633645176887512,-0.017158759757876396,28.040948486328148
201.3,2000,-27.778112411499023,0.5300704836845398,16.362178802490234,98.77154541015625,13774.124776978364,1616.11767578125,764.5858154296875,47.310036420822144,-0.0363309271633625,-0.01718817465007305,28.041314697265648
201.4,2000,-27.945552825927734,0.5283037424087524,16.340320587158203,98.77022552490234,13743.81345384444,1613.9371337890625,760.3605346679688,47.112151980400085,-0.03675302863121033,-0.01731514371931553,28.042535400390648
201.5,2000,-27.906513214111328,0.528688371181488,16.282949447631836,98.76560974121094,13709.21240763499,1608.1954345703125,758.9984130859375,47.19565808773041,-0.03676754981279373,-0.017352687194943428,28.044183349609398
201.6,2000,-27.863645553588867,0.5287429690361023,16.25918197631836,98.76519012451172,13696.04016014765,1605.8411865234375,758.3474731445312,47.22431302070618,-0.03674258291721344,-0.017351433634757996,28.045678710937523
201.7,2000,-27.829116821289062,0.5279019474983215,16.259197235107422,98.75517272949219,13691.404228443476,1605.6798095703125,756.8849487304688,47.13797569274902,-0.03676795959472656,-0.017331672832369804,28.046380615234398
201.8,2000,-27.861299514770508,0.5273573398590088,16.264087677001953,98.7515869140625,13698.652461618369,1606.1044921875,756.50439453125,47.10181951522827,-0.03682899847626686,-0.017347127199172974,28.047052001953148
201.9,2000,-27.814144134521484,0.5308538675308228,16.259994506835938,98.74886322021484,13694.295128776981,1605.656005859375,761.2780151367188,47.41227328777313,-0.036536119878292084,-0.017322605475783348,28.047845458984398
202,2000,-27.662046432495117,0.5294176340103149,16.29314422607422,98.76062774658203,13708.35912576236,1609.12109375,759.9981079101562,47.23063111305237,-0.03639752045273781,-0.017190778627991676,28.048822021484398
202.1,2000,-27.580007553100586,0.5323588848114014,16.304445266723633,98.74974822998047,13737.714586689239,1610.059814453125,765.8568725585938,47.5669801235199,-0.0360119603574276,-0.01712980307638645,28.050592041015648
202.2,2000,-27.62993049621582,0.5312783122062683,16.347084045410156,98.74547576904297,13761.733538855317,1614.2005615234375,765.638671875,47.43144512176514,-0.03608742728829384,-0.017116788774728775,28.050592041015648
202.3,2000,-27.553956985473633,0.5299953818321228,16.359277725219727,98.7550277709961,13767.146982866929,1615.5609130859375,764.0902099609375,47.29566276073456,-0.036061130464076996,-0.017055349424481392,28.050744628906273
202.4,2000,-27.592815399169922,0.5282138586044312,16.365249633789062,98.7538070678711,13769.188098384657,1616.1307373046875,761.6347045898438,47.127050161361694,-0.03622841089963913,-0.017073381692171097,28.051446533203148
202.5,2000,-27.806886672973633,0.5297175049781799,16.344051361083984,98.75039672851562,13757.91824982646,1613.9815673828125,763.1776733398438,47.28540480136871,-0.03643566370010376,-0.0172287505120039,28.052331542968773
202.6,2000,-27.752578735351562,0.527328610420227,16.3341007232666,98.755615234375,13731.858182142654,1613.0841064453125,758.296875,47.0091313123703,-0.0365985669195652,-0.01720466837286949,28.053338623046898
202.7,2000,-27.594058990478516,0.528114378452301,16.3197021484375,98.77061462402344,13736.443989365238,1611.906982421875,759.680419921875,47.12929427623749,-0.036323245614767075,-0.017118889838457108,28.055078125000023
202.8,2000,-27.539657592773438,0.5279322862625122,16.348806381225586,98.77375793457031,13752.444190162694,1614.8330078125,760.3030395507812,47.08245396614075,-0.0362219475209713,-0.017054183408617973,28.055505371093773
202.9,2000,-27.673080444335938,0.5264399647712708,16.363651275634766,98.77455139160156,13765.813438519537,1616.312255859375,758.8909301757812,46.95199728012085,-0.03646516427397728,-0.017121121287345886,28.056848144531273
203,2000,-27.8145694732666,0.5251778960227966,16.376060485839844,98.78981018066406,13767.85921677974,1617.7879638671875,757.18408203125,46.80366814136505,-0.03673422336578369,-0.017192963510751724,28.058526611328148
203.1,2000,-27.815746307373047,0.5257396697998047,16.372636795043945,98.7881851196289,13762.920206814795,1617.423095703125,757.7221069335938,46.84748947620392,-0.03670969232916832,-0.017197569832205772,28.060235595703148
203.2,2000,-27.899681091308594,0.5266484618186951,16.368064880371094,98.7764663696289,13760.134218186942,1616.7796630859375,758.8782348632812,46.937644481658936,-0.036764368414878845,-0.017256328836083412,28.060662841796898
203.3,2000,-28.026121139526367,0.5264846682548523,16.36667823791504,98.77252960205078,13754.485305680424,1616.5782470703125,758.330810546875,46.90962731838226,-0.036957647651433945,-0.01733669452369213,28.061975097656273
203.4,2000,-28.01907730102539,0.5272938013076782,16.32586669921875,98.77620697021484,13730.058363547923,1612.607177734375,758.1473999023438,47.013768553733826,-0.03695729374885559,-0.01737501658499241,28.063134765625023
203.5,2000,-28.013721466064453,0.5271261930465698,16.31532096862793,98.78447723388672,13715.816016662937,1611.700439453125,757.1202392578125,46.97648584842682,-0.03700035810470581,-0.017381468787789345,28.065118408203148
203.6,2000,-27.887187957763672,0.5278319716453552,16.278297424316406,98.79517364501953,13693.79388396109,1608.2171630859375,756.9166870117188,47.065576910972595,-0.03684313967823982,-0.017340436577796936,28.066156005859398
203.7,2000,-27.789833068847656,0.5287896394729614,16.27317237854004,98.78752136230469,13698.259625564986,1607.5863037109375,758.5372924804688,47.18485474586487,-0.03663608059287071,-0.01728668063879013,28.067651367187523
203.8,2000,-27.577430725097656,0.5294960737228394,16.29762840270996,98.80196380615234,13712.421540142304,1610.2376708984375,760.3359375,47.21886217594147,-0.036270059645175934,-0.017126310616731644,28.069818115234398
203.9,2000,-27.581022262573242,0.5300185680389404,16.31861114501953,98.7996826171875,13737.463964281293,1612.2735595703125,762.4761352539062,47.29198217391968,-0.03617296367883682,-0.017106911167502403,28.071771240234398
204,1915,-27.655025482177734,0.5288763642311096,16.340253829956055,98.78868103027344,13745.001287489536,1614.232177734375,761.2504272460938,47.15867340564728,-0.03632842004299164,-0.017132000997662544,28.074639892578148
204.1,1915,-27.658245086669922,0.5264624357223511,16.35134506225586,98.78327941894531,13740.57867625352,1615.239501953125,757.5321044921875,46.89905643463135,-0.03651098906993866,-0.017123309895396233,28.075677490234398
204.2,1915,-27.632383346557617,0.5284201502799988,16.347116470336914,98.77802276611328,13731.919963480426,1614.73583984375,759.8699340820312,47.05846607685089,-0.03636462241411209,-0.01711263321340084,28.077081298828148
204.3,1915,-27.64459991455078,0.52916419506073,16.322555541992188,98.79533386230469,13723.994466961272,1612.59228515625,760.5006713867188,47.160133719444275,-0.03635052591562271,-0.01714295707643032,28.078637695312523
204.4,1915,-27.577587127685547,0.5296513438224792,16.34410858154297,98.77291107177734,13733.281484282657,1614.355224609375,761.7158813476562,47.18391001224518,-0.03620455786585808,-0.01708272658288479,28.080102539062523
204.5,1915,-27.70830535888672,0.5300480723381042,16.350011825561523,98.789306640625,13743.928856720657,1615.206298828125,762.87744140625,47.23095893859863,-0.03632078319787979,-0.01715465448796749,28.081201171875023
204.6,1915,-27.860660552978516,0.5286453366279602,16.337242126464844,98.7873306274414,13729.821729367399,1613.91259765625,760.0775756835938,47.09533751010895,-0.03665502369403839,-0.017262807115912437,28.082696533203148
204.7,1915,-27.88587760925293,0.5318072438240051,16.290111541748047,98.77898406982422,13712.010053119027,1609.1207275390625,763.6317749023438,47.45646417140961,-0.036517441272735596,-0.017329886555671692,28.084375000000023
204.8,1915,-27.88144302368164,0.5301305651664734,16.287120819091797,98.77714538574219,13694.78238536545,1608.7952880859375,760.267822265625,47.256964445114136,-0.03667318820953369,-0.017330633476376534,28.085351562500023
204.9,1915,-27.82110023498535,0.5314784049987793,16.2619571685791,98.7743911743164,13676.92058463549,1606.264892578125,761.2066650390625,47.38985598087311,-0.0365486815571785,-0.01732036843895912,28.086663818359398
205,1871,-27.83843421936035,0.5354081988334656,16.265966415405273,98.77178955078125,13701.173839610858,1606.61865234375,768.1948852539062,47.81439006328583,-0.036238763481378555,-0.01732734404504299,28.087457275390648
205.1,1871,-27.917213439941406,0.5349321961402893,16.301877975463867,98.76597595214844,13722.639940272751,1610.0709228515625,768.7144165039062,47.744134068489075,-0.036316756159067154,-0.01733912155032158,28.089074707031273
205.2,1871,-27.95132064819336,0.5390292406082153,16.308366775512695,98.77081298828125,13723.397635924677,1610.7906494140625,774.644775390625,48.090964555740356,-0.036082759499549866,-0.017352547496557236,28.090142822265648
205.3,1871,-28.114055633544922,0.5416777729988098,16.328880310058594,98.76007080078125,13739.817483544739,1612.641357421875,779.3823852539062,48.32955598831177,-0.036072224378585815,-0.017433544620871544,28.091485595703148
205.4,1871,-28.252700805664062,0.5455614328384399,16.35381317138672,98.77865600585938,13768.280029287964,1615.40771484375,786.596435546875,48.69336783885956,-0.03591765835881233,-0.017489517107605934,28.093133544921898
205.5,1871,-28.395383834838867,0.5529232621192932,16.422073364257812,98.76998138427734,13832.701644986013,1622.0079345703125,800.94091796875,49.37959611415863,-0.03545253351330757,-0.017506316304206848,28.094598388671898
205.6,1871,-28.777301788330078,0.567621648311615,16.82052230834961,97.08837127685547,13967.405943671169,1633.0771484375,830.2393798828125,50.83895921707153,-0.03466145321726799,-0.017621520906686783,28.094781494140648
205.7,1871,-29.091278076171875,0.5618077516555786,16.977642059326172,93.06266021728516,14037.554572812165,1579.9844970703125,825.8626098632812,52.270299196243286,-0.03522532433271408,-0.018412381410598755,28.095544433593773
205.8,1871,-28.734237670898438,0.5500422120094299,17.002897262573242,88.57523345947266,13982.531880254863,1506.03564453125,805.3978271484375,53.47800850868225,-0.03567707538604736,-0.019079389050602913,28.095635986328148
205.9,1871,-28.140926361083984,0.5334075093269348,17.00617790222168,84.04810333251953,13866.637084707383,1429.3370361328125,774.5668334960938,54.190635681152344,-0.0363311804831028,-0.01968809776008129,28.096215820312523
206,1887,-27.482303619384766,0.5189929604530334,17.00278091430664,79.79641723632812,13736.21784635528,1356.760986328125,746.5471801757812,55.02421855926514,-0.03681254759430885,-0.020255817100405693,28.097100830078148
206.1,1887,-26.923185348510742,0.5058568716049194,16.988374710083008,76.54356384277344,13602.173325730108,1300.3507080078125,720.55078125,55.41203022003174,-0.03736473247408867,-0.02070455625653267,28.097558593750023
206.2,1887,-26.416227340698242,0.49957120418548584,16.974346160888672,74.44605255126953,13504.783789373918,1263.673095703125,706.50244140625,55.90863823890686,-0.03739014267921448,-0.02090432122349739,28.097894287109398
206.3,1887,-26.048818588256836,0.49286988377571106,16.970415115356445,72.52241516113281,13426.696841171964,1230.7354736328125,692.9949951171875,56.307387351989746,-0.037588756531476974,-0.02116524614393711,28.099084472656273
206.4,1887,-25.815980911254883,0.48625385761260986,16.96708869934082,70.82581329345703,13350.38406648114,1201.7078857421875,679.8067016601562,56.57004714012146,-0.03797547146677971,-0.021482743322849274,28.099603271484398
206.5,1887,-25.6099910736084,0.48086562752723694,16.962661743164062,69.47461700439453,13276.491255134008,1178.4744873046875,668.552734375,56.73035383224487,-0.03830661252140999,-0.021731477230787277,28.100457763671898
206.6,1887,-25.326881408691406,0.47673144936561584,16.960777282714844,68.31458282470703,13221.241253881126,1158.66845703125,660.0466918945312,56.965965032577515,-0.03837135061621666,-0.021858610212802887,28.102258300781273
206.7,1887,-25.05061149597168,0.47203388810157776,16.959867477416992,67.23926544189453,13184.532648073704,1140.3690185546875,651.7282104492188,57.150644063949585,-0.03843720629811287,-0.02196710929274559,28.104486083984398
206.8,1887,-24.889978408813477,0.4682881832122803,16.957454681396484,66.37947845458984,13145.464694574743,1125.626953125,644.6407470703125,57.26948380470276,-0.03861061856150627,-0.022112101316452026,28.106500244140648
206.9,1887,-24.776111602783203,0.4640025496482849,16.95530891418457,65.6689453125,13108.478655590152,1113.437255859375,636.9440307617188,57.2052001953125,-0.03889841213822365,-0.0222519151866436,28.109063720703148
207,1944,-24.763652801513672,0.4627419412136078,16.95281410217285,65.14982604980469,13073.433483160112,1104.472900390625,633.515380859375,57.35906958580017,-0.03908926993608475,-0.02242124080657959,28.110589599609398
207.1,1944,-24.722990036010742,0.46713605523109436,16.934345245361328,65.69700622558594,13049.464655475624,1112.5357666015625,638.3585815429688,57.378703355789185,-0.038729000836610794,-0.02222219668328762,28.112969970703148
207.2,1944,-25.001611709594727,0.4802919328212738,16.901357650756836,68.5333023071289,13101.388955659353,1158.305908203125,658.9481811523438,56.88896179199219,-0.03794169798493385,-0.021584637463092804,28.114526367187523
207.3,1944,-25.518999099731445,0.4918248653411865,16.897066116333008,71.44471740722656,13211.561400506358,1207.2060546875,680.4453735351562,56.365299224853516,-0.037503376603126526,-0.021138891577720642,28.115625000000023
207.4,1944,-25.897796630859375,0.4991239905357361,16.904956817626953,73.44194030761719,13318.84760776233,1241.5328369140625,696.1514282226562,56.07193112373352,-0.03720138594508171,-0.020859533920884132,28.117150878906273
207.5,1944,-26.31328582763672,0.5058740377426147,16.90921974182129,75.0561294555664,13401.092556564932,1269.140625,709.9229736328125,55.93729615211487,-0.037064988166093826,-0.020733153447508812,28.118981933593773
207.6,1944,-26.50608253479004,0.509318470954895,16.913631439208984,76.28184509277344,13473.251993397582,1290.2030029296875,718.6054077148438,55.69707751274109,-0.036885447800159454,-0.02054411731660366,28.120660400390648
207.7,1944,-26.769865036010742,0.5117718577384949,16.91680908203125,77.2147445678711,13533.207867491736,1306.22705078125,725.2800903320312,55.524808168411255,-0.036909691989421844,-0.020494036376476288,28.121942138671898
207.8,1944,-26.92009162902832,0.5167242884635925,16.917516708374023,78.03108978271484,13573.583720254484,1320.09228515625,734.4834594726562,55.63879609107971,-0.03665173426270485,-0.020392583683133125,28.123498535156273
207.9,1944,-27.009077072143555,0.5190542340278625,16.91796875,78.74337768554688,13600.079754359554,1332.177978515625,739.2354736328125,55.49074411392212,-0.03653649985790253,-0.02027437463402748,28.123681640625023
208,1944,-27.121715545654297,0.5212699770927429,16.91831398010254,79.39225769042969,13620.22396753024,1343.18310546875,743.4907836914062,55.35289645195007,-0.03647888824343681,-0.020192120224237442,28.123864746093773
208.1,1944,-27.349721908569336,0.5245974063873291,16.917510986328125,80.04195404052734,13631.407555352678,1354.110595703125,748.85107421875,55.30205965042114,-0.03652224317193031,-0.02019755356013775,28.124383544921898
208.2,1944,-27.56549072265625,0.5306234359741211,16.915327072143555,80.7751693725586,13631.008890871204,1366.33837890625,757.4309692382812,55.43509125709534,-0.03639340400695801,-0.020174717530608177,28.125695800781273
208.3,1944,-27.798126220703125,0.5329099893569946,16.91457176208496,81.4586181640625,13634.613190803138,1377.837646484375,760.89599609375,55.22392392158508,-0.0365334115922451,-0.020175183191895485,28.127282714843773
208.4,1944,-27.903451919555664,0.5343222618103027,16.914846420288086,82.0499038696289,13643.637928860395,1387.861572265625,763.4174194335938,55.00674247741699,-0.03655071184039116,-0.020105358213186264,28.128472900390648
208.5,1944,-28.044527053833008,0.53578120470047,16.914039611816406,82.62548065185547,13649.884838089127,1397.5306396484375,765.8524169921875,54.800403118133545,-0.036618709564208984,-0.02006720006465912,28.128533935546898
208.6,1944,-28.111038208007812,0.5385662913322449,16.9138126373291,83.17459106445312,13656.061806180756,1406.7994384765625,770.1818237304688,54.747092723846436,-0.03649922460317612,-0.019982263445854187,28.129113769531273
208.7,1944,-28.083972930908203,0.5400144457817078,16.914926528930664,83.59603118896484,13673.225361225326,1414.020751953125,773.223388671875,54.68260645866394,-0.03632064536213875,-0.019861076027154922,28.130242919921898
208.8,1944,-28.020645141601562,0.5389190912246704,16.91770362854004,83.76810455322266,13696.912092990175,1417.1639404296875,772.9917602539062,54.544973373413086,-0.03624960407614708,-0.01977233774960041,28.131127929687523
208.9,1944,-27.914873123168945,0.5386778712272644,16.92084312438965,83.76960754394531,13726.816591843295,1417.452392578125,774.3326416015625,54.62847948074341,-0.036050233989953995,-0.01969369314610958,28.132592773437523
209,1940,-27.83584213256836,0.538091778755188,16.921367645263672,83.74850463867188,13742.933361202586,1417.1392822265625,774.3983154296875,54.64518666267395,-0.03594512119889259,-0.01964227668941021,28.133691406250023
209.1,1940,-27.905424118041992,0.5360580682754517,16.922626495361328,83.67507934570312,13745.626094980971,1416.0020751953125,771.6226806640625,54.493045806884766,-0.03616459667682648,-0.019707191735506058,28.134393310546898
209.2,1940,-27.90329360961914,0.5384349226951599,16.922983169555664,83.56319427490234,13735.577884950804,1414.1385498046875,774.4774169921875,54.76673245429993,-0.03602854162454605,-0.019731655716896057,28.136041259765648
209.3,1940,-28.018823623657227,0.5380179286003113,16.921485900878906,83.56796264648438,13721.819297597434,1414.0941162109375,773.1024780273438,54.67121601104736,-0.036242056638002396,-0.01981397345662117,28.137292480468773
209.4,1940,-28.030799865722656,0.5391803979873657,16.92129135131836,83.60150146484375,13716.432664355043,1414.6453857421875,774.46875,54.746490716934204,-0.03619358316063881,-0.019814718514680862,28.138421630859398
209.5,1940,-27.937225341796875,0.5381816625595093,16.923030853271484,83.52513885498047,13722.673745155684,1413.49853515625,773.3859252929688,54.71430420875549,-0.03612326830625534,-0.019764594733715057,28.138635253906273
209.6,1940,-27.849178314208984,0.5347535014152527,16.926578521728516,83.22206115722656,13744.311201603474,1408.664794921875,769.6712036132812,54.63835000991821,-0.03618321567773819,-0.019769912585616112,28.139611816406273
209.7,1940,-27.705440521240234,0.5326868295669556,16.92868423461914,82.84981536865234,13762.991313637514,1402.538330078125,767.7386474609375,54.739224910736084,-0.036087073385715485,-0.01975378394126892,28.140313720703148
209.8,1940,-27.539766311645508,0.5298793315887451,16.93145751953125,82.34886169433594,13783.191479717882,1394.2862548828125,764.813232421875,54.85338568687439,-0.03600848466157913,-0.01975187472999096,28.140924072265648
209.9,1940,-27.386951446533203,0.5277625918388367,16.933530807495117,81.77182006835938,13795.740085399408,1384.6856689453125,762.4514770507812,55.063146352767944,-0.03591959923505783,-0.019778462126851082,28.141656494140648
210,1940,-27.393640518188477,0.5254710912704468,16.932083129882812,81.38916778564453,13789.838219113706,1378.088134765625,758.8162231445312,55.06296753883362,-0.036100491881370544,-0.019878003746271133,28.142602539062523
210.1,1944,-27.314037322998047,0.5252175331115723,16.930850982666016,81.13725280761719,13778.274617779687,1373.7227783203125,757.8140869140625,55.164992809295654,-0.0360431894659996,-0.019883224740624428,28.143212890625023
210.2,1944,-27.194019317626953,0.5261476635932922,16.928373336791992,81.05012512207031,13775.386048817418,1372.0467529296875,758.9969482421875,55.318593978881836,-0.03582889214158058,-0.019820038229227066,28.143212890625023
210.3,1944,-27.13347053527832,0.5242005586624146,16.928274154663086,80.9874267578125,13776.809350957423,1370.9774169921875,756.2662963867188,55.162566900253296,-0.035878196358680725,-0.019791333004832268,28.142572021484398
210.4,1944,-27.20347023010254,0.5248976349830627,16.927631378173828,80.95133209228516,13771.786411627956,1370.3143310546875,756.995849609375,55.242496728897095,-0.03593608736991882,-0.019851993769407272,28.142663574218773
210.5,1944,-27.298730850219727,0.5254257321357727,16.925073623657227,81.07986450195312,13755.514606081426,1372.28271484375,756.8621826171875,55.15351891517639,-0.03606829792261124,-0.01989293470978737,28.142388916015648
210.6,1944,-27.327213287353516,0.5254277586936951,16.925033569335938,81.20935821533203,13746.212434847,1374.4710693359375,756.353271484375,55.028676986694336,-0.03613022342324257,-0.01988198421895504,28.142175292968773
210.7,1944,-27.493867874145508,0.5269262790679932,16.924449920654297,81.33776092529297,13741.538035517422,1376.5968017578125,758.25244140625,55.08166551589966,-0.03625951707363129,-0.019972344860434532,28.141717529296898
210.8,1944,-27.59065818786621,0.5271492600440979,16.923559188842773,81.50157165527344,13736.049987626237,1379.296630859375,758.2703857421875,54.97514605522156,-0.03638630732893944,-0.0200034249573946,28.141381835937523
210.9,1944,-27.55954933166504,0.5282717347145081,16.92255210876465,81.71851348876953,13729.15029445123,1382.8857421875,759.5032958984375,54.92162108421326,-0.03628627955913544,-0.019929012283682823,28.141687011718773
211,1940,-27.579017639160156,0.5283900499343872,16.924964904785156,81.77021789550781,13739.593671906017,1383.9580078125,760.251220703125,54.93311285972595,-0.036276187747716904,-0.01992763951420784,28.141198730468773
211.1,1940,-27.53282928466797,0.5268845558166504,16.92986488342285,81.51896667480469,13758.904419859584,1380.1051025390625,759.1505737304688,55.00672459602356,-0.03626793995499611,-0.019949806854128838,28.141503906250023
211.2,1940,-27.48418426513672,0.5247113108634949,16.931943893432617,81.12572479248047,13767.201770090991,1373.6162109375,756.4752197265625,55.07180690765381,-0.0363319031894207,-0.020008634775877,28.142510986328148
211.3,1940,-27.532224655151367,0.5221275091171265,16.93130111694336,80.87307739257812,13761.826793704784,1369.286376953125,752.456298828125,54.952436685562134,-0.03658979758620262,-0.02010698802769184,28.143243408203148
211.4,1940,-27.4471492767334,0.5221399664878845,16.92986297607422,80.73401641845703,13750.189754176808,1366.8157958984375,751.8379516601562,55.0065279006958,-0.036506734788417816,-0.020081087946891785,28.143182373046898
211.5,1940,-27.295700073242188,0.522283673286438,16.930322647094727,80.57845306396484,13746.49569645226,1364.21923828125,751.8428344726562,55.111587047576904,-0.03630506247282028,-0.02000829391181469,28.143395996093773
211.6,1940,-27.335262298583984,0.5240057706832886,16.927967071533203,80.57512664794922,13732.12978689173,1363.97314453125,753.5335693359375,55.24548292160034,-0.03627610579133034,-0.020040910691022873,28.143518066406273
211.7,1940,-27.4372501373291,0.5252097845077515,16.923784255981445,80.83457946777344,13702.66824857358,1368.0269775390625,753.64453125,55.08989095687866,-0.03640608862042427,-0.020056074485182762,28.143731689453148
211.8,1940,-27.503612518310547,0.5251436829566956,16.92331886291504,81.10172271728516,13686.645899749376,1372.51025390625,752.6685791015625,54.83883023262024,-0.03654146566987038,-0.020038912072777748,28.143518066406273
211.9,1940,-27.555471420288086,0.5283686518669128,16.922849655151367,81.36328125,13677.904423297377,1376.8985595703125,756.80712890625,54.9646258354187,-0.03641016408801079,-0.020012710243463516,28.143426513671898
212,1944,-27.499780654907227,0.5295388698577881,16.924007415771484,81.53790283203125,13682.827113663665,1379.9481201171875,758.7562866210938,54.98440861701965,-0.03624323382973671,-0.01992812752723694,28.143395996093773
212.1,1944,-27.501731872558594,0.5308191180229187,16.923276901245117,81.70947265625,13694.039843626562,1382.7919921875,761.2139892578125,55.04905581474304,-0.036128778010606766,-0.01988855190575123,28.144128417968773
212.2,1944,-27.536602020263672,0.531354546546936,16.923648834228516,81.87409210205078,13714.313447900886,1385.6083984375,763.1099243164062,55.073994398117065,-0.03608471155166626,-0.01987329311668873,28.144403076171898
212.3,1944,-27.567821502685547,0.5297499299049377,16.925310134887695,81.89342498779297,13738.655294983246,1386.0716552734375,762.15576171875,54.986751079559326,-0.036170847713947296,-0.01988917589187622,28.144433593750023
212.4,1944,-27.555940628051758,0.5292141437530518,16.925670623779297,81.87813568115234,13747.773287889971,1385.8424072265625,761.8902587890625,54.97668981552124,-0.03616786003112793,-0.019883893430233,28.144433593750023
212.5,1944,-27.578693389892578,0.530708909034729,16.92510223388672,81.90946960449219,13750.18159437748,1386.326171875,764.1760864257812,55.122387409210205,-0.0360894501209259,-0.01989336684346199,28.144647216796898
212.6,1944,-27.4880313873291,0.5294747948646545,16.925256729125977,81.96302795410156,13753.204217185857,1387.2452392578125,762.566650390625,54.969847202301025,-0.03604672849178314,-0.019814832136034966,28.144433593750023
212.7,1944,-27.54696273803711,0.5276375412940979,16.925642013549805,81.95454406738281,13755.25698955977,1387.13330078125,760.0339965820312,54.791706800460815,-0.036244381219148636,-0.019858915358781815,28.144433593750023
212.8,1944,-27.432554244995117,0.5276495218276978,16.926164627075195,81.93765258789062,13760.67276494262,1386.89013671875,760.3505249023438,54.82413172721863,-0.03607882559299469,-0.019779903814196587,28.144433593750023
212.9,1944,-27.44891929626465,0.5266160368919373,16.926347732543945,81.89473724365234,13762.567004072436,1386.1788330078125,758.9656982421875,54.75236773490906,-0.03616621717810631,-0.01980186067521572,28.144372558593773
213,1944,-27.50968360900879,0.5251172184944153,16.926626205444336,81.86396026611328,13762.596146212894,1385.6806640625,756.8071899414062,54.616278409957886,-0.03634966164827347,-0.019852830097079277,28.144128417968773
213.1,1944,-27.58249282836914,0.5256487727165222,16.925668716430664,81.87906646728516,13758.89975711711,1385.85791015625,757.3698120117188,54.64988350868225,-0.036418791860342026,-0.019902829080820084,28.144250488281273
213.2,1944,-27.62017250061035,0.5276592373847961,16.924943923950195,81.9601821899414,13752.103809962136,1387.1715087890625,759.8909912109375,54.779887199401855,-0.03634754568338394,-0.0199111457914114,28.144097900390648
213.3,1944,-27.782960891723633,0.5291298627853394,16.922334671020508,82.1824722290039,13736.890446957066,1390.71923828125,761.1658935546875,54.7318160533905,-0.03650053218007088,-0.019977403804659843,28.144097900390648
213.4,1944,-27.76841163635254,0.532217264175415,16.92145347595215,82.43375396728516,13724.584303884158,1394.89892578125,764.9213256835938,54.83704209327698,-0.03630230948328972,-0.019907113164663315,28.143518066406273
213.5,1944,-27.638843536376953,0.5335005521774292,16.92189598083496,82.6357192993164,13725.120519268597,1398.35302734375,766.795654296875,54.8356294631958,-0.03604460135102272,-0.019765282049775124,28.143212890625023
213.6,1944,-27.661273956298828,0.5308093428611755,16.924495697021484,82.63692474365234,13740.421308695044,1398.5882568359375,763.7781372070312,54.61065173149109,-0.0362163744866848,-0.019777996465563774,28.143365478515648
213.7,1944,-27.59013557434082,0.5315231084823608,16.92469024658203,82.62268829345703,13751.236539862084,1398.3634033203125,765.4071655273438,54.735928773880005,-0.036046352237463,-0.019730303436517715,28.143243408203148
213.8,1944,-27.65422821044922,0.5299116969108582,16.925092697143555,82.61392974853516,13756.876126883657,1398.2484130859375,763.399658203125,54.596853256225586,-0.0362250991165638,-0.01977776549756527,28.143212890625023
213.9,1944,-27.689388275146484,0.5303128361701965,16.92438507080078,82.62409210205078,13754.448003740636,1398.3619384765625,763.8427124023438,54.624104499816895,-0.03625011816620827,-0.019801301881670952,28.143212890625023
214,1944,-27.61969757080078,0.529460072517395,16.92500877380371,82.62957000732422,13755.063485747125,1398.5062255859375,762.6484985351562,54.533082246780396,-0.03621549904346466,-0.01974942721426487,28.143334960937523
214.1,1944,-27.584074020385742,0.5291689038276672,16.927326202392578,82.47451782226562,13770.025060658632,1396.0731201171875,763.0582275390625,54.65747117996216,-0.03614937141537666,-0.019758330658078194,28.143243408203148
214.2,1944,-27.573843002319336,0.5297478437423706,16.926143646240234,82.41207122802734,13770.748951427626,1394.9185791015625,763.9331665039062,54.76543307304382,-0.03609457239508629,-0.01976734958589077,28.143762207031273
214.3,1944,-27.591909408569336,0.5288721323013306,16.92540740966797,82.410888671875,13764.061413035159,1394.837890625,762.2999877929688,54.65151071548462,-0.036195605993270874,-0.01978144608438015,28.143701171875023
214.4,1944,-27.603822708129883,0.5303138494491577,16.92342185974121,82.52437591552734,13751.12696541396,1396.5948486328125,763.6597290039062,54.68012094497681,-0.03614675626158714,-0.019765090197324753,28.144128417968773
214.5,1944,-27.618000030517578,0.5308716893196106,16.923030853271484,82.67657470703125,13744.514030901068,1399.13818359375,764.0953979492188,54.61185574531555,-0.03614470362663269,-0.019739292562007904,28.144128417968773
214.6,1944,-27.62286949157715,0.5329479575157166,16.923641204833984,82.74858093261719,13744.558326954564,1400.4073486328125,767.0862426757812,54.775941371917725,-0.03601012006402016,-0.019724883139133453,28.144403076171898
214.7,1944,-27.659021377563477,0.5315709710121155,16.922679901123047,82.87752532958984,13741.638284480601,1402.5098876953125,764.9417724609375,54.54092025756836,-0.03615833446383476,-0.01972108893096447,28.144647216796898
214.8,1944,-27.601184844970703,0.5309128165245056,16.923656463623047,82.8841323852539,13746.790614913703,1402.70263671875,764.2811279296875,54.48632836341858,-0.0361139141023159,-0.019677147269248962,28.145166015625023
214.9,1944,-27.691133499145508,0.53116774559021,16.923480987548828,82.92921447753906,13747.619417388349,1403.450927734375,764.6942138671875,54.48670983314514,-0.03621203452348709,-0.019730744883418083,28.145867919921898
215,1937,-27.708175659179688,0.5320907235145569,16.922788619995117,83.01402282714844,13745.80327919496,1404.8287353515625,765.9218139648438,54.52065467834473,-0.03617624565958977,-0.019723525270819664,28.147088623046898
215.1,1937,-27.628555297851562,0.5309584140777588,16.92879867553711,82.7560806274414,13748.04955538152,1400.9610595703125,764.4168090820312,54.563742876052856,-0.036143314093351364,-0.019721144810318947,28.148248291015648
215.2,1937,-27.52497673034668,0.528985857963562,16.931913375854492,82.2616195678711,13744.529184814106,1392.8465576171875,761.3818969726562,54.663729667663574,-0.03615134209394455,-0.019761670380830765,28.148339843750023
215.3,1937,-27.61829376220703,0.5277493000030518,16.92922019958496,82.04899597167969,13725.417769101277,1389.0255126953125,758.5458984375,54.60993051528931,-0.03640952333807945,-0.01988321542739868,28.149072265625023
215.4,1937,-27.56010627746582,0.5292609930038452,16.924304962158203,82.1617660522461,13688.385102691953,1390.53076171875,758.6661987304688,54.55946326255798,-0.0363270528614521,-0.019819846376776695,28.149102783203148
215.5,1937,-27.57232093811035,0.5320520401000977,16.924060821533203,82.27940368652344,13671.035037948448,1392.5015869140625,761.7003173828125,54.70013618469238,-0.03619838505983353,-0.019800566136837006,28.149804687500023
215.6,1937,-27.736974716186523,0.531412661075592,16.92551612854004,82.28871154785156,13669.481179019189,1392.7789306640625,760.698486328125,54.61731553077698,-0.036462508141994476,-0.019914843142032623,28.149987792968773
215.7,1937,-27.786378860473633,0.5314569473266602,16.924848556518555,82.32148742675781,13667.044896076839,1393.2786865234375,760.6262817382812,54.592543840408325,-0.03653092309832573,-0.019943159073591232,28.150659179687523
215.8,1937,-27.71149253845215,0.5297837853431702,16.92536163330078,82.3503646850586,13668.059042564802,1393.8096923828125,758.2879028320312,54.4039785861969,-0.03654481843113899,-0.019881833344697952,28.151086425781273
215.9,1937,-27.75687599182129,0.5288794040679932,16.926795959472656,82.27766418457031,13678.643467979411,1392.697265625,757.5796508789062,54.39658164978027,-0.03663888946175575,-0.01993030123412609,28.151635742187523
216,1937,-27.68010711669922,0.5281821489334106,16.928264617919922,82.0978012084961,13688.622902558096,1389.7733154296875,757.1328735351562,54.478877782821655,-0.03655911609530449,-0.019916994497179985,28.152825927734398
216.1,1937,-27.464679718017578,0.5290969014167786,16.929128646850586,81.89802551269531,13697.92507379252,1386.462158203125,758.9595336914062,54.7407329082489,-0.03618727624416351,-0.0198091808706522,28.152947998046898
216.2,1937,-27.373544692993164,0.5270206332206726,16.93060874938965,81.63268280029297,13707.061717669138,1382.091064453125,756.4854736328125,54.73485589027405,-0.03618515655398369,-0.019805891439318657,28.152978515625023
216.3,1937,-27.314796447753906,0.5238423943519592,16.932106018066406,81.3067855834961,13719.40049993936,1376.695068359375,752.600341796875,54.66717481613159,-0.03629389405250549,-0.019840845838189125,28.152917480468773
216.4,1937,-27.2568416595459,0.5229028463363647,16.93197250366211,81.02552032470703,13719.519399872432,1371.921875,751.2569580078125,54.75946068763733,-0.03628164902329445,-0.019867634400725365,28.152978515625023
216.5,1937,-27.29677963256836,0.5224913954734802,16.930622100830078,80.86062622070312,13709.732303420775,1369.020751953125,750.13037109375,54.793208837509155,-0.03638938069343567,-0.019938908517360687,28.152947998046898
216.6,1937,-27.31247901916504,0.5235140919685364,16.92923927307129,80.78742218017578,13696.973874327947,1367.6695556640625,750.899169921875,54.90354895591736,-0.03637303039431572,-0.019970085471868515,28.152703857421898
216.7,1937,-27.317626953125,0.52406245470047,16.92864990234375,80.77545928955078,13687.416417943105,1367.41943359375,751.1611938476562,54.9327552318573,-0.03636719658970833,-0.019977502524852753,28.152246093750023
216.8,1937,-27.218040466308594,0.5232480764389038,16.929494857788086,80.72636413574219,13687.085363227494,1366.6566162109375,749.9757690429688,54.87667918205261,-0.03629189357161522,-0.019915785640478134,28.151452636718773
216.9,1937,-27.075170516967773,0.5224382281303406,16.93125343322754,80.56005096435547,13695.069144027564,1363.982666015625,749.2517700195312,54.93118166923523,-0.03613627701997757,-0.01985008455812931,28.150018310546898
217,1937,-27.070215225219727,0.5207369327545166,16.93163299560547,80.38813018798828,13697.297934929848,1361.102294921875,746.9334106445312,54.87709641456604,-0.0362418033182621,-0.01988844946026802,28.148614501953148
217.1,1937,-27.071578979492188,0.5189303755760193,16.932231903076172,80.17243957519531,13703.41661874056,1357.498291015625,744.6746826171875,54.85639572143555,-0.036353565752506256,-0.019942255690693855,28.148034667968773
217.2,1937,-27.02484703063965,0.5167117714881897,16.934547424316406,79.84251403808594,13715.867306830145,1352.0968017578125,742.1646118164062,54.889899492263794,-0.03641354665160179,-0.019987359642982483,28.148126220703148
217.3,1937,-27.008502960205078,0.5159293413162231,16.93438720703125,79.53309631347656,13720.26194161132,1346.84423828125,741.2782592773438,55.03815412521362,-0.03643504157662392,-0.02005317434668541,28.147943115234398
217.4,1937,-26.92770004272461,0.5160253643989563,16.9329891204834,79.38677215576172,13710.191583554404,1344.25537109375,740.8720092773438,55.113935470581055,-0.0363459549844265,-0.020031685009598732,28.148187255859398
217.5,1937,-26.918092727661133,0.517143964767456,16.930768966674805,79.38139343261719,13690.44720055081,1343.988037109375,741.4087524414062,55.16483187675476,-0.03630668297410011,-0.02002852037549019,28.147973632812523
217.6,1937,-26.917343139648438,0.51722651720047,16.92997932434082,79.43339538574219,13677.1688756722,1344.8057861328125,740.8079223632812,55.086612701416016,-0.03633511811494827,-0.020015785470604897,28.148065185546898
217.7,1937,-27.098983764648438,0.5166869163513184,16.929096221923828,79.52450561523438,13667.874864237105,1346.2779541015625,739.5321655273438,54.93161082267761,-0.036643415689468384,-0.02012881636619568,28.148095703125023
217.8,1937,-27.079524993896484,0.5186185836791992,16.929061889648438,79.62451171875,13662.259756613517,1347.96826171875,741.9920043945312,55.04521131515503,-0.03649570792913437,-0.02008914016187191,28.147973632812523
217.9,1937,-27.07320213317871,0.5183766484260559,16.930158615112305,79.6231689453125,13666.887528518362,1348.0328369140625,741.8970947265625,55.035531520843506,-0.03649185597896576,-0.020083488896489143,28.148431396484398
218,1937,-27.00722885131836,0.5189011096954346,16.93039321899414,79.63594055175781,13670.04537085847,1348.267822265625,742.8192749023438,55.094343423843384,-0.03635773807764053,-0.02003105729818344,28.149072265625023
218.1,1937,-26.99616813659668,0.5193307399749756,16.929664611816406,79.68607330322266,13667.452886043262,1349.0584716796875,743.2933349609375,55.09719252586365,-0.03631966933608055,-0.020011117681860924,28.149957275390648
218.2,1937,-27.084016799926758,0.5192407965660095,16.928466796875,79.79974365234375,13663.526856880662,1350.8873291015625,742.9511108398438,54.997265338897705,-0.036454640328884125,-0.02004905790090561,28.150750732421898
218.3,1937,-27.155778884887695,0.5199082493782043,16.929399490356445,79.79804992675781,13663.50121179706,1350.93310546875,743.9047241210938,55.06599545478821,-0.03650437667965889,-0.020101498812437057,28.152368164062523
218.4,1937,-27.11843490600586,0.520530104637146,16.927181243896484,79.96258544921875,13653.297965579652,1353.5411376953125,744.2383422851562,54.98453378677368,-0.03643783554434776,-0.02003517560660839,28.152917480468773
218.5,1937,-27.077739715576172,0.5212256908416748,16.927471160888672,80.0985336303711,13651.44219407524,1355.8656005859375,745.131591796875,54.95615005493164,-0.03633954003453255,-0.019970813766121864,28.153039550781273
218.6,1937,-27.232646942138672,0.5190544724464417,16.92885398864746,80.14576721191406,13658.451461698372,1356.7760009765625,742.4086303710938,54.718583822250366,-0.03668148070573807,-0.020071586593985558,28.153375244140648
218.7,1937,-27.352800369262695,0.520308256149292,16.92889976501465,80.17992401123047,13660.815472132384,1357.35791015625,744.3307495117188,54.836732149124146,-0.03674817830324173,-0.020151501521468163,28.153497314453148
218.8,1937,-27.487560272216797,0.5233097076416016,16.92633819580078,80.37982177734375,13650.475840697629,1360.5360107421875,748.057861328125,54.982584714889526,-0.036745231598615646,-0.020203478634357452,28.153833007812523
218.9,1937,-27.525209426879883,0.5237138867378235,16.926015853881836,80.54249572753906,13644.077392338513,1363.2635498046875,748.2847290039062,54.889219999313354,-0.03678440675139427,-0.02019067294895649,28.154718017578148
219,1940,-27.67014503479004,0.5245838165283203,16.923839569091797,80.84486389160156,13631.815545319101,1368.20556640625,748.8540649414062,54.73257303237915,-0.03694998100399971,-0.020223675295710564,28.154840087890648
219.1,1940,-27.6566104888916,0.528947651386261,16.92087173461914,81.30943298339844,13622.884062111312,1375.8265380859375,754.5888061523438,54.84622120857239,-0.03665123134851456,-0.020101815462112427,28.155786132812523
219.2,1940,-27.708044052124023,0.530035138130188,16.921663284301758,81.67872619628906,13639.623307590802,1382.139892578125,757.0693359375,54.77516055107117,-0.03659908473491669,-0.020047206431627274,28.157586669921898
219.3,1940,-27.800670623779297,0.5311072468757629,16.92091178894043,82.02263641357422,13648.833389661377,1387.8978271484375,759.1129150390625,54.69515919685364,-0.03662257641553879,-0.020030776038765907,28.158502197265648
219.4,1940,-27.892730712890625,0.5315037965774536,16.919803619384766,82.40208435058594,13649.457031467193,1394.22705078125,759.7144165039062,54.49000597000122,-0.03671475872397423,-0.02000587433576584,28.159387207031273
219.5,1940,-27.947864532470703,0.5345873236656189,16.918819427490234,82.79436492919922,13647.973113675034,1400.782958984375,764.038818359375,54.54369783401489,-0.03657911345362663,-0.019951602444052696,28.160241699218773
219.6,1940,-27.96510124206543,0.5354198217391968,16.91950225830078,83.12020111083984,13654.131430796771,1406.3524169921875,765.5739135742188,54.43685054779053,-0.03652828186750412,-0.01988484524190426,28.161584472656273
219.7,1940,-28.003034591674805,0.5335157513618469,16.922178268432617,83.21955871582031,13674.778054468967,1408.2562255859375,764.0048828125,54.251837730407715,-0.036652952432632446,-0.019884901121258736,28.162927246093773
219.8,1940,-27.911874771118164,0.5317978262901306,16.925521850585938,83.09112548828125,13703.871236131716,1406.3607177734375,763.1649780273438,54.2652428150177,-0.03657383844256401,-0.019846882671117783,28.163354492187523
219.9,1940,-27.762630462646484,0.53081876039505,16.92632484436035,82.97818756103516,13718.657958200472,1404.5157470703125,762.5819091796875,54.29500937461853,-0.03640609607100487,-0.01976669207215309,28.163903808593773
220,1940,-27.758211135864258,0.5286917090415955,16.9263916015625,82.87278747558594,13725.839747295118,1402.7373046875,759.9237670898438,54.17435169219971,-0.03652762621641159,-0.019788604229688644,28.164697265625023
220.1,1940,-27.681020736694336,0.5284457802772522,16.927398681640625,82.73934936523438,13730.925633647974,1400.56201171875,759.8517456054688,54.25334572792053,-0.036429502069950104,-0.01976422406733036,28.166497802734398
220.2,1940,-27.671161651611328,0.5289789438247681,16.929149627685547,82.51155090332031,13742.856425951775,1396.850341796875,761.279296875,54.49970364570618,-0.036348238587379456,-0.019809681922197342,28.167932128906273
220.3,1940,-27.722143173217773,0.5277459621429443,16.928117752075195,82.37590789794922,13740.978506420615,1394.4691162109375,759.4010620117188,54.458075761795044,-0.03650527447462082,-0.01988006941974163,28.168389892578148
220.4,1940,-27.71830940246582,0.5288578271865845,16.92561149597168,82.4038314819336,13726.733828164392,1394.7352294921875,760.2120971679688,54.505836963653564,-0.03646128624677658,-0.01987352780997753,28.168725585937523
220.5,1940,-27.71567726135254,0.5284494161605835,16.92415428161621,82.51629638671875,13711.191741814948,1396.5185546875,758.764892578125,54.33260798454285,-0.0365273579955101,-0.019846266135573387,28.169488525390648
220.6,1940,-27.624536514282227,0.5286903977394104,16.923961639404297,82.6148681640625,13704.550830847214,1398.1708984375,758.7432861328125,54.26684617996216,-0.036408279091119766,-0.019757626578211784,28.169732666015648
220.7,1940,-27.731752395629883,0.5285748243331909,16.924591064453125,82.67434692382812,13703.92602335578,1399.2294921875,758.5427856445312,54.21146750450134,-0.036559246480464935,-0.01981930248439312,28.170709228515648
220.8,1940,-27.687070846557617,0.5296817421913147,16.924087524414062,82.77043914794922,13702.7393553963,1400.814208984375,760.0654907226562,54.25884127616882,-0.03642721846699715,-0.019764985889196396,28.171624755859398
220.9,1940,-27.71013832092285,0.5291453003883362,16.925832748413086,82.74388885498047,13711.550772985398,1400.50927734375,759.7839965820312,54.250550270080566,-0.03647107258439064,-0.01978575997054577,28.172387695312523
221,1937,-27.594558715820312,0.5296834707260132,16.927026748657227,82.66793823242188,13720.214148500967,1399.3223876953125,761.0372924804688,54.38612699508667,-0.03625914081931114,-0.019719943404197693,28.172479248046898
221.1,1937,-27.47344970703125,0.5286128520965576,16.931438446044922,82.34046173095703,13732.282491707732,1394.1424560546875,760.1671142578125,54.52578067779541,-0.036141328513622284,-0.01970634236931801,28.172601318359398
221.2,1937,-27.37058448791504,0.525994598865509,16.933469772338867,81.86607360839844,13738.000179665734,1386.2767333984375,756.7168579101562,54.58627939224243,-0.03617017716169357,-0.01974395476281643,28.172601318359398
221.3,1937,-27.40696907043457,0.5270280838012695,16.93129539489746,81.5947265625,13726.00177759607,1381.50439453125,757.54150390625,54.834532737731934,-0.0361788347363472,-0.019838495180010796,28.172875976562523
221.4,1937,-27.5526180267334,0.525794506072998,16.927370071411133,81.59712982177734,13696.366552120786,1381.224853515625,754.1365966796875,54.59912419319153,-0.036535315215587616,-0.01994796097278595,28.173547363281273
221.5,1937,-27.716047286987305,0.5266559720039368,16.925561904907227,81.7503662109375,13672.889643767241,1383.6708984375,754.0774536132812,54.49832081794739,-0.03675490990281105,-0.020030809566378593,28.173547363281273
221.6,1937,-27.72722816467285,0.5281025767326355,16.925140380859375,81.85811614990234,13659.662609055837,1385.4600830078125,755.417236328125,54.52464818954468,-0.036704521626234055,-0.020013010129332542,28.173669433593773
221.7,1937,-27.651142120361328,0.5286069512367249,16.92540168762207,81.96469116210938,13657.089940896141,1387.2852783203125,755.9962768554688,54.494649171829224,-0.036575764417648315,-0.019931834191083908,28.173852539062523
221.8,1937,-27.661170959472656,0.5276008248329163,16.922622680664062,82.20680236816406,13643.854746385408,1391.1546630859375,753.8261108398438,54.18707728385925,-0.03669436648488045,-0.01988360472023487,28.174554443359398
221.9,1937,-27.68236541748047,0.5284861922264099,16.92293357849121,82.42649841308594,13640.276091537076,1394.898193359375,754.89306640625,54.11815047264099,-0.03667058050632477,-0.01984543912112713,28.175805664062523
222,1937,-27.706623077392578,0.5272989273071289,16.926271438598633,82.39674377441406,13658.309248052934,1394.669677734375,754.1929321289062,54.07681465148926,-0.03673678636550903,-0.019866082817316055,28.177301025390648
222.1,1937,-27.629907608032227,0.5278432369232178,16.928245544433594,82.23465728759766,13679.347542092893,1392.0885009765625,756.1343383789062,54.31654453277588,-0.03654100373387337,-0.0198478102684021,28.177789306640648
222.2,1937,-27.637205123901367,0.5270134806632996,16.927152633666992,82.17228698730469,13679.951367243199,1390.94287109375,754.9790649414062,54.27822470664978,-0.03660658746957779,-0.019869403913617134,28.178338623046898
222.3,1937,-27.632823944091797,0.5259680151939392,16.927431106567383,82.10222625732422,13682.862084232216,1389.77978515625,753.6416625976562,54.22741770744324,-0.03666573390364647,-0.01988288015127182,28.179620361328148
222.4,1937,-27.62574577331543,0.5266687870025635,16.92653465270996,82.09722137451172,13674.983215137796,1389.6214599609375,754.2112426757812,54.274582862854004,-0.036628659814596176,-0.019880050793290138,28.181085205078148
222.5,1937,-27.510391235351562,0.5271520614624023,16.926860809326172,82.09940338134766,13675.31077279655,1389.6851806640625,754.92138671875,54.32319641113281,-0.03644139692187309,-0.019796131178736687,28.182244873046898
222.6,1937,-27.47589874267578,0.5264023542404175,16.928613662719727,81.96133422851562,13687.091191655585,1387.4918212890625,754.4971313476562,54.37849760055542,-0.03641617298126221,-0.01980256661772728,28.183282470703148
222.7,1937,-27.379602432250977,0.524753749370575,16.93056869506836,81.7137451171875,13702.198477269385,1383.460205078125,752.96435546875,54.42616939544678,-0.0363624133169651,-0.01979066990315914,28.183953857421898
222.8,1937,-27.326383590698242,0.524252712726593,16.93069076538086,81.48692321777344,13705.984624157783,1379.6298828125,752.4533081054688,54.540228843688965,-0.03631638363003731,-0.019807038828730583,28.185937500000023
222.9,1937,-27.30909538269043,0.5234295129776001,16.930723190307617,81.31037902832031,13704.304871181743,1376.6435546875,751.1796875,54.566025733947754,-0.03635494410991669,-0.019837448373436928,28.187524414062523
223,1937,-27.225460052490234,0.522585928440094,16.9311580657959,81.12007141113281,13703.687057804018,1373.456787109375,749.9352416992188,54.60202693939209,-0.036303747445344925,-0.019822582602500916,28.189019775390648
223.1,1937,-27.2740535736084,0.5229732394218445,16.929447174072266,81.05024719238281,13693.951251519567,1372.1358642578125,749.9578857421875,54.65623736381531,-0.036367449909448624,-0.019877079874277115,28.191339111328148
223.2,1937,-27.36969566345215,0.5241304039955139,16.926904678344727,81.13111114501953,13672.548097881065,1373.298583984375,750.4425048828125,54.6452522277832,-0.0364714078605175,-0.01992989517748356,28.192895507812523
223.3,1937,-27.515039443969727,0.5265741944313049,16.92214012145996,81.54027557373047,13640.329713075522,1379.8359375,752.1649169921875,54.51118350028992,-0.0365811288356781,-0.019940804690122604,28.194543457031273
223.4,1937,-27.71163558959961,0.5286173224449158,16.91926383972168,82.05279541015625,13611.784403653395,1388.27294921875,753.503173828125,54.276299476623535,-0.0367770679295063,-0.01996123045682907,28.195733642578148
223.5,1937,-27.75529670715332,0.5319663882255554,16.9184627532959,82.56660461425781,13599.943369142207,1396.9000244140625,757.6173706054688,54.23561930656433,-0.036634981632232666,-0.019869208335876465,28.197045898437523
223.6,1937,-27.815763473510742,0.5322571396827698,16.920259475708008,82.87388610839844,13608.49017609594,1402.2476806640625,758.5078125,54.09228801727295,-0.03667169064283371,-0.019836556166410446,28.197442626953148
223.7,1937,-27.913726806640625,0.5325892567634583,16.92035484313965,83.13606262207031,13616.672123451131,1406.691650390625,759.4374389648438,53.98748517036438,-0.036755796521902084,-0.019843528047204018,28.199182128906273
223.8,1937,-27.929119110107422,0.5338780283927917,16.921112060546875,83.33451843261719,13624.042753615951,1410.1126708984375,761.6871948242188,54.016053676605225,-0.036667440086603165,-0.019806303083896637,28.200891113281273
223.9,1937,-28.01386260986328,0.5355367660522461,16.921680450439453,83.45917510986328,13635.684455886401,1412.26953125,764.7066040039062,54.14735674858093,-0.03663347661495209,-0.01983606070280075,28.202142333984398
224,1940,-28.00045394897461,0.5348747968673706,16.921770095825195,83.57899475097656,13639.969516219451,1414.3045654296875,764.0014038085938,54.01958227157593,-0.03664974123239517,-0.01979803666472435,28.202508544921898
224.1,1940,-28.17241859436035,0.5344081521034241,16.919570922851562,83.81841278076172,13647.069707320814,1418.171630859375,763.732177734375,53.85330319404602,-0.03688782453536987,-0.019865309819579124,28.203088378906273
224.2,1940,-28.208580017089844,0.5369803309440613,16.917402267456055,84.19353485107422,13654.258490529171,1424.3359375,767.8123779296875,53.90669107437134,-0.03673889487981796,-0.01980472356081009,28.203332519531273
224.3,1940,-28.215303421020508,0.5383273959159851,16.91695785522461,84.50788116455078,13660.977502433334,1429.6162109375,770.1173095703125,53.86881232261658,-0.036637671291828156,-0.0197362769395113,28.204125976562523
224.4,1940,-28.212862014770508,0.5401437282562256,16.9175968170166,84.7441177368164,13668.402919822216,1433.6668701171875,773.1356811523438,53.92715334892273,-0.036491475999355316,-0.019678814336657524,28.204705810546898
224.5,1940,-28.081708908081055,0.5390042662620544,16.920434951782227,84.77030944824219,13685.643410117596,1434.3504638671875,772.4778442382812,53.85558605194092,-0.036352768540382385,-0.01957799680531025,28.205499267578148
224.6,1940,-27.98832130432129,0.5370448231697083,16.923994064331055,84.59500885009766,13713.615202215495,1431.6854248046875,771.2427978515625,53.869569301605225,-0.036289896816015244,-0.019549211487174034,28.206658935546898
224.7,1940,-27.943187713623047,0.5360577702522278,16.92508316040039,84.37447357177734,13731.866341941983,1428.044921875,770.849853515625,53.97937893867493,-0.03624984622001648,-0.019567443057894707,28.206750488281273
224.8,1940,-27.969728469848633,0.5343908071517944,16.924108505249023,84.27845764160156,13732.16359177466,1426.3377685546875,768.4693603515625,53.877097368240356,-0.03639667108654976,-0.019609469920396805,28.207452392578148
224.9,1940,-27.88552474975586,0.5338850617408752,16.92366600036621,84.19407653808594,13731.347611841817,1424.8724365234375,767.6964721679688,53.87825965881348,-0.036323633044958115,-0.019570540636777878,28.207635498046898
225,1937,-27.854764938354492,0.533872663974762,16.924402236938477,84.07609558105469,13733.12411672418,1422.9376220703125,767.7779541015625,53.957247734069824,-0.03627971187233925,-0.019575534388422966,28.207696533203148
225.1,1937,-27.802013397216797,0.5317896604537964,16.92812156677246,83.7581787109375,13736.925417525616,1417.86865234375,764.9940185546875,53.95380258560181,-0.03634278476238251,-0.019608313217759132,28.207818603515648
225.2,1937,-27.869932174682617,0.5302250981330872,16.927391052246094,83.50677490234375,13723.531689770789,1413.5518798828125,761.9996948242188,53.90673875808716,-0.03657472878694534,-0.01971624419093132,28.207818603515648
225.3,1937,-27.908191680908203,0.5306462049484253,16.92472267150879,83.49536895751953,13701.082916132626,1413.135986328125,761.357421875,53.877151012420654,-0.036655835807323456,-0.019749119877815247,28.209161376953148
225.4,1937,-27.89444351196289,0.5305782556533813,16.924211502075195,83.49469757080078,13687.247393528443,1413.0819091796875,760.4912109375,53.817909955978394,-0.03667951002717018,-0.019740145653486252,28.211053466796898
225.5,1937,-27.846960067749023,0.5302767753601074,16.926496505737305,83.35053253173828,13691.997562423216,1410.83251953125,760.3228149414062,53.89178395271301,-0.03662518039345741,-0.019737962633371353,28.212091064453148
225.6,1937,-27.79100227355957,0.5283277630805969,16.928361892700195,83.1195297241211,13701.396485563962,1407.0775146484375,758.04833984375,53.87395620346069,-0.03666125610470772,-0.019750868901610374,28.213525390625023
225.7,1937,-27.65913200378418,0.525835394859314,16.929889678955078,82.83880615234375,13712.449516597146,1402.451904296875,755.0808715820312,53.84005904197693,-0.03663068637251854,-0.0197219830006361,28.215783691406273
225.8,1937,-27.540790557861328,0.52544105052948,16.93092155456543,82.50209045410156,13722.244772848131,1396.83642578125,755.0535888671875,54.05454635620117,-0.036475278437137604,-0.019716545939445496,28.217187500000023
225.9,1937,-27.40395736694336,0.5234984755516052,16.931880950927734,82.14674377441406,13726.942485890077,1390.89892578125,752.5196533203125,54.10311818122864,-0.03641626611351967,-0.019702335819602013,28.218469238281273
226,1937,-27.388412475585938,0.5212534666061401,16.931299209594727,81.8814926147461,13725.265064285273,1386.360107421875,749.200927734375,54.04086112976074,-0.03655683249235153,-0.01975562795996666,28.220544433593773
226.1,1937,-27.31267547607422,0.5213761329650879,16.930940628051758,81.66138458251953,13719.179019671874,1382.60400390625,749.0449829101562,54.176390171051025,-0.036463331431150436,-0.019754517823457718,28.221459960937523
226.2,1937,-27.30103874206543,0.5204734802246094,16.92967414855957,81.53312683105469,13705.678048840156,1380.3292236328125,747.0122680664062,54.118412733078,-0.0365469753742218,-0.019778642803430557,28.222375488281273
226.3,1937,-27.404056549072266,0.5207083821296692,16.927520751953125,81.56277465820312,13685.423095535727,1380.655517578125,746.2449951171875,54.05004620552063,-0.03672260046005249,-0.01984858326613903,28.224084472656273
226.4,1937,-27.45754051208496,0.5236547589302063,16.92457389831543,81.8109359741211,13660.396990995396,1384.615234375,749.0951538085938,54.1013240814209,-0.0366542749106884,-0.019830448552966118,28.226525878906273
226.5,1937,-27.4505558013916,0.5240177512168884,16.92578125,81.9056625366211,13653.619694810317,1386.3173828125,749.2425537109375,54.045528173446655,-0.036637745797634125,-0.0198010616004467,28.228204345703148
226.6,1937,-27.295507431030273,0.5225525498390198,16.92756462097168,81.9078369140625,13663.697046980942,1386.500244140625,747.6990356445312,53.92707586288452,-0.036506008356809616,-0.0196866225451231,28.230798339843773
226.7,1937,-27.131540298461914,0.520942747592926,16.931289672851562,81.64766693115234,13687.867538277405,1382.4002685546875,746.7141723632812,54.01577353477478,-0.0363345704972744,-0.019626399502158165,28.232720947265648
226.8,1937,-27.05196189880371,0.5180313587188721,16.93256950378418,81.34387969970703,13707.519832117148,1377.36083984375,743.6071166992188,53.98781895637512,-0.036379374563694,-0.019640430808067322,28.234704589843773
226.9,1937,-27.124298095703125,0.517469584941864,16.932825088500977,81.0640869140625,13713.983558870892,1372.64404296875,743.1510009765625,54.14011478424072,-0.036499038338661194,-0.019760621711611748,28.237298583984398
227,1937,-27.274581909179688,0.5203646421432495,16.9295654296875,81.01498413085938,13697.383029979987,1371.5484619140625,746.404052734375,54.4205367565155,-0.03654130920767784,-0.01988597773015499,28.240563964843773
227.1,1937,-27.278352737426758,0.5223735570907593,16.92874526977539,81.04524230957031,13681.754682894783,1371.9942626953125,748.4307250976562,54.550570249557495,-0.036447398364543915,-0.019882263615727425,28.243920898437523
227.2,1937,-27.209308624267578,0.5209639072418213,16.929231643676758,81.00051879882812,13680.96667941678,1371.2764892578125,746.3680419921875,54.42870259284973,-0.03645562008023262,-0.019842321053147316,28.247003173828148
227.3,1937,-27.17366600036621,0.520135760307312,16.929590225219727,80.95723724365234,13678.793841424178,1370.5728759765625,745.063232421875,54.36144471168518,-0.03647162392735481,-0.019826501607894897,28.250756835937523
227.4,1937,-27.211605072021484,0.5202850103378296,16.929946899414062,80.8895492553711,13681.256935135749,1369.455810546875,745.4112548828125,54.43120002746582,-0.03650549426674843,-0.019870378077030182,28.254571533203148
227.5,1937,-27.104249954223633,0.5188641548156738,16.93100357055664,80.78180694580078,13687.654217809248,1367.717041015625,743.72314453125,54.37697768211365,-0.036444004625082016,-0.01981714740395546,28.257806396484398
227.6,1937,-27.094423294067383,0.5194138884544373,16.9324951171875,80.5794906616211,13696.937738073777,1364.411865234375,745.01611328125,54.60346341133118,-0.036367569118738174,-0.019857950508594513,28.261804199218773
227.7,1937,-27.120153427124023,0.5185067057609558,16.93114471435547,80.49188232421875,13693.78106141929,1362.8197021484375,743.5435180664062,54.559195041656494,-0.03647419810295105,-0.01990002952516079,28.265557861328148
227.8,1937,-27.140886306762695,0.5193420648574829,16.929248809814453,80.51470947265625,13681.48191246009,1363.0535888671875,744.072509765625,54.588645696640015,-0.03647613152861595,-0.01991182751953602,28.268670654296898
227.9,1937,-27.260366439819336,0.5196552276611328,16.926881790161133,80.69676971435547,13661.203645443295,1365.9447021484375,743.4176635742188,54.42516803741455,-0.03666897863149643,-0.019957153126597404,28.271356201171898
228,1937,-27.286788940429688,0.5212461352348328,16.927019119262695,80.82027435302734,13654.688628522343,1368.04638671875,745.3380126953125,54.481929540634155,-0.0366099514067173,-0.01994580775499344,28.274713134765648
228.1,1937,-27.3686580657959,0.5228672623634338,16.924701690673828,81.10359191894531,13637.029657089975,1372.654052734375,746.6891479492188,54.397475719451904,-0.03665334731340408,-0.019938495010137558,28.277551269531273
228.2,1937,-27.48614501953125,0.5246620178222656,16.9230899810791,81.45539093017578,13623.906368398604,1378.4769287109375,748.5311889648438,54.301321506500244,-0.03672010824084282,-0.019939502701163292,28.280389404296898
228.3,1937,-27.63886070251465,0.5262008905410767,16.92206573486328,81.8306655883789,13615.800190608606,1384.743896484375,750.2799682617188,54.181861877441406,-0.03683806210756302,-0.019959546625614166,28.282373046875023
228.4,1937,-27.64122200012207,0.5290906429290771,16.920467376708984,82.25003814697266,13606.776618236969,1391.7091064453125,753.900390625,54.17082905769348,-0.036664292216300964,-0.01986134983599186,28.285333251953148
228.5,1937,-27.804885864257812,0.5291575193405151,16.918611526489258,82.73938751220703,13596.868290481003,1399.8355712890625,753.4465942382812,53.823935985565186,-0.036903589963912964,-0.019862966611981392,28.287255859375023
228.6,1937,-27.838565826416016,0.5325223207473755,16.918228149414062,83.19542694091797,13594.784044595395,1407.5191650390625,758.1213989257812,53.86223793029785,-0.036720458418130875,-0.019778462126851082,28.289270019531273
228.7,1937,-27.87847137451172,0.534406304359436,16.918806076049805,83.5574722290039,13599.868765262632,1413.692626953125,761.0880737304688,53.8368821144104,-0.03662975877523422,-0.019720319658517838,28.291223144531273
228.8,1937,-27.852285385131836,0.5341861844062805,16.919456481933594,83.8182144165039,13614.351243385,1418.15869140625,761.584716796875,53.7023663520813,-0.03657148778438568,-0.019639752805233,28.292932128906273
228.9,1937,-27.79759407043457,0.5325676798820496,16.92365837097168,83.79644012451172,13641.831116151954,1418.142333984375,760.809814453125,53.648340702056885,-0.03653685003519058,-0.01960141398012638,28.294671630859398
229,1937,-27.731035232543945,0.5327019095420837,16.92620086669922,83.6794662475586,13665.107526579144,1416.37548828125,762.2999877929688,53.820472955703735,-0.03637811169028282,-0.019578872248530388,28.295770263671898
229.1,1937,-27.63018035888672,0.5300130844116211,16.928529739379883,83.45429992675781,13687.725324631967,1412.758544921875,759.7076416015625,53.774768114089966,-0.03636949136853218,-0.019557608291506767,28.297753906250023
229.2,1937,-27.605432510375977,0.5282585620880127,16.9305419921875,83.14314270019531,13703.509873590028,1407.658447265625,758.06591796875,53.852975368499756,-0.03641561046242714,-0.01961088739335537,28.300988769531273
229.3,1937,-27.62068748474121,0.5279048681259155,16.9290714263916,82.98114013671875,13701.92104409222,1404.793701171875,757.4705200195312,53.92041206359863,-0.03646437078714371,-0.019661739468574524,28.303216552734398
229.4,1937,-27.735666275024414,0.5296236276626587,16.926095962524414,83.0529556274414,13681.907387710788,1405.7623291015625,758.8267211914062,53.9797306060791,-0.036550723016262054,-0.019729983061552048,28.305322265625023
229.5,1937,-27.794597625732422,0.5302252769470215,16.92509651184082,83.17412567138672,13666.62874631109,1407.7301025390625,758.8403930664062,53.90524864196777,-0.03662772476673126,-0.01974426582455635,28.307336425781273
229.6,1937,-27.89676284790039,0.5320954322814941,16.924970626831055,83.26610565185547,13660.199990125895,1409.2763671875,761.15869140625,54.010605812072754,-0.036650389432907104,-0.019795097410678864,28.309289550781273
229.7,1937,-27.766324996948242,0.5320622324943542,16.926565170288086,83.25785827636719,13668.554458952602,1409.26953125,761.57666015625,54.04052734375,-0.036459002643823624,-0.01970263570547104,28.309564208984398
229.8,1937,-27.60464859008789,0.5303909182548523,16.928028106689453,83.13113403320312,13678.591012126584,1407.2462158203125,759.7418823242188,53.98784279823303,-0.03633424639701843,-0.019616076722741127,28.311181640625023
229.9,1937,-27.554250717163086,0.5287966132164001,16.929309844970703,82.97315216064453,13689.568273594576,1404.67822265625,758.0660400390625,53.96723747253418,-0.03634808957576752,-0.019616059958934784,28.313348388671898
230,1940,-27.599185943603516,0.5259764790534973,16.929826736450195,82.78617858886719,13696.516925565553,1401.5556640625,754.4058837890625,53.82632613182068,-0.036584001034498215,-0.019691823050379753,28.314233398437523
230.1,1940,-27.66289710998535,0.5275425314903259,16.926225662231445,82.83573913574219,13691.427542155843,1402.096435546875,756.3709106445312,53.945714235305786,-0.03657319024205208,-0.019729668274521828,28.315576171875023
230.2,1940,-27.63970947265625,0.5279930233955383,16.925186157226562,82.9944076538086,13694.395377740158,1404.69580078125,757.180908203125,53.903549909591675,-0.036503441631793976,-0.019676651805639267,28.316888427734398
230.3,1940,-27.597614288330078,0.5272473096847534,16.92668914794922,83.00530242919922,13704.797956198303,1405.0050048828125,756.6858520507812,53.85645627975464,-0.036471690982580185,-0.019642360508441925,28.318841552734398
230.4,1940,-27.467336654663086,0.526216447353363,16.928485870361328,82.90770721435547,13717.826824354588,1403.501953125,755.9243774414062,53.85987162590027,-0.03633609041571617,-0.019570572301745415,28.319848632812523
230.5,1940,-27.436256408691406,0.526168167591095,16.92909049987793,82.78097534179688,13727.880862812848,1401.4066162109375,756.4089965820312,53.97498607635498,-0.03627172112464905,-0.01957765594124794,28.320947265625023
230.6,1940,-27.36227035522461,0.5251120924949646,16.929155349731445,82.68871307373047,13730.391749634771,1399.85009765625,755.0288696289062,53.93640995025635,-0.03624003008008003,-0.019546572118997574,28.322381591796898
230.7,1940,-27.4078426361084,0.5243750810623169,16.9302921295166,82.54906463623047,13736.487119733118,1397.579833984375,754.3038940429688,53.97215485572815,-0.03633527830243111,-0.01961093209683895,28.323876953125023
230.8,1940,-27.453468322753906,0.5219718813896179,16.930204391479492,82.41581726074219,13737.839315050402,1395.316650390625,750.9208374023438,53.81723642349243,-0.03655973821878433,-0.019675439223647118,28.323876953125023
230.9,1940,-27.450927734375,0.5234283208847046,16.929100036621094,82.35163116455078,13732.116964349927,1394.1390380859375,752.7024536132812,53.99048924446106,-0.036469828337430954,-0.019690237939357758,28.324121093750023
231,1940,-27.522052764892578,0.5237511396408081,16.927860260009766,82.3980712890625,13718.403838735672,1394.822998046875,752.41455078125,53.94337177276611,-0.036578308790922165,-0.01973157376050949,28.324822998046898
231.1,1940,-27.554349899291992,0.5256772637367249,16.92644691467285,82.51423645019531,13707.801928036788,1396.6728515625,754.5979614257812,54.02825474739075,-0.03651527315378189,-0.019728563725948334,28.324884033203148
231.2,1940,-27.727025985717773,0.5264036059379578,16.9232120513916,82.80321502685547,13686.143489247866,1401.29638671875,754.4467163085938,53.839194774627686,-0.03675147145986557,-0.019786696881055832,28.325646972656273
231.3,1940,-27.74476432800293,0.5281373858451843,16.923044204711914,83.06619262695312,13677.248142294247,1405.73291015625,756.4395751953125,53.811049461364746,-0.036678094416856766,-0.019736869260668755,28.326409912109398
231.4,1940,-27.67267417907715,0.5285084843635559,16.92420196533203,83.23607635498047,13681.302396874864,1408.7042236328125,757.1954956054688,53.751206398010254,-0.03654627501964569,-0.019644062966108322,28.327386474609398
231.5,1940,-27.767972946166992,0.5275694727897644,16.925432205200195,83.30918884277344,13690.521804430386,1410.0440673828125,756.3594970703125,53.64084243774414,-0.03671266511082649,-0.019692983478307724,28.328210449218773
231.6,1940,-27.809001922607422,0.527839183807373,16.92578887939453,83.33999633789062,13701.086413189481,1410.59521484375,757.3301391601562,53.688693046569824,-0.03671978786587715,-0.019714374095201492,28.328637695312523
231.7,1940,-27.8326416015625,0.5283846259117126,16.926401138305664,83.32044982910156,13709.090010645064,1410.3153076171875,758.5556030273438,53.78624200820923,-0.036691632121801376,-0.019735047593712807,28.328698730468773
231.8,1940,-27.725648880004883,0.5298186540603638,16.92639923095703,83.30306243896484,13714.582721278724,1410.0208740234375,760.9190673828125,53.965091705322266,-0.036437053233385086,-0.019663289189338684,28.328698730468773
231.9,1940,-27.742483139038086,0.5295419692993164,16.924287796020508,83.42086791992188,13704.357327034568,1411.8387451171875,759.9546508789062,53.82729768753052,-0.03650544583797455,-0.019649894908070564,28.328637695312523
232,1937,-27.80472183227539,0.5307767987251282,16.922088623046875,83.66645050048828,13687.986438210477,1415.81103515625,760.8168334960938,53.73716950416565,-0.036545880138874054,-0.019638722762465477,28.328698730468773
232.1,1937,-27.940940856933594,0.5319993495941162,16.922792434692383,83.84684753417969,13671.000067379897,1418.9228515625,761.6229248046875,53.67613434791565,-0.03668605536222458,-0.01969165727496147,28.328485107421898
232.2,1937,-27.928136825561523,0.5332069396972656,16.923643112182617,83.91961669921875,13661.903056814303,1420.2255859375,762.8438110351562,53.71285676956177,-0.03661055862903595,-0.019664578139781952,28.327416992187523
232.3,1937,-27.923521041870117,0.5342764854431152,16.922801971435547,84.05001831054688,13656.472127518417,1422.36181640625,764.070068359375,53.718405961990356,-0.036545757204294205,-0.019631799310445786,28.326654052734398
232.4,1937,-27.79286003112793,0.5336538553237915,16.92494773864746,84.02039337158203,13665.020100157768,1422.040771484375,763.6573486328125,53.70150804519653,-0.03639440983533859,-0.019544348120689392,28.325646972656273
232.5,1937,-27.77011489868164,0.5318446159362793,16.926904678344727,83.87815856933594,13680.424635604248,1419.797607421875,761.92626953125,53.66442799568176,-0.03644724562764168,-0.019559206441044807,28.324670410156273
232.6,1937,-27.66706085205078,0.5287902355194092,16.929731369018555,83.57820892333984,13700.775175129382,1414.9566650390625,758.677490234375,53.618425130844116,-0.03646748885512352,-0.019553292542696,28.323907470703148
232.7,1937,-27.515605926513672,0.5265190005302429,16.931377410888672,83.18365478515625,13718.797840474674,1408.413818359375,756.4125366210938,53.70669364929199,-0.036376453936100006,-0.019536592066287994,28.323968505859398
232.8,1937,-27.532276153564453,0.5256741642951965,16.93070411682129,82.90862274169922,13720.31090040729,1403.701416015625,755.2821044921875,53.80646586418152,-0.036452971398830414,-0.01961405575275421,28.324609375000023
232.9,1937,-27.50123405456543,0.5266687273979187,16.929012298583984,82.79368591308594,13708.334646364374,1401.6153564453125,756.0505981445312,53.94137501716614,-0.036374859511852264,-0.019621100276708603,28.325921630859398
233,1940,-27.45479965209961,0.5261551737785339,16.92793846130371,82.72454071044922,13695.294121351906,1400.35595703125,754.5948486328125,53.88593077659607,-0.0363834984600544,-0.019605586305260658,28.328637695312523
233.1,1940,-27.480876922607422,0.5262594819068909,16.925281524658203,82.82778930664062,13687.259050384628,1401.8836669921875,754.3016357421875,53.80629301071167,-0.036432214081287384,-0.0196028221398592,28.329705810546898
233.2,1940,-27.55052375793457,0.5253891348838806,16.924373626708984,83.01179504394531,13689.525143226698,1404.922607421875,753.1788330078125,53.60998511314392,-0.03657899424433708,-0.01960999332368374,28.331658935546898
233.3,1940,-27.51578140258789,0.5259931683540344,16.92682456970215,82.9815673828125,13703.92602335578,1404.6143798828125,754.8379516601562,53.739869594573975,-0.03645256906747818,-0.019589561969041824,28.333764648437523
233.4,1940,-27.601688385009766,0.5266847014427185,16.926298141479492,83.00464630126953,13709.032892049765,1404.96142578125,756.1119995117188,53.817278146743774,-0.03650476038455963,-0.019645869731903076,28.334832763671898
233.5,1940,-27.578001022338867,0.5270532369613647,16.927589416503906,82.94385528564453,13718.212666294263,1404.03955078125,757.1477661132812,53.92638444900513,-0.036423537880182266,-0.019641898572444916,28.336816406250023
233.6,1940,-27.580020904541016,0.5256966948509216,16.928821563720703,82.80001831054688,13727.802761876419,1401.706787109375,755.7269287109375,53.9147675037384,-0.03649469092488289,-0.019676027819514275,28.339929199218773
233.7,1940,-27.519039154052734,0.5253379940986633,16.928665161132812,82.68211364746094,13731.361600069236,1399.6978759765625,755.4070434570312,53.96929383277893,-0.03642941638827324,-0.019660700112581253,28.343103027343773
233.8,1940,-27.512094497680664,0.5245266556739807,16.9284725189209,82.60404968261719,13731.5434470257,1398.3603515625,754.2503662109375,53.93819808959961,-0.036476075649261475,-0.01967453770339489,28.345330810546898
233.9,1940,-27.443830490112305,0.5245575904846191,16.928226470947266,82.51988220214844,13729.8916705045,1396.915283203125,754.2041015625,53.99068593978882,-0.03638780117034912,-0.019646024331450462,28.348626708984398
234,1940,-27.372394561767578,0.5233225226402283,16.927570343017578,82.54302978515625,13722.341524754454,1397.2529296875,752.0145874023438,53.820931911468506,-0.0363987535238266,-0.01959015056490898,28.350854492187523
234.1,1940,-27.457014083862305,0.5221002101898193,16.927120208740234,82.5469970703125,13716.924583685986,1397.282958984375,749.9619750976562,53.67287993431091,-0.03661121055483818,-0.0196502897888422,28.353234863281273
234.2,1940,-27.482952117919922,0.5231688022613525,16.9266300201416,82.61347198486328,13710.821053788311,1398.36767578125,751.1625366210938,53.717100620269775,-0.036587223410606384,-0.019653595983982086,28.354150390625023
234.3,1940,-27.47542381286621,0.5239633321762085,16.926321029663086,82.65569305419922,13709.454870243608,1399.0567626953125,752.2283325195312,53.766822814941406,-0.03652537614107132,-0.019638532772660255,28.356317138671898
234.4,1940,-27.39539909362793,0.5252768993377686,16.926246643066406,82.72187042236328,13709.210076263755,1400.1707763671875,754.1007080078125,53.8577675819397,-0.03632856905460358,-0.019565755501389503,28.358453369140648
234.5,1940,-27.395891189575195,0.5249847173690796,16.9261474609375,82.73594665527344,13709.334804624918,1400.40087890625,753.6881103515625,53.819453716278076,-0.036349110305309296,-0.019562892615795135,28.359185791015648
234.6,1940,-27.41769790649414,0.5254148840904236,16.926700592041016,82.74334716796875,13709.72064656459,1400.5718994140625,754.326904296875,53.85849475860596,-0.03634723648428917,-0.019576072692871094,28.360498046875023
234.7,1940,-27.459821701049805,0.524607241153717,16.926481246948242,82.74737548828125,13710.1088198755,1400.6219482421875,753.188720703125,53.775304555892944,-0.0364580899477005,-0.019605448469519615,28.361901855468773
234.8,1940,-27.606456756591797,0.5251141786575317,16.924480438232422,82.90001678466797,13700.521055664582,1403.0396728515625,753.3892822265625,53.69693040847778,-0.03664301708340645,-0.019676176831126213,28.362756347656273
234.9,1940,-27.75391960144043,0.5273996591567993,16.922605514526367,83.13743591308594,13685.931334465327,1406.9019775390625,755.862548828125,53.725314140319824,-0.0367182120680809,-0.01972697302699089,28.362969970703148
235,1940,-27.708736419677734,0.5287377238273621,16.921613693237305,83.41210174560547,13677.735398882716,1411.4674072265625,757.326416015625,53.65525484085083,-0.03658757358789444,-0.0196311566978693,28.362908935546898
235.1,1940,-27.647279739379883,0.530105471611023,16.92289161682129,83.56986236572266,13683.020617476312,1414.2437744140625,759.5789184570312,53.70919108390808,-0.03639816865324974,-0.019549161195755005,28.363305664062523
235.2,1940,-27.59734535217285,0.5296748280525208,16.923789978027344,83.65039825439453,13691.041700216168,1415.6817626953125,759.40673828125,53.642475605010986,-0.03634066507220268,-0.019494032487273216,28.363305664062523
235.3,1940,-27.60003089904785,0.5287712216377258,16.92401885986328,83.69509887695312,13697.306094729176,1416.4573974609375,758.4580688476562,53.54612469673157,-0.036389660090208054,-0.01948525197803974,28.363763427734398
235.4,1940,-27.636043548583984,0.5278787612915039,16.924224853515625,83.7343978881836,13701.763676533741,1417.1397705078125,757.4243774414062,53.44740152359009,-0.03648686781525612,-0.019501281902194023,28.364953613281273
235.5,1940,-27.72361183166504,0.5284615755081177,16.924837112426758,83.74263000488281,13706.188619140994,1417.330322265625,758.5054931640625,53.51649522781372,-0.036550309509038925,-0.019560445100069046,28.367272949218773
235.6,1940,-27.644813537597656,0.5296066999435425,16.925098419189453,83.73926544189453,13713.073158402962,1417.2952880859375,760.5309448242188,53.66072654724121,-0.03634935989975929,-0.01950533129274845,28.368524169921898
235.7,1940,-27.661128997802734,0.5292186737060547,16.92617416381836,83.644775390625,13721.968505356583,1415.7860107421875,760.4666748046875,53.713393211364746,-0.036373887211084366,-0.01953764818608761,28.369439697265648
235.8,1940,-27.624475479125977,0.5278377532958984,16.926504135131836,83.5468978881836,13727.654719802887,1414.1568603515625,758.7966918945312,53.6571741104126,-0.03640563786029816,-0.019534235820174217,28.371392822265648
235.9,1940,-27.553367614746094,0.5283256769180298,16.926071166992188,83.4857177734375,13726.37596267956,1413.085205078125,759.4273071289062,53.74250411987305,-0.036281768232584,-0.019498730078339577,28.373681640625023
236,1940,-27.636510848999023,0.526618480682373,16.925853729248047,83.44236755371094,13723.818448432901,1412.333251953125,756.8323364257812,53.587377071380615,-0.03651602938771248,-0.019567981362342834,28.375421142578148
236.1,1940,-27.688201904296875,0.5259364247322083,16.926620483398438,83.34308624267578,13726.901686893434,1410.716796875,756.0219116210938,53.5913348197937,-0.03662354499101639,-0.019627045840024948,28.377221679687523
236.2,1940,-27.749250411987305,0.5257802605628967,16.925851821899414,83.3130874633789,13724.14484040604,1410.14501953125,755.6456298828125,53.586381673812866,-0.0367225706577301,-0.019678296521306038,28.378503417968773
236.3,1940,-27.806476593017578,0.5260541439056396,16.92357063293457,83.4328842163086,13711.533287701124,1411.9822998046875,755.3445434570312,53.4953236579895,-0.03681297227740288,-0.019693218171596527,28.379602050781273
236.4,1940,-27.750843048095703,0.5280194282531738,16.922107696533203,83.63390350341797,13694.96656369315,1415.261962890625,757.2503662109375,53.506022691726685,-0.036646854132413864,-0.019608274102211,28.381402587890648
236.5,1940,-27.64293670654297,0.529516875743866,16.923505783081055,83.7386245727539,13694.642503091249,1417.151123046875,759.3799438476562,53.58496904373169,-0.036401983350515366,-0.01950599066913128,28.382501220703148
236.6,1940,-27.647245407104492,0.5301871299743652,16.92296028137207,83.83869934082031,13696.382871719443,1418.7989501953125,760.4378051757812,53.59728932380676,-0.03635701164603233,-0.01948637329041958,28.382867431640648
236.7,1940,-27.63204002380371,0.5295819640159607,16.922945022583008,83.91533660888672,13697.82482482934,1420.0946044921875,759.6497802734375,53.492897748947144,-0.036374710500240326,-0.01945788599550724,28.383386230468773
236.8,1940,-27.770401000976562,0.5286023616790771,16.92294692993164,83.98783874511719,13699.74587472838,1421.32177734375,758.3509521484375,53.35533022880554,-0.036619458347558975,-0.019538434222340584,28.384423828125023
236.9,1940,-27.84015655517578,0.5298805236816406,16.922578811645508,84.0844955444336,13699.403163156585,1422.926513671875,760.1655883789062,53.42268943786621,-0.03662380576133728,-0.01956542208790779,28.385797119140648
237,1940,-27.8891658782959,0.5308130979537964,16.921783447265625,84.20577239990234,13695.777880883521,1424.911865234375,761.3019409179688,53.428006172180176,-0.03663351386785507,-0.019572556018829346,28.387628173828148
237.1,1940,-27.777263641357422,0.5310258865356445,16.923723220825195,84.18341064453125,13705.596450846873,1424.69677734375,762.1531372070312,53.49581837654114,-0.036445777863264084,-0.019496966153383255,28.387506103515648
237.2,1940,-27.725717544555664,0.5299493670463562,16.92411231994629,84.14825439453125,13714.404371379116,1424.134521484375,761.0968627929688,53.44276428222656,-0.036428630352020264,-0.01946846768260002,28.388085937500023
237.3,1940,-27.652803421020508,0.5296789407730103,16.924945831298828,84.06682586669922,13720.861104019152,1422.826416015625,761.066650390625,53.48977446556091,-0.03633427247405052,-0.01943512074649334,28.388726806640648
237.4,1940,-27.539878845214844,0.5288394093513489,16.926584243774414,83.8734359741211,13733.511124349472,1419.6907958984375,760.5609130859375,53.57229709625244,-0.03620995581150055,-0.019398504868149757,28.389367675781273
237.5,1940,-27.441669464111328,0.5270843505859375,16.926910400390625,83.72335815429688,13738.576028361198,1417.177734375,758.31640625,53.50891351699829,-0.03618762269616127,-0.019363604485988617,28.390222167968773
237.6,1940,-27.373640060424805,0.5254152417182922,16.928287506103516,83.4959487915039,13745.107364880807,1413.4434814453125,756.2744140625,53.50581407546997,-0.03619537875056267,-0.019366633147001266,28.392205810546898
237.7,1940,-27.369529724121094,0.5251322388648987,16.927799224853516,83.30935668945312,13745.74033217157,1410.2440185546875,755.9019165039062,53.60078811645508,-0.03620778024196625,-0.01940765418112278,28.393579101562523
237.8,1940,-27.498796463012695,0.5248383283615112,16.92537498474121,83.31397247314453,13731.356937326764,1410.1202392578125,754.6882934570312,53.51942777633667,-0.03643729165196419,-0.019501030445098877,28.395776367187523
237.9,1940,-27.522336959838867,0.5263218879699707,16.9240779876709,83.39976501464844,13718.22898589292,1411.464111328125,756.0980224609375,53.56834530830383,-0.03640048950910568,-0.019499139860272408,28.398065185546898
238,1940,-27.411439895629883,0.5273911952972412,16.924692153930664,83.42959594726562,13715.055989639774,1412.020263671875,757.4589233398438,53.64363193511963,-0.03618868067860603,-0.019412923604249954,28.399804687500023
238.1,1940,-27.42791748046875,0.5274099707603455,16.924461364746094,83.44712829589844,13712.986897667204,1412.2977294921875,757.37158203125,53.626906871795654,-0.03621460869908333,-0.019420776516199112,28.402490234375023
238.2,1940,-27.359281539916992,0.5266086459159851,16.925352096557617,83.42293548583984,13716.078295927065,1411.9625244140625,756.391357421875,53.5702109336853,-0.036170803010463715,-0.01937677524983883,28.404595947265648
238.3,1940,-27.362823486328125,0.5247628688812256,16.927783966064453,83.2449951171875,13729.839214651674,1409.1533203125,754.4963989257812,53.54253649711609,-0.03626634180545807,-0.019417917355895042,28.407312011718773
238.4,1940,-27.373933792114258,0.5239279270172119,16.92906379699707,82.99603271484375,13742.800473042094,1405.045166015625,754.007080078125,53.66426110267639,-0.03630461171269417,-0.019482601433992386,28.409570312500023
238.5,1940,-27.38869857788086,0.5242420434951782,16.927812576293945,82.86906433105469,13739.848957056434,1402.7919921875,754.2970581054688,53.77112627029419,-0.03631022945046425,-0.01952441968023777,28.412805175781273
238.6,1940,-27.63499641418457,0.523323655128479,16.925697326660156,82.88713073730469,13723.578317195523,1402.9224853515625,752.083984375,53.608375787734985,-0.03674456104636192,-0.019698163494467735,28.416467285156273
238.7,1940,-27.722511291503906,0.5256410837173462,16.922771453857422,83.11707305908203,13702.130867503522,1406.5712890625,754.23388671875,53.62216234207153,-0.03675585612654686,-0.019709283486008644,28.419824218750023
238.8,1940,-27.760826110839844,0.527187705039978,16.922271728515625,83.31346130371094,13693.602711519681,1409.85302734375,755.9822998046875,53.62135171890259,-0.03672153130173683,-0.019690580666065216,28.423577880859398
238.9,1940,-27.71875762939453,0.5289655923843384,16.921985626220703,83.48257446289062,13690.541621085897,1412.69091796875,758.3621826171875,53.682100772857666,-0.036550816148519516,-0.019621247425675392,28.427392578125023
239,1937,-27.694658279418945,0.5271846652030945,16.923593521118164,83.51812744140625,13695.92708864267,1413.4268798828125,756.1062622070312,53.494542837142944,-0.03662799671292305,-0.0195939801633358,28.430749511718773
239.1,1937,-27.590131759643555,0.5254743695259094,16.92783546447754,83.3248062133789,13706.579123823141,1410.5086669921875,754.2394409179688,53.47287058830261,-0.03658007085323334,-0.01956041343510151,28.433801269531273
239.2,1937,-27.498994827270508,0.5245516300201416,16.927936553955078,83.11968994140625,13703.944674325672,1407.0447998046875,752.770263671875,53.50009202957153,-0.03653039410710335,-0.01954379491508007,28.436547851562523
239.3,1937,-27.476327896118164,0.5243029594421387,16.92691421508789,83.02326202392578,13694.843001017605,1405.32763671875,751.9136962890625,53.50450873374939,-0.03654186427593231,-0.01955154538154602,28.438195800781273
239.4,1937,-27.4217586517334,0.5254625082015991,16.92730712890625,82.89435577392578,13694.897788241668,1403.17822265625,753.5796508789062,53.70519757270813,-0.03638866916298866,-0.01954260654747486,28.440423583984398
239.5,1937,-27.433481216430664,0.5249593257904053,16.92629623413086,82.82597351074219,13688.209084163582,1401.93701171875,752.4902954101562,53.67504358291626,-0.03645692393183708,-0.019568270072340965,28.442620849609398
239.6,1937,-27.502304077148438,0.5250638723373413,16.924667358398438,82.87511444091797,13671.32296229618,1402.6337890625,751.711669921875,53.592872619628906,-0.03658623993396759,-0.01960761658847332,28.445184326171898
239.7,1937,-27.532133102416992,0.5245860815048218,16.92319679260254,83.03115844726562,13660.088084306533,1405.152587890625,750.4104614257812,53.40419411659241,-0.036689430475234985,-0.019593695178627968,28.447045898437523
239.8,1937,-27.532575607299805,0.5261780619621277,16.92352867126465,83.14429473876953,13658.641468454163,1407.0948486328125,752.6080322265625,53.48666310310364,-0.036582887172698975,-0.019566964358091354,28.447869873046898
239.9,1937,-27.437911987304688,0.525287926197052,16.925029754638672,83.1431884765625,13665.309190191118,1407.200927734375,751.70166015625,53.41821908950806,-0.036501068621873856,-0.019498219713568687,28.449060058593773
240,1940,-27.311656951904297,0.5250959396362305,16.92701530456543,83.02991485595703,13679.940876072633,1405.4486083984375,752.2314453125,53.522515296936035,-0.03630751743912697,-0.01943269744515419,28.450158691406273
240.1,1940,-27.315338134765625,0.5243464112281799,16.92681884765625,82.90729522705078,13697.203514394761,1403.3568115234375,752.1055908203125,53.59333157539368,-0.03631848841905594,-0.019464286044239998,28.450677490234398
240.2,1940,-27.35263442993164,0.5231363773345947,16.925594329833984,82.91026306152344,13707.706341816083,1403.305419921875,750.9453735351562,53.512609004974365,-0.036424268037080765,-0.01949157565832138,28.450860595703148
240.3,1940,-27.510576248168945,0.5223572850227356,16.92342758178711,83.04580688476562,13702.653094660542,1405.419677734375,749.550537109375,53.3328652381897,-0.03670276328921318,-0.019574634730815887,28.451318359375023
240.4,1940,-27.521743774414062,0.524198055267334,16.922191619873047,83.25955963134766,13691.449690182591,1408.9342041015625,751.5769653320312,53.34365367889404,-0.0366186648607254,-0.019533732905983925,28.451623535156273
240.5,1940,-27.37363052368164,0.5274044871330261,16.920969009399414,83.51036071777344,13683.406459415985,1413.076171875,755.72998046875,53.48119139671326,-0.03622144088149071,-0.01937165856361389,28.452996826171898
240.6,1940,-27.438507080078125,0.527482271194458,16.922578811645508,83.59510803222656,13688.74646523364,1414.644775390625,756.1364135742188,53.45062017440796,-0.03628777340054512,-0.019396040588617325,28.454858398437523
240.7,1940,-27.454818725585938,0.5272156596183777,16.92327308654785,83.65326690673828,13696.643985297953,1415.6871337890625,756.1902465820312,53.415071964263916,-0.03630676120519638,-0.019393282011151314,28.455712890625023
240.8,1940,-27.523883819580078,0.526389479637146,16.923524856567383,83.67886352539062,13705.240916733277,1416.141357421875,755.4791870117188,53.3477246761322,-0.03643235191702843,-0.019435830414295197,28.456018066406273
240.9,1940,-27.587961196899414,0.5260843634605408,16.924762725830078,83.61961364746094,13713.475319941292,1415.2420654296875,755.4949340820312,53.38273048400879,-0.03651640936732292,-0.019493456929922104,28.456384277343773
241,1937,-27.617473602294922,0.5265421271324158,16.9232234954834,83.6822280883789,13707.958129909648,1416.173095703125,755.8480834960938,53.37257981300354,-0.036538392305374146,-0.01950148306787014,28.456170654296898
241.1,1937,-27.599029541015625,0.5260026454925537,16.925457000732422,83.613525390625,13703.48073144957,1415.1971435546875,754.8270263671875,53.33723425865173,-0.03656338155269623,-0.01950189843773842,28.456475830078148
241.2,1937,-27.597360610961914,0.5270004868507385,16.92563247680664,83.49515533447266,13693.035022623546,1413.208251953125,755.6824951171875,53.47282886505127,-0.03651978448033333,-0.019528161734342575,28.457482910156273
241.3,1937,-27.509212493896484,0.5261120200157166,16.925716400146484,83.42130279541016,13689.641711788532,1411.96533203125,754.2215576171875,53.41643691062927,-0.036473650485277176,-0.019482923671603203,28.458795166015648
241.4,1937,-27.49778938293457,0.5244001150131226,16.926923751831055,83.22888946533203,13695.250990984026,1408.80908203125,752.075439453125,53.38377356529236,-0.036562543362379074,-0.01951846480369568,28.460382080078148
241.5,1937,-27.54001808166504,0.523123025894165,16.926210403442383,83.13188934326172,13689.65803138719,1407.10791015625,749.9375,53.2963752746582,-0.03672308474779129,-0.019572073593735695,28.461480712890648
241.6,1937,-27.539566040039062,0.524500846862793,16.924352645874023,83.16570281982422,13679.024647176611,1407.525634765625,751.32861328125,53.37939262390137,-0.03665448725223541,-0.019565941765904427,28.462304687500023
241.7,1937,-27.630428314208984,0.5262380838394165,16.922100067138672,83.3221206665039,13661.483409991697,1409.9852294921875,752.8505249023438,53.39421033859253,-0.036701083183288574,-0.019596252590417862,28.463800048828148
241.8,1937,-27.499963760375977,0.5276774764060974,16.922168731689453,83.45046997070312,13654.454325713054,1412.1629638671875,754.5213623046875,53.430187702178955,-0.03644689917564392,-0.019473647698760033,28.465539550781273
241.9,1937,-27.58430290222168,0.5255863070487976,16.923389434814453,83.48068237304688,13658.971357484155,1412.776123046875,751.77978515625,53.21294665336609,-0.036691997200250626,-0.019524892792105675,28.466455078125023
242,1937,-27.60511016845703,0.5247255563735962,16.924238204956055,83.46822357177734,13665.241580425254,1412.6361083984375,750.8931884765625,53.155457973480225,-0.036763034760951996,-0.019541557878255844,28.467706298828148
242.1,1937,-27.57831573486328,0.5242375731468201,16.927505493164062,83.28641510009766,13683.857579750285,1409.831298828125,751.2168579101562,53.2841682434082,-0.03671152517199516,-0.01956143043935299,28.469934082031273
242.2,1937,-27.549697875976562,0.5238937139511108,16.92720603942871,83.1099624633789,13693.61786543272,1406.8194580078125,751.2595825195312,53.40127944946289,-0.03667134419083595,-0.019582966342568398,28.471459960937523
242.3,1937,-27.487943649291992,0.5243504643440247,16.925508499145508,83.07271575927734,13684.978969315136,1406.0479736328125,751.440185546875,53.44342589378357,-0.03658035025000572,-0.019549790769815445,28.472650146484398
242.4,1937,-27.580055236816406,0.5241488218307495,16.92348289489746,83.16845703125,13670.323969721256,1407.5,750.3468017578125,53.310608863830566,-0.03675641119480133,-0.019595066085457802,28.475091552734398
242.5,1937,-27.59055519104004,0.5256573557853699,16.92191505432129,83.35253143310547,13654.098791599457,1410.4844970703125,751.6132202148438,53.28759551048279,-0.03670844808220863,-0.019561048597097397,28.475885009765648
242.6,1937,-27.536603927612305,0.5271263718605042,16.92296600341797,83.45513916015625,13655.411353605718,1412.3084716796875,753.7861328125,53.37262749671936,-0.036531057208776474,-0.0194975845515728,28.476068115234398
242.7,1937,-27.41345977783203,0.5263632535934448,16.9257869720459,83.3578872680664,13672.574908650287,1410.8978271484375,753.6409301757812,53.41569781303406,-0.03637469559907913,-0.019429797306656837,28.478295898437523
242.8,1937,-27.3183650970459,0.5255083441734314,16.92764663696289,83.14344787597656,13690.75843861091,1407.4228515625,753.4175415039062,53.53171229362488,-0.03625926375389099,-0.019410204142332077,28.480401611328148
242.9,1937,-27.34873390197754,0.5242056846618652,16.927621841430664,82.96613311767578,13695.93408275638,1404.4193115234375,751.8340454101562,53.53344678878784,-0.03637602552771568,-0.01947333849966526,28.481378173828148
243,1937,-27.262895584106445,0.5232967734336853,16.925748825073242,82.93251037597656,13685.778629649323,1403.69482421875,749.9739379882812,53.42856049537659,-0.03635178878903389,-0.019422238692641258,28.482659912109398
243.1,1937,-27.28464698791504,0.5231223702430725,16.926074981689453,82.90103149414062,13679.678596808504,1403.1890869140625,749.3898315429688,53.40619087219238,-0.036409150809049606,-0.019444739446043968,28.484490966796898
243.2,1937,-27.269569396972656,0.5235655307769775,16.9261531829834,82.85395812988281,13677.923074267272,1402.3988037109375,749.9284057617188,53.47469449043274,-0.036362893879413605,-0.019444946199655533,28.485314941406273
243.3,1937,-27.23307228088379,0.523666501045227,16.925947189331055,82.8017578125,13680.618139416894,1401.4981689453125,750.2208251953125,53.52991819381714,-0.03630007430911064,-0.019431401044130325,28.485833740234398
243.4,1937,-27.321720123291016,0.522848904132843,16.92593002319336,82.79524230957031,13677.320414802585,1401.386474609375,748.8689575195312,53.437721729278564,-0.03648398071527481,-0.01949620619416237,28.486383056640648
243.5,1937,-27.390836715698242,0.5227140784263611,16.927518844604492,82.6717300415039,13683.198967375918,1399.42724609375,748.9976806640625,53.521728515625,-0.0365699902176857,-0.019572891294956207,28.488092041015648
243.6,1937,-27.524499893188477,0.5206432342529297,16.926925659179688,82.61331176757812,13682.54152068717,1398.389404296875,745.9945068359375,53.34669351577759,-0.03689638525247574,-0.019683001562952995,28.489556884765648
243.7,1937,-27.621017456054688,0.5221326351165771,16.924758911132812,82.7116928100586,13668.534642297089,1399.87548828125,747.3626708984375,53.3877968788147,-0.036957982927560806,-0.019731054082512856,28.490075683593773
243.8,1937,-27.490928649902344,0.5229042172431946,16.92353057861328,82.85420989990234,13660.301404774691,1402.185791015625,748.0162963867188,53.34644913673401,-0.03675178065896034,-0.019605768844485283,28.490533447265648
243.9,1937,-27.391942977905273,0.5228627920150757,16.925796508789062,82.82877349853516,13666.259223970073,1401.9429931640625,748.283203125,53.374725580215454,-0.036606382578611374,-0.019538557156920433,28.490686035156273
244,1937,-27.288217544555664,0.5209837555885315,16.927745819091797,82.69033813476562,13679.24379607286,1399.760986328125,746.302490234375,53.31642031669617,-0.036564555019140244,-0.019494911655783653,28.490747070312523
244.1,1937,-27.236980438232422,0.5185158848762512,16.930036544799805,82.44928741455078,13694.12610436232,1395.8695068359375,743.5753784179688,53.26969623565674,-0.036629751324653625,-0.019512556493282318,28.491174316406273
244.2,1937,-27.200946807861328,0.5189366936683655,16.92975425720215,82.2601547241211,13699.433470982662,1392.6441650390625,744.46728515625,53.45710515975952,-0.03653746470808983,-0.019531870260834694,28.492608642578148
244.3,1937,-27.24181365966797,0.5187304019927979,16.929798126220703,82.06446075439453,13701.67974716922,1389.334716796875,744.2933349609375,53.571921586990356,-0.03660091012716293,-0.01960781216621399,28.494805908203148
244.4,1937,-27.27833366394043,0.5196442008018494,16.92765235900879,82.0238037109375,13691.044031587406,1388.470458984375,745.0257568359375,53.65802049636841,-0.03661394864320755,-0.01964631862938404,28.495416259765648
244.5,1937,-27.363046646118164,0.5202247500419617,16.924680709838867,82.17155456542969,13668.979934203298,1390.727294921875,744.6560668945312,53.544360399246216,-0.036745887249708176,-0.019675349816679955,28.496301269531273
244.6,1937,-27.400449752807617,0.5222861170768738,16.922727584838867,82.43428039550781,13647.17811608332,1395.0128173828125,746.414306640625,53.50590944290161,-0.036709439009428024,-0.01964171789586544,28.497155761718773
244.7,1937,-27.380403518676758,0.5242382884025574,16.9220027923584,82.7058334350586,13636.410678026632,1399.54833984375,748.6130981445312,53.4896194934845,-0.036574836820364,-0.019563741981983185,28.498742675781273
244.8,1937,-27.320268630981445,0.525276780128479,16.92305564880371,82.88821411132812,13640.067433811393,1402.7218017578125,750.2972412109375,53.48866581916809,-0.036412592977285385,-0.01947661116719246,28.499810791015648
244.9,1937,-27.398588180541992,0.5234229564666748,16.924022674560547,82.96224212646484,13647.287690531446,1404.0548095703125,748.0449829101562,53.27747464179993,-0.03662692382931709,-0.019513901323080063,28.499566650390648
245,1937,-27.439443588256836,0.5233252644538879,16.924488067626953,83.00042724609375,13651.653183172162,1404.73974609375,748.1446533203125,53.25859189033508,-0.03667665645480156,-0.019533472135663033,28.499627685546898
245.1,1937,-27.352495193481445,0.5236371159553528,16.92478370666504,83.0389633178711,13659.962190259752,1405.41650390625,749.0460815429688,53.29709053039551,-0.03651643916964531,-0.01946219801902771,28.499688720703148
245.2,1937,-27.448230743408203,0.5232665538787842,16.924970626831055,83.01407623291016,13665.913015341423,1405.0107421875,748.8421020507812,53.29796075820923,-0.03665423020720482,-0.019535956904292107,28.500329589843773
245.3,1937,-27.483112335205078,0.5241731405258179,16.92325210571289,83.14225769042969,13657.157550662005,1407.037353515625,749.6588745117188,53.279244899749756,-0.036660823971033096,-0.01953260973095894,28.500024414062523
245.4,1937,-27.451900482177734,0.5249068140983582,16.923664093017578,83.23632049560547,13657.137734006494,1408.66357421875,750.7070922851562,53.29214930534363,-0.0365680567920208,-0.019487904384732246,28.500268554687523
245.5,1937,-27.420969009399414,0.5236942768096924,16.92737579345703,83.08728790283203,13675.57188637506,1406.44970703125,749.98388671875,53.32461595535278,-0.036562077701091766,-0.019496586173772812,28.499749755859398
245.6,1937,-27.42483901977539,0.5220385193824768,16.928794860839844,82.85741424560547,13691.660679279512,1402.6761474609375,748.4922485351562,53.36172580718994,-0.03664011135697365,-0.019551796838641167,28.500054931640648
245.7,1937,-27.344722747802734,0.5204271674156189,16.928325653076172,82.67146301269531,13696.149734595774,1399.489501953125,746.426513671875,53.335630893707275,-0.0366341769695282,-0.01953907124698162,28.500238037109398
245.8,1937,-27.29340171813965,0.5217487215995789,16.92835235595703,82.52677917480469,13696.757056802933,1397.0423583984375,748.3551635742188,53.567105531692505,-0.03647118806838989,-0.019536558538675308,28.499963378906273
245.9,1937,-27.352140426635742,0.5218768119812012,16.926151275634766,82.53082275390625,13683.8902189476,1396.92919921875,747.835693359375,53.534263372421265,-0.036575064063072205,-0.019580191001296043,28.500512695312523
246,1937,-27.31216049194336,0.5219766497612,16.924732208251953,82.6575927734375,13668.37844042423,1398.9576416015625,747.130859375,53.406256437301636,-0.03655605763196945,-0.019523221999406815,28.500207519531273
246.1,1937,-27.336368560791016,0.5213406085968018,16.92576026916504,82.66471099853516,13669.611735808445,1399.1630859375,746.287841796875,53.33815813064575,-0.03662979230284691,-0.019537657499313354,28.500360107421898
246.2,1937,-27.209213256835938,0.5224335193634033,16.926156997680664,82.67460632324219,13670.963931125729,1399.3634033203125,747.92626953125,53.4476101398468,-0.03637953847646713,-0.019443994387984276,28.500634765625023
246.3,1937,-27.20273208618164,0.5219626426696777,16.92620086669922,82.6411361694336,13672.538772396118,1398.8004150390625,747.3382568359375,53.42707633972168,-0.036399491131305695,-0.01944718509912491,28.500177001953148
246.4,1937,-27.166770935058594,0.5203818678855896,16.926328659057617,82.6224365234375,13671.769419888007,1398.4945068359375,745.032958984375,53.27392816543579,-0.03646384924650192,-0.01942572556436062,28.500207519531273
246.5,1937,-27.274139404296875,0.5208826065063477,16.925338745117188,82.66211700439453,13667.694182966261,1399.0843505859375,745.527587890625,53.286826610565186,-0.03658367320895195,-0.019494278356432915,28.500451660156273
246.6,1937,-27.32515525817871,0.522685170173645,16.92615509033203,82.68064880371094,13666.149649521947,1399.4654541015625,748.0230102539062,53.45062613487244,-0.03652983158826828,-0.019525423645973206,28.500390625000023
246.7,1937,-27.418073654174805,0.5233492851257324,16.925308227539062,82.74374389648438,13664.184303569411,1400.46337890625,748.86572265625,53.47270965576172,-0.036612801253795624,-0.019577858969569206,28.500268554687523
246.8,1937,-27.567956924438477,0.5226460099220276,16.924726486206055,82.81854248046875,13661.10805922259,1401.68115234375,747.6910400390625,53.34244966506958,-0.03687078505754471,-0.01966778002679348,28.500329589843773
246.9,1937,-27.41769790649414,0.5229098200798035,16.92555809020996,82.82794952392578,13666.295360224241,1401.9093017578125,748.3524780273438,53.38095426559448,-0.03663741052150726,-0.019557397812604904,28.499780273437523
247,1937,-27.301612854003906,0.5209538340568542,16.92758560180664,82.72388458251953,13677.710919484733,1400.315673828125,746.176025390625,53.286272287368774,-0.036588702350854874,-0.019496755674481392,28.499597167968773
247.1,1896,-27.236251831054688,0.5169203281402588,16.94158935546875,81.89867401123047,13686.012932458612,1387.49365234375,740.8480834960938,53.39469909667969,-0.03676361218094826,-0.019629819318652153,28.499566650390648
247.2,1896,-26.911527633666992,0.5068429708480835,16.970422744750977,79.00740051269531,13622.781481776898,1340.7889404296875,723.0491943359375,53.927141427993774,-0.03721949830651283,-0.02007141150534153,28.499627685546898
247.3,1896,-26.611671447753906,0.49777859449386597,16.968624114990234,76.66802978515625,13521.848261140925,1300.950927734375,704.8568115234375,54.180121421813965,-0.03775472193956375,-0.020455552265048027,28.499169921875023
247.4,1896,-26.242172241210938,0.4916294515132904,16.963336944580078,74.94469451904297,13432.887797491016,1271.3121337890625,691.569580078125,54.39809560775757,-0.037945814430713654,-0.02064180187880993,28.499078369140648
247.5,1896,-25.91020965576172,0.4871496558189392,16.959627151489258,73.6029052734375,13365.034403332547,1248.27783203125,681.8064575195312,54.619765281677246,-0.038002293556928635,-0.020756764337420464,28.498590087890648
247.6,1896,-25.762252807617188,0.4837687909603119,16.9569149017334,72.48731994628906,13313.086789436451,1229.1612548828125,674.4429931640625,54.87017631530762,-0.038197822868824005,-0.020959211513400078,28.497125244140648
247.7,1896,-25.575000762939453,0.4812944233417511,16.95269775390625,71.73744201660156,13258.277417347306,1216.1431884765625,668.2308959960938,54.94672656059265,-0.03827270120382309,-0.021029597148299217,28.496270751953148
247.8,1896,-25.430940628051758,0.4782201051712036,16.95237922668457,71.03441619873047,13224.108840502266,1204.202392578125,662.2513427734375,54.99502420425415,-0.03840073570609093,-0.021118493750691414,28.495050048828148
247.9,1896,-25.309402465820312,0.476446270942688,16.94963264465332,70.56769561767578,13189.630191282742,1196.0965576171875,658.0746459960938,55.01852631568909,-0.03845977410674095,-0.021160000935196877,28.494744873046898
248,1896,-25.27404022216797,0.4756571054458618,16.947908401489258,70.2180404663086,13158.839771359677,1190.0489501953125,655.4509887695312,55.0776481628418,-0.038559772074222565,-0.021237816661596298,28.494744873046898
248.1,1896,-25.2296085357666,0.4736054837703705,16.9478816986084,69.88136291503906,13142.766132368264,1184.341064453125,651.82666015625,55.03707528114319,-0.03870600834488869,-0.02130265347659588,28.494714355468773
248.2,1896,-25.21458625793457,0.47305747866630554,16.94752311706543,69.57977294921875,13131.293454512475,1179.204833984375,650.5040893554688,55.16464114189148,-0.03876160830259323,-0.021382702514529228,28.494653320312523
248.3,1896,-25.172948837280273,0.4730907380580902,16.94666290283203,69.37747192382812,13116.708396055694,1175.7166748046875,649.8272705078125,55.270737409591675,-0.038737908005714417,-0.021410727873444557,28.494683837890648
248.4,1896,-25.119945526123047,0.47314760088920593,16.945268630981445,69.24620056152344,13103.738977865945,1173.3955078125,649.2627563476562,55.331963300704956,-0.038689952343702316,-0.02140791155397892,28.494714355468773
248.5,1896,-25.075716018676758,0.47247788310050964,16.944074630737305,69.18091583251953,13088.360087503068,1172.20654296875,647.5828247070312,55.24476766586304,-0.038722019642591476,-0.021391890943050385,28.494714355468773
248.6,1896,-25.04297637939453,0.4716794192790985,16.943822860717773,69.16864013671875,13081.08038081648,1171.981201171875,646.12890625,55.13133406639099,-0.03875848278403282,-0.02136806957423687,28.494744873046898
248.7,1896,-25.03446388244629,0.471453994512558,16.944393157958984,69.10258483886719,13080.726012388503,1170.9013671875,645.8026123046875,55.154311656951904,-0.03876488655805588,-0.021380506455898285,28.494744873046898
248.8,1896,-25.103734970092773,0.472120076417923,16.944488525390625,69.01747131347656,13080.087216669646,1169.4656982421875,646.6834106445312,55.29733896255493,-0.03881920129060745,-0.021465985104441643,28.494744873046898
248.9,1896,-25.033754348754883,0.47348785400390625,16.94215965270996,69.07979583740234,13065.427554333291,1170.3609619140625,647.8300170898438,55.353015661239624,-0.03864247351884842,-0.02138977311551571,28.494805908203148
249,1896,-25.087854385375977,0.47248420119285583,16.94212532043457,69.16106414794922,13055.613647112414,1171.7354736328125,645.9712524414062,55.12945055961609,-0.03883741423487663,-0.021410852670669556,28.494989013671898
249.1,1896,-25.1630802154541,0.4726576805114746,16.941593170166016,69.28372955322266,13047.26384102818,1173.7767333984375,645.795166015625,55.01856803894043,-0.038964491337537766,-0.02143770456314087,28.494744873046898
249.2,1896,-25.222883224487305,0.47403717041015625,16.940532684326172,69.44432067871094,13041.530999157141,1176.423828125,647.3953857421875,55.03079891204834,-0.03896055370569229,-0.021440302953124046,28.494927978515648
249.3,1896,-25.143238067626953,0.4752829372882843,16.941532135009766,69.52217102050781,13044.951120761376,1177.8121337890625,649.2669677734375,55.124831199645996,-0.03872557729482651,-0.02134741097688675,28.494714355468773
249.4,1896,-25.106534957885742,0.47437140345573425,16.94326400756836,69.4722671508789,13059.008123633044,1177.0869140625,648.7200317382812,55.11232614517212,-0.03870164975523949,-0.021329380571842194,28.494775390625023
249.5,1896,-25.157472610473633,0.47361308336257935,16.94256591796875,69.47916412353516,13061.262559618932,1177.1552734375,647.7947998046875,55.03053069114685,-0.0388355553150177,-0.02137141302227974,28.494744873046898
249.6,1896,-25.22905731201172,0.4744124412536621,16.940826416015625,69.6283950805664,13050.25032758239,1179.5625,648.341064453125,54.96453642845154,-0.03891324996948242,-0.02138848602771759,28.494714355468773
249.7,1896,-25.27297592163086,0.47640010714530945,16.941068649291992,69.726806640625,13046.21239260043,1181.24658203125,650.8560180664062,55.09907603263855,-0.03883036598563194,-0.02139517292380333,28.494958496093773
249.8,1896,-25.269330978393555,0.4757831394672394,16.94216537475586,69.71330261230469,13052.561882163576,1181.0943603515625,650.3294677734375,55.06160259246826,-0.038856200873851776,-0.021394846960902214,28.494683837890648
249.9,1896,-25.334653854370117,0.4740704894065857,16.942190170288086,69.72118377685547,13054.678767246498,1181.2296142578125,648.0935668945312,54.866015911102295,-0.039091043174266815,-0.021447697654366493,28.494744873046898
250,1896,-25.44124984741211,0.47450897097587585,16.941633224487305,69.8111343383789,13053.862787313654,1182.714599609375,648.6524658203125,54.84437942504883,-0.03922169283032417,-0.02151089534163475,28.494836425781273
250.1,1896,-25.405542373657227,0.476249635219574,16.940719604492188,69.929931640625,13048.916783235,1184.663330078125,650.7852783203125,54.934197664260864,-0.03903828561306,-0.021445369347929955,28.494775390625023
250.2,1896,-25.323152542114258,0.4760519862174988,16.941396713256836,69.98554992675781,13047.75809173036,1185.6529541015625,650.4574584960938,54.86069321632385,-0.03893129900097847,-0.021357979625463486,28.494744873046898
250.3,1896,-25.239742279052734,0.47514283657073975,16.942276000976562,69.96935272216797,13057.850597814024,1185.4400634765625,649.7174072265625,54.80811595916748,-0.038847263902425766,-0.021291453391313553,28.494927978515648
250.4,1896,-25.350608825683594,0.4747641384601593,16.94253921508789,69.98448181152344,13062.528494200458,1185.71484375,649.43212890625,54.7713577747345,-0.03903504088521004,-0.021380022168159485,28.494744873046898
250.5,1896,-25.385774612426758,0.47657519578933716,16.94207000732422,69.99286651611328,13057.548685238871,1185.8240966796875,651.6609497070312,54.954272508621216,-0.03895549476146698,-0.021407708525657654,28.494714355468773
250.6,1896,-25.343839645385742,0.4782705008983612,16.94000816345215,70.1347885131836,13047.31279982415,1188.0838623046875,653.4664306640625,55.00170588493347,-0.038783688098192215,-0.02133169211447239,28.494836425781273
250.7,1896,-25.32155418395996,0.47747647762298584,16.94183921813965,70.15872192382812,13052.96054664505,1188.6177978515625,652.6639404296875,54.909491539001465,-0.038797229528427124,-0.021303361281752586,28.495507812500023
250.8,1896,-25.276182174682617,0.4767029583454132,16.942739486694336,70.11663055419922,13063.127656608289,1187.9677734375,652.1141967773438,54.89325523376465,-0.038760364055633545,-0.021276824176311493,28.497949218750023
250.9,1896,-25.2768611907959,0.47710874676704407,16.942935943603516,70.0740737915039,13067.981571523094,1187.260498046875,652.9118041992188,54.99313473701477,-0.038714051246643066,-0.021290071308612823,28.499749755859398
251,1896,-25.162508010864258,0.4776167869567871,16.94400405883789,69.95172119140625,13077.393317205642,1185.26220703125,654.0777587890625,55.184221267700195,-0.03847020864486694,-0.021229485049843788,28.501855468750023
251.1,1896,-25.105979919433594,0.4761020839214325,16.945117950439453,69.76869201660156,13085.525140079244,1182.23876953125,652.4088745117188,55.18419146537781,-0.038481973111629486,-0.021235965192317963,28.504022216796898
251.2,1896,-25.132150650024414,0.47491583228111267,16.945436477661133,69.56941223144531,13090.918767435345,1178.884033203125,651.0515747070312,55.22608757019043,-0.038602396845817566,-0.021318593993782997,28.504632568359398
251.3,1896,-25.094741821289062,0.47241127490997314,16.945898056030273,69.38607788085938,13094.263119474388,1175.8094482421875,647.7835693359375,55.09256720542908,-0.038739390671253204,-0.021342525258660316,28.505151367187523
251.4,1896,-25.078929901123047,0.4699766933917999,16.94622230529785,69.17338562011719,13100.14866616143,1172.2275390625,644.73486328125,55.00082969665527,-0.0388980507850647,-0.02139425091445446,28.506585693359398
251.5,1896,-24.96731185913086,0.4689618945121765,16.946691513061523,68.96209716796875,13101.134836194553,1168.679443359375,643.3911743164062,55.0528347492218,-0.03880580514669418,-0.021363696083426476,28.507958984375023
251.6,1896,-24.848196029663086,0.46872273087501526,16.94711685180664,68.72649383544922,13101.46239385331,1164.7159423828125,643.0791015625,55.213385820388794,-0.038639407604932785,-0.021334126591682434,28.509393310546898
251.7,1896,-24.78583526611328,0.4689467251300812,16.946205139160156,68.56473541259766,13098.10871632932,1161.912109375,643.2217407226562,55.358898639678955,-0.03853388875722885,-0.021331937983632088,28.510003662109398
251.8,1896,-24.741939544677734,0.46819251775741577,16.945240020751953,68.45413208007812,13091.33841425795,1159.9716796875,641.8552856445312,55.3337037563324,-0.03854753449559212,-0.02132977917790413,28.510339355468773
251.9,1896,-24.69415283203125,0.4668640196323395,16.946029663085938,68.31444549560547,13092.70809485951,1157.6585693359375,640.1010131835938,55.292725563049316,-0.03857852518558502,-0.021331118419766426,28.510675048828148
252,1896,-24.751211166381836,0.46673429012298584,16.946556091308594,68.12299346923828,13096.833456262846,1154.4500732421875,640.124755859375,55.44845461845398,-0.03866622969508171,-0.021439827978610992,28.512597656250023
252.1,1896,-24.896589279174805,0.46552926301956177,16.946186065673828,68.00062561035156,13091.147241816541,1152.3511962890625,638.1948852539062,55.38197159767151,-0.03901095315814018,-0.021605035290122032,28.514367675781273
252.2,1896,-24.99838638305664,0.46739649772644043,16.94271469116211,68.08784484863281,13069.278979616316,1153.5928955078125,639.684326171875,55.45147657394409,-0.03907925635576248,-0.02167002484202385,28.515283203125023
252.3,1896,-25.035903930664062,0.46849146485328674,16.942073822021484,68.22516632080078,13055.20682283161,1155.8758544921875,640.4924926757812,55.4118812084198,-0.03908851742744446,-0.02165968343615532,28.516229248046898
252.4,1896,-25.111207962036133,0.46854469180107117,16.941505432128906,68.3770523071289,13044.342632868598,1158.41015625,640.0322265625,55.25091290473938,-0.03923428803682327,-0.021677302196621895,28.517907714843773
252.5,1896,-25.161273956298828,0.4695509374141693,16.942676544189453,68.47705841064453,13043.528984306991,1160.1846923828125,641.3667602539062,55.28143644332886,-0.03923071175813675,-0.021687300875782967,28.519403076171898
252.6,1896,-25.084579467773438,0.47060680389404297,16.942508697509766,68.55889892578125,13045.362607784653,1161.5596923828125,642.8993530273438,55.34793734550476,-0.039017897099256516,-0.021595599129796028,28.520440673828148
252.7,1896,-24.99735450744629,0.46982282400131226,16.94394302368164,68.51817321777344,13058.487062161643,1160.968017578125,642.4740600585938,55.339515209198,-0.038907960057258606,-0.021531475707888603,28.521417236328148
252.8,1896,-25.04603385925293,0.46884822845458984,16.943492889404297,68.52117156982422,13061.00261172604,1160.988037109375,641.2648315429688,55.234408378601074,-0.03905723989009857,-0.021573035046458244,28.522454833984398
252.9,1896,-25.110944747924805,0.46944868564605713,16.94303321838379,68.57575988769531,13055.14970423631,1161.88134765625,641.79833984375,55.23785352706909,-0.03912590816617012,-0.021612314507365227,28.523553466796898
253,1890,-25.04909324645996,0.47141069173812866,16.942293167114258,68.67294311523438,13050.129096278082,1163.4771728515625,644.2328491210938,55.37133812904358,-0.0388820506632328,-0.021529510617256165,28.523675537109398
253.1,1890,-25.012027740478516,0.47181716561317444,16.945302963256836,68.59296417236328,13046.304481764279,1162.32861328125,644.599365234375,55.45758605003357,-0.03880244120955467,-0.021518895402550697,28.524011230468773
253.2,1890,-25.071266174316406,0.47009924054145813,16.946613311767578,68.3370361328125,13026.251192071824,1158.081298828125,641.26513671875,55.373066663742065,-0.039096567779779434,-0.021648967638611794,28.524011230468773
253.3,1890,-25.1741886138916,0.4694897532463074,16.945772171020508,68.2354507446289,13006.615217830738,1156.3023681640625,639.4683227539062,55.30285835266113,-0.039367374032735825,-0.021771283820271492,28.524255371093773
253.4,1890,-25.088584899902344,0.4702646732330322,16.945261001586914,68.15847778320312,12995.454943720666,1154.963134765625,639.9741821289062,55.41078448295593,-0.0392024964094162,-0.02172240987420082,28.524316406250023
253.5,1890,-25.0107421875,0.46825116872787476,16.944719314575195,68.10829162597656,12988.495800579123,1154.075927734375,636.892822265625,55.18639087677002,-0.03926993906497955,-0.021671662107110023,28.525140380859398
253.6,1890,-24.960229873657227,0.46849071979522705,16.946107864379883,67.9809799194336,12992.10592893915,1152.0130615234375,637.395751953125,55.32886981964111,-0.03915970399975777,-0.021666621789336205,28.525689697265648
253.7,1890,-24.899566650390625,0.4684125483036041,16.946773529052734,67.82378387451172,12997.879569806832,1149.394287109375,637.5726318359375,55.470311641693115,-0.039053697139024734,-0.021663207560777664,28.527154541015648
253.8,1890,-24.887380599975586,0.4672998785972595,16.946182250976562,67.71569061279297,12996.451604924354,1147.5224609375,635.9882202148438,55.42272925376892,-0.03913182392716408,-0.02168792486190796,28.528405761718773
253.9,1890,-24.92609214782715,0.46728724241256714,16.945650100708008,67.66374206542969,12989.328100110624,1146.6060791015625,635.6224365234375,55.435121059417725,-0.039215248078107834,-0.021739019080996513,28.528894042968773
254,1890,-24.898643493652344,0.46885693073272705,16.94369888305664,67.7439193725586,12976.938027673195,1147.83251953125,637.1492919921875,55.50890564918518,-0.03907819464802742,-0.021691877394914627,28.528771972656273
254.1,1890,-24.994403839111328,0.46736231446266174,16.943721771240234,67.77513122558594,12969.201372224214,1148.3629150390625,634.739501953125,55.273425579071045,-0.03937741741538048,-0.021765246987342834,28.528894042968773
254.2,1890,-25.014747619628906,0.47003060579299927,16.943115234375,67.85694122314453,12963.515157777907,1149.7080078125,638.0835571289062,55.499619245529175,-0.03920293599367142,-0.02175747975707054,28.529016113281273
254.3,1890,-24.831296920776367,0.4691847562789917,16.94408416748047,67.8840103149414,12966.331454231839,1150.232421875,637.0736083984375,55.386513471603394,-0.03897712379693985,-0.021588070318102837,28.529504394531273
254.4,1890,-24.750164031982422,0.4662274718284607,16.947050094604492,67.7021484375,12986.235536165144,1147.3516845703125,634.0299072265625,55.260294675827026,-0.03903627023100853,-0.021571557968854904,28.529687500000023
254.5,1890,-24.678661346435547,0.46581077575683594,16.947757720947266,67.51143646240234,13000.038419572014,1144.16748046875,634.1365356445312,55.42340278625488,-0.03891695290803909,-0.02156909927725792,28.530816650390648
254.6,1890,-24.57990074157715,0.464251846075058,16.94815444946289,67.28658294677734,13008.68197843207,1140.3834228515625,632.4345092773438,55.458056926727295,-0.038865529000759125,-0.021554067730903625,28.532739257812523
254.7,1890,-24.576263427734375,0.4621364176273346,16.94902229309082,67.00518798828125,13016.904724783903,1135.6724853515625,629.95068359375,55.46939969062805,-0.03901299834251404,-0.021640274673700333,28.534417724609398
254.8,1890,-24.54157257080078,0.4622364640235901,16.94866371154785,66.77049255371094,13017.126205051389,1131.670654296875,630.0977783203125,55.67854642868042,-0.03894883394241333,-0.021686144173145294,28.535058593750023
254.9,1890,-24.572677612304688,0.4634045958518982,16.94638442993164,66.6872787475586,13003.606583249779,1130.1082763671875,631.0339965820312,55.83837032318115,-0.03894033655524254,-0.0217436496168375,28.537133789062523
255,1890,-24.63931655883789,0.46267175674438477,16.945697784423828,66.68988037109375,12988.19505368959,1130.1065673828125,629.2893676757812,55.684077739715576,-0.03915419057011604,-0.021802648901939392,28.538995361328148
255.1,1890,-24.753639221191406,0.4635336399078369,16.945154190063477,66.71308135986328,12978.891716769547,1130.4635009765625,630.0100708007812,55.730247497558594,-0.039290864020586014,-0.02189689502120018,28.539880371093773
255.2,1890,-24.768739700317383,0.4643045961856842,16.944202423095703,66.76295471191406,12970.729586069869,1131.2449951171875,630.6610717773438,55.74928522109985,-0.039274249225854874,-0.021895114332437515,28.542230224609398
255.3,1890,-24.863445281982422,0.46537673473358154,16.94361114501953,66.86549377441406,12962.302844734824,1132.94287109375,631.7066650390625,55.7580292224884,-0.039359163492918015,-0.02194589376449585,28.544671630859398
255.4,1890,-24.902706146240234,0.4685109257698059,16.94175148010254,67.08226013183594,12948.051172364892,1136.490966796875,635.2618408203125,55.89677691459656,-0.03920069709420204,-0.021911926567554474,28.546960449218773
255.5,1890,-24.953720092773438,0.46697357296943665,16.94208335876465,67.271484375,12942.904670359881,1139.7191162109375,632.9255981445312,55.5334746837616,-0.03942599147558212,-0.02189462259411812,28.549096679687523
255.6,1890,-24.91872215270996,0.4678301513195038,16.94367218017578,67.36146545410156,12950.780042397446,1141.3505859375,634.472412109375,55.58961629867554,-0.03927471116185188,-0.02183266170322895,28.550866699218773
255.7,1890,-24.85159683227539,0.4666275382041931,16.943986892700195,67.41062927246094,12958.467739050457,1142.204833984375,633.2171020507812,55.43813705444336,-0.039246566593647,-0.021757565438747406,28.553735351562523
255.8,1890,-24.921642303466797,0.4663088321685791,16.943340301513672,67.50365447998047,12956.010473766977,1143.7374267578125,632.6646118164062,55.31554818153381,-0.03939155489206314,-0.021789655089378357,28.555902099609398
255.9,1890,-24.913877487182617,0.468569815158844,16.942481994628906,67.65434265136719,12951.308097982559,1146.232421875,635.50146484375,55.442631244659424,-0.039203494787216187,-0.021735448390245438,28.558221435546898
256,1890,-24.93402671813965,0.4677737355232239,16.942733764648438,67.78883361816406,12950.08645945453,1148.5281982421875,634.3619384765625,55.2325963973999,-0.039305679500103,-0.02170954830944538,28.559838867187523
256.1,1890,-25.022674560546875,0.4692193865776062,16.943286895751953,67.86516571044922,12955.757519987796,1149.8590087890625,636.60107421875,55.363404750823975,-0.039306677877902985,-0.021761516109108925,28.561547851562523
256.2,1890,-24.985803604125977,0.4692305326461792,16.943815231323242,67.87937927246094,12962.076701724865,1150.1356201171875,636.9266967773438,55.37840127944946,-0.03922869265079498,-0.021724222227931023,28.563134765625023
256.3,1890,-25.033348083496094,0.4680279493331909,16.94517707824707,67.80162811279297,12971.81600506617,1148.91064453125,635.7716674804688,55.33691644668579,-0.03937474638223648,-0.021788770332932472,28.564111328125023
256.4,1890,-24.979394912719727,0.46947038173675537,16.946035385131836,67.70223236083984,12982.343311885477,1147.284423828125,638.2486572265625,55.63125014305115,-0.039137404412031174,-0.021772626787424088,28.564630126953148
256.5,1890,-24.88414192199707,0.4674490690231323,16.947126388549805,67.52488708496094,12993.329898838416,1144.352783203125,636.0384521484375,55.58062791824341,-0.039123643189668655,-0.021745165809988976,28.566247558593773
256.6,1890,-24.81456756591797,0.4646242558956146,16.947837829589844,67.33090209960938,13000.843908334293,1141.1131591796875,632.5604858398438,55.43363094329834,-0.03922876715660095,-0.02174592949450016,28.567498779296898
256.7,1890,-24.755390167236328,0.465084433555603,16.947843551635742,67.1401596069336,13004.279183851566,1137.8809814453125,633.354248046875,55.660855770111084,-0.03908616676926613,-0.021755695343017578,28.567987060546898
256.8,1890,-24.63438606262207,0.46496984362602234,16.94660186767578,67.0752182006836,12998.673401712927,1136.697021484375,632.92529296875,55.68108558654785,-0.038921475410461426,-0.021671902388334274,28.567926025390648
256.9,1890,-24.564661026000977,0.4644857943058014,16.94791030883789,66.91273498535156,13002.55396913641,1134.031005859375,632.4551391601562,55.7705283164978,-0.0388401634991169,-0.021661365404725075,28.567956542968773
257,1890,-24.58722496032715,0.46183592081069946,16.94923210144043,66.6307373046875,13012.679114417388,1129.33984375,629.336669921875,55.72606921195984,-0.03906847536563873,-0.021771324798464775,28.567926025390648
257.1,1890,-24.502653121948242,0.4615918695926666,16.94893455505371,66.40912628173828,13014.213156691136,1125.56396484375,629.0782470703125,55.890053510665894,-0.03895008563995361,-0.021769223734736443,28.567926025390648
257.2,1890,-24.4848690032959,0.45996999740600586,16.94778060913086,66.2498550415039,13007.733110338735,1122.7879638671875,626.5557861328125,55.8035671710968,-0.03907851502299309,-0.02180720493197441,28.567956542968773
257.3,1890,-24.618444442749023,0.460481733083725,16.94683837890625,66.181640625,12995.998153218816,1121.569580078125,626.6869506835938,55.87589144706726,-0.03928348049521446,-0.021949993446469307,28.567956542968773
257.4,1890,-24.5555362701416,0.461009681224823,16.945514678955078,66.2246322631836,12983.925147269578,1122.21044921875,626.8226318359375,55.856066942214966,-0.03917461633682251,-0.021881399676203728,28.568475341796898
257.5,1890,-24.41572380065918,0.4601413309574127,16.94733238220215,66.10673522949219,12989.335094224334,1120.332763671875,625.9026489257812,55.86756467819214,-0.03900882229208946,-0.02179327793419361,28.568383789062523
257.6,1890,-24.45071792602539,0.4593747854232788,16.94845199584961,65.92306518554688,12997.24543683045,1117.2939453125,625.240478515625,55.96024990081787,-0.0391061007976532,-0.021883873268961906,28.568627929687523
257.7,1890,-24.390039443969727,0.46005457639694214,16.94705581665039,65.82878875732422,12993.799670142611,1115.6041259765625,625.9996948242188,56.113070249557495,-0.0389617420732975,-0.021862627938389778,28.569116210937523
257.8,1890,-24.489078521728516,0.458866149187088,16.945791244506836,65.84444427490234,12983.251380982172,1115.7862548828125,623.875732421875,55.91355562210083,-0.03925313428044319,-0.021947823464870453,28.569604492187523
257.9,1890,-24.608083724975586,0.4614540636539459,16.94437026977539,65.9698486328125,12968.584724532107,1117.8175048828125,626.685546875,56.063312292099,-0.03926703706383705,-0.022014401853084564,28.569665527343773
258,1890,-24.655826568603516,0.46151524782180786,16.943540573120117,66.1316909790039,12955.43812212837,1120.5050048828125,626.1332397460938,55.879563093185425,-0.03937792032957077,-0.022004209458827972,28.570153808593773
258.1,1890,-24.815990447998047,0.4625629186630249,16.94224739074707,66.36845397949219,12941.418421196488,1124.4307861328125,626.8755493164062,55.75047731399536,-0.03958678990602493,-0.02206982485949993,28.570489501953148
258.2,1890,-24.812990188598633,0.46453672647476196,16.941539764404297,66.61578369140625,12933.595505011748,1128.573974609375,629.169921875,55.74910640716553,-0.039437662810087204,-0.02198614552617073,28.569940185546898
258.3,1890,-24.893482208251953,0.46456828713417053,16.941192626953125,66.90199279785156,12926.615379529076,1133.3995361328125,628.8731079101562,55.48555850982666,-0.03958427160978317,-0.02196355350315571,28.569268798828148
258.4,1890,-24.889432907104492,0.4673631191253662,16.94230079650879,67.0991439819336,12931.70243156755,1136.8138427734375,632.9053344726562,55.67361116409302,-0.03932568058371544,-0.021894026547670364,28.568353271484398
258.5,1890,-24.931488037109375,0.46613648533821106,16.942861557006836,67.22351837158203,12939.260737116923,1138.958740234375,631.6131591796875,55.45531511306763,-0.03947271779179573,-0.021889720112085342,28.567712402343773
258.6,1890,-24.9686336517334,0.46763038635253906,16.943099975585938,67.35223388671875,12944.74062520878,1141.1556396484375,633.90576171875,55.54945468902588,-0.03938855975866318,-0.021880129352211952,28.567895507812523
258.7,1890,-24.852901458740234,0.46714890003204346,16.944950103759766,67.33916473388672,12960.093870488054,1141.058837890625,634.004150390625,55.56279420852661,-0.03919990360736847,-0.02178056165575981,28.567437744140648
258.8,1890,-24.89604949951172,0.4655095040798187,16.94602394104004,67.22648620605469,12974.578679981656,1139.2216796875,632.4852905273438,55.51907420158386,-0.039362259209156036,-0.021853560581803322,28.567193603515648
258.9,1890,-24.95413589477539,0.46736249327659607,16.943971633911133,67.30009460449219,12968.127775769713,1140.3309326171875,634.6871948242188,55.658161640167236,-0.03931721672415733,-0.021883241832256317,28.565789794921898
259,1890,-24.878576278686523,0.46673348546028137,16.944429397583008,67.337158203125,12967.590394699655,1140.98974609375,633.8067626953125,55.548858642578125,-0.039252620190382004,-0.021804383024573326,28.564172363281273
259.1,1890,-24.910724639892578,0.4650444984436035,16.945899963378906,67.23974609375,12978.196968141012,1139.43798828125,632.0297241210938,55.468547344207764,-0.039413850754499435,-0.021862290799617767,28.563012695312523
259.2,1890,-24.951679229736328,0.4656646251678467,16.94486427307129,67.23859405517578,12975.473926536548,1139.348876953125,632.7396850585938,55.53520321846008,-0.03943435102701187,-0.02189994603395462,28.562188720703148
259.3,1890,-24.92464828491211,0.46427369117736816,16.944744110107422,67.24536895751953,12973.796504931744,1139.45556640625,630.7681884765625,55.35697937011719,-0.039514753967523575,-0.02187417261302471,28.562310791015648
259.4,1890,-24.946136474609375,0.4648330509662628,16.944360733032227,67.28790283203125,12969.631510217385,1140.1505126953125,631.3253784179688,55.37211298942566,-0.03951391205191612,-0.021879687905311584,28.561761474609398
259.5,1890,-24.849693298339844,0.46665528416633606,16.943988800048828,67.3453369140625,12964.809068814275,1141.0986328125,633.5646362304688,55.522340536117554,-0.03922203183174133,-0.021776989102363586,28.561761474609398
259.6,1890,-24.943431854248047,0.46582162380218506,16.94417953491211,67.38970184326172,12964.701825737387,1141.8631591796875,632.4275512695312,55.3855836391449,-0.03944077342748642,-0.021844500675797462,28.561700439453148
259.7,1890,-24.937278747558594,0.4672832787036896,16.943923950195312,67.46406555175781,12963.573442058825,1143.10595703125,634.3568115234375,55.49413561820984,-0.03931112587451935,-0.02181536890566349,28.562677001953148
259.8,1890,-24.833145141601562,0.4674470126628876,16.944849014282227,67.46907043457031,12968.093970886783,1143.253173828125,634.8003540039062,55.52578568458557,-0.03911961615085602,-0.021721474826335907,28.563348388671898
259.9,1890,-24.749330520629883,0.4652765989303589,16.946775436401367,67.33562469482422,12983.827229677636,1141.1217041015625,632.6194458007812,55.438387393951416,-0.03912198543548584,-0.02168859913945198,28.563470458984398
260,1890,-24.599918365478516,0.46542641520500183,16.948320388793945,67.11405181884766,12999.030101512142,1137.470458984375,633.5641479492188,55.69939613342285,-0.03882782533764839,-0.02162686362862587,28.563745117187523
260.1,1890,-24.523242950439453,0.46329784393310547,16.949338912963867,66.83212280273438,13013.126737694834,1132.76025390625,631.3505249023438,55.73558211326599,-0.03884251415729523,-0.021649101749062538,28.565118408203148
260.2,1890,-24.656715393066406,0.46197816729545593,16.948331832885742,66.6187973022461,13010.697448866196,1129.0775146484375,629.4346313476562,55.74769377708435,-0.03917279466986656,-0.021837931126356125,28.567254638671898
260.3,1890,-24.90531349182129,0.4624338448047638,16.945663452148438,66.60836029052734,12993.27860867121,1128.722900390625,629.2119750976562,55.745482444763184,-0.03958175331354141,-0.022065037861466408,28.569024658203148
260.4,1890,-24.903228759765625,0.46502071619033813,16.94179344177246,66.85794067382812,12960.794447544682,1132.6934814453125,631.1499633789062,55.721163749694824,-0.039456915110349655,-0.021985851228237152,28.570336914062523
260.5,1890,-24.99448585510254,0.46762779355049133,16.940004348754883,67.21316528320312,12934.10957236944,1138.59130859375,633.3816528320312,55.62853217124939,-0.03946196660399437,-0.021952113136649132,28.571649169921898
260.6,1890,-24.915813446044922,0.4697039723396301,16.940399169921875,67.51445770263672,12925.56043404447,1143.721923828125,635.7732543945312,55.588096380233765,-0.03918978199362755,-0.02178485319018364,28.572961425781273
260.7,1890,-24.93907928466797,0.46865326166152954,16.943767547607422,67.57149505615234,12942.831232165925,1144.9156494140625,635.1986083984375,55.479949712753296,-0.03926185891032219,-0.021782459691166878,28.572869873046898
260.8,1890,-24.90878677368164,0.4692043364048004,16.945825576782227,67.47679138183594,12966.095985736933,1143.449951171875,637.088623046875,55.71635961532593,-0.03909783437848091,-0.021783888339996338,28.572808837890648
260.9,1890,-24.905437469482422,0.4676932692527771,16.945533752441406,67.4129867553711,12975.170848275779,1142.3489990234375,635.4813842773438,55.62935471534729,-0.03919145092368126,-0.02180195041000843,28.573175048828148
261,1890,-25.0184383392334,0.46798592805862427,16.944957733154297,67.4086685180664,12974.87942687119,1142.237060546875,635.86474609375,55.66837191581726,-0.03934553638100624,-0.021903017535805702,28.573175048828148
261.1,1890,-24.97659683227539,0.46984851360321045,16.94384002685547,67.48719024658203,12967.322287007435,1143.4921875,638.023681640625,55.79606890678406,-0.03914681822061539,-0.021842386573553085,28.573297119140648
261.2,1890,-24.937944412231445,0.46796905994415283,16.944562911987305,67.49884033203125,12969.124436973403,1143.7384033203125,635.559814453125,55.5686354637146,-0.03923776373267174,-0.02180388942360878,28.572747802734398
261.3,1890,-24.986919403076172,0.4687917232513428,16.944664001464844,67.51897430419922,12970.246992223872,1144.0863037109375,636.732177734375,55.65420985221863,-0.03924243152141571,-0.021840063855051994,28.572808837890648
261.4,1890,-24.912702560424805,0.4703124463558197,16.9437255859375,67.5655517578125,12965.296325402745,1144.8121337890625,638.5538940429688,55.77804446220398,-0.03901425376534462,-0.021761389449238777,28.573449707031273
261.5,1890,-24.83501625061035,0.4688756763935089,16.944250106811523,67.6195068359375,12963.981432025246,1145.7618408203125,636.53857421875,55.55592179298401,-0.03901572898030281,-0.02167554758489132,28.573541259765648
261.6,1890,-24.725074768066406,0.46875134110450745,16.946971893310547,67.4520263671875,12983.563784727889,1143.1075439453125,637.3309936523438,55.754244327545166,-0.03879471495747566,-0.02162970043718815,28.573907470703148
261.7,1890,-24.563127517700195,0.46662792563438416,16.948680877685547,67.1667709350586,13004.737298299578,1138.38818359375,635.4785766601562,55.82266449928284,-0.03865295648574829,-0.02157711051404476,28.575158691406273
261.8,1890,-24.5284481048584,0.4638390839099884,16.94880485534668,66.92089080810547,13013.60350311274,1134.2291259765625,632.1112670898438,55.73047399520874,-0.038804005831480026,-0.02162565477192402,28.576593017578148
261.9,1890,-24.581995010375977,0.46292442083358765,16.94869613647461,66.68622589111328,13014.850786724372,1130.24462890625,630.9252319335938,55.82200884819031,-0.03896182030439377,-0.02174927107989788,28.578149414062523
262,1890,-24.52162742614746,0.4629758894443512,16.948665618896484,66.45909118652344,13014.820478898295,1126.3929443359375,630.993896484375,56.01899027824402,-0.03886190801858902,-0.021770047023892403,28.578637695312523
262.1,1890,-24.428409576416016,0.4605408310890198,16.94891929626465,66.26044464111328,13014.935881774512,1123.04296875,627.6807250976562,55.89107275009155,-0.03891852870583534,-0.02175198122859001,28.579797363281273
262.2,1890,-24.38710594177246,0.45787617564201355,16.95026206970215,65.96495056152344,13022.92199394582,1118.1231689453125,624.4319458007812,55.84643483161926,-0.03905486688017845,-0.021810749545693398,28.581140136718773
262.3,1890,-24.304935455322266,0.4574759602546692,16.95099449157715,65.6176528930664,13029.606035281431,1112.284423828125,624.2063598632812,56.119304895401,-0.038937341421842575,-0.021851366385817528,28.582574462890648
262.4,1890,-24.237600326538086,0.4553740322589874,16.950891494750977,65.31966400146484,13031.2240069197,1107.2265625,621.41552734375,56.123608350753784,-0.03900385648012161,-0.021890372037887573,28.582757568359398
262.5,1890,-24.195344924926758,0.4521092474460602,16.950193405151367,65.0920639038086,13024.56677635331,1103.3231201171875,616.6451416015625,55.88980317115784,-0.039237067103385925,-0.02192951925098896,28.582604980468773
262.6,1890,-24.2154541015625,0.45188701152801514,16.949302673339844,64.9345932006836,13014.616483915084,1100.5960693359375,615.8711547851562,55.957961082458496,-0.039319027215242386,-0.022002127021551132,28.583001708984398
262.7,1890,-24.15860939025879,0.45343443751335144,16.947912216186523,64.86520385742188,13001.181957163613,1099.329833984375,617.3421630859375,56.156229972839355,-0.03913325443863869,-0.021975761279463768,28.582818603515648
262.8,1890,-24.133466720581055,0.4521780014038086,16.948169708251953,64.78074645996094,12994.79516566068,1097.9150390625,615.3291625976562,56.0452401638031,-0.0392204187810421,-0.02198117785155773,28.582604980468773
262.9,1890,-24.09687042236328,0.4516802728176117,16.949193954467773,64.62347412109375,12997.758338502523,1095.3157958984375,614.7919921875,56.129199266433716,-0.03919516131281853,-0.02199992910027504,28.582574462890648
263,1890,-24.124292373657227,0.4533124268054962,16.947641372680664,64.575927734375,12989.146253154162,1094.40966796875,616.604736328125,56.34130835533142,-0.03912440314888954,-0.022043202072381973,28.582360839843773
263.1,1890,-24.257488250732422,0.4524868130683899,16.94577980041504,64.67475128173828,12972.926903460457,1095.964111328125,614.7131958007812,56.088805198669434,-0.03946147486567497,-0.022133469581604004,28.582452392578148
263.2,1890,-24.31595802307129,0.4557207226753235,16.944766998291016,64.8519515991211,12958.732349685823,1098.9012451171875,618.4290771484375,56.277042627334595,-0.039318911731243134,-0.02212752029299736,28.582055664062523
263.3,1890,-24.338420867919922,0.4567517042160034,16.943836212158203,65.05094909667969,12947.707295107479,1102.212646484375,619.3008422851562,56.18705749511719,-0.03929983451962471,-0.022081421688199043,28.581719970703148
263.4,1890,-24.48811149597168,0.45868006348609924,16.943134307861328,65.26589965820312,12938.023944675855,1105.8089599609375,621.4503173828125,56.198710203170776,-0.03940477594733238,-0.022144975140690804,28.580712890625023
263.5,1890,-24.486251831054688,0.4607731103897095,16.94106674194336,65.63479614257812,12921.748642072469,1111.9234619140625,623.5008544921875,56.074076890945435,-0.03927220404148102,-0.022021526470780373,28.579766845703148
263.6,1890,-24.638349533081055,0.46305227279663086,16.939777374267578,66.07594299316406,12906.653013314852,1119.311767578125,625.8529052734375,55.91408014297485,-0.03936763480305672,-0.022012053057551384,28.578363037109398
263.7,1890,-24.71144676208496,0.4651752710342407,16.939348220825195,66.51156616210938,12900.649732380354,1126.66259765625,628.4298706054688,55.77800273895264,-0.03932252153754234,-0.021933317184448242,28.577722167968773
263.8,1890,-24.82084846496582,0.4655591547489166,16.940662384033203,66.81475830078125,12906.014217595995,1131.88623046875,629.2100219726562,55.58950901031494,-0.039447635412216187,-0.02192874811589718,28.577722167968773
263.9,1890,-24.711990356445312,0.46750620007514954,16.941226959228516,67.06178283691406,12914.430467760474,1136.10888671875,632.2535400390625,55.65078258514404,-0.039085570722818375,-0.02175142802298069,28.578027343750023
264,1893,-24.764368057250977,0.4668637216091156,16.943653106689453,67.14158630371094,12934.093252770783,1137.623779296875,632.345947265625,55.58480620384216,-0.03916269168257713,-0.02176850475370884,28.577722167968773
264.1,1893,-24.828065872192383,0.46825358271598816,16.942501068115234,67.26964569091797,12951.13790788228,1139.716064453125,635.064208984375,55.72127103805542,-0.03909536078572273,-0.021784432232379913,28.577691650390648
264.2,1893,-24.832366943359375,0.4690678119659424,16.940752029418945,67.57009887695312,12960.470386942781,1144.688232421875,636.626953125,55.61574697494507,-0.039006151258945465,-0.02169356308877468,28.578088378906273
264.3,1893,-24.780061721801758,0.4686453640460968,16.943559646606445,67.6612777709961,12983.328316232983,1146.4228515625,637.1753540039062,55.5794358253479,-0.03889048844575882,-0.02161511406302452,28.578149414062523
264.4,1893,-24.65321922302246,0.4682568311691284,16.94618797302246,67.54949951171875,13010.712602779235,1144.70654296875,637.9899291992188,55.73393106460571,-0.03864201903343201,-0.02153671532869339,28.577966308593773
264.5,1893,-24.659643173217773,0.4676567614078522,16.946481704711914,67.4012451171875,13024.586593008822,1142.2139892578125,637.851806640625,55.84346055984497,-0.03866045922040939,-0.021589336916804314,28.578057861328148
264.6,1893,-24.612958908081055,0.46520304679870605,16.94733238220215,67.23551177978516,13036.884576282402,1139.4625244140625,635.1041870117188,55.737173557281494,-0.03875420615077019,-0.021600497886538506,28.577905273437523
264.7,1893,-24.69891357421875,0.46484482288360596,16.94649887084961,67.09327697753906,13037.974492335557,1136.99609375,634.668212890625,55.81973195075989,-0.03891626000404358,-0.021722951903939247,28.577691650390648
264.8,1893,-24.69544219970703,0.46654215455055237,16.94430923461914,67.14028930664062,13023.328818226624,1137.6458740234375,636.2700805664062,55.92866539955139,-0.038812827318906784,-0.02170749567449093,28.577630615234398
264.9,1893,-24.691390991210938,0.46618664264678955,16.94361686706543,67.23031616210938,13011.415511207098,1139.124755859375,635.2036743164062,55.762434005737305,-0.03887161239981651,-0.021675758063793182,28.577722167968773
265,1890,-24.768939971923828,0.46512678265571594,16.944503784179688,67.26686096191406,13011.079793749013,1139.8035888671875,633.7431640625,55.6010901927948,-0.039083559066057205,-0.021730884909629822,28.577722167968773
265.1,1890,-24.809038162231445,0.4665958285331726,16.945945739746094,67.21272277832031,13009.02818706072,1138.983154296875,635.64453125,55.80807328224182,-0.03902973607182503,-0.021781742572784424,28.577722167968773
265.2,1890,-24.783151626586914,0.4662466049194336,16.946937561035156,67.06393432617188,13002.21592030709,1136.5283203125,634.836181640625,55.8574914932251,-0.039038654416799545,-0.021806012839078903,28.577844238281273
265.3,1890,-24.832441329956055,0.46542730927467346,16.946308135986328,66.98590850830078,12994.003665125821,1135.163818359375,633.3203735351562,55.79109787940979,-0.03920992091298103,-0.021875644102692604,28.578210449218773
265.4,1890,-24.718780517578125,0.4663412868976593,16.946279525756836,66.91385650634766,12989.249999174195,1133.94091796875,634.3319091796875,55.9404730796814,-0.03896821290254593,-0.021799001842737198,28.579187011718773
265.5,1890,-24.565378189086914,0.4655528664588928,16.947280883789062,66.79259490966797,12993.458124256435,1131.952880859375,633.4646606445312,55.962103605270386,-0.038779400289058685,-0.021701768040657043,28.581994628906273
265.6,1890,-24.607177734375,0.46289923787117004,16.947479248046875,66.62557983398438,12996.662594021276,1129.1356201171875,630.00927734375,55.795711278915405,-0.039058439433574677,-0.021792933344841003,28.584802246093773
265.7,1890,-24.628952026367188,0.4649900496006012,16.94569969177246,66.63462829589844,12985.622385529894,1129.17041015625,632.3172607421875,55.998390913009644,-0.03895030543208122,-0.02181154675781727,28.588861083984398
265.8,1890,-24.482927322387695,0.46341562271118164,16.94766616821289,66.49882507324219,12992.863624591077,1126.9998779296875,630.5277099609375,55.947452783584595,-0.038829267024993896,-0.02172398380935192,28.592736816406273
265.9,1890,-24.476356506347656,0.4614095389842987,16.949037551879883,66.26258850097656,13004.067029069027,1123.087158203125,628.3395385742188,55.94753623008728,-0.038954030722379684,-0.021793818101286888,28.595849609375023
266,1890,-24.430923461914062,0.46053171157836914,16.949691772460938,66.01866912841797,13012.40284692584,1118.99609375,627.546142578125,56.081175804138184,-0.03893088176846504,-0.021832894533872604,28.599053955078148
266.1,1890,-24.410818099975586,0.45979365706443787,16.949581146240234,65.78861236572266,13015.194663981785,1115.0894775390625,626.6748657226562,56.199514865875244,-0.03895292431116104,-0.021891355514526367,28.602288818359398
266.2,1890,-24.553668975830078,0.45868417620658875,16.947099685668945,65.73246002197266,12998.38198030834,1113.974609375,624.3551025390625,56.047523021698,-0.03932644799351692,-0.022041499614715576,28.603936767578148
266.3,1890,-24.625282287597656,0.46055376529693604,16.944700241088867,65.86940002441406,12975.83995182071,1116.13720703125,625.8128051757812,56.06951713562012,-0.039349280297756195,-0.02206295169889927,28.607141113281273
266.4,1890,-24.53351593017578,0.4601760804653168,16.945505142211914,65.92569732666016,12971.657471822075,1117.144287109375,625.0980224609375,55.95499873161316,-0.03924746811389923,-0.021960919722914696,28.608819580078148
266.5,1890,-24.582361221313477,0.45976561307907104,16.946229934692383,65.8955078125,12973.048134764764,1116.680419921875,624.607421875,55.934303998947144,-0.039356499910354614,-0.02201378345489502,28.610986328125023
266.6,1890,-24.583593368530273,0.46102720499038696,16.94577980041504,65.9133071899414,12971.938402056096,1116.952392578125,626.2677612304688,56.06933236122131,-0.03925412520766258,-0.022009527310729027,28.612451171875023
266.7,1890,-24.549352645874023,0.4603045582771301,16.945756912231445,65.92838287353516,12969.61285924749,1117.206298828125,625.1740112304688,55.958688259124756,-0.03926803171634674,-0.021973874419927597,28.613122558593773
266.8,1890,-24.61577033996582,0.4607016146183014,16.945064544677734,66.00498962402344,12964.888335436322,1118.4588623046875,625.4853515625,55.923861265182495,-0.03935467079281807,-0.022008651867508888,28.613977050781273
266.9,1890,-24.573884963989258,0.46259796619415283,16.944650650024414,66.10272979736328,12961.003105270365,1120.087646484375,627.8717651367188,56.055593490600586,-0.03913838043808937,-0.021939251571893692,28.614770507812523
267,1859,-24.667591094970703,0.4610650837421417,16.94485855102539,66.16331481933594,12959.200955304399,1121.1280517578125,625.7042236328125,55.81023693084717,-0.03942372649908066,-0.02200247533619404,28.615747070312523
267.1,1859,-24.688495635986328,0.45943552255630493,16.957752227783203,65.52274322509766,12947.727111762992,1111.118408203125,622.9407348632812,56.06429576873779,-0.039632175117731094,-0.022219499573111534,28.616387939453148
267.2,1859,-24.446744918823242,0.44982707500457764,16.971620559692383,63.67308044433594,12874.707398944001,1080.6353759765625,606.47314453125,56.12190365791321,-0.040309689939022064,-0.022622566670179367,28.616723632812523
267.3,1859,-24.004972457885742,0.44363078474998474,16.96954345703125,62.26923370361328,12807.542924985977,1056.680419921875,594.9988403320312,56.30830526351929,-0.04034456983208656,-0.022717343643307686,28.616784667968773
267.4,1859,-23.67331314086914,0.4395773112773895,16.966827392578125,61.118690490722656,12759.977123329252,1036.990234375,587.3727416992188,56.642067432403564,-0.040303733199834824,-0.02282886765897274,28.616754150390648
267.5,1859,-23.559059143066406,0.436524897813797,16.964031219482422,60.189090728759766,12715.408299397302,1021.0496215820312,581.2566528320312,56.92736506462097,-0.04053125157952309,-0.02307337336242199,28.616540527343773
267.6,1859,-23.472618103027344,0.4338468909263611,16.95964813232422,59.60231399536133,12664.121629246809,1010.8342895507812,575.3606567382812,56.919389963150024,-0.04079635441303253,-0.023221034556627274,28.616571044921898
267.7,1859,-23.37641143798828,0.43196555972099304,16.957242965698242,59.21476745605469,12626.257828991602,1004.1192016601562,571.1528930664062,56.88098669052124,-0.04092846438288689,-0.023280514404177666,28.616387939453148
267.8,1859,-23.22824478149414,0.4302072525024414,16.957374572753906,58.78202438354492,12609.848472542106,996.788818359375,568.0888061523438,56.99189305305481,-0.040888406336307526,-0.02330307476222515,28.616479492187523
267.9,1859,-23.206497192382812,0.4287678301334381,16.956228256225586,58.41927719116211,12592.116062915782,990.5706176757812,565.391845703125,57.07738995552063,-0.04104498028755188,-0.023427404463291168,28.616754150390648
268,1859,-23.134016036987305,0.4280466139316559,16.95438575744629,58.194358825683594,12568.804681920043,986.6495971679688,563.3958740234375,57.10192322731018,-0.04106174036860466,-0.02344704233109951,28.616540527343773
268.1,1859,-23.0889949798584,0.4275125563144684,16.953533172607422,58.05462646484375,12551.263444735128,984.2310180664062,561.9076538085938,57.09103345870972,-0.04109037294983864,-0.023458918556571007,28.616784667968773
268.2,1859,-23.08364486694336,0.4265210032463074,16.953128814697266,57.9309196472168,12538.418754906543,982.1103515625,560.0306396484375,57.02319145202637,-0.04121853783726692,-0.023504124954342842,28.616662597656273
268.3,1859,-23.095144271850586,0.4251120090484619,16.9527530670166,57.8222541809082,12531.182178587833,980.2463989257812,557.8584594726562,56.91002607345581,-0.041399646550416946,-0.023560550063848495,28.616845703125023
268.4,1859,-23.137435913085938,0.42465314269065857,16.953109741210938,57.69560241699219,12525.391052435876,978.119873046875,556.998779296875,56.945860385894775,-0.041539471596479416,-0.023655010387301445,28.616601562500023
268.5,1859,-23.104440689086914,0.4246167838573456,16.95321273803711,57.58747100830078,12523.175084075396,976.2926635742188,556.8525390625,57.03746676445007,-0.041491128504276276,-0.02366548590362072,28.616540527343773
268.6,1859,-23.088411331176758,0.4254678189754486,16.9521427154541,57.54084014892578,12516.481717254837,975.4405517578125,557.67041015625,57.171136140823364,-0.04140153527259827,-0.02366972714662552,28.616326904296898
268.7,1859,-22.985748291015625,0.42675670981407166,16.95176124572754,57.54658889770508,12508.552723678828,975.5160522460938,559.0054321289062,57.30356574058533,-0.04111900553107262,-0.023562654852867126,28.616357421875023
268.8,1859,-22.8732852935791,0.425670862197876,16.952234268188477,57.50537872314453,12513.239945550209,974.8446655273438,557.7920532226562,57.218557596206665,-0.04100683331489563,-0.023463517427444458,28.615625000000023
268.9,1859,-22.765466690063477,0.4238058924674988,16.95431900024414,57.29975128173828,12528.85430440799,971.478271484375,556.0411987304688,57.23660588264465,-0.04094205051660538,-0.02343383990228176,28.615655517578148
269,1859,-22.720130920410156,0.42194896936416626,16.954965591430664,57.0549430847168,12537.03042333509,967.3646240234375,553.9661254882812,57.265496253967285,-0.04101357236504555,-0.023486627265810966,28.615472412109398
269.1,1859,-22.716760635375977,0.42123886942863464,16.954477310180664,56.861534118652344,12538.074877649131,964.0576171875,553.0799560546875,57.37001299858093,-0.04107319563627243,-0.023563696071505547,28.615411376953148
269.2,1859,-22.773521423339844,0.4204251766204834,16.95412826538086,56.716026306152344,12531.945702667852,961.57080078125,551.7417602539062,57.379209995269775,-0.041275691241025925,-0.023683665320277214,28.614465332031273
269.3,1859,-22.829833984375,0.421094685792923,16.95280647277832,56.66994094848633,12522.335790430185,960.7145385742188,552.1965942382812,57.47769474983215,-0.04134367033839226,-0.023763390257954597,28.614617919921898
269.4,1859,-22.95330047607422,0.4216134548187256,16.95213508605957,56.67033767700195,12512.796985015235,960.6832275390625,552.4557495117188,57.50654339790344,-0.04154776409268379,-0.023892683908343315,28.614129638671898
269.5,1859,-23.017988204956055,0.4232743978500366,16.950435638427734,56.748287200927734,12499.032569233772,961.908203125,554.0220336914062,57.59614109992981,-0.04154706373810768,-0.023929506540298462,28.613183593750023
269.6,1859,-23.007518768310547,0.4239429235458374,16.94902229309082,56.938316345214844,12483.450849573304,965.0487670898438,554.2052612304688,57.427698373794556,-0.04151443392038345,-0.023840783163905144,28.612573242187523
269.7,1859,-23.002410888671875,0.42309239506721497,16.94905662536621,57.10679626464844,12476.66889064575,967.9063110351562,552.79296875,57.11223483085632,-0.041611261665821075,-0.023765120655298233,28.612176513671898
269.8,1859,-23.013742446899414,0.42289626598358154,16.950241088867188,57.185707092285156,12479.180943153291,969.3115234375,552.64794921875,57.01448321342468,-0.0416426807641983,-0.02374235913157463,28.611871337890648
269.9,1859,-22.957298278808594,0.42347362637519836,16.95094108581543,57.23158264160156,12486.457152783025,970.1292114257812,553.72509765625,57.07746148109436,-0.041459739208221436,-0.023664165288209915,28.611901855468773
270,1859,-22.974510192871094,0.42441266775131226,16.95211410522461,57.21601867675781,12496.113692445428,969.9324951171875,555.3821411132812,57.25988149642944,-0.041367027908563614,-0.023686710745096207,28.611901855468773
270.1,1859,-22.89866828918457,0.4243148863315582,16.952686309814453,57.13221740722656,12506.488294448733,968.5445556640625,555.7152099609375,57.37631916999817,-0.041205763816833496,-0.023642348125576973,28.611596679687523
270.2,1859,-22.898807525634766,0.42256778478622437,16.953218460083008,57.01611328125,12514.870739730279,966.6066284179688,553.7979736328125,57.29300379753113,-0.041348665952682495,-0.023689892143011093,28.610803222656273
270.3,1859,-22.923555374145508,0.4217524230480194,16.953277587890625,56.88865661621094,12520.735304076192,964.4491577148438,552.9884033203125,57.33722448348999,-0.041453950107097626,-0.02376854605972767,28.610314941406273
270.4,1859,-22.90847396850586,0.42052751779556274,16.952945709228516,56.79331970214844,12521.502325213065,962.8140869140625,551.4161376953125,57.27130174636841,-0.041544802486896515,-0.02379324845969677,28.609552001953148
270.5,1859,-22.897903442382812,0.41962090134620667,16.95340919494629,56.67461013793945,12521.14562541385,960.827880859375,550.211669921875,57.264333963394165,-0.0416165366768837,-0.023831430822610855,28.608117675781273
270.6,1859,-22.887401580810547,0.4190489649772644,16.95326805114746,56.59542465209961,12518.442400464899,959.4774169921875,549.3431396484375,57.25440979003906,-0.041663218289613724,-0.023854028433561325,28.607080078125023
270.7,1859,-22.883548736572266,0.42084595561027527,16.95208740234375,56.5806884765625,12510.54254902935,959.1607666015625,551.3507080078125,57.48261213302612,-0.041504524648189545,-0.023857885971665382,28.606896972656273
270.8,1859,-22.817127227783203,0.4206450283527374,16.95244789123535,56.56463623046875,12509.378029096619,958.9090576171875,551.0361328125,57.464903593063354,-0.04140767827630043,-0.023794881999492645,28.607019042968773
270.9,1859,-22.706865310668945,0.42030227184295654,16.952423095703125,56.516395568847656,12509.731231838978,958.08984375,550.6027221679688,57.46879577636719,-0.04124001786112785,-0.02370014227926731,28.606713867187523
271,1859,-22.72148895263672,0.4200333058834076,16.951690673828125,56.510929107666016,12506.116440736478,957.955810546875,550.0913696289062,57.423460483551025,-0.04130493849515915,-0.02371872402727604,28.606286621093773
271.1,1859,-22.76360511779785,0.41906091570854187,16.95110511779785,56.54004669189453,12499.960454985978,958.416259765625,548.5477294921875,57.23480582237244,-0.04149794951081276,-0.0237512718886137,28.605371093750023
271.2,1859,-22.84344482421875,0.41954532265663147,16.950763702392578,56.60004806518555,12495.473731040953,959.4140625,548.9846801757812,57.22082853317261,-0.04161034896969795,-0.02380978874862194,28.604516601562523
271.3,1859,-22.93328094482422,0.41986510157585144,16.951162338256836,56.64357376098633,12495.486553582756,960.1744384765625,549.4036865234375,57.21915364265442,-0.04174213111400604,-0.023884495720267296,28.604089355468773
271.4,1859,-23.068004608154297,0.4214726686477661,16.950281143188477,56.73463821411133,12487.860638267517,961.6680908203125,551.170654296875,57.31402039527893,-0.04185274615883827,-0.02398749068379402,28.603417968750023
271.5,1859,-22.99989891052246,0.4231294095516205,16.950284957885742,56.80890655517578,12486.310276395114,962.9271240234375,553.2684936523438,57.45694637298584,-0.04157095402479172,-0.023885399103164673,28.602563476562523
271.6,1859,-22.878923416137695,0.4233162999153137,16.94986343383789,56.926109313964844,12482.321300209123,964.8897705078125,553.3360595703125,57.347071170806885,-0.04134725034236908,-0.023711437359452248,28.602655029296898
271.7,1859,-22.811119079589844,0.42356082797050476,16.950660705566406,56.995086669921875,12483.624536730438,966.1043701171875,553.7135009765625,57.31404423713684,-0.041196610778570175,-0.023611443117260933,28.602746582031273
271.8,1859,-22.6982421875,0.4230366051197052,16.952795028686523,56.94022750854492,12502.082002811374,965.2960205078125,553.8458251953125,57.3757529258728,-0.04098295792937279,-0.0235142819583416,28.602685546875023
271.9,1859,-22.70598602294922,0.4221046268939972,16.953977584838867,56.771568298339844,12516.522516251478,962.50390625,553.2639770507812,57.4817419052124,-0.04104005545377731,-0.023590538650751114,28.602868652343773
272,1900,-22.85683822631836,0.42308691143989563,16.951644897460938,56.780433654785156,12509.80816708979,962.521728515625,554.2540283203125,57.583534717559814,-0.041238922625780106,-0.023746827617287636,28.602593994140648
272.1,1900,-22.93935203552246,0.42759352922439575,16.937864303588867,57.5490837097168,12510.403832440765,974.758544921875,560.1844482421875,57.469046115875244,-0.040949638932943344,-0.023533368483185768,28.602288818359398
272.2,1900,-23.194412231445312,0.43889081478118896,16.91642189025879,60.02962112426758,12580.688846799108,1015.4863891601562,578.2152099609375,56.939733028411865,-0.04011380299925804,-0.02284069173038006,28.602319335937523
272.3,1900,-23.500776290893555,0.444675087928772,16.922012329101562,61.83263397216797,12692.140048769443,1046.3326416015625,591.0255737304688,56.48543834686279,-0.0397627055644989,-0.02246014028787613,28.602532958984398
272.4,1900,-23.884416580200195,0.4507145583629608,16.92757225036621,63.13870620727539,12783.478511080784,1068.7850341796875,603.36376953125,56.453245878219604,-0.039585430175065994,-0.022347260266542435,28.602655029296898
272.5,1900,-24.145809173583984,0.45371153950691223,16.930883407592773,64.18987274169922,12847.401213334178,1086.791259765625,610.4129638671875,56.16652965545654,-0.03955651447176933,-0.0222175233066082,28.602899169921898
272.6,1900,-24.24622344970703,0.4575585424900055,16.935115814208984,64.9390869140625,12906.97124548866,1099.7509765625,618.4429321289062,56.23481869697571,-0.03920527175068855,-0.0220470130443573,28.602746582031273
272.7,1900,-24.358755111694336,0.45981836318969727,16.93764877319336,65.46377563476562,12953.343385072196,1108.802490234375,623.730224609375,56.252604722976685,-0.03905335068702698,-0.021968526765704155,28.602746582031273
272.8,1900,-24.626205444335938,0.4612446129322052,16.936721801757812,66.07017517089844,12974.28026446336,1119.01220703125,626.6762084960938,56.002622842788696,-0.03929653763771057,-0.022007092833518982,28.602838134765648
272.9,1900,-24.916431427001953,0.4655270278453827,16.93585777282715,66.68296813964844,12981.31168011324,1129.333251953125,632.8373413085938,56.036365032196045,-0.03937256708741188,-0.022062957286834717,28.603234863281273
273,1887,-24.943389892578125,0.4680006802082062,16.935874938964844,67.2512435913086,12990.182547668874,1138.9586181640625,636.634765625,55.89621663093567,-0.03918006271123886,-0.021900171414017677,28.604180908203148
273.1,1887,-25.014257431030273,0.46687737107276917,16.94401741027832,67.36274719238281,13002.016588066352,1141.3955078125,635.685302734375,55.69368600845337,-0.03935006633400917,-0.021915502846240997,28.603601074218773
273.2,1887,-24.914159774780273,0.46444451808929443,16.95151138305664,66.77791595458984,13002.864041510891,1131.986572265625,632.4140014648438,55.867624282836914,-0.03939533233642578,-0.022009234875440598,28.604486083984398
273.3,1887,-24.784147262573242,0.46486157178878784,16.950252532958984,66.43685913085938,12992.174704390633,1126.12158203125,632.4615478515625,56.16281032562256,-0.03918680548667908,-0.022008411586284637,28.606011962890648
273.4,1887,-24.728744506835938,0.4627039134502411,16.949539184570312,66.15882110595703,12981.547148608146,1121.361572265625,629.010986328125,56.09350800514221,-0.03931369259953499,-0.022052427753806114,28.607049560546898
273.5,1887,-24.757291793823242,0.46361884474754333,16.947338104248047,66.04947662353516,12962.568621055809,1119.36279296875,629.3333740234375,56.22246861457825,-0.039338912814855576,-0.022117307409644127,28.606988525390648
273.6,1887,-24.702863693237305,0.46423768997192383,16.94501495361328,66.12244415283203,12940.490535444282,1120.44580078125,629.10009765625,56.147301197052,-0.03926698490977287,-0.02204735204577446,28.607019042968773
273.7,1887,-24.761882781982422,0.46585211157798767,16.94426727294922,66.21703338623047,12925.861180934004,1121.9991455078125,630.5741577148438,56.20095133781433,-0.03926878795027733,-0.022069431841373444,28.607019042968773
273.8,1887,-24.69785499572754,0.4665820896625519,16.94369888305664,66.3374252319336,12916.550849900252,1124.0013427734375,631.1073608398438,56.14827275276184,-0.03913415968418121,-0.021973153576254845,28.607080078125023
273.9,1887,-24.808568954467773,0.46699801087379456,16.944671630859375,66.40264892578125,12918.086057859617,1125.1710205078125,631.7449951171875,56.14657402038574,-0.039269909262657166,-0.0220487080514431,28.606988525390648
274,1887,-24.73984718322754,0.46732813119888306,16.94559097290039,66.38008880615234,12926.171253308485,1124.849853515625,632.5872802734375,56.237488985061646,-0.039108987897634506,-0.021993910893797874,28.606988525390648
274.1,1887,-24.810392379760742,0.4648868441581726,16.945947647094727,66.3445816040039,12930.51576360807,1124.2718505859375,629.4942016601562,55.99128007888794,-0.039413221180438995,-0.022067965939641,28.606896972656273
274.2,1887,-24.846202850341797,0.46653711795806885,16.944965362548828,66.3856430053711,12927.955917990175,1124.9024658203125,631.6036987304688,56.14742040634155,-0.03933827951550484,-0.022087428718805313,28.607019042968773
274.3,1887,-24.83301544189453,0.46492713689804077,16.944950103759766,66.42302703857422,12925.537120332103,1125.534912109375,629.3063354492188,55.91176152229309,-0.0394609309732914,-0.022063301876187325,28.607232666015648
274.4,1887,-24.767683029174805,0.46572476625442505,16.946565628051758,66.34837341308594,12934.405656516501,1124.3770751953125,630.8184814453125,56.103819608688354,-0.03926277160644531,-0.022027915343642235,28.607324218750023
274.5,1887,-24.59954261779785,0.46316447854042053,16.94877052307129,66.10801696777344,12953.807327948298,1120.4495849609375,628.2916870117188,56.07495903968811,-0.03915306180715561,-0.021955063566565514,28.607354736328148
274.6,1887,-24.585948944091797,0.4604998528957367,16.950103759765625,65.79812622070312,12970.76455663842,1115.2850341796875,625.4947509765625,56.08384609222412,-0.0393064022064209,-0.02204454317688942,28.607720947265648
274.7,1887,-24.638362884521484,0.460401713848114,16.949169158935547,65.56722259521484,12971.341571019502,1111.3099365234375,625.3892822265625,56.27496838569641,-0.03939684107899666,-0.02217055857181549,28.607354736328148
274.8,1887,-24.619712829589844,0.45886752009391785,16.94690704345703,65.52078247070312,12956.828785071059,1110.3746337890625,622.6079711914062,56.0718834400177,-0.03954288363456726,-0.022172437980771065,28.607934570312523
274.9,1887,-24.547975540161133,0.46049022674560547,16.946672439575195,65.48300170898438,12947.435690358403,1109.718994140625,624.3567504882812,56.26260042190552,-0.03931722790002823,-0.022120893001556396,28.609490966796898
275,1887,-24.484127044677734,0.4603581130504608,16.9472713470459,65.42276000976562,12946.029873502675,1108.7373046875,624.1098022460938,56.290143728256226,-0.039230477064847946,-0.022082893177866936,28.612359619140648
275.1,1887,-24.58182716369629,0.45914924144744873,16.9467716217041,65.39527130126953,12940.95098126353,1108.23876953125,622.2267456054688,56.14555478096008,-0.0395062193274498,-0.022180985659360886,28.615258789062523
275.2,1887,-24.53153419494629,0.4600979685783386,16.945358276367188,65.46070098876953,12930.821173240078,1109.2550048828125,623.0243530273438,56.166017055511475,-0.03937491774559021,-0.022115323692560196,28.618035888671898
275.3,1887,-24.672122955322266,0.45931029319763184,16.946020126342773,65.47097778320312,12929.622848424415,1109.4725341796875,621.900146484375,56.05367422103882,-0.039672162383794785,-0.022237705066800117,28.620935058593773
275.4,1887,-24.57263946533203,0.46017780900001526,16.94697380065918,65.41449737548828,12937.066916783191,1108.5777587890625,623.4334716796875,56.23723268508911,-0.039415013045072556,-0.02216591313481331,28.623590087890648
275.5,1887,-24.457948684692383,0.45805659890174866,16.94843864440918,65.2531509399414,12947.99638514083,1105.93896484375,621.083984375,56.15897178649902,-0.03937945514917374,-0.02211509644985199,28.626306152343773
275.6,1887,-24.402263641357422,0.45658597350120544,16.949888229370117,65.0185317993164,12961.632575504274,1102.056884765625,619.741943359375,56.23502731323242,-0.03937487676739693,-0.022142473608255386,28.627862548828148
275.7,1887,-24.32404899597168,0.4562731087207794,16.949539184570312,64.80744934082031,12966.697479516,1098.4564208984375,619.5592651367188,56.402719020843506,-0.039260245859622955,-0.02214384637773037,28.630029296875023
275.8,1887,-24.3718204498291,0.45483002066612244,16.948152542114258,64.70880126953125,12957.565498381855,1096.694580078125,617.164794921875,56.27499222755432,-0.03948996961116791,-0.02222297713160515,28.632409667968773
275.9,1887,-24.513017654418945,0.45718398690223694,16.945499420166016,64.7956314086914,12936.266090763385,1097.994384765625,619.3391723632812,56.4064085483551,-0.03957930952310562,-0.022325268015265465,28.634515380859398
276,1887,-24.526023864746094,0.45674657821655273,16.94455909729004,64.95789337158203,12918.883386822567,1100.682861328125,617.9152221679688,56.1392605304718,-0.03969156742095947,-0.02228255197405815,28.636956787109398
276.1,1887,-24.528661727905273,0.4597029685974121,16.94344139099121,65.17334747314453,12906.130786157832,1104.2607421875,621.3009033203125,56.263965368270874,-0.03947952017188072,-0.022212743759155273,28.639093017578148
276.2,1887,-24.475509643554688,0.4596472382545471,16.943880081176758,65.32185363769531,12900.872378333459,1106.8056640625,620.9724731445312,56.1049222946167,-0.03941480442881584,-0.022113647311925888,28.641534423828148
276.3,1887,-24.413009643554688,0.4609226584434509,16.944522857666016,65.42713165283203,12906.192567495604,1108.6314697265625,622.9523315429688,56.19110465049744,-0.039189208298921585,-0.022020850330591202,28.641931152343773
276.4,1887,-24.394716262817383,0.4591214060783386,16.9454345703125,65.48326873779297,12913.50141632265,1109.6424560546875,620.8692626953125,55.95219135284424,-0.03929122909903526,-0.02198430337011814,28.644250488281273
276.5,1887,-24.39105796813965,0.45926645398139954,16.94742774963379,65.39361572265625,12930.64282334047,1108.2535400390625,621.8898315429688,56.114399433135986,-0.039220865815877914,-0.02200855314731598,28.646325683593773
276.6,1887,-24.3184871673584,0.4586699306964874,16.948074340820312,65.26875305175781,12943.129647684224,1106.1796875,621.6818237304688,56.20080232620239,-0.03911725431680679,-0.02198421023786068,28.646569824218773
276.7,1887,-24.4487361907959,0.45623746514320374,16.948392868041992,65.11143493652344,12950.227507414349,1103.5341796875,618.7239990234375,56.06749653816223,-0.03951476886868477,-0.02215494215488434,28.646813964843773
276.8,1887,-24.429035186767578,0.45777109265327454,16.94698143005371,65.07525634765625,12944.705654640231,1102.8291015625,620.5391235351562,56.26792907714844,-0.0393674373626709,-0.022151241078972816,28.647790527343773
276.9,1887,-24.455341339111328,0.45724356174468994,16.94686508178711,65.04170227050781,12940.809933303708,1102.2529296875,619.637451171875,56.21554255485535,-0.03946717455983162,-0.02218668721616268,28.648431396484398
277,1887,-24.44844627380371,0.4591600000858307,16.947526931762695,64.97080993652344,12941.983778721386,1101.0946044921875,622.291015625,56.51567578315735,-0.03928780183196068,-0.02220376580953598,28.650262451171898
277.1,1887,-24.272863388061523,0.45790988206863403,16.947837829589844,64.8736572265625,12945.920299054551,1099.46826171875,620.7855224609375,56.46234154701233,-0.03910024091601372,-0.022076912224292755,28.651788330078148
277.2,1887,-24.2998046875,0.4560478925704956,16.94792366027832,64.7551498413086,12949.460486277476,1097.46533203125,618.4302978515625,56.35077953338623,-0.03929271548986435,-0.022141750901937485,28.653955078125023
277.3,1887,-24.219314575195312,0.4569817781448364,16.9475040435791,64.70523834228516,12948.703956311167,1096.59228515625,619.6604614257812,56.50782585144043,-0.03908481448888779,-0.02208597958087921,28.657281494140648
277.4,1887,-24.20989990234375,0.4547002613544464,16.94830322265625,64.5684814453125,12950.732249287094,1094.326171875,616.6633911132812,56.350964307785034,-0.03925950825214386,-0.02212311141192913,28.662164306640648
277.5,1887,-24.198253631591797,0.45464736223220825,16.949068069458008,64.40995788574219,12954.812148951316,1091.688720703125,616.785888671875,56.49832487106323,-0.039232827723026276,-0.022165890783071518,28.667993164062523
277.6,1887,-24.08731460571289,0.45352160930633545,16.949745178222656,64.2129135131836,12961.524166741769,1088.392578125,615.577392578125,56.55840039253235,-0.039129626005887985,-0.022131090983748436,28.673547363281273
277.7,1887,-24.167930603027344,0.4518146514892578,16.948719024658203,64.09395599365234,12956.462759786897,1086.3104248046875,613.0210571289062,56.43147826194763,-0.03942430764436722,-0.022247720509767532,28.678552246093773
277.8,1887,-24.146121978759766,0.4538746774196625,16.947126388549805,64.093994140625,12944.93179765019,1086.208984375,615.2680053710938,56.64361119270325,-0.0392448827624321,-0.022229719907045364,28.683129882812523
277.9,1887,-24.15140724182129,0.45275577902793884,16.94720458984375,64.10025787353516,12938.538012033547,1086.3201904296875,613.4481201171875,56.47028684616089,-0.03936992585659027,-0.022232310846447945,28.687524414062523
278,1887,-24.1778564453125,0.4536488950252533,16.946781158447266,64.11286163330078,12933.33322574762,1086.506591796875,614.4109497070312,56.54920935630798,-0.03935128077864647,-0.02225283905863762,28.691339111328148
278.1,1887,-24.058826446533203,0.45338955521583557,16.946975708007812,64.10942840576172,12931.46230033017,1086.4609375,613.9708862304688,56.511086225509644,-0.03918561711907387,-0.022144217044115067,28.695245361328148
278.2,1887,-23.985599517822266,0.45316603779792786,16.948246002197266,64.02902221679688,12938.788634441493,1085.1795654296875,614.015869140625,56.58195614814758,-0.039063483476638794,-0.02210288494825363,28.697625732421898
278.3,1887,-23.919641494750977,0.4527759552001953,16.948749542236328,63.88959503173828,12947.815703869985,1082.8487548828125,613.9153442382812,56.69446587562561,-0.03896244242787361,-0.022089550271630287,28.700494384765648
278.4,1887,-24.050832748413086,0.4515954852104187,16.948097229003906,63.84014129638672,12944.066858921375,1081.9688720703125,612.137451171875,56.57625198364258,-0.0392899215221405,-0.02222876437008381,28.701623535156273
278.5,1887,-24.07856559753418,0.45348963141441345,16.946638107299805,63.884300231933594,12935.830124342123,1082.6241455078125,614.3138427734375,56.743037700653076,-0.03919587284326553,-0.022240929305553436,28.704370117187523
278.6,1887,-24.1069393157959,0.45252692699432373,16.945987701416016,63.93754196166992,12925.441534111398,1083.4847412109375,612.5173950195312,56.53216242790222,-0.039357151836156845,-0.02224944904446602,28.705682373046898
278.7,1887,-24.114057540893555,0.45378926396369934,16.94590950012207,64.02587127685547,12920.847567089484,1084.9765625,614.0077514648438,56.59179091453552,-0.0392732135951519,-0.02222541719675064,28.706658935546898
278.8,1887,-24.153196334838867,0.45277976989746094,16.946792602539062,64.03533172607422,12924.322475917783,1085.1934814453125,612.8065795898438,56.46979808807373,-0.03941406309604645,-0.022257041186094284,28.708306884765648
278.9,1887,-24.26474380493164,0.45387765765190125,16.946744918823242,64.04835510253906,12927.523448625769,1085.4111328125,614.4446411132812,56.609392166137695,-0.03949052840471268,-0.022355347871780396,28.709771728515648
279,1887,-24.16068458557129,0.45387566089630127,16.94658851623535,64.06928253173828,12928.149421802822,1085.7557373046875,614.4716796875,56.593912839889526,-0.039319444447755814,-0.022252412512898445,28.709924316406273
279.1,1887,-24.141149520874023,0.45250749588012695,16.94761085510254,64.01525115966797,12935.310228556338,1084.905517578125,612.958740234375,56.49881362915039,-0.0393846221268177,-0.02225184440612793,28.710443115234398
279.2,1887,-24.07788848876953,0.4532254636287689,16.946800231933594,64.00667572021484,12934.933712101612,1084.7083740234375,613.9133911132812,56.59709572792053,-0.039220333099365234,-0.02219756878912449,28.711206054687523
279.3,1887,-24.18430519104004,0.45259803533554077,16.946102142333984,64.05731201171875,12928.735761668851,1085.521728515625,612.769775390625,56.44932985305786,-0.03946719691157341,-0.02227896824479103,28.712945556640648
279.4,1887,-24.199724197387695,0.45541319251060486,16.944137573242188,64.21875762939453,12914.196164951187,1088.1314697265625,615.8878173828125,56.60049319267273,-0.03929242491722107,-0.02223970554769039,28.714410400390648
279.5,1887,-24.264163970947266,0.4550061821937561,16.943273544311523,64.43372344970703,12900.965633182926,1091.71826171875,614.7069702148438,56.306374073028564,-0.039472732692956924,-0.022225666791200638,28.714807128906273
279.6,1887,-24.221445083618164,0.4577513635158539,16.942380905151367,64.68544006347656,12891.846474590584,1095.9254150390625,617.978515625,56.38874173164368,-0.03919463977217674,-0.02210136316716671,28.714990234375023
279.7,1887,-24.373592376708984,0.45875075459480286,16.94221305847168,64.9156723022461,12886.436527635828,1099.815185546875,619.06787109375,56.288355588912964,-0.03937143832445145,-0.022161535918712616,28.715478515625023
279.8,1887,-24.447895050048828,0.4611431360244751,16.94175910949707,65.19107055664062,12883.438384225434,1104.451416015625,622.1514892578125,56.331270933151245,-0.03929572552442551,-0.0221357811242342,28.715600585937523
279.9,1887,-24.59051513671875,0.46050480008125305,16.94347381591797,65.32028198242188,12892.417660543575,1106.75244140625,621.7233276367188,56.1754584312439,-0.03955218568444252,-0.022218622267246246,28.716271972656273
280,1887,-24.665237426757812,0.4623715877532959,16.94293975830078,65.48306274414062,12896.107055525648,1109.4755859375,624.4223022460938,56.28085136413574,-0.039500892162323,-0.022231437265872955,28.717034912109398
280.1,1887,-24.722549438476562,0.46213674545288086,16.942733764648438,65.67288208007812,12895.375004957326,1112.6781005859375,624.0697021484375,56.08717203140259,-0.039615046232938766,-0.022218957543373108,28.717889404296898
280.2,1887,-24.5924129486084,0.46351853013038635,16.943700790405273,65.77825164794922,12903.565112111844,1114.5269775390625,626.3331909179688,56.19722008705139,-0.03926410526037216,-0.022065335884690285,28.718530273437523
280.3,1887,-24.53601837158203,0.46131351590156555,16.94562339782715,65.75007629394531,12920.740324012597,1114.176025390625,624.183349609375,56.02197051048279,-0.03930899128317833,-0.022021671757102013,28.718957519531273
280.4,1887,-24.481727600097656,0.46183353662490845,16.9466552734375,65.61298370361328,12935.541034308771,1111.920654296875,625.602783203125,56.263262033462524,-0.039133019745349884,-0.02201751433312893,28.719110107421898
280.5,1887,-24.4188232421875,0.4612891376018524,16.946285247802734,65.5401382446289,12939.442584073386,1110.661865234375,625.0538330078125,56.277596950531006,-0.039066754281520844,-0.02198583073914051,28.719201660156273
280.6,1887,-24.611703872680664,0.4625019133090973,16.94455337524414,65.60028076171875,12931.738567821718,1111.5675048828125,626.3240356445312,56.34601712226868,-0.03929547965526581,-0.022141439840197563,28.719140625000023
280.7,1887,-24.61083221435547,0.4632358253002167,16.942975997924805,65.75677490234375,12916.525204816648,1114.115478515625,626.5798950195312,56.24012351036072,-0.039278045296669006,-0.022090019658207893,28.718682861328148
280.8,1887,-24.678394317626953,0.46429842710494995,16.942964553833008,65.89198303222656,12911.443981206265,1116.405517578125,627.7701416015625,56.23136758804321,-0.03931119665503502,-0.022105224430561066,28.719201660156273
280.9,1887,-24.558530807495117,0.46387338638305664,16.943462371826172,65.9749755859375,12913.0153254198,1117.844482421875,627.2717895507812,56.114399433135986,-0.03915134072303772,-0.021969540044665337,28.719354248046898
281,1890,-24.728731155395508,0.4635213017463684,16.943798065185547,66.03701782226562,12915.451608362147,1118.9178466796875,626.9139404296875,56.028592586517334,-0.0394451767206192,-0.022100577130913734,28.719323730468773
281.1,1890,-24.69121551513672,0.46461233496665955,16.943695068359375,66.07958221435547,12928.14359337473,1119.63232421875,629.007080078125,56.17979168891907,-0.03925427421927452,-0.02205296792089939,28.719293212890648
281.2,1890,-24.75948715209961,0.4632457196712494,16.943134307861328,66.2002944946289,12942.39060300219,1121.6405029296875,627.8480224609375,55.9758722782135,-0.039435479789972305,-0.022074352949857712,28.719232177734398
281.3,1890,-24.776697158813477,0.46421557664871216,16.9435977935791,66.25120544433594,12954.101080724122,1122.5338134765625,629.7317504882812,56.099140644073486,-0.03934484347701073,-0.022072117775678635,28.719293212890648
281.4,1890,-24.741870880126953,0.46476298570632935,16.944366455078125,66.25444030761719,12964.985087342646,1122.6395263671875,631.0040893554688,56.20718598365784,-0.03921031951904297,-0.02203901670873165,28.719262695312523
281.5,1890,-24.763978958129883,0.463107705116272,16.944557189941406,66.21906280517578,12969.390213294386,1122.052734375,628.9703369140625,56.055331230163574,-0.03937225043773651,-0.022070245817303658,28.719262695312523
281.6,1890,-24.725811004638672,0.4657350480556488,16.942947387695312,66.32524871826172,12962.963788480429,1123.7452392578125,632.2252807617188,56.26055598258972,-0.03910917788743973,-0.022003039717674255,28.719262695312523
281.7,1890,-24.75434684753418,0.46550047397613525,16.942394256591797,66.4572525024414,12954.306241392951,1125.9449462890625,631.4848022460938,56.08487129211426,-0.03920022398233414,-0.02198539674282074,28.719262695312523
281.8,1890,-24.732223510742188,0.46629318594932556,16.94305419921875,66.54418182373047,12957.39297691034,1127.461669921875,632.7108764648438,56.11817240715027,-0.03908929601311684,-0.021936198696494102,28.719110107421898
281.9,1890,-24.635662078857422,0.46567967534065247,16.944883346557617,66.47808074951172,12971.32758279208,1126.46337890625,632.5579833984375,56.1543345451355,-0.03894609585404396,-0.021869920194149017,28.719171142578148
282,1890,-24.59061622619629,0.4626465141773224,16.945737838745117,66.34601593017578,12982.472702989115,1124.2822265625,628.9778442382812,55.944836139678955,-0.0390961579978466,-0.021872282028198242,28.719079589843773
282.1,1887,-24.654699325561523,0.46248099207878113,16.94677734375,66.1888198852539,12981.9190023204,1121.6871337890625,628.7259521484375,56.05180859565735,-0.039213743060827255,-0.021980013698339462,28.719293212890648
282.2,1887,-24.552366256713867,0.46221426129341125,16.947284698486328,65.98233795166016,12974.568188811092,1118.221435546875,628.007568359375,56.16128444671631,-0.03909565508365631,-0.02195662260055542,28.719262695312523
282.3,1887,-24.57875633239746,0.4603476822376251,16.947086334228516,65.8219985961914,12967.441186940507,1115.4910888671875,625.1278686523438,56.0405969619751,-0.039317965507507324,-0.022034022957086563,28.719201660156273
282.4,1887,-24.49020767211914,0.4614001512527466,16.94724464416504,65.64723205566406,12966.062180854,1112.5396728515625,626.4904174804688,56.31173849105835,-0.03909111022949219,-0.02201288379728794,28.719293212890648
282.5,1887,-24.503250122070312,0.4595804512500763,16.94692611694336,65.50655364990234,12963.072197242935,1110.134765625,623.875732421875,56.198203563690186,-0.03927585110068321,-0.0220723208039999,28.719293212890648
282.6,1887,-24.603300094604492,0.45809492468833923,16.947105407714844,65.33830261230469,12963.016244333254,1107.2950439453125,621.8565063476562,56.159961223602295,-0.03956427425146103,-0.022219279780983925,28.719079589843773
282.7,1887,-24.494579315185547,0.4581189453601837,16.946510314941406,65.22830963134766,12959.076226943234,1105.3922119140625,621.7000732421875,56.24248385429382,-0.03939935192465782,-0.02215917408466339,28.719049072265648
282.8,1887,-24.443763732910156,0.45619717240333557,16.94703483581543,65.06977081298828,12958.149506876647,1102.7396240234375,619.0477905273438,56.13725781440735,-0.03948606923222542,-0.02216639555990696,28.719262695312523
282.9,1887,-24.371519088745117,0.457399845123291,16.946189880371094,64.98929595947266,12953.114910691,1101.3209228515625,620.4386596679688,56.33586049079895,-0.03928111121058464,-0.022129351273179054,28.718347167968773
283,1887,-24.23455047607422,0.45638522505760193,16.945972442626953,64.9151382446289,12949.129431561865,1100.0501708984375,618.8718872070312,56.2585175037384,-0.03915923461318016,-0.022030405700206757,28.717309570312523
283.1,1887,-24.24262809753418,0.45548737049102783,16.947046279907227,64.77356719970703,12952.586855105887,1097.7205810546875,617.8192749023438,56.28201365470886,-0.039239026606082916,-0.022084515541791916,28.715905761718773
283.2,1887,-24.16893196105957,0.4554595947265625,16.947160720825195,64.64228057861328,12957.376657311683,1095.503173828125,618.0100708007812,56.41335844993591,-0.03910766541957855,-0.022061947733163834,28.714440917968773
283.3,1887,-24.21708106994629,0.4529360830783844,16.94746208190918,64.45132446289062,12959.533175705628,1092.286376953125,614.688232421875,56.275373697280884,-0.03939734026789665,-0.02217100001871586,28.714349365234398
283.4,1887,-24.277301788330078,0.4557206332683563,16.94583511352539,64.41531372070312,12949.085135508367,1091.5712890625,617.9685668945312,56.61275386810303,-0.039285656064748764,-0.022240692749619484,28.713861083984398
283.5,1887,-24.422460556030273,0.4559198319911957,16.94249153137207,64.59939575195312,12923.62539591801,1094.4747314453125,617.0231323242188,56.37618899345398,-0.03958110883831978,-0.022314321249723434,28.713067626953148
283.6,1887,-24.563608169555664,0.4590549170970917,16.939926147460938,64.95562744140625,12895.457768636228,1100.343505859375,619.9119873046875,56.33804202079773,-0.039624348282814026,-0.02232358045876026,28.712030029296898
283.7,1887,-24.643033981323242,0.45962366461753845,16.93954849243164,65.30442810058594,12879.71285298919,1106.2275390625,619.9221801757812,56.03930354118347,-0.0397518165409565,-0.02227664180099964,28.711145019531273
283.8,1887,-24.611007690429688,0.46367740631103516,16.939998626708984,65.57306671142578,12879.773468641346,1110.8076171875,625.3926391601562,56.30071759223938,-0.039352890104055405,-0.02215595729649067,28.709954833984398
283.9,1887,-24.59961700439453,0.4620322287082672,16.942602157592773,65.66854095458984,12894.964683619668,1112.595947265625,623.90869140625,56.07684254646301,-0.0394282303750515,-0.02211010828614235,28.709588623046898
284,1887,-24.55791664123535,0.46338289976119995,16.942874908447266,65.7331771850586,12906.126123415357,1113.708984375,626.2742309570312,56.23319745063782,-0.03921272233128548,-0.02205056883394718,28.709497070312523
284.1,1887,-24.543371200561523,0.462430864572525,16.94203758239746,65.85539245605469,12905.779914786708,1115.7244873046875,624.9707641601562,56.01478815078735,-0.03927123174071312,-0.02199769765138626,28.709436035156273
284.2,1887,-24.530988693237305,0.46307599544525146,16.94260025024414,65.93307495117188,12911.076790236484,1117.0777587890625,626.0994873046875,56.04797601699829,-0.039180655032396317,-0.02195996604859829,28.709313964843773
284.3,1887,-24.552978515625,0.4630354642868042,16.942638397216797,66.00218200683594,12915.02613311145,1118.2510986328125,626.2362060546875,56.00139498710632,-0.03920721635222435,-0.021956587210297585,28.708917236328148
284.4,1887,-24.639175415039062,0.4645353853702545,16.943395614624023,66.0182113647461,12920.171469430843,1118.5726318359375,628.5150756835938,56.189024448394775,-0.03920220211148262,-0.022027336061000824,28.708520507812523
284.5,1887,-24.538162231445312,0.46494174003601074,16.94367218017578,65.99968719482422,12926.543107020738,1118.277099609375,629.3751220703125,56.28078579902649,-0.0389881357550621,-0.021942829713225365,28.707971191406273
284.6,1887,-24.5305233001709,0.463978111743927,16.945648193359375,65.87881469726562,12941.853221932131,1116.3592529296875,628.8145751953125,56.32725954055786,-0.03901074454188347,-0.021973682567477226,28.707177734375023
284.7,1887,-24.582393646240234,0.4635186791419983,16.945268630981445,65.72673797607422,12949.120106076918,1113.7572021484375,628.5446166992188,56.434619426727295,-0.03911001980304718,-0.022071590647101402,28.707177734375023
284.8,1887,-24.728822708129883,0.46253785490989685,16.943246841430664,65.74256134033203,12936.928200194607,1113.8924560546875,626.6240844726562,56.25534653663635,-0.03946356847882271,-0.022200368344783783,28.707818603515648
284.9,1887,-24.853647232055664,0.46510350704193115,16.94049644470215,65.94986724853516,12916.36783725817,1117.2235107421875,629.0985107421875,56.3090980052948,-0.03950676694512367,-0.022245904430747032,28.708642578125023
285,1887,-24.84461212158203,0.46458208560943604,16.940629959106445,66.14134979248047,12900.791946025793,1120.47607421875,627.6354370117188,56.01506233215332,-0.03958446532487869,-0.022173263132572174,28.709649658203148
285.1,1887,-24.77252197265625,0.46685436367988586,16.940250396728516,66.3598861694336,12898.001294655465,1124.153076171875,630.5687866210938,56.09278678894043,-0.039285995066165924,-0.022036608308553696,28.710473632812523
285.2,1887,-24.751367568969727,0.46605685353279114,16.94170570373535,66.46643829345703,12904.532631175074,1126.0548095703125,629.8103637695312,55.93069791793823,-0.03929971531033516,-0.021980606019496918,28.711328125000023
285.3,1887,-24.67557144165039,0.4658527076244354,16.943315505981445,66.44314575195312,12920.867383744997,1125.7672119140625,630.3313598632812,55.991268157958984,-0.03914698213338852,-0.021918894723057747,28.712915039062523
285.4,1887,-24.534626007080078,0.46456506848335266,16.94511604309082,66.27611541748047,12940.871714641482,1123.0565185546875,629.562255859375,56.05793595314026,-0.03897092863917351,-0.02184629812836647,28.714440917968773
285.5,1887,-24.632556915283203,0.4633166193962097,16.94525909423828,66.10819244384766,12949.85215664524,1120.220458984375,628.30615234375,56.08772039413452,-0.03920470550656319,-0.02198902703821659,28.714715576171898
285.6,1887,-24.54149055480957,0.46513476967811584,16.943912506103516,66.06492614746094,12945.134626947784,1119.3983154296875,630.5419921875,56.32864832878113,-0.03892126306891441,-0.021923823282122612,28.714501953125023
285.7,1887,-24.614702224731445,0.46410152316093445,16.943632125854492,66.03382110595703,12939.154659725653,1118.852783203125,628.8506469726562,56.20495080947876,-0.039142366498708725,-0.021999947726726532,28.714990234375023
285.8,1887,-24.59755516052246,0.46471601724624634,16.944232940673828,65.98059844970703,12944.010906011696,1117.9906005859375,629.9196166992188,56.34390711784363,-0.03904872015118599,-0.02200157567858696,28.715722656250023
285.9,1887,-24.55474090576172,0.462589830160141,16.944625854492188,65.87582397460938,12945.80839323519,1116.2412109375,627.1246337890625,56.18182420730591,-0.03915448114275932,-0.02199770137667656,28.716882324218773
286,1887,-24.719982147216797,0.4627593457698822,16.944019317626953,65.8622055053711,12940.918342066216,1115.970458984375,627.1174926757812,56.194812059402466,-0.03941842168569565,-0.022151106968522072,28.718347167968773
286.1,1887,-24.645877838134766,0.46331167221069336,16.94375991821289,65.84441375732422,12938.524023806127,1115.6519775390625,627.7498168945312,56.26752972602844,-0.03926067054271698,-0.022091010585427284,28.719232177734398
286.2,1887,-24.720945358276367,0.4622093141078949,16.94376564025879,65.8057861328125,12937.170662803224,1114.997802734375,626.1907348632812,56.160712242126465,-0.039478302001953125,-0.022171294316649437,28.719354248046898
286.3,1887,-24.610803604125977,0.4632282853126526,16.943374633789062,65.80281066894531,12936.360511298471,1114.921630859375,627.5318603515625,56.284838914871216,-0.03921841084957123,-0.022074019536376,28.719354248046898
286.4,1887,-24.592195510864258,0.4626583158969879,16.94316291809082,65.81547546386719,12931.904095179523,1115.122314453125,626.5438232421875,56.18610978126526,-0.039250556379556656,-0.02205336093902588,28.719476318359398
286.5,1887,-24.60286521911621,0.4630386531352997,16.94406509399414,65.74517059326172,12938.906368688946,1113.990478515625,627.3984375,56.319910287857056,-0.03921410068869591,-0.022085346281528473,28.719598388671898
286.6,1887,-24.677614212036133,0.462150901556015,16.942873001098633,65.76593780517578,12932.992845547062,1114.263916015625,625.9093627929688,56.17245435714722,-0.03942681476473808,-0.022147009149193764,28.719659423828148
286.7,1887,-24.801151275634766,0.4640049338340759,16.94133186340332,65.8896713256836,12921.9095066878,1116.2587890625,627.8818359375,56.24876618385315,-0.039499711245298386,-0.02221810258924961,28.719628906250023
286.8,1887,-24.71263885498047,0.46341434121131897,16.942506790161133,65.91850280761719,12924.061362339273,1116.82470703125,627.1870727539062,56.15805983543396,-0.03940233960747719,-0.02212759107351303,28.719354248046898
286.9,1887,-24.674285888671875,0.46177050471305847,16.944503784179688,65.80742645263672,12938.191803404898,1115.07421875,625.6455688476562,56.10798001289368,-0.039438121020793915,-0.02212793193757534,28.719476318359398
287,1887,-24.37790870666504,0.4615837633609772,16.94701385498047,65.53924560546875,12961.179123798736,1110.6944580078125,626.5037231445312,56.40648603439331,-0.038911037147045135,-0.021948346868157387,28.719323730468773
287.1,1887,-24.25458526611328,0.4584254026412964,16.948060989379883,65.18601989746094,12977.8659134254,1104.776611328125,623.0179443359375,56.39311671257019,-0.03893079608678818,-0.021954288706183434,28.719781494140648
287.2,1887,-24.2341251373291,0.4574582576751709,16.946802139282227,64.98577117919922,12974.692917172255,1101.301025390625,621.5515747070312,56.437939405441284,-0.038989726454019547,-0.022004997357726097,28.719537353515648
287.3,1887,-24.18686866760254,0.4579811096191406,16.945327758789062,64.85649871826172,12966.676497174869,1099.0146484375,621.8775024414062,56.58500790596008,-0.03889330103993416,-0.02200777642428875,28.719293212890648
287.4,1887,-24.205856323242188,0.45594486594200134,16.945327758789062,64.76153564453125,12958.683390889852,1097.4053955078125,618.73095703125,56.38124942779541,-0.039121780544519424,-0.02205735072493553,28.719323730468773
287.5,1887,-24.19817352294922,0.45871031284332275,16.944011688232422,64.7229232788086,12949.70411457171,1096.666015625,622.0523681640625,56.722140312194824,-0.03890053927898407,-0.022065218538045883,28.719232177734398
287.6,1887,-24.274822235107422,0.458374559879303,16.942703247070312,64.79488372802734,12932.919407353105,1097.800537109375,620.7913818359375,56.54865503311157,-0.03910302743315697,-0.02211223542690277,28.719323730468773
287.7,1887,-24.28098487854004,0.46021097898483276,16.942916870117188,64.853759765625,12925.861180934004,1098.8118896484375,622.9383544921875,56.69199228286743,-0.03897814825177193,-0.02209749072790146,28.719506835937523
287.8,1887,-24.166563034057617,0.4586624801158905,16.943096160888672,64.87318420410156,12927.329944813122,1099.152587890625,620.9129028320312,56.49014115333557,-0.03892102092504501,-0.021986540406942368,28.719293212890648
287.9,1887,-24.39436912536621,0.4587141275405884,16.941923141479492,64.93992614746094,12921.630907825016,1100.207275390625,620.7090454101562,56.41746520996094,-0.03930081054568291,-0.02217252179980278,28.719567871093773
288,1887,-24.494930267333984,0.46089208126068115,16.939455032348633,65.22441101074219,12899.761479939172,1104.865966796875,622.6005859375,56.35077953338623,-0.03934292495250702,-0.022170046344399452,28.719781494140648
288.1,1887,-24.71575927734375,0.4631708264350891,16.938610076904297,65.53741455078125,12887.63485245149,1110.1126708984375,625.0906982421875,56.30875825881958,-0.03953947871923447,-0.022264188155531883,28.720361328125023
288.2,1887,-24.694887161254883,0.46379366517066956,16.938583374023438,65.80130767822266,12882.990760947989,1114.5809326171875,625.7057495117188,56.13820552825928,-0.039467256516218185,-0.022156208753585815,28.721551513671898
288.3,1887,-24.661020278930664,0.4655526280403137,16.939390182495117,65.99578857421875,12888.302790310803,1117.928466796875,628.3377075195312,56.205540895462036,-0.0392480343580246,-0.022059570997953415,28.722619628906273
288.4,1887,-24.586759567260742,0.4649662375450134,16.940181732177734,66.13760375976562,12895.303898134607,1120.383056640625,627.88720703125,56.0421884059906,-0.0391579270362854,-0.021944958716630936,28.724145507812523
288.5,1887,-24.609886169433594,0.46534910798072815,16.942203521728516,66.12570190429688,12912.023326958584,1120.3150634765625,629.218994140625,56.16446137428284,-0.039111800491809845,-0.021966932341456413,28.724114990234398
288.6,1887,-24.4572811126709,0.4639984667301178,16.943801879882812,66.02333068847656,12932.575530095693,1118.686279296875,628.391357421875,56.17225766181946,-0.038920462131500244,-0.02186250314116478,28.724206542968773
288.7,1887,-24.49990463256836,0.4624360501766205,16.94450569152832,65.86845397949219,12945.983246077942,1116.1083984375,626.9246215820312,56.17058873176575,-0.03907950595021248,-0.021951187402009964,28.724176025390648
288.8,1887,-24.40360450744629,0.4633043706417084,16.945430755615234,65.68319702148438,12958.744006542005,1113.030029296875,628.720947265625,56.48732781410217,-0.03881468251347542,-0.02192537672817707,28.724206542968773
288.9,1887,-24.26071548461914,0.46048519015312195,16.947118759155273,65.36795043945312,12973.72190105217,1107.7984619140625,625.6174926757812,56.4739465713501,-0.03877883404493332,-0.021899936720728874,28.724176025390648
289,1887,-24.327402114868164,0.458671510219574,16.946487426757812,65.11377716064453,12975.644116636828,1103.4498291015625,623.2457275390625,56.48156404495239,-0.03903340548276901,-0.022046677768230438,28.724176025390648
289.1,1887,-24.361618041992188,0.45913875102996826,16.94485855102539,65.02169799804688,12962.94164045368,1101.783447265625,623.2698974609375,56.56917691230774,-0.03908678889274597,-0.0221110749989748,28.723962402343773
289.2,1887,-24.492874145507812,0.45751240849494934,16.943389892578125,65.01211547851562,12947.136109154488,1101.525634765625,620.3048706054688,56.313252449035645,-0.03948521986603737,-0.022235410287976265,28.723870849609398
289.3,1887,-24.466909408569336,0.45966511964797974,16.94359016418457,65.00183868408203,12943.213577048744,1101.364501953125,623.0347900390625,56.56934976577759,-0.03927053511142731,-0.022215086966753006,28.723718261718773
289.4,1887,-24.4164981842041,0.4582946300506592,16.94406509399414,64.93282318115234,12942.626071497096,1100.2259521484375,621.1489868164062,56.45649433135986,-0.03930860012769699,-0.022192256525158882,28.723596191406273
289.5,1887,-24.428728103637695,0.4581717848777771,16.94399642944336,64.88896942138672,12941.039573370523,1099.478515625,620.9063720703125,56.47280812263489,-0.039343658834695816,-0.02221846953034401,28.723168945312523
289.6,1887,-24.27610969543457,0.45826488733291626,16.94448471069336,64.8185806274414,12943.940964874593,1098.3175048828125,621.1718139648438,56.55667185783386,-0.0390811525285244,-0.022102998569607735,28.722070312500023
289.7,1887,-24.25901985168457,0.45722833275794983,16.94516372680664,64.71678161621094,12947.267831629362,1096.636474609375,619.926025390625,56.52976632118225,-0.039132118225097656,-0.02212129533290863,28.720239257812523
289.8,1887,-24.174039840698242,0.45919087529182434,16.944074630737305,64.6911849975586,12943.648377784388,1096.13232421875,622.4129028320312,56.78264498710632,-0.03883923590183258,-0.022053943946957588,28.718865966796898
289.9,1887,-24.235013961791992,0.45805633068084717,16.942886352539062,64.72748565673828,12934.051288088522,1096.67041015625,620.4147338867188,56.57257437705994,-0.03906260430812836,-0.0220987219363451,28.718530273437523
290,1887,-24.444496154785156,0.4610794186592102,16.94101333618164,64.86553192138672,12917.47640428122,1098.8878173828125,623.7090454101562,56.75820708274841,-0.03919214755296707,-0.022244760766625404,28.718041992187523
290.1,1887,-24.57968521118164,0.4606366753578186,16.939273834228516,65.14930725097656,12898.368485625246,1103.5819091796875,622.1884155273438,56.3789963722229,-0.039505213499069214,-0.022272640839219093,28.716363525390648
290.2,1887,-24.451148986816406,0.46206074953079224,16.940689086914062,65.32044982910156,12901.014591978897,1106.573486328125,624.2399291992188,56.411975622177124,-0.039169471710920334,-0.02209627255797386,28.714593505859398
290.3,1887,-24.427953720092773,0.45946967601776123,16.9426326751709,65.32798767089844,12914.93520963322,1106.828125,621.4092407226562,56.143248081207275,-0.039310574531555176,-0.022070232778787613,28.714257812500023
290.4,1887,-24.577241897583008,0.4615078270435333,16.940914154052734,65.45636749267578,12911.15838822977,1108.8907470703125,623.9832153320312,56.270939111709595,-0.03938766568899155,-0.022163808345794678,28.714410400390648
290.5,1887,-24.665451049804688,0.4622347950935364,16.939130783081055,65.70005798339844,12896.898556060509,1112.90185546875,624.27587890625,56.094419956207275,-0.03951049968600273,-0.022163186222314835,28.713586425781273
290.6,1887,-24.736867904663086,0.46609821915626526,16.937969207763672,66.01732635498047,12886.111301348308,1118.199462890625,628.9671020507812,56.24820590019226,-0.039329349994659424,-0.022122053429484367,28.712701416015648
290.7,1887,-24.737957000732422,0.46616312861442566,16.93878746032715,66.24390411376953,12883.732137001258,1122.0914306640625,628.9385375976562,56.05056285858154,-0.03933286666870117,-0.022046294063329697,28.711480712890648
290.8,1887,-24.76732063293457,0.46865513920783997,16.93949317932129,66.4212646484375,12891.261300410173,1125.142578125,632.6702270507812,56.230229139328,-0.039147280156612396,-0.022012606263160706,28.710076904296898
290.9,1887,-24.8463134765625,0.4674995541572571,16.939529418945312,66.56317901611328,12895.413472582732,1127.5489501953125,631.3135375976562,55.98990321159363,-0.0393565371632576,-0.022035686299204826,28.709527587890648
291,1887,-24.908842086791992,0.47068798542022705,16.938365936279297,66.79385375976562,12892.629815326114,1131.3787841796875,635.4819946289062,56.16881251335144,-0.03919677063822746,-0.022016361355781555,28.709497070312523
291.1,1887,-24.642412185668945,0.468088299036026,16.943098068237305,66.71895599365234,12919.102535718817,1130.42578125,633.269775390625,56.02046251296997,-0.038912978023290634,-0.021799229085445404,28.709588623046898
291.2,1887,-24.6790714263916,0.46744370460510254,16.944122314453125,66.50548553466797,12941.273876179812,1126.8770751953125,633.4829711914062,56.21580481529236,-0.03895774856209755,-0.021900411695241928,28.709466552734398
291.3,1887,-24.66278648376465,0.46671903133392334,16.943885803222656,66.36511993408203,12950.151737849157,1124.4830322265625,632.934814453125,56.28674030303955,-0.03896576166152954,-0.021932555362582207,28.709497070312523
291.4,1887,-24.748884201049805,0.4652622640132904,16.944150924682617,66.21410369873047,12952.142728885296,1121.9417724609375,631.0562744140625,56.246793270111084,-0.03921819105744362,-0.022058973088860512,28.709619140625023
291.5,1887,-24.788175582885742,0.46617817878723145,16.94257926940918,66.2186279296875,12944.11348634611,1121.914306640625,631.9065551757812,56.323957443237305,-0.039227597415447235,-0.02209453471004963,28.709741210937523
291.6,1887,-24.815399169921875,0.4659165143966675,16.94116973876953,66.29076385498047,12929.397871100075,1123.0430908203125,630.8339233398438,56.17183446884155,-0.03933745250105858,-0.02209656871855259,28.710443115234398
291.7,1887,-24.82664680480957,0.46844005584716797,16.940462112426758,66.4401626586914,12918.679391839356,1125.527099609375,633.7249145507812,56.304723024368286,-0.03917574882507324,-0.022057795897126198,28.711358642578148
291.8,1887,-24.591100692749023,0.46576884388923645,16.944910049438477,66.24104309082031,12940.650234373996,1122.448486328125,631.1828002929688,56.232672929763794,-0.038960348814725876,-0.021908443421125412,28.712609863281273
291.9,1887,-24.566946029663086,0.4636157155036926,16.946453094482422,65.95134735107422,12960.999608213511,1117.641357421875,629.2529296875,56.30186200141907,-0.03904144838452339,-0.02198106236755848,28.713586425781273
292,1887,-24.574947357177734,0.46254274249076843,16.945587158203125,65.76683807373047,12962.120997778362,1114.4576416015625,627.8509521484375,56.33690357208252,-0.039141371846199036,-0.02205103635787964,28.714440917968773
292.1,1887,-24.541414260864258,0.4612000584602356,16.94320297241211,65.76848602294922,12948.477813301208,1114.328857421875,625.3695068359375,56.12073540687561,-0.03924306482076645,-0.02202349528670311,28.714868164062523
292.2,1887,-24.50400161743164,0.4622918963432312,16.94356918334961,65.72771453857422,12945.648694305475,1113.662109375,626.7130126953125,56.27497434616089,-0.03909923881292343,-0.022003084421157837,28.714532470703148
292.3,1887,-24.352136611938477,0.4601696729660034,16.946332931518555,65.5162124633789,12960.42842226052,1110.259521484375,624.5482177734375,56.25244975090027,-0.03899160400032997,-0.02193373255431652,28.715051269531273
292.4,1887,-24.329317092895508,0.45799940824508667,16.946523666381836,65.25108337402344,12968.731600920019,1105.779052734375,622.0009155273438,56.25002384185791,-0.03911459818482399,-0.022001970559358597,28.714654541015648
292.5,1887,-24.295230865478516,0.45782414078712463,16.945833206176758,65.0925064086914,12965.370929282319,1103.0467529296875,621.601806640625,56.353169679641724,-0.03908487781882286,-0.022025568410754204,28.714959716796898
292.6,1887,-24.24869155883789,0.45558270812034607,16.94596290588379,64.92879486083984,12964.971099115226,1100.281005859375,618.5394287109375,56.21650218963623,-0.03920314460992813,-0.022038636729121208,28.714898681640648
292.7,1887,-24.240339279174805,0.4556153416633606,16.9456729888916,64.7796630859375,12961.407598179932,1097.7349853515625,618.4137573242188,56.33543133735657,-0.03919760882854462,-0.022082140669226646,28.715264892578148
292.8,1887,-24.090534210205078,0.45637616515159607,16.94579315185547,64.65818786621094,12958.505040990245,1095.684326171875,619.3076782226562,56.52245879173279,-0.03889913484454155,-0.02198674902319908,28.715325927734398
292.9,1887,-24.273630142211914,0.45567095279693604,16.944290161132812,64.60985565185547,12949.314775575182,1094.7681884765625,617.9121704101562,56.44228458404541,-0.039283301681280136,-0.022172393277287483,28.715478515625023
293,1887,-24.383193969726562,0.45827317237854004,16.94152069091797,64.76454162597656,12926.719125549109,1097.2098388671875,620.3565673828125,56.53946399688721,-0.039305128157138824,-0.022222908213734627,28.716180419921898
293.1,1887,-24.59699058532715,0.45980581641197205,16.938905715942383,65.10627746582031,12898.426769906164,1102.8291015625,621.0689697265625,56.31597638130188,-0.03960428386926651,-0.022303538396954536,28.717248535156273
293.2,1887,-24.666379928588867,0.46350350975990295,16.938173294067383,65.46063995361328,12880.578957403624,1108.78369140625,625.1972045898438,56.385862827301025,-0.03945375978946686,-0.0222463421523571,28.719232177734398
293.3,1887,-24.774625778198242,0.4643405079841614,16.938379287719727,65.76445770263672,12875.69706603398,1113.943359375,626.0888061523438,56.20472431182861,-0.03957046568393707,-0.022240472957491875,28.719934082031273
293.4,1887,-24.725194931030273,0.465876966714859,16.939340591430664,65.99372863769531,12878.52735071533,1117.8902587890625,628.298583984375,56.20395541191101,-0.039352621883153915,-0.022117730230093002,28.721215820312523
293.5,1887,-24.801660537719727,0.4677186906337738,16.938255310058594,66.2922592163086,12876.622620414948,1122.875244140625,630.6890869140625,56.16733431816101,-0.03932470083236694,-0.022087637335062027,28.723535156250023
293.6,1887,-24.800533294677734,0.4687909185886383,16.93975257873535,66.4756851196289,12886.607883421724,1126.0816650390625,632.6251220703125,56.17932677268982,-0.039202574640512466,-0.022023743018507957,28.724420166015648
293.7,1887,-24.935955047607422,0.4691377878189087,16.940338134765625,66.58932495117188,12894.452947633212,1128.045654296875,633.4786376953125,56.157177686691284,-0.03936352953314781,-0.022105447947978973,28.725823974609398
293.8,1887,-24.857643127441406,0.4694128930568695,16.940279006958008,66.7456283569336,12900.932993985612,1130.6895751953125,634.1686401367188,56.086891889572144,-0.03919721394777298,-0.02198449894785881,28.728021240234398
293.9,1887,-24.94607925415039,0.4678196310997009,16.94233512878418,66.72496032714844,12916.609134181168,1130.4766845703125,632.7841186523438,55.97498416900635,-0.03942273184657097,-0.022066868841648102,28.729699707031273
294,1887,-24.91152000427246,0.4688127934932709,16.941774368286133,66.76791381835938,12921.424581470568,1131.1668701171875,634.3638916015625,56.08048439025879,-0.039270076900720596,-0.022022850811481476,28.732202148437523
294.1,1887,-25.010730743408203,0.4681233763694763,16.94087791442871,66.83016204833984,12920.353316387305,1132.16162109375,633.3785400390625,55.944180488586426,-0.0394878089427948,-0.022091131657361984,28.734857177734398
294.2,1887,-24.885786056518555,0.47004058957099915,16.942420959472656,66.82289123535156,12925.017224546318,1132.1416015625,636.2021484375,56.194573640823364,-0.039116162806749344,-0.02198116108775139,28.737420654296898
294.3,1887,-24.849214553833008,0.4684126079082489,16.942155838012695,66.82282257080078,12929.514439661909,1132.1226806640625,634.21923828125,56.02036118507385,-0.03918079659342766,-0.021949224174022675,28.739678955078148
294.4,1887,-24.829105377197266,0.4692121148109436,16.94328498840332,66.73629760742188,12937.91437022773,1130.7320556640625,635.7144775390625,56.22149109840393,-0.03905700892210007,-0.021958433091640472,28.741296386718773
294.5,1887,-24.77286148071289,0.46764373779296875,16.944082260131836,66.6279525756836,12944.02839129597,1128.949462890625,633.8889770507812,56.14856481552124,-0.03908075764775276,-0.021943286061286926,28.743981933593773
294.6,1887,-24.83099365234375,0.4651181995868683,16.944734573364258,66.46125030517578,12953.51707222933,1126.168212890625,630.9277954101562,56.02428913116455,-0.03935631737112999,-0.02204909734427929,28.744744873046898
294.7,1887,-24.768266677856445,0.4652101993560791,16.945068359375,66.29552459716797,12958.573816441727,1123.3822021484375,631.2989501953125,56.19627237319946,-0.039233818650245667,-0.022047942504286766,28.745843505859398
294.8,1887,-24.590137481689453,0.46259605884552,16.946388244628906,66.04905700683594,12970.581543996339,1119.29296875,628.3331909179688,56.136614084243774,-0.03913550823926926,-0.021969348192214966,28.748071289062523
294.9,1887,-24.58636474609375,0.4608413279056549,16.947267532348633,65.73465728759766,12978.207459311576,1114.0228271484375,626.3178100585938,56.22127056121826,-0.03925541415810585,-0.022069893777370453,28.748925781250023
295,1887,-24.541542053222656,0.4610843360424042,16.945863723754883,65.568603515625,12969.863481655435,1111.1165771484375,626.2451782226562,56.361788511276245,-0.03918839246034622,-0.022087277844548225,28.749444580078148
295.1,1887,-24.65396499633789,0.46039772033691406,16.94363784790039,65.57200622558594,12952.241812162856,1111.0283203125,624.4630126953125,56.205856800079346,-0.039480265229940414,-0.022190222516655922,28.750543212890648
295.2,1887,-24.715118408203125,0.46249672770500183,16.942834854125977,65.60597229003906,12939.73633684921,1111.5511474609375,626.704345703125,56.381064653396606,-0.039436645805835724,-0.022234801203012466,28.751214599609398
295.3,1887,-24.669633865356445,0.46296945214271545,16.94254493713379,65.6513671875,12931.39119350745,1112.30126953125,626.9403076171875,56.364256143569946,-0.039349254220724106,-0.02217891439795494,28.752160644531273
295.4,1887,-24.659954071044922,0.4630832374095917,16.94354820251465,65.64030456542969,12932.861123072187,1112.1796875,627.1657104492188,56.39067888259888,-0.03931967914104462,-0.022172635421156883,28.753442382812523
295.5,1887,-24.474597930908203,0.4622565507888794,16.943737030029297,65.60445404052734,12936.176332970772,1111.5845947265625,626.20654296875,56.33458495140076,-0.03908390551805496,-0.02201775461435318,28.753381347656273
295.6,1887,-24.41090965270996,0.4601873755455017,16.946144104003906,65.42852020263672,12950.030506544848,1108.7611083984375,624.0711669921875,56.285446882247925,-0.03911558538675308,-0.022016383707523346,28.753472900390648
295.7,1887,-24.284454345703125,0.4596085250377655,16.947757720947266,65.16543579101562,12966.456182593001,1104.407958984375,624.0767211914062,56.507807970047,-0.038912609219551086,-0.02198866195976734,28.753045654296898
295.8,1887,-24.277463912963867,0.4566303789615631,16.94796371459961,64.90021514892578,12975.977502723676,1099.926513671875,620.4881591796875,56.41178488731384,-0.03912639245390892,-0.022071896120905876,28.752587890625023
295.9,1887,-24.304861068725586,0.456493079662323,16.94701385498047,64.7101058959961,12970.41018821044,1096.64306640625,620.0354614257812,56.53940439224243,-0.03919914737343788,-0.022162964567542076,28.751947021484398
296,1887,-24.253875732421875,0.45653584599494934,16.9461612701416,64.59375762939453,12963.196925604097,1094.6162109375,619.7487182617188,56.617897748947144,-0.03913501650094986,-0.022157423198223114,28.751611328125023
296.1,1887,-24.458887100219727,0.4558149576187134,16.943370819091797,64.65538024902344,12938.69771096326,1095.4801025390625,617.6006469726562,56.37717247009277,-0.03960307687520981,-0.02232709340751171,28.750665283203148
296.2,1887,-24.51226234436035,0.4586505591869354,16.940311431884766,64.97173309326172,12908.943585554907,1100.641357421875,620.013671875,56.33202791213989,-0.0395350381731987,-0.022270889952778816,28.750299072265648
296.3,1887,-24.644241333007812,0.4604896903038025,16.939205169677734,65.31367492675781,12889.59087291908,1106.3616943359375,621.5665893554688,56.181132793426514,-0.039648592472076416,-0.022275030612945557,28.749383544921898
296.4,1887,-24.542640686035156,0.462389200925827,16.940502166748047,65.5479736328125,12889.797199273527,1110.4156494140625,624.1405029296875,56.20782971382141,-0.039322298020124435,-0.02210221253335476,28.748590087890648
296.5,1887,-24.613819122314453,0.46234479546546936,16.94214630126953,65.63727569580078,12899.790622079632,1112.036376953125,624.564453125,56.164032220840454,-0.0394095741212368,-0.022134006023406982,28.748651123046898
296.6,1887,-24.537147521972656,0.4630466401576996,16.942707061767578,65.70416259765625,12909.276971641755,1113.2064208984375,625.9725341796875,56.231486797332764,-0.03919844329357147,-0.022041868418455124,28.748559570312523
296.7,1887,-24.59014129638672,0.4611167311668396,16.944580078125,65.61962890625,12924.596412038094,1111.8970947265625,624.1033325195312,56.12959265708923,-0.03940075263381004,-0.02211548388004303,28.748590087890648
296.8,1887,-24.556415557861328,0.46168404817581177,16.94506072998047,65.53156280517578,12937.01795798722,1110.436279296875,625.4716796875,56.32666349411011,-0.039260633289813995,-0.022114204242825508,28.748559570312523
296.9,1887,-24.4731502532959,0.45959630608558655,16.945688247680664,65.43221282958984,12942.451218654343,1108.7938232421875,622.90478515625,56.17859363555908,-0.03928874805569649,-0.02207186631858349,28.747888183593773
297,1887,-24.282855987548828,0.4591599702835083,16.946792602539062,65.26087951660156,12953.220988082268,1105.962646484375,622.831298828125,56.31576180458069,-0.03898785635828972,-0.0219563078135252,28.746606445312523
297.1,1887,-24.236780166625977,0.4579775631427765,16.94674301147461,65.0888900756836,12960.327007611724,1103.044677734375,621.5681762695312,56.35022521018982,-0.03899295628070831,-0.021972618997097015,28.745324707031273
297.2,1887,-24.312145233154297,0.45603451132774353,16.946779251098633,64.9212646484375,12960.46339282907,1100.206298828125,618.9375610351562,56.256502866744995,-0.039280448108911514,-0.02209780551493168,28.743646240234398
297.3,1887,-24.27451515197754,0.4569385349750519,16.946552276611328,64.81317138671875,12958.950332896453,1098.3597412109375,620.0921630859375,56.456196308135986,-0.03914662450551987,-0.022100694477558136,28.743554687500023
297.4,1887,-24.293710708618164,0.45604103803634644,16.946617126464844,64.68030548095703,12957.57598955242,1096.1124267578125,618.8085327148438,56.454843282699585,-0.03925884887576103,-0.022163521498441696,28.743127441406273
297.5,1887,-24.298538208007812,0.45644038915634155,16.946313858032227,64.62026977539062,12951.503933166441,1095.0753173828125,619.0601806640625,56.53128623962402,-0.0392506867647171,-0.02218891866505146,28.742578125000023
297.6,1887,-24.140588760375977,0.456091046333313,16.9470157623291,64.4838638305664,12957.585315037368,1092.80908203125,618.8768310546875,56.63174390792847,-0.039007097482681274,-0.022090399637818336,28.741906738281273
297.7,1887,-24.069740295410156,0.4538356065750122,16.947628021240234,64.29314422607422,12959.386299317715,1089.6163330078125,615.9019775390625,56.524670124053955,-0.03908047080039978,-0.022090107202529907,28.740991210937523
297.8,1887,-24.118478775024414,0.45511960983276367,16.94634246826172,64.22447204589844,12953.88426319911,1088.369873046875,617.38232421875,56.72541260719299,-0.039065711200237274,-0.022160185500979424,28.740502929687523
297.9,1887,-23.988788604736328,0.4536713659763336,16.94612693786621,64.17864227294922,12946.821374037534,1087.5794677734375,615.0821533203125,56.55515193939209,-0.03900095075368881,-0.022057045251131058,28.739953613281273
298,1887,-24.055267333984375,0.45318689942359924,16.947126388549805,64.06932830810547,12947.62220005734,1085.791015625,614.46337890625,56.59130811691284,-0.03914841637015343,-0.02215460129082203,28.739709472656273
298.1,1887,-24.10010528564453,0.4534349739551544,16.945674896240234,64.06371307373047,12941.55014367136,1085.6029052734375,614.5114135742188,56.605541706085205,-0.039218321442604065,-0.02219974435865879,28.739251708984398
298.2,1887,-24.19610023498535,0.4531005024909973,16.945390701293945,64.08123016357422,12934.93604347285,1085.8814697265625,613.7442626953125,56.52037262916565,-0.03942374885082245,-0.022282449528574944,28.739495849609398
298.3,1887,-24.182659149169922,0.4549306631088257,16.94434928894043,64.18338012695312,12927.818367087211,1087.545654296875,615.8842163085938,56.63065314292908,-0.039264943450689316,-0.022235995158553123,28.739312744140648
298.4,1887,-24.225900650024414,0.45302313566207886,16.94548225402832,64.17564392089844,12928.149421802822,1087.4871826171875,613.3175048828125,56.39767646789551,-0.03949977084994316,-0.022276951000094414,28.738946533203148
298.5,1887,-24.20350456237793,0.4537433087825775,16.946224212646484,64.1368637084961,12933.475439393058,1086.877685546875,614.5455932617188,56.54229521751404,-0.0393843948841095,-0.022268839180469513,28.739282226562523
298.6,1887,-24.28090476989746,0.45240911841392517,16.946117401123047,64.10517120361328,12933.117573908225,1086.333740234375,612.7216186523438,56.40270113945007,-0.03962795436382294,-0.022351238876581192,28.739495849609398
298.7,1887,-24.414451599121094,0.454387903213501,16.9439697265625,64.24058532714844,12920.726335785177,1088.490478515625,614.8119506835938,56.482988595962524,-0.03971043601632118,-0.02242964133620262,28.739953613281273
298.8,1887,-24.452150344848633,0.4552037715911865,16.94239616394043,64.45628356933594,12905.57358843226,1092.0439453125,615.1935424804688,56.33414387702942,-0.03974708542227745,-0.02239117957651615,28.739526367187523
298.9,1887,-24.56427764892578,0.4591616094112396,16.94133949279785,64.75269317626953,12891.732237399985,1096.997314453125,619.8768920898438,56.5066933631897,-0.039627671241760254,-0.022392285987734795,28.739617919921898
299,1887,-24.5846004486084,0.45893827080726624,16.9419002532959,64.98635864257812,12889.841495327024,1100.992431640625,619.4845581054688,56.26601576805115,-0.039685577154159546,-0.02232949063181877,28.739373779296898
299.1,1887,-24.61103057861328,0.4608798325061798,16.943021774291992,65.15895080566406,12895.313223619554,1103.989501953125,622.369384765625,56.374573707580566,-0.03954409062862396,-0.022292811423540115,28.739221191406273
299.2,1887,-24.507524490356445,0.4595923125743866,16.944656372070312,65.1878433227539,12912.005841674309,1104.5855712890625,621.43408203125,56.25947713851929,-0.03943704441189766,-0.02218707650899887,28.738916015625023
299.3,1887,-24.488269805908203,0.4591311812400818,16.946022033691406,65.10322570800781,12926.468503141163,1103.24072265625,621.5059814453125,56.3345730304718,-0.03940150514245033,-0.02219667099416256,28.739221191406273
299.4,1887,-24.27366828918457,0.4585137963294983,16.946569442749023,65.03214263916016,12936.760341465564,1102.07177734375,621.1644287109375,56.363338232040405,-0.03907768800854683,-0.022025488317012787,28.738977050781273
299.5,1887,-24.28361701965332,0.4561796486377716,16.94742774963379,64.88973236083984,12947.350595308264,1099.714111328125,618.5081787109375,56.24263286590576,-0.039261594414711,-0.022081755101680756,28.738793945312523
299.6,1887,-24.17731285095215,0.45642945170402527,16.94835662841797,64.69525146484375,12958.86174078946,1096.4781494140625,619.3970336914062,56.4896821975708,-0.03903362527489662,-0.02204997092485428,28.738580322265648
299.7,1887,-24.01936149597168,0.45457881689071655,16.94919776916504,64.44306182861328,12966.826870619636,1092.2581787109375,617.2648315429688,56.51271939277649,-0.0389125719666481,-0.02199055254459381,28.738427734375023
299.8,1887,-24.026859283447266,0.4530360698699951,16.94906234741211,64.24128723144531,12970.250489280726,1088.82958984375,615.3323974609375,56.51319622993469,-0.039046961814165115,-0.022066684439778328,28.737634277343773
299.9,1887,-23.969629287719727,0.4534311294555664,16.947664260864258,64.14102172851562,12960.952980788777,1087.04052734375,615.427490234375,56.61495327949524,-0.0389479361474514,-0.02205035462975502,28.737664794921898
300,1887,-24.090124130249023,0.45152273774147034,16.947263717651367,64.06436157226562,12952.184693567557,1085.715576171875,612.4226684570312,56.4072847366333,-0.03933577984571457,-0.02218824438750744,28.737084960937523
300.1,1887,-24.146596908569336,0.45221641659736633,16.946598052978516,64.05448150634766,12946.394733101219,1085.5054931640625,613.08935546875,56.47961497306824,-0.0393851175904274,-0.022244563326239586,28.736260986328148
300.2,1887,-24.07798194885254,0.4519973397254944,16.946813583374023,64.02626037597656,12942.979274239457,1085.0411376953125,612.6306762695312,56.46151900291443,-0.039302606135606766,-0.022190848365426064,28.735284423828148
300.3,1887,-24.165618896484375,0.45215311646461487,16.947189331054688,63.94799041748047,12944.618228218855,1083.7386474609375,612.91943359375,56.55601620674133,-0.03942707180976868,-0.022298380732536316,28.734124755859398
300.4,1887,-24.167722702026367,0.4527798891067505,16.945636749267578,63.99249267578125,12933.90441170061,1084.3935546875,613.2610473632812,56.553369760513306,-0.03940853849053383,-0.022286856546998024,28.734155273437523
300.5,1887,-24.19578742980957,0.45271623134613037,16.944873809814453,64.08506774902344,12923.523981269214,1085.913330078125,612.6827392578125,56.420958042144775,-0.03949154540896416,-0.022281507030129433,28.734002685546898
300.6,1887,-24.135852813720703,0.45434245467185974,16.944847106933594,64.18515014648438,12917.750340401532,1087.6075439453125,614.60888671875,56.5101683139801,-0.03927026316523552,-0.022191692143678665,28.734002685546898
300.7,1887,-24.307880401611328,0.45535808801651,16.943883895874023,64.34535217285156,12911.132743146165,1090.2601318359375,615.6671752929688,56.46975040435791,-0.039482176303863525,-0.02229548618197441,28.733880615234398
300.8,1887,-24.36086654663086,0.45765599608421326,16.94213104248047,64.60169982910156,12896.624619940196,1094.490478515625,618.0787963867188,56.47183060646057,-0.039413854479789734,-0.022257724776864052,28.732812500000023
300.9,1887,-24.450836181640625,0.4592892527580261,16.942047119140625,64.88153839111328,12885.755767234712,1099.22607421875,619.7617797851562,56.381648778915405,-0.03945199027657509,-0.022243682295084,28.732354736328148
301,1887,-24.320497512817383,0.4604555368423462,16.94328498840332,65.06937408447266,12891.43265619607,1102.4888916015625,621.6093139648438,56.38235807418823,-0.03912505507469177,-0.02205962873995304,28.731164550781273
301.1,1887,-24.481792449951172,0.4602386951446533,16.943307876586914,65.21736907958984,12895.504396060962,1104.9979248046875,621.5128173828125,56.245607137680054,-0.039390649646520615,-0.022155508399009705,28.729241943359398
301.2,1887,-24.476171493530273,0.462295264005661,16.942670822143555,65.41411590576172,12895.225797198178,1108.289794921875,624.2765502929688,56.32791519165039,-0.03920725733041763,-0.022084631025791168,28.728906250000023
301.3,1887,-24.568952560424805,0.4617513120174408,16.943063735961914,65.55241394042969,12898.903535324069,1110.65869140625,623.7198486328125,56.15764856338501,-0.03939100727438927,-0.022121064364910126,28.728356933593773
301.4,1887,-24.569908142089844,0.46297091245651245,16.943931579589844,65.63455200195312,12907.878148899736,1112.1072998046875,625.8023071289062,56.27175569534302,-0.03926145285367966,-0.02209310792386532,28.727319335937523
301.5,1887,-24.744096755981445,0.46190688014030457,16.943689346313477,65.73796844482422,12907.551756926598,1113.84375,624.3482666015625,56.053489446640015,-0.039631880819797516,-0.02221505343914032,28.725579833984398
301.6,1887,-24.72935676574707,0.46383729577064514,16.9434871673584,65.86944580078125,12907.24751298021,1116.05810546875,626.9428100585938,56.17474317550659,-0.03944435715675354,-0.022157767787575722,28.723809814453148
301.7,1887,-24.839977264404297,0.46338027715682983,16.94286346435547,66.04647827148438,12902.3679529818,1119.0164794921875,626.0883178710938,55.949872732162476,-0.03967487812042236,-0.022198043763637543,28.722955322265648
301.8,1887,-24.907194137573242,0.4660536050796509,16.94261932373047,66.23455047607422,12900.549483417177,1122.186767578125,629.611572265625,56.10577464103699,-0.03955962136387825,-0.022195231169462204,28.721795654296898
301.9,1887,-25.030094146728516,0.46484148502349854,16.942346572875977,66.40959167480469,12898.749664822446,1125.13427734375,627.886474609375,55.80546855926514,-0.03986404463648796,-0.022246316075325012,28.720391845703148
302,1887,-24.95366668701172,0.46728751063346863,16.942596435546875,66.56913757324219,12898.828931444494,1127.85400390625,631.1943359375,55.96418380737305,-0.03953404724597931,-0.02212490886449814,28.719293212890648
302.1,1887,-24.998571395874023,0.4660492241382599,16.942764282226562,66.71684265136719,12901.646393584042,1130.3677978515625,629.6591796875,55.70392608642578,-0.03970174863934517,-0.02211543172597885,28.719262695312523
302.2,1887,-24.909297943115234,0.46842828392982483,16.94307518005371,66.81766510009766,12907.403714853068,1132.0966796875,633.1558227539062,55.92771768569946,-0.03934149444103241,-0.022002799436450005,28.719049072265648
302.3,1887,-24.888778686523438,0.46774086356163025,16.942739486694336,66.94532775878906,12907.682313715854,1134.2373046875,632.2403564453125,55.74145317077637,-0.03936601057648659,-0.021943185478448868,28.718560791015648
302.4,1887,-24.953184127807617,0.46992257237434387,16.942564010620117,67.07931518554688,12908.452831909583,1136.49560546875,635.2272338867188,55.89350461959839,-0.03928229585289955,-0.021956251934170723,28.718194580078148
302.5,1887,-24.974931716918945,0.46875590085983276,16.942289352416992,67.19068908691406,12908.806034651941,1138.3641357421875,633.6675415039062,55.66474795341492,-0.03941330686211586,-0.021939318627119064,28.716790771484398
302.6,1887,-25.008943557739258,0.47040465474128723,16.943248748779297,67.2553482055664,12911.097772577616,1139.5240478515625,636.0092163085938,55.81358075141907,-0.039321668446063995,-0.021946832537651062,28.715661621093773
302.7,1887,-24.943777084350586,0.4686662256717682,16.943954467773438,67.26509094238281,12918.715528093524,1139.7366943359375,634.0326538085938,55.62974810600281,-0.03934147208929062,-0.02188556268811226,28.714318847656273
302.8,1887,-24.927120208740234,0.4682714343070984,16.94586753845215,67.1672134399414,12934.416147687065,1138.2066650390625,634.2684326171875,55.72524070739746,-0.0393005833029747,-0.021900346502661705,28.714257812500023
302.9,1887,-24.78389549255371,0.4672357141971588,16.947551727294922,66.97420501708984,12950.405857313957,1135.048828125,633.64794921875,55.82561492919922,-0.039113037288188934,-0.021835092455148697,28.714349365234398
303,1887,-24.808198928833008,0.464098185300827,16.948589324951172,66.7016830444336,12967.605548612693,1130.4993896484375,630.2288208007812,55.747824907302856,-0.039363794028759,-0.021944459527730942,28.713861083984398
303.1,1887,-24.7299747467041,0.4631322920322418,16.94938850402832,66.41531372070312,12977.63277630173,1125.698974609375,629.4035034179688,55.912238359451294,-0.039291128516197205,-0.021968550980091095,28.712792968750023
303.2,1887,-24.541173934936523,0.4617338180541992,16.95063591003418,66.05133819580078,12992.167710276923,1119.6121826171875,628.2057495117188,56.10923171043396,-0.03906550258398056,-0.021919352933764458,28.712030029296898
303.3,1887,-24.544178009033203,0.4583885073661804,16.951370239257812,65.62682342529297,13001.126004253932,1112.464599609375,624.0843505859375,56.09925985336304,-0.03932829946279526,-0.022062884643673897,28.710992431640648
303.4,1887,-24.513460159301758,0.45821189880371094,16.950469970703125,65.32450866699219,12994.417483520336,1107.2811279296875,623.5220336914062,56.31108283996582,-0.03931450471282005,-0.022138424217700958,28.709741210937523
303.5,1887,-24.444740295410156,0.45735636353492737,16.949283599853516,65.11446380615234,12983.246718239698,1103.6435546875,621.8228149414062,56.3427209854126,-0.039311423897743225,-0.02214912697672844,28.709466552734398
303.6,1887,-24.4610652923584,0.456322580575943,16.94764518737793,65.02229309082031,12967.363086004078,1101.9747314453125,619.6582641601562,56.23162388801575,-0.03947509080171585,-0.022197483107447624,28.709436035156273
303.7,1887,-24.362144470214844,0.4575352370738983,16.947368621826172,64.94898986816406,12956.4755823287,1100.7144775390625,620.7833251953125,56.398218870162964,-0.03924419730901718,-0.022133028134703636,28.709466552734398
303.8,1887,-24.253625869750977,0.45625707507133484,16.947385787963867,64.87379455566406,12953.941381794408,1099.4412841796875,618.9280395507812,56.29478096961975,-0.0391865037381649,-0.022059956565499306,28.709344482421898
303.9,1887,-24.33466911315918,0.4575444757938385,16.94683074951172,64.86094665527344,12943.302169155739,1099.1875,620.1646728515625,56.42028450965881,-0.03923904523253441,-0.02213877998292446,28.709344482421898
304,1887,-24.292329788208008,0.45717179775238037,16.94577980041504,64.93692016601562,12932.933395580525,1100.40673828125,619.1631469726562,56.266748905181885,-0.039234135299921036,-0.022075772285461426,28.709069824218773
304.1,1887,-24.367891311645508,0.4575481712818146,16.9462947845459,64.92449951171875,12929.684629762187,1100.229736328125,619.5172119140625,56.30798935890198,-0.03933367878198624,-0.022148003801703453,28.707879638671898
304.2,1887,-24.353050231933594,0.4599374234676361,16.944013595581055,65.08851623535156,12916.75601056908,1102.8607177734375,622.1295166015625,56.41052722930908,-0.03914466127753258,-0.022081710398197174,28.706658935546898
304.3,1887,-24.546371459960938,0.4614276885986328,16.94215965270996,65.34078216552734,12897.648091913106,1107.013916015625,623.2220458984375,56.29757642745972,-0.039386238902807236,-0.022173497825860977,28.705133056640648
304.4,1887,-24.587146759033203,0.4638447165489197,16.940284729003906,65.74790954589844,12878.092549979687,1113.788330078125,625.5366821289062,56.16297721862793,-0.039305683225393295,-0.022075241431593895,28.704614257812523
304.5,1887,-24.782079696655273,0.4663160443305969,16.94132423400879,66.05259704589844,12874.323888375564,1119.0184326171875,628.6854248046875,56.18186593055725,-0.039418887346982956,-0.02214626595377922,28.704736328125023
304.6,1887,-24.786806106567383,0.4669715166091919,16.94076156616211,66.36717987060547,12872.598673660408,1124.310546875,629.4848022460938,55.98851442337036,-0.039376337081193924,-0.022046227008104324,28.704980468750023
304.7,1887,-24.924636840820312,0.46932387351989746,16.94194984436035,66.59122467041016,12881.567458807984,1128.1851806640625,633.0966186523438,56.11637234687805,-0.039369404315948486,-0.022092681378126144,28.705346679687523
304.8,1887,-24.874727249145508,0.4675448536872864,16.94255828857422,66.73944091796875,12892.364039005131,1130.73681640625,631.2254028320312,55.82424998283386,-0.039407044649124146,-0.021998688578605652,28.705834960937523
304.9,1887,-24.87386131286621,0.4672953188419342,16.945432662963867,66.70414733886719,12914.204324750515,1130.3306884765625,631.957275390625,55.909061431884766,-0.03936003893613815,-0.022005828097462654,28.706781005859398
305,1887,-24.69521141052246,0.4645616412162781,16.948392868041992,66.46930694580078,12946.158098920694,1126.5479736328125,629.8148193359375,55.906617641448975,-0.03921027481555939,-0.02192113734781742,28.708398437500023
305.1,1887,-24.71861457824707,0.46086010336875916,16.949743270874023,66.15697479248047,12965.633208546447,1121.34375,625.7364501953125,55.802375078201294,-0.03950323536992073,-0.0220437441021204,28.709497070312523
305.2,1887,-24.687822341918945,0.4609142541885376,16.948623657226562,65.94027709960938,12967.951757241342,1117.596923828125,625.921875,56.00605010986328,-0.039442338049411774,-0.022090094164013863,28.709497070312523
305.3,1887,-24.61579132080078,0.46202677488327026,16.94622802734375,65.93439483642578,12952.381694437057,1117.3392333984375,626.6793823242188,56.08675479888916,-0.039279721677303314,-0.022030722349882126,28.709313964843773
305.4,1887,-24.636932373046875,0.46268945932388306,16.946470260620117,65.91650390625,12943.787094372972,1117.0521240234375,627.1618041992188,56.144362688064575,-0.03928321599960327,-0.022055312991142273,28.709466552734398
305.5,1887,-24.48161506652832,0.46212223172187805,16.947725296020508,65.80593872070312,12951.289447012665,1115.260986328125,626.7559814453125,56.19814395904541,-0.039060838520526886,-0.02195146679878235,28.709436035156273
305.6,1887,-24.500301361083984,0.45979437232017517,16.94921112060547,65.56916809082031,12961.757303865437,1111.345703125,624.1028442382812,56.15739822387695,-0.039256833493709564,-0.022045617923140526,28.709466552734398
305.7,1887,-24.44280433654785,0.4599303901195526,16.94949722290039,65.36202239990234,12968.522943194333,1107.8533935546875,624.6133422851562,56.38050436973572,-0.039132699370384216,-0.02206321246922016,28.709497070312523
305.8,1887,-24.391666412353516,0.45839551091194153,16.948339462280273,65.20740509033203,12968.210539448617,1105.1572265625,622.5138549804688,56.32808208465576,-0.03918252885341644,-0.022070765495300293,28.710015869140648
305.9,1887,-24.475770950317383,0.45858654379844666,16.948068618774414,65.0958480834961,12958.354667545478,1103.2489013671875,622.2999877929688,56.40612840652466,-0.03933114558458328,-0.022185176610946655,28.710473632812523
306,1887,-24.43172264099121,0.4588247835636139,16.94744873046875,65.03543090820312,12951.983029955583,1102.1845703125,622.317138671875,56.46215081214905,-0.039259281009435654,-0.02216663397848606,28.711450195312523
306.1,1887,-24.354358673095703,0.4563632905483246,16.949371337890625,64.85286712646484,12959.884047076752,1099.21533203125,619.3561401367188,56.345295906066895,-0.039322059601545334,-0.022156130522489548,28.713189697265648
306.2,1887,-24.258316040039062,0.4568198621273041,16.949615478515625,64.65540313720703,12963.679519450096,1095.88427734375,620.1573486328125,56.589674949645996,-0.03911639004945755,-0.022135838866233826,28.714868164062523
306.3,1887,-24.24214744567871,0.45506057143211365,16.948823928833008,64.5174789428711,12961.286366875625,1093.495361328125,617.6549682617188,56.48446083068848,-0.039248690009117126,-0.022169409319758415,28.715753173828148
306.4,1887,-24.34847068786621,0.4537670910358429,16.94834327697754,64.42811584472656,12953.617321192507,1091.9498291015625,615.534912109375,56.37025237083435,-0.039556603878736496,-0.022298159077763557,28.716607666015648
306.5,1887,-24.278051376342773,0.45518556237220764,16.94721031188965,64.4379653930664,12946.404058586166,1092.043701171875,617.115234375,56.51012063026428,-0.03934119641780853,-0.022231757640838623,28.718255615234398
306.6,1887,-24.269001007080078,0.45364636182785034,16.94830894470215,64.33787536621094,12946.676829020858,1090.418212890625,615.0413818359375,56.4041793346405,-0.03945913165807724,-0.022256599739193916,28.719476318359398
306.7,1887,-24.320465087890625,0.4557337760925293,16.94698715209961,64.34353637695312,12938.975144140428,1090.4290771484375,617.50390625,56.62944316864014,-0.0393851175904274,-0.022303573787212372,28.719323730468773
306.8,1887,-24.376920700073242,0.45484602451324463,16.945789337158203,64.43769836425781,12926.480159997347,1091.9476318359375,615.7058715820312,56.38602375984192,-0.03959182649850845,-0.022324256598949432,28.719750976562523
306.9,1887,-24.393173217773438,0.45788106322288513,16.944637298583984,64.63240814208984,12912.42898555377,1095.1727294921875,619.1405639648438,56.53359889984131,-0.039398442953825,-0.022273357957601547,28.719934082031273
307,1887,-24.45138931274414,0.45807668566703796,16.944454193115234,64.80134582519531,12904.885833917435,1098.0234375,619.043212890625,56.37795925140381,-0.03949867933988571,-0.022268550470471382,28.720330810546898
307.1,1887,-24.55784034729004,0.4607235789299011,16.943405151367188,65.02799987792969,12897.107213786192,1101.7957763671875,622.2449340820312,56.475526094436646,-0.03946651890873909,-0.02228892222046852,28.720269775390648
307.2,1887,-24.672046661376953,0.4608052968978882,16.94281578063965,65.27935028076172,12889.167729039618,1106.0159912109375,621.97216796875,56.23536705970764,-0.03966744616627693,-0.022307133302092552,28.720239257812523
307.3,1887,-24.78081512451172,0.4635169804096222,16.9423828125,65.56702423095703,12884.11098482722,1110.861572265625,625.3868408203125,56.297457218170166,-0.03962478041648865,-0.02230774238705635,28.720391845703148
307.4,1887,-24.70458984375,0.46338191628456116,16.942890167236328,65.80272674560547,12886.091484692795,1114.888427734375,625.3007202148438,56.08639717102051,-0.039508335292339325,-0.022158801555633545,28.720056152343773
307.5,1887,-24.77128791809082,0.46586570143699646,16.94301986694336,65.9998779296875,12889.895116865468,1118.2371826171875,628.8379516601562,56.234753131866455,-0.03939216583967209,-0.022152086719870567,28.719842529296898
307.6,1887,-24.963550567626953,0.4654824733734131,16.94247817993164,66.21611785888672,12887.6418465652,1121.8651123046875,628.2108154296875,55.99700212478638,-0.03973753750324249,-0.022251827642321587,28.719354248046898
307.7,1887,-25.019397735595703,0.4682476222515106,16.942251205444336,66.45315551757812,12888.347086364302,1125.8660888671875,631.9772338867188,56.132543087005615,-0.03958908095955849,-0.022222356870770454,28.719323730468773
307.8,1887,-24.9578857421875,0.46678856015205383,16.94454002380371,66.5245590209961,12902.956624219067,1127.22802734375,630.7221069335938,55.95337152481079,-0.03957033529877663,-0.02214093692600727,28.719537353515648
307.9,1887,-24.993627548217773,0.4678376615047455,16.944808959960938,66.55171203613281,12914.615811773792,1127.7060546875,632.7108764648438,56.10600709915161,-0.039502449333667755,-0.02216324768960476,28.719781494140648
308,1887,-24.88358497619629,0.4658913314342499,16.945709228515625,66.54744720458984,12922.627569028704,1127.6937255859375,630.469482421875,55.90786933898926,-0.03946834057569504,-0.0220659077167511,28.721337890625023
308.1,1887,-24.710105895996094,0.46446189284324646,16.948427200317383,66.3634262084961,12944.158948085225,1124.7557373046875,629.5823364257812,55.97503185272217,-0.03924841061234474,-0.021969309076666832,28.723535156250023
308.2,1887,-24.513566970825195,0.46294793486595154,16.950092315673828,66.08740234375,12965.986411288806,1120.1876220703125,628.58837890625,56.11456036567688,-0.03899780660867691,-0.021883448585867882,28.724786376953148
308.3,1887,-24.397470474243164,0.4589347839355469,16.95095443725586,65.74267578125,12980.740494160249,1114.401123046875,623.848388671875,55.98059892654419,-0.03910801187157631,-0.02189289964735508,28.726556396484398
308.4,1887,-24.483659744262695,0.4587595462799072,16.95040512084961,65.46690368652344,12982.908669410377,1109.6905517578125,623.71435546875,56.206148862838745,-0.039254605770111084,-0.02206350304186344,28.729516601562523
308.5,1887,-24.454347610473633,0.4586597681045532,16.948801040649414,65.3263931274414,12970.868302658451,1107.2039794921875,623.0003662109375,56.26789331436157,-0.039252541959285736,-0.022086577489972115,28.731195068359398
308.6,1887,-24.480653762817383,0.45782598853111267,16.948225021362305,65.24820709228516,12956.705222395514,1105.84130859375,621.1888427734375,56.1734139919281,-0.03940935805439949,-0.022137584164738655,28.733666992187523
308.7,1887,-24.43515968322754,0.4592742919921875,16.94819450378418,65.15663146972656,12953.413326209296,1104.2872314453125,622.99560546875,56.41608238220215,-0.03922204300761223,-0.022127538919448853,28.734857177734398
308.8,1887,-24.40070152282715,0.4568389356136322,16.948806762695312,65.03612518310547,12955.229464402684,1102.28466796875,619.7789916992188,56.226760149002075,-0.03937000408768654,-0.022136477753520012,28.735833740234398
308.9,1887,-24.51679801940918,0.4573040306568146,16.94696044921875,65.02693176269531,12944.207906881196,1102.0087890625,619.8821411132812,56.25019669532776,-0.03955074027180672,-0.022247370332479477,28.738122558593773
309,1884,-24.415298461914062,0.4581741392612457,16.94565773010254,65.11529541015625,12930.60785277192,1103.4215087890625,620.4090576171875,56.225937604904175,-0.03935354948043823,-0.022126901894807816,28.739984130859398
309.1,1884,-24.451013565063477,0.45711007714271545,16.949077606201172,64.9828872680664,12920.220428226814,1101.4000244140625,618.4710083007812,56.1531662940979,-0.039534617215394974,-0.02219993993639946,28.741418457031273
309.2,1884,-24.30733299255371,0.4562503397464752,16.95075798034668,64.71658325195312,12917.035775117483,1096.9951171875,617.1556396484375,56.25873804092407,-0.039386067539453506,-0.022158104926347733,28.743707275390648
309.3,1884,-24.417787551879883,0.45439738035202026,16.950475692749023,64.47529602050781,12916.89123010081,1092.886962890625,614.6422729492188,56.24024271965027,-0.039726827293634415,-0.022342463955283165,28.745446777343773
309.4,1884,-24.392011642456055,0.4549749195575714,16.949235916137695,64.36579895019531,12904.489500807196,1090.951171875,614.8326416015625,56.35748505592346,-0.0396726056933403,-0.02235848270356655,28.748437500000023
309.5,1884,-24.517724990844727,0.4548438489437103,16.947843551635742,64.3637466430664,12887.498467234143,1090.82666015625,613.84619140625,56.273484230041504,-0.039941154420375824,-0.022476278245449066,28.750146484375023
309.6,1884,-24.4460391998291,0.4551176428794861,16.947011947631836,64.40937042236328,12874.984832121168,1091.54638671875,613.6193237304688,56.215596199035645,-0.03983909636735916,-0.0223957858979702,28.753015136718773
309.7,1884,-24.44401741027832,0.4551399052143097,16.947099685668945,64.446533203125,12872.31541205515,1092.1817626953125,613.5220947265625,56.173986196517944,-0.039842113852500916,-0.022380905225872993,28.755090332031273
309.8,1884,-24.345901489257812,0.45449158549308777,16.94801902770996,64.41820526123047,12878.114698006435,1091.760986328125,612.9241943359375,56.140875816345215,-0.03972090408205986,-0.022299662232398987,28.757165527343773
309.9,1884,-24.320070266723633,0.4538862109184265,16.950170516967773,64.2601547241211,12892.765034857843,1089.2205810546875,612.8041381835938,56.260788440704346,-0.03968653082847595,-0.022327957674860954,28.759027099609398
310,1887,-24.17841148376465,0.45216137170791626,16.951311111450195,64.00843048095703,12904.585087027901,1085.02685546875,611.0350341796875,56.3152015209198,-0.03956959769129753,-0.022283699363470078,28.761590576171898
310.1,1887,-24.225162506103516,0.45219987630844116,16.94799041748047,63.97789764404297,12911.578035052375,1084.2967529296875,611.418212890625,56.388455629348755,-0.0396212637424469,-0.02234181948006153,28.764001464843773
310.2,1887,-24.28839683532715,0.45352810621261597,16.945571899414062,64.16023254394531,12910.985866758254,1087.2318115234375,613.1859741210938,56.39882683753967,-0.03961016237735748,-0.02233966626226902,28.766381835937523
310.3,1887,-24.347084045410156,0.4543812572956085,16.944658279418945,64.36417388916016,12904.47201552292,1090.62890625,614.029541015625,56.30050301551819,-0.03965132310986519,-0.022323893383145332,28.769311523437523
310.4,1887,-24.40519142150879,0.4554649889469147,16.94499397277832,64.53871154785156,12901.382948634297,1093.6080322265625,615.3467407226562,56.267571449279785,-0.03966087847948074,-0.022316213697195053,28.771234130859398
310.5,1887,-24.550058364868164,0.4552920460700989,16.945598602294922,64.67122650146484,12903.36461418549,1095.8927001953125,615.20751953125,56.13757371902466,-0.039905328303575516,-0.022401882335543633,28.773431396484398
310.6,1887,-24.57402229309082,0.4573633074760437,16.9444637298584,64.86026763916016,12899.360484086461,1099.0224609375,617.8145141601562,56.214916706085205,-0.039775729179382324,-0.02235989086329937,28.774987792968773
310.7,1887,-24.6597900390625,0.4575234651565552,16.943016052246094,65.1407699584961,12889.997697199882,1103.68115234375,617.582275390625,55.95659017562866,-0.03992956131696701,-0.022343220189213753,28.776910400390648
310.8,1887,-24.668209075927734,0.45931556820869446,16.94281578063965,65.40201568603516,12884.787082485864,1108.0943603515625,619.750732421875,55.92941641807556,-0.039803437888622284,-0.022261831909418106,28.778192138671898
310.9,1887,-24.810440063476562,0.4608237147331238,16.942989349365234,65.64387512207031,12883.725142887548,1112.2034912109375,621.734375,55.90113401412964,-0.039905209094285965,-0.022307464852929115,28.778436279296898
311,1887,-24.78289222717285,0.46258074045181274,16.942272186279297,65.94242858886719,12878.769813323946,1117.214599609375,623.8648681640625,55.841100215911865,-0.03972477465867996,-0.022182751446962357,28.777947998046898
311.1,1887,-24.831579208374023,0.46439129114151,16.942968368530273,66.17709350585938,12881.755134192537,1121.2364501953125,626.451904296875,55.8715283870697,-0.039638444781303406,-0.02214660495519638,28.778222656250023
311.2,1887,-24.744911193847656,0.4636124074459076,16.944992065429688,66.2570571899414,12900.231251243367,1122.725341796875,626.2982177734375,55.78374266624451,-0.039509791880846024,-0.02204004116356373,28.777886962890648
311.3,1887,-24.767820358276367,0.46210339665412903,16.947559356689453,66.1402816772461,12926.565255047486,1120.9163818359375,625.5339965820312,55.805593729019165,-0.039594683796167374,-0.022096047177910805,28.777917480468773
311.4,1887,-24.691564559936523,0.4634230136871338,16.947059631347656,66.0694580078125,12935.698401867248,1119.68310546875,627.7635498046875,56.06618523597717,-0.03933258727192879,-0.022052280604839325,28.777520751953148
311.5,1887,-24.691076278686523,0.4617426097393036,16.94673728942871,66.03153228759766,12936.29057016137,1119.01904296875,625.515869140625,55.89858889579773,-0.039473142474889755,-0.022064929828047752,28.776757812500023
311.6,1887,-24.64923858642578,0.4636802673339844,16.946393966674805,66.03758239746094,12933.843796048455,1119.098876953125,628.02197265625,56.118541955947876,-0.039249006658792496,-0.022025970742106438,28.775659179687523
311.7,1887,-24.678747177124023,0.4629020690917969,16.946069717407227,66.05438995361328,12932.069622537329,1119.3623046875,626.8819580078125,56.00349307060242,-0.03936745598912239,-0.022047149017453194,28.774316406250023
311.8,1887,-24.750736236572266,0.4646705687046051,16.94603157043457,66.0794677734375,12929.364066217142,1119.7847900390625,629.145263671875,56.18448257446289,-0.03934025391936302,-0.022103119641542435,28.773187255859398
311.9,1887,-24.657262802124023,0.4640662372112274,16.94574546813965,66.12418365478516,12928.760241066837,1120.5235595703125,628.2977294921875,56.07179403305054,-0.039244554936885834,-0.022005125880241394,28.773187255859398
312,1887,-24.598052978515625,0.46224358677864075,16.948097229003906,66.00218963623047,12941.881198386971,1118.611572265625,626.4651489257812,56.003814935684204,-0.03926483914256096,-0.02198980748653412,28.772912597656273
312.1,1887,-24.50421905517578,0.46115642786026,16.950265884399414,65.73099517822266,12961.448397176575,1114.1578369140625,625.9367065429688,56.180256605148315,-0.03914807736873627,-0.021993489935994148,28.772912597656273
312.2,1887,-24.372526168823242,0.4576772451400757,16.951444625854492,65.41935729980469,12975.926212556467,1108.95263671875,621.908203125,56.080687046051025,-0.039189908653497696,-0.021977968513965607,28.772851562500023
312.3,1887,-24.356372833251953,0.45603564381599426,16.95106315612793,65.13790893554688,12980.468889411173,1104.1568603515625,619.89453125,56.1418890953064,-0.03929115831851959,-0.022058798000216484,28.772180175781273
312.4,1887,-24.242494583129883,0.4562586843967438,16.94942283630371,65.00342559814453,12970.913764397568,1101.7705078125,619.7411499023438,56.24956488609314,-0.039117127656936646,-0.022003214806318283,28.771386718750023
312.5,1887,-24.3958683013916,0.4550352096557617,16.94829750061035,64.9293441772461,12958.320862662546,1100.44189453125,617.479248046875,56.11193776130676,-0.03950880840420723,-0.02216915786266327,28.770166015625023
312.6,1887,-24.353412628173828,0.4561328589916229,16.948511123657227,64.86811828613281,12950.935078584687,1099.41796875,618.6159057617188,56.26758337020874,-0.03936757892370224,-0.02215118519961834,28.768823242187523
312.7,1887,-24.304824829101562,0.45450833439826965,16.94915771484375,64.72793579101562,12954.446123667154,1097.083984375,616.579833984375,56.20169639587402,-0.0394187793135643,-0.022154023870825768,28.767724609375023
312.8,1887,-24.38871192932129,0.4535808265209198,16.949560165405273,64.6062240600586,12955.785496442637,1095.047119140625,615.3851928710938,56.19714856147766,-0.039631620049476624,-0.022271838039159775,28.766656494140648
312.9,1887,-24.372161865234375,0.4539968967437744,16.948423385620117,64.56977844238281,12949.305450090234,1094.35595703125,615.6416015625,56.256067752838135,-0.03958822786808014,-0.02227078191936016,28.764306640625023
313,1887,-24.452512741088867,0.4536982476711273,16.947385787963867,64.59630584716797,12937.2580892246,1094.738525390625,614.6642456054688,56.14712834358215,-0.039781901985406876,-0.02233639545738697,28.763177490234398
313.1,1887,-24.443212509155273,0.4557819366455078,16.946767807006836,64.64575958251953,12929.970222738682,1095.53662109375,617.1393432617188,56.33215308189392,-0.03960728272795677,-0.022311633452773094,28.762292480468773
313.2,1887,-24.47349739074707,0.4556747376918793,16.946044921875,64.7353515625,12921.644896052436,1097.0081787109375,616.596923828125,56.207144260406494,-0.03969123959541321,-0.022309312596917152,28.760797119140648
313.3,1887,-24.464895248413086,0.4578664302825928,16.945804595947266,64.84801483154297,12913.638967225615,1098.9017333984375,619.1787719726562,56.34523630142212,-0.039511844515800476,-0.022263040766119957,28.758020019531273
313.4,1887,-24.405689239501953,0.4571906328201294,16.945222854614258,65.00314331054688,12908.662655320884,1101.4927978515625,618.026611328125,56.10809922218323,-0.03948970511555672,-0.02215692214667797,28.756768798828148
313.5,1887,-24.420223236083984,0.4592602252960205,16.945903778076172,65.10446166992188,12908.681306290779,1103.25390625,620.8251953125,56.27219080924988,-0.03933510184288025,-0.022134725004434586,28.754510498046898
313.6,1887,-24.43060874938965,0.45783835649490356,16.94687271118164,65.12667846679688,12917.894885418207,1103.6934814453125,619.3448486328125,56.11565709114075,-0.03944588825106621,-0.02213531918823719,28.753015136718773
313.7,1887,-24.3894100189209,0.4587063491344452,16.946605682373047,65.18670654296875,12922.15663203889,1104.693359375,620.7237548828125,56.18968605995178,-0.03929189220070839,-0.02207799069583416,28.751306152343773
313.8,1887,-24.26352882385254,0.4582692086696625,16.947105407714844,65.1832504272461,12927.814870030355,1104.6673583984375,620.4037475585938,56.162041425704956,-0.039109256118535995,-0.021964555606245995,28.749261474609398
313.9,1887,-24.375652313232422,0.4573158919811249,16.94886589050293,65.05228424072266,12940.66072554456,1102.5625,619.7283325195312,56.20800256729126,-0.0393328033387661,-0.022108182311058044,28.748559570312523
314,1887,-24.322002410888672,0.45776140689849854,16.949481964111328,64.91291046142578,12952.113586744837,1100.240234375,620.881103515625,56.43141269683838,-0.03917336463928223,-0.02210608310997486,28.748559570312523
314.1,1887,-24.321664810180664,0.45669305324554443,16.94892120361328,64.80908203125,12950.1354182505,1098.4439697265625,619.3374633789062,56.38315677642822,-0.03927045688033104,-0.022141924127936363,28.748895263671898
314.2,1887,-24.368188858032227,0.4561482071876526,16.94796371459961,64.8028335571289,12942.699509691052,1098.276123046875,618.2433471679688,56.29216432571411,-0.039415206760168076,-0.022187672555446625,28.749322509765648
314.3,1887,-24.378826141357422,0.45591023564338684,16.948366165161133,64.75484466552734,12941.756470025808,1097.48876953125,617.8757934570312,56.29905462265015,-0.03945586830377579,-0.022213280200958252,28.750268554687523
314.4,1887,-24.441726684570312,0.4556901454925537,16.94830322265625,64.70209503173828,12941.151479189884,1096.5906982421875,617.5486450195312,56.31532669067383,-0.039578624069690704,-0.022288832813501358,28.752709960937523
314.5,1887,-24.407827377319336,0.45540547370910645,16.948257446289062,64.64756774902344,12941.165467417306,1095.66357421875,617.1635131835938,56.327831745147705,-0.039548397064208984,-0.022276751697063446,28.753869628906273
314.6,1887,-24.45552635192871,0.45498791337013245,16.9471435546875,64.67814636230469,12931.088115246679,1096.10986328125,616.1174926757812,56.209468841552734,-0.0396929569542408,-0.022311201319098473,28.753656005859398
314.7,1887,-24.387653350830078,0.45593157410621643,16.94724464416504,64.72219848632812,12928.925768424642,1096.8629150390625,617.2921142578125,56.277960538864136,-0.03950747475028038,-0.022234002128243446,28.753686523437523
314.8,1887,-24.446514129638672,0.4536876380443573,16.948272705078125,64.6697006225586,12935.390660864005,1096.0396728515625,614.5611572265625,56.07106685638428,-0.03977881371974945,-0.02230440452694893,28.753869628906273
314.9,1887,-24.388187408447266,0.45542484521865845,16.947633743286133,64.68640899658203,12933.564031500053,1096.2816162109375,616.8272705078125,56.26540184020996,-0.03953811526298523,-0.022246280685067177,28.753411865234398
315,1887,-24.308565139770508,0.4539487361907959,16.94843292236328,64.6290512084961,12938.35266802023,1095.361083984375,615.0556640625,56.150949001312256,-0.03952254727482796,-0.02219228446483612,28.753411865234398
315.1,1887,-24.376821517944336,0.4556059241294861,16.947315216064453,64.6310043334961,12934.261111499825,1095.322021484375,617.1057739257812,56.34012222290039,-0.03950185328722,-0.022255392745137215,28.753381347656273
315.2,1887,-24.39747428894043,0.45712393522262573,16.9457950592041,64.75482940673828,12920.966467022556,1097.322021484375,618.5254516601562,56.36681318283081,-0.03944457694888115,-0.02223365008831024,28.753381347656273
315.3,1887,-24.51896858215332,0.4585055112838745,16.944366455078125,64.98123931884766,12903.842545289011,1101.06591796875,619.5726318359375,56.270259618759155,-0.03957400098443031,-0.022268392145633698,28.753015136718773
315.4,1887,-24.489843368530273,0.45907673239707947,16.94462776184082,65.18482208251953,12898.631930574993,1104.5325927734375,620.0940551757812,56.14085793495178,-0.039493758231401443,-0.02217213436961174,28.752923583984398
315.5,1887,-24.74203109741211,0.46023985743522644,16.945079803466797,65.33069610595703,12901.184782079177,1107.0338134765625,621.7881469726562,56.16704225540161,-0.039791736751794815,-0.02234984189271927,28.751733398437523
315.6,1887,-24.758996963500977,0.46028536558151245,16.94479751586914,65.49446868896484,12900.916674386955,1109.79052734375,621.8367309570312,56.03190064430237,-0.03981591388583183,-0.02230961248278618,28.749932861328148
315.7,1887,-24.892990112304688,0.4608403146266937,16.944820404052734,65.64253997802734,12898.20295826744,1112.301025390625,622.4554443359375,55.961060523986816,-0.0399915985763073,-0.02237972430884838,28.748498535156273
315.8,1887,-24.835693359375,0.4624529182910919,16.944183349609375,65.86331176757812,12896.151351579147,1116,624.5342407226562,55.96184730529785,-0.039766743779182434,-0.022254204377532005,28.747949218750023
315.9,1887,-24.966569900512695,0.46297624707221985,16.94463348388672,66.01406860351562,12898.219277866097,1118.584228515625,625.3412475585938,55.90471029281616,-0.03992471098899841,-0.022319795563817024,28.747064208984398
316,1887,-24.896121978759766,0.46435314416885376,16.94538688659668,66.11477661132812,12904.067522613354,1120.3404541015625,627.4854125976562,56.00845813751221,-0.03967601805925369,-0.022221924737095833,28.744989013671898
316.1,1887,-24.88254165649414,0.4639090597629547,16.946125030517578,66.15413665771484,12913.584180001553,1121.0562744140625,627.34765625,55.96040487289429,-0.03966308385133743,-0.022195622324943542,28.743707275390648
316.2,1887,-24.682353973388672,0.464241087436676,16.947528839111328,66.08631134033203,12929.154242805838,1119.9996337890625,628.5535888671875,56.120872497558594,-0.03926849737763405,-0.022037822753190994,28.743066406250023
316.3,1887,-24.61551284790039,0.4615395963191986,16.947919845581055,66.00151062011719,12936.922371766515,1118.5882568359375,625.2713623046875,55.898261070251465,-0.03936772793531418,-0.022005872800946236,28.742456054687523
316.4,1887,-24.646488189697266,0.4623262286186218,16.947174072265625,65.98343658447266,12937.006301131036,1118.2327880859375,626.3411254882812,56.01169466972351,-0.03934994339942932,-0.02204057015478611,28.742028808593773
316.5,1887,-24.681215286254883,0.46153584122657776,16.946304321289062,66.03050231933594,12928.718276384576,1118.9730224609375,624.8697509765625,55.84315061569214,-0.03949817270040512,-0.022057024762034416,28.741571044921898
316.6,1887,-24.662574768066406,0.4627939760684967,16.946313858032227,66.09929656982422,12925.271344011118,1120.139404296875,626.4061279296875,55.92215657234192,-0.0393715426325798,-0.02201741561293602,28.740838623046898
316.7,1887,-24.535085678100586,0.4614311456680298,16.94855499267578,65.97801208496094,12939.87738480903,1118.23193359375,625.2672729492188,55.915701389312744,-0.03923935815691948,-0.021940963342785835,28.740594482421898
316.8,1887,-24.529277801513672,0.45927512645721436,16.94999885559082,65.77495574951172,12955.43812212837,1114.8853759765625,623.0941162109375,55.888622999191284,-0.039366889744997025,-0.022001612931489944,28.739343261718773
316.9,1887,-24.443395614624023,0.4586847424507141,16.950593948364258,65.54788970947266,12966.338448345548,1111.07568359375,622.8167114257812,56.05529546737671,-0.03924652934074402,-0.02199975773692131,28.739221191406273
317,1887,-24.352874755859375,0.45743080973625183,16.951322555541992,65.29546356201172,12974.324560516856,1106.844482421875,621.4966430664062,56.15031719207764,-0.039184242486953735,-0.022002074867486954,28.739099121093773
317.1,1887,-24.403926849365234,0.45642149448394775,16.950773239135742,65.07392883300781,12972.894264263143,1103.053466796875,620.0569458007812,56.21277689933777,-0.03935755789279938,-0.022123975679278374,28.739129638671898
317.2,1887,-24.332197189331055,0.45706701278686523,16.950157165527344,64.91154479980469,12969.382053495057,1100.2608642578125,620.7658081054688,56.41987323760986,-0.03919706493616104,-0.022114934399724007,28.739251708984398
317.3,1887,-24.512855529785156,0.4559880197048187,16.947593688964844,64.91162109375,12950.0782996552,1100.0958251953125,618.3786010742188,56.21134042739868,-0.039640530943870544,-0.022282473742961884,28.738854980468773
317.4,1887,-24.630685806274414,0.45897936820983887,16.945802688598633,65.04007720947266,12929.233509427886,1102.1563720703125,621.433349609375,56.38341307640076,-0.03963528200984001,-0.022347724065184593,28.738854980468773
317.5,1887,-24.788537979125977,0.45860692858695984,16.943187713623047,65.32589721679688,12901.760630774641,1106.8289794921875,619.6096801757812,55.9806227684021,-0.04000669717788696,-0.022395998239517212,28.738458251953148
317.6,1887,-24.813085556030273,0.462981253862381,16.941774368286133,65.7466812133789,12878.995956333907,1113.865478515625,624.416015625,56.058478355407715,-0.039738066494464874,-0.022276556119322777,28.738153076171898
317.7,1887,-24.8940486907959,0.4633799195289612,16.942445755004883,66.04945373535156,12875.306561351832,1119.039306640625,624.774658203125,55.831342935562134,-0.03984484449028969,-0.02224591188132763,28.736901855468773
317.8,1887,-24.818185806274414,0.4646216034889221,16.94436264038086,66.2178726196289,12888.295796197093,1122.0196533203125,627.080810546875,55.888575315475464,-0.03957733139395714,-0.022119207307696342,28.734765625000023
317.9,1887,-24.969797134399414,0.4632156193256378,16.94497299194336,66.30963897705078,12898.921020608343,1123.614990234375,625.6986083984375,55.686211585998535,-0.0399070680141449,-0.0222227331250906,28.733911132812523
318,1887,-24.973377227783203,0.46402856707572937,16.945829391479492,66.37372589111328,12909.51360582228,1124.7578125,627.3114624023438,55.77302575111389,-0.0398101732134819,-0.022203337401151657,28.733666992187523
318.1,1887,-25.068918228149414,0.4627501964569092,16.94556427001953,66.43716430664062,12913.28343311202,1125.815185546875,625.7659301757812,55.58335781097412,-0.04006117582321167,-0.02226734720170498,28.733392333984398
318.2,1887,-24.94624137878418,0.4648429751396179,16.94550323486328,66.51924133300781,12915.096074248551,1127.2020263671875,628.6842041015625,55.773866176605225,-0.03968008607625961,-0.022131118923425674,28.732965087890648
318.3,1887,-24.79736328125,0.46311548352241516,16.946739196777344,66.49833679199219,12924.496163074917,1126.929931640625,626.8037109375,55.6204617023468,-0.03956161066889763,-0.022004351019859314,28.732598876953148
318.4,1887,-24.674518585205078,0.46310198307037354,16.948755264282227,66.3507080078125,12940.987117517698,1124.5618896484375,627.5851440429688,55.80707788467407,-0.039316605776548386,-0.021941449493169785,28.731591796875023
318.5,1887,-24.510000228881836,0.461568146944046,16.949724197387695,66.15117645263672,12955.051114503076,1121.244140625,626.1863403320312,55.84745407104492,-0.0391417033970356,-0.02185964584350586,28.730065917968773
318.6,1887,-24.49054527282715,0.4596419334411621,16.94863510131836,66.0378646850586,12954.324892362845,1119.251708984375,623.5381469726562,55.71027398109436,-0.039276737719774246,-0.02188117802143097,28.729028320312523
318.7,1887,-24.520626068115234,0.4607003927230835,16.9481258392334,65.96292114257812,12949.814854705453,1117.9478759765625,624.7564697265625,55.88421821594238,-0.03924829512834549,-0.021933604031801224,28.728479003906273
318.8,1887,-24.53192710876465,0.45978814363479614,16.948286056518555,65.90008544921875,12947.90429597698,1116.8935546875,623.4273681640625,55.81797957420349,-0.03935009613633156,-0.021964428946375847,28.728417968750023
318.9,1887,-24.62519645690918,0.4599390923976898,16.949077606201172,65.76065826416016,12952.108924002365,1114.58251953125,623.8345336914062,55.970245599746704,-0.039473921060562134,-0.022093649953603745,28.727960205078148
319,1887,-24.58482551574707,0.4597090780735016,16.948320388793945,65.68306732177734,12949.70411457171,1113.2176513671875,623.4067993164062,56.00044131278992,-0.03943624719977379,-0.022084472700953484,28.728265380859398
319.1,1887,-24.565031051635742,0.4591061472892761,16.94777488708496,65.65535736083984,12944.212569623669,1112.712158203125,622.3251342773438,55.92867136001587,-0.03947298228740692,-0.022076714783906937,28.728295898437523
319.2,1887,-24.456890106201172,0.459304541349411,16.948503494262695,65.57725524902344,12945.876003001053,1111.436279296875,622.674072265625,56.02427124977112,-0.03927719220519066,-0.022004760801792145,28.729089355468773
319.3,1887,-24.521984100341797,0.45837754011154175,16.947540283203125,65.56753540039062,12941.941814039126,1111.20849609375,621.228515625,55.905669927597046,-0.03947336971759796,-0.022067852318286896,28.729302978515648
319.4,1887,-24.595434188842773,0.4604443907737732,16.947189331054688,65.59091186523438,12933.80532842305,1111.58154296875,623.6373901367188,56.10360503196716,-0.039438679814338684,-0.022126521915197372,28.730157470703148
319.5,1887,-24.551748275756836,0.4591662287712097,16.94740104675293,65.60942077636719,12932.794678991942,1111.9091796875,621.8576049804688,55.92701435089111,-0.039481304585933685,-0.022080713883042336,28.731134033203148
319.6,1887,-24.612281799316406,0.459939181804657,16.9486083984375,65.49951171875,12941.008099858827,1110.1256103515625,623.2999877929688,56.14680051803589,-0.03948705643415451,-0.022170718759298325,28.732415771484398
319.7,1887,-24.57172966003418,0.4595198929309845,16.947553634643555,65.49059295654297,12938.385307217543,1109.9053955078125,622.6055908203125,56.09537959098816,-0.03946596384048462,-0.022138580679893494,28.733972167968773
319.8,1887,-24.61988067626953,0.45904919505119324,16.947528839111328,65.45260620117188,12937.09605892365,1109.2598876953125,621.9058837890625,56.06493353843689,-0.03958779200911522,-0.022194869816303253,28.733972167968773
319.9,1887,-24.47402000427246,0.45992839336395264,16.947546005249023,65.45246887207031,12934.12356059686,1109.2586669921875,622.9537963867188,56.15946650505066,-0.03928705304861069,-0.022063400596380234,28.734094238281273
320,1887,-24.37188148498535,0.4573238790035248,16.94899559020996,65.35906219482422,12943.811573770958,1107.7705078125,619.8900756835938,55.958348512649536,-0.03931645676493645,-0.022000839933753014,28.734094238281273
320.1,1887,-24.317798614501953,0.4580250680446625,16.950531005859375,65.15853881835938,12954.650118650365,1104.4718017578125,621.3603515625,56.25860095024109,-0.039136383682489395,-0.0220175813883543,28.734155273437523
320.2,1887,-24.14073944091797,0.45616602897644043,16.951078414916992,64.95584869384766,12964.789252158764,1101.0716552734375,619.32275390625,56.24726414680481,-0.03897925466299057,-0.021924765780568123,28.734124755859398
320.3,1887,-24.133331298828125,0.453652024269104,16.95195198059082,64.67185974121094,12544.614373968068,1096.314208984375,595.9485473632812,54.359281063079834,-0.04049566015601158,-0.02201315015554428,28.734185791015648
320.4,1887,-24.07143211364746,0.45434099435806274,16.951595306396484,64.42794036865234,12747.1790609254,1092.1563720703125,606.4913940429688,55.53154945373535,-0.03968965262174606,-0.02204027958214283,28.734033203125023
320.5,1887,-24.07078742980957,0.4522821605205536,16.951683044433594,64.18330383300781,12854.427966241587,1088.0150146484375,608.8226928710938,55.95719814300537,-0.03953661397099495,-0.022123580798506737,28.734185791015648
320.6,1887,-24.132314682006836,0.451038658618927,16.95122718811035,64.0122299194336,12905.895317662924,1085.0858154296875,609.5797119140625,56.17802143096924,-0.03958844766020775,-0.022240005433559418,28.734033203125023
320.7,1887,-24.12710189819336,0.45192617177963257,16.949216842651367,63.965721130371094,12921.000271905488,1084.1688232421875,611.4940795898438,56.40210509300232,-0.03945598751306534,-0.022254006937146187,28.734429931640648
320.8,1887,-24.32353973388672,0.45243483781814575,16.946556091308594,64.11510467529297,12911.797183948625,1086.5302734375,611.7462768554688,56.30274415016174,-0.03976082801818848,-0.02238643728196621,28.733911132812523
320.9,1887,-24.384607315063477,0.455403596162796,16.944278717041016,64.41277313232422,12893.509907967968,1091.427978515625,614.8883056640625,56.33796453475952,-0.03965697064995766,-0.022341929376125336,28.733941650390648
321,1887,-24.52078628540039,0.45633089542388916,16.9438419342041,64.73329162597656,12882.341474058567,1096.8306884765625,615.6066284179688,56.12595081329346,-0.03983190655708313,-0.02235603705048561,28.733911132812523
321.1,1887,-24.55523681640625,0.45889827609062195,16.9434871673584,65.05953216552734,12879.867889176432,1102.3353271484375,618.9512329101562,56.149089336395264,-0.03967232629656792,-0.02227565087378025,28.733972167968773
321.2,1887,-24.72004508972168,0.4592379033565521,16.944297790527344,65.27471923828125,12882.870695329299,1106.0343017578125,619.5537719726562,56.0157835483551,-0.039899758994579315,-0.022350162267684937,28.733911132812523
321.3,1887,-24.644264221191406,0.46117037534713745,16.944387435913086,65.50586700439453,12885.34661158267,1109.956787109375,622.2803955078125,56.06347918510437,-0.03960315138101578,-0.022202903404831886,28.733911132812523
321.4,1887,-24.70960807800293,0.46108949184417725,16.94533920288086,65.63316345214844,12893.636967700368,1112.17626953125,622.5715942382812,55.97777962684631,-0.03968958556652069,-0.02221735008060932,28.733819580078148
321.5,1887,-24.568645477294922,0.46191996335983276,16.945728302001953,65.73523712158203,12904.405571442674,1113.9315185546875,624.2138061523438,56.03700280189514,-0.03935934603214264,-0.022055795416235924,28.733972167968773
321.6,1887,-24.60404396057129,0.46080130338668823,16.94698143005371,65.73928833007812,12915.446945619675,1114.08251953125,623.23486328125,55.941540002822876,-0.039477963000535965,-0.02208458073437214,28.733911132812523
321.7,1887,-24.598648071289062,0.46150854229927063,16.947587966918945,65.71609497070312,12925.770257455772,1113.729248046875,624.6903686523438,56.089961528778076,-0.03937734663486481,-0.022086739540100098,28.733911132812523
321.8,1887,-24.584735870361328,0.4594206213951111,16.947099685668945,65.73365783691406,12926.157265081063,1113.994873046875,621.8828125,55.82456588745117,-0.039532747119665146,-0.022068984806537628,28.733911132812523
321.9,1887,-24.66858673095703,0.46075010299682617,16.947336196899414,65.7238540649414,12928.537595113732,1113.84423828125,623.7972412109375,56.00399374961853,-0.03954584151506424,-0.022147249430418015,28.734002685546898
322,1887,-24.664934158325195,0.4583699405193329,16.94719886779785,65.72491455078125,12929.601866083285,1113.8531494140625,620.6259155273438,55.71882128715515,-0.03974203020334244,-0.022143792361021042,28.733941650390648
322.1,1887,-24.685222625732422,0.45853307843208313,16.948205947875977,65.65924072265625,12936.343026014196,1112.8062744140625,621.1704711914062,55.8201789855957,-0.03973985090851784,-0.022182855755090714,28.733941650390648
322.2,1887,-24.531932830810547,0.45841020345687866,16.949464797973633,65.51338958740234,12948.504624070429,1110.4168701171875,621.5878295898438,55.97788095474243,-0.03946655988693237,-0.0220925435423851,28.733636474609398
322.3,1887,-24.56437873840332,0.4565172791481018,16.949628829956055,65.35116577148438,12953.967026878012,1107.677978515625,619.2822265625,55.908143520355225,-0.039665885269641876,-0.022176461294293404,28.733972167968773
322.4,1887,-24.525075912475586,0.45773518085479736,16.949615478515625,65.21589660644531,12954.80865189446,1105.3843994140625,620.9747314453125,56.17726445198059,-0.039494484663009644,-0.022186921909451485,28.733911132812523
322.5,1887,-24.57550048828125,0.45733606815338135,16.948200225830078,65.17171478271484,12946.636030024216,1104.543212890625,620.0418701171875,56.13558888435364,-0.039635226130485535,-0.02224946767091751,28.733941650390648
322.6,1887,-24.637502670288086,0.4580298364162445,16.947254180908203,65.21644592285156,12936.512050428857,1105.23974609375,620.496826171875,56.141382455825806,-0.03970608860254288,-0.022291546687483788,28.733941650390648
322.7,1887,-24.483224868774414,0.45744824409484863,16.948305130004883,65.16517639160156,12939.434424274057,1104.4393310546875,619.8489379882812,56.12340569496155,-0.039498694241046906,-0.022168012335896492,28.733605957031273
322.8,1887,-24.588703155517578,0.45588231086730957,16.9487247467041,65.07601165771484,12943.240387817967,1102.9554443359375,617.9088134765625,56.02300763130188,-0.03979341685771942,-0.022293468937277794,28.733514404296898
322.9,1887,-24.54009437561035,0.4574294686317444,16.947479248046875,65.10653686523438,12937.697552702717,1103.3917236328125,619.7402954101562,56.16684556007385,-0.03959738090634346,-0.02224060148000717,28.733117675781273
323,1887,-24.67930030822754,0.45630404353141785,16.946857452392578,65.159912109375,12928.176232572045,1104.2557373046875,617.7606201171875,55.94361424446106,-0.03994961827993393,-0.02234926074743271,28.731591796875023
323.1,1887,-24.668270111083984,0.4583815932273865,16.9467716217041,65.22062683105469,12923.928474178781,1105.279052734375,620.3693237304688,56.127846240997314,-0.03976384550333023,-0.022318590432405472,28.730310058593773
323.2,1887,-24.6685791015625,0.45706379413604736,16.947113037109375,65.24634552001953,12923.84454481426,1105.7371826171875,618.5818481445312,55.94293475151062,-0.039879247546195984,-0.022309621796011925,28.729211425781273
323.3,1887,-24.578109741210938,0.4578824043273926,16.94806671142578,65.2237777709961,12931.184867153002,1105.4169921875,620.0416870117188,56.09120726585388,-0.03963944688439369,-0.022234244272112846,28.728845214843773
323.4,1887,-24.42437744140625,0.45646125078201294,16.948942184448242,65.12590026855469,12940.75281470841,1103.8150634765625,618.5745849609375,56.03969097137451,-0.039484936743974686,-0.022127235308289528,28.728479003906273
323.5,1887,-24.441905975341797,0.4563332796096802,16.948486328125,65.07583618164062,12941.673706346905,1102.9368896484375,618.4451904296875,56.07258081436157,-0.03952154144644737,-0.022160746157169342,28.727258300781273
323.6,1887,-24.374666213989258,0.4570308327674866,16.948198318481445,65.03369903564453,12939.654738855925,1102.2039794921875,619.2938842773438,56.186866760253906,-0.039358802139759064,-0.022114478051662445,28.725274658203148
323.7,1887,-24.31623649597168,0.4554418623447418,16.94891929626465,64.95050048828125,12943.40824654701,1100.8408203125,617.31982421875,56.07712268829346,-0.039390016347169876,-0.022088786587119102,28.723992919921898
323.8,1887,-24.359371185302734,0.45618370175361633,16.94901466369629,64.8440170288086,12946.786403468983,1099.042236328125,618.4866943359375,56.27506375312805,-0.039385441690683365,-0.022164182737469673,28.723962402343773
323.9,1887,-24.352828979492188,0.454742968082428,16.948501586914062,64.7986068725586,12944.45153517543,1098.2392578125,616.4221801757812,56.1282217502594,-0.039506737142801285,-0.022174429148435593,28.723321533203148
324,1887,-24.39394187927246,0.4556198716163635,16.948415756225586,64.74869537353516,12941.775120995702,1097.3878173828125,617.483154296875,56.26845359802246,-0.03950543701648712,-0.02222909778356552,28.722161865234398
324.1,1887,-24.250486373901367,0.4550115466117859,16.948904037475586,64.69782257080078,12944.153119657134,1096.55712890625,616.7720336914062,56.24622702598572,-0.03931839391589165,-0.022115113213658333,28.721276855468773
324.2,1887,-24.247058868408203,0.453804075717926,16.950342178344727,64.52068328857422,12953.018158784676,1093.647705078125,615.5565795898438,56.28472566604614,-0.03939046338200569,-0.022170813754200935,28.720422363281273
324.3,1887,-24.180465698242188,0.4546974003314972,16.949783325195312,64.39200592041016,12955.808810155004,1091.4305419921875,616.9011840820312,56.52226209640503,-0.03919665887951851,-0.022154835984110832,28.719995117187523
324.4,1887,-24.096603393554688,0.4528294801712036,16.949481964111328,64.31366729736328,12952.169539654518,1090.0833740234375,614.1943969726562,56.34379982948303,-0.03923286125063896,-0.02210528589785099,28.719873046875023
324.5,1887,-24.200111389160156,0.4538511335849762,16.948820114135742,64.25421905517578,12949.917435039868,1089.033203125,615.4730224609375,56.51554465293884,-0.03931953012943268,-0.022221647202968597,28.719812011718773
324.6,1887,-24.236351013183594,0.4541233479976654,16.94794273376465,64.25163269042969,12940.115184675173,1088.9329833984375,615.3760375976562,56.51183724403381,-0.039384618401527405,-0.022256972268223763,28.720147705078148
324.7,1887,-24.26569175720215,0.453746497631073,16.948450088500977,64.21337127685547,12937.555339057279,1088.317138671875,614.7437744140625,56.48571848869324,-0.039472855627536774,-0.02229652740061283,28.720330810546898
324.8,1887,-24.17231559753418,0.45440757274627686,16.948440551757812,64.19522094726562,12937.767493839818,1088.0089111328125,615.6494750976562,56.58496618270874,-0.03926311433315277,-0.022217020392417908,28.719995117187523
324.9,1887,-24.191505432128906,0.45287173986434937,16.949674606323242,64.07107543945312,12943.636720928205,1085.98388671875,613.8470458984375,56.524503231048584,-0.039409663528203964,-0.022276118397712708,28.719842529296898
325,1887,-24.21851921081543,0.4537019729614258,16.948959350585938,64.0473861694336,12942.426739256358,1085.5364990234375,614.9148559570312,56.64616823196411,-0.03938515856862068,-0.022310182452201843,28.719445800781273
325.1,1887,-24.28272247314453,0.45295992493629456,16.947290420532227,64.09943389892578,12929.853654176848,1086.311767578125,613.312744140625,56.45826458930969,-0.03959272429347038,-0.022353364154696465,28.719506835937523
325.2,1887,-24.398048400878906,0.4557211101055145,16.945430755615234,64.30931854248047,12911.713254584103,1089.7491455078125,616.1857299804688,56.54381513595581,-0.039595283567905426,-0.022388683632016182,28.719415283203148
325.3,1887,-24.28331184387207,0.4557912349700928,16.94489097595215,64.55052947998047,12900.132167965807,1093.8016357421875,615.727783203125,56.29245042800903,-0.039438389241695404,-0.02220083586871624,28.719323730468773
325.4,1887,-24.385839462280273,0.4573265016078949,16.944765090942383,64.75643157958984,12897.097888301245,1097.282470703125,617.6564331054688,56.28964900970459,-0.039481233805418015,-0.02222384698688984,28.719262695312523
325.5,1887,-24.482128143310547,0.45725977420806885,16.945114135742188,64.88481140136719,12897.736684020101,1099.4805908203125,617.596923828125,56.17170333862305,-0.03964094817638397,-0.022266995161771774,28.718743896484398
325.6,1887,-24.626312255859375,0.46016958355903625,16.943300247192383,65.18449401855469,12887.159252719204,1104.4404296875,621.017333984375,56.22913837432861,-0.03965479135513306,-0.02229754626750946,28.717889404296898
325.7,1887,-24.620975494384766,0.4593241810798645,16.94432258605957,65.39600372314453,12890.145739273414,1108.0909423828125,620.0200805664062,55.953896045684814,-0.03970996290445328,-0.022219272330403328,28.715600585937523
325.8,1887,-24.58534049987793,0.4606200158596039,16.946989059448242,65.38048553466797,12910.498610169783,1108.0023193359375,622.7510375976562,56.204843521118164,-0.0394786037504673,-0.022188888862729073,28.714318847656273
325.9,1887,-24.675745010375977,0.4600638449192047,16.94640350341797,65.41082000732422,12917.30737986656,1108.4781494140625,622.3270874023438,56.14247918128967,-0.03965076431632042,-0.022260921075940132,28.713891601562523
326,1887,-24.852998733520508,0.4616117775440216,16.9436092376709,65.63968658447266,12902.366787296183,1112.1732177734375,623.6987915039062,56.079286336898804,-0.039847761392593384,-0.022346338257193565,28.713311767578148
326.1,1887,-24.85026741027832,0.4624984562397003,16.942569732666016,65.95072937011719,12887.580065227427,1117.3748779296875,624.1806030273438,55.861347913742065,-0.03981262072920799,-0.022239867597818375,28.712030029296898
326.2,1887,-24.983564376831055,0.4650753140449524,16.943172454833984,66.18360900878906,12886.842186231013,1121.3603515625,627.6223754882812,55.969732999801636,-0.039806682616472244,-0.02227969467639923,28.710565185546898
326.3,1887,-24.874101638793945,0.46517136693000793,16.944028854370117,66.34961700439453,12893.787341145135,1124.2298583984375,628.09033203125,55.86850047111511,-0.039602745324373245,-0.02212546020746231,28.709436035156273
326.4,1887,-24.828990936279297,0.4647873342037201,16.94628143310547,66.31964111328125,12914.445621673513,1123.871337890625,628.5772705078125,55.929648876190186,-0.03950029984116554,-0.02209237962961197,28.709313964843773
326.5,1887,-24.759313583374023,0.4647544324398041,16.9472599029541,66.24862670898438,12928.810365548426,1122.732666015625,629.2318725585938,56.044673919677734,-0.03934847190976143,-0.022052723914384842,28.709375000000023
326.6,1887,-24.806791305541992,0.46281641721725464,16.94734001159668,66.17838287353516,12937.950506481899,1121.547607421875,627.0509643554688,55.90944290161133,-0.03956104442477226,-0.022118357941508293,28.708612060546898
326.7,1887,-24.745132446289062,0.4635269343852997,16.946889877319336,66.10648345947266,12940.554648153291,1120.29931640625,628.1400756835938,56.06895089149475,-0.03939429298043251,-0.02208796516060829,28.707574462890648
326.8,1887,-24.708961486816406,0.46146953105926514,16.946855545043945,66.02963256835938,12943.249713302914,1118.99462890625,625.4822387695312,55.89680075645447,-0.039503857493400574,-0.022081393748521805,28.706201171875023
326.9,1887,-24.664846420288086,0.4624593257904053,16.946767807006836,66.0090103149414,12941.072212567837,1118.639404296875,626.7183837890625,56.02505803108215,-0.039355549961328506,-0.02204897068440914,28.704888916015648
327,1887,-24.637454986572266,0.4611758887767792,16.946582794189453,65.98819732666016,12937.218455913577,1118.2744140625,624.79296875,55.87116479873657,-0.03943299129605293,-0.022031670436263084,28.704583740234398
327.1,1887,-24.696557998657227,0.46180662512779236,16.946096420288086,66.01959991455078,12929.465480865938,1118.7745361328125,625.2725219726562,55.889058113098145,-0.03949727118015289,-0.022074652835726738,28.704461669921898
327.2,1887,-24.637807846069336,0.46200037002563477,16.946142196655273,66.05020904541016,12927.633023073893,1119.2962646484375,625.4462280273438,55.878520011901855,-0.039392370730638504,-0.022011874243617058,28.704400634765648
327.3,1887,-24.65705108642578,0.46104517579078674,16.946352005004883,66.05221557617188,12931.444815045894,1119.3441162109375,624.3370971679688,55.77704906463623,-0.039493169635534286,-0.02202812395989895,28.703912353515648
327.4,1887,-24.54258918762207,0.4617278575897217,16.947864532470703,65.95352935791016,12941.909174841812,1117.771484375,625.767578125,55.98349571228027,-0.03921997547149658,-0.021956713870167732,28.704675292968773
327.5,1887,-24.692934036254883,0.4602097272872925,16.948400497436523,65.77986145019531,12948.583890692476,1114.8634033203125,624.03173828125,55.973827838897705,-0.03956999629735947,-0.022148841992020607,28.704705810546898
327.6,1887,-24.706491470336914,0.4613892436027527,16.946489334106445,65.79873657226562,12939.153494040034,1115.0576171875,625.1754760742188,56.0666561126709,-0.0395192876458168,-0.02215714380145073,28.705194091796898
327.7,1887,-24.651077270507812,0.4611101448535919,16.945316314697266,65.87110900878906,12927.504797655874,1116.206787109375,624.23486328125,55.924659967422485,-0.039490070194005966,-0.022084686905145645,28.706353759765648
327.8,1887,-24.75115966796875,0.4628430902957916,16.944683074951172,66.00224304199219,12917.154675050555,1118.3870849609375,626.0791625976562,55.98054528236389,-0.0395335927605629,-0.022131120786070824,28.707879638671898
327.9,1887,-24.655027389526367,0.4631626307964325,16.945043563842773,66.09233093261719,12915.997149231536,1119.9373779296875,626.4552612304688,55.93663454055786,-0.039356403052806854,-0.022014647722244263,28.709527587890648
328,1887,-24.72981834411621,0.46337613463401794,16.945653915405273,66.1466293334961,12919.68537852799,1120.89794921875,626.9230346679688,55.93042969703674,-0.03944633901119232,-0.022062508389353752,28.710015869140648
328.1,1887,-24.595434188842773,0.4645436704158783,16.945878982543945,66.15354919433594,12925.518469362209,1121.030029296875,628.786376953125,56.09005689620972,-0.039115723222494125,-0.02194003202021122,28.710870361328148
328.2,1887,-24.69912338256836,0.4621206820011139,16.94599723815918,66.07502746582031,12932.8238211324,1119.707275390625,625.8602905273438,55.89499473571777,-0.039464276283979416,-0.022058553993701935,28.712426757812523
328.3,1887,-24.710487365722656,0.46376514434814453,16.94473648071289,66.09454345703125,12930.213851032919,1119.95458984375,627.9606323242188,56.0701847076416,-0.03935037553310394,-0.022063829004764557,28.714471435546898
328.4,1887,-24.789875030517578,0.4622417986392975,16.94381332397461,66.1824951171875,12923.793254647053,1121.3837890625,625.587158203125,55.787068605422974,-0.03962657228112221,-0.022106502205133438,28.714471435546898
328.5,1887,-24.729736328125,0.46326062083244324,16.945106506347656,66.17450714111328,12927.951255247703,1121.3341064453125,627.167724609375,55.930501222610474,-0.03943081572651863,-0.022053852677345276,28.714562988281273
328.6,1887,-24.590641021728516,0.46255823969841003,16.946550369262695,66.03406524658203,12941.630575979027,1119.049560546875,626.8794555664062,56.01891279220581,-0.039227064698934555,-0.021974576637148857,28.714654541015648
328.7,1887,-24.581987380981445,0.461297869682312,16.947349548339844,65.84848022460938,12953.852789687415,1115.9571533203125,625.7617797851562,56.07399344444275,-0.039283301681280136,-0.022027714177966118,28.715020751953148
328.8,1887,-24.408355712890625,0.4607415795326233,16.947908401489258,65.63780975341797,12963.755289015287,1112.423583984375,625.4849243164062,56.22722506523132,-0.03902309015393257,-0.02194160223007202,28.715081787109398
328.9,1887,-24.44463348388672,0.4576452672481537,16.948575973510742,65.39955139160156,12971.343902390738,1108.4293212890625,621.6452026367188,56.08343482017517,-0.03932248428463936,-0.022053400054574013,28.714929199218773
329,1887,-24.371383666992188,0.45720914006233215,16.948575973510742,65.17667388916016,12972.861625065829,1104.65185546875,621.1254272460938,56.2281608581543,-0.039237458258867264,-0.022062502801418304,28.714898681640648
329.1,1887,-24.333925247192383,0.4569205939769745,16.947330474853516,65.05135345458984,12964.607405202301,1102.44677734375,620.3385009765625,56.269246339797974,-0.03922685235738754,-0.022072652354836464,28.714959716796898
329.2,1887,-24.47162628173828,0.4571923017501831,16.94556999206543,65.05479431152344,12948.34259376948,1102.390625,619.9286499023438,56.23493790626526,-0.039474908262491226,-0.022198690101504326,28.715905761718773
329.3,1887,-24.612470626831055,0.4585736095905304,16.94405746459961,65.14521789550781,12931.761881534085,1103.8243408203125,621.00537109375,56.25944137573242,-0.039633262902498245,-0.022297453135252,28.715325927734398
329.4,1887,-24.690256118774414,0.4580589532852173,16.943222045898438,65.28946685791016,12917.027615318155,1106.2139892578125,619.6016845703125,56.01101517677307,-0.03984859585762024,-0.022319603711366653,28.715722656250023
329.5,1887,-24.661733627319336,0.46015816926956177,16.943544387817383,65.4034423828125,12914.024809165288,1108.1661376953125,622.2965087890625,56.155526638031006,-0.03963019698858261,-0.022254545241594315,28.716668701171898
329.6,1887,-24.703887939453125,0.45957186818122864,16.94291114807129,65.53514862060547,12907.976066491678,1110.356201171875,621.2125244140625,55.947136878967285,-0.03976720944046974,-0.022248614579439163,28.718041992187523
329.7,1887,-24.707870483398438,0.46213507652282715,16.941905975341797,65.73497009277344,12901.056556661159,1113.6756591796875,624.3424072265625,56.06142282485962,-0.03957423195242882,-0.022185875102877617,28.719262695312523
329.8,1887,-24.663097381591797,0.46205148100852966,16.94170570373535,65.95081329345703,12897.139852983506,1117.3192138671875,624.0399780273438,55.85153102874756,-0.03952166438102722,-0.022073455154895782,28.719659423828148
329.9,1887,-24.6192684173584,0.4638996422290802,16.94274139404297,66.0562744140625,12904.247038198579,1119.17431640625,626.8812866210938,56.0128390789032,-0.03927261382341385,-0.021997705101966858,28.719293212890648
330,1887,-24.696008682250977,0.46241843700408936,16.943334579467773,66.11284637451172,12910.759723748293,1120.172119140625,625.195068359375,55.81241250038147,-0.03950128331780434,-0.022046620026230812,28.719476318359398
330.1,1887,-24.777997970581055,0.4643157720565796,16.942642211914062,66.22892761230469,12910.122093715057,1122.093017578125,627.7293090820312,55.94271421432495,-0.03947242349386215,-0.022081946954131126,28.719781494140648
330.2,1887,-24.783935546875,0.4630509316921234,16.94312286376953,66.29798126220703,12912.324073848118,1123.2947998046875,626.1260986328125,55.74013590812683,-0.039582978934049606,-0.0220636073499918,28.719659423828148
330.3,1887,-24.864261627197266,0.46487122774124146,16.942626953125,66.40592956542969,12911.730739868379,1125.0909423828125,628.5585327148438,55.867356061935425,-0.03955759108066559,-0.022099779918789864,28.720056152343773
330.4,1887,-24.68377685546875,0.4636787176132202,16.944091796875,66.3975601196289,12920.700690701573,1125.04638671875,627.3817138671875,55.76496720314026,-0.03934411332011223,-0.021940231323242188,28.719750976562523
330.5,1887,-24.712081909179688,0.4623833894729614,16.945220947265625,66.31649017333984,12932.736394711024,1123.74755859375,626.2118530273438,55.72531223297119,-0.03946281597018242,-0.02199077606201172,28.719262695312523
330.6,1887,-24.632402420043945,0.4620167911052704,16.945667266845703,66.22787475585938,12942.75079985826,1122.2755126953125,626.1998901367188,55.79733848571777,-0.03933632746338844,-0.021948622539639473,28.719354248046898
330.7,1887,-24.655046463012695,0.45975273847579956,16.9471378326416,66.04751586914062,12953.719901526922,1119.31640625,623.6593627929688,55.7178795337677,-0.039532873779535294,-0.022026879712939262,28.719262695312523
330.8,1887,-24.67119598388672,0.4607660174369812,16.94729232788086,65.85636901855469,12961.495024601309,1116.087158203125,625.4090576171875,56.03586435317993,-0.039448097348213196,-0.022105081006884575,28.719110107421898
330.9,1887,-24.503183364868164,0.4592609405517578,16.948001861572266,65.60919952392578,12968.520611823098,1111.94482421875,623.7040405273438,56.09127879142761,-0.03928655385971069,-0.02203633077442646,28.719140625000023
331,1887,-24.489662170410156,0.45756950974464417,16.94708824157715,65.45301055908203,12964.497830754175,1109.2379150390625,621.2142333984375,56.00369572639465,-0.03942224755883217,-0.02207791619002819,28.718865966796898
331.1,1887,-24.44976234436035,0.4599204659461975,16.944599151611328,65.46414947509766,12948.095468418389,1109.2637939453125,623.615966796875,56.218910217285156,-0.03920643776655197,-0.022041432559490204,28.719018554687523
331.2,1887,-24.483381271362305,0.45880335569381714,16.944805145263672,65.47579193115234,12938.449419926552,1109.4744873046875,621.6378173828125,56.02993369102478,-0.03938528150320053,-0.022067546844482422,28.719323730468773
331.3,1887,-24.418642044067383,0.45955318212509155,16.945722579956055,65.43010711669922,12942.146974707955,1108.760498046875,622.8317260742188,56.173694133758545,-0.03920584172010422,-0.02202337048947811,28.718865966796898
331.4,1887,-24.259660720825195,0.45706668496131897,16.946640014648438,65.29571533203125,12948.7377611941,1106.54296875,619.7772216796875,56.010228395462036,-0.03914254903793335,-0.02192383073270321,28.719018554687523
331.5,1887,-24.263877868652344,0.4555872678756714,16.947612762451172,65.1185531616211,12957.550344468817,1103.60400390625,618.1915893554688,56.015706062316895,-0.03924977034330368,-0.021986035630106926,28.717950439453148
331.6,1887,-24.25811195373535,0.45589935779571533,16.947341918945312,64.93498229980469,12960.578795705287,1100.475341796875,618.7596435546875,56.22658133506775,-0.039204418659210205,-0.022043302655220032,28.716516113281273
331.7,1887,-24.235923767089844,0.4541148245334625,16.94715690612793,64.81087493896484,12957.503717044083,1098.360107421875,616.19140625,56.101036071777344,-0.03933180868625641,-0.022065553814172745,28.715081787109398
331.8,1887,-24.34781837463379,0.45528444647789,16.94637680053711,64.72259521484375,12950.785870825539,1096.8134765625,617.4581909179688,56.29563927650452,-0.0394323356449604,-0.022198686376214027,28.714471435546898
331.9,1887,-24.39093589782715,0.4558228552341461,16.943756103515625,64.87373352050781,12927.851006284525,1099.2047119140625,617.0936279296875,56.140005588531494,-0.039525505155324936,-0.02218962088227272,28.714379882812523
332,1887,-24.427486419677734,0.45890936255455017,16.94346809387207,65.02740478515625,12915.999480602772,1101.789794921875,620.7025756835938,56.335848569869995,-0.03935457393527031,-0.02217073366045952,28.714410400390648
332.1,1887,-24.458534240722656,0.45841342210769653,16.94334602355957,65.15048217773438,12912.173700403351,1103.8671875,619.84814453125,56.15242123603821,-0.03945891186594963,-0.022157136350870132,28.714227294921898
332.2,1887,-24.515281677246094,0.45836931467056274,16.944278717041016,65.20413970947266,12917.879731505169,1104.837158203125,620.0623779296875,56.122517585754395,-0.039536796510219574,-0.022189045324921608,28.713586425781273
332.3,1887,-24.399091720581055,0.4577505886554718,16.945959091186523,65.13089752197266,12932.512583072301,1103.70556640625,619.9268188476562,56.16777539253235,-0.03935801982879639,-0.02210652269423008,28.712121582031273
332.4,1887,-24.290538787841797,0.4551047086715698,16.94795799255371,64.92294311523438,12950.398863200246,1100.311279296875,617.1959838867188,56.09285235404968,-0.039356280118227005,-0.022076060995459557,28.710687255859398
332.5,1887,-24.137285232543945,0.45469021797180176,16.950244903564453,64.58753967285156,12974.485425132189,1094.774658203125,617.78076171875,56.429946422576904,-0.03907095640897751,-0.022047720849514008,28.709893798828148
332.6,1887,-24.085586547851562,0.4519326388835907,16.9500732421875,64.24981689453125,12983.288682921959,1089.0390625,614.45068359375,56.42136335372925,-0.03919856622815132,-0.022116364911198616,28.709527587890648
332.7,1887,-24.18431282043457,0.45059171319007874,16.948196411132812,64.0910415649414,12974.758195566883,1086.2275390625,612.2250366210938,56.36250376701355,-0.039502326399087906,-0.022264499217271805,28.709497070312523
332.8,1887,-24.227108001708984,0.4528314471244812,16.946090698242188,64.09268188476562,12955.075593901061,1086.120361328125,614.3348388671875,56.56231641769409,-0.039436325430870056,-0.02230609767138958,28.709527587890648
332.9,1887,-24.25385284423828,0.4529980421066284,16.944286346435547,64.19141387939453,12933.793671566867,1087.677734375,613.55126953125,56.40929341316223,-0.039530277252197266,-0.022298749536275864,28.709619140625023
333,1887,-24.30181312561035,0.4554409682750702,16.944026947021484,64.28742218017578,12921.702014647735,1089.287841796875,616.2833251953125,56.576722860336304,-0.03943285718560219,-0.022309817373752594,28.709558105468773
333.1,1887,-24.25581169128418,0.4527929425239563,16.945270538330078,64.30105590820312,12924.512482673574,1089.5987548828125,612.8334350585938,56.2439501285553,-0.03957977890968323,-0.022261232137680054,28.709527587890648
333.2,1887,-24.201473236083984,0.45337948203086853,16.946203231811523,64.26950073242188,12931.935568691219,1089.1240234375,613.9796752929688,56.3737154006958,-0.03941738232970238,-0.022221043705940247,28.709619140625023
333.3,1887,-24.03692626953125,0.4528748095035553,16.9461727142334,64.2188491821289,12934.803155312356,1088.263671875,613.4322509765625,56.36797547340393,-0.03918432071805,-0.02208741009235382,28.709954833984398
333.4,1887,-24.175405502319336,0.45318910479545593,16.94527816772461,64.24647521972656,12929.73941698625,1088.6744384765625,613.61767578125,56.36374354362488,-0.039398156106472015,-0.022206276655197144,28.710015869140648
333.5,1887,-24.196626663208008,0.45506811141967773,16.94294548034668,64.4410171508789,12912.581690369774,1091.8206787109375,615.3441772460938,56.35945796966553,-0.03932210057973862,-0.02216172218322754,28.710443115234398
333.6,1887,-24.40278434753418,0.45749431848526,16.94234275817871,64.66165924072266,12897.869572180593,1095.52001953125,617.9200439453125,56.404268741607666,-0.039491813629865646,-0.02227506972849369,28.710870361328148
333.7,1887,-24.44672393798828,0.45919081568717957,16.940635681152344,65.00125122070312,12883.247211784024,1101.1624755859375,619.5083618164062,56.259483098983765,-0.039461493492126465,-0.02220083214342594,28.710717773437523
333.8,1887,-24.557249069213867,0.4609924852848053,16.93993377685547,65.34484100341797,12873.901910181721,1106.937255859375,621.4878540039062,56.14481568336487,-0.039513640105724335,-0.022184859961271286,28.710260009765648
333.9,1887,-24.585514068603516,0.4608558714389801,16.941375732421875,65.56362915039062,12879.57297071499,1110.738037109375,621.577392578125,55.960750579833984,-0.03955342248082161,-0.022134393453598022,28.710260009765648
334,1887,-24.667802810668945,0.46225443482398987,16.942190170288086,65.71512603759766,12890.36022542719,1113.358154296875,623.9859008789062,56.04538321495056,-0.039532631635665894,-0.022156214341521263,28.709863281250023
334.1,1887,-24.581241607666016,0.4617156386375427,16.944059371948242,65.78469848632812,12905.321800338697,1114.6597900390625,623.9819946289062,55.97958564758301,-0.03939415514469147,-0.022052684798836708,28.709649658203148
334.2,1887,-24.49737548828125,0.4604074954986572,16.945972442626953,65.74574279785156,12920.67387993235,1114.12548828125,622.9542846679688,55.91418743133545,-0.03932451456785202,-0.02198798395693302,28.709710693359398
334.3,1887,-24.375211715698242,0.4601130187511444,16.947940826416016,65.59192657470703,12940.954478320384,1111.6480712890625,623.5330200195312,56.090861558914185,-0.03909209370613098,-0.02192709408700466,28.709527587890648
334.4,1887,-24.35817527770996,0.4574040174484253,16.947839736938477,65.41722106933594,12951.394358718317,1108.6805419921875,620.3618774414062,55.95496892929077,-0.039264459162950516,-0.021970417350530624,28.709497070312523
334.5,1887,-24.407960891723633,0.4585224986076355,16.94609260559082,65.35652923583984,12946.637195709834,1107.537841796875,621.6504516601562,56.12905025482178,-0.03926315903663635,-0.022038038820028305,28.709436035156273
334.6,1887,-24.493539810180664,0.45756542682647705,16.944738388061523,65.38436126708984,12935.863929225055,1107.9208984375,619.836669921875,55.94593286514282,-0.03951612114906311,-0.02210766077041626,28.708886718750023
334.7,1887,-24.71642303466797,0.45972245931625366,16.94213104248047,65.5926513671875,12913.248462543468,1111.279296875,621.669921875,55.9418261051178,-0.0397581122815609,-0.022241413593292236,28.708093261718773
334.8,1887,-24.813570022583008,0.46158188581466675,16.93918800354004,65.99177551269531,12885.220717535889,1117.8470458984375,622.82958984375,55.71688413619995,-0.03984006121754646,-0.022197643294930458,28.706689453125023
334.9,1887,-24.91946792602539,0.465358167886734,16.9383487701416,66.40555572509766,12867.757581287406,1124.8004150390625,627.0740356445312,55.7498037815094,-0.039739273488521576,-0.022154567763209343,28.705804443359398
335,1887,-24.970354080200195,0.46527791023254395,16.93956756591797,66.69581604003906,12870.228834798305,1129.79833984375,627.0863037109375,55.50427436828613,-0.03981964290142059,-0.02210160344839096,28.704614257812523
335.1,1887,-24.98603057861328,0.46622490882873535,16.94133186340332,66.85316467285156,12886.764085294582,1132.5816650390625,629.169921875,55.551838874816895,-0.03971268981695175,-0.02206113003194332,28.704309082031273
335.2,1887,-24.879636764526367,0.46426716446876526,16.943702697753906,66.83368682861328,12909.42035097281,1132.41015625,627.6294555664062,55.424219369888306,-0.0396406427025795,-0.021970517933368683,28.704187011718773
335.3,1887,-24.877317428588867,0.4634632170200348,16.945463180541992,66.71736907958984,12930.62184099934,1130.5567626953125,627.5716552734375,55.50996661186218,-0.039640601724386215,-0.02200448326766491,28.703393554687523
335.4,1887,-24.71055793762207,0.4616422653198242,16.947467803955078,66.45160675048828,12955.431128014658,1126.1865234375,626.3052368164062,55.61292767524719,-0.03945449739694595,-0.02194179967045784,28.701379394531273
335.5,1887,-24.64638328552246,0.45909515023231506,16.94818878173828,66.17388916015625,12968.169740451975,1121.527587890625,623.4620361328125,55.59043288230896,-0.039531491696834564,-0.021975725889205933,28.699517822265648
335.6,1887,-24.579103469848633,0.45950034260749817,16.948102951049805,65.93064880371094,12971.643483594655,1117.3994140625,624.179443359375,55.8600127696991,-0.03937826678156853,-0.02199670299887657,28.698571777343773
335.7,1887,-24.543231964111328,0.4579700231552124,16.947141647338867,65.77748107910156,12967.393393830154,1114.740234375,621.8968505859375,55.78849911689758,-0.03946511819958687,-0.022016994655132294,28.697137451171898
335.8,1887,-24.517101287841797,0.4584192633628845,16.947223663330078,65.60560607910156,12964.032722192454,1111.8328857421875,622.3455810546875,55.97473978996277,-0.03939467668533325,-0.022051066160202026,28.695214843750023
335.9,1887,-24.451557159423828,0.4576953947544098,16.947315216064453,65.44332122802734,12962.742308212943,1109.088623046875,621.3009643554688,56.01906180381775,-0.03935541212558746,-0.022046532481908798,28.694879150390648
336,1887,-24.522621154785156,0.4565823972225189,16.946245193481445,65.38404846191406,12954.003163132182,1108.01416015625,619.372314453125,55.89931607246399,-0.03959269821643829,-0.02213204838335514,28.694848632812523
336.1,1887,-24.599769592285156,0.45820513367652893,16.945056915283203,65.39900207519531,12942.58760387169,1108.1898193359375,621.02587890625,56.0396671295166,-0.03961150720715523,-0.022198155522346497,28.694268798828148
336.2,1887,-24.553194046020508,0.45733481645584106,16.945430755615234,65.37338256835938,12939.606945745572,1107.7801513671875,619.7035522460938,55.94102144241333,-0.03962087258696556,-0.022164320573210716,28.693780517578148
336.3,1887,-24.549495697021484,0.4570232629776001,16.946643829345703,65.29342651367188,12945.360769957742,1106.50439453125,619.5567626953125,55.99225163459778,-0.03962428867816925,-0.022186530753970146,28.692498779296898
336.4,1887,-24.358497619628906,0.45708510279655457,16.946611404418945,65.21883392333984,12946.156933235075,1105.23828125,619.6786499023438,56.06743097305298,-0.039308272302150726,-0.02203913778066635,28.690698242187523
336.5,1887,-24.360334396362305,0.4550212323665619,16.947595596313477,65.05622100830078,12952.650967814896,1102.5465087890625,617.1900634765625,55.978596210479736,-0.03946974501013756,-0.0220946092158556,28.689996337890648
336.6,1887,-24.380765914916992,0.4549088180065155,16.947681427001953,64.90874481201172,12957.012963398758,1100.052734375,617.2454223632812,56.11053109169006,-0.03949930891394615,-0.02216327004134655,28.689965820312523
336.7,1887,-24.323322296142578,0.4528883397579193,16.948150634765625,64.74052429199219,12959.988958782402,1097.232177734375,614.6450805664062,56.0177743434906,-0.039572957903146744,-0.022167891263961792,28.689599609375023
336.8,1887,-24.46047592163086,0.45267361402511597,16.947315216064453,64.62354278564453,12957.473409218006,1095.195556640625,614.234375,56.08444809913635,-0.03982270881533623,-0.022334344685077667,28.688989257812523
336.9,1887,-24.40987777709961,0.45399704575538635,16.945785522460938,64.63204956054688,12944.07735009194,1095.2408447265625,615.3932495117188,56.18793964385986,-0.03966549411416054,-0.022287223488092422,28.687829589843773
337,1887,-24.51703643798828,0.4539751708507538,16.944791793823242,64.68570709228516,12932.243309694462,1096.0858154296875,614.801025390625,56.090593338012695,-0.0398780032992363,-0.0223678071051836,28.686730957031273
337.1,1887,-24.40949249267578,0.45564284920692444,16.94552230834961,64.67469024658203,12931.845810898607,1095.9464111328125,617.04052734375,56.30207061767578,-0.039558976888656616,-0.022272523492574692,28.685540771484398
337.2,1887,-24.42633056640625,0.45438769459724426,16.94511604309082,64.68820190429688,12930.089122671754,1096.1490478515625,615.2572021484375,56.12897276878357,-0.039701007306575775,-0.02228376641869545,28.685144042968773
337.3,1887,-24.507766723632812,0.4580840468406677,16.941843032836914,64.92912292480469,12907.995883147189,1100.01904296875,619.2023315429688,56.2901496887207,-0.03957957401871681,-0.0222794022411108,28.685083007812523
337.4,1887,-24.697967529296875,0.45872145891189575,16.939979553222656,65.28881072998047,12884.465353255198,1105.9910888671875,618.93359375,55.96190094947815,-0.03990406543016434,-0.02233107201755047,28.685144042968773
337.5,1887,-24.694684982299805,0.46275779604911804,16.93866729736328,65.70637512207031,12866.932275869614,1112.9783935546875,623.530029296875,56.023550033569336,-0.03960464522242546,-0.02218792773783207,28.684960937500023
337.6,1887,-24.80938148498535,0.463716596364975,16.939014434814453,66.0966796875,12861.89534831273,1119.6126708984375,624.5773315429688,55.78513145446777,-0.03972187265753746,-0.022158898413181305,28.684228515625023
337.7,1887,-24.810333251953125,0.4649215340614319,16.9406795501709,66.32765197753906,12874.335545231748,1123.635498046875,626.8059692382812,55.78374266624451,-0.039582159370183945,-0.02208041027188301,28.683160400390648
337.8,1887,-24.843124389648438,0.4654398262500763,16.94178009033203,66.48125457763672,12886.550764826425,1126.310791015625,628.10009765625,55.766141414642334,-0.03955281153321266,-0.022057076916098595,28.681665039062523
337.9,1887,-24.730791091918945,0.46604543924331665,16.94321632385254,66.52772521972656,12904.057031442788,1127.193603515625,629.771728515625,55.87076544761658,-0.03926945477724075,-0.021940143778920174,28.680169677734398
338,1887,-24.889360427856445,0.4644937515258789,16.944135665893555,66.51625061035156,12916.817791906853,1127.0604248046875,628.2955932617188,55.746400356292725,-0.03961409255862236,-0.022083431482315063,28.680261230468773
338.1,1887,-24.76118278503418,0.4657900035381317,16.943675994873047,66.56797790527344,12919.880048026256,1127.90625,630.1983642578125,55.873292684555054,-0.03929109498858452,-0.021953226998448372,28.679711914062523
338.2,1887,-24.731393814086914,0.4631759524345398,16.944963455200195,66.50984954833984,12931.617336517409,1127.0069580078125,627.23095703125,55.65457344055176,-0.03942948579788208,-0.021944312378764153,28.679193115234398
338.3,1887,-24.68254852294922,0.463053435087204,16.946638107299805,66.33747863769531,12946.47050266641,1124.197265625,627.7852783203125,55.84298372268677,-0.03931686654686928,-0.021955709904432297,28.678430175781273
338.4,1887,-24.622915267944336,0.46187451481819153,16.9482479095459,66.1202621459961,12957.44892982002,1120.62255859375,626.7179565429688,55.925869941711426,-0.03928867354989052,-0.021972531452775,28.677819824218773
338.5,1887,-24.614892959594727,0.4596831798553467,16.950096130371094,65.83454132080078,12970.696946872555,1115.90185546875,624.3822631835938,55.95315098762512,-0.03942279517650604,-0.02205829694867134,28.676751708984398
338.6,1887,-24.526376724243164,0.4593198597431183,16.950796127319336,65.53837585449219,12980.841908809045,1110.9276123046875,624.376708984375,56.20318651199341,-0.03928137570619583,-0.02207738533616066,28.676385498046898
338.7,1887,-24.366409301757812,0.45745208859443665,16.9509334564209,65.22843170166016,12985.945280446176,1105.682861328125,622.0822143554688,56.262266635894775,-0.03916911408305168,-0.022037431597709656,28.675897216796898
338.8,1887,-24.30536651611328,0.45418843626976013,16.951339721679688,64.87590789794922,12991.92291629707,1099.7335205078125,617.9283447265625,56.18891716003418,-0.03933363035321236,-0.02210114151239395,28.675622558593773
338.9,1887,-24.298704147338867,0.4541260600090027,16.950719833374023,64.57420349121094,12991.312097033055,1094.5792236328125,617.814453125,56.44310116767883,-0.039330098778009415,-0.022199127823114395,28.675683593750023
339,1887,-24.19242286682129,0.45137080550193787,16.950414657592773,64.28472137451172,12990.348075026679,1089.6527099609375,614.0205078125,56.350111961364746,-0.03940002620220184,-0.022201957181096077,28.675958251953148
339.1,1887,-24.2744083404541,0.4499172866344452,16.949970245361328,64.02436828613281,12985.119975028385,1085.211181640625,611.796875,56.375837326049805,-0.03967723250389099,-0.022368373349308968,28.675866699218773
339.2,1887,-24.26801109313965,0.4506698548793793,16.947486877441406,63.95076370239258,12966.491153161553,1083.8046875,611.9410400390625,56.462299823760986,-0.039657432585954666,-0.02239149808883667,28.675653076171898
339.3,1887,-24.22930908203125,0.44969049096107483,16.94745445251465,63.859066009521484,12958.599461525331,1082.2486572265625,610.2396240234375,56.3862681388855,-0.0397045835852623,-0.022387932986021042,28.675866699218773
339.4,1887,-24.195636749267578,0.4506382644176483,16.946849822998047,63.80311584472656,12948.6107014617,1081.2618408203125,611.0543823242188,56.51308298110962,-0.03959653526544571,-0.022377222776412964,28.675653076171898
339.5,1887,-24.162708282470703,0.4504465162754059,16.946229934692383,63.80647659301758,12939.317855712223,1081.2791748046875,610.3560180664062,56.44758343696594,-0.03958789259195328,-0.022346409037709236,28.675378417968773
339.6,1887,-24.213592529296875,0.4505535662174225,16.945756912231445,63.838218688964844,12932.130238189484,1081.7869873046875,610.1619262695312,56.403154134750366,-0.03968387842178345,-0.022382959723472595,28.675714111328148
339.7,1887,-24.19649314880371,0.4513539969921112,16.94534683227539,63.897701263427734,12926.122294512514,1082.7686767578125,610.9619750976562,56.425899267196655,-0.03960392624139786,-0.022346870973706245,28.675897216796898
339.8,1887,-24.278564453125,0.4521706700325012,16.944721221923828,64.00509643554688,12917.506712107297,1084.5484619140625,611.6594848632812,56.397610902786255,-0.039692942053079605,-0.022385872900485992,28.676354980468773
339.9,1887,-24.21105194091797,0.45366647839546204,16.944656372070312,64.1078109741211,12915.514555385538,1086.2847900390625,613.5882568359375,56.485021114349365,-0.03945814445614815,-0.022287940606474876,28.677148437500023
340,1887,-24.245075225830078,0.45321598649024963,16.94439125061035,64.21661376953125,12912.983851908104,1088.1114501953125,612.8588256835938,56.32317066192627,-0.03956061974167824,-0.022281793877482414,28.678155517578148
340.1,1887,-24.151351928710938,0.45418301224708557,16.94535255432129,64.25518798828125,12919.53850214008,1088.8267822265625,614.4782104492188,56.43489360809326,-0.03930383548140526,-0.022181076928973198,28.678765869140648
340.2,1887,-24.133882522583008,0.45209917426109314,16.947383880615234,64.1429672241211,12931.103269159717,1087.0555419921875,612.2064819335938,56.31786584854126,-0.03942114859819412,-0.02220115065574646,28.680261230468773
340.3,1887,-24.171268463134766,0.4540880620479584,16.946949005126953,64.0756607055664,12938.04142996013,1085.886962890625,615.2296142578125,56.65687322616577,-0.03928820788860321,-0.02225947007536888,28.680749511718773
340.4,1887,-24.063961029052734,0.4526349902153015,16.94743537902832,63.97547149658203,12943.549294506829,1084.22021484375,613.52197265625,56.58647418022156,-0.039222653955221176,-0.022194718942046165,28.681420898437523
340.5,1887,-24.176494598388672,0.4521578550338745,16.946474075317383,63.9573974609375,12939.483383070028,1083.8524169921875,612.6827392578125,56.52824640274048,-0.03946005553007126,-0.022306077182292938,28.682702636718773
340.6,1887,-24.27113151550293,0.45383983850479126,16.94534683227539,64.04292297363281,12925.79240548252,1085.2294921875,614.3111572265625,56.60656690597534,-0.03950950875878334,-0.02236497402191162,28.684838867187523
340.7,1887,-24.325590133666992,0.45429831743240356,16.944780349731445,64.21372985839844,12912.606169767758,1088.0875244140625,614.304443359375,56.457263231277466,-0.03959859162569046,-0.02235628105700016,28.685723876953148
340.8,1887,-24.21727752685547,0.4557962715625763,16.946800231933594,64.23387908935547,12919.555987424354,1088.5587158203125,616.6616821289062,56.64937496185303,-0.039271578192710876,-0.022247102111577988,28.686029052734398
340.9,1887,-24.320571899414062,0.4551570415496826,16.947284698486328,64.23912811279297,12923.508827356176,1088.6788330078125,615.9852905273438,56.58099055290222,-0.039482392370700836,-0.022339530289173126,28.686578369140648
341,1887,-24.260814666748047,0.4564249813556671,16.94793128967285,64.20518493652344,12930.479627353901,1088.14501953125,618.034423828125,56.79706335067749,-0.039254795759916306,-0.022295570001006126,28.687097167968773
341.1,1887,-24.304893493652344,0.45441654324531555,16.947093963623047,64.21759033203125,12928.713613642103,1088.301513671875,615.2307739257812,56.531280279159546,-0.03950532525777817,-0.022332867607474327,28.687310791015648
341.2,1887,-24.364009857177734,0.4563261568546295,16.945775985717773,64.33964538574219,12918.0977147158,1090.2852783203125,617.3088989257812,56.619030237197876,-0.03946809843182564,-0.022346455603837967,28.686883544921898
341.3,1887,-24.381933212280273,0.45564398169517517,16.945423126220703,64.47281646728516,12912.397512042075,1092.5191650390625,616.1140747070312,56.39389157295227,-0.039573729038238525,-0.02231716737151146,28.686486816406273
341.4,1887,-24.450780868530273,0.45762115716934204,16.944583892822266,64.66365051269531,12903.53247291453,1095.6986083984375,618.36279296875,56.43547773361206,-0.03954115882515907,-0.022315241396427155,28.685815429687523
341.5,1887,-24.23370361328125,0.45625171065330505,16.947280883789062,64.61104583740234,12922.892179664068,1094.9815673828125,617.437255859375,56.387919187545776,-0.03924885019659996,-0.022131608799099922,28.685479736328148
341.6,1887,-24.22722053527832,0.45400139689445496,16.94890594482422,64.41309356689453,12944.946951563228,1091.7314453125,615.4404907226562,56.37288689613342,-0.039365656673908234,-0.02219155617058277,28.685266113281273
341.7,1887,-24.101123809814453,0.4526481032371521,16.949981689453125,64.14767456054688,12964.172604466656,1087.3018798828125,614.517333984375,56.51763677597046,-0.03921959921717644,-0.022165991365909576,28.685083007812523
341.8,1887,-24.031099319458008,0.4495956003665924,16.95044708251953,63.832210540771484,12974.863107272533,1081.9844970703125,610.8765258789062,56.45890235900879,-0.03933871537446976,-0.02221020683646202,28.685174560546898
341.9,1887,-24.006223678588867,0.4488060772418976,16.94920539855957,63.65071105957031,12971.736738444122,1078.8289794921875,609.6568603515625,56.510984897613525,-0.03937661647796631,-0.02225211262702942,28.684960937500023
342,1887,-23.78719711303711,0.4483194649219513,16.949783325195312,63.43571853637695,12974.446957506783,1075.2216796875,609.1231079101562,56.650930643081665,-0.039051543921232224,-0.02212306298315525,28.685113525390648
342.1,1887,-23.854265213012695,0.445591002702713,16.95011329650879,63.18199920654297,12975.12655222228,1070.9420166015625,605.4476928710938,56.53412342071533,-0.03939938172698021,-0.022274095565080643,28.684960937500023
342.2,1887,-24.05706787109375,0.44693100452423096,16.947771072387695,63.124359130859375,12959.599619785873,1069.817138671875,606.541748046875,56.69583082199097,-0.0396626740694046,-0.022487083449959755,28.684899902343773
342.3,1887,-24.204315185546875,0.4479120075702667,16.94474983215332,63.259063720703125,12931.043819193183,1071.9090576171875,606.5336303710938,56.58443570137024,-0.03990597277879715,-0.022580569609999657,28.684960937500023
342.4,1887,-24.34967613220215,0.451484352350235,16.9425048828125,63.55534744262695,12904.003409904344,1076.7867431640625,610.0926513671875,56.658631563186646,-0.03991144150495529,-0.022613275796175003,28.684869384765648
342.5,1887,-24.376258850097656,0.45250555872917175,16.942136764526367,63.82569885253906,12889.369392651593,1081.34375,610.7791748046875,56.483352184295654,-0.039910104125738144,-0.0225425623357296,28.684289550781273
342.6,1887,-24.48539924621582,0.4552322030067444,16.94240951538086,64.09608459472656,12884.991077469074,1085.942138671875,614.2507934570312,56.563860177993774,-0.039862219244241714,-0.022547610104084015,28.683557128906273
342.7,1887,-24.50710105895996,0.45526057481765747,16.94292640686035,64.29862976074219,12887.752586698944,1089.406982421875,614.4207153320312,56.39955997467041,-0.03988651558756828,-0.022495819255709648,28.684167480468773
342.8,1887,-24.523780822753906,0.45681843161582947,16.943500518798828,64.46186828613281,12894.99032870327,1092.209716796875,616.8694458007812,56.47903084754944,-0.03975522145628929,-0.022453362122178078,28.683068847656273
342.9,1887,-24.48971176147461,0.4551903009414673,16.944263458251953,64.5416030883789,12903.927640339152,1093.6099853515625,615.096923828125,56.244635581970215,-0.03981439769268036,-0.02239346131682396,28.682244873046898
343,1887,-24.5545597076416,0.4567893445491791,16.944704055786133,64.63040161132812,12908.117114451497,1095.14306640625,617.4580688476562,56.38149976730347,-0.03976716846227646,-0.022421326488256454,28.680627441406273
343.1,1887,-24.463409423828125,0.4567343294620514,16.94590187072754,64.6872329711914,12913.133059667252,1096.1834716796875,617.6235961914062,56.34308457374573,-0.03960892930626869,-0.022316891700029373,28.680261230468773
343.2,1887,-24.607711791992188,0.457049697637558,16.945777893066406,64.74544525146484,12914.93520963322,1097.1619873046875,618.1363525390625,56.33957386016846,-0.03980952128767967,-0.022428514435887337,28.679711914062523
343.3,1887,-24.611217498779297,0.45748192071914673,16.94453239440918,64.84676361083984,12911.10826374818,1098.798095703125,618.5375366210938,56.2921941280365,-0.03978936746716499,-0.02239830791950226,28.679101562500023
343.4,1887,-24.6805419921875,0.45793959498405457,16.943992614746094,64.99656677246094,12906.882653381666,1101.3013916015625,618.9537353515625,56.202030181884766,-0.039874617010354996,-0.02241034433245659,28.677972412109398
343.5,1887,-24.563859939575195,0.459009051322937,16.944133758544922,65.11320495605469,12908.373565287535,1103.286865234375,620.4708862304688,56.23840093612671,-0.039589062333106995,-0.022264255210757256,28.676263427734398
343.6,1887,-24.54950714111328,0.457744300365448,16.945058822631836,65.1298599243164,12916.230286355205,1103.6292724609375,619.1378173828125,56.100159883499146,-0.03965111821889877,-0.022244341671466827,28.675164794921898
343.7,1887,-24.507862091064453,0.4580742120742798,16.945945739746094,65.08992767333984,12925.886826017608,1103.0103759765625,620.0473022460938,56.214094161987305,-0.039525795727968216,-0.022219067439436913,28.674554443359398
343.8,1887,-24.557409286499023,0.455556184053421,16.94639015197754,65.04398345947266,12933.722564744148,1102.2607421875,617.0126953125,55.977022647857666,-0.0398004911839962,-0.022279130294919014,28.673822021484398
343.9,1887,-24.46894645690918,0.45683690905570984,16.946985244750977,64.95077514648438,12941.829908219765,1100.7198486328125,619.1351928710938,56.24821186065674,-0.039521168917417526,-0.02222994901239872,28.671899414062523
344,1887,-24.345054626464844,0.4541686475276947,16.947093963623047,64.84748840332031,12945.290828820642,1098.9764404296875,615.68359375,56.02336525917053,-0.03954150155186653,-0.022152479737997055,28.670465087890648
344.1,1887,-24.36077117919922,0.4544326364994049,16.947208404541016,64.77190399169922,12947.834354839879,1097.7030029296875,616.1624755859375,56.131988763809204,-0.03953627496957779,-0.022192498669028282,28.669885253906273
344.2,1887,-24.422372817993164,0.454313188791275,16.94694709777832,64.66867065429688,12947.584898117553,1095.9365234375,615.9887084960938,56.20660185813904,-0.03964743763208389,-0.022284477949142456,28.669274902343773
344.3,1887,-24.593421936035156,0.4544442892074585,16.94500732421875,64.70314025878906,12935.206482536307,1096.3951416015625,615.5773315429688,56.145572662353516,-0.03995179757475853,-0.022431164979934692,28.668481445312523
344.4,1887,-24.678354263305664,0.45771077275276184,16.941883087158203,64.9408950805664,12909.98570849771,1100.2210693359375,618.7931518554688,56.24262094497681,-0.039881426841020584,-0.022430360317230225,28.667016601562523
344.5,1887,-24.785675048828125,0.45972350239753723,16.939298629760742,65.36336517333984,12880.985781684429,1107.2095947265625,620.1181030273438,56.00729584693909,-0.03996928036212921,-0.02238571271300316,28.665856933593773
344.6,1887,-24.622386932373047,0.46223264932632446,16.941082000732422,65.64080047607422,12881.109344359973,1112.026123046875,623.5086669921875,56.06960654258728,-0.039490047842264175,-0.022141912952065468,28.665612792968773
344.7,1887,-24.682138442993164,0.4607807695865631,16.944625854492188,65.6380386352539,12903.538301342624,1112.2120361328125,622.6325073242188,55.981457233428955,-0.03964158520102501,-0.022191936150193214,28.665551757812523
344.8,1887,-24.568498611450195,0.46129679679870605,16.945653915405273,65.58248138427734,12920.932662139625,1111.3380126953125,624.1700439453125,56.163835525512695,-0.0393618680536747,-0.022107133641839027,28.665460205078148
344.9,1887,-24.487035751342773,0.45910242199897766,16.946687698364258,65.46441650390625,12936.907217853477,1109.405029296875,621.9688720703125,56.06328248977661,-0.03937019407749176,-0.02207222394645214,28.665429687500023
345,1887,-24.479846954345703,0.45901888608932495,16.94767189025879,65.28520965576172,12950.41052005643,1106.432373046875,622.5048217773438,56.26235008239746,-0.03932475298643112,-0.02212502807378769,28.665612792968773
345.1,1887,-24.42074203491211,0.45783138275146484,16.947587966918945,65.13423156738281,12953.398172296258,1103.8681640625,621.03759765625,56.26012682914734,-0.03932248428463936,-0.022122880443930626,28.665490722656273
345.2,1887,-24.55245590209961,0.45675230026245117,16.946308135986328,65.08489227294922,12946.45651443899,1102.9486083984375,619.2418212890625,56.14421367645264,-0.039649222046136856,-0.022260742262005806,28.665399169921898
345.3,1887,-24.469972610473633,0.45889660716056824,16.9458065032959,65.06765747070312,12940.021929825705,1102.6239013671875,621.8397216796875,56.39635920524597,-0.039350930601358414,-0.022192491218447685,28.664422607421898
345.4,1887,-24.624021530151367,0.456618070602417,16.945228576660156,65.09976196289062,12934.301910496468,1103.13037109375,618.4786376953125,56.0657799243927,-0.03981385752558708,-0.022321950644254684,28.663110351562523
345.5,1887,-24.659147262573242,0.45935365557670593,16.943605422973633,65.23088073730469,12919.597952106615,1105.246337890625,621.4766235351562,56.229692697525024,-0.03967832028865814,-0.022310996428132057,28.660913085937523
345.6,1887,-24.6290340423584,0.45831483602523804,16.94346809387207,65.36062622070312,12910.7410727784,1107.4356689453125,619.6460571289062,55.95323443412781,-0.03974693641066551,-0.022239696234464645,28.660119628906273
345.7,1887,-24.657188415527344,0.459907203912735,16.944395065307617,65.45111083984375,12914.063276790695,1109.0294189453125,621.958984375,56.08137249946594,-0.03964439779520035,-0.02223312295973301,28.658258056640648
345.8,1887,-24.71174430847168,0.4589228630065918,16.94465446472168,65.47329711914062,12919.308862073265,1109.42236328125,620.8798828125,55.9642493724823,-0.03980116546154022,-0.022274423390626907,28.655664062500023
345.9,1887,-24.819305419921875,0.46045005321502686,16.944049835205078,65.56092834472656,12917.659416923301,1110.86767578125,622.8665161132812,56.070274114608765,-0.039846908301115036,-0.022342270240187645,28.653558349609398
346,1887,-24.737834930419922,0.46008819341659546,16.94395637512207,65.64234924316406,12915.670757258398,1112.2410888671875,622.2811889648438,55.948406457901,-0.039753466844558716,-0.02224143221974373,28.650933837890648
346.1,1887,-24.769655227661133,0.4606996774673462,16.945026397705078,65.64164733886719,12923.113659931556,1112.2994384765625,623.46728515625,56.0521125793457,-0.03972887620329857,-0.0222688727080822,28.649285888671898
346.2,1887,-24.68275260925293,0.4605944752693176,16.94497299194336,65.64920806884766,12927.813704344737,1112.424072265625,623.5516357421875,56.05341196060181,-0.03958413377404213,-0.022188259288668633,28.646600341796898
346.3,1887,-24.756982803344727,0.4593741297721863,16.945154190063477,65.62310791015625,12930.325756852279,1111.99365234375,622.0203857421875,55.937403440475464,-0.039800919592380524,-0.022263599559664726,28.644830322265648
346.4,1887,-24.715072631835938,0.4611118733882904,16.944387435913086,65.66725158691406,12926.2738336429,1112.69140625,624.177734375,56.096214056015015,-0.03959621116518974,-0.02221197448670864,28.642388916015648
346.5,1887,-24.723051071166992,0.45972156524658203,16.94437026977539,65.70100402832031,12924.53579638594,1113.2620849609375,622.2120971679688,55.89088797569275,-0.0397341214120388,-0.022207753732800484,28.640435791015648
346.6,1887,-24.622236251831055,0.46148714423179626,16.94452667236328,65.73323059082031,12925.544114445813,1113.8184814453125,624.6504516601562,56.08189105987549,-0.03941762447357178,-0.022106148302555084,28.638299560546898
346.7,1887,-24.544658660888672,0.4599091708660126,16.945507049560547,65.67442321777344,12932.178031299836,1112.8863525390625,622.8340454101562,55.965644121170044,-0.03940802067518234,-0.02205495350062847,28.635827636718773
346.8,1887,-24.558305740356445,0.4607120454311371,16.94564437866211,65.6339111328125,12933.994169493224,1112.2088623046875,624.0089721679688,56.10537528991699,-0.03935569152235985,-0.02208065800368786,28.633355712890648
346.9,1887,-24.469161987304688,0.4608563184738159,16.945539474487305,65.60926818847656,12935.98049778689,1111.784423828125,624.3002319335938,56.15299344062805,-0.039194539189338684,-0.022008908912539482,28.631219482421898
347,1887,-24.480497360229492,0.4604405462741852,16.946327209472656,65.52737426757812,12940.501026614846,1110.4483642578125,623.9550170898438,56.18946552276611,-0.03923439607024193,-0.022045597434043884,28.630090332031273
347.1,1887,-24.413116455078125,0.4603174924850464,16.94814682006836,65.31800079345703,12956.650435171452,1107.01904296875,624.5667114257812,56.41878843307495,-0.039088085293769836,-0.02205302193760872,28.627587890625023
347.2,1887,-24.391820907592773,0.45679473876953125,16.948888778686523,65.07052612304688,12967.10663516804,1102.8731689453125,620.2871704101562,56.242841482162476,-0.039323434233665466,-0.022116616368293762,28.625848388671898
347.3,1887,-24.441776275634766,0.45637276768684387,16.948184967041016,64.89404296875,12966.3163003188,1099.8363037109375,619.6763916015625,56.342607736587524,-0.03944280743598938,-0.022223105654120445,28.624383544921898
347.4,1887,-24.38299560546875,0.4561329782009125,16.946372985839844,64.87953186035156,12952.914412764643,1099.4727783203125,618.7106323242188,56.27339482307434,-0.039409369230270386,-0.022176990285515785,28.621820068359398
347.5,1887,-24.428646087646484,0.4552798867225647,16.9469051361084,64.78681945800781,12948.700459254313,1097.93603515625,617.3526000976562,56.22846484184265,-0.03957000747323036,-0.022249607369303703,28.620904541015648
347.6,1887,-24.36115264892578,0.45719826221466064,16.94638442993164,64.7446517944336,12943.18793196514,1097.187744140625,619.68994140625,56.47984743118286,-0.03931184113025665,-0.022203266620635986,28.620050048828148
347.7,1887,-24.4356689453125,0.45581376552581787,16.945220947265625,64.76581573486328,12933.1921777878,1097.4710693359375,617.3362426757812,56.25079870223999,-0.03958243131637573,-0.02226543426513672,28.619714355468773
347.8,1887,-24.510473251342773,0.4578492045402527,16.944475173950195,64.85553741455078,12923.74662722232,1098.9429931640625,619.6400756835938,56.3850998878479,-0.03955598175525665,-0.022303679957985878,28.618920898437523
347.9,1887,-24.501493453979492,0.45697638392448425,16.9448184967041,64.9408950805664,12920.429085952497,1100.41162109375,618.3001098632812,56.18807077407837,-0.039627186954021454,-0.022265752777457237,28.617913818359398
348,1887,-24.548755645751953,0.457319051027298,16.945964813232422,64.9301986694336,12925.844861335347,1100.3048095703125,619.0230712890625,56.25923275947571,-0.03965725377202034,-0.02231086790561676,28.616937255859398
348.1,1887,-24.469833374023438,0.45532381534576416,16.946571350097656,64.89385223388672,12932.483440931843,1099.728271484375,616.638916015625,56.07193112373352,-0.039682596921920776,-0.02225079946219921,28.616906738281273
348.2,1887,-24.511987686157227,0.45481550693511963,16.947059631347656,64.81574249267578,12938.39463270249,1098.436279296875,616.2320556640625,56.10084533691406,-0.039777204394340515,-0.02231534756720066,28.616723632812523
348.3,1887,-24.500797271728516,0.4561885595321655,16.946502685546875,64.77604675292969,12939.510193839249,1097.7274169921875,618.1456909179688,56.31139874458313,-0.03963596001267433,-0.02231956273317337,28.616754150390648
348.4,1887,-24.550640106201172,0.45464277267456055,16.946483612060547,64.72891235351562,12936.991147217997,1096.927490234375,615.93115234375,56.150585412979126,-0.03985938802361488,-0.02238127961754799,28.616754150390648
348.5,1887,-24.499483108520508,0.4555668830871582,16.946510314941406,64.71102142333984,12937.73835169936,1096.6259765625,617.21875,56.28343224525452,-0.039693351835012436,-0.02234078198671341,28.616571044921898
348.6,1887,-24.424203872680664,0.4539303481578827,16.947566986083984,64.59037017822266,12944.880507482983,1094.649658203125,615.341064453125,56.21351599693298,-0.039692141115665436,-0.0223123487085104,28.616754150390648
348.7,1887,-24.418434143066406,0.45372244715690613,16.94788932800293,64.46160125732422,12949.324101060129,1092.488037109375,615.2703247070312,56.318265199661255,-0.039687324315309525,-0.022351212799549103,28.616754150390648
348.8,1887,-24.305551528930664,0.4530773162841797,16.94780158996582,64.34896850585938,12951.191529420723,1090.5736083984375,614.484130859375,56.34503960609436,-0.039554402232170105,-0.022286944091320038,28.616815185546898
348.9,1887,-24.308753967285156,0.4508085548877716,16.94774627685547,64.25032043457031,12950.418679855758,1088.8980712890625,611.3706665039062,56.14580512046814,-0.039761073887348175,-0.022324176505208015,28.616815185546898
349,1887,-24.205974578857422,0.4521111845970154,16.94740867614746,64.17971801757812,12948.068657649166,1087.679931640625,613.0259399414062,56.36087656021118,-0.039486050605773926,-0.022254684939980507,28.616784667968773
349.1,1887,-24.175067901611328,0.4506362974643707,16.948020935058594,64.04593658447266,12950.994528551222,1085.451904296875,611.1641845703125,56.30505084991455,-0.03955576568841934,-0.022271892055869102,28.617486572265648
349.2,1887,-24.218002319335938,0.45030897855758667,16.948434829711914,63.92766571044922,12954.03929938635,1083.473876953125,610.8638916015625,56.38011693954468,-0.039645496755838394,-0.022352179512381554,28.618951416015648
349.3,1887,-24.072587966918945,0.4496016800403595,16.94935417175293,63.73274612426758,12962.065044868681,1080.2288818359375,610.2822265625,56.49564266204834,-0.03944500908255577,-0.02228471077978611,28.621942138671898
349.4,1887,-24.063385009765625,0.4472663402557373,16.94964027404785,63.521392822265625,12964.139965269342,1076.664794921875,607.20947265625,56.39726519584656,-0.039629463106393814,-0.02234993316233158,28.624719238281273
349.5,1887,-24.095067977905273,0.44880571961402893,16.947917938232422,63.45172882080078,12954.143045406383,1075.3746337890625,608.8295288085938,56.615567207336426,-0.039576053619384766,-0.022406207397580147,28.627252197265648
349.6,1887,-24.122621536254883,0.44799086451530457,16.945600509643555,63.544227600097656,12934.23663210184,1076.7950439453125,606.7902221679688,56.35150074958801,-0.039754465222358704,-0.022402239963412285,28.629113769531273
349.7,1887,-24.1805362701416,0.4505540430545807,16.944738388061523,63.71242141723633,12917.56732775945,1079.59033203125,609.4754638671875,56.45433068275452,-0.039674337953329086,-0.022397881373763084,28.631829833984398
349.8,1887,-24.196792602539062,0.45039820671081543,16.94464683532715,63.84613800048828,12912.814827493443,1081.8502197265625,609.04052734375,56.29619359970093,-0.03972936421632767,-0.022366119548678398,28.632989501953148
349.9,1887,-24.30066680908203,0.45233064889907837,16.944721221923828,63.95634841918945,12910.293449500954,1083.7225341796875,611.5341796875,56.42904043197632,-0.039737217128276825,-0.022423328831791878,28.635430908203148
350,1887,-24.310104370117188,0.4529421627521515,16.944311141967773,64.07217407226562,12907.171743415016,1085.6588134765625,612.212890625,56.39090538024902,-0.03970858082175255,-0.0223920289427042,28.636315917968773
350.1,1887,-24.478965759277344,0.4548358917236328,16.9438419342041,64.24566650390625,12901.05539097554,1088.568359375,614.481201171875,56.44856095314026,-0.03983680158853531,-0.022487301379442215,28.636712646484398
350.2,1887,-24.4708309173584,0.4552847146987915,16.942903518676758,64.4871597290039,12893.674269640154,1092.5997314453125,614.735595703125,56.263571977615356,-0.03980708122253418,-0.022396884858608246,28.637109375000023
350.3,1887,-24.53257179260254,0.45671144127845764,16.942699432373047,64.71788787841797,12890.602688035806,1096.4957275390625,616.51513671875,56.22594952583313,-0.03979232907295227,-0.022373612970113754,28.638238525390648
350.4,1887,-24.44919204711914,0.45708444714546204,16.943443298339844,64.88427734375,12895.094074723303,1099.363037109375,617.233642578125,56.144654750823975,-0.03961092233657837,-0.02223941497504711,28.639825439453148
350.5,1887,-24.541934967041016,0.4571344554424286,16.945085525512695,64.93152618408203,12908.40503879923,1100.270263671875,617.9383544921875,56.16241693496704,-0.039715830236673355,-0.02230536937713623,28.641168212890648
350.6,1887,-24.489980697631836,0.45703303813934326,16.94533920288086,64.93306732177734,12918.481225284237,1100.3128662109375,618.2835083007812,56.19161128997803,-0.0396096296608448,-0.022257288917899132,28.641198730468773
350.7,1887,-24.585847854614258,0.4562380313873291,16.9455509185791,64.93804931640625,12921.974785082428,1100.4110107421875,617.3749389648438,56.10402822494507,-0.03982320427894592,-0.022342422977089882,28.641961669921898
350.8,1887,-24.627466201782227,0.45762690901756287,16.944320678710938,65.05137634277344,12917.685062006905,1102.2513427734375,619.0487670898438,56.162214279174805,-0.03978275507688522,-0.022342875599861145,28.642694091796898
350.9,1887,-24.703014373779297,0.45683982968330383,16.943105697631836,65.2110595703125,12908.24184281266,1104.8779296875,617.5322875976562,55.891454219818115,-0.040002789348363876,-0.022358139976859093,28.644036865234398
351,1887,-24.636058807373047,0.45933058857917786,16.943326950073242,65.3517837524414,12905.462848298517,1107.276611328125,620.7655029296875,56.06236457824707,-0.03968657925724983,-0.022249234840273857,28.645684814453148
351.1,1887,-24.62578773498535,0.4583265483379364,16.944656372070312,65.38198852539062,12913.936217058295,1107.8753662109375,619.8152465820312,55.94630241394043,-0.039730850607156754,-0.02222794108092785,28.646630859375023
351.2,1887,-24.63445472717285,0.45999544858932495,16.945268630981445,65.38233184814453,12922.449219129096,1107.921142578125,622.4822998046875,56.18470907211304,-0.03957454860210419,-0.0222348440438509,28.646844482421898
351.3,1887,-24.660160064697266,0.45870694518089294,16.94510841369629,65.37290954589844,12927.392891836515,1107.7510986328125,620.97607421875,56.05736970901489,-0.039711929857730865,-0.022261464968323708,28.647454833984398
351.4,1887,-24.718788146972656,0.460697740316391,16.943763732910156,65.46192932128906,12919.407945350824,1109.1715087890625,623.285888671875,56.19382858276367,-0.03965882584452629,-0.022285813465714455,28.648309326171898
351.5,1887,-24.715890884399414,0.46009621024131775,16.943424224853516,65.5833969116211,12912.59101585472,1111.207275390625,622.1436157226562,55.9880793094635,-0.03972698375582695,-0.02224237658083439,28.649804687500023
351.6,1887,-24.779869079589844,0.46147310733795166,16.9437255859375,65.67316436767578,12911.691106557355,1112.748046875,623.9619750976562,56.07396960258484,-0.039713747799396515,-0.022269073873758316,28.650933837890648
351.7,1887,-24.746665954589844,0.46066048741340637,16.94459342956543,65.71349334716797,12918.364656722402,1113.4884033203125,623.1851806640625,55.96691966056824,-0.039709970355033875,-0.02222444862127304,28.651483154296898
351.8,1887,-24.853376388549805,0.46066832542419434,16.944053649902344,65.74236297607422,12920.0607292971,1113.942138671875,623.277587890625,55.95242381095886,-0.03987529128789902,-0.022311192005872726,28.651696777343773
351.9,1887,-24.848846435546875,0.46154695749282837,16.942901611328125,65.87693786621094,12913.599333914592,1116.146484375,624.1541137695312,55.920445919036865,-0.03981203958392143,-0.022263068705797195,28.651696777343773
352,1887,-24.822731018066406,0.46178188920021057,16.944137573242188,65.91154479980469,12917.323699465216,1116.8143310546875,624.6519165039062,55.93158006668091,-0.039738502353429794,-0.022226372733712196,28.652947998046898
352.1,1887,-24.63430404663086,0.4617755115032196,16.946014404296875,65.83428955078125,12931.967042202914,1115.6287841796875,625.3513793945312,56.053709983825684,-0.03939273953437805,-0.02208109386265278,28.654290771484398
352.2,1887,-24.518373489379883,0.4584331810474396,16.948781967163086,65.56034088134766,12956.63061851594,1111.16796875,622.0090942382812,55.97795844078064,-0.03941803053021431,-0.022065408527851105,28.655633544921898
352.3,1887,-24.574079513549805,0.4573272168636322,16.949296951293945,65.27174377441406,12970.86247423036,1106.3101806640625,621.1900634765625,56.14972114562988,-0.03955967724323273,-0.022212648764252663,28.656365966796898
352.4,1887,-24.529329299926758,0.45648056268692017,16.947834014892578,65.10025024414062,12966.639195235082,1103.3082275390625,619.8381958007812,56.179964542388916,-0.03957376256585121,-0.022232526913285255,28.656823730468773
352.5,1887,-24.585147857666016,0.4536936283111572,16.947612762451172,64.96593475341797,12960.76647108984,1101.0174560546875,615.77490234375,55.92780113220215,-0.03992554545402527,-0.022329479455947876,28.658013916015648
352.6,1887,-24.542240142822266,0.4562845826148987,16.946685791015625,64.90232849121094,12952.639310958713,1099.87939453125,618.9031372070312,56.270092725753784,-0.039654411375522614,-0.022313574329018593,28.659509277343773
352.7,1887,-24.618751525878906,0.45616161823272705,16.944190979003906,65.05194091796875,12929.87347083236,1102.2525634765625,617.6488647460938,56.03514909744263,-0.03985881432890892,-0.02233494631946087,28.661492919921898
352.8,1887,-24.6462459564209,0.4583386182785034,16.943857192993164,65.17330932617188,12918.94516816034,1104.2872314453125,620.072021484375,56.15133047103882,-0.03974739462137222,-0.02231869101524353,28.663049316406273
352.9,1887,-24.685365676879883,0.45786789059638977,16.943782806396484,65.27056884765625,12914.023643479672,1105.9302978515625,619.19921875,55.98898530006409,-0.039866600185632706,-0.022320903837680817,28.665612792968773
353,1887,-24.704885482788086,0.45921602845191956,16.944494247436523,65.34996032714844,12915.328045686603,1107.322021484375,621.0850830078125,56.08893036842346,-0.03977697342634201,-0.02231048047542572,28.666864013671898
353.1,1887,-24.54444694519043,0.45794132351875305,16.944948196411133,65.36467742919922,12920.216931169958,1107.60107421875,619.5955200195312,55.9403121471405,-0.03961366042494774,-0.022160006687045097,28.669641113281273
353.2,1887,-24.57314109802246,0.45897892117500305,16.945486068725586,65.36685943603516,12924.153451503122,1107.6732177734375,621.1885986328125,56.08049035072327,-0.03955826163291931,-0.022184468805789948,28.671411132812523
353.3,1887,-24.469280242919922,0.4600703716278076,16.94455909729004,65.4244384765625,12924.314316118454,1108.5882568359375,622.6735229492188,56.168150901794434,-0.03929712623357773,-0.02207246981561184,28.674340820312523
353.4,1887,-24.57747459411621,0.45960742235183716,16.944604873657227,65.48408508300781,12920.142327290383,1109.6019287109375,621.8461303710938,56.042271852493286,-0.039523400366306305,-0.022149812430143356,28.676446533203148
353.5,1887,-24.45543670654297,0.46127521991729736,16.94485855102539,65.55010223388672,12922.190436921823,1110.7371826171875,624.2015991210938,56.19705319404602,-0.039178747683763504,-0.022017301991581917,28.678277587890648
353.6,1887,-24.569719314575195,0.4588811993598938,16.9464111328125,65.47116088867188,12933.517404075319,1109.501220703125,621.5062866210938,56.01673126220703,-0.039532534778118134,-0.022144833579659462,28.680627441406273
353.7,1887,-24.571327209472656,0.45996394753456116,16.94688606262207,65.38683319091797,12941.301852634651,1108.103271484375,623.3477172851562,56.253582239151,-0.039418332278728485,-0.022174222394824028,28.682519531250023
353.8,1887,-24.522531509399414,0.45894578099250793,16.94612693786621,65.3444595336914,12939.982296514681,1107.33544921875,621.9044799804688,56.16224408149719,-0.03943134844303131,-0.022145530208945274,28.684930419921898
353.9,1887,-24.569726943969727,0.4588426947593689,16.94675636291504,65.26373291015625,12941.259887952392,1106.008544921875,621.826171875,56.222546100616455,-0.039512209594249725,-0.022214770317077637,28.686059570312523
354,1887,-24.483314514160156,0.45933467149734497,16.945541381835938,65.25203704833984,12936.660092502387,1105.7310791015625,622.2716674804688,56.27694129943848,-0.03934505954384804,-0.02214219607412815,28.687402343750023
354.1,1887,-24.51500129699707,0.45905354619026184,16.945341110229492,65.26874542236328,12931.499602269956,1106.0010986328125,621.6427001953125,56.20633363723755,-0.03943583741784096,-0.022165440022945404,28.689813232421898
354.2,1887,-24.453367233276367,0.46055135130882263,16.94553565979004,65.27194213867188,12932.734063339789,1106.0679931640625,623.7305908203125,56.391698122024536,-0.03920501843094826,-0.022108376026153564,28.690606689453148
354.3,1887,-24.552614212036133,0.4580989480018616,16.94654655456543,65.19420623779297,12937.955169224373,1104.816650390625,620.6597290039062,56.17762207984924,-0.03955889865756035,-0.022223247215151787,28.691522216796898
354.4,1887,-24.52255630493164,0.459104061126709,16.947538375854492,65.0666732788086,12946.110305810342,1102.719970703125,622.41357421875,56.44348859786987,-0.03939913585782051,-0.022238245233893394,28.692803955078148
354.5,1887,-24.385196685791016,0.4569942355155945,16.948802947998047,64.8475570678711,12959.15083082281,1099.0885009765625,620.1773071289062,56.42651319503784,-0.0393197163939476,-0.022186746820807457,28.694390869140648
354.6,1887,-24.461965560913086,0.4554409980773926,16.948490142822266,64.65857696533203,12961.545149082898,1095.865234375,618.1836547851562,56.41055107116699,-0.03957070782780647,-0.02232205681502819,28.695031738281273
354.7,1887,-24.47211456298828,0.45743703842163086,16.946392059326172,64.64078521728516,12949.067650224091,1095.4281005859375,620.2952270507812,56.62583112716675,-0.03945236653089523,-0.022340228781104088,28.695977783203148
354.8,1887,-24.505231857299805,0.45756497979164124,16.94471549987793,64.72883605957031,12930.780374243435,1096.811767578125,619.5924682617188,56.4903199672699,-0.03955056518316269,-0.022342240437865257,28.696954345703148
354.9,1887,-24.595102310180664,0.46028104424476624,16.94240951538086,64.96992492675781,12909.878465420823,1100.7470703125,622.2628173828125,56.53095245361328,-0.039525263011455536,-0.022344008088111877,28.698480224609398
355,1887,-24.69106101989746,0.45957064628601074,16.940893173217773,65.29402923583984,12888.25616288607,1106.13916015625,620.2618408203125,56.07448220252991,-0.039807479828596115,-0.02232183888554573,28.699792480468773
355.1,1887,-24.669740676879883,0.46232548356056213,16.941587448120117,65.56330871582031,12885.400233121114,1110.74658203125,623.8416748046875,56.164175271987915,-0.03954487666487694,-0.022210054099559784,28.700250244140648
355.2,1887,-24.714452743530273,0.4611243009567261,16.9434757232666,65.68199157714844,12894.423805492754,1112.8812255859375,622.6565551757812,55.94995617866516,-0.039691951125860214,-0.022207628935575485,28.700830078125023
355.3,1887,-24.514141082763672,0.4620627760887146,16.94645118713379,65.59066772460938,12922.017915450308,1111.529052734375,625.2589721679688,56.25215172767639,-0.039206378161907196,-0.022054431959986687,28.701318359375023
355.4,1887,-24.40911102294922,0.4586309492588043,16.948593139648438,65.3377685546875,12948.497629956719,1107.38330078125,621.8868408203125,56.15822672843933,-0.03925008699297905,-0.022042153403162956,28.702050781250023
355.5,1887,-24.398597717285156,0.45733630657196045,16.948375701904297,65.1452865600586,12958.62160955208,1104.1068115234375,620.6162109375,56.209796667099,-0.039313506335020065,-0.02209804207086563,28.702844238281273
355.6,1887,-24.30483627319336,0.45676741003990173,16.94907569885254,64.91017150878906,12967.957585669436,1100.1673583984375,620.290771484375,56.38148784637451,-0.03918297216296196,-0.02209194377064705,28.704553222656273
355.7,1887,-24.257551193237305,0.45455068349838257,16.949665069580078,64.64435577392578,12971.514092491017,1095.7001953125,617.44970703125,56.35206699371338,-0.03928668051958084,-0.02213885821402073,28.704705810546898
355.8,1887,-24.324138641357422,0.45463377237319946,16.948888778686523,64.45049285888672,12970.960391822302,1092.3642578125,617.5362548828125,56.532078981399536,-0.03938900679349899,-0.022267425432801247,28.704583740234398
355.9,1887,-24.26289176940918,0.45527440309524536,16.94655990600586,64.4080581665039,12955.192162462898,1091.4949951171875,617.6546630859375,56.58794641494751,-0.03928229585289955,-0.022229045629501343,28.704827880859398
356,1890,-24.30959701538086,0.45515352487564087,16.94544792175293,64.45594024658203,12938.7256874181,1092.2347412109375,616.705810546875,56.46275281906128,-0.03941846638917923,-0.022256750613451004,28.705072021484398
356.1,1890,-24.25881004333496,0.4563508629798889,16.944135665893555,64.56639862060547,12938.046092702603,1094.0218505859375,618.295654296875,56.51584267616272,-0.03923496976494789,-0.02217397280037403,28.705072021484398
356.2,1890,-24.315114974975586,0.45518550276756287,16.944223403930664,64.69390869140625,12946.335283134682,1096.18798828125,617.1118774414062,56.29616975784302,-0.039401471614837646,-0.022181518375873566,28.704705810546898
356.3,1890,-24.28251838684082,0.45668336749076843,16.944801330566406,64.76773834228516,12953.844629888086,1097.4764404296875,619.501708984375,56.447833776474,-0.03919685631990433,-0.02212577685713768,28.704888916015648
356.4,1890,-24.170679092407227,0.4563148319721222,16.945655822753906,64.79290008544922,12964.31831516895,1097.9581298828125,619.5022583007812,56.42312169075012,-0.03901628777384758,-0.022014208137989044,28.704949951171898
356.5,1890,-24.287321090698242,0.4565393328666687,16.94515609741211,64.80934143066406,12966.086660251985,1098.2044677734375,619.8916015625,56.44592046737671,-0.03917995095252991,-0.02211548388004303,28.705102539062523
356.6,1890,-24.31626319885254,0.4589433968067169,16.943981170654297,64.92434692382812,12958.664739919957,1100.076904296875,622.7991333007812,56.614142656326294,-0.03904350847005844,-0.02210414782166481,28.705834960937523
356.7,1890,-24.255334854125977,0.4575556814670563,16.944528579711914,64.98404693603516,12958.187974502054,1101.1240234375,620.8931274414062,56.38720989227295,-0.03906523436307907,-0.022027794271707535,28.706475830078148
356.8,1890,-24.226961135864258,0.4585469365119934,16.945104598999023,65.0245132446289,12961.856387142998,1101.84716796875,622.4143676757812,56.488269567489624,-0.038924165070056915,-0.021987587213516235,28.707177734375023
356.9,1890,-24.155803680419922,0.45884132385253906,16.945104598999023,65.06005859375,12965.435041991328,1102.449462890625,622.9859008789062,56.50925040245056,-0.03877423703670502,-0.021911028772592545,28.708764648437523
357,1887,-24.233430862426758,0.45766645669937134,16.94594383239746,65.0154800415039,12973.551710951891,1101.7486572265625,621.77978515625,56.43571615219116,-0.038974300026893616,-0.0219954252243042,28.709680175781273
357.1,1887,-24.24464225769043,0.457439661026001,16.948833465576172,64.7861099243164,12980.629754026506,1098.0489501953125,621.8107299804688,56.62868618965149,-0.03899038955569267,-0.022079745307564735,28.709497070312523
357.2,1887,-24.166345596313477,0.45484766364097595,16.94952964782715,64.50325012207031,12980.748653959577,1093.2998046875,618.29296875,56.55292868614197,-0.03908558934926987,-0.022104043513536453,28.709649658203148
357.3,1887,-24.365894317626953,0.45378243923187256,16.947547912597656,64.36844635009766,12964.64237577085,1090.8873291015625,616.0796508789062,56.475090980529785,-0.03954990953207016,-0.022335847839713097,28.709710693359398
357.4,1887,-24.30385971069336,0.4555281400680542,16.94635772705078,64.36972045898438,12948.270321261141,1090.832275390625,617.668701171875,56.6236138343811,-0.039347726851701736,-0.02228010632097721,28.709436035156273
357.5,1887,-24.26194953918457,0.45430058240890503,16.946903228759766,64.28793334960938,12946.743273101105,1089.4814453125,615.9315185546875,56.534379720687866,-0.03939066082239151,-0.022269265726208687,28.709375000000023
357.6,1887,-24.270742416381836,0.45383337140083313,16.947465896606445,64.19756317138672,12947.17690815113,1087.9859619140625,615.3187255859375,56.55575394630432,-0.039444178342819214,-0.022307954728603363,28.709558105468773
357.7,1887,-24.18702507019043,0.4526326060295105,16.947391510009766,64.08670806884766,12948.499961327956,1086.1025390625,613.75341796875,56.50970935821533,-0.039408374577760696,-0.022269560024142265,28.709527587890648
357.8,1887,-24.267044067382812,0.4521602392196655,16.94690704345703,64.03515625,12943.996917784274,1085.1978759765625,612.899658203125,56.47814869880676,-0.03959382697939873,-0.022361861541867256,28.709558105468773
357.9,1887,-24.288469314575195,0.45428967475891113,16.944442749023438,64.15396118164062,12927.276323274678,1087.0531005859375,614.9906616210938,56.57411217689514,-0.039494045078754425,-0.022343406453728676,28.709527587890648
358,1887,-24.540090560913086,0.4554401934146881,16.942129135131836,64.42473602294922,12901.703512179341,1091.4921875,615.3284912109375,56.37497901916504,-0.03988128527998924,-0.022483065724372864,28.709527587890648
358.1,1887,-24.613250732421875,0.45843055844306946,16.940828323364258,64.79723358154297,12884.15528088072,1097.71875,618.5262451171875,56.34651184082031,-0.039793383330106735,-0.02242218144237995,28.709710693359398
358.2,1887,-24.71909523010254,0.45984864234924316,16.941057205200195,65.09105682373047,12877.654252187187,1102.7113037109375,620.12646484375,56.236523389816284,-0.03986137732863426,-0.022416651248931885,28.709588623046898
358.3,1887,-24.665117263793945,0.46043771505355835,16.941883087158203,65.30292510986328,12883.313655864271,1106.3544921875,621.1937866210938,56.147801876068115,-0.039705995470285416,-0.022294044494628906,28.709588623046898
358.4,1887,-24.709407806396484,0.4619481563568115,16.94244384765625,65.4804458618164,12888.328435394407,1109.3988037109375,623.47412109375,56.19928240776062,-0.03963180631399155,-0.02227279171347618,28.709558105468773
358.5,1887,-24.590225219726562,0.46165230870246887,16.94404411315918,65.52928924560547,12904.334464619955,1110.3311767578125,623.8486328125,56.18581771850586,-0.039416972547769547,-0.02214674837887287,28.709863281250023
358.6,1887,-24.705110549926758,0.4617767333984375,16.943696975708008,65.61148834228516,12908.315281006617,1111.701171875,624.2092895507812,56.14901781082153,-0.03957824781537056,-0.022222798317670822,28.709741210937523
358.7,1887,-24.68560791015625,0.46275243163108826,16.94349479675293,65.72325897216797,12908.033185086975,1113.5816650390625,625.5145263671875,56.17141127586365,-0.03946448490023613,-0.022167757153511047,28.709771728515648
358.8,1887,-24.784177780151367,0.4611903727054596,16.94434356689453,65.76630401611328,12915.20331732544,1114.3668212890625,623.7493286132812,55.97342848777771,-0.03973419591784477,-0.022240592166781425,28.709375000000023
358.9,1887,-24.652360916137695,0.461921364068985,16.945825576782227,65.71745300292969,12928.882638056764,1113.636474609375,625.399658203125,56.15833401679993,-0.03941857069730759,-0.022136811167001724,28.709436035156273
359,1887,-24.603593826293945,0.4591662883758545,16.947410583496094,65.535400390625,12944.591417449632,1110.6553955078125,622.4249267578125,56.04122877120972,-0.03952861577272415,-0.02215232141315937,28.708947753906273
359.1,1887,-24.610240936279297,0.46041804552078247,16.94675636291504,65.42166137695312,12948.748252364665,1108.6849365234375,624.3221435546875,56.31195306777954,-0.03941913694143295,-0.02219768613576889,28.707238769531273
359.2,1887,-24.509084701538086,0.4596632421016693,16.94667625427246,65.34275817871094,12948.318114371494,1107.342529296875,623.2779541015625,56.28591775894165,-0.039322882890701294,-0.022133246064186096,28.705560302734398
359.3,1887,-24.608463287353516,0.4587753117084503,16.946998596191406,65.21607971191406,12950.981706009421,1105.216796875,622.201904296875,56.29681944847107,-0.03955060616135597,-0.022265734151005745,28.704522705078148
359.4,1887,-24.618999481201172,0.460568904876709,16.945436477661133,65.22671508789062,12943.256707416624,1105.295166015625,624.2618408203125,56.47919774055481,-0.03943697735667229,-0.02227368764579296,28.704492187500023
359.5,1887,-24.71351432800293,0.4592698812484741,16.944461822509766,65.27725219726562,12930.168389293802,1106.087890625,621.8716430664062,56.22262358665466,-0.039740536361932755,-0.022343173623085022,28.703515625000023
359.6,1887,-24.73320770263672,0.46187496185302734,16.942625045776367,65.46015167236328,12914.118064014758,1109.0667724609375,624.6227416992188,56.31966590881348,-0.0395970344543457,-0.02230091765522957,28.702172851562523
359.7,1887,-24.761394500732422,0.4619944095611572,16.942163467407227,65.67059326171875,12903.255039737363,1112.6019287109375,624.2587280273438,56.10800385475159,-0.03966527432203293,-0.022255394607782364,28.700097656250023
359.8,1887,-24.737991333007812,0.4640670418739319,16.94252586364746,65.80896759033203,12903.372773984818,1114.9700927734375,627.0650634765625,56.24052286148071,-0.03945044055581093,-0.022187134250998497,28.699517822265648
359.9,1887,-24.763647079467773,0.46259579062461853,16.943443298339844,65.91544342041016,12906.408219334999,1116.8345947265625,625.2240600585938,55.981796979904175,-0.039607636630535126,-0.022173065692186356,28.698602294921898
360,1887,-24.71700096130371,0.46372419595718384,16.945240020751953,65.88446044921875,12921.605262741412,1116.427978515625,627.4871826171875,56.204891204833984,-0.0393904484808445,-0.022139359265565872,28.696801757812523
360.1,1887,-24.57221794128418,0.46096330881118774,16.946977615356445,65.72037506103516,12939.971805344116,1113.76171875,624.6378784179688,56.083619594573975,-0.03933834284543991,-0.02206236496567726,28.694818115234398
360.2,1887,-24.65852165222168,0.46076878905296326,16.947206497192383,65.54959106445312,12949.974553635167,1110.8824462890625,624.85693359375,56.2487006187439,-0.03946266695857048,-0.022197237238287926,28.693933105468773
360.3,1887,-24.54759979248047,0.4612034261226654,16.945756912231445,65.51380157470703,12945.386415041346,1110.180908203125,625.2247314453125,56.317371129989624,-0.039262041449546814,-0.022111350670456886,28.691979980468773
360.4,1887,-24.540138244628906,0.4588342607021332,16.946718215942383,65.41259765625,12948.29246928789,1108.52880859375,622.1526489257812,56.12417459487915,-0.03944391757249832,-0.02213757298886776,28.690057373046898
360.5,1887,-24.53882598876953,0.4598191976547241,16.947507858276367,65.2494125366211,12954.464774637047,1105.81494140625,623.785400390625,56.40956163406372,-0.03933857008814812,-0.022190716117620468,28.689721679687523
360.6,1887,-24.42536163330078,0.4583463668823242,16.94723129272461,65.14033508300781,12955.04994881746,1103.9483642578125,621.8154296875,56.326496601104736,-0.0392807237803936,-0.022125456482172012,28.689202880859398
360.7,1887,-24.440515518188477,0.456956684589386,16.947673797607422,64.97606658935547,12957.269414234794,1101.1932373046875,620.0363159179688,56.305861473083496,-0.03941787779331207,-0.022194575518369675,28.688256835937523
360.8,1887,-24.373537063598633,0.457101434469223,16.947006225585938,64.86981201171875,12955.225967345828,1099.34912109375,620.1349487304688,56.409281492233276,-0.039303604513406754,-0.022170880809426308,28.687127685546898
360.9,1887,-24.40427017211914,0.4560028612613678,16.94627571105957,64.80570983886719,12946.524124204854,1098.2154541015625,618.22900390625,56.29396438598633,-0.0394744835793972,-0.022221751511096954,28.686212158203148
361,1887,-24.4909610748291,0.45753735303878784,16.945005416870117,64.86205291748047,12933.433474710797,1099.087890625,619.6821899414062,56.38149976730347,-0.03952180966734886,-0.02228298783302307,28.685479736328148
361.1,1887,-24.55298614501953,0.4566092789173126,16.94404411315918,64.98477935791016,12920.91517685535,1101.10498046875,617.82666015625,56.10969662666321,-0.039740897715091705,-0.022298498079180717,28.685144042968773
361.2,1887,-24.59983253479004,0.45769062638282776,16.944293975830078,65.08470153808594,12917.03927217434,1102.8143310546875,619.10400390625,56.138551235198975,-0.03973457217216492,-0.02230641432106495,28.685083007812523
361.3,1887,-24.471424102783203,0.4578836262226105,16.944774627685547,65.11151885986328,12919.768142206894,1103.300048828125,619.4959106445312,56.14936351776123,-0.03950215503573418,-0.022180208936333656,28.685083007812523
361.4,1887,-24.609682083129883,0.45951470732688904,16.943445205688477,65.23677062988281,12912.229653313032,1105.335693359375,621.3399658203125,56.212782859802246,-0.03960743546485901,-0.022264443337917328,28.684991455078148
361.5,1887,-24.5144100189209,0.4597891867160797,16.942617416381836,65.42716217041016,12904.244706827343,1108.50732421875,621.3265991210938,56.05074167251587,-0.03945494815707207,-0.022114792838692665,28.685083007812523
361.6,1887,-24.622610092163086,0.46114274859428406,16.943359375,65.53214263916016,12906.523622211214,1110.3345947265625,623.2658081054688,56.13314509391785,-0.039505794644355774,-0.022175846621394157,28.685113525390648
361.7,1887,-24.589473724365234,0.4612901508808136,16.943283081054688,65.63855743408203,12906.781238732869,1112.1326904296875,623.4774780273438,56.0614287853241,-0.039439234882593155,-0.022110197693109512,28.685144042968773
361.8,1887,-24.708629608154297,0.46227896213531494,16.943035125732422,65.77115631103516,12905.32646308117,1114.363037109375,624.7434692382812,56.062835454940796,-0.039550039917230606,-0.022172873839735985,28.684838867187523
361.9,1887,-24.721046447753906,0.46289798617362976,16.943456649780273,65.8740234375,12909.283965755465,1116.1336669921875,625.7719116210938,56.066036224365234,-0.03950488194823265,-0.022148823365569115,28.684777832031273
362,1887,-24.780786514282227,0.46245869994163513,16.94373321533203,65.93159484863281,12913.873270034905,1117.1273193359375,625.4003295898438,55.98289966583252,-0.03962387889623642,-0.02218259684741497,28.684838867187523
362.1,1887,-24.74903678894043,0.463594526052475,16.943796157836914,65.99390411376953,12916.563672442053,1118.187255859375,627.0669555664062,56.07888698577881,-0.039467934519052505,-0.022133177146315575,28.685144042968773
362.2,1887,-24.809160232543945,0.46343493461608887,16.943119049072266,66.0798568725586,12912.46395612232,1119.598876953125,626.652099609375,55.97112774848938,-0.039590004831552505,-0.022158971056342125,28.684899902343773
362.3,1887,-24.756383895874023,0.4653691351413727,16.943267822265625,66.19158935546875,12914.519059867469,1121.5018310546875,629.36767578125,56.11829161643982,-0.039335329085588455,-0.022074313834309578,28.685144042968773
362.4,1887,-24.744470596313477,0.46357887983322144,16.94490623474121,66.1537094116211,12925.652523208319,1120.9683837890625,627.4869995117188,55.9772253036499,-0.03943423554301262,-0.02207419089972973,28.685052490234398
362.5,1887,-24.61562728881836,0.46356362104415894,16.945587158203125,66.09396362304688,12933.258621868044,1120.0009765625,627.8355712890625,56.05669617652893,-0.03920712321996689,-0.021978218108415604,28.685235595703148
362.6,1887,-24.496984481811523,0.4616071283817291,16.947147369384766,65.93404388427734,12947.823863669313,1117.3939208984375,625.8898315429688,56.013357639312744,-0.03913944959640503,-0.02192331850528717,28.685815429687523
362.7,1887,-24.478588104248047,0.45951029658317566,16.949064254760742,65.62541961669922,12967.223203729875,1112.2894287109375,623.9802856445312,56.098729372024536,-0.03922974690794945,-0.02200739085674286,28.686883544921898
362.8,1887,-24.36216163635254,0.4596124291419983,16.948911666870117,65.3443374633789,12975.148700249028,1107.515380859375,624.5004272460938,56.387513875961304,-0.03901064023375511,-0.021997131407260895,28.687585449218773
362.9,1887,-24.257568359375,0.45679816603660583,16.948135375976562,65.16218566894531,12971.019841788837,1104.3775634765625,620.47900390625,56.18359446525574,-0.03909490630030632,-0.021964924409985542,28.688684082031273
363,1887,-24.363012313842773,0.4566502869129181,16.948806762695312,64.95601654052734,12971.005853561417,1100.927001953125,620.2774658203125,56.34137988090515,-0.03927760198712349,-0.022129544988274574,28.689813232421898
363.1,1887,-24.32608413696289,0.45686328411102295,16.947566986083984,64.82056427001953,12964.24137991814,1098.5509033203125,620.2431640625,56.460124254226685,-0.039220236241817474,-0.02214379422366619,28.689965820312523
363.2,1887,-24.367036819458008,0.4551604092121124,16.947612762451172,64.69779205322266,12958.857078046985,1096.47314453125,617.6746826171875,56.33286237716675,-0.039449628442525864,-0.022223103791475296,28.690026855468773
363.3,1887,-24.388042449951172,0.4565761089324951,16.947433471679688,64.59530639648438,12955.693407278786,1094.724609375,619.444580078125,56.58451318740845,-0.0393708199262619,-0.02227778732776642,28.689996337890648
363.4,1887,-24.360671997070312,0.45450109243392944,16.94681167602539,64.54393005371094,12949.81835176231,1093.8138427734375,616.3497314453125,56.348687410354614,-0.039524104446172714,-0.02227131463587284,28.689965820312523
363.5,1887,-24.393314361572266,0.45482903718948364,16.946836471557617,64.5008544921875,12945.399237583148,1093.08544921875,616.583984375,56.40766620635986,-0.039562027901411057,-0.022316018119454384,28.690057373046898
363.6,1887,-24.286540985107422,0.45477500557899475,16.94658660888672,64.44447326660156,12941.722665142875,1092.1138916015625,616.3356323242188,56.43510818481445,-0.0394047312438488,-0.022238103672862053,28.690118408203148
363.7,1887,-24.324277877807617,0.45500609278678894,16.946020126342773,64.45171356201172,12934.406822202118,1092.2000732421875,616.3002319335938,56.42741322517395,-0.039468225091695786,-0.022270899266004562,28.690118408203148
363.8,1887,-24.267290115356445,0.4561545252799988,16.946361541748047,64.4110336303711,12936.074918321976,1091.53271484375,617.9354858398438,56.61172270774841,-0.039271559566259384,-0.022232307121157646,28.690087890625023
363.9,1887,-24.313127517700195,0.4551749527454376,16.945470809936523,64.45105743408203,12929.688126819043,1092.153564453125,616.3040771484375,56.43016695976257,-0.039449889212846756,-0.022261640056967735,28.689996337890648
364,1887,-24.27347755432129,0.4553545117378235,16.945512771606445,64.48497772216797,12928.903620397894,1092.73095703125,616.509765625,56.419169902801514,-0.039372414350509644,-0.022213589400053024,28.690362548828148
364.1,1887,-24.299741744995117,0.4545665383338928,16.945680618286133,64.48816680908203,12928.865152772489,1092.7958984375,615.4411010742188,56.31802678108215,-0.039483457803726196,-0.022236304357647896,28.690454101562523
364.2,1887,-24.362010955810547,0.45673832297325134,16.945053100585938,64.52293395996094,12925.123301937589,1093.344482421875,618.2025146484375,56.5423309803009,-0.03940781578421593,-0.022282099351286888,28.690484619140648
364.3,1887,-24.337162017822266,0.45691174268722534,16.944154739379883,64.62665557861328,12919.152660200405,1095.0440673828125,618.1515502929688,56.449925899505615,-0.03937086462974548,-0.022224824875593185,28.691766357421898
364.4,1887,-24.428382873535156,0.45860129594802856,16.943355560302734,64.79252624511719,12909.258320671861,1097.8028564453125,619.962158203125,56.47299885749817,-0.03940302133560181,-0.022252067923545837,28.693811035156273
364.5,1887,-24.411054611206055,0.45882195234298706,16.943944931030273,64.89203643798828,12911.16421665786,1099.527099609375,620.35205078125,56.41989707946777,-0.03935032710433006,-0.0222014132887125,28.695031738281273
364.6,1887,-24.382274627685547,0.4576686918735504,16.94659423828125,64.84356689453125,12925.456688024437,1098.8775634765625,619.477783203125,56.373679637908936,-0.039359401911497116,-0.022188344970345497,28.695886230468773
364.7,1887,-24.255592346191406,0.45853808522224426,16.947416305541992,64.68344116210938,12940.565139323855,1096.2171630859375,621.3800048828125,56.68402314186096,-0.03903503715991974,-0.022126629948616028,28.697351074218773
364.8,1887,-24.232322692871094,0.4563807249069214,16.947458267211914,64.5843505859375,12946.652349622873,1094.54052734375,618.7474365234375,56.53033256530762,-0.03916351497173309,-0.02213926427066326,28.699090576171898
364.9,1887,-24.266355514526367,0.4565534293651581,16.946897506713867,64.50352478027344,12947.39605704738,1093.1346435546875,619.01708984375,56.62770867347717,-0.03920142725110054,-0.02219887264072895,28.700006103515648
365,1887,-24.24501609802246,0.4548399746417999,16.946617126464844,64.44884490966797,12943.938633503358,1092.18994140625,616.5292358398438,56.448906660079956,-0.03932500630617142,-0.02219853550195694,28.700433349609398
365.1,1887,-24.295942306518555,0.45433560013771057,16.946496963500977,64.42021179199219,12940.640908889049,1091.6968994140625,615.6886596679688,56.39740228652954,-0.0394614078104496,-0.02225520834326744,28.700311279296898
365.2,1887,-24.211881637573242,0.454118937253952,16.94693946838379,64.34407043457031,12942.215750159437,1090.43505859375,615.469970703125,56.4426064491272,-0.0393388532102108,-0.022203871980309486,28.700494384765648
365.3,1887,-24.266992568969727,0.453018456697464,16.946002960205078,64.3373031616211,12937.248763739653,1090.2601318359375,613.7428588867188,56.29324913024902,-0.03953934833407402,-0.022257983684539795,28.701287841796898
365.4,1887,-24.22028350830078,0.4551447629928589,16.945390701293945,64.37078094482422,12931.51825323985,1090.7880859375,616.3504028320312,56.50506019592285,-0.039296288043260574,-0.022204389795660973,28.701806640625023
365.5,1887,-24.358335494995117,0.4548114836215973,16.94450569152832,64.45560455322266,12922.712664078843,1092.1683349609375,615.4796752929688,56.353920698165894,-0.03957618027925491,-0.02230273000895977,28.702325439453148
365.6,1887,-24.38928985595703,0.4574980139732361,16.9435977935791,64.60751342773438,12913.307912510005,1094.6837158203125,618.6646728515625,56.51538372039795,-0.03942246735095978,-0.022279759868979454,28.702783203125023
365.7,1887,-24.439550399780273,0.457388699054718,16.94325828552246,64.76174926757812,12905.155107295273,1097.2750244140625,618.1264038085938,56.33285641670227,-0.03953811153769493,-0.022272948175668716,28.703820800781273
365.8,1887,-24.447912216186523,0.45933258533477783,16.944181442260742,64.85839080810547,12908.983218865931,1098.9722900390625,620.9375,56.5016508102417,-0.039372578263282776,-0.022246157750487328,28.704614257812523
365.9,1887,-24.2736759185791,0.4566214978694916,16.945755004882812,64.8443603515625,12922.329153510407,1098.836669921875,617.9107666015625,56.233179569244385,-0.03928346559405327,-0.02209034003317356,28.704888916015648
366,1887,-24.28585433959961,0.4566915035247803,16.946636199951172,64.76690673828125,12934.866102335747,1097.5811767578125,618.6051025390625,56.36075735092163,-0.039259061217308044,-0.022126704454421997,28.705285644531273
366.1,1887,-24.203115463256836,0.45668789744377136,16.946199417114258,64.70318603515625,12937.934186883242,1096.47314453125,618.7469482421875,56.43065571784973,-0.03911634162068367,-0.02207360602915287,28.705468750000023
366.2,1887,-24.363431930541992,0.45607972145080566,16.945730209350586,64.69451904296875,12934.68891812176,1096.2958984375,617.7679443359375,56.350475549697876,-0.03943783789873123,-0.02222340926527977,28.705560302734398
366.3,1887,-24.35837745666504,0.457826167345047,16.94515609741211,64.7377700805664,12929.317438792408,1096.9915771484375,619.8760375976562,56.50690197944641,-0.03929556533694267,-0.022204706445336342,28.705773925781273
366.4,1887,-24.366209030151367,0.45546954870224,16.94552993774414,64.74254608154297,12928.474648090341,1097.0968017578125,616.6450805664062,56.20698928833008,-0.03951415792107582,-0.022209716960787773,28.706109619140648
366.5,1887,-24.399494171142578,0.45714494585990906,16.945249557495117,64.74980926513672,12928.826685147083,1097.20166015625,618.93017578125,56.40988349914551,-0.03942204639315605,-0.022237930446863174,28.706079101562523
366.6,1887,-24.408830642700195,0.4553835391998291,16.945302963256836,64.75718688964844,12929.378054444562,1097.3302001953125,616.5717163085938,56.18835091590881,-0.03958798572421074,-0.022243835031986237,28.706109619140648
366.7,1887,-24.415298461914062,0.4566408097743988,16.946016311645508,64.72635650634766,12933.531392302739,1096.8538818359375,618.4725952148438,56.38605356216431,-0.03947676718235016,-0.022259389981627464,28.705865478515648
366.8,1887,-24.341938018798828,0.4551156163215637,16.94672393798828,64.62229919433594,12941.458054507511,1095.13623046875,616.78466796875,56.32035732269287,-0.03946586325764656,-0.022227315232157707,28.705865478515648
366.9,1887,-24.425722122192383,0.45378440618515015,16.94695281982422,64.50468444824219,12945.335124874138,1093.1578369140625,615.164794921875,56.27410411834717,-0.03970598056912422,-0.022344185039401054,28.705651855468773
367,1887,-24.402231216430664,0.45714646577835083,16.945444107055664,64.5256576538086,12937.847926147484,1093.4158935546875,619.3640747070312,56.644874811172485,-0.03939884528517723,-0.02231742814183235,28.704919433593773
367.1,1887,-24.438932418823242,0.4559449851512909,16.944921493530273,64.56768798828125,12928.907117454748,1094.0943603515625,617.3093872070312,56.42194747924805,-0.03958943858742714,-0.022337133064866066,28.705163574218773
367.2,1887,-24.452407836914062,0.45800715684890747,16.944351196289062,64.66702270507812,12922.476029898318,1095.74072265625,619.7929077148438,56.56383037567139,-0.03945254534482956,-0.022315869107842445,28.705041503906273
367.3,1887,-24.50354766845703,0.457207590341568,16.94414520263672,64.76244354248047,12917.721198261073,1097.34423828125,618.4832763671875,56.36183023452759,-0.03961877152323723,-0.022329863160848618,28.704797363281273
367.4,1887,-24.55422592163086,0.45921754837036133,16.943605422973633,64.89521026611328,12914.444455987894,1099.558837890625,621.0446166992188,56.48125410079956,-0.0395369753241539,-0.022330978885293007,28.704614257812523
367.5,1887,-24.537935256958008,0.4582340121269226,16.94338607788086,65.0085678100586,12910.95322756094,1101.4652099609375,619.5469970703125,56.24752640724182,-0.039606254547834396,-0.02227753959596157,28.704705810546898
367.6,1887,-24.66051483154297,0.46094757318496704,16.942203521728516,65.21198272705078,12901.603263216164,1104.834716796875,622.7644653320312,56.36720657348633,-0.039598461240530014,-0.022320548072457314,28.704949951171898
367.7,1887,-24.74842071533203,0.46166035532951355,16.941402435302734,65.43885040283203,12891.550390443523,1108.6258544921875,623.241455078125,56.21747374534607,-0.03970919921994209,-0.02232350967824459,28.705072021484398
367.8,1887,-24.811220169067383,0.4642471671104431,16.941295623779297,65.65821838378906,12890.269301948958,1112.3353271484375,626.67138671875,56.33835196495056,-0.03959207236766815,-0.022305522114038467,28.704797363281273
367.9,1887,-24.84304428100586,0.4633159339427948,16.942020416259766,65.8348617553711,12891.993350978497,1115.3756103515625,625.4979858398438,56.07958436012268,-0.03971722349524498,-0.02227325551211834,28.704675292968773
368,1887,-24.92572593688965,0.4655663073062897,16.941333770751953,66.04932403564453,12890.121259875428,1118.963623046875,628.44482421875,56.16311430931091,-0.03966255113482475,-0.02227572537958622,28.704614257812523
368.1,1887,-24.900035858154297,0.46448323130607605,16.94152069091797,66.23314666748047,12892.240476329585,1122.0902099609375,627.0859375,55.885517597198486,-0.03970753401517868,-0.02219076082110405,28.704553222656273
368.2,1887,-24.7596378326416,0.4654300808906555,16.943822860717773,66.26588439941406,12909.330593180199,1122.79736328125,629.1972045898438,56.03835582733154,-0.03935115784406662,-0.022051740437746048,28.704553222656273
368.3,1887,-24.656869888305664,0.4634046256542206,16.945960998535156,66.13457489013672,12932.105758791498,1120.7138671875,627.5642700195312,55.996835231781006,-0.03928979113698006,-0.022001037374138832,28.703851318359398
368.4,1887,-24.81788444519043,0.46229666471481323,16.94566535949707,66.03715515136719,12939.857568153519,1119.0435791015625,626.4391479492188,55.97987174987793,-0.0396173931658268,-0.022177765145897865,28.702966308593773
368.5,1887,-24.76206398010254,0.4620777368545532,16.945491790771484,65.966064453125,12942.274034440356,1117.827392578125,626.2593994140625,56.02469444274902,-0.039539627730846405,-0.02215195633471012,28.701989746093773
368.6,1887,-24.672203063964844,0.46054795384407043,16.94680404663086,65.8053207397461,12951.07379517327,1115.1898193359375,624.6104736328125,56.00934028625488,-0.03950014337897301,-0.02212376892566681,28.700585937500023
368.7,1887,-24.580615997314453,0.46129748225212097,16.947092056274414,65.64124298095703,12956.162012897363,1112.42822265625,625.872802734375,56.2618613243103,-0.03927414119243622,-0.022096361964941025,28.699792480468773
368.8,1887,-24.519594192504883,0.45942986011505127,16.946231842041016,65.53936767578125,12953.070614637501,1110.645263671875,623.1901245117188,56.11063241958618,-0.039345286786556244,-0.022076889872550964,28.699670410156273
368.9,1887,-24.580833435058594,0.4597625434398651,16.945667266845703,65.48059844970703,12947.034694505692,1109.6124267578125,623.3507690429688,56.1773419380188,-0.03943338617682457,-0.022152630612254143,28.699487304687523
369,1887,-24.52511215209961,0.4606291651725769,16.94455337524414,65.4935302734375,12938.283892568747,1109.7586669921875,624.1036376953125,56.23778700828552,-0.03929653763771057,-0.02209950052201748,28.699456787109398
369.1,1887,-24.578685760498047,0.46004319190979004,16.944507598876953,65.51362609863281,12932.681607486962,1110.09619140625,623.0398559570312,56.12485408782959,-0.03944962099194527,-0.022141043096780777,28.697900390625023
369.2,1887,-24.42359161376953,0.460440456867218,16.94582176208496,65.43069458007812,12939.845911297334,1108.77685546875,623.9232788085938,56.2713086605072,-0.03914518281817436,-0.022027507424354553,28.696130371093773
369.3,1887,-24.381439208984375,0.45794883370399475,16.946855545043945,65.27689361572266,12948.512783869757,1106.238037109375,620.962646484375,56.13281726837158,-0.03926394134759903,-0.022039955481886864,28.694940185546898
369.4,1887,-24.340530395507812,0.45775264501571655,16.946910858154297,65.1463394165039,12953.42498306548,1104.0291748046875,620.9320678710938,56.242358684539795,-0.039199989289045334,-0.022046998143196106,28.694818115234398
369.5,1887,-24.33860206604004,0.4577936828136444,16.94540023803711,65.11294555664062,12945.378255242018,1103.3648681640625,620.6019897460938,56.246304512023926,-0.03921773284673691,-0.022058524191379547,28.694879150390648
369.6,1887,-24.442466735839844,0.45729488134384155,16.94544792175293,65.07649230957031,12940.523174641596,1102.7503662109375,619.6932983398438,56.195247173309326,-0.039442844688892365,-0.022165006026625633,28.694818115234398
369.7,1887,-24.336088180541992,0.4575497806072235,16.946258544921875,64.99588775634766,12946.508970291816,1101.4371337890625,620.3255004882812,56.319648027420044,-0.039231158792972565,-0.02209484949707985,28.694940185546898
369.8,1887,-24.296899795532227,0.45588377118110657,16.947406768798828,64.84512329101562,12950.951398183344,1098.9566650390625,618.2788696289062,56.26053214073181,-0.03929763659834862,-0.022109059616923332,28.694879150390648
369.9,1887,-24.300376892089844,0.4562806189060211,16.94694709777832,64.73389434814453,12951.61817035704,1097.0418701171875,618.8489990234375,56.41069412231445,-0.039267055690288544,-0.02215082012116909,28.694879150390648
370,1887,-24.294424057006836,0.4564457833766937,16.945613861083984,64.72476959228516,12942.957126212708,1096.8009033203125,618.6589965820312,56.40576481819153,-0.03926949203014374,-0.022150257602334023,28.695031738281273
370.1,1887,-24.26627540588379,0.4570215046405792,16.94530487060547,64.7296371459961,12935.804479258519,1096.8634033203125,619.0969848632812,56.44248723983765,-0.03919624164700508,-0.02212333306670189,28.694940185546898
370.2,1887,-24.123661041259766,0.4567907750606537,16.946521759033203,64.65576171875,12941.617753437225,1095.6903076171875,619.0625,56.499773263931274,-0.038968052715063095,-0.0220168624073267,28.694879150390648
370.3,1887,-24.16946029663086,0.4546002745628357,16.94791030883789,64.46031188964844,12954.513733433017,1092.467529296875,616.707763671875,56.450897455215454,-0.0391911081969738,-0.022123731672763824,28.695153808593773
370.4,1887,-24.063514709472656,0.45456740260124207,16.948760986328125,64.23201751708984,12964.117817242593,1088.653076171875,617.120361328125,56.68659210205078,-0.0389932282269001,-0.0221039317548275,28.695336914062523
370.5,1887,-23.873830795288086,0.4526061415672302,16.949604034423828,63.949764251708984,12974.003996971811,1083.9232177734375,614.9263305664062,56.7315399646759,-0.03882388770580292,-0.022025389596819878,28.695794677734398
370.6,1887,-23.819612503051758,0.4496455490589142,16.950485229492188,63.632877349853516,12980.747488273959,1078.608154296875,611.2214965820312,56.6676139831543,-0.03897050768136978,-0.02208365686237812,28.695764160156273
370.7,1887,-23.912649154663086,0.4501408040523529,16.948822021484375,63.42770767211914,12975.899401787246,1075.02490234375,611.6661987304688,56.89786076545715,-0.03909428045153618,-0.022243808954954147,28.695275878906273
370.8,1887,-24.108592987060547,0.45169514417648315,16.944536209106445,63.542842864990234,12941.658552433866,1076.7039794921875,612.1586303710938,56.854867935180664,-0.03938291594386101,-0.022391105070710182,28.695367431640648
370.9,1887,-24.31430435180664,0.4556307792663574,16.941314697265625,63.89107131958008,12905.837033382008,1082.3988037109375,615.783203125,56.89060688018799,-0.03948516771197319,-0.022463351488113403,28.696008300781273
371,1887,-24.332027435302734,0.455679714679718,16.94181251525879,64.18793487548828,12891.721746229421,1087.4599609375,615.17578125,56.56996965408325,-0.0395529679954052,-0.02237510122358799,28.696710205078148
371.1,1887,-24.309797286987305,0.45766907930374146,16.942665100097656,64.38744354248047,12893.569357934504,1090.8948974609375,617.9500122070312,56.646156311035156,-0.039339423179626465,-0.02228427119553089,28.697534179687523
371.2,1887,-24.36493682861328,0.4575616717338562,16.94240951538086,64.57198333740234,12894.237295793817,1094.0050048828125,617.8369750976562,56.47478699684143,-0.039435867220163345,-0.022271322086453438,28.698632812500023
371.3,1887,-24.320703506469727,0.45889827609062195,16.943300247192383,64.69335174560547,12901.610257329874,1096.118896484375,619.99609375,56.56285285949707,-0.039227187633514404,-0.022188015282154083,28.699670410156273
371.4,1887,-24.25785255432129,0.45554766058921814,16.94506072998047,64.67094421386719,12918.59196541798,1095.85302734375,616.2793579101562,56.23740553855896,-0.039361778646707535,-0.02213604375720024,28.700036621093773
371.5,1887,-24.239309310913086,0.45532524585723877,16.946470260620117,64.52806854248047,12935.099239459418,1093.52294921875,616.7655639648438,56.40169978141785,-0.03930068388581276,-0.022166253998875618,28.699822998046898
371.6,1887,-24.134056091308594,0.4548517167568207,16.9475154876709,64.34748840332031,12949.899949755592,1090.530029296875,616.8291015625,56.56232237815857,-0.03912600129842758,-0.02213057316839695,28.699792480468773
371.7,1887,-24.28693389892578,0.45317623019218445,16.94582748413086,64.28569793701172,12945.3770895564,1089.3743896484375,614.3423461914062,56.394052505493164,-0.03953322395682335,-0.022294387221336365,28.700006103515648
371.8,1887,-24.282869338989258,0.45497575402259827,16.944425582885742,64.3442153930664,12934.876593506313,1090.2757568359375,616.2815551757812,56.52529001235962,-0.03940223529934883,-0.022272227331995964,28.700219726562523
371.9,1887,-24.29178810119629,0.4547865092754364,16.943384170532227,64.46810150146484,12922.047057590766,1092.307861328125,615.4141845703125,56.3407301902771,-0.03947225958108902,-0.02223895862698555,28.700463867187523
372,1887,-24.183170318603516,0.4558035731315613,16.944149017333984,64.50980377197266,12923.901663409559,1093.063720703125,616.8790283203125,56.43577575683594,-0.03920245170593262,-0.022124208509922028,28.702233886718773
372.1,1887,-24.149185180664062,0.4551546275615692,16.94449806213379,64.50520324707031,12925.959098525944,1093.00830078125,616.0988159179688,56.36725425720215,-0.039196934551000595,-0.0220942385494709,28.704827880859398
372.2,1887,-24.208341598510742,0.45661604404449463,16.944236755371094,64.54585266113281,12924.65702769025,1093.68017578125,618.0147094726562,56.507807970047,-0.039171140640974045,-0.022134752944111824,28.706628417968773
372.3,1887,-24.09505844116211,0.45606037974357605,16.945091247558594,64.53006744384766,12929.916601200239,1093.4678955078125,617.5138549804688,56.47297501564026,-0.03901946544647217,-0.022035451605916023,28.709069824218773
372.4,1887,-24.2032413482666,0.4559112787246704,16.945070266723633,64.4935531616211,12932.871614242753,1092.8477783203125,617.4530029296875,56.49945139884949,-0.03919851407408714,-0.02214694581925869,28.710656738281273
372.5,1887,-24.216020584106445,0.45619040727615356,16.9444522857666,64.52178955078125,12931.426164076001,1093.286376953125,617.7620239257812,56.5050482749939,-0.0391995944082737,-0.02214975096285343,28.712670898437523
372.6,1887,-24.348703384399414,0.4565019905567169,16.943674087524414,64.58330535888672,12924.114983877716,1094.2784423828125,617.8344116210938,56.460440158843994,-0.03940975293517113,-0.02225092053413391,28.714593505859398
372.7,1887,-24.40144920349121,0.4577561318874359,16.943336486816406,64.6670913696289,12921.204266888699,1095.67626953125,619.3922729492188,56.53058886528015,-0.03939579054713249,-0.022270673885941505,28.715875244140648
372.8,1887,-24.431528091430664,0.4564730226993561,16.943622589111328,64.72297668457031,12920.92100528344,1096.6417236328125,617.6425170898438,56.321269273757935,-0.039556097239255905,-0.022278496995568275,28.717797851562523
372.9,1887,-24.327375411987305,0.4578385055065155,16.943920135498047,64.75299835205078,12924.26069458001,1097.169677734375,619.6502685546875,56.47715926170349,-0.03925984725356102,-0.022172847762703896,28.719384765625023
373,1887,-24.31768035888672,0.456104576587677,16.94484519958496,64.7068862915039,12930.88994869156,1096.4481201171875,617.6201782226562,56.32917284965515,-0.03937319666147232,-0.022178595885634422,28.719720458984398
373.1,1887,-24.400428771972656,0.45665282011032104,16.94568634033203,64.61293029785156,12939.548661464656,1094.910400390625,618.776611328125,56.51389956474304,-0.03943334147334099,-0.02228531986474991,28.720208740234398
373.2,1887,-24.286802291870117,0.4559347331523895,16.945709228515625,64.52252960205078,12945.264018051419,1093.3800048828125,618.0764770507812,56.52896761894226,-0.03929417207837105,-0.022212589159607887,28.720239257812523
373.3,1887,-24.313676834106445,0.4542621970176697,16.94496726989746,64.48069763183594,12942.112004139404,1092.623291015625,615.6591796875,56.34688138961792,-0.039492104202508926,-0.02225257083773613,28.720635986328148
373.4,1887,-24.275211334228516,0.45558762550354004,16.944469451904297,64.46307373046875,12938.511201264326,1092.2926025390625,617.2837524414062,56.51267170906067,-0.03932585567235947,-0.022224092856049538,28.721276855468773
373.5,1887,-24.239933013916016,0.4541725516319275,16.944171905517578,64.47677612304688,12933.041804343033,1092.505615234375,615.1063232421875,56.302350759506226,-0.03940771147608757,-0.02218746766448021,28.721582031250023
373.6,1887,-24.329702377319336,0.45502969622612,16.94358253479004,64.52477264404297,12927.786893575516,1093.28076171875,616.0167846679688,56.345707178115845,-0.03949519246816635,-0.022253844887018204,28.722741699218773
373.7,1887,-24.392576217651367,0.4549989402294159,16.942718505859375,64.6412582397461,12918.720190835998,1095.1986083984375,615.5431518554688,56.20378851890564,-0.03962772712111473,-0.02227228507399559,28.723962402343773
373.8,1887,-24.525693893432617,0.457344651222229,16.94169807434082,64.8050308227539,12910.005525153223,1097.9072265625,618.2991333007812,56.316155195236206,-0.03966638818383217,-0.022338584065437317,28.724206542968773
373.9,1887,-24.55927085876465,0.4571805000305176,16.9408016204834,65.03048706054688,12898.950162748803,1101.6685791015625,617.5479736328125,56.055694818496704,-0.0397690124809742,-0.022292794659733772,28.724511718750023
374,1887,-24.59203338623047,0.4605675935745239,16.939830780029297,65.28755187988281,12890.908097667812,1105.9600830078125,621.7352905273438,56.21679425239563,-0.039553865790367126,-0.022235913202166557,28.724481201171898
374.1,1887,-24.590110778808594,0.4594491124153137,16.941553115844727,65.41594696044922,12897.662080140526,1108.2476806640625,620.5503540039062,55.993831157684326,-0.03962629288434982,-0.022188279777765274,28.724816894531273
374.2,1887,-24.673891067504883,0.46151861548423767,16.94229507446289,65.4814224243164,12906.978239602371,1109.4056396484375,623.7957763671875,56.22792840003967,-0.03955443948507309,-0.022240640595555305,28.725305175781273
374.3,1887,-24.59327507019043,0.46057021617889404,16.942882537841797,65.50257110595703,12918.199129364597,1109.8023681640625,623.0550537109375,56.14108443260193,-0.0394720733165741,-0.02216004952788353,28.725793457031273
374.4,1887,-24.67980194091797,0.46022480726242065,16.943254470825195,65.49520111083984,12923.553123409672,1109.701904296875,622.8458251953125,56.12731575965881,-0.039624255150556564,-0.022240029647946358,28.726007080078148
374.5,1887,-24.6224422454834,0.4609239995479584,16.942058563232422,65.58926391601562,12919.358986554853,1111.2171630859375,623.5896606445312,56.1177134513855,-0.039485007524490356,-0.022158082574605942,28.726190185546898
374.6,1887,-24.631975173950195,0.46052294969558716,16.94277000427246,65.61434936523438,12920.91517685535,1111.6888427734375,623.1221313476562,56.051844358444214,-0.03952993080019951,-0.022157257422804832,28.726281738281273
374.7,1887,-24.455080032348633,0.4615783393383026,16.944181442260742,65.5522689819336,12928.953744879484,1110.7294921875,624.938720703125,56.26380443572998,-0.03913196548819542,-0.022017132490873337,28.726678466796898
374.8,1887,-24.362224578857422,0.45972150564193726,16.94561004638672,65.38668823242188,12946.283992967476,1108.017333984375,623.259033203125,56.24993443489075,-0.03908844292163849,-0.021987223997712135,28.726739501953148
374.9,1887,-24.332529067993164,0.45908722281455994,16.946796417236328,65.1603012084961,12961.392444266894,1104.25830078125,623.1254272460938,56.429314613342285,-0.039049167186021805,-0.022035177797079086,28.726403808593773
375,1887,-24.192737579345703,0.4569697678089142,16.947412490844727,64.90218353271484,12973.22065623628,1099.924072265625,620.8174438476562,56.44184350967407,-0.038969166576862335,-0.02199491672217846,28.726831054687523
375.1,1887,-24.216516494750977,0.4543120563030243,16.947181701660156,64.65726470947266,12974.316400717527,1095.7584228515625,617.2589111328125,56.331658363342285,-0.039232347160577774,-0.022100232541561127,28.727227783203148
375.2,1887,-24.341800689697266,0.45592525601387024,16.94459342956543,64.60433197021484,12959.131014167298,1094.694091796875,618.7257080078125,56.52041435241699,-0.03934182971715927,-0.022236166521906853,28.728448486328148
375.3,1887,-24.41653823852539,0.45547983050346375,16.942039489746094,64.73602294921875,12931.712922738114,1096.76025390625,616.8134155273438,56.23958706855774,-0.039584964513778687,-0.022262420505285263,28.729547119140648
375.4,1887,-24.51336097717285,0.4591967463493347,16.939546585083008,65.02222442626953,12904.60723505465,1101.447021484375,620.54345703125,56.33893013000488,-0.039503052830696106,-0.02225559763610363,28.729974365234398
375.5,1887,-24.504880905151367,0.4591865539550781,16.94013023376465,65.25789642333984,12894.669765158225,1105.477294921875,620.0518188476562,56.08906149864197,-0.03952069580554962,-0.022166788578033447,28.731195068359398
375.6,1887,-24.531415939331055,0.4609934091567993,16.941669464111328,65.36965942382812,12904.721472245246,1107.47119140625,622.9769287109375,56.25220537185669,-0.03937772661447525,-0.022150838747620583,28.732537841796898
375.7,1887,-24.49086570739746,0.4591820538043976,16.942726135253906,65.36616516113281,12918.391467491623,1107.4810791015625,621.1864624023438,56.09002709388733,-0.03942595049738884,-0.02211402729153633,28.733300781250023
375.8,1887,-24.487051010131836,0.45962798595428467,16.944292068481445,65.26789855957031,12932.148889159376,1105.9183349609375,622.4518432617188,56.28371238708496,-0.03933966904878616,-0.022141825407743454,28.733941650390648
375.9,1887,-24.311372756958008,0.45898160338401794,16.94546890258789,65.09741973876953,12949.41502453836,1103.1063232421875,622.4063720703125,56.423068046569824,-0.039060287177562714,-0.022039011120796204,28.734033203125023
376,1887,-24.407520294189453,0.45750290155410767,16.94521713256836,64.91857147216797,12953.46694774774,1100.059326171875,620.5953369140625,56.41471743583679,-0.039329204708337784,-0.022187458351254463,28.733972167968773
376.1,1887,-24.409168243408203,0.45898640155792236,16.943565368652344,64.92269897460938,12944.034219724062,1100.02197265625,622.154296875,56.55834674835205,-0.03923330456018448,-0.022189708426594734,28.733972167968773
376.2,1887,-24.256000518798828,0.45640048384666443,16.944698333740234,64.82009887695312,12947.232861060811,1098.3570556640625,618.8019409179688,56.33887052536011,-0.03919832780957222,-0.022083895280957222,28.734185791015648
376.3,1887,-24.378530502319336,0.4567142128944397,16.943939208984375,64.76932525634766,12945.18591711499,1097.447509765625,619.12939453125,56.41540288925171,-0.03937549889087677,-0.022213846445083618,28.733972167968773
376.4,1887,-24.385208129882812,0.457314670085907,16.942440032958984,64.83379364013672,12933.238805212533,1098.442626953125,619.3712768554688,56.38630986213684,-0.039370905607938766,-0.022199800238013268,28.733911132812523
376.5,1887,-24.542184829711914,0.45841190218925476,16.941679000854492,64.9408187866211,12921.374456988979,1100.20654296875,620.2877807617188,56.37921094894409,-0.0395658053457737,-0.022306889295578003,28.733850097656273
376.6,1887,-24.60464859008789,0.4586598575115204,16.940767288208008,65.10263061523438,12911.757550637602,1102.8885498046875,620.161376953125,56.23064637184143,-0.03967459127306938,-0.022309279069304466,28.733697509765648
376.7,1887,-24.674907684326172,0.4595000445842743,16.940288543701172,65.2989501953125,12903.917149168587,1106.18310546875,620.9201049804688,56.131768226623535,-0.03973926231265068,-0.022306350991129875,28.733209228515648
376.8,1887,-24.554786682128906,0.4604734182357788,16.94055938720703,65.46101379394531,12904.98724856623,1108.9461669921875,622.2870483398438,56.11516833305359,-0.03945893794298172,-0.022142451256513596,28.732568359375023
376.9,1887,-24.540000915527344,0.46025463938713074,16.94295883178711,65.427978515625,12919.887042139966,1108.5435791015625,622.7095336914062,56.17366433143616,-0.039408423006534576,-0.022137155756354332,28.731744384765648
377,1887,-24.459232330322266,0.46046677231788635,16.94356346130371,65.31480407714844,12934.027974376155,1106.66552734375,623.6784057617188,56.35654330253601,-0.03921769931912422,-0.022101739421486855,28.730645751953148
377.1,1887,-24.516632080078125,0.45836392045021057,16.94307518005371,65.26787567138672,12934.819474911013,1105.8385009765625,620.8682250976562,56.144559383392334,-0.03948765993118286,-0.0221701730042696,28.729302978515648
377.2,1887,-24.598834991455078,0.45979395508766174,16.941675186157227,65.33291625976562,12927.667993642444,1106.8489990234375,622.4608764648438,56.237196922302246,-0.03951868414878845,-0.022224200889468193,28.729058837890648
377.3,1887,-24.533214569091797,0.4592447578907013,16.94141387939453,65.40406799316406,12921.914169430274,1108.037353515625,621.440673828125,56.08481168746948,-0.03947796672582626,-0.022141143679618835,28.728845214843773
377.4,1887,-24.509748458862305,0.4601130187511444,16.94277000427246,65.38360595703125,12930.016850163416,1107.7794189453125,623.0059814453125,56.23917579650879,-0.03934111073613167,-0.022125117480754852,28.728814697265648
377.5,1887,-24.418010711669922,0.45931267738342285,16.943374633789062,65.31232452392578,12939.169813638691,1106.6112060546875,622.362548828125,56.24040365219116,-0.039234381169080734,-0.022065574303269386,28.727960205078148
377.6,1887,-24.45020866394043,0.45888352394104004,16.94367790222168,65.2391128540039,12941.963962065875,1105.3905029296875,621.9153442382812,56.262046098709106,-0.03931436687707901,-0.0221190694719553,28.726678466796898
377.7,1887,-24.303775787353516,0.4597979187965393,16.944169998168945,65.1291275024414,12948.005710625775,1103.5589599609375,623.4454956054688,56.494081020355225,-0.038982998579740524,-0.022023087367415428,28.724877929687523
377.8,1887,-24.310102462768555,0.4584142565727234,16.943302154541016,65.06172180175781,12943.475856312873,1102.3603515625,621.3519287109375,56.36558532714844,-0.03912452980875969,-0.022052772343158722,28.724237060546898
377.9,1887,-24.327823638916016,0.460513174533844,16.94232940673828,65.0922622680664,12937.528528288058,1102.8145751953125,623.9100952148438,56.574344635009766,-0.038992516696453094,-0.022059759125113487,28.724114990234398
378,1887,-24.307424545288086,0.4592435956001282,16.942686080932617,65.06683349609375,12935.40814614828,1102.406982421875,622.0880737304688,56.42998218536377,-0.03907392919063568,-0.02204941213130951,28.724084472656273
378.1,1884,-24.545249938964844,0.45964184403419495,16.943300247192383,65.02819061279297,12917.176823077305,1101.7921142578125,621.75,56.43078684806824,-0.03947768360376358,-0.02227756753563881,28.723809814453148
378.2,1884,-24.602216720581055,0.45937466621398926,16.941755294799805,65.10783386230469,12884.470015997673,1103.041015625,619.815185546875,56.19149208068848,-0.03969282656908035,-0.0223039910197258,28.724145507812523
378.3,1884,-24.659963607788086,0.4619239270687103,16.939998626708984,65.27865600585938,12862.205420687209,1105.8203125,622.1777954101562,56.263911724090576,-0.039634913206100464,-0.022300153970718384,28.723992919921898
378.4,1884,-24.757274627685547,0.46097174286842346,16.93989372253418,65.43930053710938,12850.402853801428,1108.5347900390625,620.3255615234375,55.959051847457886,-0.03991013392806053,-0.022333331406116486,28.724145507812523
378.5,1884,-24.737857818603516,0.46374526619911194,16.939189910888672,65.63607025146484,12845.409056612421,1111.8218994140625,623.8153076171875,56.10749125480652,-0.039655737578868866,-0.022249840199947357,28.724114990234398
378.6,1884,-24.808469772338867,0.4638976454734802,16.939992904663086,65.7520980834961,12845.18291360246,1113.840087890625,624.0093383789062,56.023240089416504,-0.039756570011377335,-0.02227291837334633,28.723687744140648
378.7,1884,-24.631351470947266,0.4634750485420227,16.94058609008789,65.84854888916016,12851.991683299237,1115.5130615234375,623.7713623046875,55.917888879776,-0.03948779031634331,-0.022080738097429276,28.723352050781273
378.8,1884,-24.606706619262695,0.4630436897277832,16.942777633666992,65.76701354980469,12867.67714897974,1114.27587890625,623.9513549804688,55.996131896972656,-0.03943689912557602,-0.022083137184381485,28.722344970703148
378.9,1884,-24.509111404418945,0.46127593517303467,16.943355560302734,65.64278411865234,12881.306345229474,1112.208984375,622.2276611328125,55.94521164894104,-0.03938929736614227,-0.02203642576932907,28.721429443359398
379,1887,-24.493080139160156,0.4602574408054352,16.944896697998047,65.43448638916016,12896.41013378642,1108.7806396484375,621.581787109375,56.05994462966919,-0.03940443694591522,-0.022090105339884758,28.720330810546898
379.1,1887,-24.426183700561523,0.4594126045703888,16.943058013916016,65.31255340576172,12913.693754449678,1106.5943603515625,621.2723388671875,56.14273548126221,-0.039316389709711075,-0.02207329496741295,28.719201660156273
379.2,1887,-24.500694274902344,0.4583304822444916,16.941986083984375,65.32186126708984,12925.166432305467,1106.6820068359375,620.359619140625,56.05580806732178,-0.0394943431019783,-0.022138873115181923,28.718835449218773
379.3,1887,-24.422910690307617,0.4594544768333435,16.94185447692871,65.32711791992188,12931.86329618288,1106.7625732421875,622.2031860351562,56.218308210372925,-0.03925231099128723,-0.022066984325647354,28.718286132812523
379.4,1887,-24.444091796875,0.4574907124042511,16.9425106048584,65.2831039428711,12936.294067218225,1106.0596923828125,619.7560424804688,56.03278875350952,-0.03944147378206253,-0.022100156173110008,28.718041992187523
379.5,1887,-24.41529083251953,0.4588160514831543,16.942604064941406,65.24585723876953,12938.70470507697,1105.4346923828125,621.6672973632812,56.23735785484314,-0.03927388787269592,-0.022086596116423607,28.716607666015648
379.6,1887,-24.3487548828125,0.4567125737667084,16.943586349487305,65.13459777832031,12945.604398251977,1103.6136474609375,619.147216796875,56.101804971694946,-0.03932627663016319,-0.0220627523958683,28.714898681640648
379.7,1887,-24.37106704711914,0.45641085505485535,16.944782257080078,64.94255828857422,12956.099065873972,1100.4375,619.23974609375,56.27214312553406,-0.039356429129838943,-0.02214670740067959,28.714105224609398
379.8,1887,-24.2491397857666,0.45612338185310364,16.944499969482422,64.79167175292969,12961.418089350498,1097.8624267578125,619.1038208007812,56.391745805740356,-0.03916813060641289,-0.022087592631578445,28.713403320312523
379.9,1887,-24.321998596191406,0.45436322689056396,16.9439754486084,64.65780639648438,12956.918542863672,1095.560302734375,616.5006103515625,56.272631883621216,-0.03945169970393181,-0.022200511768460274,28.712060546875023
380,1887,-24.307613372802734,0.4567047655582428,16.941537857055664,64.72357940673828,12940.612932434207,1096.5169677734375,618.8978881835938,56.44216537475586,-0.0392756424844265,-0.022168023511767387,28.710504150390648
380.1,1887,-24.275699615478516,0.45570188760757446,16.94205093383789,64.75822448730469,12934.461609426182,1097.1370849609375,617.2453002929688,56.2596321105957,-0.03932909667491913,-0.02212640456855297,28.709436035156273
380.2,1887,-24.33353042602539,0.45681649446487427,16.94171905517578,64.80192565917969,12930.598527286973,1097.8560791015625,618.5702514648438,56.343477964401245,-0.03933834657073021,-0.022164592519402504,28.709466552734398
380.3,1887,-24.447072982788086,0.45692554116249084,16.940631866455078,64.88896179199219,12922.191602607441,1099.260009765625,618.3156127929688,56.24834895133972,-0.0395381785929203,-0.022239573299884796,28.708917236328148
380.4,1887,-24.543155670166016,0.4593411684036255,16.938756942749023,65.11093139648438,12905.892986291688,1102.898193359375,620.8004760742188,56.28809928894043,-0.03953469172120094,-0.022253327071666718,28.707696533203148
380.5,1887,-24.42033576965332,0.4592466652393341,16.94024085998535,65.22489929199219,12907.550591240979,1104.925537109375,620.7525024414062,56.18048310279846,-0.03933989256620407,-0.02210134081542492,28.706384277343773
380.6,1887,-24.484851837158203,0.4588727653026581,16.941804885864258,65.19679260253906,12919.959314648304,1104.5513916015625,620.8433837890625,56.20774030685425,-0.039438050240278244,-0.022167237475514412,28.705133056640648
380.7,1887,-24.42917823791504,0.4589029848575592,16.94188690185547,65.16082763671875,12929.681132705333,1103.9473876953125,621.3514404296875,56.28451704978943,-0.03931619971990585,-0.022128934040665627,28.704583740234398
380.8,1887,-24.495594024658203,0.4578278362751007,16.94157600402832,65.18242645263672,12926.811214712958,1104.2930908203125,619.7581176757812,56.122612953186035,-0.039524443447589874,-0.022182149812579155,28.704278564453148
380.9,1887,-24.485504150390625,0.4591188132762909,16.94139862060547,65.22193145751953,12927.394057522131,1104.95068359375,621.53369140625,56.24990463256836,-0.0393952950835228,-0.022159814834594727,28.704125976562523
381,1887,-24.46846580505371,0.4577805995941162,16.941709518432617,65.21688079833984,12929.811689494587,1104.885498046875,619.8380126953125,56.09975457191467,-0.03947558254003525,-0.022145703434944153,28.703576660156273
381.1,1887,-24.517242431640625,0.46031633019447327,16.940780639648438,65.2780990600586,12924.539293442796,1105.8619384765625,623.0172729492188,56.33770823478699,-0.039352428168058395,-0.022170254960656166,28.702264404296898
381.2,1887,-24.50198745727539,0.459138959646225,16.940433502197266,65.369384765625,12920.159812574659,1107.3857421875,621.213134765625,56.09726905822754,-0.03944215923547745,-0.0221259742975235,28.701501464843773
381.3,1887,-24.554763793945312,0.4608776867389679,16.940031051635742,65.47782135009766,12916.8271173918,1109.1962890625,623.40478515625,56.203287839889526,-0.039388153702020645,-0.022137437015771866,28.700067138671898
381.4,1887,-24.577409744262695,0.46067848801612854,16.9403076171875,65.53868103027344,12917.581315986872,1110.245361328125,623.1717529296875,56.12918734550476,-0.03943922370672226,-0.02213691547513008,28.699700927734398
381.5,1887,-24.680002212524414,0.4619673192501068,16.938941955566406,65.69385528564453,12906.699640739585,1112.784423828125,624.3887329101562,56.11048936843872,-0.03952665999531746,-0.02217860147356987,28.699731445312523
381.6,1887,-24.555574417114258,0.4628843367099762,16.9387264251709,65.88703155517578,12901.398102547335,1116.0423583984375,625.3712158203125,56.034719944000244,-0.039265599101781845,-0.022002367302775383,28.699365234375023
381.7,1887,-24.623756408691406,0.462891548871994,16.941049575805664,65.8572769165039,12917.124367224478,1115.69140625,626.1432495117188,56.121546030044556,-0.039326075464487076,-0.022070400416851044,28.698907470703148
381.8,1887,-24.593847274780273,0.4638204872608185,16.9403076171875,65.91140747070312,12920.016433243602,1116.5595703125,627.540283203125,56.20303153991699,-0.0391908660531044,-0.022026455029845238,28.697656250000023
381.9,1887,-24.80232810974121,0.46331921219825745,16.93924331665039,66.04100799560547,12912.007007359927,1118.6846923828125,626.4734497070312,56.00089430809021,-0.03959038853645325,-0.02217097207903862,28.696282958984398
382,1887,-24.796096801757812,0.46602144837379456,16.936691284179688,66.34505462646484,12894.850446429069,1123.6656494140625,629.2899780273438,56.00330829620361,-0.039403289556503296,-0.022067148238420486,28.695275878906273
382.1,1887,-24.858203887939453,0.4674292206764221,16.93586540222168,66.66336059570312,12880.936822888458,1129.001708984375,630.5099487304688,55.846673250198364,-0.0394255556166172,-0.022017862647771835,28.694879150390648
382.2,1887,-24.75888442993164,0.4680469036102295,16.93694496154785,66.9052734375,12884.351116064601,1133.1708984375,631.5104370117188,55.729496479034424,-0.03920581936836243,-0.02184920571744442,28.694879150390648
382.3,1887,-24.735246658325195,0.46821311116218567,16.939716339111328,66.92826843261719,12904.800738867294,1133.745849609375,632.7373657226562,55.80945611000061,-0.03909243643283844,-0.021817276254296303,28.694787597656273
382.4,1887,-24.603126525878906,0.4676779806613922,16.942298889160156,66.76815795898438,12932.948549493563,1131.2060546875,633.3927612304688,55.992692708969116,-0.03884339705109596,-0.0217494647949934,28.694207763671898
382.5,1887,-24.46678924560547,0.4645878076553345,16.944644927978516,66.4712905883789,12958.548171358123,1126.3323974609375,630.4530639648438,55.97398281097412,-0.03880826383829117,-0.02172252908349037,28.694146728515648
382.6,1887,-24.428691864013672,0.46309977769851685,16.9453067779541,66.14559936523438,12975.577672556581,1120.857421875,629.2596435546875,56.14091753959656,-0.03882132098078728,-0.021794645115733147,28.693170166015648
382.7,1887,-24.358444213867188,0.46222975850105286,16.94559669494629,65.83745574951172,12983.878519844844,1115.655029296875,628.4793090820312,56.33276104927063,-0.03875775262713432,-0.02183331362903118,28.691705322265648
382.8,1887,-24.278440475463867,0.4589177966117859,16.945690155029297,65.53235626220703,12986.753100579692,1110.490966796875,624.1142578125,56.2016487121582,-0.03890063613653183,-0.021862797439098358,28.690850830078148
382.9,1887,-24.300006866455078,0.45803698897361755,16.945201873779297,65.29452514648438,12982.16496198587,1106.428955078125,622.6962890625,56.27983212471008,-0.03902385011315346,-0.02196255512535572,28.689965820312523
383,1887,-24.237468719482422,0.45737984776496887,16.944534301757812,65.10710906982422,12975.652276436156,1103.2095947265625,621.4910278320312,56.334805488586426,-0.03899890556931496,-0.021969957277178764,28.690026855468773
383.1,1887,-24.285297393798828,0.4563073217868805,16.94313621520996,65.02435302734375,12961.99510373158,1101.7164306640625,619.3810424804688,56.219643354415894,-0.03920897841453552,-0.022043146193027496,28.690026855468773
383.2,1887,-24.323089599609375,0.4591343402862549,16.940643310546875,65.1122055053711,12939.94732594613,1103.0426025390625,622.1583251953125,56.40382766723633,-0.03909469395875931,-0.022050905972719193,28.689477539062523
383.3,1887,-24.457569122314453,0.4589686095714569,16.939373016357422,65.28250122070312,12919.790290233643,1105.8446044921875,620.9649047851562,56.15299940109253,-0.03938639536499977,-0.022116640582680702,28.689569091796898
383.4,1887,-24.440982818603516,0.4612523913383484,16.9392147064209,65.47499084472656,12910.433331775157,1109.094970703125,623.6028442382812,56.226277351379395,-0.03919318690896034,-0.022036870941519737,28.689630126953148
383.5,1887,-24.52753257751465,0.46003153920173645,16.940006256103516,65.56796264648438,12911.347229299941,1110.7216796875,621.9962768554688,55.99929094314575,-0.039433568716049194,-0.02208251878619194,28.689935302734398
383.6,1887,-24.49334716796875,0.46208104491233826,16.93999671936035,65.64801788330078,12914.98416842919,1112.0771484375,624.943359375,56.19603991508484,-0.03919290751218796,-0.022024862468242645,28.689752197265648
383.7,1887,-24.36334228515625,0.4594389498233795,16.94205665588379,65.58973693847656,12928.837176317647,1111.22509765625,622.0365600585938,55.97754716873169,-0.03916706144809723,-0.021924760192632675,28.689202880859398
383.8,1887,-24.32938003540039,0.4588416516780853,16.943559646606445,65.42438507080078,12947.062670960531,1108.52197265625,622.1035766601562,56.120097637176514,-0.03910824656486511,-0.02194758504629135,28.689050292968773
383.9,1887,-24.22878646850586,0.4580583870410919,16.944795608520508,65.20079040527344,12960.504191825712,1104.8140869140625,621.6864013671875,56.27067685127258,-0.03897268325090408,-0.021930193528532982,28.687860107421898
384,1887,-24.246519088745117,0.4546646475791931,16.9451904296875,64.97337341308594,12966.760426539391,1100.9862060546875,617.378173828125,56.075018644332886,-0.03927336260676384,-0.022022545337677002,28.687219238281273
384.1,1887,-24.09025001525879,0.4551851749420166,16.945573806762695,64.75902557373047,12971.249481855652,1097.37890625,618.2990112304688,56.343257427215576,-0.03896213695406914,-0.021952537819743156,28.686791992187523
384.2,1887,-24.0654354095459,0.45330968499183655,16.945701599121094,64.5326919555664,12972.143562724927,1093.5517578125,615.7938842773438,56.311362981796265,-0.03908034414052963,-0.022006673738360405,28.686303710937523
384.3,1887,-24.152713775634766,0.45253342390060425,16.94424819946289,64.40296936035156,12964.398747476616,1091.2598876953125,614.3723754882812,56.2993586063385,-0.039312828332185745,-0.02213286980986595,28.686181640625023
384.4,1887,-24.144289016723633,0.4548289179801941,16.942996978759766,64.3730697631836,12951.01084814988,1090.6727294921875,616.8511352539062,56.55694007873535,-0.03914119303226471,-0.02213706076145172,28.685571289062523
384.5,1887,-24.225955963134766,0.45432934165000916,16.941797256469727,64.44888305664062,12933.48010213553,1091.8798828125,615.3395385742188,56.35597109794617,-0.039370063692331314,-0.022187381982803345,28.685388183593773
384.6,1887,-24.272109985351562,0.45642179250717163,16.940826416015625,64.58078002929688,12921.879198861723,1094.0517578125,617.6190185546875,56.452447175979614,-0.039299484342336655,-0.022185521200299263,28.685510253906273
384.7,1887,-24.33880615234375,0.455957293510437,16.941152572631836,64.67979431152344,12915.93070515129,1095.750244140625,616.7064208984375,56.28166198730469,-0.03946578875184059,-0.02221200056374073,28.685479736328148
384.8,1887,-24.35951042175293,0.45718955993652344,16.941160202026367,64.78447723388672,12915.532040669814,1097.524169921875,618.3540649414062,56.340813636779785,-0.039394114166498184,-0.022194964811205864,28.685144042968773
384.9,1887,-24.300811767578125,0.45639345049858093,16.941608428955078,64.82770538330078,12918.632764414622,1098.28564453125,617.425537109375,56.21721148490906,-0.039358288049697876,-0.022126130759716034,28.685296630859398
385,1887,-24.332284927368164,0.45740264654159546,16.941913604736328,64.86286926269531,12922.717326821317,1098.901123046875,618.9864501953125,56.32776618003845,-0.03930988535284996,-0.022142378613352776,28.685083007812523
385.1,1887,-24.328123092651367,0.45774033665657043,16.940942764282227,64.96170806884766,12917.833104080435,1100.5125732421875,619.2092895507812,56.265538930892944,-0.03928901255130768,-0.022106174379587173,28.685113525390648
385.2,1887,-24.482791900634766,0.4590679109096527,16.93987274169922,65.13397216796875,12909.803861541248,1103.3612060546875,620.6192016601562,56.248050928115845,-0.03944897651672363,-0.02218928188085556,28.685144042968773
385.3,1887,-24.524513244628906,0.45934927463531494,16.938642501831055,65.37256622314453,12898.798623618417,1107.322509765625,620.4701538085938,56.03337287902832,-0.03952569141983986,-0.02214757911860943,28.685052490234398
385.4,1887,-24.634355545043945,0.4619331657886505,16.938127517700195,65.63312530517578,12890.94656529322,1111.7022705078125,623.58056640625,56.092411279678345,-0.03950468823313713,-0.02215913124382496,28.684991455078148
385.5,1887,-24.65314292907715,0.4619445502758026,16.938861846923828,65.83391571044922,12892.50625265057,1115.151611328125,623.67138671875,55.92705011367798,-0.03952905908226967,-0.022107435390353203,28.684411621093773
385.6,1887,-24.70874786376953,0.4620952010154724,16.9410343170166,65.86170959472656,12906.249686090903,1115.7655029296875,624.5398559570312,55.97411394119263,-0.0395631268620491,-0.022145109251141548,28.683709716796898
385.7,1887,-24.584732055664062,0.461372435092926,16.941617965698242,65.84761810302734,12919.108364146909,1115.565185546875,624.1842651367188,55.95228672027588,-0.03938698023557663,-0.022037915885448456,28.682672119140648
385.8,1887,-24.598974227905273,0.4602932631969452,16.942523956298828,65.7845230102539,12932.448470363293,1114.555908203125,623.3672485351562,55.92965483665466,-0.039461445063352585,-0.02207065187394619,28.681481933593773
385.9,1887,-24.544946670532227,0.4608878493309021,16.94255256652832,65.7320556640625,12937.814121264551,1113.6688232421875,624.4314575195312,56.069761514663696,-0.039307672530412674,-0.02203971892595291,28.680322265625023
386,1884,-24.53336524963379,0.45965465903282166,16.94173240661621,65.73042297363281,12934.399828088408,1113.5872802734375,622.5963745117188,55.9090793132782,-0.03940492868423462,-0.02203093282878399,28.680200195312523
386.1,1884,-24.52179718017578,0.46049964427948,16.945337295532227,65.52130126953125,12931.34922882519,1110.280517578125,623.59375,56.16542100906372,-0.0393233522772789,-0.022086126729846,28.680200195312523
386.2,1884,-24.405805587768555,0.4574553966522217,16.94637107849121,65.18883514404297,12925.35527337564,1104.7142333984375,619.1842041015625,56.04926347732544,-0.03941606730222702,-0.022092416882514954,28.679803466796898
386.3,1884,-24.399158477783203,0.4581877589225769,16.945314407348633,64.99714660644531,12914.527219666797,1101.3970947265625,619.6559448242188,56.26090168952942,-0.03937533125281334,-0.022152917459607124,28.678948974609398
386.4,1884,-24.4010066986084,0.45736995339393616,16.943695068359375,64.9349136352539,12899.197288099891,1100.2374267578125,617.815673828125,56.15294575691223,-0.03949560970067978,-0.02217794768512249,28.677941894531273
386.5,1884,-24.48830795288086,0.4591488838195801,16.941822052001953,64.98773193359375,12879.517017805309,1101.0106201171875,619.2723999023438,56.24581575393677,-0.03954367712140083,-0.022241665050387383,28.676354980468773
386.6,1884,-24.54886245727539,0.459239661693573,16.940261840820312,65.1363296508789,12858.926347042794,1103.426513671875,618.4046020507812,56.04402422904968,-0.03969708830118179,-0.02224784530699253,28.675256347656273
386.7,1884,-24.477046966552734,0.46132394671440125,16.940086364746094,65.29081726074219,12850.366717547258,1106.0321044921875,620.7977294921875,56.12837076187134,-0.03942837566137314,-0.022130504250526428,28.674951171875023
386.8,1884,-24.51262664794922,0.4608350098133087,16.942434310913086,65.2953109741211,12860.12933460093,1106.261474609375,620.6109008789062,56.09983801841736,-0.03949757665395737,-0.022158075124025345,28.673486328125023
386.9,1884,-24.461240768432617,0.46032363176345825,16.94401741027832,65.1591567993164,12878.26623713682,1104.057861328125,620.7965698242188,56.22861981391907,-0.03940299153327942,-0.02215575985610485,28.671990966796898
387,1862,-24.45841407775879,0.4591059982776642,16.944822311401367,64.99405670166016,12888.999870310576,1101.312744140625,619.6704711914062,56.266528367996216,-0.03947003185749054,-0.02220841869711876,28.671685791015648
387.1,1862,-24.3591251373291,0.4536689221858978,16.959850311279297,63.92917251586914,12877.063249578685,1084.229248046875,611.7647705078125,56.423938274383545,-0.039817795157432556,-0.022466767579317093,28.671990966796898
387.2,1862,-24.264484405517578,0.4482421875,16.962053298950195,62.61964797973633,12817.29038812661,1062.1578369140625,601.6411743164062,56.64329528808594,-0.04033048823475838,-0.022844519466161728,28.672570800781273
387.3,1862,-24.086992263793945,0.4428667724132538,16.959247589111328,61.678924560546875,12765.785734765484,1046.0281982421875,592.03759765625,56.59862756729126,-0.04068490490317345,-0.023027097806334496,28.673547363281273
387.4,1862,-23.815513610839844,0.4386758804321289,16.957277297973633,60.90858840942383,12728.793867352802,1032.8438720703125,584.7357177734375,56.61414861679077,-0.04072868078947067,-0.023058194667100906,28.675103759765648
387.5,1862,-23.635263442993164,0.435560017824173,16.95586585998535,60.24705505371094,12702.196418598938,1021.5409545898438,579.3692626953125,56.71522617340088,-0.040794819593429565,-0.023136872798204422,28.675988769531273
387.6,1862,-23.51542854309082,0.433132529258728,16.954397201538086,59.72927474975586,12674.60464001262,1012.673828125,574.8887939453125,56.769394874572754,-0.04090430960059166,-0.023221127688884735,28.676141357421898
387.7,1862,-23.492778778076172,0.4315543472766876,16.951383590698242,59.452877044677734,12640.263541696064,1007.8085327148438,571.2421264648438,56.681615114212036,-0.04112577810883522,-0.02331075631082058,28.676019287109398
387.8,1862,-23.53378677368164,0.4311656653881073,16.949161529541016,59.342960357666016,12608.05914511794,1005.8134155273438,569.2735595703125,56.59832954406738,-0.04134003072977066,-0.023397766053676605,28.676477050781273
387.9,1862,-23.46331024169922,0.43155670166015625,16.94805335998535,59.29291915893555,12581.906988270284,1004.8995361328125,568.6079711914062,56.58356547355652,-0.041264474391937256,-0.023348910734057426,28.676965332031273
388,1862,-23.439638137817383,0.4317024052143097,16.948495864868164,59.223609924316406,12571.885589009338,1003.7510986328125,568.346923828125,56.62229657173157,-0.041241779923439026,-0.023352041840553284,28.677758789062523
388.1,1862,-23.478822708129883,0.43222931027412415,16.94803810119629,59.15592575073242,12564.36575108537,1002.576904296875,568.7002563476562,56.72385096549988,-0.041285060346126556,-0.023418476805090904,28.678002929687523
388.2,1862,-23.53525733947754,0.4333410859107971,16.946809768676758,59.21083450317383,12553.566839516987,1003.4347534179688,569.6729736328125,56.772297620773315,-0.04131362587213516,-0.0234546959400177,28.677911376953148
388.3,1862,-23.51548194885254,0.43361032009124756,16.946975708007812,59.238155364990234,12548.583533498546,1003.9075927734375,569.8006591796875,56.758278608322144,-0.04126966744661331,-0.023423951119184494,28.678460693359398
388.4,1862,-23.516361236572266,0.43401357531547546,16.94696807861328,59.2642822265625,12546.971390288369,1004.3499145507812,570.2572631835938,56.77874684333801,-0.04123815894126892,-0.02341451123356819,28.679101562500023
388.5,1862,-23.39834213256836,0.43537333607673645,16.946990966796875,59.27147674560547,12545.102796242156,1004.4732055664062,571.9586791992188,56.941163539886475,-0.04090914502739906,-0.02329414337873459,28.679406738281273
388.6,1862,-23.361196517944336,0.43537577986717224,16.94800567626953,59.21368408203125,12552.746196841668,1003.5538330078125,572.3103637695312,57.02837109565735,-0.04081910103559494,-0.02327846735715866,28.680261230468773
388.7,1862,-23.337970733642578,0.4333131015300751,16.948747634887695,59.093265533447266,12562.796738243072,1001.5568237304688,570.0549926757812,56.916892528533936,-0.04093985632061958,-0.02330169454216957,28.680291748046898
388.8,1862,-23.32038688659668,0.4316803812980652,16.948986053466797,58.94719314575195,12567.560895365265,999.0951538085938,568.1224365234375,56.8636953830719,-0.04104817286133766,-0.023341506719589233,28.680291748046898
388.9,1862,-23.315244674682617,0.4308772087097168,16.948551177978516,58.862770080566406,12565.92543844272,997.638671875,566.9915771484375,56.8333625793457,-0.041120972484350204,-0.02337042987346649,28.680261230468773
389,1862,-23.35638999938965,0.4302709400653839,16.947359085083008,58.855064392089844,12557.273719783336,997.4379272460938,565.803955078125,56.72573447227478,-0.041280005127191544,-0.023416385054588318,28.680505371093773
389.1,1862,-23.38041114807129,0.42970898747444153,16.94754981994629,58.84687805175781,12552.175010888677,997.3104248046875,564.8355712890625,56.635886430740356,-0.041393306106328964,-0.023443464189767838,28.680993652343773
389.2,1862,-23.34723472595215,0.4280846118927002,16.947635650634766,58.838645935058594,12551.158533029478,997.1759033203125,562.6548461914062,56.424832344055176,-0.04149477183818817,-0.02341335639357567,28.681787109375023
389.3,1862,-23.246013641357422,0.4285524785518646,16.948583602905273,58.79189682006836,12556.412278111377,996.4393920898438,563.5055541992188,56.551915407180786,-0.041252501308918,-0.023329079151153564,28.682397460937523
389.4,1862,-23.17996597290039,0.42781469225883484,16.94987678527832,58.651939392089844,12564.928777239033,994.1431274414062,562.9169921875,56.62333369255066,-0.04117830470204353,-0.023316526785492897,28.683160400390648
389.5,1862,-23.185447692871094,0.4268281161785126,16.950027465820312,58.528812408447266,12567.81035208759,992.0650024414062,561.7476196289062,56.62407875061035,-0.041273780167102814,-0.0233708955347538,28.685052490234398
389.6,1862,-23.26154327392578,0.4271804094314575,16.948623657226562,58.48667907714844,12561.18226366166,991.2687377929688,561.914794921875,56.68642520904541,-0.04139692336320877,-0.023466436192393303,28.685693359375023
389.7,1862,-23.40472412109375,0.4284004867076874,16.947559356689453,58.53414535522461,12548.897102929881,992.0109252929688,562.9685668945312,56.75023794174194,-0.041573770344257355,-0.02359321340918541,28.686395263671898
389.8,1862,-23.335956573486328,0.4301145374774933,16.946569442749023,58.665931701660156,12537.578295575713,994.186279296875,564.711181640625,56.80134892463684,-0.0413237027823925,-0.023472419008612633,28.687280273437523
389.9,1862,-23.310340881347656,0.43023309111595154,16.948272705078125,58.674320220947266,12541.859858851909,994.4284057617188,565.0597534179688,56.82256817817688,-0.041252877563238144,-0.023440944030880928,28.688989257812523
390,1862,-23.215679168701172,0.429097443819046,16.949237823486328,58.60427474975586,12552.147034433838,993.2977905273438,564.0304565429688,56.78362250328064,-0.041160326451063156,-0.02337232604622841,28.690454101562523
390.1,1862,-23.190898895263672,0.42847102880477905,16.9493465423584,58.507843017578125,12559.143479515167,991.669677734375,563.52099609375,56.82547092437744,-0.04115356504917145,-0.023385709151625633,28.690972900390648
390.2,1862,-23.275379180908203,0.42827439308166504,16.948665618896484,58.491111755371094,12555.455250218713,991.3463134765625,563.0969848632812,56.80123567581177,-0.04133458435535431,-0.02347855642437935,28.692193603515648
390.3,1862,-23.284542083740234,0.42976102232933044,16.946626663208008,58.59809494018555,12542.520802597513,993.0400390625,564.469482421875,56.8425714969635,-0.041250310838222504,-0.023447737097740173,28.693536376953148
390.4,1862,-23.285818099975586,0.4297068119049072,16.946292877197266,58.72440719604492,12533.194151965105,995.1610107421875,563.9785766601562,56.672096252441406,-0.041288476437330246,-0.023399045690894127,28.695458984375023
390.5,1862,-23.157222747802734,0.4289049208164215,16.949268341064453,58.644229888916016,12545.833681124861,993.976806640625,563.4938354492188,56.690847873687744,-0.0410957857966423,-0.023297548294067383,28.696282958984398
390.6,1862,-23.17254638671875,0.42817026376724243,16.949918746948242,58.53985595703125,12556.941499382106,992.2457885742188,563.0266723632812,56.74266219139099,-0.04115710034966469,-0.023353634402155876,28.697229003906273
390.7,1862,-23.180770874023438,0.4280700087547302,16.949724197387695,58.48147964477539,12560.232229882706,991.2449340820312,563.0423583984375,56.80153965950012,-0.04117055982351303,-0.023385511711239815,28.698968505859398
390.8,1862,-23.197284698486328,0.42709439992904663,16.949146270751953,58.43130111694336,12558.439405401685,990.3606567382812,561.678955078125,56.71458840370178,-0.04129989817738533,-0.02342306822538376,28.700036621093773
390.9,1862,-23.190343856811523,0.42708131670951843,16.94899559020996,58.415775299072266,12553.73469824603,990.0887451171875,561.4513549804688,56.7071795463562,-0.04130427911877632,-0.023422490805387497,28.700860595703148
391,1862,-23.18301773071289,0.4264335632324219,16.94936752319336,58.368133544921875,12555.21628466695,989.3029174804688,560.6659545898438,56.672829389572144,-0.04134907200932503,-0.023433689028024673,28.702600097656273
391.1,1862,-23.240318298339844,0.4262458086013794,16.94944190979004,58.33190155029297,12555.130023931193,988.6931762695312,560.415283203125,56.68242573738098,-0.041469816118478775,-0.023506097495555878,28.704644775390648
391.2,1862,-23.268136978149414,0.42616650462150574,16.94903564453125,58.301021575927734,12554.003971623868,988.1461181640625,560.2607421875,56.69816732406616,-0.04153090715408325,-0.02354726381599903,28.704827880859398
391.3,1862,-23.25582504272461,0.4265015125274658,16.948978424072266,58.27716064453125,12552.545698915314,987.7383422851562,560.6360473632812,56.75957202911377,-0.0414811447262764,-0.023544520139694214,28.705194091796898
391.4,1862,-23.306243896484375,0.42669129371643066,16.94786262512207,58.36021041870117,12543.794896978368,989.080810546875,560.4945068359375,56.66821599006653,-0.04158157482743263,-0.023563537746667862,28.705438232421898
391.5,1862,-23.343849182128906,0.42848101258277893,16.94673728942871,58.48294448852539,12531.510901932208,991.0950927734375,562.2942504882812,56.734639406204224,-0.04151536151766777,-0.02355359122157097,28.705712890625023
391.6,1862,-23.29686164855957,0.42919039726257324,16.947010040283203,58.58774185180664,12528.972038655444,992.8870239257812,563.111083984375,56.714510917663574,-0.041371699422597885,-0.02346375770866871,28.706964111328148
391.7,1862,-23.292978286743164,0.4292214512825012,16.947296142578125,58.6773681640625,12531.087758052747,994.4227294921875,563.2468872070312,56.640589237213135,-0.04135482758283615,-0.02342361770570278,28.708978271484398
391.8,1862,-23.28569221496582,0.4294460713863373,16.947423934936523,58.7346076965332,12532.730209089,995.4002685546875,563.6155395507812,56.62199854850769,-0.041314851492643356,-0.0233932938426733,28.709741210937523
391.9,1862,-23.364788055419922,0.42934492230415344,16.947912216186523,58.76808547973633,12536.294875709911,995.996337890625,563.64306640625,56.59087300300598,-0.04145316407084465,-0.023458708077669144,28.709741210937523
392,1862,-23.327030181884766,0.4294985234737396,16.948974609375,58.75696563720703,12542.609394704508,995.8703002929688,564.1287231445312,56.64680004119873,-0.04135054722428322,-0.02342376299202442,28.709863281250023
392.1,1862,-23.3630428314209,0.42915090918540955,16.949344635009766,58.70914840698242,12548.738569685785,995.0816040039062,563.9475708007812,56.673502922058105,-0.04142768681049347,-0.023478519171476364,28.710015869140648
392.2,1862,-23.4659481048584,0.4295108914375305,16.94839096069336,58.742149353027344,12546.10994861641,995.5848999023438,564.3023681640625,56.68048858642578,-0.04158399626612663,-0.02357001230120659,28.709588623046898
392.3,1862,-23.53582191467285,0.4307156503200531,16.947784423828125,58.80032730102539,12541.138299454151,996.5352783203125,565.6610107421875,56.76276683807373,-0.04160764440894127,-0.02361765131354332,28.709466552734398
392.4,1862,-23.499788284301758,0.4322919547557831,16.948373794555664,58.82302474975586,12539.721991427858,996.95458984375,567.6670532226562,56.94010853767395,-0.041397131979465485,-0.023571573197841644,28.709436035156273
392.5,1862,-23.43958854675293,0.43224191665649414,16.949636459350586,58.779396057128906,12548.974038180691,996.2893676757812,568.0201416015625,57.01356530189514,-0.041265420615673065,-0.023526888340711594,28.709497070312523
392.6,1862,-23.321687698364258,0.4309455156326294,16.951263427734375,58.614356994628906,12564.86699590126,993.58740234375,567.03369140625,57.069331407547,-0.041129279881715775,-0.02347220480442047,28.708734130859398
392.7,1862,-23.153841018676758,0.4277413487434387,16.952953338623047,58.34992980957031,12584.393395694222,989.20361328125,563.6923217773438,56.98446035385132,-0.041075315326452255,-0.02340654656291008,28.707849121093773
392.8,1862,-23.081228256225586,0.4243847131729126,16.95466423034668,57.95234298706055,12605.796549332725,982.5625,560.2200317382812,57.016223669052124,-0.041200291365385056,-0.023490849882364273,28.706842041015648
392.9,1862,-22.955116271972656,0.4228711426258087,16.952960968017578,57.70830535888672,12602.831045119645,978.32666015625,558.0906982421875,57.04543590545654,-0.04113151505589485,-0.023463651537895203,28.704705810546898
393,1862,-22.93540382385254,0.4229608476161957,16.951337814331055,57.570701599121094,12588.9279127496,975.900390625,557.59326171875,57.13629126548767,-0.0411328561604023,-0.023501787334680557,28.703759765625023
393.1,1862,-22.967073440551758,0.42432358860969543,16.948835372924805,57.59955596923828,12564.514958844518,976.245361328125,558.3049926757812,57.189005613327026,-0.04113714396953583,-0.023525921627879143,28.703149414062523
393.2,1862,-22.926544189453125,0.4248060882091522,16.94757843017578,57.7320556640625,12545.513117579814,978.4185180664062,558.0945434570312,57.04047083854675,-0.041080035269260406,-0.02343224547803402,28.702111816406273
393.3,1862,-22.893280029296875,0.42545008659362793,16.94788932800293,57.84221267700195,12537.50369169614,980.3034057617188,558.583740234375,56.98069930076599,-0.04098450765013695,-0.02335326001048088,28.701409912109398
393.4,1862,-22.973556518554688,0.4251176118850708,16.9482364654541,57.89806365966797,12536.918517515729,981.2700805664062,558.1212158203125,56.87742829322815,-0.04116230830550194,-0.023412061855196953,28.700311279296898
393.5,1862,-23.06188201904297,0.42527836561203003,16.948421478271484,57.9550666809082,12535.615280994414,982.2468872070312,558.2742309570312,56.83644413948059,-0.041309237480163574,-0.02347870171070099,28.699853515625023
393.6,1862,-23.131196975708008,0.4262652099132538,16.94858741760254,57.999977111816406,12537.01526942205,983.0177001953125,559.6321411132812,56.93001747131348,-0.04133285954594612,-0.023530805483460426,28.699792480468773
393.7,1862,-23.230857849121094,0.42572975158691406,16.949176788330078,58.004608154296875,12541.311986611285,983.13037109375,559.1207275390625,56.87147378921509,-0.04154891148209572,-0.023629479110240936,28.699517822265648
393.8,1862,-23.31170082092285,0.42593708634376526,16.948171615600586,58.0867919921875,12537.571301462003,984.4649047851562,559.2261962890625,56.80508613586426,-0.041685640811920166,-0.023679565638303757,28.699761962890648
393.9,1862,-23.268871307373047,0.4275364577770233,16.94763946533203,58.20450973510742,12531.978341865166,986.4290161132812,561.0756225585938,56.879472732543945,-0.041471898555755615,-0.02358899638056755,28.699578857421898
394,1862,-23.32068634033203,0.4286724925041199,16.9476261138916,58.314537048339844,12528.562883003404,988.29296875,562.4132080078125,56.9075345993042,-0.0414653979241848,-0.023596936836838722,28.699609375000023
394.1,1862,-23.28430938720703,0.4292575716972351,16.947874069213867,58.39503479003906,12530.977017919004,989.6716918945312,563.289306640625,56.91678524017334,-0.04133632406592369,-0.02352730743587017,28.699761962890648
394.2,1862,-23.212810516357422,0.4289582669734955,16.94880485534668,58.392059326171875,12538.971289889641,989.6755981445312,563.2556762695312,56.913161277770996,-0.04121185466647148,-0.023454967886209488,28.699761962890648
394.3,1862,-23.19528579711914,0.42877304553985596,16.94858741760254,58.40761184692383,12542.262020390239,989.926513671875,563.1602172851562,56.88909292221069,-0.041187722235918045,-0.02343132160604,28.699853515625023
394.4,1862,-23.20189094543457,0.4284193217754364,16.947919845581055,58.45790100097656,12537.054902733074,990.7398071289062,562.4620361328125,56.77192211151123,-0.04125059023499489,-0.02341875247657299,28.699761962890648
394.5,1862,-23.25043487548828,0.42824622988700867,16.947919845581055,58.55006408691406,12533.928533904664,992.3018188476562,562.0945434570312,56.64552450180054,-0.0413639210164547,-0.023430809378623962,28.699822998046898
394.6,1862,-23.22499656677246,0.4277351498603821,16.948850631713867,58.572357177734375,12539.415416110232,992.734130859375,561.6694946289062,56.57804012298584,-0.04134993255138397,-0.023394981399178505,28.699853515625023
394.7,1862,-23.308208465576172,0.42737969756126404,16.948762893676758,58.56380081176758,12543.898642998402,992.583984375,561.4033813476562,56.559789180755615,-0.04151775315403938,-0.02348235435783863,28.699822998046898
394.8,1862,-23.308313369750977,0.42823129892349243,16.948623657226562,58.59769821166992,12543.315800189226,993.1503295898438,562.4959106445312,56.63754343986511,-0.0414373017847538,-0.023469068109989166,28.700006103515648
394.9,1862,-23.39404296875,0.42898568511009216,16.948469161987305,58.61983871459961,12542.570927079101,993.5165405273438,563.453369140625,56.713032722473145,-0.04151903837919235,-0.02354670688509941,28.700158691406273
395,1862,-23.430356979370117,0.42969924211502075,16.94832992553711,58.66788101196289,12539.170622130378,994.3226318359375,564.2376098632812,56.74592852592468,-0.041525691747665405,-0.023564139381051064,28.699639892578148
395.1,1862,-23.384992599487305,0.429510235786438,16.949060440063477,58.68060302734375,12543.583907881448,994.5811157226562,564.1879272460938,56.72618746757507,-0.04144894331693649,-0.023512404412031174,28.699884033203148
395.2,1862,-23.30183219909668,0.4293324053287506,16.94977378845215,58.63168716430664,12551.169024200042,993.7938232421875,564.2953491210938,56.78192973136902,-0.0412936806678772,-0.023447349667549133,28.699761962890648
395.3,1862,-23.212053298950195,0.42858192324638367,16.950456619262695,58.53197479248047,12558.561802391612,992.1436767578125,563.6407470703125,56.81039094924927,-0.04118235409259796,-0.023395858705043793,28.699731445312523
395.4,1862,-23.244714736938477,0.4282664954662323,16.95013427734375,58.47542190551758,12560.26486908002,991.166259765625,563.3023071289062,56.83227181434631,-0.041265081614255905,-0.02345188334584236,28.699975585937523
395.5,1862,-23.196855545043945,0.4284745156764984,16.949731826782227,58.46302032470703,12556.247916439188,990.9324951171875,563.3956298828125,56.85510039329529,-0.0411732941865921,-0.02340911701321602,28.699792480468773
395.6,1862,-23.10169792175293,0.4274003207683563,16.95086669921875,58.367767333984375,12561.14612740749,989.3842163085938,562.2024536132812,56.82346820831299,-0.041091423481702805,-0.023349571973085403,28.699975585937523
395.7,1862,-23.05853271484375,0.42664963006973267,16.95119857788086,58.236942291259766,12568.515591886691,987.1859741210938,561.5442504882812,56.88332915306091,-0.04106271639466286,-0.02335784025490284,28.700738525390648
395.8,1862,-23.066526412963867,0.42550891637802124,16.950580596923828,58.13447189331055,12567.208858308522,985.4130249023438,559.984619140625,56.827402114868164,-0.041191354393959045,-0.02340797707438469,28.701593017578148
395.9,1862,-23.12006950378418,0.42540720105171204,16.950286865234375,58.09981918334961,12563.032206737978,984.80859375,559.6647338867188,56.829798221588135,-0.041310571134090424,-0.02347671426832676,28.702050781250023
396,1862,-22.95258903503418,0.4242796003818512,16.951316833496094,57.96576690673828,12565.874148275514,982.5960693359375,558.3074951171875,56.81963562965393,-0.041111014783382416,-0.023359129205346107,28.702874755859398
396.1,1862,-22.842998504638672,0.4229834973812103,16.952096939086914,57.800209045410156,12573.993148607313,979.834716796875,556.9616088867188,56.84240460395813,-0.04101359471678734,-0.023313112556934357,28.704339599609398
396.2,1862,-22.780370712280273,0.4217079281806946,16.952835083007812,57.60567092895508,12581.13180733408,976.5794677734375,555.5972900390625,56.89217448234558,-0.041001588106155396,-0.02332669496536255,28.704766845703148
396.3,1862,-22.775386810302734,0.42021626234054565,16.953815460205078,57.34782409667969,12590.739388200513,972.264404296875,554.0548095703125,56.986016035079956,-0.04110674187541008,-0.023425094783306122,28.705346679687523
396.4,1862,-22.79962730407715,0.41871634125709534,16.95410919189453,57.078433990478516,12595.022117162327,967.7139892578125,552.2649536132812,57.069021463394165,-0.04128385707736015,-0.02356029488146305,28.706781005859398
396.5,1862,-22.807188034057617,0.4182659387588501,16.952255249023438,56.95957565307617,12584.007553754549,965.59326171875,551.1884155273438,57.08287954330444,-0.0413782075047493,-0.023619871586561203,28.709588623046898
396.6,1862,-22.850706100463867,0.4190391004085541,16.949737548828125,56.99986267089844,12562.160273895453,966.1326904296875,551.2485961914062,57.05723166465759,-0.04145263507962227,-0.02365172654390335,28.711541748046898
396.7,1862,-22.954666137695312,0.4208207130432129,16.94785499572754,57.150272369384766,12537.832415040513,968.5745239257812,552.520263671875,57.044678926467896,-0.04154538735747337,-0.023699432611465454,28.714501953125023
396.8,1862,-23.004135131835938,0.42254725098609924,16.94814682006836,57.32670974731445,12528.630492769267,971.5814819335938,554.3799438476562,57.0595383644104,-0.04149525240063667,-0.023677000775933266,28.716577148437523
396.9,1862,-22.939407348632812,0.4226458966732025,16.949281692504883,57.3656005859375,12534.955502934428,972.3057250976562,554.789306640625,57.059139013290405,-0.041347961872816086,-0.023592792451381683,28.719293212890648
397,1862,-23.010366439819336,0.42207780480384827,16.949932098388672,57.36503219604492,12539.12049764879,972.3333740234375,554.2276611328125,56.999754905700684,-0.041517894715070724,-0.02366509847342968,28.720544433593773
397.1,1862,-22.960277557373047,0.42333683371543884,16.949249267578125,57.448665618896484,12536.329846278462,973.7117309570312,555.7572021484375,57.0761501789093,-0.04131350666284561,-0.02358015812933445,28.722009277343773
397.2,1862,-22.891069412231445,0.42313453555107117,16.94985580444336,57.463478088378906,12541.464691427289,973.9976806640625,555.7191162109375,57.05549120903015,-0.04119179770350456,-0.023502180352807045,28.724023437500023
397.3,1862,-22.91887855529785,0.42244410514831543,16.95081901550293,57.39977264404297,12550.548879451082,972.97314453125,555.2142333984375,57.06367492675781,-0.04127934202551842,-0.023555509746074677,28.724145507812523
397.4,1862,-23.024829864501953,0.4211633801460266,16.949995040893555,57.377769470214844,12550.263286474586,972.5529174804688,553.5183715820312,56.913959980010986,-0.04159722477197647,-0.023674629628658295,28.724267578125023
397.5,1862,-23.047985076904297,0.4209792912006378,16.949296951293945,57.42743682861328,12543.919625339531,973.3546752929688,552.9967651367188,56.81349039077759,-0.04167833551764488,-0.023678917437791824,28.724481201171898
397.6,1862,-23.041730880737305,0.4210168123245239,16.948959350585938,57.4970703125,12538.862881127134,974.5155029296875,552.8231201171875,56.727999448776245,-0.04168011248111725,-0.02364429458975792,28.724816894531273
397.7,1862,-23.072280883789062,0.42133408784866333,16.948715209960938,57.581947326660156,12534.808626546517,975.9400024414062,553.0608520507812,56.6695511341095,-0.04171743616461754,-0.023641085252165794,28.725366210937523
397.8,1862,-23.05028533935547,0.422199547290802,16.948244094848633,57.709205627441406,12530.928059123034,978.0697021484375,554.0253295898438,56.64476752281189,-0.041605111211538315,-0.023567119613289833,28.727227783203148
397.9,1862,-23.026241302490234,0.42325669527053833,16.949522018432617,57.736122131347656,12537.017600793288,978.5996704101562,555.6824340820312,56.78343176841736,-0.04143776744604111,-0.023529786616563797,28.729516601562523
398,1862,-23.018714904785156,0.42394229769706726,16.950008392333984,57.72880172729492,12542.961431761249,978.503662109375,556.846435546875,56.907957792282104,-0.04133763536810875,-0.02352440357208252,28.731683349609398
398.1,1862,-23.08684539794922,0.4242168366909027,16.94983673095703,57.732337951660156,12544.912789486365,978.5537109375,557.2937622070312,56.95075988769531,-0.041426707059144974,-0.02359282411634922,28.735040283203148
398.2,1862,-23.104938507080078,0.4255264401435852,16.947980880737305,57.864219665527344,12534.453092432921,980.6817016601562,558.548095703125,56.95508122444153,-0.04136607050895691,-0.02356007881462574,28.739373779296898
398.3,1862,-23.032154083251953,0.4274580180644989,16.947168350219727,58.03604507446289,12524.826860596595,983.546630859375,560.652587890625,57.00315237045288,-0.04108097404241562,-0.023417450487613678,28.744012451171898
398.4,1862,-23.040163040161133,0.42721739411354065,16.948312759399414,58.13452911376953,12526.592874308395,985.2821655273438,560.4159545898438,56.87872767448425,-0.04111260920763016,-0.023384328931570053,28.748620605468773
398.5,1862,-23.068872451782227,0.4262286126613617,16.9492244720459,58.15878677368164,12532.767511028787,985.746337890625,559.39453125,56.74832463264465,-0.04123900458216667,-0.023402443155646324,28.752648925781273
398.6,1862,-23.1085262298584,0.42630162835121155,16.94951057434082,58.20060729980469,12537.444241729603,986.4718017578125,559.6990966796875,56.73746466636658,-0.04128740727901459,-0.023425430059432983,28.756616210937523
398.7,1862,-23.167505264282227,0.4277908205986023,16.949159622192383,58.238704681396484,12537.943155174256,987.0971069335938,561.6766357421875,56.90186619758606,-0.04124705120921135,-0.02347034029662609,28.760278320312523
398.8,1862,-23.11654281616211,0.4267251491546631,16.94957160949707,58.26610565185547,12541.98575289869,987.5855102539062,560.4581298828125,56.75033926963806,-0.041245799511671066,-0.02340712957084179,28.763787841796898
398.9,1862,-23.096399307250977,0.4266350567340851,16.949920654296875,58.2580680847168,12545.824355639914,987.4696044921875,560.5112915039062,56.76237940788269,-0.04120595008134842,-0.023389477282762527,28.766717529296898
399,1862,-23.166149139404297,0.42799463868141174,16.949190139770508,58.29403305053711,12542.478837915252,988.03662109375,562.1475219726562,56.89541697502136,-0.04121008515357971,-0.023446649312973022,28.769647216796898
399.1,1862,-23.17878532409668,0.42863237857818604,16.94818115234375,58.4156608581543,12534.891390225419,990.0391845703125,562.6445922851562,56.83053731918335,-0.04119613766670227,-0.023411987349390984,28.772393798828148
399.2,1862,-23.24601173400879,0.4286935031414032,16.949012756347656,58.444557189941406,12536.845079321773,990.5775756835938,562.8125610351562,56.81660771369934,-0.04130329191684723,-0.023467129096388817,28.773492431640648
399.3,1862,-23.2618465423584,0.4285930395126343,16.948646545410156,58.52933883666992,12537.031589020708,991.9931030273438,562.6890258789062,56.723082065582275,-0.04134050011634827,-0.023449605330824852,28.775170898437523
399.4,1862,-23.217636108398438,0.4282979369163513,16.94939422607422,58.524993896484375,12542.464849687833,991.9631958007812,562.5452880859375,56.710296869277954,-0.041272472590208054,-0.02340574376285076,28.776055908203148
399.5,1862,-23.206907272338867,0.42720142006874084,16.950454711914062,58.47126007080078,12550.11990714353,991.1144409179688,561.447509765625,56.64810538291931,-0.041334062814712524,-0.023414961993694305,28.777764892578148
399.6,1862,-23.2315731048584,0.4267394244670868,16.950624465942383,58.407962799072266,12555.226775837515,990.0514526367188,561.068603515625,56.670647859573364,-0.04140594229102135,-0.02346501685678959,28.777947998046898
399.7,1862,-23.16809844970703,0.42690780758857727,16.95061492919922,58.34518814086914,12558.714507207615,988.98681640625,561.4458618164062,56.769806146621704,-0.041265059262514114,-0.02342609502375126,28.777917480468773
399.8,1862,-23.177690505981445,0.42583587765693665,16.949947357177734,58.328704833984375,12554.570494834385,988.66845703125,559.851318359375,56.62680268287659,-0.041399721056222916,-0.02344333939254284,28.777917480468773
399.9,1862,-23.290477752685547,0.4254782795906067,16.949039459228516,58.38689422607422,12547.23133818126,989.6017456054688,559.05419921875,56.492847204208374,-0.04166049882769585,-0.02353520132601261,28.778253173828148
400,1862,-23.355937957763672,0.4253309667110443,16.9482479095459,58.47249221801758,12538.401269622269,991.0062866210938,558.4673461914062,56.35356307029724,-0.04182149097323418,-0.02356790006160736,28.778039550781273
400.1,1862,-23.335676193237305,0.4268459677696228,16.94757843017578,58.632781982421875,12527.995194107269,993.6836547851562,559.991455078125,56.355100870132446,-0.04167148843407631,-0.023484008386731148,28.777978515625023
400.2,1862,-23.263174057006836,0.42696428298950195,16.94887924194336,58.68759536743164,12533.120713771148,994.68896484375,560.3757934570312,56.336790323257446,-0.04151352122426033,-0.02338738553225994,28.777917480468773
400.3,1862,-23.202335357666016,0.42759203910827637,16.950437545776367,58.614627838134766,12547.750068281426,993.5435791015625,561.8547973632812,56.55059218406677,-0.041295964270830154,-0.02335311286151409,28.778131103515648
400.4,1862,-23.154041290283203,0.42767059803009033,16.950294494628906,58.5628776550293,12553.742858045358,992.6580200195312,562.2263793945312,56.638479232788086,-0.04118277132511139,-0.023325294256210327,28.777917480468773
400.5,1862,-23.18895149230957,0.42776963114738464,16.95039939880371,58.5015983581543,12556.757321054407,991.6254272460938,562.4916381835938,56.72420263290405,-0.04122541472315788,-0.023384789004921913,28.777764892578148
400.6,1862,-23.156293869018555,0.42735499143600464,16.950685501098633,58.43405532836914,12558.106019314837,990.497314453125,562.0067749023438,56.73986077308655,-0.04120287299156189,-0.02337845228612423,28.777337646484398
400.7,1862,-23.140653610229492,0.42682093381881714,16.950634002685547,58.37503433227539,12560.208916170339,989.4938354492188,561.3984375,56.735920906066895,-0.04121966287493706,-0.023386353626847267,28.776391601562523
400.8,1862,-23.019399642944336,0.4252583086490631,16.951114654541016,58.26923370361328,12563.149940985433,987.7284545898438,559.4740600585938,56.64249658584595,-0.041144710034132004,-0.023305391892790794,28.774804687500023
400.9,1862,-22.911251068115234,0.4239141643047333,16.952495574951172,58.08782196044922,12573.772834025445,984.7335205078125,558.1773071289062,56.68307542800903,-0.04104654863476753,-0.023266447708010674,28.772821044921898
401,1862,-22.890377044677734,0.42283234000205994,16.952312469482422,57.91849136352539,12577.310689877135,981.8523559570312,556.9094848632812,56.72028660774231,-0.04110250994563103,-0.023313460871577263,28.772271728515648
401.1,1862,-22.950403213500977,0.4223599135875702,16.950841903686523,57.85498046875,12566.209865733597,980.6906127929688,555.7962646484375,56.673961877822876,-0.041292835026979446,-0.02340228669345379,28.770135498046898
401.2,1862,-22.934110641479492,0.422730028629303,16.950366973876953,57.867366790771484,12555.173154299071,980.8731079101562,555.7947387695312,56.66326284408569,-0.0412636362016201,-0.023381322622299194,28.768029785156273
401.3,1862,-22.943893432617188,0.422688364982605,16.949785232543945,57.89436721801758,12549.608171157073,981.297119140625,555.49365234375,56.60809874534607,-0.0413036122918129,-0.0233811903744936,28.767358398437523
401.4,1862,-23.02252769470215,0.42324861884117126,16.949214935302734,57.96224594116211,12542.524299654367,982.41455078125,555.9159545898438,56.58669471740723,-0.04141368716955185,-0.023434635251760483,28.766412353515648
401.5,1862,-23.064434051513672,0.42399173974990845,16.94942283630371,58.006629943847656,12541.9799244706,983.1788940429688,556.8677978515625,56.639522314071655,-0.04141815006732941,-0.023459041491150856,28.765649414062523
401.6,1862,-23.064725875854492,0.4243478775024414,16.949796676635742,58.02871322631836,12542.36693209589,983.5748901367188,557.352783203125,56.666022539138794,-0.04138263687491417,-0.023449892178177834,28.765191650390648
401.7,1862,-22.96372413635254,0.4244545102119446,16.950613021850586,58.00659942626953,12547.838660388421,983.2474365234375,557.7360229492188,56.72387480735779,-0.04117310419678688,-0.02335498109459877,28.764245605468773
401.8,1862,-22.97769546508789,0.424311101436615,16.951221466064453,57.93273162841797,12556.217608613111,982.0305786132812,557.919921875,56.81288242340088,-0.04118457809090614,-0.023398147895932198,28.763574218750023
401.9,1862,-23.016035079956055,0.42499351501464844,16.95058822631836,57.89657974243164,12556.41694085385,981.381103515625,558.8260498046875,56.94282054901123,-0.04118640348315239,-0.023452699184417725,28.763238525390648
402,1862,-22.974702835083008,0.4254700541496277,16.950210571289062,57.89888000488281,12551.210988882303,981.398193359375,559.220703125,56.98204040527344,-0.04108342528343201,-0.023410173133015633,28.763269042968773
402.1,1862,-23.081083297729492,0.42562928795814514,16.948516845703125,58.018009185791016,12536.905694973926,983.3192138671875,558.7923583984375,56.82716369628906,-0.0413052923977375,-0.023472625762224197,28.763146972656273
402.2,1862,-23.172809600830078,0.42641109228134155,16.947168350219727,58.22993850708008,12521.038382336963,986.8325805664062,559.1102294921875,56.6570520401001,-0.04144586622714996,-0.023482007905840874,28.763208007812523
402.3,1862,-23.283384323120117,0.42753610014915466,16.946077346801758,58.515079498291016,12506.393873913645,991.60107421875,559.9296875,56.46723508834839,-0.04158269241452217,-0.023480596020817757,28.763177490234398
402.4,1862,-23.348920822143555,0.4292367398738861,16.946109771728516,58.77819061279297,12500.698333982393,996.0616455078125,561.9009399414062,56.41226768493652,-0.04155344516038895,-0.023441240191459656,28.762231445312523
402.5,1862,-23.419376373291016,0.43031689524650574,16.9464168548584,58.990753173828125,12504.041520335817,999.681884765625,563.4656372070312,56.36449456214905,-0.04156309738755226,-0.023426828905940056,28.761529541015648
402.6,1862,-23.44638442993164,0.4313475787639618,16.94765853881836,59.101226806640625,12515.0246102319,1001.62744140625,565.3113403320312,56.43928050994873,-0.04147517308592796,-0.02340828999876976,28.760125732421898
402.7,1862,-23.402088165283203,0.4326871633529663,16.948144912719727,59.17432403564453,12523.401227085355,1002.89501953125,567.446533203125,56.58084750175476,-0.04124104604125023,-0.023334534838795662,28.758355712890648
402.8,1862,-23.369853973388672,0.43305090069770813,16.949085235595703,59.19352340698242,12533.975161329397,1003.2760620117188,568.4030151367188,56.65469765663147,-0.0411149337887764,-0.023293541744351387,28.757958984375023
402.9,1862,-23.393281936645508,0.43191662430763245,16.94920539855957,59.23268508911133,12539.418913167086,1003.9469604492188,567.1604614257812,56.49307370185852,-0.04124632105231285,-0.02330131269991398,28.757165527343773
403,1862,-23.38030242919922,0.4306667745113373,16.950532913208008,59.16648483276367,12552.106235437195,1002.9034423828125,566.0914306640625,56.4452588558197,-0.04130128026008606,-0.023312615230679512,28.755883789062523
403.1,1862,-23.3043155670166,0.428887277841568,16.951492309570312,59.00438690185547,12564.786563593594,1000.21240234375,564.3218994140625,56.420207023620605,-0.04129613935947418,-0.023299366235733032,28.754449462890648
403.2,1862,-23.255483627319336,0.4271218180656433,16.95265769958496,58.791194915771484,12575.977145529743,996.6669921875,562.4994506835938,56.43805265426636,-0.041343122720718384,-0.02333325333893299,28.753442382812523
403.3,1862,-23.196985244750977,0.4266953766345978,16.951974868774414,58.62498092651367,12576.851409743505,993.8092041015625,561.9769287109375,56.54776692390442,-0.04127746820449829,-0.02334148809313774,28.753472900390648
403.4,1862,-23.118621826171875,0.4257502257823944,16.951631546020508,58.52188491821289,12573.582827269654,992.0414428710938,560.5863647460938,56.50836229324341,-0.04124007001519203,-0.023304089903831482,28.753289794921898
403.5,1862,-23.147781372070312,0.4249216914176941,16.95085906982422,58.4747428894043,12566.225019646638,991.1971435546875,559.1680297851562,56.41340613365173,-0.04139682278037071,-0.02335335873067379,28.753289794921898
403.6,1862,-23.11557388305664,0.42453208565711975,16.95110321044922,58.413700103759766,12564.088317908203,990.1766357421875,558.5603637695312,56.41017556190491,-0.04138420149683952,-0.023344898596405983,28.752587890625023
403.7,1862,-23.070106506347656,0.423831582069397,16.9520206451416,58.290733337402344,12566.69595663645,988.1456909179688,557.7544555664062,56.44455552101135,-0.04136247932910919,-0.02334686741232872,28.751580810546898
403.8,1862,-23.077625274658203,0.4234975278377533,16.95201301574707,58.182640075683594,12568.236993023907,986.3128662109375,557.3831787109375,56.51180148124695,-0.04140352085232735,-0.02339787408709526,28.749566650390648
403.9,1862,-23.09555435180664,0.422434538602829,16.95208168029785,58.069278717041016,12570.858619979574,984.3951416015625,556.10009765625,56.49155378341675,-0.041531290858983994,-0.02346166968345642,28.748437500000023
404,1862,-23.102413177490234,0.4226699471473694,16.95130157470703,58.00783157348633,12566.510612623131,983.3082275390625,556.217529296875,56.565940380096436,-0.04153485223650932,-0.023494578897953033,28.748254394531273
404.1,1862,-23.14133071899414,0.42282283306121826,16.95100975036621,57.973670959472656,12559.816080116954,982.7122802734375,556.122314453125,56.59055709838867,-0.041611943393945694,-0.02354842983186245,28.747735595703148
404.2,1862,-23.197345733642578,0.42413532733917236,16.949764251708984,58.031158447265625,12547.868968214498,983.6144409179688,557.3179321289062,56.660205125808716,-0.041623178869485855,-0.023583779111504555,28.747125244140648
404.3,1862,-23.222116470336914,0.4253730773925781,16.948856353759766,58.171409606933594,12537.897693435141,985.9388427734375,558.5001831054688,56.64653778076172,-0.04157942160964012,-0.023553302511572838,28.746087646484398
404.4,1862,-23.14483070373535,0.4257228970527649,16.94906997680664,58.25735855102539,12535.668902532858,987.4080200195312,558.8601684570312,56.59870505332947,-0.041414350271224976,-0.023439986631274223,28.745019531250023
404.5,1862,-23.138059616088867,0.42608657479286194,16.949081420898438,58.318546295166016,12535.985969021049,988.44580078125,559.3516845703125,56.58901333808899,-0.0413658507168293,-0.023408526554703712,28.744042968750023
404.6,1862,-23.120391845703125,0.4267217814922333,16.948471069335938,58.43534851074219,12528.45913698337,990.3898315429688,559.8492431640625,56.52816891670227,-0.04129753261804581,-0.02334473840892315,28.743585205078148
404.7,1862,-23.155912399291992,0.42679834365844727,16.94780731201172,58.591346740722656,12522.018723941994,992.994873046875,559.661865234375,56.36100172996521,-0.04137482866644859,-0.023319266736507416,28.743554687500023
404.8,1862,-23.248125076293945,0.42740190029144287,16.947885513305664,58.77389144897461,12517.565804879901,996.0932006835938,560.2539672851562,56.24513626098633,-0.04149568825960159,-0.02333930693566799,28.743066406250023
404.9,1862,-23.31052017211914,0.42721301317214966,16.948095321655273,58.934814453125,12517.847900799541,998.8328247070312,560.0189819335938,56.067341566085815,-0.041624516248703,-0.02333775907754898,28.742608642578148
405,1862,-23.3143253326416,0.42808252573013306,16.949010848999023,59.0166015625,12524.802381198611,1000.2730102539062,561.4705810546875,56.13173246383667,-0.041523680090904236,-0.023307962343096733,28.741967773437523
405.1,1862,-23.282608032226562,0.4285239577293396,16.949787139892578,59.03623580932617,12535.379812499508,1000.651611328125,562.5242309570312,56.215786933898926,-0.04138952121138573,-0.02326744608581066,28.740472412109398
405.2,1862,-23.276065826416016,0.428345650434494,16.949085235595703,59.10072708129883,12534.385482667056,1001.7032470703125,562.2455444335938,56.12895488739014,-0.04139839857816696,-0.023236488923430443,28.738702392578148
405.3,1862,-23.242401123046875,0.42811596393585205,16.9503173828125,59.08342361450195,12544.127117379598,1001.4827880859375,562.3807983398438,56.15481734275818,-0.04132858291268349,-0.02320798859000206,28.737634277343773
405.4,1862,-23.266328811645508,0.4279133081436157,16.951324462890625,58.97975158691406,12554.589145804279,999.784912109375,562.5833740234375,56.27044439315796,-0.04135623201727867,-0.023271333426237106,28.735955810546898
405.5,1862,-23.166147232055664,0.42722100019454956,16.95158576965332,58.873321533203125,12562.319972825167,997.9961547851562,562.0191040039062,56.314754486083984,-0.041219502687454224,-0.02321266196668148,28.734124755859398
405.6,1862,-23.146825790405273,0.42604348063468933,16.952028274536133,58.732261657714844,12569.00401416078,995.6309814453125,560.7682495117188,56.32290244102478,-0.04127699136734009,-0.023248398676514626,28.733239746093773
405.7,1862,-23.04313850402832,0.4252910912036896,16.952228546142578,58.591548919677734,12572.974339376877,993.25732421875,559.9547729492188,56.3755989074707,-0.04115178808569908,-0.023199565708637238,28.732385253906273
405.8,1862,-23.043821334838867,0.42540913820266724,16.95180892944336,58.47854232788086,12572.998818774862,991.3170776367188,560.1112670898438,56.50172829627991,-0.04114150628447533,-0.023245662450790405,28.731164550781273
405.9,1862,-23.054824829101562,0.4245608150959015,16.951717376708984,58.362083435058594,12572.642118975647,989.3375244140625,558.9784545898438,56.500279903411865,-0.041244566440582275,-0.02330329455435276,28.729333496093773
406,1896,-23.133914947509766,0.4246615767478943,16.949853897094727,58.382381439208984,12559.183112826191,989.5728149414062,558.5126342773438,56.43976926803589,-0.041420578956604004,-0.02337767742574215,28.728845214843773
406.1,1896,-23.22347640991211,0.4315311908721924,16.92975425720215,59.61717224121094,12556.247916439188,1009.3040771484375,567.4148559570312,56.218421459198,-0.040928568691015244,-0.023009395226836205,28.728784179687523
406.2,1896,-23.5884952545166,0.44374793767929077,16.91740608215332,61.99250411987305,12621.989088257209,1048.7523193359375,586.533447265625,55.92678189277649,-0.04021679610013962,-0.02249195985496044,28.728295898437523
406.3,1896,-23.993324279785156,0.4510062038898468,16.92249870300293,63.644073486328125,12699.298524151722,1077.0167236328125,599.7784423828125,55.68886995315552,-0.04000364616513252,-0.022277576848864555,28.727075195312523
406.4,1896,-24.321224212646484,0.4557364284992218,16.92552947998047,64.978271484375,12763.342457709427,1099.7916259765625,609.12548828125,55.38553595542908,-0.03992810100317001,-0.02211439236998558,28.724938964843773
406.5,1896,-24.496170043945312,0.46053558588027954,16.929706573486328,65.99856567382812,12820.29086290824,1117.3363037109375,618.286376953125,55.335742235183716,-0.03961945325136185,-0.021923720836639404,28.723931884765648
406.6,1896,-24.58087158203125,0.46143078804016113,16.932615280151367,66.71219635009766,12874.097745365605,1129.6119384765625,622.0882568359375,55.070966482162476,-0.0395134799182415,-0.021760456264019012,28.723718261718773
406.7,1896,-24.849018096923828,0.46407169103622437,16.934219360351562,67.29336547851562,12913.03514207531,1139.5606689453125,627.5408935546875,55.06867170333862,-0.03959744796156883,-0.021805789321660995,28.722528076171898
406.8,1896,-24.913694381713867,0.46659785509109497,16.934171676635742,67.88658905029297,12934.181844877778,1149.6031494140625,631.9901733398438,54.97463941574097,-0.03942101448774338,-0.021671559661626816,28.720819091796898
406.9,1896,-25.091466903686523,0.4674323797225952,16.935001373291016,68.40032196044922,12952.954046075667,1158.3594970703125,634.0393676757812,54.735976457595825,-0.03957398608326912,-0.02166120707988739,28.719018554687523
407,1896,-25.115575790405273,0.4705262780189514,16.93703269958496,68.74099731445312,12975.383003058318,1164.2685546875,639.3411865234375,54.91355061531067,-0.039283525198698044,-0.02157197892665863,28.718621826171898
407.1,1896,-25.08658790588379,0.4701360762119293,16.93926429748535,68.90128326416016,13003.844383115922,1167.1370849609375,640.2122192382812,54.85321879386902,-0.039184801280498505,-0.021494124084711075,28.717919921875023
407.2,1896,-25.116945266723633,0.46881306171417236,16.940349578857422,68.95628356933594,13023.897672808378,1168.1435546875,639.3950805664062,54.736000299453735,-0.03928235545754433,-0.021501591429114342,28.716485595703148
407.3,1896,-25.178430557250977,0.4683736562728882,16.940696716308594,69.03894805908203,13038.007131532871,1169.56787109375,639.4878540039062,54.67727184295654,-0.03937280550599098,-0.021527977660298347,28.714410400390648
407.4,1896,-25.18087387084961,0.4686776399612427,16.941646575927734,69.00928497314453,13051.307604438232,1169.130859375,640.5556640625,54.789042472839355,-0.03931098431348801,-0.021538112312555313,28.713952636718773
407.5,1896,-25.114511489868164,0.4684017598628998,16.940406799316406,69.07931518554688,13054.247463567708,1170.231689453125,640.3228149414062,54.71761226654053,-0.039221640676259995,-0.02146114408969879,28.713464355468773
407.6,1896,-25.041627883911133,0.4683014750480652,16.941143035888672,69.13194274902344,13058.96849032202,1171.174072265625,640.417236328125,54.68164086341858,-0.03910205140709877,-0.021381644532084465,28.712396240234398
407.7,1896,-25.03913116455078,0.4667946994304657,16.941822052001953,69.10102081298828,13065.257364233014,1170.6971435546875,638.6641235351562,54.55416440963745,-0.03920547664165497,-0.0213882215321064,28.710260009765648
407.8,1896,-25.035125732421875,0.4664496183395386,16.94253158569336,69.01714324951172,13070.739583696108,1169.3250732421875,638.4597778320312,54.600703716278076,-0.03921175375580788,-0.0214098934084177,28.709222412109398
407.9,1896,-24.998199462890625,0.4669521450996399,16.942184448242188,68.98528289794922,13067.7659196837,1168.7613525390625,639.002197265625,54.67345118522644,-0.03912067785859108,-0.021388625726103783,28.708581542968773
408,1896,-24.97342300415039,0.4666518270969391,16.94260025024414,68.9450454711914,13070.501783829965,1168.1083984375,638.7249145507812,54.6802818775177,-0.039098870009183884,-0.021379372105002403,28.707513427734398
408.1,1896,-24.937984466552734,0.46570074558258057,16.942798614501953,68.88301086425781,13074.666778544324,1167.0709228515625,637.626220703125,54.6347439289093,-0.039110660552978516,-0.021368009969592094,28.705957031250023
408.2,1896,-24.860553741455078,0.4637432098388672,16.944120407104492,68.71063232421875,13083.041064026544,1164.2412109375,635.3527221679688,54.57225441932678,-0.03912874311208725,-0.02135343849658966,28.704644775390648
408.3,1896,-24.820913314819336,0.46256405115127563,16.944721221923828,68.55457305908203,13093.606838471256,1161.63818359375,634.2490234375,54.59953546524048,-0.03913433477282524,-0.021367164328694344,28.704309082031273
408.4,1896,-24.60919761657715,0.46113404631614685,16.946453094482422,68.27226257324219,13104.728644955923,1156.97265625,632.8253173828125,54.69664931297302,-0.03888782113790512,-0.02127033658325672,28.703271484375023
408.5,1896,-24.451467514038086,0.46020421385765076,16.946245193481445,68.01750183105469,13111.750735120857,1152.6412353515625,631.8876953125,54.820847511291504,-0.03869590908288956,-0.02121342346072197,28.702447509765648
408.6,1896,-24.533536911010742,0.46153196692466736,16.943681716918945,67.93431854248047,13098.88506295114,1151.0574951171875,633.0889282226562,55.00063896179199,-0.03875211626291275,-0.02131391130387783,28.701562500000023
408.7,1896,-24.551435470581055,0.46214550733566284,16.94187355041504,68.00469207763672,13079.447255265173,1152.126953125,632.9898681640625,54.940980672836304,-0.03878645971417427,-0.021309662610292435,28.701074218750023
408.8,1896,-24.665468215942383,0.46219056844711304,16.94078254699707,68.12205505371094,13062.00510135782,1154.0408935546875,632.2073364257812,54.78205680847168,-0.03901483863592148,-0.02137313224375248,28.701928710937523
408.9,1896,-24.65774154663086,0.46234560012817383,16.94173812866211,68.18350219726562,13057.780656676923,1155.1470947265625,632.2149047851562,54.73025441169739,-0.039002154022455215,-0.02134597674012184,28.702661132812523
409,1896,-24.582666397094727,0.46344608068466187,16.942461013793945,68.17261505126953,13062.870040086635,1155.0118408203125,633.9666748046875,54.888325929641724,-0.038775958120822906,-0.021283475682139397,28.703515625000023
409.1,1896,-24.613019943237305,0.4632333815097809,16.94110107421875,68.25234985351562,13060.054909318322,1156.2698974609375,633.5391845703125,54.79162931442261,-0.03885003551840782,-0.02128656953573227,28.704644775390648
409.2,1896,-24.618114471435547,0.46244439482688904,16.940561294555664,68.38358306884766,13052.452307715452,1158.456298828125,632.0919189453125,54.56329584121704,-0.03894704580307007,-0.02125079371035099,28.704736328125023
409.3,1896,-24.650405883789062,0.46282318234443665,16.940425872802734,68.4953384399414,13054.02015487213,1160.3402099609375,632.6856689453125,54.52587604522705,-0.038961537182331085,-0.021244119852781296,28.704675292968773
409.4,1896,-24.664884567260742,0.46396344900131226,16.94087028503418,68.53729248046875,13058.605962094714,1161.0814208984375,634.4672241210938,54.64451313018799,-0.03887495398521423,-0.021243028342723846,28.704675292968773
409.5,1896,-24.69632911682129,0.4640701711177826,16.940502166748047,68.60733795166016,13060.248413130968,1162.2427978515625,634.6929931640625,54.60933446884155,-0.03891066834330559,-0.02124885655939579,28.704644775390648
409.6,1896,-24.875343322753906,0.46319833397865295,16.939245223999023,68.7419204711914,13050.259653067336,1164.436279296875,633.01611328125,54.362452030181885,-0.03929654136300087,-0.021362563595175743,28.704614257812523
409.7,1896,-25.027475357055664,0.4661036729812622,16.936077117919922,69.07588958740234,13032.12741327392,1169.8746337890625,636.1015625,54.37348484992981,-0.039345093071460724,-0.021393297240138054,28.704614257812523
409.8,1896,-24.982181549072266,0.4686916768550873,16.93622589111328,69.3788833618164,13023.209918293553,1175.0164794921875,639.19580078125,54.3988823890686,-0.03908377140760422,-0.02126113325357437,28.704553222656273
409.9,1896,-24.952983856201172,0.4687667787075043,16.936796188354492,69.59374237060547,13027.345770867454,1178.695068359375,639.501220703125,54.25502061843872,-0.039019446820020676,-0.021170008927583694,28.704461669921898
410,1896,-25.035791397094727,0.46842649579048157,16.936668395996094,69.8187484741211,13029.123441435435,1182.4969482421875,639.1242065429688,54.048699140548706,-0.03917202726006508,-0.021171970292925835,28.704431152343773
410.1,1896,-25.02553367614746,0.46929195523262024,16.936613082885742,70.0058822631836,13031.374380364467,1185.66259765625,640.4156494140625,54.013317823410034,-0.039077017456293106,-0.021106792613863945,28.703698730468773
410.2,1896,-25.030790328979492,0.4704442322254181,16.936750411987305,70.1373291015625,13036.204981566905,1187.8984375,642.22607421875,54.064059257507324,-0.03897504508495331,-0.02107148990035057,28.702752685546898
410.3,1896,-25.163423538208008,0.47016188502311707,16.936811447143555,70.2491455078125,13040.449242903313,1189.7965087890625,642.0496215820312,53.96297574043274,-0.039192333817481995,-0.021149350330233574,28.700860595703148
410.4,1896,-25.262365341186523,0.4701843857765198,16.93531036376953,70.44876098632812,13037.646934676803,1193.0716552734375,641.9423828125,53.80585193634033,-0.039353013038635254,-0.021174224093556404,28.699731445312523
410.5,1896,-25.312864303588867,0.47275975346565247,16.932586669921875,70.79883575439453,13023.07703013306,1198.807373046875,644.7371826171875,53.781551122665405,-0.03926074877381325,-0.02111503854393959,28.699029541015648
410.6,1896,-25.139095306396484,0.4738195836544037,16.93376922607422,71.01773071289062,13028.617533877072,1202.597900390625,646.4574584960938,53.755080699920654,-0.038887470960617065,-0.020903991535305977,28.698358154296898
410.7,1896,-25.147045135498047,0.47207871079444885,16.93625831604004,71.00140380859375,13049.909947381831,1202.4981689453125,645.1348876953125,53.6495566368103,-0.038979511708021164,-0.02091233618557453,28.696588134765648
410.8,1896,-25.20351219177246,0.471115380525589,16.936641693115234,70.97164916992188,13063.860872862231,1202.0213623046875,644.5067138671875,53.618574142456055,-0.0391051210463047,-0.020967606455087662,28.694604492187523
410.9,1896,-25.220090866088867,0.47208279371261597,16.93661880493164,70.94403839111328,13066.97558483446,1201.5521240234375,645.984130859375,53.7624716758728,-0.039041344076395035,-0.020989593118429184,28.694207763671898
411,1896,-25.230880737304688,0.4723372757434845,16.936012268066406,70.9468765258789,13068.46533105471,1201.55712890625,646.4060668945312,53.797364234924316,-0.03903255611658096,-0.020998485386371613,28.692498779296898
411.1,1896,-25.204242706298828,0.4719235301017761,16.934938430786133,70.96682739257812,13067.267006239046,1201.81884765625,645.7806396484375,53.73360514640808,-0.039029110223054886,-0.02097174897789955,28.690423583984398
411.2,1896,-25.177722930908203,0.4710054397583008,16.934846878051758,70.98711395263672,13065.33779654068,1202.1558837890625,644.4291381835938,53.606122732162476,-0.039069805294275284,-0.020943809300661087,28.689447021484398
411.3,1896,-25.167991638183594,0.4715701937675476,16.933622360229492,71.07806396484375,13061.873378882947,1203.609130859375,645.03076171875,53.59138250350952,-0.03901828080415726,-0.020910436287522316,28.688775634765648
411.4,1896,-25.15360450744629,0.47204023599624634,16.933258056640625,71.15624237060547,13063.412083899168,1204.906982421875,645.749755859375,53.5933256149292,-0.038952555507421494,-0.020875971764326096,28.686914062500023
411.5,1896,-25.121923446655273,0.47244808077812195,16.933124542236328,71.18647003173828,13064.328312795189,1205.4093017578125,646.35302734375,53.621041774749756,-0.03886718675494194,-0.02084098942577839,28.684686279296898
411.6,1896,-25.161989212036133,0.4715707004070282,16.9317684173584,71.27173614501953,13061.449069317867,1206.756591796875,645.010498046875,53.449928760528564,-0.03901020064949989,-0.020850924775004387,28.684472656250023
411.7,1896,-25.260278701782227,0.4711620509624481,16.930051803588867,71.43106079101562,13053.393016009459,1209.33154296875,644.0540771484375,53.25703024864197,-0.039220742881298065,-0.02088780328631401,28.683099365234398
411.8,1896,-25.26561164855957,0.47279244661331177,16.92975616455078,71.56758117675781,13049.024026311887,1211.6217041015625,646.06640625,53.32245230674744,-0.0391068309545517,-0.020852722227573395,28.681329345703148
411.9,1896,-25.23845672607422,0.4742845594882965,16.929969787597656,71.64918518066406,13051.689949321051,1213.0185546875,648.23779296875,53.44005823135376,-0.038933947682380676,-0.02080632373690605,28.680047607421898
412,1896,-25.167531967163086,0.47308585047721863,16.929365158081055,71.71468353271484,13055.694079420078,1214.0841064453125,646.7977905273438,53.274548053741455,-0.03891097381711006,-0.02072964608669281,28.679345703125023
412.1,1896,-25.11155128479004,0.4727172553539276,16.928638458251953,71.77066802978516,13058.30521520518,1214.979736328125,646.4231567382812,53.20444107055664,-0.038846924901008606,-0.020668288692831993,28.678887939453148
412.2,1896,-25.128114700317383,0.4722645580768585,16.929079055786133,71.7901382446289,13066.173593129035,1215.3409423828125,646.1932373046875,53.16970944404602,-0.038886379450559616,-0.020675774663686752,28.678125000000023
412.3,1896,-25.111812591552734,0.4728914201259613,16.929229736328125,71.73247528076172,13073.195683293969,1214.3756103515625,647.398681640625,53.311240673065186,-0.03878879174590111,-0.02067878656089306,28.676782226562523
412.4,1896,-25.040498733520508,0.47198429703712463,16.930112838745117,71.5969467163086,13085.11132168473,1212.1444091796875,646.7457885742188,53.35550308227539,-0.03871768340468407,-0.020658016204833984,28.675805664062523
412.5,1896,-24.930204391479492,0.4708843231201172,16.930084228515625,71.43107604980469,13092.576372384636,1209.3341064453125,645.6066284179688,53.38529348373413,-0.038615163415670395,-0.02061481960117817,28.675622558593773
412.6,1896,-24.902645111083984,0.4698701798915863,16.93019676208496,71.22046661376953,13099.907369238432,1205.7764892578125,644.576904296875,53.457409143447876,-0.03863409534096718,-0.020652785897254944,28.675805664062523
412.7,1896,-24.80698013305664,0.4686245918273926,16.929718017578125,71.01818084716797,13100.5088630175,1202.3177490234375,642.897705078125,53.471529483795166,-0.03858620300889015,-0.020632632076740265,28.675622558593773
412.8,1896,-24.8255672454834,0.4671843647956848,16.929481506347656,70.86808013916016,13101.838910308037,1199.7598876953125,640.9869384765625,53.42627167701721,-0.03873022273182869,-0.020692113786935806,28.675408935546898
412.9,1896,-24.822921752929688,0.46657973527908325,16.92908477783203,70.72340393066406,13099.288390175088,1197.282470703125,640.03271484375,53.457123041152954,-0.038783829659223557,-0.02073271945118904,28.676080322265648
413,1896,-24.890443801879883,0.46657440066337585,16.9267520904541,70.69027709960938,13089.563075061205,1196.5567626953125,639.5502319335938,53.44921946525574,-0.038918666541576385,-0.02080172300338745,28.676538085937523
413.1,1896,-24.925687789916992,0.46796420216560364,16.922435760498047,70.839599609375,13067.143443563502,1198.778564453125,640.3566284179688,53.417426347732544,-0.038924697786569595,-0.02079256996512413,28.676507568359398
413.2,1896,-24.977155685424805,0.4670189321041107,16.921615600585938,70.95682525634766,13059.01861480361,1200.7041015625,638.665771484375,53.19093465805054,-0.039108335971832275,-0.02080208994448185,28.677606201171898
413.3,1896,-25.070974349975586,0.4667454659938812,16.922277450561523,70.97100067138672,13062.836235203702,1200.990966796875,638.4783935546875,53.162628412246704,-0.03926675394177437,-0.020875239744782448,28.678887939453148
413.4,1896,-25.055681228637695,0.46766865253448486,16.921009063720703,71.00414276123047,13063.744304300397,1201.4617919921875,639.7857055664062,53.25061082839966,-0.039162613451480865,-0.02085433155298233,28.679925537109398
413.5,1896,-24.932716369628906,0.467532217502594,16.920116424560547,71.0229263305664,13067.026875001666,1201.7161865234375,639.7598266601562,53.23718190193176,-0.038971997797489166,-0.0207475908100605,28.680291748046898
413.6,1896,-24.894357681274414,0.4667435586452484,16.91954803466797,71.02177429199219,13066.46618021924,1201.6563720703125,638.6531982421875,53.14774513244629,-0.038979459553956985,-0.020716702565550804,28.680291748046898
413.7,1896,-24.896188735961914,0.4665997326374054,16.91927719116211,70.98754119873047,13067.255349382864,1201.057861328125,638.4949951171875,53.161048889160156,-0.03899198770523071,-0.020728550851345062,28.680230712890648
413.8,1896,-24.843996047973633,0.46611112356185913,16.91954803466797,70.92127990722656,13073.422991989546,1199.9560546875,638.1273803710938,53.17923426628113,-0.03893265873193741,-0.020704088732600212,28.680230712890648
413.9,1896,-24.89410972595215,0.4659918248653412,16.919559478759766,70.79951477050781,13078.034444295734,1197.8966064453125,638.1890869140625,53.27581167221069,-0.03900741785764694,-0.020781517028808594,28.680108642578148
414,1896,-24.91083335876465,0.4669434130191803,16.916471481323242,70.86079406738281,13069.448004030977,1198.714599609375,639.072509765625,53.313148021698,-0.0389796681702137,-0.02078128792345524,28.680108642578148
414.1,1896,-24.89076805114746,0.46611925959587097,16.9167537689209,70.82032012939453,13069.331435469143,1198.0499267578125,637.9388427734375,53.248101472854614,-0.039017483592033386,-0.020776068791747093,28.680139160156273
414.2,1896,-25.02958869934082,0.46587538719177246,16.913005828857422,70.94830322265625,13055.754695072234,1199.9490966796875,636.9426879882812,53.080809116363525,-0.03929645195603371,-0.020858876407146454,28.679528808593773
414.3,1896,-24.733421325683594,0.40116456151008606,17.124374389648438,61.619834899902344,12940.822755845511,1055.201171875,543.64208984375,51.52023434638977,-0.04549578204751015,-0.02343953214585781,28.679101562500023
414.4,1896,-19.428646087646484,0.19402921199798584,17.317964553833008,32.840328216552734,11291.70866059751,568.7276611328125,229.4327392578125,40.34141004085541,-0.08468122780323029,-0.03416160121560097,28.678857421875023
414.5,1896,-13.588506698608398,0.08570796996355057,17.21198844909668,17.496315002441406,9191.59079961034,301.1463623046875,82.49744415283203,27.39446759223938,-0.1647142767906189,-0.045122597366571426,28.679467773437523
414.6,1896,-9.121018409729004,0.027515772730112076,17.11459732055664,9.324748992919922,7319.610436675842,159.58932495117188,21.091054916381836,13.21583092212677,-0.4324590861797333,-0.05715306103229523,28.679406738281273
414.7,1896,-5.961915016174316,-0.0030165710486471653,17.0541934967041,4.944530963897705,5804.6673389426005,84.32498931884766,-1.833662986755371,-2.1745190024375916,3.251368999481201,-0.07070164382457733,28.678704833984398
414.8,1896,-3.909914016723633,-0.01929306611418724,17.019956588745117,2.605205535888672,4616.012468327003,44.340484619140625,-9.326030731201172,-21.03276699781418,0.4192473888397217,-0.0881793275475502,28.677758789062523
414.9,1896,-2.5673773288726807,-0.02685379981994629,17.00109100341797,1.3632742166519165,3682.4224335479344,23.177148818969727,-10.355425834655762,-44.679465889930725,0.2479258030653,-0.11077192425727844,28.677545166015648
415,1896,-1.6845141649246216,-0.029797883704304695,16.990781784057617,0.7172724008560181,2945.9804360791363,12.187018394470215,-9.192717552185059,-75.43039917945862,0.18324442207813263,-0.13822200894355774,28.678094482421898
415.1,1896,-1.1027343273162842,-0.030520737171173096,16.98518180847168,0.3501057028770447,2361.803645425217,5.946609020233154,-7.548617839813232,-126.93986892700195,0.1460842788219452,-0.18543918430805206,28.680261230468773
415.2,1896,-0.7346322536468506,-0.029693685472011566,16.982072830200195,0.1598639041185379,1899.8068814622106,2.714820384979248,-5.9074788093566895,-200,0.12435630708932877,-0.27060067653656006,28.682397460937523
415.3,1896,-0.49887698888778687,-0.028302494436502457,16.980365753173828,0.05609753727912903,1528.564279894349,0.9525567293167114,-4.530405044555664,-200,0.11011752486228943,-0.5237241983413696,28.686486816406273
415.4,1896,-0.34098729491233826,-0.026868479326367378,16.97944450378418,-0.001889277365989983,1230.465682374534,-0.032078880816698074,-3.4621126651763916,200,0.09849110245704651,5,28.691339111328148
415.5,1896,-0.23643530905246735,-0.025296302512288094,16.9788818359375,-0.03563125804066658,987.4633613166791,-0.6049789190292358,-2.6158127784729004,200,0.09038694202899933,0.390815794467926,28.696771240234398
415.6,1896,-0.16999268531799316,-0.023571573197841644,16.978588104248047,-0.045169536024332047,793.7594878765221,-0.766914963722229,-1.9593234062194824,200,0.08676091581583023,0.22165781259536743,28.703057861328148
415.7,1896,-0.1294727772474289,-0.02215217426419258,16.97837257385254,-0.05230312421917915,640.4845058947488,-0.8880219459533691,-1.4857769012451172,167.31308698654175,0.08714146167039871,0.14579907059669495,28.709588623046898
415.8,1896,-0.10411081463098526,-0.02044140361249447,16.978256225585938,-0.05845031514763832,514.2716805241309,-0.9923844337463379,-1.1008596420288086,110.93076467514038,0.0945722907781601,0.10490976274013519,28.716088867187523
415.9,1896,-0.0912952870130539,-0.019395679235458374,16.97810935974121,-0.055848971009254456,477.8738392170242,-0.9482099413871765,-0.9706147313117981,102.36284732818604,0.09405924379825592,0.09628172218799591,28.722863769531273
416,1896,-0.08392247557640076,-0.018863363191485405,16.978071212768555,-0.04979032278060913,441.47599790991745,-0.8453436493873596,-0.8720769882202148,103.16243171691895,0.09623286873102188,0.09927616268396378,28.729425048828148
416.1,1896,-0.07749854773283005,-0.01720254495739937,16.978031158447266,-0.04975970834493637,405.07815660281074,-0.8448218703269958,-0.7297265529632568,86.37638092041016,0.10620217770338058,0.09173359721899033,28.735528564453148
416.2,1896,-0.07520251721143723,-0.016050277277827263,16.978069305419922,-0.07042790949344635,368.6803517233796,-1.1957299709320068,-0.6196709871292114,51.823657751083374,0.12135878950357437,0.06289256364107132,28.741418457031273
416.3,1896,-0.07224100828170776,-0.014561730436980724,16.977746963500977,-0.05677405744791031,332.2825104162729,-0.9638955593109131,-0.5066978931427002,52.56771445274353,0.14257214963436127,0.07494692504405975,28.747613525390648
416.4,1896,-0.07154649496078491,-0.01360124908387661,16.977779388427734,-0.036705050617456436,295.88466910916617,-0.6231702566146851,-0.42143428325653076,67.62747168540955,0.1697690337896347,0.114810511469841,28.753625488281273
416.5,1896,-0.07149995118379593,-0.013429938815534115,16.977807998657227,-0.03249795362353325,259.4868460158972,-0.5517440438270569,-0.36493709683418274,66.14246368408203,0.1959240436553955,0.1295889914035797,28.759362792968773
416.6,1896,-0.06977255642414093,-0.012906298041343689,16.97811508178711,-0.06646665185689926,223.0890047087905,-1.1284784078598022,-0.3015146851539612,26.718690991401672,0.2314068228006363,0.06182887777686119,28.764855957031273
416.7,1896,-0.07200433313846588,-0.012748741544783115,16.978042602539062,-0.08129215240478516,186.69118161552154,-1.3801816701889038,-0.24924114346504211,18.058575689792633,0.2888942360877991,0.05217018723487854,28.770776367187523
416.8,1896,-0.07144518941640854,-0.012598232366144657,16.977901458740234,-0.09226622432470322,150.29334030841483,-1.5664868354797363,-0.19827957451343536,12.657596170902252,0.36032551527023315,0.04560854658484459,28.775903320312523
416.9,1896,-0.0721442773938179,-0.012608520686626434,16.977783203125,-0.08455958217382431,113.89553542898368,-1.4356342554092407,-0.15038324892520905,10.47503873705864,0.4797361493110657,0.05025254562497139,28.781335449218773
417,1896,-0.07299398630857468,-0.01253561582416296,16.977785110473633,-0.08999934792518616,77.49765769420138,-1.5279896259307861,-0.1017332375049591,6.657979637384415,0.7175037860870361,0.047771260142326355,28.786035156250023
417.1,1896,-0.07161816954612732,-0.01250527985394001,16.97777557373047,-0.09182032197713852,41.09985281477022,-1.558904767036438,-0.05382230505347252,3.4525714814662933,1.3306410312652588,0.04594133421778679,28.791131591796898
417.2,1896,-0.07355520874261856,-0.01248246617615223,16.977664947509766,-0.09971556812524796,4.7020115076634985,-1.6929374933242798,-0.006146285217255354,0.3630544524639845,5,0.043448273092508316,28.795617675781273
417.3,1896,-0.0728021189570427,-0.012535404413938522,16.977624893188477,-0.07847773283720016,0,-1.3323655128479004,0,0,0,0.054641250520944595,28.800622558593773
417.4,1896,-0.072354756295681,-0.012587644159793854,16.977598190307617,-0.06827537715435028,0,-1.1591519117355347,0,0,0,0.062420424073934555,28.806115722656273
417.5,1896,-0.07430426776409149,-0.012573596090078354,16.977542877197266,-0.06249513104557991,0,-1.0610138177871704,0,0,0,0.07003138959407806,28.812005615234398
417.6,1896,-0.0726243406534195,-0.012576536275446415,16.977554321289062,-0.06826481968164444,0,-1.1589696407318115,0,0,0,0.06266284734010696,28.818353271484398
417.7,1896,-0.07340259850025177,-0.012493197806179523,16.977296829223633,-0.0415477454662323,0,-0.7053683996200562,0,0,0,0.10406278073787689,28.824243164062523
417.8,1896,-0.07517216354608536,-0.012580279260873795,16.97724723815918,-0.028254162520170212,0,-0.4796779155731201,0,0,0,0.1567138284444809,28.830346679687523
417.9,1896,-0.07307720929384232,-0.012526797130703926,16.977331161499023,-0.020483285188674927,0,-0.34775152802467346,0,0,0,0.21014203131198883,28.836724853515648
418,1896,-0.07363815605640411,-0.012544522061944008,16.9774169921875,-0.011761536821722984,0,-0.19968052208423615,0,0,0,0.36877986788749695,28.842340087890648
418.1,1896,-0.07297021150588989,-0.01252846047282219,16.977479934692383,-0.005194641649723053,0,-0.0881919264793396,0,0,0,0.8274024128913879,28.848107910156273
418.2,1896,-0.0717255249619484,-0.012500938028097153,16.977487564086914,0.0013311277143657207,0,0.022599203512072563,0,0,0,-3.1738076210021973,28.853112792968773
418.3,1896,-0.07225973904132843,-0.012575086206197739,16.97750473022461,0.0004895091406069696,0,0.008310643956065178,0,0,0,-5,28.858117675781273
418.4,1896,-0.07090550661087036,-0.012627150863409042,16.97751808166504,-0.0050594741478562355,0,-0.08589731156826019,0,0,0,0.8254682421684265,28.862939453125023
418.5,1896,-0.07161588221788406,-0.01264211069792509,16.97750473022461,-0.015216445550322533,0,-0.2583372890949249,0,0,0,0.2772185504436493,28.867944335937523
418.6,1896,-0.07196759432554245,-0.012635697610676289,16.97749137878418,0.0008176669362001121,0,0.013881932944059372,0,0,0,-5,28.872796630859398
418.7,1896,-0.07071242481470108,-0.01263767946511507,16.97748374938965,-0.02109929919242859,0,-0.35821300745010376,0,0,0,0.19740328192710876,28.877191162109398
418.8,1896,-0.0721801295876503,-0.012635976076126099,16.977474212646484,-0.025245346128940582,0,-0.4286022186279297,0,0,0,0.16840820014476776,28.881982421875023
418.9,1896,-0.07210226356983185,-0.012622682377696037,16.977474212646484,-0.025045245885849,0,-0.4252050220966339,0,0,0,0.16957058012485504,28.886315917968773
419,1896,-0.07259896397590637,-0.012631555087864399,16.97747802734375,-0.018244722858071327,0,-0.30974939465522766,0,0,0,0.23437969386577606,28.891290283203148
419.1,1896,-0.0736447423696518,-0.012661011889576912,16.977497100830078,-0.013675016351044178,0,-0.2321675568819046,0,0,0,0.31720516085624695,28.896142578125023
419.2,1896,-0.07288152724504471,-0.012680575251579285,16.97747230529785,-0.009219499304890633,0,-0.15652379393577576,0,0,0,0.4656258523464203,28.901330566406273
419.3,1896,-0.07433902472257614,-0.012675588950514793,16.977479934692383,-0.009199128486216068,0,-0.15617801249027252,0,0,0,0.47598904371261597,28.907159423828148
419.4,1896,-0.07322338968515396,-0.012600772082805634,16.97748374938965,-0.008817242458462715,0,-0.14969459176063538,0,0,0,0.48915186524391174,28.912744140625023
419.5,1896,-0.07319355756044388,-0.012586679309606552,16.977502822875977,-0.0078119803220033646,0,-0.1326279193162918,0,0,0,0.5518714189529419,28.918786621093773
419.6,1896,-0.07460467517375946,-0.012614546343684196,16.977481842041016,-0.018335973843932152,0,-0.311298668384552,0,0,0,0.2396562695503235,28.923760986328148
419.7,1896,-0.07303998619318008,-0.012621985748410225,16.97764015197754,-0.04379836097359657,0,-0.7435927987098694,0,0,0,0.09822577983140945,28.929559326171898
419.8,1896,-0.07526098191738129,-0.012574343010783195,16.9776554107666,-0.057489216327667236,0,-0.9760320782661438,0,0,0,0.07710912823677063,28.935510253906273
419.9,1896,-0.07487230002880096,-0.012617777101695538,16.977529525756836,-0.07853402942419052,0,-1.3333138227462769,0,0,0,0.05615504831075668,28.941308593750023
420,1896,-0.07442264258861542,-0.012600047513842583,16.977445602416992,-0.08351146429777145,0,-1.417811393737793,0,0,0,0.052491217851638794,28.947869873046898
420.1,1896,-0.07614734768867493,-0.012600031681358814,16.97747230529785,-0.08248446881771088,0,-1.4003777503967285,0,0,0,0.05437628924846649,28.954827880859398
420.2,1896,-0.075025275349617,-0.012588614597916603,16.977447509765625,-0.08290964365005493,0,-1.407594084739685,0,0,0,0.05330036208033562,28.960778808593773
420.3,1896,-0.0761612132191658,-0.012607919052243233,16.97740364074707,-0.0931817814707756,0,-1.5819847583770752,0,0,0,0.048142824321985245,28.966577148437523
420.4,1896,-0.07594370096921921,-0.01267222873866558,16.97742462158203,-0.09025850147008896,0,-1.532356858253479,0,0,0,0.0495600588619709,28.971826171875023
420.5,1896,-0.07470685988664627,-0.012631485238671303,16.977466583251953,-0.09711208939552307,0,-1.6487172842025757,0,0,0,0.04531211033463478,28.977410888671898
420.6,1896,-0.07634209096431732,-0.01266100537031889,16.977479934692383,-0.08815392851829529,0,-1.4966315031051636,0,0,0,0.051009275019168854,28.982354736328148
420.7,1896,-0.07526800036430359,-0.01264118030667305,16.977428436279297,-0.08321664482355118,0,-1.4128046035766602,0,0,0,0.053275588899850845,28.986199951171898
420.8,1896,-0.0760808065533638,-0.012619465589523315,16.97739028930664,-0.0914803221821785,0,-1.553097128868103,0,0,0,0.04898650944232941,28.990167236328148
420.9,1896,-0.07653091102838516,-0.012692967429757118,16.97736167907715,-0.09079000353813171,0,-1.541374683380127,0,0,0,0.04965107515454292,28.993432617187523
421,1896,-0.07494494318962097,-0.012682545930147171,16.977354049682617,-0.09408318996429443,0,-1.5972836017608643,0,0,0,0.04692024737596512,28.997033691406273
421.1,1896,-0.07660752534866333,-0.012665643356740475,16.977283477783203,-0.09795904904603958,0,-1.6630785465240479,0,0,0,0.046063683927059174,28.999871826171898
421.2,1896,-0.07579326629638672,-0.012683852575719357,16.977285385131836,-0.10310778766870499,0,-1.7504903078079224,0,0,0,0.04329830780625343,29.003045654296898
421.3,1896,-0.07592466473579407,-0.012642990797758102,16.977312088012695,-0.11059897392988205,0,-1.8776732683181763,0,0,0,0.04043550416827202,29.006250000000023
421.4,1896,-0.07576429098844528,-0.012669469229876995,16.977285385131836,-0.11110180616378784,0,-1.886207103729248,0,0,0,0.040167536586523056,29.009149169921898
421.5,1896,-0.07466378808021545,-0.012639001943171024,16.977275848388672,-0.10934961587190628,0,-1.8564585447311401,0,0,0,0.04021839797496796,29.013055419921898
421.6,1896,-0.07608658075332642,-0.012647570110857487,16.97726821899414,-0.10985010862350464,0,-1.8649547100067139,0,0,0,0.04079808294773102,29.018273925781273
421.7,1896,-0.07505983859300613,-0.012713389471173286,16.97724151611328,-0.11170542240142822,0,-1.8964499235153198,0,0,0,0.039579130709171295,29.023889160156273
421.8,1896,-0.0749322921037674,-0.01262817531824112,16.97724723815918,-0.11893267184495926,0,-2.0191493034362793,0,0,0,0.0371108204126358,29.030999755859398
421.9,1896,-0.07534435391426086,-0.012678789906203747,16.977237701416016,-0.11845611035823822,0,-2.0110576152801514,0,0,0,0.037465039640665054,29.038262939453148
422,1896,-0.07351437211036682,-0.012680916115641594,16.9771785736084,-0.1085708737373352,0,-1.8432271480560303,0,0,0,0.03988351300358772,29.045129394531273
422.1,1896,-0.07461242377758026,-0.012691333889961243,16.97718620300293,-0.11566249281167984,0,-1.9636236429214478,0,0,0,0.03799731284379959,29.051385498046898
422.2,1896,-0.07408811151981354,-0.012763208709657192,16.9771785736084,-0.09728152304887772,0,-1.6515657901763916,0,0,0,0.04485931620001793,29.056695556640648
422.3,1896,-0.07377892732620239,-0.012774656526744366,16.977170944213867,-0.09646844863891602,0,-1.6377613544464111,0,0,0,0.04504864290356636,29.061151123046898
422.4,1896,-0.07490904629230499,-0.012783905491232872,16.97718620300293,-0.07725929468870163,0,-1.3116453886032104,0,0,0,0.057110745459795,29.066064453125023
422.5,1896,-0.07436937838792801,-0.012774241156876087,16.977203369140625,-0.08251973986625671,0,-1.4009543657302856,0,0,0,0.05308479443192482,29.070550537109398
422.6,1896,-0.07658398896455765,-0.012808162719011307,16.977209091186523,-0.09479997307062149,0,-1.6094390153884888,0,0,0,0.047584276646375656,29.074456787109398
422.7,1896,-0.0755714401602745,-0.012817371636629105,16.97718048095703,-0.09190721064805984,0,-1.560325264930725,0,0,0,0.04843313246965408,29.078240966796898
422.8,1896,-0.07530299574136734,-0.012767026200890541,16.9771671295166,-0.09798188507556915,0,-1.6634548902511597,0,0,0,0.045269034802913666,29.082208251953148
422.9,1896,-0.07622360438108444,-0.012747705914080143,16.977210998535156,-0.10174426436424255,0,-1.727333903312683,0,0,0,0.04412789270281792,29.085656738281273
423,1896,-0.07483626902103424,-0.012728027068078518,16.977197647094727,-0.10142441093921661,0,-1.7219022512435913,0,0,0,0.0434613898396492,29.088372802734398
423.1,1896,-0.0758446604013443,-0.012708300724625587,16.977190017700195,-0.11028845608234406,0,-1.8723881244659424,0,0,0,0.040506914258003235,29.091699218750023
423.2,1896,-0.07452621310949326,-0.01274718064814806,16.977174758911133,-0.10937029123306274,0,-1.856798529624939,0,0,0,0.04013694077730179,29.094323730468773
423.3,1896,-0.07364557683467865,-0.012675640173256397,16.97718048095703,-0.10079361498355865,0,-1.7111914157867432,0,0,0,0.04303760454058647,29.096185302734398
423.4,1896,-0.07543712854385376,-0.012704187072813511,16.977188110351562,-0.10061120986938477,0,-1.7080954313278198,0,0,0,0.044164467602968216,29.098046875000023
423.5,1896,-0.07495558261871338,-0.01269739493727684,16.977182388305664,-0.10477357357740402,0,-1.7787600755691528,0,0,0,0.04213923215866089,29.100244140625023
423.6,1896,-0.07574588805437088,-0.01267727930098772,16.9771728515625,-0.10130812227725983,0,-1.7199255228042603,0,0,0,0.04404021427035332,29.101922607421898
423.7,1896,-0.07510823756456375,-0.012676608748733997,16.97719955444336,-0.109275221824646,0,-1.8551872968673706,0,0,0,0.040485531091690063,29.104638671875023
423.8,1896,-0.07488316297531128,-0.012635893188416958,16.977216720581055,-0.10509724915027618,0,-1.7842587232589722,0,0,0,0.041968777775764465,29.106042480468773
423.9,1896,-0.07637839764356613,-0.012683862820267677,16.977256774902344,-0.08674197643995285,0,-1.4726407527923584,0,0,0,0.05186491832137108,29.107995605468773
424,1896,-0.07470832765102386,-0.012662239372730255,16.977182388305664,-0.10221157222986221,0,-1.735264539718628,0,0,0,0.04305298998951912,29.110040283203148
424.1,1896,-0.07568459212779999,-0.012680692598223686,16.97698211669922,-0.07127755880355835,0,-1.2100778818130493,0,0,0,0.06254522502422333,29.110528564453148
424.2,1896,-0.07628080993890762,-0.012699882499873638,16.976911544799805,-0.0602789968252182,0,-1.0233511924743652,0,0,0,0.07454020529985428,29.111962890625023
424.3,1896,-0.07578285783529282,-0.012684391811490059,16.976978302001953,-0.046548109501600266,0,-0.7902462482452393,0,0,0,0.09589777886867523,29.114007568359398
424.4,1896,-0.0774153396487236,-0.012765736319124699,16.97705841064453,-0.03419506922364235,0,-0.5805317163467407,0,0,0,0.13335247337818146,29.114953613281273
424.5,1896,-0.07655900716781616,-0.012771785259246826,16.977174758911133,-0.023258792236447334,0,-0.3948685824871063,0,0,0,0.19388477504253387,29.115747070312523
424.6,1896,-0.07633135467767715,-0.012690966948866844,16.9771785736084,-0.03225052356719971,0,-0.5475229024887085,0,0,0,0.13941216468811035,29.117608642578148
424.7,1896,-0.0770627111196518,-0.012750374153256416,16.977182388305664,-0.029255595058202744,0,-0.49667757749557495,0,0,0,0.15515641868114471,29.119653320312523
424.8,1896,-0.07608481496572495,-0.01268948707729578,16.977191925048828,-0.035326696932315826,0,-0.5997481346130371,0,0,0,0.12686128914356232,29.119989013671898
424.9,1896,-0.07695205509662628,-0.012694953940808773,16.977214813232422,-0.031782835721969604,0,-0.5395840406417847,0,0,0,0.14261366426944733,29.121118164062523
425,1893,-0.07598412036895752,-0.012735516764223576,16.977630615234375,-0.04887641966342926,0,-0.8298057913780212,0,0,0,0.09156855940818787,29.123956298828148
425.1,1893,-0.07699210941791534,-0.012708297930657864,16.977624893188477,-0.06025775521993637,0,-1.023033618927002,0,0,0,0.07525863498449326,29.125573730468773
425.2,1893,-0.07624650746583939,-0.01273749116808176,16.977476119995117,-0.07719198614358902,0,-1.3105250597000122,0,0,0,0.05818011984229088,29.128137207031273
425.3,1893,-0.07462193071842194,-0.01275491714477539,16.977445602416992,-0.09591080993413925,0,-1.628320574760437,0,0,0,0.04582754150032997,29.129388427734398
425.4,1893,-0.07541301846504211,-0.012757942080497742,16.97740936279297,-0.09813371300697327,0,-1.6660562753677368,0,0,0,0.045264389365911484,29.130029296875023
425.5,1893,-0.07408609986305237,-0.012765497900545597,16.977380752563477,-0.1055372878909111,0,-1.791746735572815,0,0,0,0.04134853556752205,29.130517578125023
425.6,1893,-0.07562362402677536,-0.012766893021762371,16.977340698242188,-0.10200972855091095,0,-1.73185396194458,0,0,0,0.043666284531354904,29.131341552734398
425.7,1893,-0.07682544738054276,-0.012810906395316124,16.977354049682617,-0.10149204730987549,0,-1.7230664491653442,0,0,0,0.04458646848797798,29.132165527343773
425.8,1893,-0.07491274923086166,-0.01281016692519188,16.977291107177734,-0.0872998833656311,0,-1.4821155071258545,0,0,0,0.05054447427392006,29.132592773437523
425.9,1893,-0.07627908885478973,-0.012848885729908943,16.977249145507812,-0.09108861535787582,0,-1.5464341640472412,0,0,0,0.049325793981552124,29.133264160156273
426,1896,-0.07544303685426712,-0.01283405814319849,16.977203369140625,-0.10136673599481583,0,-1.720923662185669,0,0,0,0.04383868724107742,29.133691406250023
426.1,1896,-0.07641911506652832,-0.012801751494407654,16.977214813232422,-0.100091852247715,0,-1.699280858039856,0,0,0,0.044971443712711334,29.133874511718773
426.2,1896,-0.07738133519887924,-0.012847192585468292,16.97718048095703,-0.09885097295045853,0,-1.6782108545303345,0,0,0,0.04610942304134369,29.133508300781273
426.3,1896,-0.0761476680636406,-0.012853065505623817,16.977190017700195,-0.11383715271949768,0,-1.932634949684143,0,0,0,0.03940095752477646,29.133111572265648
426.4,1896,-0.07652874290943146,-0.012826144695281982,16.97718048095703,-0.10728228837251663,0,-1.8213508129119873,0,0,0,0.04201757535338402,29.132257080078148
426.5,1896,-0.07585922628641129,-0.012864592485129833,16.977169036865234,-0.10894738882780075,0,-1.8496181964874268,0,0,0,0.0410134494304657,29.131982421875023
426.6,1896,-0.07493529468774796,-0.01282764133065939,16.97718620300293,-0.10744937509298325,0,-1.824187994003296,0,0,0,0.04107871279120445,29.131311035156273
426.7,1896,-0.07750682532787323,-0.012869092635810375,16.977176666259766,-0.10236445814371109,0,-1.7378594875335693,0,0,0,0.0445990189909935,29.130975341796898
426.8,1896,-0.07562507688999176,-0.012887104414403439,16.9771785736084,-0.10139496624469757,0,-1.721400499343872,0,0,0,0.043932296335697174,29.130212402343773
426.9,1896,-0.07599806040525436,-0.012813710607588291,16.97720718383789,-0.09583094716072083,0,-1.6269418001174927,0,0,0,0.04671221598982811,29.129785156250023
427,1896,-0.07640033960342407,-0.012863308191299438,16.977224349975586,-0.10027521103620529,0,-1.702394723892212,0,0,0,0.04487815871834755,29.129663085937523
427.1,1896,-0.07615555077791214,-0.012842389754951,16.97722625732422,-0.10615348815917969,0,-1.8021917343139648,0,0,0,0.04225718602538109,29.129632568359398
427.2,1896,-0.07724963128566742,-0.012830671854317188,16.977216720581055,-0.11439248919487,0,-1.9420660734176636,0,0,0,0.039777036756277084,29.129754638671898
427.3,1896,-0.07586469501256943,-0.012853371910750866,16.977169036865234,-0.12023819237947464,0,-2.041304111480713,0,0,0,0.03716481849551201,29.129785156250023
427.4,1896,-0.07690508663654327,-0.012821126729249954,16.977205276489258,-0.10475815832614899,0,-1.7785007953643799,0,0,0,0.04324152693152428,29.130334472656273
427.5,1896,-0.07683893293142319,-0.012876734137535095,16.97722053527832,-0.09418240189552307,0,-1.5989553928375244,0,0,0,0.04805570840835571,29.130731201171898
427.6,1896,-0.07569651305675507,-0.012904664501547813,16.977216720581055,-0.09457371383905411,0,-1.6055984497070312,0,0,0,0.047145359218120575,29.130609130859398
427.7,1896,-0.07650553435087204,-0.012927684932947159,16.977272033691406,-0.09047321230173111,0,-1.5359883308410645,0,0,0,0.049808669835329056,29.130792236328148
427.8,1896,-0.07569278031587601,-0.012950710020959377,16.977262496948242,-0.09150046855211258,0,-1.5534274578094482,0,0,0,0.04872630536556244,29.131158447265648
427.9,1896,-0.07651802897453308,-0.012890761718153954,16.97723388671875,-0.08927606046199799,0,-1.5156605243682861,0,0,0,0.05048493668437004,29.131585693359398
428,1896,-0.07750073075294495,-0.012916901148855686,16.97718620300293,-0.09046367555856705,0,-1.5358186960220337,0,0,0,0.05046216398477554,29.132012939453148
428.1,1896,-0.07648104429244995,-0.012762855738401413,16.977188110351562,-0.09307096153497696,0,-1.5800832509994507,0,0,0,0.04840317368507385,29.132440185546898
428.2,1896,-0.0773681104183197,-0.012814631685614586,16.977201461791992,-0.09416862577199936,0,-1.5987197160720825,0,0,0,0.048393793404102325,29.132592773437523
428.3,1896,-0.07681281119585037,-0.012829707004129887,16.977170944213867,-0.10278128832578659,0,-1.7449355125427246,0,0,0,0.044020429253578186,29.132745361328148
428.4,1896,-0.07633841037750244,-0.012799791991710663,16.977182388305664,-0.1034892275929451,0,-1.7569555044174194,0,0,0,0.04344925656914711,29.133538818359398
428.5,1896,-0.07777539640665054,-0.012853918597102165,16.977184295654297,-0.09420878440141678,0,-1.5993999242782593,0,0,0,0.048627860844135284,29.133691406250023
428.6,1896,-0.07710471004247665,-0.012804871425032616,16.977195739746094,-0.09545210003852844,0,-1.6205090284347534,0,0,0,0.047580551356077194,29.134118652343773
428.7,1896,-0.07738310098648071,-0.012833110056817532,16.977190017700195,-0.07970716804265976,0,-1.3532037734985352,0,0,0,0.057185105979442596,29.134240722656273
428.8,1896,-0.07744629681110382,-0.01289898157119751,16.977182388305664,-0.07312484830617905,0,-1.2414538860321045,0,0,0,0.06238354742527008,29.134210205078148
428.9,1896,-0.07611604779958725,-0.012847062200307846,16.977209091186523,-0.07740955054759979,0,-1.3141981363296509,0,0,0,0.0579182431101799,29.134240722656273
429,1896,-0.07798362523317337,-0.012824577279388905,16.977195739746094,-0.07521449029445648,0,-1.2769311666488647,0,0,0,0.06107112765312195,29.134179687500023
429.1,1896,-0.07725180685520172,-0.01292259432375431,16.97721290588379,-0.09050130844116211,0,-1.5364599227905273,0,0,0,0.05027908831834793,29.134179687500023
429.2,1896,-0.07628169655799866,-0.012906897813081741,16.9771728515625,-0.09650684893131256,0,-1.638413429260254,0,0,0,0.04655827209353447,29.133355712890648
429.3,1896,-0.07755481451749802,-0.012906785123050213,16.977170944213867,-0.08992327004671097,0,-1.5266426801681519,0,0,0,0.05080089345574379,29.132531738281273
429.4,1896,-0.07597588747739792,-0.012885628268122673,16.977174758911133,-0.09280743449926376,0,-1.5756080150604248,0,0,0,0.04822004213929176,29.131616210937523
429.5,1896,-0.07776598632335663,-0.012921120971441269,16.9771728515625,-0.10524404793977737,0,-1.7867463827133179,0,0,0,0.043523795902729034,29.129693603515648
429.6,1896,-0.07704820483922958,-0.012873359024524689,16.97718620300293,-0.1026310846209526,0,-1.742387056350708,0,0,0,0.04421991482377052,29.129266357421898
429.7,1896,-0.07649816572666168,-0.012884236872196198,16.97718620300293,-0.0944325178861618,0,-1.6031984090805054,0,0,0,0.04771596938371658,29.129205322265648
429.8,1896,-0.07794635742902756,-0.012887281365692616,16.9771785736084,-0.09333738684654236,0,-1.5846054553985596,0,0,0,0.04918975755572319,29.128076171875023
429.9,1896,-0.07557940483093262,-0.012907731346786022,16.97718048095703,-0.10456375777721405,0,-1.7751977443695068,0,0,0,0.042575202882289886,29.126947021484398
430,1896,-0.07674401998519897,-0.012948129326105118,16.9771728515625,-0.11236973851919174,0,-1.9077204465866089,0,0,0,0.04022812470793724,29.126062011718773
430.1,1896,-0.07652994990348816,-0.012984076514840126,16.9771728515625,-0.10145274549722672,0,-1.7223807573318481,0,0,0,0.04443265497684479,29.124963378906273
430.2,1896,-0.0764092206954956,-0.012975579127669334,16.977176666259766,-0.10801312327384949,0,-1.8337578773498535,0,0,0,0.041668105870485306,29.124505615234398
430.3,1896,-0.07818622887134552,-0.012940987944602966,16.977188110351562,-0.11009447276592255,0,-1.8690946102142334,0,0,0,0.04183107241988182,29.124414062500023
430.4,1896,-0.07703708112239838,-0.012923999689519405,16.977174758911133,-0.10806145519018173,0,-1.8345781564712524,0,0,0,0.041991714388132095,29.124444580078148
430.5,1896,-0.07768483459949493,-0.012924348004162312,16.977176666259766,-0.10576070100069046,0,-1.795518159866333,0,0,0,0.043265972286462784,29.124505615234398
430.6,1896,-0.07851458340883255,-0.012954505160450935,16.977231979370117,-0.09294147789478302,0,-1.577889084815979,0,0,0,0.04975925385951996,29.124414062500023
430.7,1896,-0.07748162001371384,-0.012920133769512177,16.977270126342773,-0.09240082651376724,0,-1.5687137842178345,0,0,0,0.049391813576221466,29.124566650390648
430.8,1896,-0.0779716745018959,-0.01292725931853056,16.977237701416016,-0.1016610786318779,0,-1.7259242534637451,0,0,0,0.04517676308751106,29.124475097656273
430.9,1896,-0.07692883908748627,-0.013003096915781498,16.977205276489258,-0.12326734513044357,0,-2.0927350521087646,0,0,0,0.03675995022058487,29.124536132812523
431,1896,-0.07747004181146622,-0.012960972264409065,16.977203369140625,-0.1262177973985672,0,-2.142825126647949,0,0,0,0.03615322336554527,29.124566650390648
431.1,1896,-0.07854840159416199,-0.012966789305210114,16.977218627929688,-0.11922603100538254,0,-2.0241262912750244,0,0,0,0.03880607709288597,29.124536132812523
431.2,1896,-0.07671739906072617,-0.012960147112607956,16.977258682250977,-0.12706288695335388,0,-2.157179594039917,0,0,0,0.03556375205516815,29.124566650390648
431.3,1896,-0.07807768136262894,-0.012938776053488255,16.977279663085938,-0.12040141224861145,0,-2.044088363647461,0,0,0,0.03819682076573372,29.124353027343773
431.4,1896,-0.07715105265378952,-0.012957046739757061,16.977256774902344,-0.11276809126138687,0,-1.9144928455352783,0,0,0,0.040298428386449814,29.123956298828148
431.5,1896,-0.07648686319589615,-0.012868106365203857,16.97725486755371,-0.10806982219219208,0,-1.8347289562225342,0,0,0,0.04168837144970894,29.123437500000023
431.6,1896,-0.07750684022903442,-0.012873337604105473,16.977249145507812,-0.10607846081256866,0,-1.8009204864501953,0,0,0,0.04303734749555588,29.122491455078148
431.7,1896,-0.07668185979127884,-0.01290034968405962,16.977277755737305,-0.10557343810796738,0,-1.7923495769500732,0,0,0,0.042782869189977646,29.120874023437523
431.8,1896,-0.07734521478414536,-0.012900435365736485,16.97726821899414,-0.10505185276269913,0,-1.7834935188293457,0,0,0,0.043367255479097366,29.119653320312523
431.9,1896,-0.07729951292276382,-0.012888966128230095,16.977243423461914,-0.10452521592378616,0,-1.7745500802993774,0,0,0,0.04356006532907486,29.119653320312523
432,1896,-0.07620172947645187,-0.01292537059634924,16.97725486755371,-0.09564924240112305,0,-1.62386155128479,0,0,0,0.04692624881863594,29.119622802734398
432.1,1896,-0.07843602448701859,-0.012911636382341385,16.97726821899414,-0.09211841225624084,0,-1.563918948173523,0,0,0,0.05015350878238678,29.119622802734398
432.2,1896,-0.07735534757375717,-0.012929842807352543,16.977230072021484,-0.1059231087565422,0,-1.798280954360962,0,0,0,0.04301627352833748,29.119592285156273
432.3,1896,-0.07813325524330139,-0.01296832412481308,16.9771728515625,-0.10637500137090683,0,-1.8059468269348145,0,0,0,0.04326443001627922,29.119165039062523
432.4,1896,-0.08006121963262558,-0.013008033856749535,16.97715950012207,-0.10750994086265564,0,-1.8252134323120117,0,0,0,0.04386403039097786,29.118737792968773
432.5,1896,-0.07894744724035263,-0.012985858134925365,16.977182388305664,-0.09752503037452698,0,-1.6557002067565918,0,0,0,0.04768221080303192,29.118096923828148
432.6,1896,-0.07992634922266006,-0.012970039620995522,16.977182388305664,-0.10772658884525299,0,-1.8288938999176025,0,0,0,0.04370201379060745,29.116998291015648
432.7,1896,-0.08073757588863373,-0.012994951568543911,16.977174758911133,-0.11675603687763214,0,-1.9821876287460327,0,0,0,0.04073154926300049,29.116143798828148
432.8,1896,-0.07979443669319153,-0.012943456880748272,16.977169036865234,-0.11459500342607498,0,-1.9454987049102783,0,0,0,0.0410148985683918,29.114648437500023
432.9,1896,-0.08123789727687836,-0.01300701592117548,16.97716522216797,-0.10977236181497574,0,-1.8636234998703003,0,0,0,0.043591368943452835,29.114648437500023
433,1896,-0.0799468532204628,-0.01300814189016819,16.977170944213867,-0.1066918820142746,0,-1.811326265335083,0,0,0,0.04413719102740288,29.114465332031273
433.1,1896,-0.07986143231391907,-0.012971238233149052,16.977203369140625,-0.10706789791584015,0,-1.8177134990692139,0,0,0,0.043935105204582214,29.114465332031273
433.2,1896,-0.0799701139330864,-0.013014694675803185,16.977245330810547,-0.10994190722703934,0,-1.8665107488632202,0,0,0,0.04284471273422241,29.114434814453148
433.3,1896,-0.07839584350585938,-0.013001920655369759,16.977245330810547,-0.11785522103309631,0,-2.00085711479187,0,0,0,0.03918113186955452,29.114709472656273
433.4,1896,-0.07996690273284912,-0.013044897466897964,16.977218627929688,-0.11847768723964691,0,-2.0114216804504395,0,0,0,0.0397564098238945,29.114648437500023
433.5,1896,-0.0800090953707695,-0.01296631246805191,16.977191925048828,-0.11254154145717621,0,-1.9106394052505493,0,0,0,0.04187555983662605,29.114251708984398
433.6,1896,-0.08015526086091995,-0.01298584509640932,16.9771671295166,-0.11380212754011154,0,-1.9320377111434937,0,0,0,0.04148741811513901,29.113641357421898
433.7,1896,-0.08115338534116745,-0.013073323294520378,16.9771785736084,-0.10665355622768402,0,-1.8106764554977417,0,0,0,0.04481937363743782,29.112542724609398
433.8,1896,-0.0793333351612091,-0.013062691316008568,16.9771728515625,-0.11333680897951126,0,-1.9241385459899902,0,0,0,0.041230570524930954,29.111322021484398
433.9,1896,-0.07979252189397812,-0.013034800067543983,16.977169036865234,-0.11404330283403397,0,-1.9361324310302734,0,0,0,0.041212327778339386,29.110620117187523
434,1896,-0.0794493705034256,-0.013031035661697388,16.977184295654297,-0.10114012658596039,0,-1.7170745134353638,0,0,0,0.04627019166946411,29.109857177734398
434.1,1896,-0.0794779434800148,-0.013036126270890236,16.977197647094727,-0.08995143324136734,0,-1.527123212814331,0,0,0,0.05204422399401665,29.109918212890648
434.2,1896,-0.08001049607992172,-0.012957052327692509,16.9771785736084,-0.10018981248140335,0,-1.7009403705596924,0,0,0,0.0470389798283577,29.109765625000023
434.3,1896,-0.07943183928728104,-0.013037177734076977,16.977184295654297,-0.10038060694932938,0,-1.704180121421814,0,0,0,0.04661000519990921,29.109887695312523
434.4,1896,-0.07867550104856491,-0.013008231297135353,16.9771728515625,-0.09711835533380508,0,-1.6487951278686523,0,0,0,0.04771696776151657,29.109857177734398
434.5,1896,-0.07996074855327606,-0.012998508289456367,16.977170944213867,-0.08963511884212494,0,-1.5217506885528564,0,0,0,0.05254523456096649,29.109857177734398
434.6,1896,-0.07921266555786133,-0.012981854379177094,16.977176666259766,-0.0893184244632721,0,-1.5163747072219849,0,0,0,0.052238188683986664,29.109887695312523
434.7,1896,-0.08038491755723953,-0.013050062581896782,16.97718048095703,-0.08070870488882065,0,-1.3702062368392944,0,0,0,0.05866628885269165,29.109857177734398
434.8,1896,-0.07941851764917374,-0.013088474050164223,16.977170944213867,-0.07146672159433365,0,-1.213302731513977,0,0,0,0.06545647233724594,29.109857177734398
434.9,1896,-0.07871479541063309,-0.013081465847790241,16.977188110351562,-0.07555250078439713,0,-1.2826690673828125,0,0,0,0.06136796995997429,29.109490966796898
435,1896,-0.08022206276655197,-0.013073720037937164,16.977230072021484,-0.08348232507705688,0,-1.417298674583435,0,0,0,0.05660208687186241,29.109704589843773
435.1,1896,-0.07884543389081955,-0.01307119894772768,16.977264404296875,-0.0854174792766571,0,-1.4501551389694214,0,0,0,0.054370343685150146,29.109307861328148
435.2,1896,-0.07916933298110962,-0.013062397949397564,16.977262496948242,-0.0904630571603775,0,-1.5358151197433472,0,0,0,0.05154874175786972,29.109704589843773
435.3,1896,-0.07973382622003555,-0.013079841621220112,16.977222442626953,-0.09860341995954514,0,-1.6740121841430664,0,0,0,0.047630373388528824,29.109552001953148
435.4,1896,-0.07892011851072311,-0.013058324344456196,16.977222442626953,-0.09860341995954514,0,-1.6740121841430664,0,0,0,0.047144290059804916,29.109552001953148
435.5,1896,-0.07892011851072311,-0.013058324344456196,16.977222442626953,-0.09860341995954514,0,-1.6740121841430664,0,0,0,0.047144290059804916,29.109552001953148
