Time (s),Powertrain 1 - ESC throttle (μs),Powertrain 1 - force Fz (thrust) (N),Powertrain 1 - torque MZ (torque) (N⋅m),Powertrain 1 - voltage (V),Powertrain 1 - current (A),Powertrain 1 - rotation speed (rpm),Powertrain 1 - electrical power (W),Powertrain 1 - mechanical power (W),Powertrain 1 - motor & ESC efficiency (%),Powertrain 1 - propeller efficiency (N/W),Powertrain 1 - powertrain efficiency (N/W)
0,1000,-0.000864836445543915,-0.000056769240472931415,16.975339889526367,-0.007124333642423153,0,-0.12093798816204071,0,0,0,0.0071510737761855125
0.1,1000,-0.001354898326098919,-0.000059642108681146055,16.97552490234375,-0.011529039591550827,0,-0.19571149349212646,0,0,0,0.006922936532646418
0.2,1000,-0.0016284247394651175,-0.00014624196046497673,16.975116729736328,-0.0019943024963140488,0,-0.03385351598262787,0,0,0,0.048102084547281265
0.3,1000,-0.0006742705008946359,-0.00013139817747287452,16.975357055664062,0.0011394016910344362,0,0.01934175007045269,0,0,0,-0.03486088290810585
0.4,1000,-0.0012212410802021623,-0.00007530258153565228,16.974660873413086,0.001751223113387823,0,0.029726417735219002,0,0,0,-0.04108268395066261
0.5,1000,-0.0016648152377456427,-0.0000684613551129587,16.975069046020508,0.0030289602000266314,0,0.05141680687665939,0,0,0,-0.03237881138920784
0.6,1000,-0.0009546629735268652,-0.00004785564306075685,16.97525978088379,0.005349906627088785,0,0.09081605821847916,0,0,0,-0.010512051172554493
0.7,1000,-0.0008471570909023285,-0.000035998280509375036,16.97504425048828,0.006539607886224985,0,0.11101013422012329,0,0,0,-0.007631349377334118
0.8,1000,-0.0004568659933283925,0.000029076401915517636,16.975189208984375,0.008813844062387943,0,0.14961667358875275,0,0,0,-0.003053576685488224
0.9,1000,-0.0012648075353354216,0.000018055843611364253,16.9744930267334,0.001588226412422955,0,0.026959337294101715,0,0,0,-0.04691537842154503
1,1000,-0.0006603630026802421,-0.00008590637298766524,16.97557258605957,0.009057541377842426,0,0.15375694632530212,0,0,0,-0.004294849932193756
1.1,1000,-0.0010672030039131641,-0.00008777601033216342,16.97542953491211,0.0027298941276967525,0,0.046341124922037125,0,0,0,-0.023029284551739693
1.2,1000,-0.0015430786879733205,-0.000029003604140598327,16.975717544555664,0.004455549642443657,0,0.07563615590333939,0,0,0,-0.02040133811533451
1.3,1000,-0.0006039068102836609,-0.00005461488399305381,16.97533416748047,-0.010468840599060059,0,-0.1777120679616928,0,0,0,0.003398231929168105
1.4,1000,-0.0007454456645064056,-0.000002459029019519221,16.975019454956055,-0.026354704052209854,0,-0.44737160205841064,0,0,0,0.0016662784619256854
1.5,1000,-0.0010393195552751422,-0.000008382416126551107,16.974803924560547,-0.0339415967464447,0,-0.576151967048645,0,0,0,0.001803898368962109
1.6,1000,-0.0010449113324284554,-0.000027315238185110502,16.97468376159668,-0.02806914784014225,0,-0.4764648973941803,0,0,0,0.002193049993366003
1.7,1000,-0.0009932125685736537,-0.000030889539630152285,16.974395751953125,-0.020787524059414864,0,-0.3528556525707245,0,0,0,0.0028147841803729534
1.8,1000,-0.0008591352961957455,-0.0000472636274935212,16.974924087524414,-0.014312027022242546,0,-0.2429455667734146,0,0,0,0.0035363282077014446
1.9,1000,-0.0014425059780478477,-0.00008663810149300843,16.97562026977539,-0.012899653054773808,0,-0.218979611992836,0,0,0,0.006587398704141378
2,1000,-0.0009057425195351243,-0.00007133439066819847,16.975093841552734,-0.011877366341650486,0,-0.20161940157413483,0,0,0,0.004492337815463543
2.1,1000,-0.00016862686607055366,-0.00004171511318418197,16.975692749023438,-0.014269419014453888,0,-0.2422332763671875,0,0,0,0.0006961342296563089
2.2,1000,-0.0011135367676615715,-0.00007077502959873527,16.975910186767578,-0.002717612311244011,0,-0.046133942902088165,0,0,0,0.024137038737535477
2.3,1000,-0.001083351788111031,-0.00002892162410716992,16.974733352661133,0.0004175940412096679,0,0.007088547572493553,0,0,0,-0.1528312861919403
2.4,1000,-0.00027562546893022954,-0.000046545654186047614,16.974468231201172,-0.009309904649853706,0,-0.1580306738615036,0,0,0,0.0017441263189539313
2.5,1000,0.00005694074206985533,-0.0000475086308142636,16.974660873413086,0.0041864849627017975,0,0.07106415927410126,0,0,0,0.0008012581965886056
2.6,1000,-0.0007278129342012107,-0.0000288884239125764,16.975069046020508,0.005404483526945114,0,0.09174147993326187,0,0,0,-0.007933302782475948
2.7,1000,-0.00014455575728788972,0.000016767327906563878,16.97463607788086,-0.004420209676027298,0,-0.07503145188093185,0,0,0,0.0019266022136434913
2.8,1000,0.00008538677502656356,-0.000003203342885171878,16.974876403808594,0.0004691486246883869,0,0.007963740266859531,0,0,0,0.010721944272518158
2.9,1000,-0.0006277256761677563,0.000016080499335657805,16.9752140045166,-0.006400472950190306,0,-0.10864939540624619,0,0,0,0.0057775345630943775
3,1000,-0.00037217032513581216,-0.000006895775641169166,16.974876403808594,-0.013395900838077068,0,-0.2273937612771988,0,0,0,0.0016366777708753943
3.1,1000,0.0003288092266302556,-0.00004710971552412957,16.97533416748047,-0.021385662257671356,0,-0.36302876472473145,0,0,0,-0.0009057387942448258
3.2,1000,-0.0000019003928173333406,-0.000011870197340613231,16.97504425048828,-0.017660565674304962,0,-0.2997888922691345,0,0,0,0.0000063391034927917644
3.3,1000,-0.0016493864823132753,0.000024215230951085687,16.975645065307617,-0.020463060587644577,0,-0.3473736643791199,0,0,0,0.004748162347823381
3.4,1000,-0.0003111562109552324,0.000049103546189144254,16.97490119934082,-0.005869951564818621,0,-0.0996418446302414,0,0,0,0.0031227462459355593
3.5,1000,-0.00003553448914317414,-0.00001671842619543895,16.97468376159668,-0.001891315565444529,0,-0.0321044847369194,0,0,0,0.0011068388121202588
3.6,1000,-0.001875334419310093,-0.000018851897038985044,16.974781036376953,-0.005308089312165976,0,-0.09010365605354309,0,0,0,0.020813077688217163
3.7,1000,-0.001433126861229539,-0.0000033074027214752277,16.974876403808594,-0.0014954586513340473,0,-0.02538522519171238,0,0,0,0.05645515397191048
3.8,1000,-0.000553000601939857,0.00005265316576696932,16.974853515625,-0.0051456899382174015,0,-0.08734733611345291,0,0,0,0.0063310530968010426
3.9,1000,-0.00048228364903479815,0.00002743061304499861,16.975093841552734,0.0004532251914497465,0,0.007693540304899216,0,0,0,-0.06268683075904846
4,1000,-0.0011010033776983619,-0.000005599051746685291,16.9752140045166,0.00042543141171336174,0,0.007221789099276066,0,0,0,-0.15245576202869415
4.1,1000,-0.0004012082063127309,-0.000029710892704315484,16.97516441345215,-0.001929393969476223,0,-0.03275178000330925,0,0,0,0.012249966152012348
4.2,1000,-0.001110551180317998,-0.000025637018552515656,16.9744930267334,-0.006829407997429371,0,-0.11592573672533035,0,0,0,0.009579850360751152
4.3,1000,-0.0010742981685325503,-0.0000048422634790767916,16.975309371948242,-0.014981765300035477,0,-0.2543201148509979,0,0,0,0.004224197007715702
4.4,1000,-0.0009983869967982173,0.000027019936169381253,16.97468376159668,-0.0074522001668810844,0,-0.126498743891716,0,0,0,0.007892466150224209
4.5,1000,-0.00037992067518644035,-0.000055236123444046825,16.974876403808594,-0.004425632301717997,0,-0.07512456178665161,0,0,0,0.005057210102677345
4.6,1000,-0.0011327317915856838,-0.00003740214015124366,16.974733352661133,-0.0034364918246865273,0,-0.05833353102207184,0,0,0,0.01941819302737713
4.7,1000,-0.001531484187580645,-0.000028095862944610417,16.97533416748047,-0.009928291663527489,0,-0.16853606700897217,0,0,0,0.009086981415748596
4.8,1000,-0.0009779134998098016,5.940851224295329e-7,16.97504425048828,-0.011159895919263363,0,-0.18943972885608673,0,0,0,0.005162135232239962
4.9,1000,-0.000750958570279181,0.00002336519719392527,16.975860595703125,-0.009385133162140846,0,-0.15932071208953857,0,0,0,0.004713502246886492
5,1900,-0.001722710789181292,0.00003519548772601411,16.975189208984375,-0.015529433265328407,0,-0.26361507177352905,0,0,0,0.006534948013722897
5.1,1900,-0.011772523634135723,0.0061461348086595535,16.97384262084961,-0.00492091802880168,0,-0.08352688699960709,0,0,0,0.14094291627407074
5.2,1900,-0.03644175082445145,0.017421478405594826,16.973676681518555,0.061835598200559616,0,1.0495774745941162,0,0,0,-0.03472040221095085
5.3,1900,-0.07641918957233429,0.027244485914707184,16.973098754882812,0.19685745239257812,125.91522947502096,3.341280937194824,0.35924068093299866,10.7515849173069,-0.2127242088317871,-0.0228712260723114
5.4,1900,-0.1552901715040207,0.035296060144901276,16.973243713378906,0.42824167013168335,706.0167285656795,7.268650054931641,2.6095752716064453,35.901787877082825,-0.0595078319311142,-0.021364375948905945
5.5,1900,-0.3001011908054352,0.04183248430490494,16.969066619873047,0.7382575273513794,1249.253328906867,12.527541160583496,5.472588539123535,43.68445873260498,-0.05483715608716011,-0.023955315351486206
5.6,1900,-0.5141284465789795,0.04771212860941887,16.969833374023438,1.082201361656189,1785.1254189327308,18.364776611328125,8.919204711914062,48.56691062450409,-0.0576428547501564,-0.027995355427265167
5.7,1900,-0.822221577167511,0.05337563902139664,16.97055435180664,1.4668210744857788,2309.770790768277,24.89276695251465,12.910426139831543,51.86417102813721,-0.06368663161993027,-0.033030543476343155
5.8,1900,-1.196601152420044,0.05903051421046257,16.97175407409668,1.899509310722351,2819.6256520568086,32.238006591796875,17.429969787597656,54.066526889801025,-0.06865193694829941,-0.037117715924978256
5.9,1900,-1.5957635641098022,0.06571917980909348,16.967599868774414,2.377751588821411,3311.8337816119665,40.3447380065918,22.792360305786133,56.494009494781494,-0.07001309096813202,-0.039553202688694
6,1900,-2.005725860595703,0.07428716123104095,16.96286964416504,2.931523561477661,3789.911470101499,49.72705078125,29.48298454284668,59.28962826728821,-0.06802994757890701,-0.04033470153808594
6.1,1900,-2.5256693363189697,0.0847209244966507,16.96207618713379,3.5851330757141113,4256.540668711824,60.811302185058594,37.76383590698242,62.10002899169922,-0.06688063591718674,-0.04153289645910263
6.2,1900,-3.1208202838897705,0.09558220207691193,16.967649459838867,4.333767414093018,4716.60297739118,73.53384399414062,47.210105895996094,64.2018735408783,-0.06610491871833801,-0.04244059696793556
6.3,1900,-3.729308843612671,0.10860976576805115,16.95345687866211,5.199368476867676,5173.539500084934,88.14727020263672,58.841705322265625,66.75386428833008,-0.06337866187095642,-0.04230770841240883
6.4,1900,-4.430582046508789,0.12148555368185043,16.947092056274414,6.190650463104248,5626.823346893591,104.91352081298828,71.58409118652344,68.23152303695679,-0.06189338490366936,-0.04223079979419708
6.5,1900,-5.173725128173828,0.13509632647037506,16.9443302154541,7.337704181671143,6076.961591061135,124.33248138427734,85.97232055664062,69.14710998535156,-0.0601789616048336,-0.041612014174461365
6.6,1900,-5.9818596839904785,0.14888305962085724,16.943801879882812,8.643659591674805,6525.301182319566,146.45645141601562,101.73595428466797,69.4649875164032,-0.058797892183065414,-0.04084394499659538
6.7,1900,-6.882349014282227,0.16518144309520721,16.94055938720703,10.147551536560059,6972.553188896077,171.9051971435547,120.60955047607422,70.16050219535828,-0.05706305056810379,-0.04003572463989258
6.8,1900,-7.899179935455322,0.18056312203407288,16.954992294311523,11.828734397888184,7423.4701110566775,200.5561065673828,140.36688232421875,69.98883485794067,-0.05627524107694626,-0.039386384189128876
6.9,1900,-8.937615394592285,0.19803212583065033,16.936355590820312,13.69920825958252,7872.770810107437,232.01466369628906,163.26454162597656,70.3682005405426,-0.05474315211176872,-0.038521770387887955
7,1900,-9.983078002929688,0.2178211361169815,16.90780258178711,15.803014755249023,8318.460215112553,267.1942443847656,189.74554443359375,71.01408243179321,-0.05261297896504402,-0.03736262395977974
7.1,1900,-11.178354263305664,0.2382693886756897,16.94898796081543,18.15403175354004,8761.530907376047,307.6924743652344,218.6134490966797,71.04933261871338,-0.05113296955823898,-0.03632963448762894
7.2,1900,-12.36358642578125,0.2587151825428009,16.93328285217285,20.775156021118164,9202.20145295136,351.7915954589844,249.3114776611328,70.86908221244812,-0.04959092289209366,-0.035144634544849396
7.3,1900,-13.588936805725098,0.283635675907135,16.92485237121582,23.73228645324707,9636.207191003765,401.6654357910156,286.21710205078125,71.2575912475586,-0.04747772216796875,-0.033831480890512466
7.4,1900,-14.712965965270996,0.30667874217033386,16.88290023803711,27.02574920654297,10069.256484006315,456.2730407714844,323.3774108886719,70.87366580963135,-0.04549781605601311,-0.03224596753716469
7.5,1900,-16.042835235595703,0.33327120542526245,16.858884811401367,30.649396896362305,10502.225927544006,516.7146606445312,366.52850341796875,70.93441486358643,-0.043769679963588715,-0.031047765165567398
7.6,1900,-17.3906192779541,0.3596091568470001,16.882226943969727,34.66971969604492,10933.09130854058,585.3020629882812,411.7203369140625,70.34322619438171,-0.042238909751176834,-0.029712211340665817
7.7,1900,-18.882640838623047,0.384718120098114,16.841354370117188,39.06687545776367,11361.263955758766,657.9390869140625,457.7179260253906,69.56843137741089,-0.04125388339161873,-0.028699679300189018
7.8,1900,-20.382312774658203,0.41321754455566406,16.9002628326416,43.626922607421875,11781.1427498024,737.3064575195312,509.7940673828125,69.14276480674744,-0.03998146206140518,-0.027644289657473564
7.9,1900,-21.6395263671875,0.42944279313087463,16.886598587036133,46.91566848754883,12128.177849555417,792.2460327148438,545.4180297851562,68.84452700614929,-0.03967512026429176,-0.02731414884328842
8,1900,-22.56734275817871,0.44242674112319946,16.898988723754883,49.33314895629883,12378.253550945412,833.6802978515625,573.49462890625,68.79070997238159,-0.03935057297348976,-0.027069538831710815
8.1,1900,-23.25002098083496,0.4511736035346985,16.937654495239258,51.197391510009766,12554.57399189124,867.1637573242188,593.163330078125,68.40268969535828,-0.03919665887951851,-0.026811569929122925
8.2,1900,-23.641551971435547,0.45787563920021057,16.893779754638672,52.70176315307617,12681.76428108052,890.3319702148438,608.0731811523438,68.29735040664673,-0.038879454135894775,-0.02655363641679287
8.3,1900,-24.033578872680664,0.4648098945617676,16.94308090209961,53.846309661865234,12778.932337169223,912.3223876953125,622.01171875,68.17893385887146,-0.03863846883177757,-0.026343297213315964
8.4,1900,-24.30130958557129,0.4687953293323517,16.90287971496582,54.772972106933594,12850.837654537072,925.8209838867188,630.875,68.14222931861877,-0.038520004600286484,-0.0262483898550272
8.5,1900,-24.59638214111328,0.4720727801322937,16.94809913635254,55.500736236572266,12906.756759334885,940.6319580078125,638.0499877929688,67.83205270767212,-0.03854930400848389,-0.026148783043026924
8.6,1900,-24.707597732543945,0.47530561685562134,16.911884307861328,56.06716537475586,12952.691766811538,948.201416015625,644.705810546875,67.99249649047852,-0.03832383081316948,-0.026057330891489983
8.7,1900,-24.789644241333008,0.47656673192977905,16.901077270507812,56.51613998413086,12988.064496900335,955.1836547851562,648.1817016601562,67.85938143730164,-0.03824489936232567,-0.02595275267958641
8.8,1900,-24.875213623046875,0.47769084572792053,16.928695678710938,56.89280700683594,13013.10109261123,963.1210327148438,650.9630737304688,67.58891344070435,-0.03821294382214546,-0.025827713310718536
8.9,1900,-24.922990798950195,0.4798354208469391,16.9512939453125,57.19402313232422,13034.183682704688,969.5126953125,654.9448852539062,67.55402684211731,-0.038053568452596664,-0.025706719607114792
9,1900,-24.99736213684082,0.48141664266586304,16.931529998779297,57.379608154296875,13053.776526577894,971.5245361328125,658.0908813476562,67.73796081542969,-0.03798466548323631,-0.025730036199092865
9.1,1900,-25.063840866088867,0.4821913242340088,16.902111053466797,57.572479248046875,13066.386913597193,973.096435546875,659.78662109375,67.80280470848083,-0.03798779472708702,-0.02575678937137127
9.2,1900,-25.102970123291016,0.482197105884552,16.921586990356445,57.7149658203125,13076.447946169163,976.6288452148438,660.3026123046875,67.6103949546814,-0.03801737353205681,-0.02570369653403759
9.3,1900,-25.169387817382812,0.48222625255584717,16.921804428100586,57.845733642578125,13085.38758917628,978.8541870117188,660.7939453125,67.50688552856445,-0.03808961436152458,-0.025713112205266953
9.4,1900,-25.21478843688965,0.4827750027179718,16.944665908813477,57.9289436340332,13093.384192518151,981.5866088867188,661.9501953125,67.4367606639862,-0.03809167072176933,-0.02568778768181801
9.5,1900,-25.225217819213867,0.48317113518714905,16.954511642456055,57.98787307739258,13099.575148837203,983.1560668945312,662.8065795898438,67.41620898246765,-0.03805818781256676,-0.02565738931298256
9.6,1900,-25.229673385620117,0.48327869176864624,16.932777404785156,58.014434814453125,13103.14914094306,982.3455200195312,663.135009765625,67.50527024269104,-0.038046058267354965,-0.025683095678687096
9.7,1900,-25.206485748291016,0.48359405994415283,16.9472599029541,58.08808898925781,13104.608579337233,984.4339599609375,663.6416625976562,67.41352677345276,-0.03798207268118858,-0.025605056434869766
9.8,1900,-25.178245544433594,0.4832218587398529,16.912031173706055,58.109901428222656,13110.293628097921,982.7564697265625,663.4185180664062,67.50589609146118,-0.037952277809381485,-0.025620024651288986
9.9,1900,-25.12041664123535,0.48225340247154236,16.900310516357422,58.07712936401367,13118.502386222333,981.5215454101562,662.5034790039062,67.49760508537292,-0.03791740909218788,-0.025593342259526253
10,1900,-25.107725143432617,0.4808489978313446,16.921106338500977,57.9970703125,13127.667006553791,981.3745727539062,661.03564453125,67.35813617706299,-0.037982407957315445,-0.02558424137532711
10.1,1900,-25.110971450805664,0.48111268877983093,16.934579849243164,57.96780014038086,13126.934955985469,981.6603393554688,661.3612670898438,67.37170219421387,-0.03796861320734024,-0.02558010257780552
10.2,1900,-25.008716583251953,0.48138344287872314,16.954607009887695,57.96559143066406,13122.69069464906,982.7838134765625,661.51953125,67.31078624725342,-0.03780495747923851,-0.0254468135535717
10.3,1900,-24.996179580688477,0.48188236355781555,16.954416275024414,57.96086120605469,13121.994780334906,982.6925659179688,662.1700439453125,67.38322973251343,-0.03774888440966606,-0.025436418130993843
10.4,1900,-24.99201774597168,0.482164591550827,16.956071853637695,57.934329986572266,13125.899827156374,982.3386840820312,662.7550048828125,67.46705770492554,-0.03770928457379341,-0.025441346690058708
10.5,1900,-24.971372604370117,0.4820026159286499,16.94557762145996,57.8792610168457,13129.021533242312,980.7974853515625,662.68994140625,67.56643652915955,-0.037681836634874344,-0.025460273027420044
10.6,1900,-25.03790283203125,0.4820525646209717,16.909122467041016,57.92359161376953,13118.594475386182,979.4371337890625,662.2322387695312,67.61355400085449,-0.037808340042829514,-0.025563564151525497
10.7,1900,-24.99750328063965,0.4816815257072449,16.904176712036133,57.95811080932617,13115.860942611154,979.734130859375,661.5846557617188,67.52695441246033,-0.037784285843372345,-0.025514578446745872
10.8,1900,-24.99327278137207,0.4820294678211212,16.92177963256836,57.97633743286133,13117.365842744442,981.0628051757812,662.1384887695312,67.4919605255127,-0.03774629160761833,-0.02547571063041687
10.9,1900,-24.975011825561523,0.4814417362213135,16.893346786499023,58.003211975097656,13116.949692978693,979.8683471679688,661.3101806640625,67.48969554901123,-0.03776595741510391,-0.025488128885626793
11,1900,-24.965381622314453,0.4809016287326813,16.926727294921875,57.99046325683594,13118.895222275716,981.5887451171875,660.666259765625,67.30580925941467,-0.03778818994760513,-0.025433646515011787
11.1,1900,-24.963056564331055,0.48244836926460266,16.942983627319336,58.05756378173828,13114.629978598177,983.6683349609375,662.57568359375,67.3576295375824,-0.037675779312849045,-0.025377513840794563
11.2,1900,-24.983911514282227,0.4840147793292999,16.941207885742188,58.14396667480469,13107.451686560385,985.029052734375,664.3630981445312,67.44604110717773,-0.037605807185173035,-0.025363629683852196
11.3,1900,-24.987701416015625,0.48525720834732056,16.889408111572266,58.30744934082031,13098.397806362671,984.7783203125,665.6083984375,67.589670419693,-0.03754114359617233,-0.02537393569946289
11.4,1900,-24.981250762939453,0.4856548607349396,16.91623306274414,58.444461822509766,13095.45445017634,988.66015625,666.004150390625,67.3643171787262,-0.03750915080308914,-0.02526778355240822
11.5,1900,-25.08531379699707,0.4853465259075165,16.866161346435547,58.562381744384766,13094.809826029394,987.7225952148438,665.5485229492188,67.38213300704956,-0.03769118711352348,-0.025397125631570816
11.6,1900,-25.2506160736084,0.48700541257858276,16.92156410217285,58.79452896118164,13084.833888507563,994.8953857421875,667.3145751953125,67.07384586334229,-0.037839148193597794,-0.025380171835422516
11.7,1900,-25.27474021911621,0.48988181352615356,16.927663803100586,59.03834915161133,13077.43761325914,999.38134765625,670.8765258789062,67.12918281555176,-0.037674207240343094,-0.025290386751294136
11.8,1900,-25.23527717590332,0.4902742803096771,16.91176414489746,59.200531005859375,13084.471360280257,1001.1854248046875,671.7750854492188,67.09797382354736,-0.037565067410469055,-0.025205397978425026
11.9,1900,-25.222320556640625,0.489942342042923,16.87723159790039,59.19676971435547,13102.476540341273,999.0775756835938,672.2440795898438,67.28647351264954,-0.03751958906650543,-0.025245606899261475
12,1900,-25.20025634765625,0.4883243441581726,16.915224075317383,59.10200500488281,13121.909685284767,999.7236328125,671.017822265625,67.12032556533813,-0.0375552736222744,-0.025207221508026123
12.1,1900,-25.05803108215332,0.48532021045684814,16.868083953857422,58.88092803955078,13144.5344774513,993.2084350585938,668.0396118164062,67.26076602935791,-0.037509799003601074,-0.025229377672076225
12.2,1900,-24.8504581451416,0.48306334018707275,16.87043571472168,58.59455871582031,13161.636251158096,988.5157470703125,665.7981567382812,67.35332012176514,-0.03732431307435036,-0.025139162316918373
12.3,1900,-24.80261993408203,0.48145920038223267,16.870676040649414,58.31866455078125,13170.272815904442,983.8753051757812,664.0226440429688,67.49053001403809,-0.0373520702123642,-0.025209110230207443
12.4,1900,-24.897296905517578,0.4797042906284332,16.883378982543945,58.14850997924805,13163.264713966928,981.7433471679688,661.250244140625,67.35469698905945,-0.03765185549855232,-0.025360291823744774
12.5,1900,-24.932249069213867,0.48018407821655273,16.92377281188965,58.11809158325195,13145.90415805286,983.577392578125,661.0386352539062,67.2075867652893,-0.03771677985787392,-0.025348538532853127
12.6,1900,-24.920982360839844,0.47995778918266296,16.869163513183594,58.03346633911133,13141.164480328653,978.9760131835938,660.4888916015625,67.46731996536255,-0.0377311147749424,-0.025456171482801437
12.7,1900,-24.97278594970703,0.48103439807891846,16.889455795288086,58.05719757080078,13127.733450634038,980.554443359375,661.2938842773438,67.44080781936646,-0.03776352107524872,-0.025468025356531143
12.8,1900,-25.03339385986328,0.4840998351573944,16.87199592590332,58.26306915283203,13105.707820875336,983.0142822265625,664.3914794921875,67.58716106414795,-0.03767868131399155,-0.02546595223248005
12.9,1900,-25.09699058532715,0.4857126772403717,16.84337043762207,58.45709991455078,13091.779043421686,984.6145629882812,665.896484375,67.6301658153534,-0.037689026445150375,-0.02548915147781372
13,1900,-25.08506202697754,0.4861956238746643,16.853744506835938,58.57926940917969,13093.967035327327,987.280029296875,666.6699829101562,67.52592325210571,-0.03762740641832352,-0.025408253073692322
13.1,1900,-25.127010345458984,0.4854672849178314,16.897092819213867,58.63518524169922,13102.4718775988,990.76416015625,666.1036376953125,67.23130345344543,-0.03772237151861191,-0.02536124177277088
13.2,1900,-25.281761169433594,0.48550674319267273,16.84404182434082,58.72176742553711,13103.53731425397,989.1118774414062,666.2119750976562,67.35455989837646,-0.037948522716760635,-0.025560062378644943
13.3,1900,-25.364543914794922,0.48667246103286743,16.867530822753906,58.90632629394531,13096.776337667547,993.604248046875,667.4669799804688,67.17634201049805,-0.03800119459629059,-0.02552781254053116
13.4,1900,-25.425979614257812,0.48772919178009033,16.875574111938477,59.111934661865234,13088.76924315511,997.5478515625,668.50732421875,67.0150637626648,-0.03803395852446556,-0.025488480925559998
13.5,1900,-25.407672882080078,0.4888671934604645,16.862823486328125,59.260658264160156,13090.01769245236,999.302001953125,670.1310424804688,67.0599102973938,-0.03791448473930359,-0.025425419211387634
13.6,1900,-25.398571014404297,0.48886361718177795,16.83066749572754,59.385196685791016,13093.876111849095,999.4924926757812,670.3236694335938,67.06640720367432,-0.037890009582042694,-0.025411467999219894
13.7,1900,-25.417877197265625,0.48939865827560425,16.81805992126465,59.53050994873047,13088.715621616666,1001.1876831054688,670.7928466796875,66.99970960617065,-0.03789228945970535,-0.025387724861502647
13.8,1900,-25.537700653076172,0.4913701117038727,16.855209350585938,59.76698684692383,13080.709692789846,1007.3850708007812,673.0830688476562,66.81487560272217,-0.037941381335258484,-0.025350484997034073
13.9,1900,-25.55051040649414,0.49332481622695923,16.880233764648438,60.0073127746582,13077.687069981466,1012.9374389648438,675.6044921875,66.69754981994629,-0.03781874105334282,-0.025224173441529274
14,1900,-25.59596824645996,0.49461671710014343,16.86263084411621,60.154937744140625,13085.389920547515,1014.3704833984375,677.772705078125,66.81707501411438,-0.03776482492685318,-0.025233352556824684
14.1,1900,-25.602779388427734,0.49494388699531555,16.808116912841797,60.251739501953125,13094.623316330457,1012.71826171875,678.6995849609375,67.0176088809967,-0.03772328794002533,-0.02528124488890171
14.2,1900,-25.55054473876953,0.4941425621509552,16.852617263793945,60.31193161010742,13102.400770776081,1016.4138793945312,678.0032348632812,66.70542359352112,-0.03768498823046684,-0.02513793297111988
14.3,1900,-25.574064254760742,0.49318036437034607,16.817914962768555,60.32375717163086,13111.348573582527,1014.5198364257812,677.1451416015625,66.74538254737854,-0.037767477333545685,-0.02520804852247238
14.4,1900,-25.626914978027344,0.4928496778011322,16.834869384765625,60.337528228759766,13112.91991779606,1015.7744140625,676.772216796875,66.62622690200806,-0.03786638379096985,-0.025228943675756454
14.5,1900,-25.528945922851562,0.4929598569869995,16.855426788330078,60.29368209838867,13121.777962809892,1016.2757568359375,677.3807373046875,66.65324568748474,-0.03768773376941681,-0.025120098143815994
14.6,1900,-25.491483688354492,0.49301230907440186,16.859052658081055,60.19370651245117,13132.411347020472,1014.808837890625,678.0018310546875,66.81078672409058,-0.037597957998514175,-0.025119492784142494
14.7,1900,-25.45909309387207,0.4925715923309326,16.881555557250977,60.09778594970703,13135.051624946032,1014.5441284179688,677.5319213867188,66.7819082736969,-0.03757622838020325,-0.02509412169456482
14.8,1900,-25.46448516845703,0.49322378635406494,16.867626190185547,60.071434020996094,13129.508789830783,1013.2625122070312,678.1427001953125,66.92665815353394,-0.03755033388733864,-0.025131182745099068
14.9,1900,-25.376628875732422,0.49317190051078796,16.888879776000977,60.07805633544922,13127.37908220606,1014.6510620117188,677.96142578125,66.81719422340393,-0.0374307855963707,-0.025010202080011368
15,1900,-25.30351448059082,0.4922564923763275,16.827016830444336,60.006202697753906,13132.94989377615,1009.7254028320312,676.9901733398438,67.0469582080841,-0.037376489490270615,-0.02505979873239994
15.1,1900,-25.33778190612793,0.4924200475215912,16.81145477294922,59.98020553588867,13131.394869161271,1008.3544921875,677.1348876953125,67.15246438980103,-0.03741910308599472,-0.025127850472927094
15.2,1900,-25.425212860107422,0.4914519190788269,16.833261489868164,60.02407455444336,13123.476366755827,1010.4009399414062,675.3961181640625,66.84436798095703,-0.0376448929309845,-0.02516348846256733
15.3,1900,-25.494932174682617,0.49124380946159363,16.843297958374023,60.032325744628906,13122.237242943524,1011.142333984375,675.0463256835938,66.76076054573059,-0.0377676747739315,-0.02521398849785328
15.4,1900,-25.468246459960938,0.4909493327140808,16.84834098815918,60.0211067199707,13124.443885819057,1011.2560424804688,674.755126953125,66.72446131706238,-0.0377444289624691,-0.025184765458106995
15.5,1900,-25.423969268798828,0.49092209339141846,16.87771224975586,59.987125396728516,13127.034039263028,1012.4454345703125,674.8508911132812,66.65552854537964,-0.0376734621822834,-0.025111446157097816
15.6,1900,-25.32347297668457,0.49009713530540466,16.873991012573242,59.92369842529297,13132.406684277998,1011.1519775390625,673.9925537109375,66.65591597557068,-0.037572331726551056,-0.025044182315468788
15.7,1900,-25.27073097229004,0.4904264807701111,16.87216567993164,59.827152252197266,13137.021633641041,1009.4136352539062,674.6824951171875,66.83905124664307,-0.037455737590789795,-0.025035060942173004
15.8,1900,-25.181835174560547,0.48920488357543945,16.86577606201172,59.64720153808594,13146.378592099527,1005.996337890625,673.4812622070312,66.94669127464294,-0.03739054873585701,-0.025031736120581627
15.9,1900,-25.07161521911621,0.48783087730407715,16.881938934326172,59.44639205932617,13154.657291361042,1003.5703735351562,672.0126342773438,66.96218252182007,-0.03730824962258339,-0.02498241886496544
16,1900,-25.014633178710938,0.48603224754333496,16.868873596191406,59.2325439453125,13161.7889559741,999.186279296875,669.8978881835938,67.04434752464294,-0.03734096139669418,-0.025035005062818527
16.1,1900,-24.988788604736328,0.4852944016456604,16.865009307861328,58.992374420166016,13164.766117043362,994.9069213867188,669.0322265625,67.24570989608765,-0.03735065087676048,-0.025116709992289543
16.2,1900,-24.893291473388672,0.4841608703136444,16.83018684387207,58.90998840332031,13153.281782331389,991.4661254882812,666.8872680664062,67.26273894309998,-0.03732758387923241,-0.025107556954026222
16.3,1900,-24.8303165435791,0.48377975821495056,16.813735961914062,58.81618118286133,13148.079327416699,988.9197387695312,666.0987548828125,67.35619902610779,-0.0372772291302681,-0.025108525529503822
16.4,1900,-24.898223876953125,0.48319754004478455,16.84421157836914,58.787269592285156,13136.713892637797,990.2252197265625,664.7220458984375,67.12836623191833,-0.03745659440755844,-0.025144001469016075
16.5,1900,-25.077043533325195,0.48422592878341675,16.84181022644043,58.914093017578125,13115.315401741767,992.219970703125,665.0516967773438,67.02663898468018,-0.03770690783858299,-0.025273673236370087
16.6,1900,-25.221675872802734,0.4866001009941101,16.890127182006836,59.195396423339844,13092.813006565162,999.8177490234375,667.1658325195312,66.72874093055725,-0.03780420869588852,-0.025226272642612457
16.7,1900,-25.27328109741211,0.4901188015937805,16.867576599121094,59.491912841796875,13079.156999546205,1003.484375,671.289306640625,66.89584255218506,-0.03764886409044266,-0.02518552541732788
16.8,1900,-25.218917846679688,0.49126243591308594,16.825143814086914,59.68778610229492,13083.052720882726,1004.255615234375,673.0560913085938,67.02039837837219,-0.03746926411986351,-0.025112051516771317
16.9,1900,-25.120086669921875,0.4901602268218994,16.812822341918945,59.707889556884766,13100.898202014028,1003.858154296875,672.4620361328125,66.98775291442871,-0.03735539689660072,-0.02502354234457016
17,1900,-25.166053771972656,0.48926040530204773,16.82716178894043,59.66843032836914,13115.252454718377,1004.0503540039062,671.9629516601562,66.92522764205933,-0.037451546639204025,-0.025064533576369286
17.1,1900,-25.317508697509766,0.48868387937545776,16.833141326904297,59.728878021240234,13111.58637344867,1005.4246215820312,670.9835205078125,66.73633456230164,-0.03773193806409836,-0.025180911645293236
17.2,1900,-25.443918228149414,0.49072253704071045,16.859437942504883,59.89667892456055,13098.68689639602,1009.8243408203125,673.1198120117188,66.65711998939514,-0.037799984216690063,-0.0251963809132576
17.3,1900,-25.563186645507812,0.4932376444339752,16.878023147583008,60.090118408203125,13092.484283220787,1014.202392578125,676.2493896484375,66.67795181274414,-0.03780141845345497,-0.025205211713910103
17.4,1900,-25.533109664916992,0.49363163113594055,16.829923629760742,60.155452728271484,13099.093720676825,1012.4116821289062,677.1312255859375,66.88299179077148,-0.037707772105932236,-0.02522008679807186
17.5,1900,-25.45488929748535,0.49269747734069824,16.824207305908203,60.10139083862305,13118.10139036962,1011.1582641601562,676.8305053710938,66.93615913391113,-0.037608955055475235,-0.025173991918563843
17.6,1900,-25.379961013793945,0.49073365330696106,16.84865379333496,59.96230697631836,13134.788179996285,1010.2841796875,674.9902954101562,66.81192517280579,-0.03760048374533653,-0.02512160688638687
17.7,1900,-25.351102828979492,0.489565372467041,16.797550201416016,59.8790168762207,13138.574326884682,1005.82080078125,673.5774536132812,66.96794033050537,-0.03763650730252266,-0.02520439401268959
17.8,1900,-25.15806770324707,0.487392783164978,16.816162109375,59.65001678466797,13155.075772498029,1003.0843505859375,671.4304809570312,66.936594247818,-0.03746935352683067,-0.025080710649490356
17.9,1900,-25.095596313476562,0.48539015650749207,16.810998916625977,59.37773132324219,13165.19742072215,998.198974609375,669.1861572265625,67.03935861587524,-0.03750166669487953,-0.025140875950455666
18,1900,-25.04878044128418,0.4838666319847107,16.86085319519043,59.200233459472656,13160.05907851647,998.1664428710938,666.8253784179688,66.80502891540527,-0.0375642254948616,-0.025094792246818542
18.1,1900,-24.984373092651367,0.4836207330226898,16.85540199279785,59.139404296875,13149.316119857767,996.8184204101562,665.9424438476562,66.80679321289062,-0.03751731663942337,-0.025064116343855858
18.2,1900,-25.025115966796875,0.4833665192127228,16.848798751831055,59.077369689941406,13140.224937720264,995.3826904296875,665.1322021484375,66.82175397872925,-0.03762427344918251,-0.025141200050711632
18.3,1900,-25.063343048095703,0.48309966921806335,16.870676040649414,59.04090881347656,13135.5260589927,996.06005859375,664.5272827148438,66.71558618545532,-0.03771604597568512,-0.025162482634186745
18.4,1900,-25.172679901123047,0.48333707451820374,16.88393211364746,59.059871673583984,13127.0258794637,997.162841796875,664.4236450195312,66.63140654563904,-0.037886492908000946,-0.025244301185011864
18.5,1900,-25.185150146484375,0.484862357378006,16.85686683654785,59.1298713684082,13119.26591030235,996.744384765625,666.1263427734375,66.83021187782288,-0.0378083661198616,-0.025267411023378372
18.6,1900,-25.100101470947266,0.48443475365638733,16.82329559326172,59.15526580810547,13117.764507225918,995.1865234375,665.4627075195312,66.86814427375793,-0.037718266248703,-0.025221504271030426
18.7,1900,-25.034900665283203,0.4842829704284668,16.84678077697754,59.16974639892578,13119.272904416062,996.8197631835938,665.3307495117188,66.7453408241272,-0.037627752870321274,-0.025114772841334343
18.8,1900,-25.00301742553711,0.48409590125083923,16.83124351501465,59.201255798339844,13117.10006642346,996.4307250976562,664.9635620117188,66.73455238342285,-0.03760058060288429,-0.025092579424381256
18.9,1900,-25.07709503173828,0.484585702419281,16.84305763244629,59.237613677978516,13115.569521206568,997.7425537109375,665.5587158203125,66.70645475387573,-0.03767826035618782,-0.025133833289146423
19,1900,-25.13597297668457,0.48489025235176086,16.872116088867188,59.25675964355469,13119.753166890821,999.7869262695312,666.189453125,66.633141040802,-0.03773096948862076,-0.025141330435872078
19.1,1900,-25.147733688354492,0.48402872681617737,16.868898391723633,59.17040252685547,13128.445684546848,998.1395263671875,665.4463500976562,66.66867733001709,-0.037790775299072266,-0.02519460767507553
19.2,1900,-25.284990310668945,0.4845927953720093,16.888975143432617,59.209716796875,13120.697372241684,999.991455078125,665.8286743164062,66.5834367275238,-0.03797522187232971,-0.025285206735134125
19.3,1900,-25.392284393310547,0.48695462942123413,16.89027214050293,59.45335006713867,13101.004279405299,1004.1832885742188,668.069580078125,66.52865409851074,-0.0380084402859211,-0.02528650499880314
19.4,1900,-25.415781021118164,0.48859021067619324,16.827665328979492,59.681209564208984,13089.616696599649,1004.29541015625,669.7308349609375,66.68663620948792,-0.03794924542307854,-0.025307076051831245
19.5,1900,-25.44886016845703,0.48870649933815,16.827089309692383,59.84669494628906,13089.18422723524,1007.045654296875,669.8681030273438,66.51814579963684,-0.03799084946513176,-0.02527081035077572
19.6,1900,-25.476408004760742,0.49025657773017883,16.865055084228516,60.02696990966797,13087.56042716888,1012.358154296875,671.909423828125,66.37072563171387,-0.037916429340839386,-0.025165410712361336
19.7,1900,-25.43407440185547,0.491020530462265,16.878793716430664,60.16221237182617,13090.523600010723,1015.465576171875,673.1088256835938,66.28573536872864,-0.03778597712516785,-0.025046711787581444
19.8,1900,-25.261205673217773,0.49073323607444763,16.89409065246582,60.110931396484375,13111.859143883363,1015.51953125,673.8114013671875,66.35140180587769,-0.03749002143740654,-0.024875154718756676
19.9,1900,-25.148624420166016,0.4891681373119354,16.9149112701416,59.91838836669922,13135.379182604787,1013.5142211914062,672.8672485351562,66.38952493667603,-0.0373753122985363,-0.024813292548060417
20,1900,-25.139184951782227,0.4886205196380615,16.896251678466797,59.809207916259766,13140.088552502917,1010.5514526367188,672.35498046875,66.5334701538086,-0.03738975152373314,-0.024876700714230537
20.1,1900,-25.09916877746582,0.4868285059928894,16.8822021484375,59.65290832519531,13148.087487216028,1007.0724487304688,670.296875,66.55895113945007,-0.03744485229253769,-0.024922901764512062
20.2,1900,-25.04916000366211,0.4850984811782837,16.846830368041992,59.440879821777344,13157.344196711334,1001.3904418945312,668.3851318359375,66.74570441246033,-0.03747713565826416,-0.025014379993081093
20.3,1900,-25.034212112426758,0.4843743145465851,16.820341110229492,59.265525817871094,13158.779155707522,996.8663330078125,667.4601440429688,66.95582866668701,-0.03750667721033096,-0.025112906470894814
20.4,1900,-25.006887435913086,0.48345986008644104,16.858091354370117,59.2037353515625,13149.09463959028,998.0619506835938,665.709716796875,66.70023798942566,-0.03756425157189369,-0.025055445730686188
20.5,1900,-24.811105728149414,0.4832386374473572,16.840272903442383,59.13632583618164,13144.212748220634,995.8718872070312,665.1580200195312,66.79152846336365,-0.037301067262887955,-0.024913953617215157
20.6,1900,-24.744407653808594,0.4816165864467621,16.84870147705078,59.03150939941406,13145.639547417493,994.6043090820312,662.997314453125,66.65940880775452,-0.0373220331966877,-0.024878645315766335
20.7,1900,-24.61880111694336,0.48006129264831543,16.860830307006836,58.850425720214844,13152.338742666145,992.2670288085938,661.1930541992188,66.63458943367004,-0.03723390772938728,-0.024810660630464554
20.8,1900,-24.543704986572266,0.4785463213920593,16.8719482421875,58.622562408447266,13160.380807747133,989.0768432617188,659.509521484375,66.67929887771606,-0.037215087562799454,-0.02481476031243801
20.9,1900,-24.505084991455078,0.4770953357219696,16.888256072998047,58.445831298828125,13159.313039720726,987.0481567382812,657.4564819335938,66.60834550857544,-0.037272557616233826,-0.02482663467526436
21,1900,-24.625904083251953,0.47703325748443604,16.88921546936035,58.36358642578125,13150.035347884288,985.7152099609375,656.907470703125,66.64272546768188,-0.03748762980103493,-0.02498277835547924
21.1,1900,-24.729106903076172,0.4785735309123993,16.905353546142578,58.42930221557617,13129.584559395975,987.7680053710938,658.0036010742188,66.61520004272461,-0.037582021206617355,-0.02503533847630024
21.2,1900,-24.806880950927734,0.47957944869995117,16.911884307861328,58.56714630126953,13113.429322411279,990.4807739257812,658.5753173828125,66.49047136306763,-0.03766749054193497,-0.02504529245197773
21.3,1900,-24.79647445678711,0.4814431667327881,16.85242462158203,58.716453552246094,13104.537472514514,989.5145874023438,660.6863403320312,66.76872968673706,-0.03753138706088066,-0.025059230625629425
21.4,1900,-24.861591339111328,0.4822518825531006,16.83484649658203,58.89488983154297,13097.081747299555,991.4864501953125,661.4196166992188,66.70990586280823,-0.03758822754025459,-0.025075070559978485
21.5,1900,-25.0022029876709,0.4835538864135742,16.85636329650879,59.17229461669922,13083.315000146855,997.4296875,662.5082397460938,66.42155051231384,-0.037738703191280365,-0.02506663277745247
21.6,1900,-25.013084411621094,0.4841916263103485,16.901103973388672,59.30613708496094,13088.30296890777,1002.3391723632812,663.6349487304688,66.20861887931824,-0.03769103065133095,-0.02495471015572548
21.7,1900,-24.99404525756836,0.4842216968536377,16.918657302856445,59.2625617980957,13108.522951643648,1002.6429443359375,664.701416015625,66.294926404953,-0.037601910531520844,-0.02492816001176834
21.8,1900,-24.966938018798828,0.4847961962223053,16.92182731628418,59.17484664916992,13125.53613324345,1001.3465576171875,666.3538208007812,66.54577255249023,-0.037467990070581436,-0.024933364242315292
21.9,1900,-25.021963119506836,0.48431918025016785,16.89937400817871,59.135581970214844,13129.29080662015,999.3543090820312,665.8885498046875,66.63187742233276,-0.03757680207490921,-0.025038130581378937
22,1900,-25.07962989807129,0.4841476380825043,16.848630905151367,59.16684341430664,13123.863374381119,996.8803100585938,665.3775634765625,66.7459785938263,-0.03769233077764511,-0.025158114731311798
22.1,1900,-25.178422927856445,0.48491138219833374,16.8840274810791,59.30109786987305,13110.079141944145,1001.2413940429688,665.7272338867188,66.4901852607727,-0.037820931524038315,-0.025147205218672752
22.2,1900,-25.24420928955078,0.4857257306575775,16.869403839111328,59.49785614013672,13097.117883553723,1003.693359375,666.1859130859375,66.37345552444458,-0.037893638014793396,-0.025151316076517105
22.3,1900,-25.228853225708008,0.48621073365211487,16.899614334106445,59.6120491027832,13099.864238870554,1007.420654296875,666.990966796875,66.20779037475586,-0.037824880331754684,-0.02504301816225052
22.4,1900,-25.17250633239746,0.4853251576423645,16.91956901550293,59.617740631103516,13111.109608030765,1008.7064819335938,666.34765625,66.05961918830872,-0.03777683526277542,-0.024955233559012413
22.5,1900,-25.063705444335938,0.48560500144958496,16.918418884277344,59.56037902832031,13120.475891974198,1007.6674194335938,667.2081909179688,66.21313095092773,-0.037565045058727264,-0.024872994050383568
22.6,1900,-25.04707145690918,0.48514699935913086,16.96491050720215,59.54109573364258,13124.997586487772,1010.109375,666.80859375,66.01350903511047,-0.03756260871887207,-0.024796396493911743
22.7,1900,-25.06129264831543,0.48478880524635315,16.94557762145996,59.504486083984375,13130.477474579631,1008.337890625,666.594482421875,66.10824465751648,-0.03759600967168808,-0.024854062125086784
22.8,1900,-24.993637084960938,0.4839807450771332,16.913951873779297,59.417625427246094,13137.126545346693,1004.9868774414062,665.8203735351562,66.25165343284607,-0.037538107484579086,-0.024869615212082863
22.9,1900,-24.893964767456055,0.4829165041446686,16.874181747436523,59.25538635253906,13145.273522133333,999.8861694335938,664.768310546875,66.48439764976501,-0.03744758293032646,-0.02489679865539074
23,1900,-24.89156150817871,0.4810572862625122,16.860517501831055,59.13080596923828,13147.720296246247,996.9760131835938,662.3322143554688,66.4341151714325,-0.037581685930490494,-0.02496706135571003
23.1,1900,-24.903554916381836,0.48120489716529846,16.870819091796875,59.06735610961914,13142.808097050525,996.5147094726562,662.2879028320312,66.46042466163635,-0.03760230913758278,-0.024990655481815338
23.2,1900,-24.805160522460938,0.48014527559280396,16.932106018066406,58.9500732421875,13144.472696113527,998.1488647460938,660.9132080078125,66.21389389038086,-0.037531644105911255,-0.024851161986589432
23.3,1900,-24.767282485961914,0.47871336340904236,16.93647575378418,58.79324722290039,13148.287985142382,995.7504272460938,659.1334838867188,66.19464755058289,-0.03757551684975624,-0.024872982874512672
23.4,1900,-24.87801742553711,0.4785601496696472,16.940414428710938,58.771636962890625,13138.034614443386,995.6159057617188,658.40869140625,66.13079309463501,-0.03778506815433502,-0.024987565353512764
23.5,1900,-24.89638900756836,0.47878769040107727,16.944377899169922,58.831298828125,13125.84037718984,996.8597412109375,658.1103515625,66.01834893226624,-0.03783011436462402,-0.024974815547466278
23.6,1900,-24.93202781677246,0.480156809091568,16.937028884887695,58.889469146728516,13118.912707559992,997.4126586914062,659.6439208984375,66.13550782203674,-0.03779619187116623,-0.02499670349061489
23.7,1900,-24.97291374206543,0.4820033609867096,16.99639320373535,58.998779296875,13112.725248297796,1002.7664794921875,661.868408203125,66.0042405128479,-0.03773093596100807,-0.02490401826798916
23.8,1900,-24.87820816040039,0.4827750325202942,16.974708557128906,59.007164001464844,13116.796988162689,1001.62939453125,663.1338500976562,66.20551347732544,-0.037516117095947266,-0.024837737902998924
23.9,1900,-24.857608795166016,0.48098811507225037,16.940752029418945,58.91015625,13128.040025951663,997.9823608398438,661.2456665039062,66.25825762748718,-0.0375920906662941,-0.02490786463022232
24,1900,-24.811908721923828,0.4799889028072357,16.93731689453125,58.86071014404297,13131.096453642975,996.9425048828125,660.025634765625,66.20498299598694,-0.037592340260744095,-0.02488800324499607
24.1,1900,-24.74140167236328,0.4799208343029022,16.93695640563965,58.837284088134766,13129.048344011535,996.5245361328125,659.8291015625,66.2130355834961,-0.03749668225646019,-0.024827690795063972
24.2,1900,-24.624874114990234,0.47829991579055786,16.95547103881836,58.732696533203125,13137.31888347372,995.8405151367188,658.0148315429688,66.07632040977478,-0.03742297738790512,-0.024727728217840195
24.3,1900,-24.800569534301758,0.47897323966026306,16.972978591918945,58.750885009765625,13129.48197906156,997.177490234375,658.5480346679688,66.04120135307312,-0.03765946999192238,-0.024870766326785088
24.4,1900,-25.040424346923828,0.4810255765914917,16.997377395629883,58.92321014404297,13110.143254653154,1001.5400390625,660.3956909179688,65.93801975250244,-0.037917304784059525,-0.025001920759677887
24.5,1900,-25.154508590698242,0.48541808128356934,16.97845458984375,59.283809661865234,13079.175650516097,1006.5474853515625,664.8519287109375,66.05271697044373,-0.03783475235104561,-0.024990880861878395
24.6,1900,-25.218549728393555,0.48730140924453735,16.95412826538086,59.747257232666016,13055.782671527073,1012.962646484375,666.2376708984375,65.77119827270508,-0.03785218298435211,-0.024895833805203438
24.7,1900,-25.318878173828125,0.4894450306892395,16.966398239135742,60.1326789855957,13050.064983569073,1020.2349853515625,668.8753662109375,65.5609130859375,-0.03785290569067001,-0.024816712364554405
24.8,1900,-25.4932804107666,0.4925820231437683,16.972402572631836,60.56239700317383,13045.535129256168,1027.889404296875,672.9287109375,65.46703577041626,-0.037884071469306946,-0.024801580235362053
24.9,1900,-25.518373489379883,0.4966673254966736,16.995433807373047,60.98774719238281,13041.77812450823,1036.51318359375,678.3143920898438,65.44194221496582,-0.03762027621269226,-0.024619437754154205
25,1900,-25.539539337158203,0.4972318410873413,16.96531867980957,61.29180145263672,13050.085965910203,1039.8349609375,679.5179443359375,65.34863114356995,-0.03758478909730911,-0.024561148136854172
25.1,1900,-25.617429733276367,0.49696531891822815,16.97353172302246,61.47708511352539,13066.617719349626,1043.4832763671875,680.0140380859375,65.16770124435425,-0.03767191246151924,-0.024549920111894608
25.2,1900,-25.55667495727539,0.4971720576286316,17.007009506225586,61.523311614990234,13090.630843087612,1046.3275146484375,681.5471801757812,65.13707637786865,-0.03749803081154823,-0.024425119161605835
25.3,1900,-25.591482162475586,0.4954032301902771,17.00379180908203,61.447784423828125,13114.227817059847,1044.8453369140625,680.3465576171875,65.11456966400146,-0.03761536255478859,-0.024493081495165825
25.4,1900,-25.587478637695312,0.49434712529182434,16.999948501586914,61.33987808227539,13129.486641804035,1042.7747802734375,679.6860961914062,65.18052816390991,-0.03764602541923523,-0.02453787624835968
25.5,1900,-25.528234481811523,0.494210422039032,17.006359100341797,61.25556182861328,13134.621486952861,1041.734130859375,679.7638549804688,65.2531087398529,-0.03755456209182739,-0.02450551837682724
25.6,1900,-25.52883529663086,0.4953145980834961,17.003957748413086,61.24146270751953,13129.344428158596,1041.3472900390625,681.0089111328125,65.39691090583801,-0.037486787885427475,-0.024515198543667793
25.7,1900,-25.520822525024414,0.4954068064689636,16.97579002380371,61.26788330078125,13125.13980013321,1040.0706787109375,680.9175415039062,65.46838879585266,-0.03748004883527756,-0.02453758381307125
25.8,1900,-25.50602149963379,0.4961119592189789,16.95965003967285,61.3038330078125,13120.032931439226,1039.6915283203125,681.6214599609375,65.55996537208557,-0.037419628351926804,-0.024532295763492584
25.9,1900,-25.544668197631836,0.4956168532371521,16.979656219482422,61.2914924621582,13121.08088281012,1040.70849609375,680.99560546875,65.43576717376709,-0.037510767579078674,-0.02454546093940735
26,1900,-25.553546905517578,0.49489179253578186,16.973892211914062,61.32173156738281,13119.403461205316,1040.868408203125,679.9124145507812,65.32164216041565,-0.03758358582854271,-0.024550218135118484
26.1,1900,-25.496477127075195,0.4940356910228729,16.996370315551758,61.291748046875,13126.063023142944,1041.7373046875,679.0807495117188,65.18733501434326,-0.037545572966337204,-0.024474959820508957
26.2,1900,-25.483661651611328,0.49299123883247375,17.005399703979492,61.19918441772461,13134.122573508208,1040.716552734375,678.0611572265625,65.15330076217651,-0.0375831313431263,-0.02448664791882038
26.3,1900,-25.417280197143555,0.4925764501094818,17.01080322265625,61.11520004272461,13137.5018961158,1039.61865234375,677.6649780273438,65.18399715423584,-0.03750714659690857,-0.024448657408356667
26.4,1900,-25.368038177490234,0.4914863109588623,17.002613067626953,61.026512145996094,13139.164163807567,1037.6102294921875,676.2507934570312,65.17387628555298,-0.03751276805996895,-0.02444852516055107
26.5,1900,-25.243425369262695,0.49162644147872925,17.014163970947266,60.91059494018555,13141.507191900448,1036.3428955078125,676.564208984375,65.28382301330566,-0.03731120377779007,-0.024358179420232773
26.6,1900,-25.081693649291992,0.4914039671421051,17.006528854370117,60.77305603027344,13148.58640066068,1033.5386962890625,676.6223754882812,65.46657085418701,-0.03706897050142288,-0.024267783388495445
26.7,1900,-25.073759078979492,0.4895062744617462,16.99891471862793,60.564231872558594,13155.446460524663,1029.5262451171875,674.3610229492188,65.50207734107971,-0.03718150779604912,-0.024354659020900726
26.8,1900,-25.1217098236084,0.48838603496551514,16.982633590698242,60.48991394042969,13146.47534400585,1027.278076171875,672.3589477539062,65.45053124427795,-0.03736354038119316,-0.02445463463664055
26.9,1900,-25.223876953125,0.4900020658969879,16.959794998168945,60.59161376953125,13125.751785082844,1027.621337890625,673.5203247070312,65.54168462753296,-0.03745080158114433,-0.024545885622501373
27,1900,-25.327251434326172,0.4912688136100769,16.993680953979492,60.73033905029297,13106.414226360055,1032.031982421875,674.2666625976562,65.33389091491699,-0.03756266087293625,-0.02454114891588688
27.1,1900,-25.407772064208984,0.49248090386390686,16.99082374572754,60.9288215637207,13095.72955198227,1035.2308349609375,675.3792724609375,65.23948311805725,-0.03762000799179077,-0.024543097242712975
27.2,1900,-25.404680252075195,0.4938657581806183,17.01258087158203,61.075584411621094,13096.93603659726,1039.0533447265625,677.3408203125,65.18826484680176,-0.03750649467110634,-0.02444983273744583
27.3,1900,-25.298660278320312,0.4941135346889496,17.000404357910156,61.10708236694336,13106.599570373373,1038.8450927734375,678.1806640625,65.28217196464539,-0.03730371966958046,-0.024352677166461945
27.4,1900,-25.197118759155273,0.4932605028152466,16.988204956054688,61.05004119873047,13120.113363746892,1037.130615234375,677.7078857421875,65.34450650215149,-0.03717990964651108,-0.024295030161738396
27.5,1900,-25.182659149169922,0.49246203899383545,16.971538543701172,60.99930953979492,13128.872325483164,1035.2520751953125,677.0625610351562,65.40074348449707,-0.037193991243839264,-0.024325145408511162
27.6,1900,-25.113279342651367,0.491579532623291,16.987483978271484,60.88513946533203,13136.057611634667,1034.2852783203125,676.2191162109375,65.3803288936615,-0.03713778406381607,-0.02428080327808857
27.7,1900,-25.09104347229004,0.4900130331516266,16.971681594848633,60.76240539550781,13140.883550094632,1031.240234375,674.3118896484375,65.38844108581543,-0.037209849804639816,-0.02433094009757042
27.8,1900,-25.074548721313477,0.48857301473617554,16.97996711730957,60.63933181762695,13143.918995444812,1029.65380859375,672.485595703125,65.31180739402771,-0.03728637471795082,-0.024352405220270157
27.9,1900,-25.058826446533203,0.48781657218933105,16.987749099731445,60.53903579711914,13145.432055377429,1028.4219970703125,671.5216674804688,65.29631614685059,-0.03731648251414299,-0.024366289377212524
28,1900,-24.994470596313477,0.4875124990940094,17.000885009765625,60.4146614074707,13148.058345075568,1027.1026611328125,671.2371826171875,65.35248756408691,-0.037236422300338745,-0.024334928020834923
28.1,1900,-25.04846954345703,0.48670876026153564,17.00179672241211,60.323020935058594,13144.32348835438,1025.5997314453125,669.940185546875,65.32179713249207,-0.0373891144990921,-0.02442324161529541
28.2,1900,-25.2255859375,0.4878777265548706,17.01373291015625,60.384666442871094,13126.001241805172,1027.3685302734375,670.6130981445312,65.27483463287354,-0.03761570528149605,-0.024553589522838593
28.3,1900,-25.193267822265625,0.4900844693183899,17.017696380615234,60.5013542175293,13111.674965555663,1029.5936279296875,672.9111328125,65.35696387290955,-0.037439219653606415,-0.02446913532912731
28.4,1900,-25.11867904663086,0.48960500955581665,17.01373291015625,60.57665252685547,13112.162222144134,1030.635009765625,672.27783203125,65.22947549819946,-0.03736354038119316,-0.02437204122543335
28.5,1900,-25.13819694519043,0.48860859870910645,16.98395538330078,60.53474044799805,13122.042573445258,1028.119384765625,671.4152221679688,65.30517935752869,-0.03744061291217804,-0.02445066161453724
28.6,1900,-25.189462661743164,0.4883168935775757,16.971708297729492,60.51747512817383,13125.159616788724,1027.0849609375,671.1737670898438,65.34744501113892,-0.03753046318888664,-0.024525199085474014
28.7,1900,-25.183027267456055,0.4881839156150818,17.03037452697754,60.591190338134766,13117.576831841365,1031.890625,670.6033325195312,64.98782634735107,-0.03755279257893562,-0.024404743686318398
28.8,1900,-25.200485229492188,0.4880785644054413,17.027517318725586,60.607120513916016,13119.715864951035,1031.98876953125,670.5679321289062,64.97821807861328,-0.037580810487270355,-0.02441933937370777
28.9,1900,-25.150096893310547,0.48882052302360535,17.024587631225586,60.57809066772461,13124.161789899417,1031.3170166015625,671.8148803710938,65.14145135879517,-0.03743605315685272,-0.024386387318372726
29,1900,-25.073406219482422,0.4889961779117584,17.026676177978516,60.50904083251953,13132.473128358244,1030.267822265625,672.48193359375,65.2725338935852,-0.03728487715125084,-0.024336785078048706
29.1,1900,-25.014917373657227,0.4870433509349823,17.03361701965332,60.3502311706543,13141.170308756744,1027.982666015625,670.2399291992188,65.1995301246643,-0.037322334945201874,-0.024333985522389412
29.2,1900,-24.976322174072266,0.48528149724006653,17.023818969726562,60.152156829833984,13152.56138861925,1024.0194091796875,668.3942260742188,65.2716338634491,-0.037367649376392365,-0.024390477687120438
29.3,1900,-24.869535446166992,0.4834529757499695,17.067813873291016,59.92308807373047,13162.01393329844,1022.756103515625,666.3543090820312,65.15280604362488,-0.0373217910528183,-0.024316193535923958
29.4,1900,-24.76776695251465,0.4833490550518036,17.064645767211914,59.743621826171875,13158.860753700807,1019.5037231445312,666.0514526367188,65.33094644546509,-0.03718596696853638,-0.024293944239616394
29.5,1900,-24.947572708129883,0.4835149347782135,17.033546447753906,59.74652862548828,13141.331173372077,1017.6952514648438,665.3924560546875,65.38228988647461,-0.0374930202960968,-0.024513794109225273
29.6,1900,-25.047056198120117,0.4846895635128021,17.008544921875,59.96480178833008,13113.985354451232,1019.9140014648438,665.6209716796875,65.26245474815369,-0.03762960806488991,-0.02455800771713257
29.7,1900,-25.061128616333008,0.48598548769950867,17.019041061401367,60.17546844482422,13100.852740274913,1024.1287841796875,666.7322998046875,65.10238647460938,-0.03758799284696579,-0.024470681324601173
29.8,1900,-25.1936092376709,0.48641082644462585,17.038299560546875,60.277565002441406,13100.408614054322,1027.0272216796875,667.293212890625,64.97327089309692,-0.037754930555820465,-0.024530615657567978
29.9,1900,-25.2285213470459,0.48712241649627686,17.06166648864746,60.36073303222656,13101.5952820138,1029.854736328125,668.3299560546875,64.89555835723877,-0.03774860128760338,-0.02449716627597809
30,1900,-25.209110260009766,0.48815861344337463,17.07427406311035,60.463138580322266,13102.675872582011,1032.3642578125,669.8068237304688,64.88086581230164,-0.03763638809323311,-0.024418814107775688
30.1,1900,-25.219369888305664,0.4885132610797882,17.057344436645508,60.51620864868164,13108.491478131953,1032.245849609375,670.5909423828125,64.96427059173584,-0.03760768100619316,-0.024431554600596428
30.2,1900,-25.293292999267578,0.48884862661361694,17.032249450683594,60.62392807006836,13106.964429971917,1032.5618896484375,670.97314453125,64.98140096664429,-0.03769643232226372,-0.024495668709278107
30.3,1900,-25.2791805267334,0.4883304834365845,17.02643585205078,60.715850830078125,13107.87249906861,1033.7745361328125,670.3084106445312,64.84087109565735,-0.037712760269641876,-0.024453282356262207
30.4,1900,-25.223613739013672,0.4873385429382324,17.056720733642578,60.64274215698242,13122.364302675924,1034.3663330078125,669.6864013671875,64.74363803863525,-0.03766481578350067,-0.024385571479797363
30.5,1900,-25.149015426635742,0.48693257570266724,17.06087303161621,60.549373626708984,13131.809853241404,1033.025146484375,669.6101684570312,64.82031345367432,-0.0375576987862587,-0.024345016106963158
30.6,1900,-25.157052993774414,0.4865826666355133,17.075138092041016,60.49943542480469,13129.858495516288,1033.0362548828125,669.029541015625,64.76341485977173,-0.03760230541229248,-0.024352537468075752
30.7,1900,-25.1743106842041,0.48778828978538513,17.073986053466797,60.504398345947266,13126.518806219718,1033.05126953125,670.5166015625,64.90642428398132,-0.037544649094343185,-0.0243688877671957
30.8,1900,-25.15367889404297,0.4892302453517914,17.068511962890625,60.53627014160156,13119.88139230884,1033.2640380859375,672.15869140625,65.05197882652283,-0.03742223232984543,-0.024343902245163918
30.9,1900,-25.167945861816406,0.4892711043357849,17.047761917114258,60.60600662231445,13117.315718262855,1033.19677734375,672.0833740234375,65.04892110824585,-0.03744765371084213,-0.024359295144677162
31,1900,-25.159900665283203,0.48837876319885254,17.08318328857422,60.587581634521484,13124.012582140269,1035.02880859375,671.2001342773438,64.84845280647278,-0.037484947592020035,-0.024308407679200172
31.1,1900,-25.10361099243164,0.48700806498527527,17.072664260864258,60.48336410522461,13133.620163006699,1032.6121826171875,669.8062744140625,64.86523151397705,-0.037478912621736526,-0.02431078441441059
31.2,1900,-25.09965705871582,0.4852635860443115,17.061811447143555,60.382423400878906,13139.657248824127,1030.2335205078125,667.7138061523438,64.81189131736755,-0.03759044036269188,-0.0243630763143301
31.3,1900,-25.122526168823242,0.484457403421402,17.05465316772461,60.31386184692383,13138.13020066409,1028.6319580078125,666.5270385742188,64.79742527008057,-0.03769168257713318,-0.02442323975265026
31.4,1900,-25.165054321289062,0.48448866605758667,17.072063446044922,60.30307388305664,13131.144246753327,1029.4979248046875,666.2156372070312,64.71267342567444,-0.03777313604950905,-0.024444008246064186
31.5,1900,-25.2916202545166,0.48551246523857117,17.051076889038086,60.34457778930664,13122.402770301329,1028.9400634765625,667.1790161132812,64.8413896560669,-0.037908297032117844,-0.02458026632666588
31.6,1900,-25.382434844970703,0.4875398278236389,17.062891006469727,60.46961975097656,13108.207050841076,1031.7864990234375,669.2401733398438,64.86226916313171,-0.03792724385857582,-0.024600470438599586
31.7,1900,-25.425127029418945,0.4899708926677704,17.073169708251953,60.653812408447266,13097.422127500113,1035.5528564453125,672.02392578125,64.89518284797668,-0.03783366456627846,-0.024552226066589355
31.8,1900,-25.376440048217773,0.49169549345970154,17.061763763427734,60.88998794555664,13086.950773590484,1038.890625,673.85009765625,64.86247181892395,-0.03765887767076492,-0.024426480755209923
31.9,1900,-25.40843963623047,0.49173545837402344,17.05607032775879,61.13669204711914,13080.75515452896,1042.751708984375,673.5858764648438,64.5969569683075,-0.03772116079926491,-0.024366719648241997
32,1900,-25.525169372558594,0.4939477741718292,17.073938369750977,61.418582916259766,13074.445298276838,1048.6571044921875,676.2899169921875,64.4910454750061,-0.037742938846349716,-0.024340815842151642
32.1,1900,-25.57706069946289,0.49545368552207947,17.06418800354004,61.65837097167969,13077.312884897976,1052.1500244140625,678.5005493164062,64.48705196380615,-0.03769644722342491,-0.024309327825903893
32.2,1900,-25.5411319732666,0.49681058526039124,17.062650680541992,61.78568649291992,13087.593066366195,1054.2275390625,680.8935546875,64.58696126937866,-0.037511195987463,-0.024227341637015343
32.3,1900,-25.503490447998047,0.49653440713882446,17.07444190979004,61.83159637451172,13097.703057734134,1055.739990234375,681.040771484375,64.50837850570679,-0.037447817623615265,-0.024156980216503143
32.4,1900,-25.42486000061035,0.4964468479156494,17.060394287109375,61.8698844909668,13109.486973650022,1055.524658203125,681.5332641601562,64.56820368766785,-0.037305381149053574,-0.024087416008114815
32.5,1900,-25.292095184326172,0.4933607876300812,17.063779830932617,61.68760681152344,13135.841959795272,1052.623779296875,678.6582641601562,64.47302103042603,-0.037267789244651794,-0.024027669802308083
32.6,1900,-25.099472045898438,0.4897380769252777,17.04502296447754,61.35606384277344,13163.476868749469,1045.8155517578125,675.0922241210938,64.55175280570984,-0.03717932477593422,-0.023999903351068497
32.7,1900,-24.983684539794922,0.4875522553920746,17.038972854614258,61.012847900390625,13176.94520038387,1039.5963134765625,672.7667846679688,64.71423506736755,-0.03713572770357132,-0.024032102897763252
32.8,1900,-24.90642738342285,0.4853244721889496,17.04377555847168,60.74165725708008,13177.727375433782,1035.2672119140625,669.732421875,64.6917462348938,-0.03718862310051918,-0.024057971313595772
32.9,1900,-24.80784797668457,0.48391568660736084,17.04363250732422,60.39030456542969,13185.6505405817,1029.2701416015625,668.1898803710938,64.91880416870117,-0.037126943469047546,-0.02410236746072769
33,1900,-24.752395629882812,0.48123258352279663,17.049419403076172,60.00001525878906,13190.644337770706,1022.9654541015625,664.7366943359375,64.98134732246399,-0.03723639249801636,-0.02419670857489109
33.1,1900,-24.68733787536621,0.4790223240852356,17.04785919189453,59.72574234008789,13185.448876969725,1018.196044921875,661.4229736328125,64.96027708053589,-0.037324585020542145,-0.024246154353022575
33.2,1900,-24.683368682861328,0.47800877690315247,17.021177291870117,59.551639556884766,13172.499275435488,1013.6390380859375,659.3753051757812,65.05030989646912,-0.03743447735905647,-0.024351241067051888
33.3,1900,-24.660383224487305,0.4767847955226898,17.024106979370117,59.443267822265625,13161.549990422338,1011.9685668945312,657.1401977539062,64.93682265281677,-0.03752681985497475,-0.02436872571706772
33.4,1900,-24.71843719482422,0.4770904779434204,17.0361385345459,59.36703872680664,13149.462996245678,1011.3850708007812,656.9576416015625,64.95623588562012,-0.037625618278980255,-0.024440184235572815
33.5,1900,-24.788755416870117,0.47719085216522217,17.044544219970703,59.413516998291016,13134.539888959576,1012.6763305664062,656.3501586914062,64.8134171962738,-0.03776757791638374,-0.024478457868099213
33.6,1900,-24.86514663696289,0.47968387603759766,17.05066680908203,59.5615234375,13113.634483080108,1015.563720703125,658.7290649414062,64.86338973045349,-0.03774715214967728,-0.02448408305644989
33.7,1900,-24.80556869506836,0.48149555921554565,17.05708122253418,59.74070358276367,13102.86005090971,1019.0020141601562,660.6737060546875,64.8353636264801,-0.03754587098956108,-0.02434300258755684
33.8,1900,-24.786273956298828,0.481966108083725,17.030494689941406,59.8310546875,13105.184428032697,1018.9524536132812,661.4366455078125,64.91339802742004,-0.037473391741514206,-0.02432524971663952
33.9,1900,-24.630775451660156,0.48157069087028503,17.027132034301758,59.84989929199219,13113.150723548493,1019.0721435546875,661.2957153320312,64.89194631576538,-0.037246234714984894,-0.024169806391000748
34,1900,-24.5675048828125,0.47940367460250854,17.02607536315918,59.66892623901367,13133.385860197412,1015.9276123046875,659.3358154296875,64.89987969398499,-0.0372609868645668,-0.024182338267564774
34.1,1900,-24.593700408935547,0.47792795300483704,17.026748657226562,59.4470329284668,13149.472321730625,1012.189697265625,658.111328125,65.0185763835907,-0.037370119243860245,-0.024297520518302917
34.2,1900,-24.614578247070312,0.47718384861946106,17.039596557617188,59.32590866088867,13148.470997784463,1010.8895263671875,657.0366821289062,64.99589085578918,-0.03746302053332329,-0.024349423125386238
34.3,1900,-24.590742111206055,0.4760308563709259,17.01906394958496,59.22245407104492,13150.084306680259,1007.9107055664062,655.529541015625,65.03844857215881,-0.03751279041171074,-0.02439773827791214
34.4,1900,-24.56308364868164,0.4740001857280731,17.024564743041992,59.07469177246094,13152.901768819807,1005.7208862304688,652.8729858398438,64.91591930389404,-0.03762306645512581,-0.02442335896193981
34.5,1900,-24.622093200683594,0.4749380648136139,17.031648635864258,59.00932693481445,13145.43788380552,1005.026123046875,653.7935791015625,65.05239605903625,-0.03766034543514252,-0.02449895814061165
34.6,1900,-24.69195556640625,0.4756687581539154,17.033185958862305,59.09540557861328,13127.689154580541,1006.5830078125,653.9153442382812,64.96387720108032,-0.0377601720392704,-0.024530470371246338
34.7,1900,-24.758819580078125,0.47827550768852234,17.027421951293945,59.26984786987305,13108.824864218801,1009.2127075195312,656.5540771484375,65.05606770515442,-0.03771024942398071,-0.024532806128263474
34.8,1900,-24.779605865478516,0.47987261414527893,17.01798439025879,59.4608154296875,13099.662575258579,1011.9032592773438,658.2861328125,65.05425572395325,-0.03764260932803154,-0.024488117545843124
34.9,1900,-24.70765495300293,0.4797747731208801,17.009721755981445,59.49127960205078,13108.820201476328,1011.9301147460938,658.6119995117188,65.0847315788269,-0.037514735013246536,-0.02441636472940445
35,1900,-24.617822647094727,0.4786751866340637,17.011402130126953,59.42796325683594,13123.435567759185,1010.9530029296875,657.8351440429688,65.07079601287842,-0.03742247819900513,-0.024351105093955994
35.1,1900,-24.579694747924805,0.4770711660385132,17.019521713256836,59.273094177246094,13138.997470764143,1008.7997436523438,656.408203125,65.06823897361755,-0.03744574263691902,-0.024365287274122238
35.2,1900,-24.670873641967773,0.4755982756614685,17.023313522338867,59.158226013183594,13142.487533505478,1007.0690307617188,654.5554809570312,64.99608755111694,-0.037691034376621246,-0.02449769899249077
35.3,1900,-24.782623291015625,0.4773713946342468,17.02886199951172,59.22046661376953,13127.459514513726,1008.4571533203125,656.2445068359375,65.07411003112793,-0.03776431083679199,-0.02457479014992714
35.4,1900,-24.80733871459961,0.4782807528972626,17.01298713684082,59.30268859863281,13117.363511373207,1008.9158935546875,656.9889526367188,65.11830687522888,-0.03775914013385773,-0.02458811365067959
35.5,1900,-24.80034637451172,0.4783206284046173,17.019041061401367,59.340240478515625,13114.041307360912,1009.9140014648438,656.8773193359375,65.04290103912354,-0.03775491192936897,-0.02455689013004303
35.6,1900,-24.703834533691406,0.4782412052154541,17.016639709472656,59.38743591308594,13114.632309969415,1010.5745849609375,656.7978515625,64.9925172328949,-0.037612538784742355,-0.02444533444941044
35.7,1900,-24.708118438720703,0.47711479663848877,17.006528854370117,59.41020965576172,13113.481778264104,1010.3614501953125,655.1934204101562,64.84742760658264,-0.03771118447184563,-0.02445473149418831
35.8,1900,-24.79377555847168,0.4772457480430603,17.010778427124023,59.47942352294922,13112.17970742841,1011.7913208007812,655.3081665039062,64.76712822914124,-0.037835292518138885,-0.024504831060767174
35.9,1900,-24.793184280395508,0.4773840606212616,17.02492332458496,59.51340103149414,13116.535874584179,1013.2110595703125,655.7158813476562,64.71660733222961,-0.03781086578965187,-0.024469910189509392
36,1900,-24.73383903503418,0.4765470623970032,17.004751205444336,59.446189880371094,13127.199566620833,1010.86767578125,655.0983276367188,64.80554938316345,-0.03775591775774956,-0.02446793019771576
36.1,1900,-24.756906509399414,0.4761108458042145,17.013877868652344,59.3632698059082,13131.856480666138,1009.9994506835938,654.7308959960938,64.82487320899963,-0.03781234100461006,-0.024511802941560745
36.2,1900,-24.8237361907959,0.47832292318344116,17.008569717407227,59.38536834716797,13124.037061538253,1010.0601806640625,657.3811645507812,65.08336663246155,-0.03776155784726143,-0.024576492607593536
36.3,1900,-24.87191390991211,0.47990790009498596,17.019712448120117,59.51417541503906,13111.391703950405,1012.9141235351562,658.9239501953125,65.05230069160461,-0.037746258080005646,-0.02455480955541134
36.4,1900,-24.894203186035156,0.4811314344406128,17.003814697265625,59.69619369506836,13101.343493920238,1015.06298828125,660.09765625,65.03021121025085,-0.037712909281253815,-0.024524785578250885
36.5,1900,-24.858598709106445,0.4811728000640869,16.994905471801758,59.827972412109375,13096.444117266317,1016.770751953125,659.9075317382812,64.90229368209839,-0.037669822573661804,-0.02444857731461525
36.6,1900,-24.847558975219727,0.47940123081207275,16.99588966369629,59.83701705932617,13111.595698933615,1016.9833374023438,658.238525390625,64.72461223602295,-0.037748564034700394,-0.024432610720396042
36.7,1900,-24.827632904052734,0.4799357056617737,17.005231857299805,59.83258819580078,13115.455284015969,1017.467041015625,659.1663818359375,64.78503346443176,-0.03766519948840141,-0.024401413276791573
36.8,1900,-24.785797119140625,0.4792363941669464,17.009193420410156,59.90071105957031,13114.505250237014,1018.86279296875,658.1582641601562,64.59733843803406,-0.03765932843089104,-0.024326924234628677
36.9,1900,-24.735713958740234,0.4803467392921448,17.01471710205078,59.91510009765625,13117.617630838005,1019.4384765625,659.8396606445312,64.72579836845398,-0.0374874584376812,-0.024264058098196983
37,1900,-24.645599365234375,0.48018133640289307,17.02393913269043,59.820274353027344,13128.597223677234,1018.376708984375,660.16455078125,64.82518315315247,-0.03733250871300697,-0.024200867861509323
37.1,1900,-24.577104568481445,0.4789585471153259,17.008281707763672,59.687156677246094,13140.24941711825,1015.1759643554688,659.06787109375,64.92154002189636,-0.037290703505277634,-0.024209698662161827
37.2,1900,-24.588111877441406,0.47840505838394165,17.01217269897461,59.59513473510742,13140.509365011141,1013.8427124023438,658.3192749023438,64.93307948112488,-0.03734982758760452,-0.02425239235162735
37.3,1900,-24.70943832397461,0.4779217839241028,16.98887825012207,59.62751388549805,13130.429681469279,1013.0045776367188,657.1497802734375,64.87135887145996,-0.03760092332959175,-0.024392228573560715
37.4,1900,-24.90439224243164,0.47901517152786255,16.9862117767334,59.801170349121094,13110.283136927355,1015.7953491210938,657.6426391601562,64.74164724349976,-0.03786918893456459,-0.024517135694622993
37.5,1900,-25.12272834777832,0.48155930638313293,17.004150390625,60.06338119506836,13090.227515863664,1021.3267822265625,660.1240844726562,64.63397741317749,-0.038057584315538406,-0.024598129093647003
37.6,1900,-25.322948455810547,0.48485904932022095,17.0081844329834,60.39668655395508,13072.497437608577,1027.238037109375,663.7471923828125,64.61474299430847,-0.03815149515867233,-0.02465149201452732
37.7,1900,-25.395353317260742,0.4880422055721283,17.004077911376953,60.75810623168945,13062.816418548191,1033.1356201171875,667.6099853515625,64.61978554725647,-0.038039203733205795,-0.024580853059887886
37.8,1900,-25.3347110748291,0.48812249302864075,16.996633529663086,60.974609375,13074.504748243375,1036.363037109375,668.3172607421875,64.48678970336914,-0.03790820762515068,-0.0244457870721817
37.9,1900,-25.254793167114258,0.48724690079689026,16.996538162231445,60.959815979003906,13101.25140475639,1036.1058349609375,668.483154296875,64.51880931854248,-0.037779249250888824,-0.024374723434448242
38,1900,-25.191286087036133,0.48642244935035706,17.00033187866211,60.87723159790039,13118.727363546674,1034.93310546875,668.2422485351562,64.5686388015747,-0.03769783303141594,-0.024340979754924774
38.1,1900,-25.216712951660156,0.4861844480037689,17.001869201660156,60.87621307373047,13120.02244026866,1035.0093994140625,667.981201171875,64.53866362571716,-0.03775063157081604,-0.024363752454519272
38.2,1900,-25.2814884185791,0.48745885491371155,16.997955322265625,61.00455856323242,13108.414542881143,1036.9527587890625,669.1396484375,64.52942490577698,-0.037782080471515656,-0.024380559101700783
38.3,1900,-25.400821685791016,0.48954448103904724,16.996152877807617,61.229896545410156,13097.024628704256,1040.6727294921875,671.418701171875,64.51776027679443,-0.037831567227840424,-0.02440807968378067
38.4,1900,-25.43294906616211,0.49070003628730774,16.99843406677246,61.50409698486328,13083.412917738797,1045.473388671875,672.3040771484375,64.30619359016418,-0.03782953321933746,-0.024326730519533157
38.5,1900,-25.486305236816406,0.49051135778427124,16.98693084716797,61.71804428100586,13081.473216869863,1048.400146484375,671.9459228515625,64.09251093864441,-0.037929099053144455,-0.024309711530804634
38.6,1900,-25.467527389526367,0.49065282940864563,16.99730682373047,61.79427719116211,13092.733739943114,1050.3363037109375,672.7183227539062,64.04789686203003,-0.03785763680934906,-0.024247022345662117
38.7,1900,-25.431724548339844,0.4908858835697174,17.00446319580078,61.81796646118164,13104.247216795546,1051.181396484375,673.6296997070312,64.08311128616333,-0.03775326907634735,-0.024193471297621727
38.8,1900,-25.430349349975586,0.49041464924812317,16.99603271484375,61.80351257324219,13114.08443772879,1050.41455078125,673.48828125,64.1164243221283,-0.03775915876030922,-0.024209823459386826
38.9,1900,-25.404300689697266,0.49087825417518616,17.004798889160156,61.81305694580078,13118.550179332686,1051.11865234375,674.3544921875,64.15588855743408,-0.037672027945518494,-0.024168824777007103
39,1900,-25.41524887084961,0.4915660321712494,17.012413024902344,61.794010162353516,13122.530995719346,1051.2652587890625,675.5042724609375,64.25631046295166,-0.037624113261699677,-0.024175867438316345
39.1,1900,-25.360326766967773,0.49222737550735474,17.00165367126465,61.826881408691406,13121.486541405306,1051.1591796875,676.3592529296875,64.34412598609924,-0.03749535232782364,-0.02412605658173561
39.2,1900,-25.476110458374023,0.49266618490219116,16.98275375366211,61.941139221191406,13113.872282946251,1051.93115234375,676.5693359375,64.31688666343689,-0.03765483945608139,-0.024218421429395676
39.3,1900,-25.583911895751953,0.4934845268726349,16.974468231201172,62.10689163208008,13102.783115658898,1054.2314453125,677.1201171875,64.22879099845886,-0.0377834178507328,-0.024267831817269325
39.4,1900,-25.560087203979492,0.49415671825408936,16.98813247680664,62.28059768676758,13095.82164114612,1058.031005859375,677.6821899414062,64.05125856399536,-0.03771692141890526,-0.024158162996172905
39.5,1900,-25.540273666381836,0.49390485882759094,17.00242042541504,62.31111145019531,13105.848868835157,1059.439697265625,677.8554077148438,63.98244500160217,-0.037678055465221405,-0.02410734072327614
39.6,1900,-25.483741760253906,0.49348777532577515,17.00520896911621,62.19197463989258,13126.363770032478,1057.5875244140625,678.3431396484375,64.14061784744263,-0.0375676266849041,-0.024096107110381126
39.7,1900,-25.290878295898438,0.49062517285346985,17.011259078979492,61.93914031982422,13150.359408486189,1053.6627197265625,675.64111328125,64.12308812141418,-0.037432413548231125,-0.024002820253372192
39.8,1900,-25.13275146484375,0.4886462092399597,17.012556076049805,61.65499496459961,13164.810413096859,1048.9090576171875,673.6553344726562,64.22438025474548,-0.03730802610516548,-0.02396084927022457
39.9,1900,-25.095674514770508,0.48747339844703674,16.999418258666992,61.41807174682617,13167.519466473901,1044.071533203125,672.1767578125,64.38034176826477,-0.03733493387699127,-0.024036357179284096
40,1900,-25.0996150970459,0.48749619722366333,17.000308990478516,61.26264572143555,13159.883059988098,1041.48388671875,671.818359375,64.5058810710907,-0.03736071661114693,-0.024099858477711678
40.1,1900,-25.126073837280273,0.48772984743118286,17.00400733947754,61.24347686767578,13145.873850226782,1041.384521484375,671.4248657226562,64.4742488861084,-0.037422019988298416,-0.024127565324306488
40.2,1900,-25.076190948486328,0.48720329999923706,16.98918914794922,61.19390869140625,13141.64590848903,1039.6348876953125,670.4842529296875,64.49228525161743,-0.03740011900663376,-0.024120189249515533
40.3,1900,-25.065338134765625,0.48675018548965454,16.97814178466797,61.165096282958984,13136.364186952293,1038.4697265625,669.5914916992188,64.47867751121521,-0.03743377700448036,-0.024136804044246674
40.4,1900,-25.060115814208984,0.48570704460144043,16.977901458740234,61.14339065551758,13134.640137922754,1038.08642578125,668.0687866210938,64.35579657554626,-0.037511277943849564,-0.024140682071447372
40.5,1900,-25.06451416015625,0.4837915897369385,16.975740432739258,61.017452239990234,13141.054905880528,1035.81640625,665.7591552734375,64.27385807037354,-0.03764801844954491,-0.024197833612561226
40.6,1900,-25.042285919189453,0.4823930263519287,16.983064651489258,60.77266311645508,13150.889795442537,1032.1060791015625,664.3314208984375,64.36657905578613,-0.037695471197366714,-0.0242632869631052
40.7,1900,-25.10692024230957,0.4825385510921478,16.990463256835938,60.75648498535156,13139.411289158656,1032.2808837890625,663.9517822265625,64.31891322135925,-0.03781437128782272,-0.024321792647242546
40.8,1900,-25.066017150878906,0.48379114270210266,16.995241165161133,60.79693603515625,13130.786381268494,1033.258544921875,665.2383422851562,64.38255906105042,-0.037679754197597504,-0.024259191006422043
40.9,1900,-25.038593292236328,0.48360803723335266,17.000091552734375,60.7407112121582,13132.794857588908,1032.59765625,665.0882568359375,64.40923810005188,-0.03764702379703522,-0.024248160421848297
41,1897,-25.044546127319336,0.4838084876537323,16.992023468017578,60.73129653930664,13130.254828626526,1031.9476318359375,665.2352294921875,64.46405053138733,-0.03764765337109566,-0.02426920272409916
41.1,1897,-25.051374435424805,0.48402681946754456,16.996753692626953,60.682273864746094,13117.571003413272,1031.401611328125,664.892578125,64.46495056152344,-0.037677329033613205,-0.024288669228553772
41.2,1897,-25.180381774902344,0.4834766387939453,16.975454330444336,60.68132019042969,13096.193494858373,1030.093017578125,663.054443359375,64.36840891838074,-0.03797633945941925,-0.024444766342639923
41.3,1897,-25.248708724975586,0.48422518372535706,16.985898971557617,60.7592887878418,13080.391460616036,1032.0511474609375,663.2797241210938,64.26810622215271,-0.038066454231739044,-0.024464590474963188
41.4,1897,-25.367961883544922,0.4864407777786255,16.991039276123047,60.86434555053711,13066.684163429873,1034.1484375,665.6163330078125,64.36371207237244,-0.038111988455057144,-0.024530289694666862
41.5,1897,-25.295101165771484,0.48773589730262756,16.994401931762695,60.9556770324707,13063.782771925802,1035.9052734375,667.2403564453125,64.41132426261902,-0.03791002929210663,-0.024418354034423828
41.6,1897,-25.20046615600586,0.48690709471702576,16.996057510375977,60.933799743652344,13074.609659949027,1035.6343994140625,666.6585693359375,64.37199711799622,-0.03780115768313408,-0.02433336153626442
41.7,1897,-25.018260955810547,0.48358768224716187,16.98138427734375,60.700477600097656,13100.09271325175,1030.778076171875,663.4041748046875,64.35955166816711,-0.037711940705776215,-0.02427123673260212
41.8,1897,-24.78139305114746,0.48141244053840637,16.981433868408203,60.426666259765625,13118.841600737273,1026.1314697265625,661.3652954101562,64.4523024559021,-0.037470053881406784,-0.024150310084223747
41.9,1897,-24.596149444580078,0.4790722131729126,16.990053176879883,60.102203369140625,13132.385701936868,1021.1396484375,658.8297729492188,64.51907157897949,-0.037333086133003235,-0.024086959660053253
42,1897,-24.497365951538086,0.47634750604629517,16.995193481445312,59.711734771728516,13143.213755645711,1014.8125,655.6228637695312,64.60531949996948,-0.03736502677202225,-0.02413979545235634
42.1,1897,-24.55021858215332,0.4745884835720062,16.981647491455078,59.470516204833984,13137.987987018652,1009.9073486328125,652.9420776367188,64.6536648273468,-0.03759938105940819,-0.024309378117322922
42.2,1897,-24.77787208557129,0.47491776943206787,16.986356735229492,59.404659271240234,13115.739711306845,1009.0687255859375,652.2886352539062,64.64263796806335,-0.03798605501651764,-0.024555187672376633
42.3,1897,-24.912883758544922,0.4771815836429596,16.99101448059082,59.50217056274414,13089.711117134735,1011.0022583007812,654.0972900390625,64.69790935516357,-0.038087427616119385,-0.024641769006848335
42.4,1897,-25.02247428894043,0.47803452610969543,16.97343635559082,59.74723815917969,13062.906176340803,1014.115966796875,653.9246215820312,64.4822359085083,-0.03826507553458214,-0.024674175307154655
42.5,1897,-25.041824340820312,0.47855281829833984,16.988012313842773,59.93807601928711,13051.59086604349,1018.228759765625,654.0665893554688,64.23571705818176,-0.03828635439276695,-0.024593515321612358
42.6,1897,-25.1496639251709,0.48045796155929565,16.991928100585938,60.118743896484375,13047.876991663432,1021.5333862304688,656.4835815429688,64.26452398300171,-0.03830966353416443,-0.02461952343583107
42.7,1897,-25.161012649536133,0.48362997174263,16.9920711517334,60.3802375793457,13039.29404845553,1025.9853515625,660.383056640625,64.3657386302948,-0.03810063377022743,-0.02452375553548336
42.8,1897,-25.113483428955078,0.48388510942459106,16.97259521484375,60.572418212890625,13041.000612200793,1028.0711669921875,660.81787109375,64.27744626998901,-0.03800363838672638,-0.02442776784300804
42.9,1897,-25.180587768554688,0.48469775915145874,16.98284912109375,60.680442810058594,13048.254673803776,1030.52685546875,662.2958984375,64.26770091056824,-0.03802014887332916,-0.02443467453122139
43,1897,-25.133228302001953,0.4851748049259186,16.996994018554688,60.766578674316406,13057.313216743965,1032.84912109375,663.407958984375,64.23086524009705,-0.03788502514362335,-0.024333881214261055
43.1,1897,-24.99029541015625,0.4850088059902191,16.995361328125,60.718563079833984,13071.779375267675,1031.9339599609375,663.9157104492188,64.33703899383545,-0.0376407653093338,-0.02421695366501808
43.2,1897,-24.83449363708496,0.48363396525382996,16.996322631835938,60.57301712036133,13090.387214793378,1029.5185546875,662.9761352539062,64.39671516418457,-0.037459105253219604,-0.024122433736920357
43.3,1897,-24.884674072265625,0.48187196254730225,16.98421859741211,60.39258575439453,13102.603600073673,1025.7208251953125,661.1771850585938,64.4597589969635,-0.03763692080974579,-0.024260668084025383
43.4,1897,-24.88128089904785,0.4803732931613922,16.973651885986328,60.28810501098633,13102.266716929971,1023.309326171875,659.1039428710938,64.40906524658203,-0.037750162184238434,-0.024314526468515396
43.5,1897,-24.950695037841797,0.4790765345096588,16.982128143310547,60.171142578125,13103.952298334103,1021.8340454101562,657.4092407226562,64.3362045288086,-0.03795306384563446,-0.024417560547590256
43.6,1897,-25.021883010864258,0.4797176420688629,16.980735778808594,60.15030288696289,13094.55687225021,1021.3964233398438,657.8170166015625,64.40369486808777,-0.038037754595279694,-0.02449771948158741
43.7,1897,-25.08711051940918,0.4819686710834503,16.994855880737305,60.26628112792969,13077.90388750648,1024.216796875,660.0632934570312,64.44566249847412,-0.03800712898373604,-0.024493945762515068
43.8,1897,-25.11887550354004,0.483517050743103,16.98525047302246,60.390464782714844,13066.233043095572,1025.7471923828125,661.5928344726562,64.49862718582153,-0.037967272102832794,-0.02448836900293827
43.9,1897,-25.190370559692383,0.4833281636238098,16.964597702026367,60.590728759765625,13052.892936879187,1027.8973388671875,660.6592407226562,64.27288055419922,-0.03812914341688156,-0.024506699293851852
44,1897,-25.229310989379883,0.48477861285209656,16.982154846191406,60.79643249511719,13047.57507908828,1032.4544677734375,662.3718872070312,64.15507197380066,-0.03808934614062309,-0.02443624660372734
44.1,1897,-25.156269073486328,0.4858449399471283,16.99012565612793,60.92204666137695,13049.237346780044,1035.0732421875,663.9133911132812,64.1416847705841,-0.03789088875055313,-0.024303855374455452
44.2,1897,-25.012950897216797,0.4851333796977997,16.985876083374023,60.862361907958984,13071.100946237795,1033.800537109375,664.0517578125,64.23403024673462,-0.0376671701669693,-0.024195142090320587
44.3,1897,-24.8228759765625,0.48254624009132385,16.992887496948242,60.63969039916992,13096.709893587302,1030.4434814453125,661.8045654296875,64.22522068023682,-0.03750786557793617,-0.0240895077586174
44.4,1897,-24.67140007019043,0.47846949100494385,16.973148345947266,60.34357833862305,13118.569995988197,1024.220458984375,657.3086547851562,64.17648196220398,-0.0375339649617672,-0.024087976664304733
44.5,1897,-24.538888931274414,0.47727835178375244,16.966304779052734,60.10226821899414,13126.022224146302,1019.71337890625,656.0447998046875,64.33619260787964,-0.03740428760647774,-0.024064496159553528
44.6,1897,-24.584978103637695,0.4769684076309204,16.97312355041504,59.931007385253906,13120.552827225009,1017.2163696289062,655.3455810546875,64.42538499832153,-0.03751452639698982,-0.02416887693107128
44.7,1897,-24.6734561920166,0.4762389659881592,16.982898712158203,59.883148193359375,13104.797420407405,1016.9894409179688,653.5575561523438,64.26395177841187,-0.037752535194158554,-0.024261271581053734
44.8,1897,-24.602449417114258,0.47702980041503906,16.988733291625977,59.811378479003906,13100.555490442235,1016.1195678710938,654.4309692382812,64.40491676330566,-0.03759365156292915,-0.02421215921640396
44.9,1897,-24.5303955078125,0.47695210576057434,16.990222930908203,59.699039459228516,13098.975986429372,1014.2999877929688,654.2454833984375,64.50216770172119,-0.037494175136089325,-0.024184556677937508
45,1875,-24.48014259338379,0.47651806473731995,16.985490798950195,59.610897064208984,13098.375658335923,1012.5203247070312,653.6201171875,64.5537793636322,-0.03745316341519356,-0.0241774320602417
45.1,1875,-24.401647567749023,0.47170889377593994,17.006576538085938,58.82329559326172,13085.764105631006,1000.3828735351562,646.400634765625,64.6153211593628,-0.037750035524368286,-0.02439230866730213
45.2,1875,-24.263195037841797,0.4646563231945038,16.997787475585938,57.52711486816406,13025.168270132377,977.8336791992188,633.7877197265625,64.81549143791199,-0.0382828414440155,-0.024813212454319
45.3,1875,-24.01873207092285,0.46174174547195435,16.970073699951172,56.72248458862305,12959.577471759125,962.584716796875,626.6406860351562,65.09979367256165,-0.0383293516933918,-0.024952329695224762
45.4,1875,-24.08437728881836,0.4594494104385376,16.983474731445312,56.211875915527344,12905.560765890457,954.6729736328125,620.9307861328125,65.04120230674744,-0.038787540048360825,-0.025227881968021393
45.5,1875,-24.015474319458008,0.45657360553741455,16.96793556213379,55.898075103759766,12861.051391925044,948.4749145507812,614.9161376953125,64.83209133148193,-0.03905487805604935,-0.02532009407877922
45.6,1875,-24.001638412475586,0.457040011882782,16.98040008544922,55.72771453857422,12824.814888793053,946.2788696289062,613.8099975585938,64.86565470695496,-0.039102718234062195,-0.025364233180880547
45.7,1875,-24.0133113861084,0.4580994248390198,16.986717224121094,55.61564254760742,12800.07903997169,944.7271728515625,614.046142578125,64.99719023704529,-0.039106689393520355,-0.025418249890208244
45.8,1875,-24.043785095214844,0.45737412571907043,16.980735778808594,55.57700729370117,12783.065858371889,943.7384643554688,612.2590942382812,64.87592458724976,-0.03927060589194298,-0.025477169081568718
45.9,1875,-23.93563461303711,0.4583679139614105,16.966999053955078,55.52995681762695,12772.860280783245,942.1766967773438,613.0995483398438,65.07266759872437,-0.039040371775627136,-0.025404611602425575
46,1875,-23.924962997436523,0.45926403999328613,16.987701416015625,55.46493911743164,12766.02936305972,942.2218017578125,613.9696655273438,65.1619017124176,-0.038967665284872055,-0.025392070412635803
46.1,1875,-23.846830368041992,0.45760902762413025,16.982728958129883,55.42213821411133,12766.647176437446,941.2191772460938,611.7867431640625,64.99939560890198,-0.03897899389266968,-0.02533610910177231
46.2,1875,-23.615747451782227,0.4563562870025635,16.96815299987793,55.3027458190918,12773.254282522246,938.3854370117188,610.4276733398438,65.0508463382721,-0.038687217980623245,-0.025166360661387444
46.3,1875,-23.536556243896484,0.4559652507305145,16.982080459594727,55.10881423950195,12783.278013154428,935.8623046875,610.3832397460938,65.2214765548706,-0.03856029361486435,-0.025149593129754066
46.4,1875,-23.5306453704834,0.45415911078453064,16.99017333984375,54.9035530090332,12787.298462852114,932.8208618164062,608.1566162109375,65.19543528556824,-0.03869175165891647,-0.025225255638360977
46.5,1875,-23.381187438964844,0.45121386647224426,16.98369026184082,54.71457290649414,12793.080263519123,929.25537109375,604.4859008789062,65.05057215690613,-0.03867945820093155,-0.02516120858490467
46.6,1875,-23.431516647338867,0.45138344168663025,16.984819412231445,54.535362243652344,12787.584055828609,926.2732543945312,604.4533081054688,65.25647640228271,-0.03876480832695961,-0.025296548381447792
46.7,1875,-23.59861183166504,0.45026639103889465,16.975236892700195,54.46886444091797,12777.286389076115,924.6218872070312,602.4718627929688,65.15873074531555,-0.03916965052485466,-0.025522446259856224
46.8,1875,-23.749521255493164,0.45067670941352844,16.968679428100586,54.570255279541016,12756.890387811865,925.9851684570312,602.0582885742188,65.01813530921936,-0.03944721072912216,-0.0256478413939476
46.9,1875,-23.780126571655273,0.4536667466163635,16.959915161132812,54.81766128540039,12732.079935110929,929.702880859375,604.8740234375,65.06100296974182,-0.03931418061256409,-0.025578200817108154
47,1875,-23.861848831176758,0.4564906358718872,16.972379684448242,55.0510368347168,12719.790111636676,934.3471069335938,608.0515747070312,65.07769823074341,-0.03924313187599182,-0.025538526475429535
47.1,1875,-23.805831909179688,0.45791560411453247,16.982200622558594,55.19622039794922,12719.623418593252,937.353271484375,609.9417114257812,65.07062911987305,-0.03902968391776085,-0.025396861135959625
47.2,1875,-23.897897720336914,0.45753392577171326,16.975669860839844,55.35048294067383,12720.420747556203,939.6115112304688,609.4714965820312,64.86420035362244,-0.03921085223555565,-0.02543380670249462
47.3,1875,-23.881986618041992,0.4575539827346802,16.971921920776367,55.5115966796875,12721.170283408801,942.1384887695312,609.5341186523438,64.69687223434448,-0.03918072208762169,-0.02534870058298111
47.4,1875,-23.848953247070312,0.45833370089530945,16.957921981811523,55.5848274230957,12732.511238789717,942.6031494140625,611.1171875,64.83291983604431,-0.03902517259120941,-0.025301160290837288
47.5,1875,-23.844806671142578,0.45887359976768494,16.98102378845215,55.528072357177734,12748.024182998704,942.9235229492188,612.5824584960938,64.9662971496582,-0.03892505541443825,-0.025288166478276253
47.6,1875,-23.80171012878418,0.4557548463344574,16.985490798950195,55.322391510009766,12770.20135188779,939.677978515625,609.4774780273438,64.86024856567383,-0.03905265033245087,-0.025329645723104477
47.7,1875,-23.643321990966797,0.45326054096221924,16.965534210205078,55.06317138671875,12790.04714954018,934.1761474609375,607.0838623046875,64.9860143661499,-0.03894572705030441,-0.025309277698397636
47.8,1875,-23.593515396118164,0.4529757797718048,16.987340927124023,54.775672912597656,12800.095359570347,930.4930419921875,607.1790771484375,65.25347828865051,-0.0388575904071331,-0.025355929508805275
47.9,1875,-23.54916000366211,0.44972819089889526,16.9803524017334,54.54292297363281,12799.847068533638,926.1580810546875,602.8142700195312,65.08762240409851,-0.039065368473529816,-0.025426717475056648
48,1875,-23.335973739624023,0.4487735629081726,16.95866584777832,54.36306381225586,12798.084551878695,921.925048828125,601.4518432617188,65.23869037628174,-0.038799405097961426,-0.02531222440302372
48.1,1875,-23.26980209350586,0.44843775033950806,16.98294448852539,54.17340850830078,12795.247273083634,920.0239868164062,600.8685302734375,65.31009674072266,-0.03872694447636604,-0.02529260329902172
48.2,1875,-23.318771362304688,0.44736096262931824,16.970577239990234,54.088775634765625,12784.571924190795,917.917724609375,598.9255981445312,65.24828672409058,-0.038934335112571716,-0.025403987616300583
48.3,1875,-23.3868465423584,0.4461376667022705,16.958282470703125,54.128021240234375,12765.609716237115,917.9182739257812,596.4019775390625,64.97331857681274,-0.03921322897076607,-0.02547813579440117
48.4,1875,-23.472108840942383,0.44946080446243286,16.965967178344727,54.204566955566406,12753.010986074,919.6328735351562,600.2514038085938,65.27076363563538,-0.03910379856824875,-0.025523345917463303
48.5,1875,-23.587657928466797,0.45211660861968994,16.985490798950195,54.267295837402344,12743.99557350169,921.7566528320312,603.371337890625,65.45885801315308,-0.039093103259801865,-0.025589896366000175
48.6,1875,-23.709941864013672,0.4532232880592346,16.977375030517578,54.468055725097656,12729.872126549775,924.724609375,604.177978515625,65.33598899841309,-0.03924330696463585,-0.025640003383159637
48.7,1875,-23.69975471496582,0.45259422063827515,16.956241607666016,54.63489532470703,12725.496142738493,926.4024658203125,603.1319580078125,65.104740858078,-0.03929447755217552,-0.0255825687199831
48.8,1875,-23.635223388671875,0.45300447940826416,16.959484100341797,54.70463562011719,12733.996322267494,927.7623901367188,604.0819091796875,65.11170268058777,-0.03912585973739624,-0.02547551319003105
48.9,1875,-23.640239715576172,0.45451462268829346,16.979656219482422,54.719947814941406,12739.966964004676,929.1259155273438,606.3798828125,65.26347994804382,-0.03898585960268974,-0.02544352598488331
49,1862,-23.750425338745117,0.4559267461299896,16.96851348876953,54.829490661621094,12735.635276246892,930.3749389648438,608.0570068359375,65.35612344741821,-0.03905953839421272,-0.025527799502015114
49.1,1862,-23.646120071411133,0.45286279916763306,17.00059700012207,54.46876525878906,12725.050850832286,926.0015258789062,603.46875,65.1693046092987,-0.03918366879224777,-0.02553572505712509
49.2,1862,-23.51162338256836,0.44758906960487366,16.982513427734375,53.70994186401367,12697.276059603886,912.1298217773438,595.1393432617188,65.2472198009491,-0.039506081491708755,-0.025776619091629982
49.3,1862,-23.39059066772461,0.44323965907096863,16.95436668395996,53.115638732910156,12674.835445765053,900.5419921875,588.3145141601562,65.32893776893616,-0.039758648723363876,-0.025973903015255928
49.4,1862,-23.26488494873047,0.4412035346031189,16.95369529724121,52.7507209777832,12646.643339085287,894.3196411132812,584.3093872070312,65.33563137054443,-0.03981603682041168,-0.026014059782028198
49.5,1862,-23.11066246032715,0.44021904468536377,16.958860397338867,52.504844665527344,12622.946116149873,890.4223022460938,581.9131469726562,65.35248756408691,-0.03971496969461441,-0.025954719632864
49.6,1862,-23.106813430786133,0.4388006329536438,16.955760955810547,52.31752395629883,12604.622703915047,887.0834350585938,579.1962280273438,65.29219150543213,-0.039894621819257736,-0.026048071682453156
49.7,1862,-23.036956787109375,0.43815112113952637,16.963275909423828,52.156471252441406,12591.873600307166,884.74462890625,577.75390625,65.30177593231201,-0.03987330198287964,-0.026037974283099174
49.8,1862,-22.966144561767578,0.43645453453063965,16.970529556274414,51.9100227355957,12594.05226672786,880.9405517578125,575.6163330078125,65.34110903739929,-0.039898354560136795,-0.02607002668082714
49.9,1862,-22.78449821472168,0.4345742464065552,16.95516014099121,51.63710021972656,12598.372297629461,875.5153198242188,573.3331298828125,65.48522114753723,-0.039740417152643204,-0.026024101302027702
50,1862,-22.530729293823242,0.4319514334201813,16.958620071411133,51.287803649902344,12609.164215084134,869.7703857421875,570.3610229492188,65.57604670524597,-0.0395025759935379,-0.025904227048158646
50.1,1862,-22.446760177612305,0.4310263693332672,16.959867477416992,50.985897064208984,12608.196696020905,864.7140502929688,569.0958862304688,65.81318378448486,-0.039442844688892365,-0.02595859207212925
50.2,1862,-22.559303283691406,0.43073970079421997,16.954776763916016,50.85706329345703,12591.547208334028,862.2701416015625,567.9663696289062,65.86872339248657,-0.039719436317682266,-0.026162685826420784
50.3,1862,-22.63303565979004,0.43128702044487,16.961212158203125,50.88542938232422,12570.210498775772,863.0785522460938,567.724365234375,65.7789945602417,-0.039866238832473755,-0.02622360922396183
50.4,1862,-22.656110763549805,0.43089279532432556,16.9692325592041,50.896121978759766,12558.271546672642,863.6681518554688,566.666748046875,65.61163067817688,-0.03998136520385742,-0.02623242698609829
50.5,1862,-22.735370635986328,0.43203791975975037,16.96820068359375,50.89591979980469,12550.650294099878,863.6121826171875,567.827880859375,65.75033068656921,-0.040039192885160446,-0.026325903832912445
50.6,1862,-22.753328323364258,0.4330258369445801,16.966014862060547,50.97581100463867,12539.652050290757,864.8563842773438,568.6275634765625,65.74820876121521,-0.040014464408159256,-0.02630879357457161
50.7,1862,-22.785036087036133,0.4344950020313263,16.97321891784668,51.13034439086914,12529.996676313973,867.8465576171875,570.1174926757812,65.69335460662842,-0.03996551036834717,-0.02625468373298645
50.8,1862,-22.825790405273438,0.435369610786438,16.978694915771484,51.26850891113281,12523.85001604842,870.4723510742188,570.98486328125,65.5948281288147,-0.039976175874471664,-0.02622230350971222
50.9,1862,-22.9278507232666,0.43706777691841125,16.95710563659668,51.46181106567383,12515.292717924121,872.6433715820312,572.8203125,65.64197540283203,-0.04002625122666359,-0.026274021714925766
51,1862,-23.004175186157227,0.43806207180023193,16.95977020263672,51.68252944946289,12508.566711906247,876.5238037109375,573.8148803710938,65.46483635902405,-0.040089886635541916,-0.02624478004872799
51.1,1862,-23.06374740600586,0.43908464908599854,16.95271110534668,51.848609924316406,12510.252293310381,878.9744873046875,575.2318725585938,65.44352173805237,-0.04009469598531723,-0.026239382103085518
51.2,1862,-23.095388412475586,0.4389598071575165,16.962989807128906,51.95235824584961,12516.667061268154,881.267333984375,575.3632202148438,65.28815627098083,-0.0401405394077301,-0.02620701864361763
51.3,1862,-23.171907424926758,0.4392039477825165,16.97468376159668,52.0025634765625,12525.74891792071,882.72705078125,576.1008911132812,65.26376008987427,-0.040221959352493286,-0.026250364258885384
51.4,1862,-23.19767189025879,0.4411259889602661,16.975454330444336,52.099693298339844,12525.93309624841,884.4159545898438,578.6305541992188,65.42515754699707,-0.0400906465947628,-0.026229368522763252
51.5,1862,-23.138530731201172,0.4422329366207123,16.976078033447266,52.233192443847656,12523.285824209139,886.7147216796875,579.9599609375,65.40547013282776,-0.03989677503705025,-0.026094671338796616
51.6,1862,-23.09214210510254,0.44293785095214844,16.977397918701172,52.25009536743164,12534.176824941373,887.0706787109375,581.3895874023438,65.54039120674133,-0.039718881249427795,-0.02603190764784813
51.7,1862,-22.961729049682617,0.4419645667076111,16.981481552124023,52.09686279296875,12552.905895771382,884.681884765625,580.9788818359375,65.67093133926392,-0.03952248394489288,-0.02595478482544422
51.8,1862,-22.95849609375,0.43911212682724,16.978792190551758,51.904136657714844,12569.571703056916,881.26953125,577.99560546875,65.58669805526733,-0.03972088545560837,-0.026051616296172142
51.9,1862,-23.02461814880371,0.43783697485923767,16.970626831054688,51.82022476196289,12566.301954897448,879.4216918945312,576.167236328125,65.51660299301147,-0.03996169567108154,-0.026181545108556747
52,1862,-23.11817741394043,0.4379390776157379,16.956024169921875,51.871280670166016,12553.713715904898,879.5307006835938,575.7242431640625,65.45811891555786,-0.040154945105314255,-0.026284674182534218
52.1,1862,-23.10111427307129,0.43854188919067383,16.95794677734375,51.9577751159668,12544.191230088607,881.09716796875,576.0794067382812,65.38205146789551,-0.040100570768117905,-0.026218576356768608
52.2,1862,-23.057653427124023,0.43806836009025574,16.9457950592041,52.02568435668945,12538.26605009054,881.6165771484375,575.185546875,65.24214744567871,-0.04008732736110687,-0.02615383267402649
52.3,1862,-23.0770320892334,0.43854162096977234,16.953502655029297,52.00761413574219,12540.947127012741,881.7112426757812,575.9301147460938,65.3195858001709,-0.040069155395030975,-0.026173004880547523
52.4,1862,-23.056304931640625,0.4372061491012573,16.96181297302246,51.97606658935547,12547.291953833415,881.6083374023438,574.4667358398438,65.16122221946716,-0.04013514518737793,-0.02615254931151867
52.5,1862,-23.075912475585938,0.4375903308391571,16.966711044311523,51.90949249267578,12553.318548480278,880.7333374023438,575.2476806640625,65.31462669372559,-0.040114741772413254,-0.0262007936835289
52.6,1862,-23.14316177368164,0.4385269582271576,16.96815299987793,51.95212173461914,12545.18439423544,881.5315551757812,576.1054077148438,65.35278558731079,-0.04017174616456032,-0.02625335566699505
52.7,1862,-23.223533630371094,0.4405606985092163,16.969017028808594,52.055641174316406,12535.426439924242,883.3330688476562,578.3270263671875,65.4710054397583,-0.04015640541911125,-0.02629080042243004
52.8,1862,-23.082536697387695,0.440865159034729,16.971561431884766,52.02530288696289,12543.669002931587,882.9506225585938,579.1072387695312,65.58772325515747,-0.039858829230070114,-0.026142500340938568
52.9,1862,-23.061182022094727,0.4409235417842865,16.9706974029541,51.98875045776367,12549.28644192641,882.2853393554688,579.4432983398438,65.67527055740356,-0.039798859506845474,-0.026138007640838623
53,1829,-23.076078414916992,0.4409521222114563,16.969209671020508,52.0111198425293,12545.18439423544,882.5875854492188,579.2914428710938,65.63557386398315,-0.03983500599861145,-0.02614593505859375
53.1,1829,-23.06155776977539,0.4358798563480377,16.998531341552734,51.35353088378906,12523.096983138967,872.9346313476562,571.6196899414062,65.48253297805786,-0.0403442345559597,-0.026418425142765045
53.2,1829,-22.833839416503906,0.42428624629974365,16.967695236206055,49.64678192138672,12440.919644102229,842.3914794921875,552.764404296875,65.61846733093262,-0.0413084477186203,-0.027105972170829773
53.3,1829,-22.51036834716797,0.42050641775131226,16.981121063232422,48.50992965698242,12350.989330017852,823.7529907226562,543.8798828125,66.02463126182556,-0.04138849303126335,-0.02732660062611103
53.4,1829,-22.267385482788086,0.416786789894104,16.97463607788086,47.69889450073242,12281.738278802983,809.67138671875,536.0464477539062,66.20543003082275,-0.041540030390024185,-0.027501756325364113
53.5,1829,-21.932132720947266,0.41223108768463135,16.961381912231445,47.04197311401367,12238.084518081438,797.8968505859375,528.3026733398438,66.21189713478088,-0.041514333337545395,-0.02748742699623108
53.6,1829,-21.716819763183594,0.4104410409927368,16.961620330810547,46.49887466430664,12203.286471002488,788.6962280273438,524.512939453125,66.50379300117493,-0.04140378162264824,-0.02753508649766445
53.7,1829,-21.706933975219727,0.4077536165714264,16.98138427734375,46.093955993652344,12172.427275627939,782.7391967773438,519.7609252929688,66.40282273292542,-0.0417633056640625,-0.027732014656066895
53.8,1829,-21.645763397216797,0.4053400456905365,16.967792510986328,45.820960998535156,12146.635315636353,777.4805297851562,515.589599609375,66.31543040275574,-0.04198254644870758,-0.027840906754136086
53.9,1829,-21.52874183654785,0.4043947756290436,16.96253204345703,45.61453628540039,12123.919599991588,773.738037109375,513.4252319335938,66.3564682006836,-0.041931603103876114,-0.02782432921230793
54,1829,-21.56496810913086,0.4035111367702484,16.951629638671875,45.419246673583984,12110.378995848849,769.9302368164062,511.7311706542969,66.46461486816406,-0.042141202837228775,-0.028008989989757538
54.1,1829,-21.3992862701416,0.4032944142818451,16.959529876708984,45.27122497558594,12103.081803877985,767.7786865234375,511.1481628417969,66.57493114471436,-0.041865136474370956,-0.027871685102581978
54.2,1829,-21.3765811920166,0.40266919136047363,16.97175407409668,45.101322174072266,12098.134634113712,765.4485473632812,510.1471252441406,66.64682030677795,-0.041902776807546616,-0.027926869690418243
54.3,1829,-21.400432586669922,0.40127071738243103,16.979631423950195,44.91746139526367,12096.642556522225,762.6819458007812,508.31268310546875,66.6480541229248,-0.042100921273231506,-0.028059445321559906
54.4,1829,-21.342761993408203,0.3993050456047058,16.96603775024414,44.74740982055664,12095.218088696603,759.1862182617188,505.7630615234375,66.6191041469574,-0.04219913110136986,-0.028112683445215225
54.5,1829,-21.214584350585938,0.3985060453414917,16.962125778198242,44.65816116333008,12088.029305488246,757.4973754882812,504.4510498046875,66.59443378448486,-0.04205479100346565,-0.02800614945590496
54.6,1829,-21.104816436767578,0.39913105964660645,16.95266342163086,44.62543869018555,12075.892186829999,756.52001953125,504.7349548339844,66.71798825263977,-0.04181366413831711,-0.02789723314344883
54.7,1829,-21.129871368408203,0.3992069661617279,16.94978141784668,44.61142349243164,12067.556368973184,756.1538696289062,504.4824523925781,66.71690344810486,-0.04188425466418266,-0.02794387750327587
54.8,1829,-21.12093162536621,0.39988288283348083,16.949661254882812,44.630924224853516,12062.120776934824,756.4790649414062,505.1090087890625,66.77104830741882,-0.04181460291147232,-0.02792004868388176
54.9,1829,-21.207183837890625,0.40113118290901184,16.965944290161133,44.65974426269531,12054.41559499754,757.6947631835938,506.36212158203125,66.82930588722229,-0.04188145697116852,-0.027989087626338005
55,1829,-21.259410858154297,0.40242499113082886,16.972835540771484,44.71430587768555,12047.323563695505,758.9285888671875,507.69647216796875,66.89647436141968,-0.04187425598502159,-0.02801240049302578
55.1,1829,-21.280244827270508,0.4024004340171814,16.97751808166504,44.80717468261719,12044.48861627168,760.714599609375,507.5460205078125,66.71963334083557,-0.04192771390080452,-0.027974018827080727
55.2,1829,-21.35018539428711,0.4029276669025421,16.970434188842773,44.86397171020508,12042.266819483108,761.361083984375,508.1172790527344,66.7380154132843,-0.04201822355389595,-0.028042128309607506
55.3,1829,-21.492460250854492,0.4027383327484131,16.973051071166992,44.98151397705078,12038.178760019558,763.4735107421875,507.7060852050781,66.4995014667511,-0.0423324853181839,-0.0281508918851614
55.4,1829,-21.506881713867188,0.40323859453201294,16.971778869628906,45.10132598876953,12034.692194335075,765.44970703125,508.18951416015625,66.39097332954407,-0.04232059419155121,-0.02809705212712288
55.5,1829,-21.504228591918945,0.40268170833587646,16.964597702026367,45.18059539794922,12036.676191257506,766.4706420898438,507.57135009765625,66.22189283370972,-0.04236690700054169,-0.02805616706609726
55.6,1829,-21.424692153930664,0.40271928906440735,16.960371017456055,45.18018341064453,12046.602004297747,766.2726440429688,508.0373229980469,66.29980802536011,-0.04217149317264557,-0.027959618717432022
55.7,1829,-21.454608917236328,0.4027847349643707,16.95501708984375,45.1866569519043,12049.306394932315,766.1405639648438,508.23394775390625,66.33690595626831,-0.0422140434384346,-0.02800348959863186
55.8,1829,-21.45497703552246,0.40358397364616394,16.952638626098633,45.22761535644531,12049.564011453971,766.7274169921875,509.2533264160156,66.41908288002014,-0.04213026538491249,-0.02798253484070301
55.9,1829,-21.429147720336914,0.4039253294467926,16.949493408203125,45.23691940307617,12051.144681152451,766.7428588867188,509.75091552734375,66.48263931274414,-0.04203847050666809,-0.02794828452169895
56,1829,-21.494272232055664,0.40518122911453247,16.94490623474121,45.28013229370117,12049.63511827669,767.267578125,511.27178955078125,66.63539409637451,-0.04204079508781433,-0.02801404893398285
56.1,1829,-21.499265670776367,0.4065066874027252,16.960803985595703,45.34512710571289,12046.993674665511,769.0897827148438,512.8318481445312,66.68035984039307,-0.041922640055418015,-0.027954168617725372
56.2,1829,-21.468307495117188,0.40581631660461426,16.975669860839844,45.31786346435547,12053.068062422728,769.3010864257812,512.2190551757812,66.58238768577576,-0.04191235452890396,-0.027906248345971107
56.3,1829,-21.415088653564453,0.40365999937057495,16.970386505126953,45.18793869018555,12067.15770449171,766.8568115234375,510.09295654296875,66.51737093925476,-0.04198271781206131,-0.027925798669457436
56.4,1829,-21.4478702545166,0.401875764131546,16.96709632873535,45.134544372558594,12068.029637334235,765.8021850585938,507.8749694824219,66.319340467453,-0.04223060980439186,-0.028007064014673233
56.5,1829,-21.46689796447754,0.40158507227897644,16.97064971923828,45.122379302978516,12064.010353322168,765.756103515625,507.33856201171875,66.25328660011292,-0.04231276735663414,-0.028033597394824028
56.6,1829,-21.4652099609375,0.40217041969299316,16.940799713134766,45.11664962768555,12060.650847370087,764.3121337890625,507.93658447265625,66.45669341087341,-0.04225962609052658,-0.028084350749850273
56.7,1829,-21.538055419921875,0.40257132053375244,16.93193817138672,45.168548583984375,12056.42756837481,764.7910766601562,508.2648620605469,66.45800471305847,-0.042375653982162476,-0.02816201187670231
56.8,1829,-21.49405860900879,0.403919517993927,16.941688537597656,45.25040054321289,12051.683227908128,766.6181640625,509.766357421875,66.4954662322998,-0.042164530605077744,-0.028037501499056816
56.9,1829,-21.48477554321289,0.40284937620162964,16.93887710571289,45.24271774291992,12054.338659746727,766.36083984375,508.5278015136719,66.35618209838867,-0.04224896803498268,-0.02803480438888073
57,1801,-21.40365219116211,0.4040089547634125,16.945505142211914,45.217689514160156,12057.180601284263,766.236572265625,510.11181640625,66.57366752624512,-0.04195874556899071,-0.027933476492762566
57.1,1801,-21.33501625061035,0.3998813331127167,16.990629196166992,44.510597229003906,12045.867622358186,756.2630615234375,504.4264221191406,66.69986248016357,-0.04229559376835823,-0.02821110561490059
57.2,1801,-20.965347290039062,0.3901048004627228,16.93753433227539,43.08826446533203,11978.909474754611,729.8089599609375,489.35858154296875,67.05296635627747,-0.04284250736236572,-0.028727171942591667
57.3,1801,-20.77650260925293,0.3837195932865143,16.95297622680664,42.18072509765625,11906.22198233685,715.0888061523438,478.427978515625,66.9046938419342,-0.04342660307884216,-0.029054436832666397
57.4,1801,-20.60767936706543,0.3820563852787018,16.971107482910156,41.55854415893555,11843.544232323851,705.2944946289062,473.8465881347656,67.18421578407288,-0.04349019005894661,-0.02921854518353939
57.5,1801,-20.391395568847656,0.38003847002983093,16.940391540527344,41.1662483215332,11792.154981838943,697.3723754882812,469.2987060546875,67.29528307914734,-0.04345078021287918,-0.029240326955914497
57.6,1801,-20.33803939819336,0.3784623146057129,16.940654754638672,40.897613525390625,11753.896014159116,692.8323364257812,465.8360595703125,67.23647713661194,-0.04365922138094902,-0.029354922473430634
57.7,1801,-20.135244369506836,0.3773154318332672,16.928407669067383,40.67159652709961,11730.455242059737,688.50537109375,463.4981994628906,67.31947660446167,-0.043441902846097946,-0.029244862496852875
57.8,1801,-20.325881958007812,0.3757556676864624,16.943754196166992,40.487632751464844,11714.829226345772,686.0125122070312,460.9673156738281,67.19517707824707,-0.04409397765994072,-0.029629025608301163
57.9,1801,-20.304683685302734,0.37586185336112976,16.933547973632812,40.42890930175781,11693.078698393001,684.6048583984375,460.241455078125,67.22731590270996,-0.044117458164691925,-0.029658982530236244
58,1801,-20.16041374206543,0.37614402174949646,16.960275650024414,40.34681701660156,11683.354548964735,684.2931518554688,460.2039489746094,67.25245714187622,-0.043807562440633774,-0.029461663216352463
58.1,1801,-19.957046508789062,0.37454715371131897,16.933738708496094,40.23480224609375,11683.283442142016,681.3256225585938,458.2474365234375,67.25820899009705,-0.04355081170797348,-0.02929149568080902
58.2,1801,-20.015174865722656,0.37403059005737305,16.939861297607422,40.118770599365234,11681.731914583994,679.6063842773438,457.5546569824219,67.326420545578,-0.043743789196014404,-0.029451128095388412
58.3,1801,-19.86811065673828,0.37250852584838867,16.90864372253418,40.07057189941406,11679.337596323905,677.5390014648438,455.59930419921875,67.2432541847229,-0.04360873997211456,-0.029323935508728027
58.4,1801,-19.99020767211914,0.3725334405899048,16.936933517456055,39.983036041259766,11676.088830505567,677.1900024414062,455.5030212402344,67.26369261741638,-0.04388600215315819,-0.029519347473978996
58.5,1801,-19.881877899169922,0.37069353461265564,16.939550399780273,39.936279296875,11671.004109838328,676.5026245117188,453.05596923828125,66.97031855583191,-0.04388393461704254,-0.029389210045337677
58.6,1801,-19.88860511779785,0.37270233035087585,16.932754516601562,39.957008361816406,11663.671947298915,676.5822143554688,455.22491455078125,67.28301644325256,-0.04368962347507477,-0.0293956957757473
58.7,1801,-19.882991790771484,0.37121331691741943,16.954030990600586,39.90769577026367,11665.554529572548,676.5963134765625,453.4794006347656,67.02362895011902,-0.043845415115356445,-0.029386786743998528
58.8,1801,-19.78217315673828,0.37202975153923035,16.936019897460938,39.79026794433594,11675.643538599357,673.8887939453125,454.86981201171875,67.49924421310425,-0.04348974674940109,-0.029355250298976898
58.9,1801,-19.845129013061523,0.3698044717311859,16.923124313354492,39.645023345947266,11680.147747828658,670.9176635742188,452.3234558105469,67.41862297058105,-0.043873757123947144,-0.029579082503914833
59,1801,-19.695707321166992,0.37144896388053894,16.924541473388672,39.59587097167969,11675.946616860128,670.1419677734375,454.1714782714844,67.7724301815033,-0.04336623474955559,-0.029390349984169006
59.1,1801,-19.88421058654785,0.3697172999382019,16.944520950317383,39.618858337402344,11664.02864709813,671.3225708007812,451.5927429199219,67.26911664009094,-0.0440312884747982,-0.029619457200169563
59.2,1801,-19.715438842773438,0.37010541558265686,16.922740936279297,39.6411018371582,11659.871812183097,670.8361206054688,451.90570068359375,67.36454963684082,-0.04362732917070389,-0.029389353469014168
59.3,1801,-19.792850494384766,0.3701992928981781,16.94454574584961,39.596134185791016,11663.709249238702,670.9384765625,452.1690979003906,67.39352345466614,-0.043773114681243896,-0.029500246047973633
59.4,1801,-19.738332748413086,0.3690062463283539,16.9105167388916,39.58757019042969,11660.968722349964,669.4462890625,450.6059875488281,67.31025576591492,-0.043803971260786057,-0.029484566301107407
59.5,1801,-19.79192352294922,0.3710183799266815,16.938613891601562,39.605674743652344,11656.004067301415,670.865234375,452.87017822265625,67.50538945198059,-0.04370330274105072,-0.029502086341381073
59.6,1801,-19.890472412109375,0.36863717436790466,16.92670249938965,39.63037872314453,11652.989604292366,670.8116455078125,449.8472900390625,67.0601487159729,-0.044216055423021317,-0.029651353135704994
59.7,1801,-19.750370025634766,0.3719742000102997,16.9130859375,39.65575408935547,11654.20191733545,670.701171875,453.9666748046875,67.68538355827332,-0.043506212532520294,-0.029447346925735474
59.8,1801,-19.81672477722168,0.3703775405883789,16.943010330200195,39.6677131652832,11654.112159542836,672.0904541015625,452.01458740234375,67.25502014160156,-0.04384089633822441,-0.029485203325748444
59.9,1801,-19.67324447631836,0.37136149406433105,16.927471160888672,39.688724517822266,11655.473680345067,671.8297119140625,453.26837158203125,67.46774315834045,-0.043403081595897675,-0.029283080250024796
60,1801,-19.69740867614746,0.3694019019603729,16.94281768798828,39.59540557861328,11664.872603485814,670.8577270507812,451.24017333984375,67.26316809654236,-0.04365171864628792,-0.029361529275774956
60.1,1801,-19.564258575439453,0.3686865568161011,16.910852432250977,39.503326416015625,11670.569309102684,668.034912109375,450.5862731933594,67.44951009750366,-0.04341956228017807,-0.029286280274391174
60.2,1801,-19.68086051940918,0.3701268434524536,16.938974380493164,39.47148132324219,11666.180502749601,668.6063842773438,452.1763916015625,67.62968301773071,-0.043524742126464844,-0.029435643926262856
60.3,1801,-19.557540893554688,0.3690279424190521,16.91699981689453,39.4178466796875,11669.327853919143,666.8317260742188,450.9555358886719,67.62658953666687,-0.0433691143989563,-0.029329050332307816
60.4,1801,-19.71434783935547,0.369720458984375,16.933378219604492,39.36378860473633,11666.932369973436,666.5619506835938,451.70904541015625,67.76700615882874,-0.04364390671253204,-0.029576169326901436
60.5,1801,-19.795082092285156,0.369097501039505,16.922380447387695,39.42787551879883,11654.205414392303,667.2135009765625,450.4560241699219,67.51302480697632,-0.04394453763961792,-0.029668286442756653
60.6,1801,-19.893413543701172,0.37089377641677856,16.934532165527344,39.514686584472656,11646.791653859606,669.1627197265625,452.36029052734375,67.60093569755554,-0.04397692158818245,-0.029728813096880913
60.7,1801,-19.884815216064453,0.3706696629524231,16.941593170166016,39.59516906738281,11642.597517004786,670.8052368164062,451.92413330078125,67.37039685249329,-0.04400033876299858,-0.02964320220053196
60.8,1801,-19.835737228393555,0.3710844814777374,16.900814056396484,39.675052642822266,11641.680122423146,670.5407104492188,452.3942565917969,67.46708154678345,-0.04384613037109375,-0.02958170510828495
60.9,1801,-19.979883193969727,0.3735925853252411,16.935108184814453,39.793418884277344,11634.52630978334,673.9058837890625,455.1720275878906,67.5423800945282,-0.043895233422517776,-0.029647884890437126
61,1779,-19.985244750976562,0.3730016350746155,16.923582077026367,39.934879302978516,11629.525518480623,675.8411865234375,454.2567138671875,67.21352934837341,-0.043995484709739685,-0.029570918530225754
61.1,1779,-19.776660919189453,0.3709411025047302,16.958450317382812,39.342742919921875,11617.147102899376,667.1919555664062,451.2664794921875,67.63668060302734,-0.04382479563355446,-0.029641635715961456
61.2,1779,-19.55084800720215,0.3626325726509094,16.97165870666504,38.353939056396484,11563.299421445368,650.9299926757812,439.1139221191406,67.45947003364563,-0.04452340677380562,-0.03003525547683239
61.3,1779,-19.27117347717285,0.3585331439971924,16.963783264160156,37.690616607666016,11514.414063668673,639.3754272460938,432.314453125,67.61511564254761,-0.044576749205589294,-0.030140621587634087
61.4,1779,-19.190101623535156,0.3548955023288727,16.95501708984375,37.159751892089844,11481.203680401915,630.0442504882812,426.6940002441406,67.72445440292358,-0.04497392103075981,-0.030458340421319008
61.5,1779,-18.948997497558594,0.3499617874622345,16.95830726623535,36.6903190612793,11461.809003083827,622.2056884765625,420.0513610839844,67.51005053520203,-0.045111142098903656,-0.03045455366373062
61.6,1779,-18.768150329589844,0.3475184738636017,16.94387435913086,36.29599380493164,11439.403359813545,614.9947509765625,416.3033447265625,67.69217848777771,-0.04508287459611893,-0.030517578125
61.7,1779,-18.80278968811035,0.34774118661880493,16.949037551879883,36.082035064697266,11410.43257514072,611.5557861328125,415.51513671875,67.94394850730896,-0.0452517569065094,-0.03074583038687706
61.8,1779,-18.87110137939453,0.34652090072631836,16.950597763061523,36.030006408691406,11378.736417492197,610.7301635742188,412.9068603515625,67.60872006416321,-0.04570304602384567,-0.030899247154593468
61.9,1779,-18.891077041625977,0.34749165177345276,16.96097183227539,35.99821472167969,11357.955739973891,610.564697265625,413.307373046875,67.69264340400696,-0.045707087963819504,-0.030940335243940353
62,1779,-18.827247619628906,0.34767982363700867,16.939815521240234,35.945640563964844,11350.285528605156,608.9125366210938,413.2519226074219,67.86720752716064,-0.04555876553058624,-0.03091946244239807
62.1,1779,-18.65300178527832,0.34728941321372986,16.95511245727539,35.88930892944336,11350.469706932856,608.5072631835938,412.7945861816406,67.83725023269653,-0.045187126845121384,-0.030653703957796097
62.2,1779,-18.549732208251953,0.3482353389263153,16.945554733276367,35.83159637451172,11351.339308404144,607.186279296875,413.9506530761719,68.17523241043091,-0.04481145739555359,-0.030550315976142883
62.3,1779,-18.524627685546875,0.34633129835128784,16.9322509765625,35.760677337646484,11351.23556238411,605.5087890625,411.68353271484375,67.9896891117096,-0.04499725252389908,-0.030593492090702057
62.4,1779,-18.516090393066406,0.34423696994781494,16.916208267211914,35.743614196777344,11342.070942052653,604.6464233398438,408.8636474609375,67.62028336524963,-0.045286715030670166,-0.03062300570309162
62.5,1779,-18.465843200683594,0.34462666511535645,16.932130813598633,35.8010368347168,11330.817413093113,606.1878662109375,408.92034912109375,67.4576997756958,-0.04515755549073219,-0.030462246388196945
62.6,1779,-18.508359909057617,0.3444896340370178,16.944931030273438,35.79729461669922,11330.7276553005,606.5827026367188,408.7545166015625,67.3864483833313,-0.045279890298843384,-0.030512509867548943
62.7,1779,-18.54235076904297,0.3451613187789917,16.94699478149414,35.80144119262695,11331.350131420699,606.726806640625,409.5740051269531,67.50550270080566,-0.045272283256053925,-0.030561283230781555
62.8,1779,-18.61107635498047,0.3467489778995514,16.953935623168945,35.77417755126953,11333.951941720852,606.5131225585938,411.55242919921875,67.8554892539978,-0.04522164165973663,-0.030685365200042725
62.9,1779,-18.639957427978516,0.34576112031936646,16.964813232421875,35.77216339111328,11335.088485198743,606.8680419921875,410.4211120605469,67.62937903404236,-0.04541666433215141,-0.030715007334947586
63,1779,-18.529754638671875,0.34530016779899597,16.962005615234375,35.774742126464844,11336.426692288607,606.8114013671875,409.9223327636719,67.55350232124329,-0.045203085988759995,-0.030536267906427383
63.1,1779,-18.38918113708496,0.3460189998149872,16.93638038635254,35.727909088134766,11341.059126935927,605.1014404296875,410.9435729980469,67.91316866874695,-0.04474867880344391,-0.030390243977308273
63.2,1779,-18.348228454589844,0.3463965058326721,16.926559448242188,35.7098274230957,11338.191540314787,604.4445190429688,411.2878723144531,68.04394125938416,-0.04461164399981499,-0.03035552054643631
63.3,1779,-18.471242904663086,0.34697091579437256,16.92799949645996,35.698421478271484,11333.231548008713,604.3028564453125,411.7896728515625,68.14293265342712,-0.04485601186752319,-0.030566200613975525
63.4,1779,-18.693723678588867,0.3462011516094208,16.922836303710938,35.74005889892578,11328.683042725916,604.8231811523438,410.7112121582031,67.90599822998047,-0.04551549628376961,-0.030907750129699707
63.5,1779,-18.726743698120117,0.3451952338218689,16.931913375854492,35.78947830200195,11327.961483328158,605.984375,409.49176025390625,67.57464408874512,-0.04573167487978935,-0.030903015285730362
63.6,1779,-18.591325759887695,0.34452810883522034,16.94987678527832,35.74551773071289,11332.345626938768,605.8821411132812,408.8585510253906,67.48153567314148,-0.04547128826379776,-0.03068472445011139
63.7,1779,-18.467744827270508,0.3453998863697052,16.95763397216797,35.675575256347656,11336.945422388773,604.9733276367188,410.0594787597656,67.78141260147095,-0.04503674432635307,-0.03052654303610325
63.8,1779,-18.51388168334961,0.3460189998149872,16.9457950592041,35.667625427246094,11338.838495832972,604.416259765625,410.86309814453125,67.9768443107605,-0.04506095126271248,-0.030631011351943016
63.9,1779,-18.65309715270996,0.347355455160141,16.951702117919922,35.685791015625,11335.979069011162,604.9348754882812,412.3459777832031,68.16369891166687,-0.04523652046918869,-0.030834883451461792
64,1779,-18.67926788330078,0.3461434841156006,16.964069366455078,35.68674087524414,11331.898003661323,605.392333984375,410.75933837890625,67.85010099411011,-0.04547496885061264,-0.030854813754558563
64.1,1779,-18.55668830871582,0.3455353379249573,16.942697525024414,35.69365310668945,11329.54914714035,604.7467651367188,409.9526672363281,67.78914332389832,-0.04526543989777565,-0.030685056000947952
64.2,1779,-18.34837532043457,0.34651535749435425,16.923917770385742,35.662628173828125,11334.962591151962,603.5513916015625,411.31182861328125,68.14860105514526,-0.04460940510034561,-0.030400684103369713
64.3,1779,-18.314895629882812,0.3465478718280792,16.9237003326416,35.624935150146484,11342.712069142744,602.9057006835938,411.63165283203125,68.27462911605835,-0.0444934107363224,-0.030377710238099098
64.4,1779,-18.39510154724121,0.3464362323284149,16.927160263061523,35.58787155151367,11340.848137839004,602.401611328125,411.4314270019531,68.2985246181488,-0.044710006564855576,-0.03053627535700798
64.5,1779,-18.683307647705078,0.34609949588775635,16.922740936279297,35.698001861572266,11322.34754139019,604.1080322265625,410.3609924316406,67.92840957641602,-0.04552895575761795,-0.03092709742486477
64.6,1779,-18.874361038208008,0.3471413552761078,16.94339370727539,35.892616271972656,11303.268764874674,608.1427001953125,410.9027404785156,67.56682395935059,-0.04593389108777046,-0.031036071479320526
64.7,1779,-18.83912467956543,0.34910982847213745,16.961381912231445,36.07021713256836,11299.556056180234,611.8007202148438,413.0970458984375,67.52150058746338,-0.04560459777712822,-0.03079291060566902
64.8,1779,-18.7905330657959,0.3496318757534027,16.95537757873535,36.158809661865234,11307.251912632573,613.0862426757812,413.99652099609375,67.52663850784302,-0.04538813978433609,-0.030649084597826004
64.9,1779,-18.81171226501465,0.3505608141422272,16.96536636352539,36.196319580078125,11311.787595373567,614.0838012695312,415.26300048828125,67.62318015098572,-0.045300718396902084,-0.03063378669321537
65,1771,-18.762718200683594,0.35211271047592163,16.939790725708008,36.24533462524414,11315.381404134938,613.9884033203125,417.23382568359375,67.95467734336853,-0.044969312846660614,-0.03055875189602375
65.1,1771,-18.83670425415039,0.3507276475429535,16.93424415588379,36.003910064697266,11311.690843467244,609.698974609375,415.4570617675781,68.14134120941162,-0.045339714735746384,-0.030895087867975235
65.2,1771,-18.669530868530273,0.347989946603775,16.943897247314453,35.64807891845703,11290.654880798522,604.0173950195312,411.447509765625,68.11848878860474,-0.045375242829322815,-0.03090892918407917
65.3,1771,-18.56728744506836,0.34700271487236023,16.966184616088867,35.38481903076172,11271.98292856381,600.3453979492188,409.60174560546875,68.22768449783325,-0.045330096036195755,-0.03092767670750618
65.4,1771,-18.39054298400879,0.3472934365272522,16.937772750854492,35.23579788208008,11252.67451198148,596.81591796875,409.2427062988281,68.5710072517395,-0.04493798688054085,-0.030814429745078087
65.5,1771,-18.320743560791016,0.34459954500198364,16.93220329284668,35.11022186279297,11241.847623958256,594.493408203125,405.6775817871094,68.23920607566833,-0.04516084864735603,-0.03081740438938141
65.6,1771,-18.454511642456055,0.3416796028614044,16.95302391052246,34.977996826171875,11235.930603759516,592.9827880859375,402.02838134765625,67.79764294624329,-0.04590350389480591,-0.031121494248509407
65.7,1771,-18.4384765625,0.3430398106575012,16.969785690307617,34.88261032104492,11229.638232791669,591.950439453125,403.4028015136719,68.14807057380676,-0.04570735991001129,-0.03114868327975273
65.8,1771,-18.18214225769043,0.3434028923511505,16.936019897460938,34.788726806640625,11227.366311521508,589.1825561523438,403.7480773925781,68.52681636810303,-0.04503338411450386,-0.030859945341944695
65.9,1771,-18.010526657104492,0.34179332852363586,16.94156837463379,34.66128921508789,11224.9708275758,587.2166137695312,401.7699279785156,68.41937303543091,-0.044827960431575775,-0.0306710097938776
66,1771,-18.087818145751953,0.3406599760055542,16.9641170501709,34.55088424682617,11226.490881622129,586.125244140625,400.4919128417969,68.3287262916565,-0.04516400396823883,-0.030859988182783127
66.1,1771,-18.128599166870117,0.33945733308792114,16.980112075805664,34.414039611816406,11230.82373506553,584.354248046875,399.2320861816406,68.32021474838257,-0.04540867358446121,-0.031023303046822548
66.2,1771,-18.01121711730957,0.33643341064453125,16.93589973449707,34.29477310180664,11232.237711720587,580.8128662109375,395.7254943847656,68.13305020332336,-0.04551442340016365,-0.03101036325097084
66.3,1771,-18.064407348632812,0.3356998860836029,16.954486846923828,34.16712188720703,11233.677333459249,579.2860107421875,394.9132995605469,68.17241907119751,-0.045742716640233994,-0.031183917075395584
66.4,1771,-18.040512084960938,0.33749157190322876,16.975812911987305,34.06720733642578,11227.58429473214,578.3185424804688,396.8056640625,68.61369013786316,-0.045464351773262024,-0.031194766983389854
66.5,1771,-17.87686538696289,0.33870163559913635,16.93429183959961,34.07191467285156,11214.319958080947,576.9837646484375,397.7579345703125,68.93746256828308,-0.04494408145546913,-0.03098330833017826
66.6,1771,-17.951053619384766,0.33725589513778687,16.941448211669922,34.13908386230469,11199.080949992273,578.3655395507812,395.52191162109375,68.3861494064331,-0.04538573697209358,-0.031037557870149612
66.7,1771,-18.250808715820312,0.33864614367485046,16.981121063232422,34.223411560058594,11186.657072671911,581.1519165039062,396.7117614746094,68.26300621032715,-0.046005211770534515,-0.031404539942741394
66.8,1771,-18.271650314331055,0.3398360013961792,16.936885833740234,34.35565948486328,11180.306417423148,581.8778686523438,397.879638671875,68.37854385375977,-0.04592255875468254,-0.03140117600560188
66.9,1771,-18.373146057128906,0.3409818708896637,16.954992294311523,34.45319366455078,11177.469138628087,584.1536254882812,399.1199035644531,68.32447648048401,-0.04603414982557297,-0.031452592462301254
67,1771,-18.329994201660156,0.3432920575141907,16.96589469909668,34.51744079589844,11180.111747924882,585.6192626953125,401.9189758300781,68.63144636154175,-0.04560619220137596,-0.03130019083619118
67.1,1771,-18.19553565979004,0.34236952662467957,16.93909454345703,34.55006408691406,11186.70020303979,585.246826171875,401.0751037597656,68.530935049057,-0.04536690190434456,-0.03109036386013031
67.2,1771,-18.313661575317383,0.3399094343185425,16.961091995239258,34.51108169555664,11195.536100026875,585.3456420898438,398.5077209472656,68.08075308799744,-0.0459556020796299,-0.03128691762685776
67.3,1771,-18.45062828063965,0.3404415249824524,16.9840030670166,34.48180389404297,11198.580870862002,585.6390380859375,399.2400817871094,68.17169785499573,-0.04621436819434166,-0.03150511905550957
67.4,1771,-18.070919036865234,0.34055158495903015,16.937606811523438,34.457061767578125,11202.749362633218,583.6201782226562,399.517822265625,68.45510601997375,-0.04523182287812233,-0.030963493511080742
67.5,1771,-18.054494857788086,0.3389955163002014,16.95297622680664,34.392066955566406,11207.52750798283,583.0479125976562,397.8619384765625,68.23829412460327,-0.04537879303097725,-0.030965715646743774
67.6,1771,-18.1101016998291,0.34042888879776,16.982154846191406,34.38424301147461,11204.496725375122,583.9185180664062,399.4361572265625,68.40614676475525,-0.04533916339278221,-0.03101477399468422
67.7,1771,-18.021953582763672,0.3401339650154114,16.958810806274414,34.39690017700195,11202.174679623371,583.3305053710938,399.0074157714844,68.40159893035889,-0.04516696557402611,-0.030894925817847252
67.8,1771,-18.169553756713867,0.3381086587905884,16.948867797851562,34.37113571166992,11205.795299153962,582.5518188476562,396.7597351074219,68.10719966888428,-0.04579485207796097,-0.03118959069252014
67.9,1771,-18.35763931274414,0.3391841948032379,16.983810424804688,34.3447380065918,11206.042424505053,583.3045043945312,398.0306091308594,68.23719143867493,-0.04612117260694504,-0.03147179260849953
68,1771,-18.105268478393555,0.34053876996040344,16.940534591674805,34.38471221923828,11201.657115208824,582.4954223632812,399.4638366699219,68.57802271842957,-0.0453239269554615,-0.03108225017786026
68.1,1771,-18.0133113861084,0.3381255865097046,16.955087661743164,34.39043426513672,11197.288125511253,583.0928344726562,396.4783630371094,67.99575686454773,-0.045433275401592255,-0.03089269995689392
68.2,1771,-18.099836349487305,0.33868831396102905,16.98488998413086,34.4076042175293,11195.509289257652,584.4093627929688,397.07513427734375,67.94468760490417,-0.04558290168642998,-0.030971160158514977
68.3,1771,-17.979572296142578,0.34062671661376953,16.963783264160156,34.450496673583984,11194.449681030574,584.4107666015625,399.3099060058594,68.32692623138428,-0.04502661153674126,-0.03076530061662197
68.4,1771,-17.95701789855957,0.3403738737106323,16.95302391052246,34.45341873168945,11196.978053136772,584.0896606445312,399.1036071777344,68.32917332649231,-0.04499337449669838,-0.03074359893798828
68.5,1771,-17.950132369995117,0.3410930931568146,16.981096267700195,34.38136672973633,11203.962841361918,583.8333129882812,400.1964111328125,68.54634881019592,-0.04485330358147621,-0.030745305120944977
68.6,1771,-17.87302017211914,0.3418389856815338,16.954727172851562,34.37590408325195,11202.74703126198,582.8340454101562,401.0280456542969,68.80655288696289,-0.044568005949258804,-0.03066570870578289
68.7,1771,-17.848155975341797,0.34007981419563293,16.95436668395996,34.40034103393555,11199.603177149294,583.2360229492188,398.852294921875,68.38608980178833,-0.044748783111572266,-0.030601944774389267
68.8,1771,-18.022972106933594,0.3385411500930786,16.968345642089844,34.35209274291992,11203.90572276662,582.898193359375,397.20025634765625,68.14230680465698,-0.045375026762485504,-0.03091958910226822
68.9,1771,-17.838695526123047,0.3382541835308075,16.97343635559082,34.301082611083984,11206.798954471362,582.2072143554688,396.966064453125,68.18294525146484,-0.044937584549188614,-0.0306397695094347
69,1771,-17.68620491027832,0.33674490451812744,16.94113540649414,34.26581573486328,11207.799112731904,580.5018310546875,395.2300720214844,68.08421015739441,-0.04474913701415062,-0.030467096716165543
69.1,1771,-17.791336059570312,0.33647263050079346,16.97273826599121,34.23469161987305,11206.732510391115,581.0564575195312,394.8729248046875,67.95775890350342,-0.045055851340293884,-0.030618945136666298
69.2,1771,-17.7193546295166,0.3374803364276886,16.9657039642334,34.228912353515625,11204.82311734826,580.7175903320312,395.9880676269531,68.18943619728088,-0.04474719241261482,-0.030512860044836998
69.3,1771,-17.79153060913086,0.3363834321498871,16.948123931884766,34.23931121826172,11200.856289189018,580.2921142578125,394.5612487792969,67.99356341362,-0.045091934502124786,-0.030659612268209457
69.4,1771,-18.06100845336914,0.33618345856666565,16.962844848632812,34.275508880615234,11193.56958838872,581.41015625,394.0701599121094,67.77834296226501,-0.04583195969462395,-0.031064143404364586
69.5,1771,-18.052669525146484,0.33728930354118347,16.97783088684082,34.319122314453125,11193.349273806853,582.6642456054688,395.358642578125,67.85359382629395,-0.045661501586437225,-0.03098297119140625
69.6,1771,-18.03675651550293,0.3364679217338562,16.93873405456543,34.32828140258789,11195.226027652394,581.4776000976562,394.46197509765625,67.83785820007324,-0.04572495445609093,-0.031018830835819244
69.7,1771,-18.31170082092285,0.33624792098999023,16.971370697021484,34.354434967041016,11192.070516683523,583.0418701171875,394.09295654296875,67.59256720542908,-0.0464654378592968,-0.031407181173563004
69.8,1771,-18.28611183166504,0.3382141590118408,16.961645126342773,34.42819595336914,11189.430238757963,583.9588623046875,396.3039245605469,67.8650438785553,-0.04614163562655449,-0.03131404146552086
69.9,1771,-18.20929718017578,0.33798614144325256,16.938518524169922,34.49299621582031,11188.707513674586,584.26025390625,396.01116943359375,67.77992844581604,-0.04598177596926689,-0.03116641379892826
70,1771,-18.340206146240234,0.3376307785511017,16.96851348876953,34.51949691772461,11187.63857996256,585.7445678710938,395.5570068359375,67.53063201904297,-0.04636552184820175,-0.03131093084812164
70.1,1771,-18.404403686523438,0.3400394916534424,16.966230392456055,34.59245681762695,11186.443752203753,586.903564453125,398.33642578125,67.87084341049194,-0.046203166246414185,-0.03135847672820091
70.2,1771,-18.40976333618164,0.3410319983959198,16.948772430419922,34.635135650634766,11186.436758090043,587.0230102539062,399.49884033203125,68.05505156517029,-0.04608214646577835,-0.031361229717731476
70.3,1771,-18.4954776763916,0.3419305384159088,16.981313705444336,34.658077239990234,11191.030725111956,588.5396728515625,400.7159118652344,68.08647513389587,-0.046156082302331924,-0.03142604976892471
70.4,1771,-18.400466918945312,0.3432502746582031,16.949132919311523,34.6688117980957,11194.385568321564,587.6063232421875,402.3831481933594,68.47835779190063,-0.04572872444987297,-0.03131427615880966
70.5,1771,-18.204830169677734,0.34116172790527344,16.942264556884766,34.624080657958984,11205.341847448424,586.6103515625,400.32623291015625,68.24397444725037,-0.04547498747706413,-0.031033940613269806
70.6,1771,-18.38251495361328,0.3394204080104828,16.966567993164062,34.53752136230469,11213.66950550591,585.9832153320312,398.57891845703125,68.01882982254028,-0.046120140701532364,-0.0313703790307045
70.7,1771,-18.36944580078125,0.3405691385269165,16.985130310058594,34.428470611572266,11218.8020192835,584.7720336914062,400.11090087890625,68.4216856956482,-0.04591088369488716,-0.0314130000770092
70.8,1771,-18.214599609375,0.3392177224159241,16.940872192382812,34.315006256103516,11221.599664767537,581.3261108398438,398.62261962890625,68.57125163078308,-0.04569384455680847,-0.031332843005657196
70.9,1771,-18.16403579711914,0.3367123603820801,16.961355209350586,34.20614242553711,11223.189659950964,580.1825561523438,395.73455810546875,68.20862889289856,-0.04589954391121864,-0.03130745142698288
71,1771,-18.170421600341797,0.3359309136867523,16.973388671875,34.10945510864258,11222.406319215434,578.9530639648438,394.78857421875,68.19008588790894,-0.046025700867176056,-0.031384967267513275
71.1,1771,-17.979219436645508,0.33620306849479675,16.971200942993164,34.095787048339844,11214.400390388613,578.6464233398438,394.8265380859375,68.23278069496155,-0.04553700610995293,-0.031071165576577187
71.2,1771,-17.91016960144043,0.33454984426498413,16.948627471923828,34.14067077636719,11202.948694873954,578.6375122070312,392.4838562011719,67.82897114753723,-0.04563288390636444,-0.030952313914895058
71.3,1771,-18.18027114868164,0.33605918288230896,16.982177734375,34.197357177734375,11192.85735447591,580.74560546875,393.8994445800781,67.82650351524353,-0.04615459963679314,-0.03130505234003067
71.4,1771,-18.054729461669922,0.3393128514289856,16.943368911743164,34.28179931640625,11187.94981802266,580.8491821289062,397.5387268066406,68.44095587730408,-0.04541628062725067,-0.031083334237337112
71.5,1771,-18.092023849487305,0.33892786502838135,16.95888328552246,34.32429885864258,11187.89269942736,582.101806640625,397.08563232421875,68.21584701538086,-0.0455620177090168,-0.031080516055226326
71.6,1771,-18.22296714782715,0.34020036458969116,16.978647232055664,34.37299728393555,11186.57430899301,583.6069946289062,398.529541015625,68.28731298446655,-0.045725513249635696,-0.031224723905324936
71.7,1771,-18.224349975585938,0.3401950001716614,16.95585823059082,34.43557357788086,11189.068876216275,583.8847045898438,398.61212158203125,68.26897859573364,-0.045719508081674576,-0.03121224045753479
71.8,1771,-18.348892211914062,0.3395106792449951,16.959434509277344,34.44669723510742,11190.345301968367,584.196533203125,397.85565185546875,68.10305714607239,-0.04611947014927864,-0.03140876814723015
71.9,1771,-18.326194763183594,0.34208643436431885,16.98488998413086,34.490989685058594,11189.279865313196,585.82568359375,400.8359069824219,68.42238306999207,-0.045719943940639496,-0.03128267824649811
72,1771,-18.146282196044922,0.34320318698883057,16.940101623535156,34.54052734375,11190.373278423207,585.1200561523438,402.1837463378906,68.73525381088257,-0.045119382441043854,-0.031012922525405884
72.1,1771,-18.238689422607422,0.34180882573127747,16.965967178344727,34.552127838134766,11192.469181165,586.2102661132812,400.624755859375,68.34148168563843,-0.04552561417222023,-0.031112879514694214
72.2,1771,-18.409143447875977,0.3424808979034424,16.98666763305664,34.581748962402344,11194.443852602482,587.4286499023438,401.4833068847656,68.34588050842285,-0.04585282504558563,-0.031338516622781754
72.3,1771,-18.346067428588867,0.3418702185153961,16.953096389770508,34.583702087402344,11198.790694273304,586.3008422851562,400.92303466796875,68.3817982673645,-0.045759573578834534,-0.03129121661186218
72.4,1771,-18.368148803710938,0.34085381031036377,16.957706451416016,34.54977035522461,11201.267776212295,585.8848876953125,399.8194885253906,68.24198961257935,-0.04594110697507858,-0.03135112300515175
72.5,1771,-18.2286376953125,0.34106335043907166,16.986116409301758,34.514495849609375,11203.560679823588,586.2672729492188,400.14715576171875,68.25337409973145,-0.045554835349321365,-0.03109271079301834
72.6,1771,-18.005891799926758,0.3412245810031891,16.945892333984375,34.51131820678711,11203.373004439034,584.8250732421875,400.3296203613281,68.45288276672363,-0.044977664947509766,-0.03078850731253624
72.7,1771,-18.036890029907227,0.33993497490882874,16.94889259338379,34.5148811340332,11201.503244707203,584.989013671875,398.75006103515625,68.16368699073792,-0.04523357003927231,-0.030832869932055473
72.8,1771,-18.284753799438477,0.3415473699569702,16.979991912841797,34.49982833862305,11201.906571931151,585.8068237304688,400.6558837890625,68.39385628700256,-0.04563705623149872,-0.03121294267475605
72.9,1771,-18.1039981842041,0.34266096353530884,16.968706130981445,34.45278549194336,11206.882883835882,584.6192016601562,402.1407470703125,68.78678798675537,-0.045019060373306274,-0.030967162922024727
73,1782,-17.979074478149414,0.3408155143260956,16.949132919311523,34.39958190917969,11210.32981620934,583.0430908203125,400.0979919433594,68.62236857414246,-0.04493667930364609,-0.030836613848805428
73.1,1782,-18.045272827148438,0.3426326811313629,16.956098556518555,34.68537902832031,11216.603536207293,588.1287231445312,402.4563293457031,68.42997670173645,-0.044837839901447296,-0.030682522803544998
73.2,1782,-18.184436798095703,0.3450552225112915,16.984195709228516,35.10626220703125,11249.732321480767,596.2516479492188,406.4989318847656,68.17573308944702,-0.04473428055644035,-0.030497923493385315
73.3,1782,-18.390525817871094,0.346856027841568,16.98342514038086,35.38302230834961,11279.899099598017,600.9249267578125,409.7161560058594,68.18092465400696,-0.044886015355587006,-0.030603699386119843
73.4,1782,-18.55877685546875,0.34766095876693726,16.96123504638672,35.602783203125,11296.351586415392,603.8671875,411.26593017578125,68.1053638458252,-0.04512597620487213,-0.03073321096599102
73.5,1782,-18.63650894165039,0.3476640284061432,16.94197654724121,35.76511001586914,11311.351628952305,605.931640625,411.815673828125,67.96404719352722,-0.04525449126958847,-0.030756784602999687
73.6,1782,-18.598726272583008,0.34690961241722107,16.94365692138672,35.833526611328125,11330.43157115344,607.1510009765625,411.6152038574219,67.79453754425049,-0.04518474265933037,-0.030632786452770233
73.7,1782,-18.525897979736328,0.34594911336898804,16.953216552734375,35.86639404296875,11340.977528942642,608.0507202148438,410.85760498046875,67.56962537765503,-0.045090798288583755,-0.03046768344938755
73.8,1782,-18.567363739013672,0.34702837467193604,16.9450740814209,35.97042465209961,11341.264287604756,609.521484375,412.1497802734375,67.61857867240906,-0.045050039887428284,-0.030462196096777916
73.9,1782,-18.647092819213867,0.3500675559043884,16.95772933959961,36.07091522216797,11339.859636434645,611.6808471679688,415.7077941894531,67.96155571937561,-0.044856250286102295,-0.03048500418663025
74,1782,-18.791507720947266,0.3515926003456116,16.97050666809082,36.16471481323242,11339.484285665536,613.7335205078125,417.5049743652344,68.02707314491272,-0.0450090654194355,-0.030618349090218544
74.1,1782,-19.02037239074707,0.35209521651268005,16.98040008544922,36.21681213378906,11344.574834760866,614.9759521484375,418.28948974609375,68.01721453666687,-0.04547179117798805,-0.03092864342033863
74.2,1782,-19.098339080810547,0.3509485423564911,16.986236572265625,36.23490524291992,11348.672219709362,615.4946899414062,417.0778503417969,67.76303052902222,-0.04579082876443863,-0.03102925233542919
74.3,1782,-19.10694694519043,0.35265249013900757,16.9780216217041,36.32532501220703,11342.652619176208,616.732177734375,418.88055419921875,67.91936159133911,-0.04561430960893631,-0.030980948358774185
74.4,1782,-19.140792846679688,0.3544398248195648,16.987701416015625,36.47449493408203,11338.720761585519,619.6178588867188,420.85760498046875,67.92212724685669,-0.04548044875264168,-0.030891288071870804
74.5,1782,-19.173614501953125,0.355732262134552,16.97343635559082,36.56410598754883,11339.879453090156,620.6185302734375,422.4353942871094,68.06683540344238,-0.045388273894786835,-0.030894363299012184
74.6,1782,-19.10671043395996,0.35539954900741577,16.95537757873535,36.60518264770508,11345.540022452858,620.6546630859375,422.2509765625,68.03315877914429,-0.04524965211749077,-0.030784767121076584
74.7,1782,-19.070926666259766,0.35382866859436035,16.94325065612793,36.6005744934082,11353.365270008835,620.1326904296875,420.674560546875,67.83621311187744,-0.04533415660262108,-0.03075297735631466
74.8,1782,-18.89853858947754,0.35273629426956177,16.94072723388672,36.60190200805664,11360.304596494865,620.0628662109375,419.63214111328125,67.67574548721313,-0.045035965740680695,-0.030478425323963165
74.9,1782,-18.815935134887695,0.35287022590637207,16.947572708129883,36.574310302734375,11362.702411811808,619.8457641601562,419.88006591796875,67.7394449710846,-0.0448126420378685,-0.03035583347082138
75,1782,-18.791831970214844,0.3516840934753418,16.94202423095703,36.551151275634766,11367.327852345417,619.25048828125,418.6390380859375,67.60415434837341,-0.04488791152834892,-0.030346091836690903
75.1,1782,-18.646249771118164,0.3501335680484772,16.94428062438965,36.44700241088867,11374.690322710909,617.5682373046875,417.0632629394531,67.53314733505249,-0.04470844194293022,-0.030193019658327103
75.2,1782,-18.56678009033203,0.34809836745262146,16.94742774963379,36.2745475769043,11388.000121101215,614.76025390625,415.12420654296875,67.5261914730072,-0.04472584277391434,-0.030201658606529236
75.3,1782,-18.534133911132812,0.34868258237838745,16.945985794067383,36.09144592285156,11398.248829057738,611.6051025390625,416.19512939453125,68.04965138435364,-0.04453231766819954,-0.030304085463285446
75.4,1782,-18.707996368408203,0.34706246852874756,16.947643280029297,35.95842361450195,11394.973252470178,609.4105224609375,414.1423034667969,67.95784831047058,-0.04517287015914917,-0.030698511749505997
75.5,1782,-18.726394653320312,0.3470041751861572,16.941062927246094,35.9291877746582,11383.615977490605,608.6786499023438,413.6600341796875,67.96033382415771,-0.04527001455426216,-0.030765650793910027
75.6,1782,-18.816349029541016,0.3481592833995819,16.94481086730957,35.966094970703125,11370.316670270864,609.4386596679688,414.5521240234375,68.02195906639099,-0.04538958519697189,-0.030874885618686676
75.7,1782,-18.955951690673828,0.347614586353302,16.955137252807617,36.042274475097656,11355.132449406252,611.1016845703125,413.350830078125,67.64026880264282,-0.04585923254489899,-0.031019307672977448
75.8,1782,-19.072587966918945,0.34931665658950806,16.966230392456055,36.15217971801758,11344.8056405133,613.3662109375,414.99700927734375,67.658931016922,-0.045958373695611954,-0.03109494410455227
75.9,1782,-19.094297409057617,0.35014858841896057,16.978960037231445,36.213539123535156,11343.544368674246,614.8682250976562,415.9391174316406,67.64687299728394,-0.04590647295117378,-0.031054291874170303
76,1782,-19.014944076538086,0.35042592883110046,16.973051071166992,36.254539489746094,11349.573294692345,615.3501586914062,416.48980712890625,67.68338680267334,-0.04565524309873581,-0.030901014804840088
76.1,1782,-19.015888214111328,0.35065415501594543,16.982873916625977,36.20453643798828,11362.30607870157,614.8570556640625,417.2286071777344,67.85781979560852,-0.045576661825180054,-0.030927330255508423
76.2,1782,-18.90559196472168,0.3488363027572632,16.983041763305664,36.10697555541992,11373.429050871855,613.206298828125,415.4719543457031,67.75403022766113,-0.0455038957297802,-0.03083072230219841
76.3,1782,-18.8156795501709,0.3481304943561554,16.986404418945312,36.07797622680664,11371.090685521447,612.8350830078125,414.54608154296875,67.64398217201233,-0.04538863152265549,-0.030702680349349976
76.4,1782,-18.803178787231445,0.34792017936706543,16.98484230041504,36.11650848388672,11363.80981314924,613.4332275390625,414.0303649902344,67.49396324157715,-0.04541497677564621,-0.03065236657857895
76.5,1782,-18.67560386657715,0.3493605852127075,16.97050666809082,36.11000442504883,11362.810820574316,612.8050537109375,415.7079162597656,67.83689260482788,-0.04492482170462608,-0.03047560341656208
76.6,1782,-18.692001342773438,0.35065239667892456,16.986284255981445,36.10932540893555,11364.255105055448,613.36328125,417.298095703125,68.03441047668457,-0.04479292407631874,-0.030474601313471794
76.7,1782,-18.559526443481445,0.34993425011634827,16.980039596557617,36.073760986328125,11366.96532411811,612.5338745117188,416.54278564453125,68.00321936607361,-0.044556111097335815,-0.030299590900540352
76.8,1782,-18.489093780517578,0.35068613290786743,16.96788787841797,36.01660919189453,11371.231733481267,611.1257934570312,417.5944519042969,68.33199858665466,-0.04427523910999298,-0.030254153534770012
76.9,1782,-18.506282806396484,0.3501414954662323,16.960227966308594,35.92002487182617,11378.583712676193,609.2117919921875,417.2154846191406,68.48446726799011,-0.044356655329465866,-0.030377419665455818
77,1798,-18.431148529052734,0.3470834791660309,16.95511245727539,35.79758834838867,11386.67007381068,606.9521484375,413.8655700683594,68.18751096725464,-0.044534143060445786,-0.030366724357008934
77.1,1798,-18.43764305114746,0.3494448661804199,16.933713912963867,36.25495910644531,11406.170828520037,613.9310913085938,417.3949279785156,67.98725724220276,-0.04417313635349274,-0.03003210388123989
77.2,1798,-18.74725914001465,0.3536944091320038,16.978694915771484,36.86384963989258,11455.007227500762,625.9000854492188,424.2796325683594,67.78712272644043,-0.04418609291315079,-0.029952479526400566
77.3,1798,-18.869293212890625,0.35456418991088867,16.96106719970703,37.2762565612793,11492.543470097213,632.2451171875,426.7167053222656,67.49229431152344,-0.044219721108675,-0.029844902455806732
77.4,1798,-18.996084213256836,0.3587665259838104,16.942913055419922,37.6599006652832,11512.843885140757,638.0684204101562,432.5368957519531,67.78848171234131,-0.043917834758758545,-0.0297712329775095
77.5,1798,-19.014690399169922,0.3612259328365326,16.94987678527832,37.89259719848633,11537.50979282502,642.2748413085938,436.43505859375,67.9514467716217,-0.0435682013630867,-0.02960522286593914
77.6,1798,-19.20637321472168,0.3606886565685272,16.984481811523438,38.02349853515625,11558.77422987494,645.8094482421875,436.5890808105469,67.60339736938477,-0.043991874903440475,-0.029740002006292343
77.7,1798,-19.090730667114258,0.3602153956890106,16.944305419921875,38.08848571777344,11578.59671381496,645.3829345703125,436.76397705078125,67.67516732215881,-0.043709490448236465,-0.02958047017455101
77.8,1798,-19.0980224609375,0.36008763313293457,16.973051071166992,38.07203674316406,11595.284669127243,646.1986083984375,437.23834228515625,67.6631510257721,-0.04367874562740326,-0.029554415494203568
77.9,1798,-19.31610107421875,0.36041632294654846,16.973003387451172,38.08885192871094,11601.439489192126,646.4822387695312,437.8697509765625,67.7311360836029,-0.044113803654909134,-0.029878782108426094
78,1798,-19.126073837280273,0.36005038022994995,16.947402954101562,38.12611389160156,11603.275444041024,646.1386108398438,437.494384765625,67.70906448364258,-0.04371729865670204,-0.02960057370364666
78.1,1798,-19.218442916870117,0.3612073063850403,16.962749481201172,38.16419982910156,11603.492261566038,647.3697509765625,438.9083557128906,67.79871582984924,-0.0437869131565094,-0.02968696504831314
78.2,1798,-19.326297760009766,0.36087557673454285,16.978191375732422,38.227577209472656,11602.163379961119,649.0350952148438,438.4550476074219,67.55490303039551,-0.044078171253204346,-0.02977696806192398
78.3,1798,-19.206918716430664,0.36154258251190186,16.939430236816406,38.271873474121094,11605.096244976885,648.3037109375,439.3764953613281,67.77324676513672,-0.04371403157711029,-0.02962641976773739
78.4,1798,-19.324586868286133,0.3607688844203949,16.986717224121094,38.21296310424805,11610.685707516868,649.11279296875,438.64739990234375,67.57645010948181,-0.044054944068193436,-0.02977076917886734
78.5,1798,-19.151025772094727,0.35987237095832825,16.96243667602539,38.17448806762695,11617.523619354102,647.5323486328125,437.8150634765625,67.61284470558167,-0.04374227300286293,-0.029575396329164505
78.6,1798,-19.089820861816406,0.3598997890949249,16.942960739135742,38.12043762207031,11622.10010109174,645.8731079101562,438.0208740234375,67.81841516494751,-0.04358198866248131,-0.02955661341547966
78.7,1798,-19.234195709228516,0.35928329825401306,16.98359489440918,38.0770263671875,11621.180375138863,646.684814453125,437.2359619140625,67.61191487312317,-0.043990422040224075,-0.02974276803433895
78.8,1798,-19.21678352355957,0.3593260645866394,16.941448211669922,38.1055908203125,11613.912325308458,645.5639038085938,437.0145263671875,67.69500970840454,-0.04397287219762802,-0.029767438769340515
78.9,1798,-19.17003631591797,0.36264312267303467,16.972572326660156,38.149715423583984,11610.865223102093,647.498779296875,440.93304443359375,68.09789538383484,-0.04347607120871544,-0.0296062882989645
79,1798,-19.178394317626953,0.3614187240600586,16.97317123413086,38.12161636352539,11612.978611128161,647.0447387695312,439.5242919921875,67.9279625415802,-0.043634433299303055,-0.02963998168706894
79.1,1798,-19.040637969970703,0.36001959443092346,16.941879272460938,38.074310302734375,11620.025180691078,645.0503540039062,438.0884704589844,67.91539192199707,-0.04346299543976784,-0.029518064111471176
79.2,1798,-19.100282669067383,0.3605821132659912,16.975980758666992,37.984249114990234,11625.630962829719,644.8198852539062,438.9846496582031,68.07864904403687,-0.04351013898849487,-0.02962111309170723
79.3,1798,-19.039838790893555,0.3570167124271393,16.96589469909668,37.91888427734375,11628.79929634039,643.3278198242188,434.762451171875,67.58024096488953,-0.043793659657239914,-0.029595859348773956
79.4,1798,-18.928468704223633,0.35862794518470764,16.962291717529297,37.85833740234375,11626.958678749017,642.1641845703125,436.6554260253906,67.99747943878174,-0.043348751962184906,-0.02947605960071087
79.5,1798,-19.04256820678711,0.3588855266571045,16.97579002380371,37.83893966674805,11621.091783031869,642.3458862304688,436.7485656738281,67.9927408695221,-0.04360075667500496,-0.029645349830389023
79.6,1798,-19.08145523071289,0.3571128845214844,16.944618225097656,37.904903411865234,11610.885039757606,642.2841186523438,434.20965576171875,67.60398149490356,-0.04394526034593582,-0.0297087449580431
79.7,1798,-19.194692611694336,0.36035972833633423,16.94166374206543,38.04535675048828,11595.593575816105,644.5516357421875,437.58038330078125,67.8891122341156,-0.04386552423238754,-0.029779914766550064
79.8,1798,-19.354095458984375,0.3626832067966461,16.980064392089844,38.230506896972656,11582.013338362342,649.156494140625,439.885986328125,67.76270270347595,-0.043997980654239655,-0.02981422282755375
79.9,1798,-19.39506721496582,0.36248067021369934,16.96402359008789,38.38997268676758,11580.412852008349,651.2484130859375,439.57958984375,67.49799251556396,-0.04412185773253441,-0.029781365767121315
80,1798,-19.265291213989258,0.36475101113319397,16.948484420776367,38.45870590209961,11588.196134882064,651.8167724609375,442.630126953125,67.90713667869568,-0.04352458193898201,-0.02955629862844944
80.1,1798,-19.482650756835938,0.36492109298706055,16.981481552124023,38.480369567871094,11597.315293474407,653.4536743164062,443.18499755859375,67.82194375991821,-0.043960537761449814,-0.029814891517162323
80.2,1798,-19.510183334350586,0.36144882440567017,16.954561233520508,38.52145004272461,11600.292454543669,653.1142578125,439.0807189941406,67.22877621650696,-0.044434159994125366,-0.02987254038453102
80.3,1798,-19.535499572753906,0.3650539219379425,16.942169189453125,38.587825775146484,11600.356567252678,653.761474609375,443.46258544921875,67.83247590065002,-0.04405219480395317,-0.029881693422794342
80.4,1798,-19.631967544555664,0.36415570974349976,16.980688095092773,38.622867584228516,11599.815689125766,655.8428955078125,442.3507995605469,67.44768023490906,-0.04438099265098572,-0.029933949932456017
80.5,1798,-19.62081527709961,0.3638417422771454,16.942432403564453,38.673011779785156,11601.391696081773,655.2149047851562,442.02947998046875,67.46328473091125,-0.044388025999069214,-0.02994561940431595
80.6,1798,-19.623876571655273,0.366169810295105,16.957778930664062,38.7503776550293,11600.103613473497,657.120361328125,444.8084411621094,67.6905632019043,-0.04411758854985237,-0.029863445088267326
80.7,1798,-19.719982147216797,0.3675059974193573,16.975189208984375,38.85980224609375,11592.730651937442,659.6524658203125,446.1478271484375,67.63376593589783,-0.044200554490089417,-0.029894500970840454
80.8,1798,-19.822534561157227,0.36670929193496704,16.950620651245117,39.0312385559082,11583.30724939871,661.6036987304688,444.81878662109375,67.23341345787048,-0.0445631705224514,-0.029961340129375458
80.9,1798,-19.851430892944336,0.37057700753211975,16.9307861328125,39.22224807739258,11575.56826257849,664.0634765625,449.2099914550781,67.64563918113708,-0.044191874563694,-0.029893875122070312
81,1804,-19.963991165161133,0.37247827649116516,16.96971321105957,39.397857666015625,11573.615739167757,668.5703735351562,451.43853759765625,67.52296686172485,-0.044223055243492126,-0.029860718175768852
81.1,1804,-20.0020809173584,0.3737255930900574,16.94529151916504,39.74187469482422,11577.44618210965,673.4376220703125,453.10015869140625,67.2816812992096,-0.04414494335651398,-0.029701458290219307
81.2,1804,-20.121944427490234,0.3768613338470459,16.934555053710938,40.100563049316406,11597.568247253588,679.085205078125,457.6960144042969,67.39891171455383,-0.04396355524659157,-0.029630957171320915
81.3,1804,-20.206212997436523,0.37637564539909363,16.9794864654541,40.275367736816406,11625.060942562346,683.8550415039062,458.18975830078125,67.00100302696228,-0.04410009831190109,-0.02954750880599022
81.4,1804,-20.18304443359375,0.37643975019454956,16.940702438354492,40.34718704223633,11647.586651451318,683.5097045898438,459.15576171875,67.17619299888611,-0.043956857174634933,-0.0295285414904356
81.5,1804,-20.228046417236328,0.3774959146976471,16.979080200195312,40.38792419433594,11661.079462483707,685.7498168945312,460.9773864746094,67.22238659858704,-0.043880775570869446,-0.02949770726263523
81.6,1804,-20.12834930419922,0.37671706080436707,16.936933517456055,40.41829299926758,11669.94450161125,684.5619506835938,460.37603759765625,67.2511875629425,-0.04372154176235199,-0.02940325438976288
81.7,1804,-20.154600143432617,0.3772357106208801,16.982393264770508,40.366127014160156,11683.789349700379,685.513427734375,461.5567932128906,67.33008623123169,-0.04366656765341759,-0.029400736093521118
81.8,1804,-19.952810287475586,0.37507861852645874,16.9399356842041,40.26784896850586,11697.141112772946,682.134765625,459.44195556640625,67.35354661941528,-0.04342835769057274,-0.02925053983926773
81.9,1804,-20.067411422729492,0.3744561970233917,16.979272842407227,40.18509292602539,11700.013362136558,682.3136596679688,458.79217529296875,67.2406554222107,-0.04373965412378311,-0.0294108297675848
82,1804,-19.948511123657227,0.3733040392398834,16.942672729492188,40.121604919433594,11701.56488969458,679.7672119140625,457.441162109375,67.29379892349243,-0.04360891133546829,-0.02934609167277813
82.1,1804,-20.01974868774414,0.37308138608932495,16.981456756591797,39.9868049621582,11705.804488288515,679.0341796875,457.333984375,67.35065579414368,-0.04377489909529686,-0.029482681304216385
82.2,1804,-19.861576080322266,0.3719325661659241,16.939191818237305,39.913658142089844,11708.41329270238,676.1051025390625,456.0273132324219,67.44917631149292,-0.04355347901582718,-0.02937646210193634
82.3,1804,-19.98459243774414,0.37143024802207947,16.971561431884766,39.829837799072266,11710.041755511213,675.9745483398438,455.4747619628906,67.38046407699585,-0.04387639835476875,-0.02956411987543106
82.4,1804,-19.7117977142334,0.3708457350730896,16.938278198242188,39.710670471191406,11711.601442868565,672.63037109375,454.8185729980469,67.6179051399231,-0.043339915573596954,-0.02930554188787937
82.5,1804,-19.759971618652344,0.36888331174850464,16.975454330444336,39.59822463989258,11710.14317016001,672.1978759765625,452.35546875,67.29498505592346,-0.04368240013718605,-0.029396064579486847
82.6,1804,-19.658676147460938,0.3700364828109741,16.934724807739258,39.52162551879883,11706.257939994053,669.287841796875,453.6190185546875,67.77637004852295,-0.043337415903806686,-0.029372528195381165
82.7,1804,-19.735177993774414,0.36846643686294556,16.957801818847656,39.48319625854492,11699.506288892577,669.5482177734375,451.4338073730469,67.42364764213562,-0.043716657906770706,-0.029475364834070206
82.8,1804,-19.616060256958008,0.3706296384334564,16.95018768310547,39.471134185791016,11697.524623341384,669.0431518554688,454.0072021484375,67.8591787815094,-0.04320649802684784,-0.029319575056433678
82.9,1804,-19.827159881591797,0.370318204164505,16.963422775268555,39.50014114379883,11685.916725953866,670.0576171875,453.175537109375,67.63232946395874,-0.043751608580350876,-0.02959023229777813
83,1804,-19.836938858032227,0.3714123070240021,16.93088150024414,39.672447204589844,11667.19814629442,671.6895141601562,453.7864074707031,67.55895614624023,-0.043714262545108795,-0.0295329000800848
83.1,1804,-19.993085861206055,0.3722960650920868,16.98174476623535,39.81108856201172,11660.572389239725,676.061767578125,454.60784912109375,67.24354028701782,-0.043978750705718994,-0.029572870582342148
83.2,1804,-19.944774627685547,0.3727555274963379,16.94978141784668,39.935638427734375,11660.979213520528,676.9003295898438,455.1847839355469,67.24546551704407,-0.04381687566637993,-0.029464861378073692
83.3,1804,-20.038646697998047,0.37409472465515137,16.981216430664062,40.0222053527832,11664.410991980947,679.625732421875,456.9545593261719,67.23620891571045,-0.04385260120034218,-0.0294848270714283
83.4,1804,-20.046911239624023,0.37436673045158386,16.94526481628418,40.083194732666016,11665.903069572434,679.2203369140625,457.3453063964844,67.33386516571045,-0.043833207339048386,-0.02951459214091301
83.5,1804,-20.120655059814453,0.37616515159606934,16.964046478271484,40.1695442199707,11664.546211512676,681.43798828125,459.4888916015625,67.4293041229248,-0.04378920793533325,-0.029526757076382637
83.6,1804,-20.218259811401367,0.3758496344089508,16.95936393737793,40.25825500488281,11665.31323264955,682.75439453125,459.1336975097656,67.24726557731628,-0.044035669416189194,-0.029612785205245018
83.7,1804,-20.133649826049805,0.377511203289032,16.936716079711914,40.32468795776367,11667.67724308356,682.9677734375,461.25689697265625,67.53713488578796,-0.04364953562617302,-0.029479647055268288
83.8,1804,-20.18375015258789,0.3757198750972748,16.95479965209961,40.37432098388672,11675.524638666286,684.5385131835938,459.376953125,67.10753440856934,-0.04393722862005234,-0.029485192149877548
83.9,1804,-19.98805809020996,0.37674084305763245,16.955617904663086,40.37952423095703,11682.254141741014,684.6597900390625,460.8907165527344,67.31675267219543,-0.043368324637413025,-0.029194146394729614
84,1804,-20.129905700683594,0.37335580587387085,16.963350296020508,40.30051040649414,11690.274058795254,683.6316528320312,457.06317138671875,66.85810089111328,-0.044041845947504044,-0.02944554202258587
84.1,1804,-19.966205596923828,0.3755614757537842,16.94721221923828,40.235103607177734,11696.59440621794,681.8728637695312,460.0119323730469,67.46300458908081,-0.04340367019176483,-0.02928142063319683
84.2,1804,-20.04960060119629,0.3738578259944916,16.965343475341797,40.16904830932617,11698.116791635504,681.481689453125,457.9847717285156,67.20426678657532,-0.04377787560224533,-0.029420599341392517
84.3,1804,-19.958938598632812,0.37565892934799194,16.939958572387695,40.15184783935547,11695.068523743523,680.170654296875,460.0712585449219,67.6405668258667,-0.043382275849580765,-0.029344016686081886
84.4,1804,-20.057147979736328,0.3733986020088196,16.954727172851562,40.11741256713867,11693.443557991544,680.1798095703125,457.239501953125,67.22332835197449,-0.043865740299224854,-0.029488010331988335
84.5,1804,-20.00728416442871,0.3753259778022766,16.951679229736328,40.11464309692383,11688.54767839448,680.0105590820312,459.4071960449219,67.5588309764862,-0.043550219386816025,-0.02942202053964138
84.6,1804,-20.097240447998047,0.37378478050231934,16.964574813842773,40.14323806762695,11682.484947493447,681.012939453125,457.2834167480469,67.1475350856781,-0.043949197977781296,-0.029510803520679474
84.7,1804,-20.026968002319336,0.3745786249637604,16.936500549316406,40.18746566772461,11679.622023614782,680.635009765625,458.1423034667969,67.31100678443909,-0.04371342062950134,-0.029423944652080536
84.8,1804,-20.115449905395508,0.37479469180107117,16.9752140045166,40.23946762084961,11679.539259935878,683.0735473632812,458.4033203125,67.1089231967926,-0.043881554156541824,-0.029448438435792923
84.9,1804,-19.985645294189453,0.37570738792419434,16.93731689453125,40.263423919677734,11684.024818195285,681.954345703125,459.69610595703125,67.4086332321167,-0.04347577691078186,-0.029306426644325256
85,1812,-20.28269386291504,0.3754841685295105,16.964189529418945,40.27585220336914,11679.792213715062,683.2471923828125,459.2565612792969,67.21674799919128,-0.04416419193148613,-0.0296857338398695
85.1,1812,-20.21438980102539,0.37887081503868103,16.919475555419922,40.68325424194336,11679.046174919318,688.33935546875,463.3691711425781,67.3169732093811,-0.04362480342388153,-0.02936689741909504
85.2,1812,-20.346342086791992,0.3810740113258362,16.967552185058594,41.14397430419922,11705.523558054494,698.112548828125,467.120361328125,66.91190004348755,-0.04355695843696594,-0.029144788160920143
85.3,1812,-20.346006393432617,0.3836991488933563,16.943824768066406,41.42491149902344,11737.342112692942,701.8964233398438,471.61676025390625,67.19178557395935,-0.04314097389578819,-0.02898719161748886
85.4,1812,-20.469730377197266,0.38335925340652466,16.95436668395996,41.63867950439453,11756.032715897549,705.9574584960938,471.9493103027344,66.85237288475037,-0.043372731655836105,-0.028995700180530548
85.5,1812,-20.50383949279785,0.38466304540634155,16.971467971801758,41.747901916503906,11776.315645656818,708.523193359375,474.3714294433594,66.95213913917542,-0.04322317615151405,-0.028938841074705124
85.6,1812,-20.365020751953125,0.3854818642139435,16.962316513061523,41.73997497558594,11798.798224177912,708.0066528320312,476.28875732421875,67.27179288864136,-0.04275771602988243,-0.02876388281583786
85.7,1812,-20.236906051635742,0.3818875253200531,16.93575668334961,41.7034797668457,11815.088680694338,706.2799682617188,472.49920654296875,66.89969897270203,-0.04282950237393379,-0.02865280956029892
85.8,1812,-20.391014099121094,0.3812275528907776,16.962677001953125,41.61838912963867,11826.06594216233,705.9592895507812,472.1208801269531,66.87650084495544,-0.04319024085998535,-0.028884122148156166
85.9,1812,-20.42325210571289,0.38316667079925537,16.973363876342773,41.60329055786133,11824.747551727976,706.1477661132812,474.46942138671875,67.19123125076294,-0.043044403195381165,-0.028922064229846
86,1812,-20.36697769165039,0.38342639803886414,16.955184936523438,41.612937927246094,11819.060171596053,705.5550537109375,474.56268310546875,67.26089715957642,-0.042917363345623016,-0.0288666021078825
86.1,1812,-20.433902740478516,0.38124731183052063,16.944400787353516,41.62325668334961,11817.094825643517,705.2811279296875,471.78717041015625,66.89348816871643,-0.043311696499586105,-0.028972705826163292
86.2,1812,-20.49442481994629,0.3818960189819336,16.971057891845703,41.62209701538086,11818.6883178838,706.3710327148438,472.6536560058594,66.9129490852356,-0.04336034134030342,-0.029013682156801224
86.3,1812,-20.466764450073242,0.38460588455200195,16.955137252807617,41.67477035522461,11813.565129591156,706.6014404296875,475.8011779785156,67.33657121658325,-0.04301537200808525,-0.028965076431632042
86.4,1812,-20.5716609954834,0.3843982219696045,16.943681716918945,41.78983688354492,11801.690290197035,708.0736694335938,475.0662841796875,67.09277033805847,-0.04330271854996681,-0.029052995145320892
86.5,1812,-20.69924545288086,0.38627752661705017,16.97627067565918,41.97061538696289,11790.94966290957,712.5045166015625,476.9543762207031,66.94054007530212,-0.043398793786764145,-0.029051387682557106
86.6,1812,-20.65052032470703,0.3879818320274353,16.959915161132812,42.121925354003906,11790.10337515065,714.38427734375,479.0243835449219,67.05415844917297,-0.04310953989624977,-0.028906740248203278
86.7,1812,-20.68238639831543,0.3858681321144104,16.939861297607422,42.16905212402344,11798.896141769854,714.337890625,476.7699890136719,66.74292087554932,-0.043380219489336014,-0.028953226283192635
86.8,1812,-20.753259658813477,0.38521796464920044,16.96726417541504,42.14664840698242,11811.044917284285,715.1133422851562,476.45672607421875,66.6267454624176,-0.04355749115347862,-0.029020939022302628
86.9,1812,-20.6826114654541,0.3872656524181366,16.963903427124023,42.1541748046875,11814.454547717956,715.099365234375,479.127685546875,67.00155735015869,-0.043167222291231155,-0.028922710567712784
87,1812,-20.68321990966797,0.3862033486366272,16.93926239013672,42.19199752807617,11814.299511530715,714.7012939453125,477.80712890625,66.85410141944885,-0.04328779876232147,-0.02893966995179653
87.1,1812,-20.769023895263672,0.3857787251472473,16.962051391601562,42.172386169433594,11818.128788786991,715.3302001953125,477.4364929199219,66.74351096153259,-0.043501123785972595,-0.02903417870402336
87.2,1812,-20.744096755981445,0.38776731491088867,16.972139358520508,42.15946960449219,11819.28748029163,715.536376953125,479.9446105957031,67.07479953765869,-0.0432218573987484,-0.0289909727871418
87.3,1812,-20.616825103759766,0.38744059205055237,16.944257736206055,42.17626953125,11819.539268385193,714.6455688476562,479.5504455566406,67.10325479507446,-0.04299198463559151,-0.02884902060031891
87.4,1812,-20.735912322998047,0.38461068272590637,16.944690704345703,42.149593353271484,11824.174034403748,714.2118530273438,476.2344055175781,66.67971611022949,-0.04354139789938927,-0.029033280909061432
87.5,1812,-20.73160171508789,0.3847917914390564,16.97132110595703,42.09619140625,11825.923728516891,714.427978515625,476.5291748046875,66.70079827308655,-0.04350541904568672,-0.0290184635668993
87.6,1812,-20.556556701660156,0.38580113649368286,16.959747314453125,42.046356201171875,11829.431276542502,713.0955810546875,477.9208679199219,67.02058911323547,-0.04301247000694275,-0.028827210888266563
87.7,1812,-20.42608070373535,0.3841100335121155,16.94699478149414,41.889732360839844,11840.154418545693,709.9050903320312,476.2572937011719,67.08745956420898,-0.04288875311613083,-0.028772974386811256
87.8,1812,-20.40633773803711,0.38225075602531433,16.940319061279297,41.754024505615234,11846.880424563566,707.3264770507812,474.2212219238281,67.0441746711731,-0.04303126409649849,-0.028849955648183823
87.9,1812,-20.441856384277344,0.3808099925518036,16.96491050720215,41.61552810668945,11848.59281673692,706.0037231445312,472.5020751953125,66.92628860473633,-0.04326299577951431,-0.028954317793250084
88,1812,-20.334482192993164,0.3822992444038391,16.971513748168945,41.54240417480469,11843.265633461066,705.0374755859375,474.13665771484375,67.24985241889954,-0.04288738593459129,-0.02884170413017273
88.1,1812,-20.205251693725586,0.38115695118904114,16.932514190673828,41.478553771972656,11841.409861956654,702.336181640625,472.6458740234375,67.29624271392822,-0.04274923726916313,-0.0287686325609684
88.2,1812,-20.151229858398438,0.3789653182029724,16.953550338745117,41.34503173828125,11844.445307306834,700.945068359375,470.04864501953125,67.0592725276947,-0.04287051782011986,-0.028748657554388046
88.3,1812,-20.212604522705078,0.37913277745246887,16.957992553710938,41.29732894897461,11835.746961222716,700.31982421875,469.9110107421875,67.09948778152466,-0.04301368445158005,-0.028861964121460915
88.4,1812,-20.088823318481445,0.3813443183898926,16.972930908203125,41.26829528808594,11832.88520302967,700.4439086914062,472.53778076171875,67.46261715888977,-0.04251262918114662,-0.02868013083934784
88.5,1812,-20.042442321777344,0.3792361915111542,16.931312561035156,41.211952209472656,11831.913021223967,697.7724609375,469.8869323730469,67.34099984169006,-0.042653754353523254,-0.028723465278744698
88.6,1812,-20.180225372314453,0.3785947263240814,16.955881118774414,41.22959518432617,11823.675120959095,699.0841064453125,468.7655334472656,67.05423593521118,-0.04304972290992737,-0.028866663575172424
88.7,1812,-20.21930694580078,0.37939903140068054,16.977615356445312,41.22291946411133,11822.750732263745,699.8668823242188,469.72467041015625,67.11629033088684,-0.04304501786828041,-0.0288902185857296
88.8,1812,-20.16697120666504,0.37946611642837524,16.95724868774414,41.17986297607422,11826.217481292713,698.2971801757812,469.94549560546875,67.29878187179565,-0.04291342571377754,-0.02888021245598793
88.9,1812,-20.247817993164062,0.3775967061519623,16.934484481811523,41.16309356689453,11823.416338751822,697.0757446289062,467.5195617675781,67.06869006156921,-0.04330902919173241,-0.02904679626226425
89,1820,-20.27281379699707,0.3799076974391937,16.962125778198242,41.15960693359375,11821.146748852896,698.1544189453125,470.2906188964844,67.36197471618652,-0.04310699179768562,-0.0290377214550972
89.1,1820,-20.179189682006836,0.3831370770931244,16.95244598388672,41.493473052978516,11820.738758886475,703.4158325195312,474.2719421386719,67.42411851882935,-0.04254772141575813,-0.028687424957752228
89.2,1820,-20.279863357543945,0.3845093250274658,16.925142288208008,41.900856018066406,11844.054802624689,709.177978515625,476.909423828125,67.24820137023926,-0.04252351075410843,-0.028596296906471252
89.3,1820,-20.526073455810547,0.38516977429389954,16.944185256958008,42.24419021606445,11856.540461282822,715.7933959960938,478.232177734375,66.81148409843445,-0.04292072728276253,-0.028675975278019905
89.4,1820,-20.658222198486328,0.3869818150997162,16.948339462280273,42.5356330871582,11867.156360209125,720.9083251953125,480.9122619628906,66.70920848846436,-0.04295632243156433,-0.028655823320150375
89.5,1820,-20.75959587097168,0.3898056149482727,16.964670181274414,42.733055114746094,11878.870334987912,724.9522094726562,484.8996276855469,66.88711643218994,-0.042812149971723557,-0.028635814785957336
89.6,1820,-20.871143341064453,0.3918936848640442,16.968055725097656,42.98094177246094,11884.087943815643,729.3030395507812,487.7112121582031,66.87360405921936,-0.042794059962034225,-0.02861793152987957
89.7,1820,-20.913740158081055,0.39283522963523865,16.940248489379883,43.161312103271484,11892.224429431717,731.163330078125,489.2176818847656,66.90949201583862,-0.04274935647845268,-0.02860337495803833
89.8,1820,-20.961349487304688,0.39342984557151794,16.930545806884766,43.31255340576172,11898.499315115288,733.30517578125,490.2167053222656,66.85029864311218,-0.042759355157613754,-0.028584755957126617
89.9,1820,-20.97970199584961,0.39303556084632874,16.92439842224121,43.41896438598633,11905.958537387103,734.83984375,490.0324401855469,66.68561100959778,-0.042812883853912354,-0.028550032526254654
90,1820,-20.916364669799805,0.3927772045135498,16.94051170349121,43.45009231567383,11921.597375642872,736.0667724609375,490.35357666015625,66.61807894706726,-0.04265568032860756,-0.02841639518737793
90.1,1820,-20.941125869750977,0.39148223400115967,16.950620651245117,43.34093475341797,11938.886824734222,734.65576171875,489.4456787109375,66.62245392799377,-0.042785391211509705,-0.02850467897951603
90.2,1820,-20.842235565185547,0.38995474576950073,16.95688819885254,43.25112533569336,11951.543839178254,733.4044799804688,488.0528259277344,66.54620170593262,-0.04270487651228905,-0.028418472036719322
90.3,1820,-20.80581283569336,0.3890935778617859,16.96114158630371,43.13633346557617,11957.27201830682,731.6414794921875,487.20843505859375,66.59114360809326,-0.042704131454229355,-0.028437171131372452
90.4,1820,-20.93308448791504,0.3905211389064789,16.96930503845215,43.175071716308594,11945.408835768883,732.6509399414062,488.51080322265625,66.67715311050415,-0.042850811034440994,-0.028571700677275658
90.5,1820,-20.927701950073242,0.3922262489795685,16.96829605102539,43.276554107666016,11933.165639719366,734.3294067382812,490.1408996582031,66.74673557281494,-0.04269731789827347,-0.028499066829681396
90.6,1820,-20.87600326538086,0.3925389051437378,16.970914840698242,43.28203201293945,11933.594612026918,734.5357055664062,490.5492248535156,66.78358316421509,-0.042556386440992355,-0.02842067927122116
90.7,1820,-20.786056518554688,0.39282602071762085,16.954992294311523,43.23764419555664,11937.956607610779,733.0939331054688,491.0874938964844,66.98834300041199,-0.042326584458351135,-0.02835387922823429
90.8,1820,-20.825408935546875,0.39237600564956665,16.934988021850586,43.239524841308594,11939.463839115304,732.2608642578125,490.5868225097656,66.99618697166443,-0.04244999587535858,-0.028439877554774284
90.9,1820,-20.86315155029297,0.39167487621307373,16.929176330566406,43.24214172363281,11937.789914567355,732.0538330078125,489.64154052734375,66.88600182533264,-0.04260902851819992,-0.028499476611614227
91,1820,-20.886554718017578,0.3917933404445648,16.927663803100586,43.28367614746094,11934.80809075562,732.6915283203125,489.66729736328125,66.83130264282227,-0.04265458136796951,-0.02850661426782608
91.1,1820,-20.918792724609375,0.39080265164375305,16.93140983581543,43.269004821777344,11938.310976038758,732.605224609375,488.5724792480469,66.68973565101624,-0.042816150933504105,-0.028553975746035576
91.2,1820,-20.842844009399414,0.38974809646606445,16.94738006591797,43.168155670166016,11949.732363727338,731.587158203125,487.72027587890625,66.66605472564697,-0.04273524135351181,-0.02848989889025688
91.3,1820,-20.80208396911621,0.3880709111690521,16.950117111206055,43.02985763549805,11960.358753824206,729.3611450195312,486.0533142089844,66.64096713066101,-0.04279794543981552,-0.028520965948700905
91.4,1820,-20.804096221923828,0.38733726739883423,16.957441329956055,42.97461700439453,11957.94928165108,728.7395629882812,485.0367126464844,66.5583074092865,-0.04289179667830467,-0.02854805439710617
91.5,1820,-20.8790283203125,0.3885599672794342,16.967504501342773,43.00822830200195,11945.302758377613,729.7423095703125,486.05322265625,66.60614609718323,-0.04295625910162926,-0.02861150912940502
91.6,1820,-20.911048889160156,0.3904114067554474,16.962196350097656,43.11574172973633,11932.560648883442,731.337646484375,487.8482666015625,66.70629382133484,-0.042863838374614716,-0.028592877089977264
91.7,1820,-20.860313415527344,0.3912303149700165,16.977109909057617,43.1621208190918,11929.06708908525,732.76806640625,488.7284240722656,66.69619679450989,-0.04268283396959305,-0.028467824682593346
91.8,1820,-20.80754852294922,0.3908029794692993,16.967792510986328,43.155269622802734,11935.165956240451,732.2496337890625,488.4441833496094,66.70459508895874,-0.042599644511938095,-0.028415920212864876
91.9,1820,-20.709814071655273,0.390997052192688,16.950788497924805,43.105018615722656,11941.635511422288,730.6640625,488.95166015625,66.91880226135254,-0.04235554486513138,-0.028343824669718742
92,1820,-20.721113204956055,0.3909553587436676,16.930233001708984,43.082672119140625,11942.274307141142,729.399658203125,488.9256591796875,67.03124046325684,-0.04238090664148331,-0.02840844914317131
92.1,1820,-20.804916381835938,0.39074867963790894,16.93008804321289,43.11391067504883,11937.378427544078,729.9223022460938,488.46685791015625,66.92038774490356,-0.042592279613018036,-0.028502918779850006
92.2,1820,-20.889245986938477,0.3910112977027893,16.927711486816406,43.24753189086914,11925.806666410728,732.0817260742188,488.3213195800781,66.70311689376831,-0.042777664959430695,-0.02853403426706791
92.3,1820,-20.952518463134766,0.39112305641174316,16.9465389251709,43.36205291748047,11921.961069555797,734.8367309570312,488.3033752441406,66.45059585571289,-0.042908813804388046,-0.028513161465525627
92.4,1820,-20.912338256835938,0.391752690076828,16.96034812927246,43.36607360839844,11929.925033700356,735.5037231445312,489.4161682128906,66.54163599014282,-0.042729150503873825,-0.028432674705982208
92.5,1820,-20.91356086730957,0.3905852735042572,16.97064971923828,43.31254196166992,11938.882161991749,735.0419921875,488.3240966796875,66.43486022949219,-0.042827215045690536,-0.028452198952436447
92.6,1820,-20.863080978393555,0.39154136180877686,16.975116729736328,43.241519927978516,11945.00084580246,734.0298461914062,489.7702941894531,66.72348380088806,-0.042597685009241104,-0.028422661125659943
92.7,1820,-20.96936798095703,0.39225202798843384,16.96654510498047,43.2362174987793,11942.350076706336,733.5692138671875,490.5503845214844,66.87172055244446,-0.042746614664793015,-0.028585396707057953
92.8,1820,-20.965791702270508,0.3932555317878723,16.97281265258789,43.31535339355469,11932.402115639346,735.183349609375,491.39569091796875,66.83987975120544,-0.04266580194234848,-0.028517771512269974
92.9,1820,-20.947458267211914,0.3946610689163208,16.94774055480957,43.40983963012695,11925.275113768763,735.6986694335938,492.857421875,66.99175238609314,-0.042502064257860184,-0.02847287617623806
93,1815,-21.084182739257812,0.3949207067489624,16.92523765563965,43.57700729370117,11914.996097986163,737.5512084960938,492.7565612792969,66.80981516838074,-0.04278823360800743,-0.0285867378115654
93.1,1815,-21.100791931152344,0.3927178978919983,16.951269149780273,43.48491287231445,11905.232315246873,737.1244506835938,489.60650634765625,66.42114520072937,-0.043097447603940964,-0.028625819832086563
93.2,1815,-21.009675979614258,0.39106839895248413,16.966304779052734,43.2464485168457,11896.990917925146,733.732421875,487.2125549316406,66.40194058418274,-0.043122198432683945,-0.028633974492549896
93.3,1815,-20.899646759033203,0.390094518661499,16.966184616088867,43.02760314941406,11894.8343995312,730.0142822265625,485.9111633300781,66.56187176704407,-0.04301125183701515,-0.02862909436225891
93.4,1815,-20.73973274230957,0.38892996311187744,16.977855682373047,42.80537796020508,11894.273704748775,726.7435302734375,484.4377136230469,66.65868759155273,-0.04281197115778923,-0.028537897393107414
93.5,1815,-20.706937789916992,0.38717594742774963,16.950164794921875,42.60926818847656,11893.336493511622,722.234130859375,482.2149658203125,66.7671263217926,-0.042941298335790634,-0.028670672327280045
93.6,1815,-20.58188247680664,0.3853059411048889,16.929704666137695,42.43770217895508,11889.563169165027,718.457763671875,479.73370361328125,66.77270531654358,-0.04290272295475006,-0.02864731103181839
93.7,1815,-20.57158088684082,0.38374701142311096,16.950428009033203,42.27465057373047,11884.898095320395,716.5734252929688,477.6052551269531,66.6512668132782,-0.043072350323200226,-0.028708266094326973
93.8,1815,-20.54584503173828,0.3834497332572937,16.971538543701172,42.159236907958984,11879.50097090744,715.5071411132812,477.0185241699219,66.6685938835144,-0.04307137802243233,-0.02871508151292801
93.9,1815,-20.459978103637695,0.3849501311779022,16.972332000732422,42.06837844848633,11874.960625423972,713.9984741210938,478.7020263671875,67.04524159431458,-0.04274052754044533,-0.028655491769313812
94,1815,-20.30389404296875,0.38607364892959595,16.950382232666016,42.03956604003906,11868.215968436205,712.5867309570312,479.82647705078125,67.33587384223938,-0.042315077036619186,-0.028493225574493408
94.1,1815,-20.358516693115234,0.3836088180541992,16.928407669067383,42.01697540283203,11861.437506565506,711.280517578125,476.4908142089844,66.99056029319763,-0.04272593930363655,-0.028622345998883247
94.2,1815,-20.4146785736084,0.3828108012676239,16.956432342529297,41.99412536621094,11856.28867318926,712.070556640625,475.29315185546875,66.748046875,-0.042951762676239014,-0.028669461607933044
94.3,1815,-20.401185989379883,0.38317957520484924,16.976150512695312,41.944583892822266,11857.473009777501,712.0575561523438,475.7985534667969,66.82023406028748,-0.04287778213620186,-0.028651034459471703
94.4,1815,-20.317785263061523,0.3832549452781677,16.972572326660156,41.89006805419922,11860.310288572562,710.9822387695312,476.0060119628906,66.95048213005066,-0.042683884501457214,-0.028577065095305443
94.5,1815,-20.23548698425293,0.3817431628704071,16.9296817779541,41.85200119018555,11860.271820947157,708.5410766601562,474.1268310546875,66.91592931747437,-0.04267948120832443,-0.028559371829032898
94.6,1815,-20.280996322631836,0.38045698404312134,16.940414428710938,41.77164840698242,11862.101947367964,707.6290283203125,472.602294921875,66.78673028945923,-0.04291345179080963,-0.028660491108894348
94.7,1815,-20.27070426940918,0.3808884918689728,16.95914649963379,41.70283126831055,11862.801358738974,707.2444458007812,473.1662292480469,66.90278649330139,-0.04284055531024933,-0.02866152487695217
94.8,1815,-20.2700138092041,0.3813309669494629,16.969785690307617,41.63845443725586,11863.865629708527,706.5956420898438,473.7583923339844,67.04801917076111,-0.04278555139899254,-0.02868686430156231
94.9,1815,-20.23769187927246,0.3815639317035675,16.928144454956055,41.66926956176758,11855.197591450486,705.3834228515625,473.70147705078125,67.1551764011383,-0.04272245988249779,-0.028690341860055923
95,1815,-20.22146224975586,0.381600022315979,16.9273738861084,41.7150993347168,11847.338539011576,706.1270751953125,473.4322204589844,67.04632043838501,-0.04271247610449791,-0.028637142851948738
95.1,1815,-20.2916316986084,0.3813588321208954,16.95626449584961,41.72169494628906,11846.032971119026,707.444091796875,473.0808410644531,66.87183380126953,-0.04289252310991287,-0.028683017939329147
95.2,1815,-20.236391067504883,0.38328301906585693,16.971561431884766,41.6920051574707,11848.533366770384,707.5784301757812,475.56817626953125,67.2106683254242,-0.042552027851343155,-0.02859950251877308
95.3,1815,-20.225173950195312,0.3837394416332245,16.93767738342285,41.696224212646484,11849.060256669878,706.2371826171875,476.1556701660156,67.42149591445923,-0.04247596859931946,-0.02863793447613716
95.4,1815,-20.228656768798828,0.38176482915878296,16.938926696777344,41.692440032958984,11851.030265364887,706.2251586914062,473.7842712402344,67.08685755729675,-0.04269592463970184,-0.028643352910876274
95.5,1815,-20.383758544921875,0.38084104657173157,16.94387435913086,41.68208312988281,11849.02412041571,706.2559814453125,472.5578308105469,66.91027283668518,-0.04313495010137558,-0.028861714527010918
95.6,1815,-20.550249099731445,0.3829016089439392,16.969112396240234,41.78421401977539,11837.088665369436,709.041015625,474.63604736328125,66.94055795669556,-0.04329685866832733,-0.028983158990740776
95.7,1815,-20.473716735839844,0.38544565439224243,16.93056869506836,41.93491744995117,11824.941055540623,709.9819946289062,477.29925537109375,67.22695231437683,-0.04289492592215538,-0.02883695252239704
95.8,1815,-20.465190887451172,0.3840583562850952,16.945411682128906,42.04019546508789,11826.232635205753,712.388427734375,475.63330078125,66.76600575447083,-0.04302724450826645,-0.0287275742739439
95.9,1815,-20.38878631591797,0.3843056857585907,16.97134780883789,41.98271179199219,11842.383209447977,712.503173828125,476.5895690917969,66.88946485519409,-0.042780596762895584,-0.028615711256861687
96,1815,-20.300073623657227,0.383517861366272,16.974323272705078,41.84661102294922,11861.447997736072,710.3179321289062,476.37823486328125,67.06550121307373,-0.042613349854946136,-0.028578856959939003
96.1,1815,-20.29676055908203,0.38198938965797424,16.959529876708984,41.73319625854492,11868.270755660267,707.775390625,474.75262451171875,67.07673072814941,-0.04275228828191757,-0.028676837682724
96.2,1815,-20.348756790161133,0.38084566593170166,16.924108505249023,41.769309997558594,11855.01691017964,706.9083251953125,472.80255126953125,66.8831467628479,-0.043038591742515564,-0.028785565868020058
96.3,1815,-20.534692764282227,0.38190481066703796,16.951679229736328,41.88338088989258,11837.230879014875,709.99365234375,473.4061279296875,66.67751669883728,-0.043376483023166656,-0.028922362253069878
96.4,1815,-20.64198112487793,0.3851439952850342,16.9692325592041,42.040313720703125,11824.338396075937,713.391845703125,476.9013977050781,66.84985160827637,-0.04328354075551033,-0.028934983536601067
96.5,1815,-20.55596923828125,0.38602185249328613,16.926774978637695,42.190128326416016,11821.818183769066,714.142822265625,477.88653564453125,66.91750288009644,-0.04301433265209198,-0.028784114867448807
96.6,1815,-20.576196670532227,0.3848624527454376,16.93092918395996,42.23323440551758,11829.512874535787,715.0479125976562,476.7613220214844,66.67543649673462,-0.04315827414393425,-0.02877596952021122
96.7,1815,-20.607032775878906,0.38443055748939514,16.95830726623535,42.189361572265625,11841.675638277638,715.4601440429688,476.7159423828125,66.63067936897278,-0.043227069079875946,-0.02880248799920082
96.8,1815,-20.478736877441406,0.3856837749481201,16.97579002380371,42.12696838378906,11854.251054728385,715.1385498046875,478.7779235839844,66.94896817207336,-0.04277293384075165,-0.028636040166020393
96.9,1815,-20.39361572265625,0.38519415259361267,16.93647575378418,42.04926681518555,11860.066660278328,712.1663818359375,478.4046936035156,67.17597246170044,-0.04262837767601013,-0.02863602712750435
97,1823,-20.448070526123047,0.38329213857650757,16.938926696777344,42.04443359375,11855.293177671188,712.1875610351562,475.850830078125,66.81537628173828,-0.04297159984707832,-0.028711635619401932
97.1,1823,-20.567922592163086,0.3861469328403473,16.94406509399414,42.397003173828125,11859.058342218455,718.3775634765625,479.5472717285156,66.75420999526978,-0.042890291661024094,-0.028631074354052544
97.2,1823,-20.631906509399414,0.38943830132484436,16.951461791992188,42.79938888549805,11886.805156992014,725.51220703125,484.76629638671875,66.81711077690125,-0.04256052151322365,-0.02843771129846573
97.3,1823,-20.731914520263672,0.39102795720100403,16.964094161987305,43.030704498291016,11912.876881532004,729.9769287109375,487.81268310546875,66.82576537132263,-0.04249974712729454,-0.028400780633091927
97.4,1823,-20.705570220947266,0.3931414484977722,16.969497680664062,43.18730163574219,11932.708690956973,732.8668212890625,491.2657470703125,67.03342795372009,-0.04214739054441452,-0.028252841904759407
97.5,1823,-20.753366470336914,0.39275139570236206,16.96505355834961,43.30091094970703,11944.296771688978,734.602294921875,491.25494384765625,66.87359809875488,-0.04224561154842377,-0.02825115993618965
97.6,1823,-20.7867431640625,0.3928307294845581,16.95724868774414,43.39333724975586,11954.023252488481,735.8316040039062,491.7543029785156,66.82973504066467,-0.042270585894584656,-0.02824932150542736
97.7,1823,-20.798107147216797,0.39232510328292847,16.944305419921875,43.43059539794922,11965.149721715621,735.9012451171875,491.5784606933594,66.79951548576355,-0.04230882599949837,-0.02826208807528019
97.8,1823,-20.870336532592773,0.3927481472492218,16.964862823486328,43.46200942993164,11969.892896496682,737.3270263671875,492.3036193847656,66.7686939239502,-0.04239322245121002,-0.028305400162935257
97.9,1823,-20.87077522277832,0.39200976490974426,16.952783584594727,43.484649658203125,11971.505039706859,737.1858520507812,491.4442443847656,66.66490435600281,-0.042468246072530746,-0.028311416506767273
98,1823,-20.860681533813477,0.39340701699256897,16.93926239013672,43.56000900268555,11969.332201714256,737.8744506835938,493.1064147949219,66.82795882225037,-0.0423046238720417,-0.02827131748199463
98.1,1823,-20.81690216064453,0.3935062289237976,16.928504943847656,43.608585357666016,11970.91753415521,738.2281494140625,493.29608154296875,66.82162880897522,-0.04219960793852806,-0.028198467567563057
98.2,1823,-20.853214263916016,0.39390459656715393,16.921899795532227,43.677032470703125,11970.905877299028,739.098388671875,493.79498291015625,66.81045889854431,-0.0422305092215538,-0.02821439690887928
98.3,1823,-20.812015533447266,0.39333775639533997,16.94139862060547,43.66455841064453,11977.496663785172,739.7387084960938,493.35589599609375,66.69326424598694,-0.04218459129333496,-0.028134280815720558
98.4,1823,-20.752592086791992,0.39278799295425415,16.93301773071289,43.6113166809082,11985.98402077237,738.47119140625,493.01544189453125,66.76163077354431,-0.0420931912958622,-0.028102101758122444
98.5,1823,-20.79727554321289,0.3926689624786377,16.92838478088379,43.56066131591797,11988.227965587692,737.41162109375,492.95831298828125,66.8498158454895,-0.04218871146440506,-0.028203073889017105
98.6,1823,-20.79692840576172,0.3918289840221405,16.923845291137695,43.54301071166992,11987.93188144063,736.9151611328125,491.8916320800781,66.75010323524475,-0.04227949306368828,-0.028221603482961655
98.7,1823,-20.760072708129883,0.39149436354637146,16.922019958496094,43.49540710449219,11989.129040570675,736.0301513671875,491.5206604003906,66.77995920181274,-0.04223642125725746,-0.028205465525388718
98.8,1823,-20.779064178466797,0.3919147253036499,16.92754364013672,43.51743698120117,11984.704097963422,736.643310546875,491.8668212890625,66.77136421203613,-0.04224530607461929,-0.028207767754793167
98.9,1823,-20.876142501831055,0.3908997178077698,16.926607131958008,43.55025100708008,11981.203544051521,737.157958984375,490.44964599609375,66.53249859809875,-0.04256531223654747,-0.028319766744971275
99,1823,-20.863208770751953,0.39146721363067627,16.922595977783203,43.576011657714844,11978.02705074152,737.4192504882812,491.03143310546875,66.58782362937927,-0.04248853772878647,-0.02829219400882721
99.1,1823,-20.843713760375977,0.3927598297595978,16.927471160888672,43.59920120239258,11978.274176092611,738.0242309570312,492.6629943847656,66.7543113231659,-0.042308259755373,-0.02824258804321289
99.2,1823,-20.831710815429688,0.39229610562324524,16.93140983581543,43.59776306152344,11981.624356559745,738.1715698242188,492.21893310546875,66.68083071708679,-0.04232204332947731,-0.028220688924193382
99.3,1823,-20.90456199645996,0.3917175233364105,16.938613891601562,43.58713150024414,11981.573066392537,738.3056030273438,491.4908752441406,66.5701150894165,-0.04253296181559563,-0.028314240276813507
99.4,1823,-20.96819496154785,0.3920755088329315,16.92533302307129,43.65681076049805,11973.627753217872,738.9060668945312,491.61383056640625,66.53265357017517,-0.04265176132321358,-0.0283773485571146
99.5,1823,-21.069128036499023,0.39242470264434814,16.930185317993164,43.74470901489258,11967.214150945716,740.6060180664062,491.7881164550781,66.40347242355347,-0.04284188151359558,-0.028448496013879776
99.6,1823,-21.073253631591797,0.3929683566093445,16.943056106567383,43.83561706542969,11964.481783856307,742.7092895507812,492.3569641113281,66.29201173782349,-0.04280076175928116,-0.028373487293720245
99.7,1823,-21.015888214111328,0.3939068019390106,16.948219299316406,43.87777328491211,11968.947525460202,743.650146484375,493.71697998046875,66.39103293418884,-0.04256667196750641,-0.028260450810194016
99.8,1823,-21.04317855834961,0.394020676612854,16.950525283813477,43.89813232421875,11975.96611856828,744.0963745117188,494.1492919921875,66.40931367874146,-0.04258465766906738,-0.02828017808496952
99.9,1823,-21.145675659179688,0.39424699544906616,16.957778930664062,43.928707122802734,11973.405107264767,744.9332885742188,494.327392578125,66.35861396789551,-0.04277665913105011,-0.02838599868118763
100,1823,-21.1312198638916,0.39566347002983093,16.945817947387695,44.034393310546875,11967.852946664572,746.1987915039062,495.8734130859375,66.45325422286987,-0.04261414334177971,-0.028318485245108604
100.1,1823,-21.204099655151367,0.396614670753479,16.95484733581543,44.0966911315918,11968.720216764623,747.6526489257812,497.1015319824219,66.4883017539978,-0.04265546798706055,-0.028360895812511444
100.2,1823,-21.258020401000977,0.39753901958465576,16.961355209350586,44.17527389526367,11967.300411681474,749.2725219726562,498.20098876953125,66.49129390716553,-0.042669568210840225,-0.028371546417474747
100.3,1823,-21.242130279541016,0.3974686861038208,16.967815399169922,44.2311897277832,11970.549177499814,750.5066528320312,498.248046875,66.38822555541992,-0.04263364523649216,-0.02830372005701065
100.4,1823,-21.188034057617188,0.3970909118652344,16.966928482055664,44.20750427246094,11979.407222513646,750.0655517578125,498.1428527832031,66.41324162483215,-0.042534053325653076,-0.028248243033885956
100.5,1823,-21.139083862304688,0.39642998576164246,16.959339141845703,44.14445877075195,11988.993821038946,748.6608276367188,497.7117004394531,66.4802610874176,-0.04247254878282547,-0.028235862031579018
100.6,1823,-21.07121467590332,0.3953073024749756,16.95909881591797,44.03254318237305,11998.262187390437,746.7522583007812,496.6858825683594,66.51280522346497,-0.04242362454533577,-0.028217142447829247
100.7,1823,-20.958415985107422,0.3942888677120209,16.96114158630371,43.902793884277344,12002.641668258575,744.6414794921875,495.5870666503906,66.55378341674805,-0.04229007661342621,-0.028145646676421165
100.8,1823,-21.040443420410156,0.39325714111328125,16.963903427124023,43.839561462402344,11999.939608995242,743.6900634765625,494.17901611328125,66.44958853721619,-0.042576562613248825,-0.02829195000231266
100.9,1823,-21.034666061401367,0.39310145378112793,16.967744827270508,43.83240509033203,11994.027251538977,743.737060546875,493.739990234375,66.38635993003845,-0.042602717876434326,-0.028282396495342255
101,1831,-21.05934715270996,0.3943811058998108,16.971538543701172,43.83642578125,11987.429470939122,743.9716186523438,495.07476806640625,66.54484868049622,-0.042537711560726166,-0.02830665558576584
101.1,1831,-21.157289505004883,0.39676111936569214,16.94260025024414,44.23060989379883,11984.744896960065,749.3815307617188,497.9508972167969,66.44824743270874,-0.0424887053668499,-0.0282330010086298
101.2,1831,-21.243497848510742,0.4004789888858795,16.954631805419922,44.71405792236328,11997.246875216857,758.1104125976562,503.1412658691406,66.36781096458435,-0.042221736162900925,-0.028021641075611115
101.3,1831,-21.367778778076172,0.40181082487106323,16.955760955810547,45.04011154174805,12017.68950390584,763.6893920898438,505.6747131347656,66.21471047401428,-0.04225597530603409,-0.027979673817753792
101.4,1831,-21.389314651489258,0.403179407119751,16.9468994140625,45.218955993652344,12039.011059551058,766.3211059570312,508.2972717285156,66.32953882217407,-0.04208032786846161,-0.027911687269806862
101.5,1831,-21.39794921875,0.4028204679489136,16.939117431640625,45.32240676879883,12057.66202944464,767.7215576171875,508.6315002441406,66.25207662582397,-0.04206965118646622,-0.02787201851606369
101.6,1831,-21.390214920043945,0.40433430671691895,16.927160263061523,45.42216873168945,12069.533371781905,768.8683471679688,511.045654296875,66.46724939346313,-0.04185578227043152,-0.027820387855172157
101.7,1831,-21.419815063476562,0.4055081009864807,16.947019577026367,45.5280876159668,12077.334139939896,771.5653686523438,512.8604736328125,66.47012233734131,-0.04176538437604904,-0.02776150405406952
101.8,1831,-21.37363052368164,0.4056459963321686,16.960948944091797,45.52472686767578,12088.839456992999,772.142578125,513.5236206054688,66.5063202381134,-0.04162151366472244,-0.027680937200784683
101.9,1831,-21.27675437927246,0.40358060598373413,16.966064453125,45.4498176574707,12105.966875783397,771.1045532226562,511.6328125,66.35064482688904,-0.04158598557114601,-0.02759256772696972
102,1831,-21.209444046020508,0.4013276994228363,16.949804306030273,45.30891418457031,12119.151945812542,767.9772338867188,509.3308410644531,66.32108688354492,-0.041641782969236374,-0.027617283165454865
102.1,1831,-21.076997756958008,0.4011005461215973,16.925838470458984,45.18758773803711,12122.4146998583,764.8378295898438,509.17962646484375,66.57354235649109,-0.041394032537937164,-0.02755747362971306
102.2,1831,-21.072099685668945,0.40120163559913635,16.94738006591797,45.08537292480469,12121.43435825327,764.0789794921875,509.2667541503906,66.65106415748596,-0.04137733206152916,-0.027578432112932205
102.3,1831,-21.113067626953125,0.40109777450561523,16.959123611450195,45.00983428955078,12121.11612607946,763.3273315429688,509.1215515136719,66.69766902923584,-0.041469600051641464,-0.027659257873892784
102.4,1831,-21.14917755126953,0.3993370831012726,16.953670501708984,44.95188522338867,12116.242394509143,762.0994262695312,506.682861328125,66.48513674736023,-0.04174046218395233,-0.027751203626394272
102.5,1831,-21.110553741455078,0.3988349735736847,16.93863868713379,44.944007873535156,12113.422600998358,761.290283203125,505.9280090332031,66.45664572715759,-0.04172639921307564,-0.02772996574640274
102.6,1831,-21.109010696411133,0.39953184127807617,16.923076629638672,44.90630340576172,12111.128531701446,759.9528198242188,506.71600341796875,66.67730212211609,-0.041658464819192886,-0.02777673862874508
102.7,1831,-21.17474937438965,0.40037983655929565,16.932514190673828,44.899539947509766,12107.975352103813,760.2620849609375,507.6593017578125,66.77424907684326,-0.04171055182814598,-0.027851907536387444
102.8,1831,-21.298648834228516,0.4015384912490845,16.95244598388672,44.93507766723633,12099.097490434468,761.7594604492188,508.7550964355469,66.7868435382843,-0.041864246129989624,-0.027959808707237244
102.9,1831,-21.325786590576172,0.400779664516449,16.947763442993164,45.02103805541992,12089.086582344089,763.0059204101562,507.3735046386719,66.49667024612427,-0.04203173145651817,-0.027949700132012367
103,1831,-21.397336959838867,0.4010246992111206,16.953479766845703,45.132957458496094,12081.696135523756,765.1607055664062,507.37335205078125,66.30938649177551,-0.042172763496637344,-0.027964500710368156
103.1,1831,-21.412090301513672,0.40080156922340393,16.939071655273438,45.23716735839844,12079.97208649422,766.275634765625,507.0186767578125,66.1666214466095,-0.04223136231303215,-0.027943065389990807
103.2,1831,-21.376314163208008,0.4027101397514343,16.924949645996094,45.37274169921875,12080.19706381856,767.931396484375,509.4425354003906,66.33959412574768,-0.041960205882787704,-0.027836229652166367
103.3,1831,-21.377395629882812,0.4041026830673218,16.888376235961914,45.46352005004883,12082.904951509985,767.8050537109375,511.3187561035156,66.59486889839172,-0.0418083555996418,-0.027842218056321144
103.4,1831,-21.386131286621094,0.4050202965736389,16.93952751159668,45.48168182373047,12088.535213046609,770.4381713867188,512.7186279296875,66.54896140098572,-0.041711244732141495,-0.02775839902460575
103.5,1831,-21.42447853088379,0.40454521775245667,16.9510555267334,45.51905822753906,12093.18629866382,771.5960693359375,512.3142700195312,66.39668941497803,-0.041819017380476,-0.02776644192636013
103.6,1831,-21.38413429260254,0.4038599729537964,16.95516014099121,45.48372268676758,12099.995068360597,771.1837768554688,511.7344055175781,66.3569986820221,-0.041787564754486084,-0.0277289729565382
103.7,1831,-21.328523635864258,0.402547150850296,16.940128326416016,45.45242691040039,12103.274142005012,769.969970703125,510.20916748046875,66.26351475715637,-0.04180349037051201,-0.02770046330988407
103.8,1831,-21.319805145263672,0.40305545926094055,16.913471221923828,45.44481658935547,12101.970905483699,768.6295776367188,510.79840087890625,66.45572781562805,-0.04173819720745087,-0.02773742377758026
103.9,1831,-21.386119842529297,0.4055948257446289,16.90576171875,45.49345397949219,12093.753987559958,769.1015014648438,513.6676025390625,66.7880117893219,-0.04163416475057602,-0.027806628495454788
104,1831,-21.491735458374023,0.4054594933986664,16.91769790649414,45.609493255615234,12085.417004017527,771.6076049804688,513.1422119140625,66.50299429893494,-0.04188261181116104,-0.027853192761540413
104.1,1831,-21.567909240722656,0.40777018666267395,16.924901962280273,45.741363525390625,12081.056174119283,774.1680908203125,515.88037109375,66.63673520088196,-0.04180796816945076,-0.027859466150403023
104.2,1831,-21.603092193603516,0.40653151273727417,16.940101623535156,45.810848236083984,12082.878140740762,776.0404052734375,514.390869140625,66.28402471542358,-0.041997428983449936,-0.027837585657835007
104.3,1831,-21.532939910888672,0.4059690833091736,16.934123992919922,45.84330749511719,12090.849098999031,776.3162231445312,514.01806640625,66.21245741844177,-0.04189140722155571,-0.0277373306453228
104.4,1831,-21.42611312866211,0.40592458844184875,16.880905151367188,45.8226432800293,12101.261002942123,773.5277099609375,514.404296875,66.50108695030212,-0.04165228083729744,-0.027699219062924385
104.5,1831,-21.370986938476562,0.40662816166877747,16.894258499145508,45.75994110107422,12106.057799261629,773.0802612304688,515.5001831054688,66.68132543563843,-0.04145679995417595,-0.027643943205475807
104.6,1831,-21.46314811706543,0.406891793012619,16.926366806030273,45.72106170654297,12105.599684813618,773.8914794921875,515.8148803710938,66.65209531784058,-0.04161017760634422,-0.027734054252505302
104.7,1831,-21.363561630249023,0.40419381856918335,16.931602478027344,45.59249496459961,12114.708352235395,771.9539794921875,512.7802124023438,66.42626523971558,-0.041662219911813736,-0.027674656361341476
104.8,1831,-21.294754028320312,0.40086978673934937,16.91402244567871,45.41322326660156,12128.652283602085,768.1203002929688,509.1485290527344,66.2850022315979,-0.04182424768805504,-0.027723202481865883
104.9,1831,-21.24614906311035,0.4014951288700104,16.89168930053711,45.323509216308594,12126.454966211497,765.5906372070312,509.85040283203125,66.59569144248962,-0.04167133942246437,-0.027751317247748375
105,1831,-21.27456283569336,0.40172079205513,16.901535034179688,45.31119918823242,12117.166783204493,765.8287963867188,509.7462158203125,66.56137704849243,-0.04173559695482254,-0.02777978964149952
105.1,1831,-21.358068466186523,0.40206262469291687,16.9171199798584,45.328460693359375,12107.92872467908,766.8270263671875,509.791015625,66.48057699203491,-0.041895732283592224,-0.027852525934576988
105.2,1831,-21.384716033935547,0.40119385719299316,16.912918090820312,45.320091247558594,12109.263434712087,766.4949951171875,508.74554443359375,66.37297868728638,-0.04203420877456665,-0.027899354696273804
105.3,1831,-21.322248458862305,0.399996280670166,16.90472984313965,45.25968933105469,12110.064260731893,765.1028442382812,507.2604675292969,66.29964709281921,-0.042034123092889786,-0.027868473902344704
105.4,1831,-21.214393615722656,0.3997381925582886,16.88556480407715,45.21139907836914,12110.52587223676,763.4199829101562,506.9524841308594,66.40545129776001,-0.041846904903650284,-0.02778862603008747
105.5,1831,-21.142847061157227,0.4008887708187103,16.899396896362305,45.1653938293457,12109.895236317234,763.2679443359375,508.38519287109375,66.6063904762268,-0.04158824309706688,-0.027700426056981087
105.6,1831,-21.193893432617188,0.4014774560928345,16.91077995300293,45.207298278808594,12099.472841203577,764.4906616210938,508.69354248046875,66.54018759727478,-0.041663382202386856,-0.02772289328277111
105.7,1831,-21.246747970581055,0.40097418427467346,16.923965454101562,45.297142028808594,12090.008639668202,766.6072387695312,507.6584777832031,66.22145175933838,-0.0418524444103241,-0.027715297415852547
105.8,1831,-21.258460998535156,0.4015495181083679,16.902711868286133,45.35312271118164,12093.32851230926,766.5907592773438,508.5264892578125,66.33610725402832,-0.04180403798818588,-0.027731172740459442
105.9,1831,-21.11517906188965,0.39890196919441223,16.89565086364746,45.25020217895508,12108.748201668779,764.5316162109375,505.8177185058594,66.16047024726868,-0.041744641959667206,-0.027618451043963432
106,1831,-20.99544906616211,0.39923879504203796,16.87948989868164,45.13300704956055,12120.182411899163,761.8221435546875,506.7228698730469,66.51459336280823,-0.04143378883600235,-0.027559515088796616
106.1,1831,-21.024568557739258,0.39954063296318054,16.911861419677734,45.003570556640625,12124.08745872063,761.0941772460938,507.26934814453125,66.65001511573792,-0.04144655540585518,-0.027624135836958885
106.2,1831,-21.002397537231445,0.39833328127861023,16.914958953857422,44.906227111816406,12124.770550492984,759.5869750976562,505.76495361328125,66.5842056274414,-0.041526004672050476,-0.027649760246276855
106.3,1831,-20.85906410217285,0.39652034640312195,16.892601013183594,44.81793212890625,12125.76837738229,757.0914306640625,503.5045166015625,66.50511026382446,-0.04142776131629944,-0.027551578357815742
106.4,1831,-20.86551856994629,0.39627858996391296,16.86688232421875,44.74223709106445,12119.594906347515,754.6620483398438,502.94134521484375,66.6445791721344,-0.04148698225617409,-0.02764882519841194
106.5,1831,-20.842985153198242,0.39656925201416016,16.860445022583008,44.71366500854492,12110.97116414297,753.8922729492188,502.95208740234375,66.7140543460846,-0.04144129157066345,-0.027647165581583977
106.6,1831,-20.87972068786621,0.3973916471004486,16.90261459350586,44.6641845703125,12108.960356451318,754.9415283203125,503.91143798828125,66.74841046333313,-0.04143529757857323,-0.02765740267932415
106.7,1831,-20.909135818481445,0.3977329730987549,16.924108505249023,44.599910736083984,12113.086883540273,754.813720703125,504.51611328125,66.83982014656067,-0.04144394025206566,-0.027701053768396378
106.8,1831,-20.862703323364258,0.3957386314868927,16.9002628326416,44.51101303100586,12118.6157304281,752.247802734375,502.2154541015625,66.76197052001953,-0.041541341692209244,-0.02773381769657135
106.9,1831,-20.80293846130371,0.39483949542045593,16.880571365356445,44.459815979003906,12115.12217062991,750.507080078125,500.9299621582031,66.74553155899048,-0.04152863845229149,-0.02771851047873497
107,1831,-20.81287384033203,0.39711859822273254,16.8602294921875,44.52165603637695,12102.036183878325,750.6453247070312,503.2772521972656,67.04594492912292,-0.04135468974709511,-0.027726640924811363
107.1,1831,-20.851726531982422,0.3977696895599365,16.873701095581055,44.5845947265625,12097.742963745946,752.30712890625,503.9235534667969,66.98375344276428,-0.041378751397132874,-0.027717038989067078
107.2,1831,-20.93100929260254,0.3976948857307434,16.928791046142578,44.622901916503906,12097.800082341246,755.4118041992188,503.8311767578125,66.69622659683228,-0.04154369607567787,-0.027708079665899277
107.3,1831,-20.940839767456055,0.3968833088874817,16.907827377319336,44.65201950073242,12098.69999163861,754.9686279296875,502.84039306640625,66.60414338111877,-0.0416451022028923,-0.027737364172935486
107.4,1831,-21.01466178894043,0.39691197872161865,16.903240203857422,44.69995880126953,12093.260902543396,755.5741577148438,502.650634765625,66.52565598487854,-0.041807688772678375,-0.027812838554382324
107.5,1831,-20.905902862548828,0.3969064950942993,16.87691879272461,44.74361801147461,12091.04143712606,755.1343994140625,502.55145263671875,66.55125617980957,-0.04159952700138092,-0.027685008943080902
107.6,1831,-20.907936096191406,0.39741143584251404,16.860445022583008,44.76076126098633,12093.955651171931,754.6863403320312,503.31207275390625,66.69155359268188,-0.04154070094227791,-0.027704140171408653
107.7,1831,-20.892152786254883,0.3980866074562073,16.86697769165039,44.78830337524414,12095.025750569575,755.4432983398438,504.2117614746094,66.7438268661499,-0.041435275226831436,-0.02765548788011074
107.8,1831,-20.98444938659668,0.39797475934028625,16.93611717224121,44.825111389160156,12094.214433379204,759.163330078125,504.0362854003906,66.39365553855896,-0.04163281247019768,-0.027641547843813896
107.9,1831,-21.079206466674805,0.397369921207428,16.9072265625,44.85756301879883,12093.682880737239,758.4169921875,503.2481384277344,66.35507345199585,-0.041886307299137115,-0.02779369056224823
108,1831,-21.068504333496094,0.39635148644447327,16.909099578857422,44.89503860473633,12096.658876120882,759.1347045898438,502.0818786621094,66.13870859146118,-0.041962288320064545,-0.0277533158659935
108.1,1831,-20.994192123413086,0.3962247371673584,16.887365341186523,44.86375045776367,12105.799017054356,757.6305541992188,502.3005676269531,66.29887819290161,-0.04179607704281807,-0.027710329741239548
108.2,1831,-20.927963256835938,0.3971889913082123,16.872716903686523,44.77269744873047,12113.857401734002,755.4370727539062,503.8581237792969,66.69756770133972,-0.041535425931215286,-0.027703119441866875
108.3,1831,-20.919780731201172,0.3965207040309906,16.929414749145508,44.64297103881836,12121.043853571122,755.7793579101562,503.30877685546875,66.59467220306396,-0.04156450554728508,-0.027679745107889175
108.4,1831,-20.881145477294922,0.3948749303817749,16.906217575073242,44.55178451538086,12119.94461203302,753.2021484375,501.17431640625,66.53915047645569,-0.04166443645954132,-0.0277231615036726
108.5,1831,-20.794275283813477,0.39477959275245667,16.891592025756836,44.46560287475586,12118.592416715734,751.0948486328125,500.9974365234375,66.70228838920593,-0.04150575399398804,-0.027685286477208138
108.6,1831,-20.763383865356445,0.3946743309497833,16.865392684936523,44.41837692260742,12114.781790429352,749.1333618164062,500.70635986328125,66.83807969093323,-0.04146818444132805,-0.027716537937521935
108.7,1831,-20.79265785217285,0.39558902382850647,16.86111831665039,44.42234420776367,12106.414499060844,749.0103759765625,501.5201416015625,66.95770025253296,-0.04145926609635353,-0.02776017226278782
108.8,1831,-20.92576789855957,0.39663150906562805,16.891569137573242,44.47945785522461,12094.378795051392,751.3278198242188,502.3418884277344,66.86054468154907,-0.04165642708539963,-0.027851713821291924
108.9,1831,-21.0786190032959,0.3965197205543518,16.9223575592041,44.63125991821289,12083.171893516586,755.26611328125,501.7349548339844,66.43154621124268,-0.04201146215200424,-0.027908863499760628
109,1820,-21.15602684020996,0.39840859174728394,16.913061141967773,44.80187225341797,12075.984275993847,757.73681640625,503.8251647949219,66.49078726768494,-0.04199080914258957,-0.02792002074420452
109.1,1820,-21.181392669677734,0.39465978741645813,16.930496215820312,44.533199310302734,12063.869305362348,753.9691772460938,498.583740234375,66.12787246704102,-0.042483117431402206,-0.028093181550502777
109.2,1820,-21.149629592895508,0.3923872411251068,16.91752815246582,44.17428970336914,12029.00597988877,747.3197631835938,494.28021240234375,66.14038944244385,-0.04278874397277832,-0.028300641104578972
109.3,1820,-21.05373191833496,0.3919904828071594,16.924612045288086,43.96524429321289,12002.197542037984,744.0947265625,492.6799621582031,66.211998462677,-0.042733076959848404,-0.028294425457715988
109.4,1820,-21.033416748046875,0.39229512214660645,16.91498374938965,43.83957290649414,11980.226699503344,741.545654296875,492.1602783203125,66.36951565742493,-0.042736925184726715,-0.028364291414618492
109.5,1820,-21.064321517944336,0.3934381306171417,16.921850204467773,43.82445526123047,11961.614197235169,741.5908813476562,492.8274230957031,66.45542979240417,-0.04274178296327591,-0.02840423583984375
109.6,1820,-21.08549690246582,0.39532527327537537,16.927806854248047,43.87917709350586,11944.226830551877,742.7782592773438,494.4714660644531,66.57053828239441,-0.042642492800951004,-0.028387337923049927
109.7,1820,-21.058473587036133,0.3963046967983246,16.87948989868164,43.9932975769043,11930.605794101471,742.5844116210938,495.1312561035156,66.67675971984863,-0.0425310954451561,-0.028358357027173042
109.8,1820,-21.091447830200195,0.39649826288223267,16.868322372436523,44.0681037902832,11927.723053567295,743.35498046875,495.2533874511719,66.62407517433167,-0.04258718714118004,-0.028373319655656815
109.9,1820,-21.172889709472656,0.39653199911117554,16.877689361572266,44.14679718017578,11924.102434036704,745.095947265625,495.1451721191406,66.45388603210449,-0.04276097193360329,-0.028416326269507408
110,1820,-21.168933868408203,0.39631888270378113,16.88042449951172,44.23066329956055,11922.45298888674,746.6323852539062,494.81060791015625,66.27232432365417,-0.04278189316391945,-0.02835255302488804
110.1,1820,-21.30796241760254,0.3969348073005676,16.902734756469727,44.34128189086914,11919.277661262357,749.4889526367188,495.4476013183594,66.10472798347473,-0.0430074967443943,-0.028429988771677017
110.2,1820,-21.4388427734375,0.3972621560096741,16.919448852539062,44.477577209472656,11915.362123270323,752.5360717773438,495.69329833984375,65.86970686912537,-0.04325021430850029,-0.02848879061639309
110.3,1820,-21.38686180114746,0.3994562029838562,16.92586326599121,44.545013427734375,11921.23135035871,753.9628295898438,498.676513671875,66.14072918891907,-0.04288724437355995,-0.028365937992930412
110.4,1820,-21.315343856811523,0.40016958117485046,16.92057991027832,44.518455505371094,11932.410275438675,753.278076171875,500.0355224609375,66.38126969337463,-0.04262765869498253,-0.028296779841184616
110.5,1820,-21.223920822143555,0.40027040243148804,16.898893356323242,44.47159957885742,11941.545753629674,751.5208129882812,500.54443359375,66.60420298576355,-0.042401671409606934,-0.028241295367479324
110.6,1820,-21.250934600830078,0.39957335591316223,16.934965133666992,44.40843200683594,11948.605145734397,752.0552368164062,499.9681701660156,66.48024320602417,-0.04250457510352135,-0.02825714647769928
110.7,1820,-21.175682067871094,0.39809656143188477,16.905929565429688,44.37337875366211,11947.750698176145,750.1732177734375,498.0846862792969,66.39595627784729,-0.042514219880104065,-0.028227724134922028
110.8,1820,-21.050716400146484,0.39751115441322327,16.883787155151367,44.31393814086914,11951.204624663314,748.1870727539062,497.49603271484375,66.49353504180908,-0.042313333600759506,-0.02813563123345375
110.9,1820,-21.031444549560547,0.39716774225234985,16.88460350036621,44.208065032958984,11957.414231952258,746.4356689453125,497.3244934082031,66.62657260894775,-0.04228917881846428,-0.028175830841064453
111,1820,-21.05889892578125,0.3955598771572113,16.86945152282715,44.125831604003906,11955.827733825685,744.3786010742188,495.2454528808594,66.53139591217041,-0.04252214357256889,-0.028290575370192528
111.1,1820,-21.039295196533203,0.3953721523284912,16.887245178222656,44.11528015136719,11949.65309710529,744.9855346679688,494.7547607421875,66.41132235527039,-0.04252469539642334,-0.02824121154844761
111.2,1820,-21.04979133605957,0.39470624923706055,16.898462295532227,44.06377410888672,11947.757692289857,744.6100463867188,493.8431396484375,66.32238626480103,-0.042624447494745255,-0.028269551694393158
111.3,1820,-21.107383728027344,0.39475879073143005,16.90816307067871,44.06285858154297,11945.983518778728,745.02197265625,493.8355407714844,66.28469228744507,-0.04274172708392143,-0.028331222012639046
111.4,1820,-21.155277252197266,0.3955250382423401,16.921491622924805,44.06696319580078,11942.79187155569,745.6787719726562,494.6618957519531,66.33713245391846,-0.04276714473962784,-0.02837049774825573
111.5,1820,-21.064130783081055,0.3952881395816803,16.928983688354492,44.045284271240234,11944.687276371125,745.6419067382812,494.444091796875,66.31119847297668,-0.04260164499282837,-0.02824966050684452
111.6,1820,-20.965429306030273,0.3939683139324188,16.939117431640625,43.936214447021484,11954.319336635543,744.24072265625,493.1905822753906,66.26761555671692,-0.04250979423522949,-0.028170226141810417
111.7,1820,-20.862253189086914,0.39294326305389404,16.935468673706055,43.764610290527344,11965.713913554902,741.1741943359375,492.376220703125,66.43191576004028,-0.04237055405974388,-0.02814757078886032
111.8,1820,-20.906723022460938,0.3924654722213745,16.946706771850586,43.6222038269043,11970.985143921076,739.252685546875,491.9941711425781,66.55290722846985,-0.04249384254217148,-0.028280887752771378
111.9,1820,-20.801589965820312,0.39133787155151367,16.947786331176758,43.50987243652344,11969.080413620693,737.39599609375,490.5025634765625,66.51819944381714,-0.04240872710943222,-0.028209522366523743
112,1820,-20.689132690429688,0.39145907759666443,16.932804107666016,43.412696838378906,11964.496937769345,735.0986938476562,490.4665832519531,66.72118902206421,-0.0421825535595417,-0.028144700452685356
112.1,1820,-20.637371063232422,0.39098989963531494,16.91450309753418,43.32637023925781,11961.573398238526,732.843994140625,489.759033203125,66.829913854599,-0.04213780537247658,-0.028160659596323967
112.2,1820,-20.69219398498535,0.3907366096973419,16.94370460510254,43.27043914794922,11958.251194226232,733.1615600585938,489.30584716796875,66.73915982246399,-0.042288877069950104,-0.02822324074804783
112.3,1820,-20.67755699157715,0.38893482089042664,16.90864372253418,43.258663177490234,11952.23042800746,731.4453125,486.8042907714844,66.55374765396118,-0.042476117610931396,-0.02826944924890995
112.4,1820,-20.667198181152344,0.38874056935310364,16.883764266967773,43.2735710144043,11946.11757262484,730.6207885742188,486.31231689453125,66.56152606010437,-0.04249778762459755,-0.02828717604279518
112.5,1820,-20.643709182739258,0.3895150125026703,16.883453369140625,43.30630874633789,11941.300959649821,731.1600341796875,487.0846862792969,66.6180670261383,-0.04238217696547508,-0.02823418751358986
112.6,1820,-20.653369903564453,0.3891875147819519,16.909149169921875,43.3009033203125,11943.134583127485,732.1814575195312,486.7498779296875,66.47940874099731,-0.04243117570877075,-0.028207994997501373
112.7,1820,-20.681718826293945,0.3884390592575073,16.916641235351562,43.269447326660156,11945.040479113484,731.9736938476562,485.8913269042969,66.38097763061523,-0.04256449639797211,-0.028254728764295578
112.8,1820,-20.64515495300293,0.38883084058761597,16.91356658935547,43.19245529174805,11950.86890720523,730.5384521484375,486.61871337890625,66.61096215248108,-0.0424257330596447,-0.028260188177227974
112.9,1820,-20.622873306274414,0.38866153359413147,16.923051834106445,43.1236457824707,11949.968997907865,729.78369140625,486.3702087402344,66.6458010673523,-0.042401596903800964,-0.028258884325623512
113,1782,-20.71460723876953,0.3886151611804962,16.943561553955078,43.15641784667969,11942.641498110923,731.2234497070312,486.01397705078125,66.46586656570435,-0.0426214225590229,-0.028328698128461838
113.1,1782,-20.626792907714844,0.3833107054233551,17.00362205505371,42.24846267700195,11915.377277183363,718.3768920898438,478.2856750488281,66.57865643501282,-0.043126512318849564,-0.028713051229715347
113.2,1782,-20.135860443115234,0.3706161379814148,16.929489135742188,40.43273162841797,11811.821263906106,684.5054931640625,458.4266052246094,66.9719398021698,-0.04392384737730026,-0.029416652396321297
113.3,1782,-19.82360076904297,0.3651603162288666,16.96589469909668,39.285701751708984,11699.378063474558,666.51708984375,447.37835693359375,67.12181568145752,-0.04431059584021568,-0.029742075130343437
113.4,1782,-19.665983200073242,0.35964903235435486,16.970674514770508,38.47636032104492,11611.662552065045,652.9697875976562,437.3226013183594,66.97440147399902,-0.04496905207633972,-0.030117753893136978
113.5,1782,-19.382705688476562,0.35597899556159973,16.958402633666992,37.901893615722656,11545.565846133428,642.7555541992188,430.39599609375,66.96106791496277,-0.045034587383270264,-0.030155640095472336
113.6,1782,-19.26015853881836,0.3551727533340454,16.942577362060547,37.525150299072266,11496.140775915437,635.7727661132812,427.5829162597656,67.25404858589172,-0.04504426568746567,-0.030294092372059822
113.7,1782,-19.099672317504883,0.3536410629749298,16.94370460510254,37.284706115722656,11454.315975929081,631.7410278320312,424.1900329589844,67.14618802070618,-0.04502621665596962,-0.030233388766646385
113.8,1782,-19.049739837646484,0.3540802597999573,16.95102882385254,37.17342758178711,11423.958025370423,630.1278686523438,423.5912170410156,67.223060131073,-0.04497199133038521,-0.030231548473238945
113.9,1782,-18.978456497192383,0.3526664078235626,16.947572708129883,37.055259704589844,11408.548827181468,627.9967041015625,421.3307189941406,67.09122657775879,-0.04504408687353134,-0.030220629647374153
114,1782,-18.846628189086914,0.3544357717037201,16.946922302246094,36.964073181152344,11397.855993004354,626.42724609375,423.0476989746094,67.5334095954895,-0.04454965516924858,-0.03008589893579483
114.1,1782,-18.96218490600586,0.35415446758270264,16.953096389770508,36.90773010253906,11388.10852986372,625.7003173828125,422.3504333496094,67.50043630599976,-0.04489680379629135,-0.030305538326501846
114.2,1782,-18.924205780029297,0.351460725069046,16.958545684814453,36.84335708618164,11383.525054012374,624.8097534179688,418.96929931640625,67.05549955368042,-0.04516848176717758,-0.03028794936835766
114.3,1782,-18.808612823486328,0.35255804657936096,16.96399688720703,36.79039001464844,11378.288794214752,624.112060546875,420.08404541015625,67.30907559394836,-0.04477345198392868,-0.0301365964114666
114.4,1782,-18.923294067382812,0.35363683104515076,16.96097183227539,36.82509231567383,11367.773144251627,624.58935546875,420.98004150390625,67.40109324455261,-0.04495057463645935,-0.03029717691242695
114.5,1782,-18.804201126098633,0.3540928363800049,16.982561111450195,36.85189437866211,11360.193856361122,625.8395385742188,421.2418518066406,67.30828285217285,-0.04463991895318031,-0.030046360567212105
114.6,1782,-18.764408111572266,0.35164371132850647,16.97542953491211,36.848392486572266,11364.274921710961,625.5172729492188,418.4785461425781,66.90119504928589,-0.04483959451317787,-0.02999822422862053
114.7,1782,-18.711814880371094,0.3509954512119293,16.96522331237793,36.77540969848633,11373.647034082485,623.9030151367188,418.05157470703125,67.005854845047,-0.044759586453437805,-0.029991542920470238
114.8,1782,-18.62375831604004,0.3524911403656006,16.948652267456055,36.685394287109375,11378.96022913092,621.7680053710938,420.02911376953125,67.55399703979492,-0.04433920606970787,-0.02995290607213974
114.9,1782,-18.774473190307617,0.3521271347999573,16.93136215209961,36.65532302856445,11373.91980451718,620.6245727539062,419.4095153808594,67.57861971855164,-0.04476406052708626,-0.03025093488395214
115,1782,-18.738201141357422,0.3518722951412201,16.986331939697266,36.63002395629883,11370.546310337679,622.209716796875,418.9816589355469,67.33769178390503,-0.04472320154309273,-0.03011557087302208
115.1,1782,-18.703824996948242,0.3534430265426636,16.968826293945312,36.59844207763672,11369.58461970254,621.0325927734375,420.8163757324219,67.7607536315918,-0.04444652423262596,-0.030117299407720566
115.2,1782,-18.81635093688965,0.3532320261001587,16.949398040771484,36.59550857543945,11367.921186325157,620.2718505859375,420.5036315917969,67.79344081878662,-0.04474717751145363,-0.030335651710629463
115.3,1782,-18.833383560180664,0.35084018111228943,16.93136215209961,36.58822250366211,11367.116863248495,619.4884643554688,417.626708984375,67.41477251052856,-0.04509621486067772,-0.030401509255170822
115.4,1782,-18.68394660949707,0.34996843338012695,16.924972534179688,36.58793640136719,11364.443946125622,619.2498168945312,416.4910583496094,67.25735664367676,-0.04486037790775299,-0.03017190471291542
115.5,1782,-18.677413940429688,0.34993863105773926,16.957609176635742,36.584205627441406,11362.445960975772,620.3806762695312,416.38238525390625,67.11723804473877,-0.04485639929771423,-0.030106376856565475
115.6,1782,-18.776533126831055,0.3514725863933563,16.950885772705078,36.622718811035156,11360.250974956421,620.7875366210938,418.1268005371094,67.35424995422363,-0.044906314462423325,-0.03024631179869175
115.7,1782,-18.926982879638672,0.35243985056877136,16.957441329956055,36.677268981933594,11357.061659104618,621.95263671875,419.1597900390625,67.39416718482971,-0.04515457525849342,-0.03043154999613762
115.8,1782,-18.978548049926758,0.3509097993373871,16.967384338378906,36.69050979614258,11359.868630073603,622.5419921875,417.4432373046875,67.0546293258667,-0.04546378180384636,-0.030485572293400764
115.9,1782,-18.79827308654785,0.35102415084838867,16.965511322021484,36.68968200683594,11362.72339415294,622.459228515625,417.6842041015625,67.10225939750671,-0.04500594735145569,-0.030200008302927017
116,1782,-18.834604263305664,0.35224413871765137,16.977710723876953,36.71404266357422,11359.642487063644,623.3203735351562,419.022216796875,67.22421050071716,-0.044948939234018326,-0.03021656908094883
116.1,1782,-18.855878829956055,0.351649671792984,16.981721878051758,36.698089599609375,11363.457776092499,623.19677734375,418.45556640625,67.14661717414856,-0.0450606495141983,-0.03025670349597931
116.2,1782,-18.770444869995117,0.34882357716560364,16.985034942626953,36.63943099975586,11370.764293548309,622.322021484375,415.3594665527344,66.74349308013916,-0.04519084468483925,-0.03016194887459278
116.3,1782,-18.596328735351562,0.34713464975357056,16.98897361755371,36.501853942871094,11383.55652752407,620.1290283203125,413.81341552734375,66.73020720481873,-0.04493892192840576,-0.029987838119268417
116.4,1782,-18.44135093688965,0.34843605756759644,16.986116409301758,36.336795806884766,11392.458868591399,617.2210693359375,415.6896057128906,67.3485815525055,-0.044363271445035934,-0.029878033325076103
116.5,1782,-18.65581512451172,0.3476502597332001,16.985107421875,36.26919174194336,11385.817957623665,616.0361328125,414.5103759765625,67.28670001029968,-0.04500687122344971,-0.030283639207482338
116.6,1782,-18.6887149810791,0.34790584444999695,16.991422653198242,36.292503356933594,11372.523313146397,616.6612548828125,414.33074951171875,67.18935966491699,-0.04510578513145447,-0.030306288972496986
116.7,1782,-18.69878387451172,0.3482155203819275,16.994449615478516,36.2787971496582,11368.401448799916,616.5382080078125,414.54925537109375,67.2382116317749,-0.045106302946805954,-0.030328670516610146
116.8,1782,-18.587369918823242,0.34608733654022217,16.995386123657227,36.2222900390625,11370.716500437957,615.61181640625,412.0995788574219,66.94146394729614,-0.045104075223207474,-0.030193328857421875
116.9,1782,-18.589309692382812,0.3455642759799957,16.99701690673828,36.22515869140625,11369.579956960068,615.7196044921875,411.43560791015625,66.82190895080566,-0.045181576162576675,-0.030191192403435707
117,1776,-18.45331382751465,0.34487247467041016,16.99886703491211,36.165889739990234,11371.25155013678,614.7791748046875,410.67230224609375,66.79997444152832,-0.04493439942598343,-0.03001616708934307
117.1,1776,-18.366823196411133,0.3456927537918091,16.990629196166992,35.962589263916016,11369.293198297953,611.0270385742188,411.57818603515625,67.35842823982239,-0.044625356793403625,-0.030058937147259712
117.2,1776,-18.31749725341797,0.34442010521888733,16.996152877807617,35.70124435424805,11353.198576965411,606.7838134765625,409.4825134277344,67.48408675193787,-0.044733285903930664,-0.03018784709274769
117.3,1776,-18.1675968170166,0.34167101979255676,16.973291397094727,35.53976821899414,11339.569380715677,603.2268676757812,405.7264404296875,67.25934743881226,-0.044777944684028625,-0.030117355287075043
117.4,1776,-18.16973304748535,0.33873704075813293,16.9542236328125,35.41748809814453,11327.88221670611,600.4760131835938,401.8278503417969,66.91821813583374,-0.04521770402789116,-0.03025888279080391
117.5,1776,-18.111663818359375,0.3375852406024933,16.970050811767578,35.300758361816406,11319.331912695521,599.0556640625,400.15924072265625,66.79834127426147,-0.045261140912771225,-0.03023369051516056
117.6,1776,-18.057008743286133,0.33820319175720215,16.9862117767334,35.2072639465332,11311.972939386886,598.0380249023438,400.631103515625,66.99090600013733,-0.04507140815258026,-0.030193746089935303
117.7,1776,-18.14531707763672,0.34039580821990967,16.998554229736328,35.17876052856445,11303.332877583684,597.9880981445312,402.92047119140625,67.37934947013855,-0.045034486800432205,-0.03034394420683384
117.8,1776,-18.211713790893555,0.34126392006874084,16.997570037841797,35.16264343261719,11295.785063204876,597.6795043945312,403.6783142089844,67.54093170166016,-0.0451144240796566,-0.030470702797174454
117.9,1776,-18.139087677001953,0.33985474705696106,16.97420310974121,35.175872802734375,11290.100014444188,597.0823974609375,401.80908203125,67.29541420936584,-0.045143548399209976,-0.030379537492990494
118,1776,-18.119457244873047,0.33843377232551575,16.953577041625977,35.212127685546875,11285.181986820375,596.9714965820312,399.95477294921875,66.99729561805725,-0.045303765684366226,-0.03035229817032814
118.1,1776,-18.130516052246094,0.3389784097671509,16.976797103881836,35.25480270385742,11284.255266753786,598.5136108398438,400.5655212402344,66.92671775817871,-0.04526229947805405,-0.0302925705909729
118.2,1776,-18.17683219909668,0.3412981629371643,16.99212074279785,35.31454086303711,11280.483108092809,600.0689697265625,403.1719055175781,67.18760132789612,-0.04508456960320473,-0.03029124066233635
118.3,1776,-18.307079315185547,0.34381595253944397,16.986019134521484,35.390037536621094,11273.871339265535,601.1358642578125,405.9081115722656,67.52352118492126,-0.04510153830051422,-0.03045414574444294
118.4,1776,-18.19135856628418,0.3461690843105316,16.975669860839844,35.497676849365234,11268.87637639091,602.5968627929688,408.505126953125,67.79078245162964,-0.044531531631946564,-0.030188273638486862
118.5,1776,-18.093666076660156,0.3472604751586914,16.95746612548828,35.55851364135742,11270.26004521989,602.9822998046875,409.8433532714844,67.9693877696991,-0.044147759675979614,-0.03000696189701557
118.6,1776,-18.233104705810547,0.347576379776001,16.975812911987305,35.56737518310547,11277.8778007358,603.7850952148438,410.49346923828125,67.98668503761292,-0.044417526572942734,-0.030198004096746445
118.7,1776,-18.564247131347656,0.3471616804599762,16.99291229248047,35.59053039550781,11279.730075183355,604.7867431640625,410.071044921875,67.80423521995544,-0.045270808041095734,-0.03069552406668663
118.8,1776,-18.6553897857666,0.34733065962791443,16.990846633911133,35.65489959716797,11275.468328562672,605.8069458007812,410.1156311035156,67.69741773605347,-0.04548812285065651,-0.030794283375144005
118.9,1776,-18.502031326293945,0.3472263813018799,16.98169708251953,35.735416412353516,11273.76992461674,606.8480224609375,409.9307556152344,67.55080819129944,-0.0451345294713974,-0.030488740652799606
119,1776,-18.28885269165039,0.3477710783481598,16.95436668395996,35.75946044921875,11275.880981271568,606.2789916992188,410.65069580078125,67.73295402526855,-0.044536277651786804,-0.030165735632181168
119.1,1776,-18.314374923706055,0.34822744131088257,16.967575073242188,35.738460540771484,11279.87578588565,606.39501953125,411.3352355957031,67.83288717269897,-0.04452420398592949,-0.030202053487300873
119.2,1776,-18.653562545776367,0.34875982999801636,16.984914779663086,35.774986267089844,11278.57604642119,607.6350708007812,411.9166564941406,67.79013276100159,-0.04528480023145676,-0.0306986253708601
119.3,1776,-18.813806533813477,0.349645733833313,16.98954963684082,35.89387893676758,11269.976783614631,609.8208618164062,412.64813232421875,67.66710877418518,-0.04559285566210747,-0.030851367861032486
119.4,1776,-18.74563217163086,0.34992480278015137,16.95417594909668,36.03319549560547,11262.493081944833,610.9131469726562,412.7032470703125,67.55514144897461,-0.045421577990055084,-0.030684610828757286
119.5,1776,-18.519397735595703,0.3494436740875244,16.965797424316406,36.09731674194336,11266.56015906725,612.4197387695312,412.2846374511719,67.32059717178345,-0.0449189618229866,-0.030239712446928024
119.6,1776,-18.600910186767578,0.34658434987068176,16.979726791381836,36.08811950683594,11277.566562675702,612.7664184570312,409.3105773925781,66.79716110229492,-0.045444488525390625,-0.030355630442500114
119.7,1776,-18.681425094604492,0.34522661566734314,16.991853713989258,36.03147506713867,11288.626587822595,612.2415771484375,408.1069641113281,66.65783524513245,-0.04577580839395523,-0.030513161793351173
119.8,1776,-18.56969451904297,0.34536615014076233,16.999155044555664,35.97380065917969,11295.59155939223,611.5242309570312,408.5238037109375,66.80418848991394,-0.04545560106635094,-0.03036624565720558
119.9,1776,-18.423147201538086,0.34678468108177185,16.980064392089844,35.88753890991211,11302.371186948545,609.3727416992188,410.44793701171875,67.35581159591675,-0.04488546401262283,-0.030232969671487808
120,1776,-18.376117706298828,0.34671035408973694,16.994375228881836,35.81097412109375,11306.347340592734,608.5851440429688,410.50433349609375,67.45224595069885,-0.04476473480463028,-0.03019481897354126
120.1,1776,-18.390493392944336,0.34379276633262634,16.965534210205078,35.71866226196289,11309.87936801633,605.9862060546875,407.1770935058594,67.19247102737427,-0.045165836811065674,-0.030348040163517
120.2,1776,-18.26813316345215,0.34099242091178894,16.975549697875977,35.59305191040039,11315.46416781384,604.2116088867188,404.05987548828125,66.87389612197876,-0.04521145299077034,-0.03023466095328331
120.3,1776,-18.122543334960938,0.3404006361961365,16.978071212768555,35.41393280029297,11319.92641236088,601.26025390625,403.5177001953125,67.11198091506958,-0.04491139575839043,-0.03014092892408371
120.4,1776,-18.140798568725586,0.3416307270526886,16.994352340698242,35.306419372558594,11316.154253699902,600.0097045898438,404.8409118652344,67.47239232063293,-0.044809695333242416,-0.03023417480289936
120.5,1776,-18.1416072845459,0.3419035077095032,16.996826171875,35.229862213134766,11310.86087530698,598.7958374023438,404.9746398925781,67.63150691986084,-0.0447968952357769,-0.030296815559267998
120.6,1776,-18.28337860107422,0.34310609102249146,17.016399383544922,35.20866394042969,11301.941048955376,599.1246948242188,406.0785827636719,67.77864098548889,-0.045024238526821136,-0.030516818165779114
120.7,1776,-18.37347984313965,0.3437288999557495,16.986740112304688,35.267093658447266,11290.171121266907,599.0729370117188,406.39202880859375,67.83682107925415,-0.04521121829748154,-0.03066985309123993
120.8,1776,-18.39258575439453,0.34273332357406616,16.9759578704834,35.261810302734375,11288.27688213709,598.60302734375,405.14697265625,67.68208146095276,-0.0453973151743412,-0.03072584979236126
120.9,1776,-18.395233154296875,0.3397926390171051,16.99106216430664,35.196895599365234,11293.63553892464,598.0326538085938,401.8614501953125,67.19724535942078,-0.04577506333589554,-0.030759580433368683
121,1765,-18.333097457885742,0.3392026424407959,16.99704360961914,35.15696334838867,11294.810550027936,597.564453125,401.2054138183594,67.14010834693909,-0.04569504037499428,-0.030679699033498764
121.1,1765,-18.25824737548828,0.33838629722595215,17.034265518188477,34.835269927978516,11281.13239498223,593.3932495117188,399.7551574707031,67.36766695976257,-0.04567357525229454,-0.030769219622015953
121.2,1765,-17.948041915893555,0.33544546365737915,16.99531364440918,34.423179626464844,11241.440799677452,585.03271484375,394.88671875,67.49822497367859,-0.04545111581683159,-0.030678696930408478
121.3,1765,-18.047332763671875,0.33199697732925415,17.000139236450195,34.21080780029297,11201.505576078438,581.5885009765625,389.4387512207031,66.9612169265747,-0.0463419035077095,-0.031031103804707527
121.4,1765,-18.13555145263672,0.33330675959587097,16.99504852294922,34.162353515625,11167.795113681408,580.5908813476562,389.79852294921875,67.13824272155762,-0.04652545228600502,-0.031236371025443077
121.5,1765,-18.182937622070312,0.33370769023895264,16.987340927124023,34.20358657836914,11144.804296230714,581.0280151367188,389.4639587402344,67.03015565872192,-0.046687085181474686,-0.03129442781209946
121.6,1765,-18.29841423034668,0.33694615960121155,16.995697021484375,34.24243927001953,11130.95595108473,581.97412109375,392.7548828125,67.48665571212769,-0.04658990725874901,-0.03144197165966034
121.7,1765,-18.201887130737305,0.33693796396255493,16.9906063079834,34.278297424316406,11122.165515836761,582.4090576171875,392.4351806640625,67.38136410713196,-0.04638189449906349,-0.03125275298953056
121.8,1765,-18.3533878326416,0.3388873338699341,17.020408630371094,34.27328109741211,11128.366963326378,583.3452758789062,394.9256896972656,67.70016551017761,-0.04647301509976387,-0.03146230801939964
121.9,1765,-18.164127349853516,0.33867231011390686,16.981937408447266,34.17829513549805,11138.27762245358,580.4136962890625,395.026611328125,68.05949211120605,-0.045982036739587784,-0.03129513934254646
122,1765,-18.210269927978516,0.3378073573112488,17.012075424194336,34.06986618041992,11144.300720043588,579.59912109375,394.2308044433594,68.01783442497253,-0.046191900968551636,-0.031418733298778534
122.1,1765,-17.981578826904297,0.33839932084083557,16.99358558654785,33.989051818847656,11145.014119642017,577.5958862304688,394.9468994140625,68.37772727012634,-0.04552910476922989,-0.031131764873862267
122.2,1765,-17.901809692382812,0.335537314414978,16.994449615478516,33.91676712036133,11146.025934758743,576.3967895507812,391.6422119140625,67.94663071632385,-0.045709602534770966,-0.031058136373758316
122.3,1765,-18.070470809936523,0.3367452919483185,17.02180290222168,33.87162399291992,11143.33086960912,576.5560913085938,392.9571228027344,68.15592050552368,-0.045985858887434006,-0.03134208545088768
122.4,1765,-17.708393096923828,0.33450454473495483,16.991519927978516,33.834861755371094,11141.655779375555,574.9057006835938,390.2836608886719,67.88654923439026,-0.045373134315013885,-0.030802255496382713
122.5,1765,-18.01108741760254,0.332915335893631,17.016830444335938,33.763057708740234,11142.56151710101,574.5402221679688,388.4610290527344,67.61250495910645,-0.04636523500084877,-0.03134869784116745
122.6,1765,-17.9459228515625,0.33393123745918274,16.98320960998535,33.72870635986328,11137.341576902045,572.8217163085938,389.4638977050781,67.99042224884033,-0.046078529208898544,-0.03132898733019829
122.7,1765,-18.04081153869629,0.33313289284706116,17.01231575012207,33.72087860107422,11129.348470617027,573.6702270507812,388.2539367675781,67.6789402961731,-0.04646652564406395,-0.03144805133342743
122.8,1765,-17.97186851501465,0.3353039026260376,17.00703239440918,33.805789947509766,11118.598517844614,574.9361572265625,390.4067077636719,67.90435910224915,-0.04603370651602745,-0.03125889226794243
122.9,1765,-18.033222198486328,0.33611318469047546,17.00547218322754,33.877784729003906,11109.567951359266,576.1077270507812,391.0311279296875,67.87465810775757,-0.04611710086464882,-0.031301822513341904
123,1765,-17.782699584960938,0.3362541198730469,17.005279541015625,33.936710357666016,11108.659882262571,577.103271484375,391.1631164550781,67.78044104576111,-0.04546108469367027,-0.03081372380256653
123.1,1765,-17.835559844970703,0.3333704471588135,17.008569717407227,33.94674301147461,11113.258512026958,577.3855590820312,387.9690856933594,67.19411015510559,-0.045971598476171494,-0.03089020773768425
123.2,1765,-17.923633575439453,0.33480608463287354,17.004247665405273,34.00760269165039,11112.14877931829,578.273681640625,389.6009521484375,67.37310290336609,-0.04600510746240616,-0.030995069071650505
123.3,1765,-17.953716278076172,0.33392468094825745,17.007944107055664,34.0443229675293,11116.29279169152,579.02392578125,388.72021484375,67.13370084762573,-0.04618673399090767,-0.031006863340735435
123.4,1765,-18.019458770751953,0.3345295190811157,17.017383575439453,34.00760269165039,11123.180828010343,578.7203979492188,389.66558837890625,67.33226776123047,-0.046243391931056976,-0.03113672509789467
123.5,1765,-18.058834075927734,0.33616751432418823,16.99091911315918,34.013301849365234,11121.401991756744,577.917236328125,391.51092529296875,67.74515509605408,-0.046126000583171844,-0.031248129904270172
123.6,1765,-18.04102325439453,0.33726346492767334,17.018630981445312,34.04182815551758,11118.120586741092,579.3453369140625,392.6714172363281,67.77847409248352,-0.045944325625896454,-0.031140362843871117
123.7,1765,-17.858020782470703,0.33523058891296387,16.995433807373047,34.07399368286133,11121.864768947227,579.102294921875,390.4360046386719,67.42090582847595,-0.04573866352438927,-0.030837420374155045
123.8,1765,-18.06375503540039,0.3342473804950714,17.023818969726562,34.01111602783203,11131.874511351989,578.9990844726562,389.6412658691406,67.29565858840942,-0.04635996371507645,-0.03119824454188347
123.9,1765,-17.94198989868164,0.33518871665000916,16.99956512451172,33.97798538208008,11134.289811953207,577.6109619140625,390.8233642578125,67.66204237937927,-0.04590817913413048,-0.0310624111443758
124,1765,-18.086233139038086,0.33333703875541687,16.99819564819336,33.99137878417969,11129.144475633817,577.7921142578125,388.4847412109375,67.23607778549194,-0.046555839478969574,-0.0313023179769516
124.1,1765,-18.141986846923828,0.33485502004623413,16.99843406677246,34.085052490234375,11119.578859449646,579.3925170898438,389.9184265136719,67.29780435562134,-0.046527646481990814,-0.03131208196282387
124.2,1765,-18.345247268676758,0.3352568745613098,17.002710342407227,34.18477249145508,11112.394738983761,581.2337646484375,390.1341552734375,67.12172627449036,-0.04702292010188103,-0.031562596559524536
124.3,1765,-18.26462745666504,0.3383965492248535,17.004247665405273,34.24401092529297,11116.105116306966,582.2936401367188,393.91925048828125,67.64958500862122,-0.04636642709374428,-0.03136669471859932
124.4,1765,-18.111509323120117,0.33675631880760193,17.001869201660156,34.18452072143555,11128.185116369916,581.2007446289062,392.4358825683594,67.52157211303711,-0.04615151137113571,-0.03116222657263279
124.5,1765,-18.17215919494629,0.33725419640541077,17.010417938232422,34.067161560058594,11140.59267409162,579.4966430664062,393.45428466796875,67.89586544036865,-0.04618620127439499,-0.031358521431684494
124.6,1765,-17.760509490966797,0.3358246386051178,16.985660552978516,33.924461364746094,11147.715013219731,576.2293701171875,392.0369873046875,68.0348813533783,-0.04530314728617668,-0.030821943655610085
124.7,1765,-17.62628936767578,0.33200016617774963,17.003862380981445,33.74173355102539,11155.724439103406,573.7398071289062,387.8507995605469,67.6004707813263,-0.04544605687260628,-0.030721748247742653
124.8,1765,-17.467775344848633,0.3311675190925598,17.005422592163086,33.58696365356445,11159.25180378453,571.1605224609375,387.00042724609375,67.75685548782349,-0.04513632133603096,-0.030582953244447708
124.9,1765,-17.40751075744629,0.3281571865081787,16.99913215637207,33.454376220703125,11157.060314822034,568.6953735351562,383.4072570800781,67.4187421798706,-0.04540214315056801,-0.030609553679823875
125,1765,-17.595422744750977,0.3290663957595825,17.00179672241211,33.38420486450195,11148.837568470202,567.5914916992188,384.1861877441406,67.68709421157837,-0.04579920694231987,-0.031000154092907906
125.1,1765,-17.377439498901367,0.3286304771900177,16.976654052734375,33.38295364379883,11136.538419511004,566.7308349609375,383.25396728515625,67.62539744377136,-0.04534183815121651,-0.030662596225738525
125.2,1765,-17.78468132019043,0.32859906554222107,17.003070831298828,33.4150505065918,11123.115549615715,568.158447265625,382.7554626464844,67.36772656440735,-0.046464867889881134,-0.031302325427532196
125.3,1765,-17.785554885864258,0.33000630140304565,16.97951316833496,33.48108673095703,11118.059971088936,568.4925537109375,384.21990966796875,67.5857424736023,-0.046290040016174316,-0.031285468488931656
125.4,1765,-17.99972915649414,0.33139997720718384,17.004701614379883,33.524391174316406,11114.93709931738,570.072265625,385.7341613769531,67.66408085823059,-0.0466635599732399,-0.031574469059705734
125.5,1765,-17.854787826538086,0.3333873748779297,16.978647232055664,33.613094329833984,11109.158795707226,570.7048950195312,387.8456726074219,67.95905828475952,-0.04603580757975578,-0.03128550201654434
125.6,1765,-17.903573989868164,0.3322274386882782,16.996706008911133,33.62413787841797,11115.208704066456,571.4995727539062,386.70672607421875,67.66526699066162,-0.046297550201416016,-0.03132736310362816
125.7,1765,-17.62950897216797,0.33316928148269653,16.99257469177246,33.581905364990234,11123.900056036864,570.6430053710938,388.10626220703125,68.01208853721619,-0.0454244390130043,-0.03089410997927189
125.8,1765,-17.831083297729492,0.33041393756866455,16.99039077758789,33.609500885009766,11121.093085067881,571.03857421875,384.7994689941406,67.38590002059937,-0.04633864015340805,-0.03122570738196373
125.9,1765,-17.993471145629883,0.334537535905838,16.992334365844727,33.737857818603516,11112.426212495457,573.2849731445312,389.29815673828125,67.90657043457031,-0.04622028023004532,-0.0313866101205349
126,1765,-17.911182403564453,0.33415502309799194,16.996152877807617,33.78422546386719,11112.604562395065,574.2018432617188,388.8592834472656,67.72170662879944,-0.04606083407998085,-0.03119318000972271
126.1,1765,-17.872276306152344,0.33545219898223877,16.999658584594727,33.797176361083984,11119.088105804321,574.5404663085938,390.5965881347656,67.9841697216034,-0.04575635492801666,-0.031107081100344658
126.2,1765,-17.771909713745117,0.33518755435943604,16.975549697875977,33.811363220214844,11120.300418847404,573.9664916992188,390.33099365234375,68.00588369369507,-0.04553036019206047,-0.030963324010372162
126.3,1765,-17.847654342651367,0.33522364497184753,17.001869201660156,33.8291015625,11121.590832826916,575.157958984375,390.4183044433594,67.88018941879272,-0.045714184641838074,-0.031030874699354172
126.4,1765,-17.679798126220703,0.3327876329421997,16.975189208984375,33.866878509521484,11120.781847007782,574.8966674804688,387.5530090332031,67.4126386642456,-0.045619044452905655,-0.0307530015707016
126.5,1765,-17.840808868408203,0.3321551978588104,17.007823944091797,33.86235809326172,11126.563647674791,575.925048828125,387.0176086425781,67.19930171966553,-0.04609818384051323,-0.030977658927440643
126.6,1765,-17.697330474853516,0.33173516392707825,16.977998733520508,33.78517532348633,11134.960081183759,573.6046752929688,386.81988525390625,67.43667125701904,-0.045750830322504044,-0.03085283562541008
126.7,1765,-17.833011627197266,0.3302742540836334,16.985971450805664,33.71463394165039,11136.329761785319,572.67578125,385.16375732421875,67.25686192512512,-0.04629981517791748,-0.031139802187681198
126.8,1765,-17.881698608398438,0.3324682414531708,16.992671966552734,33.71852493286133,11131.697327138,572.9678344726562,387.56109619140625,67.64098405838013,-0.04613904282450676,-0.031208904460072517
126.9,1765,-17.8055362701416,0.3322736322879791,16.987051010131836,33.72538375854492,11127.879706737907,572.8948364257812,387.2013854980469,67.58682131767273,-0.045985206961631775,-0.031079940497875214
127,1765,-17.645042419433594,0.3328041732311249,16.998363494873047,33.69723892211914,11127.008939581001,572.7979125976562,387.789306640625,67.70089268684387,-0.045501623302698135,-0.030805004760622978
127.1,1765,-17.60759735107422,0.3308389186859131,16.987363815307617,33.693050384521484,11125.140345534788,572.3560791015625,385.4346008300781,67.34175086021423,-0.04568244889378548,-0.03076336160302162
127.2,1765,-17.837919235229492,0.332618772983551,17.001075744628906,33.73075485229492,11119.891263195363,573.4591064453125,387.3253479003906,67.5419270992279,-0.04605409875512123,-0.031105825677514076
127.3,1765,-17.73223876953125,0.33202242851257324,16.96536636352539,33.80667495727539,11112.605728080684,573.5426025390625,386.3775939941406,67.36685037612915,-0.04589354619383812,-0.030917037278413773
127.4,1765,-18.024906158447266,0.33351293206214905,16.99886703491211,33.89134216308594,11106.193291494146,576.1144409179688,387.8881530761719,67.32832193374634,-0.04646933823823929,-0.03128702566027641
127.5,1765,-18.018695831298828,0.33437857031822205,16.971538543701172,33.96851348876953,11106.153658183122,576.4979248046875,388.8935546875,67.45792627334595,-0.04633323475718498,-0.031255438923835754
127.6,1765,-18.183103561401367,0.33596062660217285,16.998674392700195,33.942832946777344,11116.707775771652,576.983154296875,391.1048278808594,67.78444647789001,-0.04649163410067558,-0.03151409700512886
127.7,1765,-17.93238067626953,0.3357669413089752,16.97161102294922,33.87404251098633,11128.588443593864,574.8970947265625,391.297119140625,68.06385517120361,-0.045828044414520264,-0.03119233250617981
127.8,1765,-17.95501708984375,0.3337978422641754,16.986404418945312,33.78152084350586,11135.644338641729,573.8265991210938,389.2489929199219,67.83390641212463,-0.046127330511808395,-0.031289972364902496
127.9,1765,-17.61761474609375,0.3343542516231537,16.99101448059082,33.72819900512695,11136.301785330477,573.0762939453125,389.92083740234375,68.03995370864868,-0.04518254101276398,-0.030742179602384567
128,1765,-17.77976417541504,0.3305068612098694,16.980783462524414,33.67030715942383,11138.429161583965,571.7481689453125,385.5076904296875,67.42613315582275,-0.04612038657069206,-0.03109719417989254
128.1,1765,-17.985809326171875,0.33150118589401245,16.995145797729492,33.65178680419922,11136.572224393934,571.9170532226562,386.60302734375,67.59774684906006,-0.046522680670022964,-0.03144828602671623
128.2,1765,-17.97539710998535,0.33145368099212646,16.977710723876953,33.70431900024414,11126.979797440543,572.22216796875,386.21466064453125,67.49383211135864,-0.04654250293970108,-0.03141331672668457
128.3,1765,-18.08904266357422,0.33395686745643616,16.998674392700195,33.784664154052734,11120.509076573087,574.2944946289062,388.9051208496094,67.71876215934753,-0.04651273787021637,-0.03149785101413727
128.4,1765,-17.95416831970215,0.3340315818786621,16.9677677154541,33.82718276977539,11120.481100118248,573.9718017578125,388.99114990234375,67.77182817459106,-0.04615572467446327,-0.031280577182769775
128.5,1765,-18.142786026000977,0.33596113324165344,16.99127960205078,33.836402893066406,11121.27026928187,574.9237670898438,391.2659606933594,68.05527210235596,-0.04636944830417633,-0.031556855887174606
128.6,1765,-17.737499237060547,0.33408069610595703,16.969472885131836,33.827659606933594,11127.385456035729,574.0375366210938,389.2898864746094,67.81610250473022,-0.045563727617263794,-0.030899545177817345
128.7,1765,-17.91672706604004,0.33204934000968933,16.989091873168945,33.78390121459961,11130.71581984735,573.9578247070312,387.03863525390625,67.43329167366028,-0.04629182815551758,-0.031216105446219444
128.8,1765,-17.9066162109375,0.333681583404541,16.97281265258789,33.78972244262695,11130.042053559944,573.5066528320312,388.91766357421875,67.81398057937622,-0.04604217782616615,-0.031223032623529434
128.9,1765,-17.942882537841797,0.3328913450241089,16.977157592773438,33.774940490722656,11129.364790215684,573.4024658203125,387.9729919433594,67.66154766082764,-0.04624776169657707,-0.03129195049405098
129,1763,-18.051435470581055,0.33423683047294617,16.99749755859375,33.75925064086914,11127.01010526662,573.82275390625,389.4587097167969,67.87090301513672,-0.04635006561875343,-0.031458206474781036
129.1,1763,-18.112302780151367,0.33359217643737793,16.977277755737305,33.6961669921875,11120.659450017854,572.0692138671875,388.4856872558594,67.90886521339417,-0.046622831374406815,-0.031661033630371094
129.2,1763,-18.090503692626953,0.3358802795410156,16.995601654052734,33.60917663574219,11107.389284938572,571.2081909179688,390.68353271484375,68.39600205421448,-0.04630475118756294,-0.031670596450567245
129.3,1763,-17.89084815979004,0.3346061110496521,16.981168746948242,33.60674285888672,11093.272832100367,570.6817626953125,388.70684814453125,68.112713098526,-0.04602658376097679,-0.03134995698928833
129.4,1763,-17.914653778076172,0.3350726068019867,16.975379943847656,33.63494110107422,11081.924882605741,570.9658813476562,388.8505859375,68.10399293899536,-0.04607079178094864,-0.03137604892253876
129.5,1763,-18.084041595458984,0.33461642265319824,16.97955894470215,33.68489456176758,11074.08214976549,571.9546508789062,388.0463562011719,67.84564852714539,-0.04660278558731079,-0.031617965549230576
129.6,1763,-17.989383697509766,0.3373717963695526,16.982154846191406,33.73616409301758,11073.617041203768,572.9127807617188,391.2252502441406,68.28705668449402,-0.04598216339945793,-0.031399864703416824
129.7,1763,-17.84980583190918,0.33576610684394836,16.98666763305664,33.75840377807617,11073.464336387766,573.4428100585938,389.3578796386719,67.89829730987549,-0.04584421217441559,-0.031127439811825752
129.8,1763,-17.627304077148438,0.33447265625,16.970626831054688,33.75483703613281,11077.476626286121,572.8407592773438,387.99853515625,67.7323579788208,-0.04543136805295944,-0.030771736055612564
129.9,1763,-17.85201072692871,0.33278027176856995,16.991783142089844,33.715492248535156,11082.813135046923,572.8863525390625,386.2212829589844,67.41673946380615,-0.04622223600745201,-0.03116152249276638
130,1763,-17.798025131225586,0.33401182293891907,16.976511001586914,33.715030670166016,11082.824791903107,572.3635864257812,387.6510009765625,67.72810816764832,-0.0459124930202961,-0.031095663085579872
130.1,1763,-18.08860969543457,0.334203839302063,16.986690521240234,33.71352005004883,11081.316394712963,572.68115234375,387.8210754394531,67.72024631500244,-0.04664163663983345,-0.03158583119511604
130.2,1763,-17.795310974121094,0.33441072702407837,16.963516235351562,33.721927642822266,11079.01766267358,572.04248046875,387.98065185546875,67.82374978065491,-0.04586648941040039,-0.031108373776078224
130.3,1763,-17.98220443725586,0.33306804299354553,16.993465423583984,33.743438720703125,11077.453312573754,573.41796875,386.3683166503906,67.37987995147705,-0.04654161259531975,-0.031359679996967316
130.4,1763,-17.924148559570312,0.3325729966163635,16.971370697021484,33.7171516418457,11082.824791903107,572.2262573242188,385.98114013671875,67.45253205299377,-0.04643788933753967,-0.03132353350520134
130.5,1763,-17.996259689331055,0.3323318064212799,17.001676559448242,33.61674880981445,11094.165747284022,571.5410766601562,386.09588623046875,67.55347847938538,-0.04661085456609726,-0.031487252563238144
130.6,1763,-17.780664443969727,0.3313332200050354,16.968706130981445,33.51362609863281,11100.447627081305,568.682861328125,385.1537170410156,67.72732734680176,-0.046165112406015396,-0.03126639872789383
130.7,1763,-17.959278106689453,0.33093130588531494,16.99039077758789,33.39622116088867,11105.140677380778,567.4148559570312,384.8491516113281,67.82500743865967,-0.04666575789451599,-0.031651053577661514
130.8,1763,-17.487503051757812,0.33084985613822937,16.97019386291504,33.2296028137207,11114.586227946258,563.9127807617188,385.0816955566406,68.28745007514954,-0.04541245102882385,-0.031011005863547325
130.9,1763,-17.307186126708984,0.3284493088722229,16.98892593383789,33.0186882019043,11121.1641918906,560.9520263671875,382.513916015625,68.19012761116028,-0.04524590075016022,-0.030853236094117165
131,1763,-17.13136863708496,0.327868789434433,16.972667694091797,32.89384841918945,11116.629674835223,558.29638671875,381.68212890625,68.36550831794739,-0.044883862137794495,-0.030685080215334892
131.1,1763,-17.252422332763672,0.3253999948501587,16.987844467163086,32.80458450317383,11108.32882754696,557.2791748046875,378.5252685546875,67.92381405830383,-0.045577991753816605,-0.03095831163227558
131.2,1763,-17.117307662963867,0.325278103351593,16.985010147094727,32.73298263549805,11103.949346678824,555.9700317382812,378.23431396484375,68.03141832351685,-0.04525582864880562,-0.030788183212280273
131.3,1763,-17.364288330078125,0.3254983127117157,16.980207443237305,32.70257568359375,11094.621530360797,555.2965087890625,378.17242431640625,68.1027889251709,-0.045916326344013214,-0.03127029910683632
131.4,1763,-17.095855712890625,0.3273632526397705,16.972572326660156,32.72590637207031,11087.003774844887,555.4428100585938,380.0780029296875,68.42792630195618,-0.04497985914349556,-0.030778786167502403
131.5,1763,-17.150360107421875,0.32378560304641724,16.98887825012207,32.691688537597656,11087.15764534651,555.3951416015625,375.9294738769531,67.68684983253479,-0.04562121629714966,-0.030879566445946693
131.6,1763,-17.120098114013672,0.3243446350097656,16.96416664123535,32.67362594604492,11087.550481399892,554.2808227539062,376.5918884277344,67.94242858886719,-0.04546061530709267,-0.030887046828866005
131.7,1763,-17.391387939453125,0.3246876895427704,16.976030349731445,32.705535888671875,11077.77504180442,555.2101440429688,376.6578063964844,67.84058213233948,-0.046172913163900375,-0.03132397308945656
131.8,1763,-17.499595642089844,0.32631775736808777,16.9575138092041,32.80418395996094,11068.932150703626,556.2774047851562,378.2466125488281,67.99604296684265,-0.04626504331827164,-0.03145839646458626
131.9,1763,-17.70758819580078,0.3294208347797394,16.989381790161133,32.87844467163086,11063.885897661792,558.58447265625,381.66943359375,68.32796931266785,-0.04639509320259094,-0.031700827181339264
132,1763,-17.492820739746094,0.32897165417671204,16.96908950805664,32.99824523925781,11057.989859804184,559.9501953125,380.9458923339844,68.03210377693176,-0.04591943696141243,-0.031239958480000496
132.1,1763,-17.54303550720215,0.3295893371105194,16.985300064086914,33.07815933227539,11058.56454281403,561.8424682617188,381.6809997558594,67.93380975723267,-0.045962560921907425,-0.031224118545651436
132.2,1763,-17.626800537109375,0.3285479247570038,16.978286743164062,33.14956283569336,11060.935547361752,562.82275390625,380.5565490722656,67.6156997680664,-0.046318478882312775,-0.03131856396794319
132.3,1763,-17.691299438476562,0.3298124074935913,16.985755920410156,33.215423583984375,11064.13535438412,564.1890869140625,382.1317138671875,67.73114204406738,-0.046296339482069016,-0.031357038766145706
132.4,1763,-17.875259399414062,0.32920917868614197,16.97552490234375,33.20341491699219,11071.263521940322,563.6453857421875,381.67852783203125,67.71607398986816,-0.046833284199237823,-0.031713660806417465
132.5,1763,-17.682193756103516,0.3321835696697235,16.97353172302246,33.1827278137207,11078.504761001506,563.2280883789062,385.3788757324219,68.42323541641235,-0.04588262364268303,-0.03139437362551689
132.6,1763,-17.578351974487305,0.32910215854644775,16.981216430664062,33.12204360961914,11086.608607420267,562.4525756835938,382.08331298828125,67.93164610862732,-0.046006593853235245,-0.031253036111593246
132.7,1763,-17.531719207763672,0.3287358582019806,16.969472885131836,33.06203079223633,11092.419550227736,561.0452270507812,381.85809326171875,68.06190609931946,-0.04591161012649536,-0.031248316168785095
132.8,1763,-17.688026428222656,0.3273380398750305,16.972259521484375,32.99391555786133,11094.462997116701,559.9813232421875,380.3044128417969,67.91377067565918,-0.046510178595781326,-0.03158681467175484
132.9,1763,-17.670055389404297,0.3297909200191498,16.979198455810547,32.9789924621582,11089.058878590036,559.9568481445312,382.9675598144531,68.39233636856079,-0.04613982141017914,-0.03155609965324402
133,1760,-17.750396728515625,0.3302020728588104,16.97675132751465,32.98059844970703,11083.014798658898,559.9034423828125,383.23602294921875,68.44680905342102,-0.04631714150309563,-0.03170260414481163
133.1,1760,-17.41307830810547,0.330575555562973,16.963470458984375,32.96727752685547,11075.436676454012,559.2394409179688,383.40716552734375,68.55867505073547,-0.04541667550802231,-0.031137071549892426
133.2,1760,-17.546953201293945,0.3283076286315918,16.9927921295166,32.9093132019043,11067.048402744373,559.2211303710938,380.4883728027344,68.03898811340332,-0.04611692205071449,-0.031377486884593964
133.3,1760,-17.45073127746582,0.3274614214897156,16.963926315307617,32.891876220703125,11061.91122622431,557.975341796875,379.3315124511719,67.98356175422668,-0.046003904193639755,-0.03127509355545044
133.4,1760,-17.623186111450195,0.3276779055595398,16.99190330505371,32.856964111328125,11058.650803549788,558.3023681640625,379.4704284667969,67.9686188697815,-0.04644152894616127,-0.03156566619873047
133.5,1760,-17.377592086791992,0.32624948024749756,16.966758728027344,32.78818893432617,11064.240266089771,556.3092651367188,378.0071716308594,67.94910430908203,-0.045971594750881195,-0.03123728558421135
133.6,1760,-17.391023635864258,0.3249664604663849,16.990943908691406,32.691627502441406,11069.466034716828,555.4616088867188,376.6984558105469,67.81718730926514,-0.04616696387529373,-0.031309135258197784
133.7,1760,-17.5361328125,0.3251498341560364,16.973772048950195,32.682220458984375,11061.978835990174,554.7405395507812,376.65606689453125,67.89770126342773,-0.04655741527676582,-0.03161141276359558
133.8,1760,-17.43790626525879,0.3274346888065338,16.964527130126953,32.70529556274414,11054.813366494183,554.8298950195312,379.0571594238281,68.31952929496765,-0.04600336775183678,-0.03142928332090378
133.9,1760,-17.51373863220215,0.3261997699737549,16.977397918701172,32.71986389160156,11051.232380274616,555.4981689453125,377.5052490234375,67.95796751976013,-0.046393364667892456,-0.031527988612651825
134,1760,-17.213842391967773,0.326226145029068,16.957754135131836,32.74969482421875,11049.19709318498,555.3612670898438,377.4662170410156,67.967689037323,-0.045603662729263306,-0.03099575638771057
134.1,1760,-17.61194610595703,0.3263431489467621,16.988445281982422,32.7807731628418,11046.91701211549,556.8943481445312,377.523681640625,67.79089570045471,-0.04665123298764229,-0.03162528946995735
134.2,1760,-17.66449546813965,0.3273566961288452,16.96985626220703,32.824119567871094,11043.240439675217,557.0205688476562,378.5701599121094,67.96340346336365,-0.04666108638048172,-0.03171246498823166
134.3,1760,-17.569454193115234,0.32972052693367004,16.97406005859375,32.87980651855469,11041.62829646504,558.1038208007812,381.2481384277344,68.31132769584656,-0.04608403891324997,-0.03148062154650688
134.4,1760,-17.609943389892578,0.32780948281288147,16.98169708251953,32.89579772949219,11041.53737298681,558.62646484375,379.0353088378906,67.85129904747009,-0.046459902077913284,-0.03152364492416382
134.5,1760,-17.443016052246094,0.3278694748878479,16.9664249420166,32.922821044921875,11043.712542350648,558.5825805664062,379.1793518066406,67.88241863250732,-0.046002019196748734,-0.03122728317975998
134.6,1760,-17.787384033203125,0.3271866738796234,16.98693084716797,32.878910064697266,11049.117826562931,558.5117797851562,378.5749206542969,67.78280138969421,-0.04698511213064194,-0.03184782341122627
134.7,1760,-17.72854232788086,0.3283819258213043,16.962221145629883,32.93959045410156,11044.195136196644,558.7286376953125,379.7886047363281,67.97371506690979,-0.0466800257563591,-0.03173014894127846
134.8,1760,-17.705307006835938,0.3313719630241394,16.982873916625977,33.04357147216797,11035.679802754606,561.1748046875,382.95123291015625,68.24098825454712,-0.04623384401202202,-0.03155042976140976
134.9,1760,-17.817733764648438,0.3300875723361969,16.978885650634766,33.18244171142578,11025.960316068813,563.40087890625,381.1309509277344,67.64826774597168,-0.04674963653087616,-0.03162531927227974
135,1760,-17.82706642150879,0.33231738209724426,16.963733673095703,33.37132263183594,11017.291112125153,566.1022338867188,383.40386962890625,67.7269697189331,-0.046496834605932236,-0.03149089589715004
135.1,1760,-18.218791961669922,0.33547258377075195,16.9868106842041,33.54641342163086,11011.96276316368,569.8465576171875,386.85693359375,67.88790822029114,-0.04709438979625702,-0.03197139874100685
135.2,1760,-18.13486671447754,0.3345370590686798,16.97060203552246,33.71957778930664,11010.166441625805,572.2415161132812,385.7151794433594,67.40426421165466,-0.0470162108540535,-0.03169092908501625
135.3,1760,-18.074609756469727,0.3375713527202606,16.964574813842773,33.81149673461914,11020.81497974942,573.59765625,389.590087890625,67.92044639587402,-0.04639391601085663,-0.03151095286011696
135.4,1760,-17.991071701049805,0.3367897570133209,16.987964630126953,33.83042526245117,11033.882315531111,574.7100830078125,389.14892578125,67.7122175693512,-0.046231843531131744,-0.031304605305194855
135.5,1760,-17.806642532348633,0.335387259721756,16.965726852416992,33.814910888671875,11044.451587032681,573.6945190429688,387.89959716796875,67.61431097984314,-0.04590528830885887,-0.031038543209433556
135.6,1760,-17.938514709472656,0.3349044620990753,16.9891414642334,33.75128173828125,11054.713117531006,573.4052734375,387.70111083984375,67.61379837989807,-0.04626892879605293,-0.03128417953848839
135.7,1760,-17.97946548461914,0.33211833238601685,16.96061134338379,33.64768981933594,11064.478065955915,570.6853637695312,384.81536865234375,67.43038296699524,-0.04672231897711754,-0.0315050408244133
135.8,1760,-18.11082649230957,0.33430999517440796,16.993152618408203,33.54435729980469,11070.946455452131,570.0243530273438,387.58123779296875,67.99379587173462,-0.04672782123088837,-0.03177202120423317
135.9,1760,-17.84658432006836,0.33288243412971497,16.970674514770508,33.42928695678711,11076.399532774767,567.3175659179688,386.11627197265625,68.05999279022217,-0.046220749616622925,-0.03145783767104149
136,1760,-17.725204467773438,0.3329000174999237,16.98275375366211,33.307010650634766,11077.890444680635,565.644775390625,386.18865966796875,68.27406287193298,-0.04589778929948807,-0.031336285173892975
136.1,1760,-17.700441360473633,0.3297944664955139,16.97955894470215,33.21166229248047,11076.555734647627,563.9193725585938,382.5398864746094,67.83591508865356,-0.046270839869976044,-0.03138824924826622
136.2,1760,-17.821210861206055,0.3304932117462158,16.987581253051758,33.09928512573242,11077.679455583715,562.2767944335938,383.3892822265625,68.18515062332153,-0.04648333042860031,-0.03169472888112068
136.3,1760,-17.673179626464844,0.32930102944374084,16.971588134765625,33.03917694091797,11072.728788762588,560.727294921875,381.8355712890625,68.09648275375366,-0.046284791082143784,-0.03151831403374672
136.4,1760,-17.464088439941406,0.32879072427749634,16.965991973876953,33.036739349365234,11063.727364417697,560.5010375976562,380.9339294433594,67.96310544013977,-0.045845452696084976,-0.031157994642853737
136.5,1760,-17.653467178344727,0.32699066400527954,16.98515510559082,32.99033737182617,11062.867088431356,560.3460083007812,378.81890869140625,67.60446429252625,-0.04660133272409439,-0.03150458261370659
136.6,1760,-17.59247398376465,0.32800495624542236,16.9583797454834,32.96452331542969,11060.979843415249,559.02490234375,379.9291687011719,67.9628312587738,-0.0463046170771122,-0.031469929963350296
136.7,1760,-17.699039459228516,0.32946479320526123,16.983762741088867,32.966880798339844,11059.414327629807,559.9016723632812,381.5660705566406,68.14876198768616,-0.046385254710912704,-0.03161097690463066
136.8,1760,-17.36638832092285,0.3275018036365509,16.957826614379883,32.89377975463867,11064.457083614783,557.8070068359375,379.4656066894531,68.02811622619629,-0.045765381306409836,-0.03113332763314247
136.9,1760,-17.77951431274414,0.32880595326423645,16.989261627197266,32.833946228027344,11062.854265889555,557.8245239257812,380.9215087890625,68.28697919845581,-0.04667500779032707,-0.0318729542195797
137,1785,-17.677730560302734,0.32925620675086975,16.97076988220215,32.85947799682617,11054.758579270121,557.650634765625,381.1639709472656,68.35175156593323,-0.046378280967473984,-0.03170036897063255
137.1,1785,-17.620994567871094,0.33384817838668823,16.9324893951416,33.358402252197266,11052.592735391228,564.8408203125,386.4041748046875,68.40939521789551,-0.04560249671339989,-0.031196391209959984
137.2,1785,-17.89166831970215,0.3406450152397156,16.963275909423828,34.55160903930664,11111.82355303077,586.1084594726562,396.3838806152344,67.62978434562683,-0.04513722285628319,-0.030526205897331238
137.3,1785,-18.224803924560547,0.3474196791648865,16.97024154663086,35.32057189941406,11180.010333276086,599.3986206054688,406.7478332519531,67.85931587219238,-0.04480614885687828,-0.03040514700114727
137.4,1785,-18.394989013671875,0.35226354002952576,16.982681274414062,35.84783172607422,11239.068629444111,608.7922973632812,414.59747314453125,68.10162663459778,-0.04436831176280975,-0.030215540900826454
137.5,1785,-18.66086196899414,0.3527371883392334,16.986717224121094,36.14152145385742,11290.320329026055,613.92578125,417.048095703125,67.93134808540344,-0.04474510997533798,-0.030395956709980965
137.6,1785,-18.66996955871582,0.35073328018188477,16.98573112487793,36.2830924987793,11331.21491188897,616.2948608398438,416.1808166503906,67.52949953079224,-0.04486023262143135,-0.030293891206383705
137.7,1785,-18.60396957397461,0.3511527478694916,16.98568344116211,36.357086181640625,11361.570531076391,617.5499267578125,417.7948303222656,67.65360832214355,-0.044528961181640625,-0.03012544848024845
137.8,1785,-18.604717254638672,0.3505639135837555,16.986427307128906,36.348854064941406,11386.666576753823,617.4371948242188,418.0155334472656,67.70171523094177,-0.044507239013910294,-0.03013216331601143
137.9,1785,-18.793888092041016,0.34771084785461426,16.985490798950195,36.27402114868164,11402.989672467564,616.132080078125,415.2078857421875,67.38942861557007,-0.045263804495334625,-0.03050301969051361
138,1785,-18.692012786865234,0.34608733654022217,16.984146118164062,36.2496337890625,11407.582473803857,615.6690673828125,413.4356689453125,67.15225577354431,-0.045211419463157654,-0.03036048635840416
138.1,1785,-18.620052337646484,0.3485732078552246,16.984939575195312,36.2564811706543,11407.324857282203,615.8141479492188,416.3958740234375,67.6171362400055,-0.04471718519926071,-0.03023648075759411
138.2,1785,-18.744455337524414,0.34771400690078735,16.986116409301758,36.27848434448242,11407.089388787295,616.2305297851562,415.3609313964844,67.40349531173706,-0.04512811452150345,-0.030417926609516144
138.3,1785,-18.686033248901367,0.34779003262519836,16.98625946044922,36.30097961425781,11406.929689857581,616.6178588867188,415.4459228515625,67.37494468688965,-0.04497825354337692,-0.03030407428741455
138.4,1785,-18.609060287475586,0.3488217294216156,16.978118896484375,36.30120849609375,11406.98098002479,616.3262329101562,416.6802062988281,67.60708689689636,-0.0446602925658226,-0.030193522572517395
138.5,1785,-18.605270385742188,0.3508140444755554,16.978071212768555,36.28670883178711,11405.050604640805,616.0783081054688,418.9891662597656,68.00907850265503,-0.04440513253211975,-0.03019952028989792
138.6,1785,-18.829259872436523,0.34913942217826843,16.97867202758789,36.32566452026367,11400.225831866457,616.7615356445312,416.8127136230469,67.58085489273071,-0.04517439007759094,-0.030529238283634186
138.7,1785,-18.77021598815918,0.3485211730003357,16.98457908630371,36.384761810302734,11396.94792390766,617.9798583984375,415.9549865722656,67.30882525444031,-0.04512559249997139,-0.030373508110642433
138.8,1785,-18.723115921020508,0.34889012575149536,16.984722137451172,36.41897964477539,11397.25916196776,618.5662231445312,416.4067077636719,67.31804609298706,-0.0449635311961174,-0.03026857040822506
138.9,1785,-18.76622772216797,0.34993672370910645,16.975139617919922,36.46331787109375,11397.61819313821,618.9699096679688,417.66900634765625,67.4780786037445,-0.04493086040019989,-0.030318481847643852
139,1785,-18.929433822631836,0.34989017248153687,16.973459243774414,36.53946304321289,11391.980937487877,620.2011108398438,417.4068908691406,67.30186343193054,-0.045350074768066406,-0.030521444976329803
139.1,1785,-18.994321823120117,0.3502024710178375,16.97562026977539,36.680545806884766,11382.942211203199,622.6749877929688,417.4479675292969,67.0410692691803,-0.04550105333328247,-0.030504390597343445
139.2,1785,-18.90840721130371,0.353754460811615,16.98174476623535,36.80491256713867,11379.090785920174,625.0116577148438,421.5393371582031,67.44503974914551,-0.044855616986751556,-0.030252888798713684
139.3,1785,-18.919414520263672,0.3556787073612213,16.985755920410156,36.86945724487305,11383.296579631178,626.255615234375,423.98895263671875,67.70222187042236,-0.044622424989938736,-0.030210372060537338
139.4,1785,-19.067340850830078,0.3561636507511139,16.983882904052734,36.91966247558594,11389.045741100874,627.0392456054688,424.7814636230469,67.74399876594543,-0.04488741233944893,-0.030408529564738274
139.5,1785,-19.110107421875,0.3562770187854767,16.97982406616211,37.017799377441406,11386.71903260665,628.5557250976562,424.8298645019531,67.58825778961182,-0.04498296603560448,-0.030403204262256622
139.6,1785,-19.06544303894043,0.3580898940563202,16.97881507873535,37.15082550048828,11380.255305852905,630.7769775390625,426.7491760253906,67.6545262336731,-0.04467599466443062,-0.030225330963730812
139.7,1785,-18.98740577697754,0.3601740002632141,16.983570098876953,37.3076057434082,11376.565910870831,633.6163330078125,429.0937194824219,67.72137880325317,-0.044250018894672394,-0.029966723173856735
139.8,1785,-18.945667266845703,0.36103561520576477,16.979393005371094,37.397247314453125,11379.515095485254,634.9825439453125,430.2317199707031,67.7548885345459,-0.044035959988832474,-0.029836516827344894
139.9,1785,-19.122238159179688,0.3618207573890686,16.97384262084961,37.48944854736328,11381.140061237233,636.3400268554688,431.2289123535156,67.76705980300903,-0.04434359073638916,-0.03005034849047661
140,1785,-19.283367156982422,0.36167898774147034,16.966184616088867,37.63072204589844,11378.943909532263,638.4497680664062,430.9767761230469,67.50362515449524,-0.04474340379238129,-0.03020342066884041
140.1,1785,-19.239818572998047,0.363385409116745,16.97955894470215,37.77649688720703,11376.041352342574,641.4282836914062,432.8996887207031,67.48996376991272,-0.04444405809044838,-0.029995277523994446
140.2,1785,-19.107986450195312,0.36377009749412537,16.97321891784668,37.90528106689453,11378.1267639138,643.3746337890625,433.4374084472656,67.36936569213867,-0.04408476501703262,-0.029699627310037613
140.3,1785,-19.146814346313477,0.364872008562088,16.97281265258789,37.96499252319336,11385.890230132003,644.3726806640625,435.0469665527344,67.5148069858551,-0.044010911136865616,-0.029713882133364677
140.4,1785,-19.34137535095215,0.3644344210624695,16.970386505126953,37.9488410949707,11396.754420095014,644.0065307617188,434.9398498535156,67.53656268119812,-0.04446908086538315,-0.030032888054847717
140.5,1785,-19.38589859008789,0.36229372024536133,16.972139358520508,37.88608169555664,11408.350660626349,643.0078735351562,432.824951171875,67.31254458427429,-0.044789236038923264,-0.03014877438545227
140.6,1785,-19.469579696655273,0.3617973029613495,16.98248863220215,37.84210968017578,11410.981613066962,642.6531982421875,432.3315734863281,67.27291941642761,-0.045033905655145645,-0.03029562346637249
140.7,1785,-19.38303565979004,0.36072489619255066,16.981647491455078,37.863548278808594,11409.81825881985,642.9854125976562,431.0061340332031,67.0320212841034,-0.04497160017490387,-0.030145373195409775
140.8,1785,-19.35776710510254,0.3633975684642792,16.981216430664062,37.89195251464844,11407.069572131784,643.4514770507812,434.0949401855469,67.4635112285614,-0.04459339380264282,-0.030084270983934402
140.9,1785,-19.53230094909668,0.36259859800338745,16.981143951416016,37.930328369140625,11402.898748989332,644.100341796875,432.982177734375,67.22277998924255,-0.045111097395420074,-0.03032493405044079
141,1796,-19.37381362915039,0.36151543259620667,16.98604393005371,37.918426513671875,11408.666561428921,644.0840454101562,431.9071044921875,67.05756783485413,-0.04485643655061722,-0.030079634860157967
141.1,1796,-19.357412338256836,0.3626163899898529,16.96855926513672,38.10569381713867,11429.257232191436,646.5986938476562,434.00433349609375,67.12112426757812,-0.044601887464523315,-0.02993728779256344
141.2,1796,-19.31120491027832,0.3614383935928345,16.967071533203125,38.39475631713867,11475.323962142964,651.4465942382812,434.3380432128906,66.67285561561584,-0.04446123540401459,-0.029643574729561806
141.3,1796,-19.071046829223633,0.36328601837158203,16.9560489654541,38.471229553222656,11521.47578714463,652.320068359375,438.3140563964844,67.19310283660889,-0.04351000487804413,-0.02923572063446045
141.4,1796,-19.176855087280273,0.3617412745952606,16.98023223876953,38.432403564453125,11551.853554358802,652.5911254882812,437.6010437011719,67.0559287071228,-0.04382269084453583,-0.02938571199774742
141.5,1796,-19.278385162353516,0.36034584045410156,16.976123809814453,38.360572814941406,11570.820425054955,651.2138061523438,436.6286926269531,67.04843640327454,-0.04415281116962433,-0.02960377186536789
141.6,1796,-19.108306884765625,0.3596934676170349,16.964046478271484,38.30624771118164,11579.595706389886,649.8289794921875,436.16876220703125,67.1205461025238,-0.0438094325363636,-0.029405131936073303
141.7,1796,-19.062488555908203,0.36089012026786804,16.985010147094727,38.19700622558594,11586.146859565006,648.7765502929688,437.867431640625,67.49125719070435,-0.043534841388463974,-0.029382210224866867
141.8,1796,-19.123092651367188,0.3566854000091553,16.973339080810547,38.06991958618164,11595.85235802338,646.1736450195312,433.12835693359375,67.02971458435059,-0.044151097536087036,-0.029594354331493378
141.9,1796,-18.874988555908203,0.35544732213020325,16.955232620239258,37.93301773071289,11599.25382865772,643.1631469726562,431.7515563964844,67.12940335273743,-0.043717242777347565,-0.029347123578190804
142,1796,-19.017892837524414,0.35714128613471985,16.980520248413086,37.826210021972656,11597.237192537978,642.3087158203125,433.7337341308594,67.52730011940002,-0.04384692758321762,-0.029608648270368576
142.1,1796,-18.99710464477539,0.3554728627204895,16.97437286376953,37.79229736328125,11589.346666587375,641.5005493164062,431.4137878417969,67.25072860717773,-0.04403453320264816,-0.029613543301820755
142.2,1796,-18.920379638671875,0.3554474711418152,16.965463638305664,37.787906646728516,11581.128582978015,641.08935546875,431.07708740234375,67.24134087562561,-0.04389094188809395,-0.029512858018279076
142.3,1796,-18.99040412902832,0.35664495825767517,16.976821899414062,37.8288688659668,11572.107341977613,642.2139892578125,432.19244384765625,67.29726195335388,-0.04393969476222992,-0.029570212587714195
142.4,1796,-18.98908233642578,0.35752198100090027,16.977157592773438,37.870018005371094,11564.115401378214,642.92529296875,432.9560241699219,67.34157800674438,-0.043859146535396576,-0.0295354425907135
142.5,1796,-19.254301071166992,0.35698288679122925,16.968753814697266,37.963035583496094,11556.425373353966,644.1854248046875,432.0157165527344,67.06387400627136,-0.04456852003931999,-0.02988937869668007
142.6,1796,-19.181320190429688,0.3573807179927826,16.95119857788086,38.10480499267578,11548.160662319873,645.922119140625,432.1878356933594,66.9102132320404,-0.04438190534710884,-0.02969602681696415
142.7,1796,-19.20097541809082,0.3604058623313904,16.962461471557617,38.189510345458984,11549.742497703972,647.7880859375,435.9059143066406,67.29143857955933,-0.04404843971133232,-0.02964082732796669
142.8,1796,-19.29789161682129,0.359714537858963,16.974613189697266,38.22649383544922,11556.079164725317,648.8799438476562,435.3084716796875,67.08613634109497,-0.04433153197169304,-0.029740311205387115
142.9,1796,-19.288183212280273,0.3577881157398224,16.960803985595703,38.246788024902344,11559.751074423115,648.6962890625,433.1147766113281,66.76695942878723,-0.04453365132212639,-0.029733765870332718
143,1796,-19.160192489624023,0.36047497391700745,16.962629318237305,38.2484245300293,11566.56800391922,648.7938232421875,436.6246643066406,67.29790568351746,-0.04388252645730972,-0.029532019048929214
143.1,1796,-19.22764015197754,0.35963401198387146,16.981504440307617,38.19644546508789,11570.805271141917,648.6331176757812,435.765625,67.18214154243469,-0.0441238135099411,-0.02964332140982151
143.2,1796,-19.239255905151367,0.35839128494262695,16.97384262084961,38.17486572265625,11573.92464585662,647.9741821289062,434.37689208984375,67.03614592552185,-0.04429161921143532,-0.029691394418478012
143.3,1796,-19.10580825805664,0.35938000679016113,16.954631805419922,38.167930603027344,11576.838859902491,647.1232299804688,435.6849060058594,67.326420545578,-0.04385235160589218,-0.029524220153689384
143.4,1796,-19.225433349609375,0.36212995648384094,16.976533889770508,38.23551559448242,11565.316057565113,649.1065063476562,438.5817565917969,67.56699681282043,-0.043835461139678955,-0.02961830236017704
143.5,1796,-19.589954376220703,0.3606705963611603,16.972692489624023,38.323402404785156,11556.051188270476,650.4512939453125,436.4643859863281,67.10177659988403,-0.044883280992507935,-0.03011748008430004
143.6,1796,-19.411287307739258,0.3605766296386719,16.96894645690918,38.38597869873047,11556.923121113,651.36962890625,436.38360595703125,66.99477434158325,-0.044482164084911346,-0.02980072610080242
143.7,1796,-19.40987777709961,0.3613421618938446,16.951221466064453,38.414222717285156,11556.949931882224,651.16796875,437.31109619140625,67.15795397758484,-0.04438459873199463,-0.029807787388563156
143.8,1796,-19.371912002563477,0.36368119716644287,16.980663299560547,38.46200180053711,11558.479311413497,653.1102905273438,440.20013427734375,67.40058064460754,-0.04400705546140671,-0.029661010950803757
143.9,1796,-19.48271942138672,0.36252060532569885,16.977542877197266,38.49342727661133,11559.163568871467,653.5238037109375,438.8213195800781,67.1469509601593,-0.04439784213900566,-0.02981179766356945
144,1796,-19.25043487548828,0.36439818143844604,16.952157974243164,38.54227828979492,11561.20235301796,653.3748168945312,441.171875,67.5220251083374,-0.043634772300720215,-0.029463082551956177
144.1,1796,-19.293495178222656,0.3649745285511017,16.966278076171875,38.563236236572266,11562.442642515884,654.2745971679688,441.91705322265625,67.54305958747864,-0.04365863278508186,-0.029488375410437584
144.2,1796,-19.553607940673828,0.3651425838470459,16.979536056518555,38.62642288208008,11558.307955627599,655.8587646484375,441.9624328613281,67.38683581352234,-0.04424269124865532,-0.029813749715685844
144.3,1796,-19.450639724731445,0.3640167713165283,16.969017028808594,38.6695442199707,11559.396705995137,656.1841430664062,440.6412658691406,67.15207695960999,-0.04414166510105133,-0.029642043635249138
144.4,1796,-19.415334701538086,0.3639439642429352,16.955738067626953,38.67430114746094,11566.850099838859,655.7513427734375,440.83721923828125,67.22627878189087,-0.044041961431503296,-0.02960777096450329
144.5,1796,-19.513282775878906,0.36326465010643005,16.97605323791504,38.631778717041016,11570.31684886783,655.8151245117188,440.146240234375,67.11437702178955,-0.04433363303542137,-0.029754243791103363
144.6,1796,-19.526262283325195,0.3638033866882324,16.966856002807617,38.6434326171875,11567.931856092688,655.6575317382812,440.7081604003906,67.21620559692383,-0.04430656135082245,-0.029781190678477287
144.7,1796,-19.537689208984375,0.3646736145019531,16.95453643798828,38.711185455322266,11561.666295894063,656.3302001953125,441.5230712890625,67.27148294448853,-0.044250667095184326,-0.02976807951927185
144.8,1796,-19.52206802368164,0.3645012080669403,16.954607009887695,38.775455474853516,11560.17072124572,657.422607421875,441.2572326660156,67.11926460266113,-0.04424192011356354,-0.029694853350520134
144.9,1796,-19.606292724609375,0.36546754837036133,16.98124122619629,38.78792190551758,11564.95819208028,658.6670532226562,442.61029052734375,67.1978771686554,-0.04429696500301361,-0.029766621068120003
145,1798,-19.61461067199707,0.3637615442276001,16.96843910217285,38.799930572509766,11566.735862648262,658.374267578125,440.6119079589844,66.92423224449158,-0.044516753405332565,-0.02979249320924282
145.1,1798,-19.444751739501953,0.36538854241371155,16.944377899169922,38.95151138305664,11563.090763719685,660.0091552734375,442.4431457519531,67.03591346740723,-0.04394858703017235,-0.029461337253451347
145.2,1798,-19.628021240234375,0.3681544065475464,16.97533416748047,39.125091552734375,11572.357964385557,664.1614990234375,446.1495666503906,67.17486381530762,-0.04399426281452179,-0.029553085565567017
145.3,1798,-19.671939849853516,0.36749976873397827,16.96913719177246,39.18604278564453,11584.369188997025,664.9533081054688,445.8184814453125,67.04508066177368,-0.04412544518709183,-0.029583940282464027
145.4,1798,-19.48455810546875,0.36580678820610046,16.955665588378906,39.175201416015625,11602.383694542988,664.2416381835938,444.4548034667969,66.91161394119263,-0.0438392348587513,-0.029333539307117462
145.5,1798,-19.526988983154297,0.36542579531669617,16.98311424255371,39.024532318115234,11621.897271794147,662.7581176757812,444.7386169433594,67.10421442985535,-0.04390666261315346,-0.02946322225034237
145.6,1798,-19.522085189819336,0.3630576431751251,16.950237274169922,38.96281433105469,11625.895573465084,660.428955078125,442.00848388671875,66.92748665809631,-0.04416676610708237,-0.029559705406427383
145.7,1798,-19.494304656982422,0.36293816566467285,16.969690322875977,38.9240837097168,11624.142382295087,660.5296630859375,441.7964172363281,66.88517332077026,-0.044125087559223175,-0.02951314114034176
145.8,1798,-19.56340789794922,0.3629782795906067,16.971393585205078,38.88978576660156,11624.954865171076,660.0138549804688,441.8761291503906,66.94952249526978,-0.04427351430058479,-0.029640905559062958
145.9,1798,-19.44117546081543,0.363697350025177,16.95232582092285,38.91570281982422,11616.855681494788,659.711669921875,442.4430236816406,67.0661211013794,-0.04394051805138588,-0.02946919947862625
146,1798,-19.50011444091797,0.36489754915237427,16.9706974029541,38.95737838745117,11611.041241630464,661.1338500976562,443.680908203125,67.1090841293335,-0.04395076259970665,-0.029494956135749817
146.1,1798,-19.492408752441406,0.3631961941719055,16.978431701660156,38.92106628417969,11613.640720559382,660.8186645507812,441.7110900878906,66.84300899505615,-0.04412931948900223,-0.029497364535927773
146.2,1798,-19.4089298248291,0.3647908866405487,16.951414108276367,38.873268127441406,11618.74758925337,658.9568481445312,443.8455810546875,67.35578775405884,-0.043729014694690704,-0.029454020783305168
146.3,1798,-19.72368621826172,0.3648854196071625,16.973722457885742,38.89473342895508,11613.071865977628,660.1884155273438,443.7437438964844,67.21471548080444,-0.044448371976614,-0.029875844717025757
146.4,1798,-19.57065200805664,0.36369258165359497,16.965007781982422,38.91643524169922,11612.122997884293,660.2176513671875,442.2569580078125,66.98654294013977,-0.04425176605582237,-0.029642729088664055
146.5,1798,-19.45421600341797,0.3640521764755249,16.94925308227539,38.900264739990234,11614.09417226492,659.3304443359375,442.7693786621094,67.15440154075623,-0.04393758252263069,-0.0295060183852911
146.6,1798,-19.471237182617188,0.36340150237083435,16.980207443237305,38.854339599609375,11619.712776945362,659.7547607421875,442.19183349609375,67.02367067337036,-0.044033460319042206,-0.029512841254472733
146.7,1798,-19.351322174072266,0.3622550368309021,16.942913055419922,38.802215576171875,11624.961859284786,657.4225463867188,440.9959411621094,67.07952618598938,-0.04388095438480377,-0.029435135424137115
146.8,1798,-19.350555419921875,0.3626788854598999,16.973722457885742,38.7881965637207,11621.382038750837,658.3800659179688,441.3759460449219,67.03968644142151,-0.04384143650531769,-0.02939116209745407
146.9,1798,-19.486915588378906,0.3626416325569153,16.964262008666992,38.824562072753906,11614.016071328491,658.6300659179688,441.0509033203125,66.96488857269287,-0.0441829189658165,-0.029587043449282646
147,1798,-19.401330947875977,0.36446309089660645,16.945531845092773,38.874046325683594,11606.931034140167,658.7413940429688,442.9957580566406,67.24881529808044,-0.04379574954509735,-0.029452120885252953
147.1,1798,-19.517292022705078,0.365384042263031,16.96971321105957,38.981910705566406,11599.517273607467,661.5118408203125,443.83148193359375,67.09350347518921,-0.043974556028842926,-0.029504070058465004
147.2,1798,-19.614322662353516,0.3651295602321625,16.970170974731445,39.056365966796875,11596.378082237254,662.793212890625,443.40234375,66.89904928207397,-0.0442359484732151,-0.02959342673420906
147.3,1798,-19.678430557250977,0.3672192096710205,16.938037872314453,39.17021560668945,11591.971790599895,663.4666137695312,445.7705078125,67.1880841255188,-0.044144757091999054,-0.029660016298294067
147.4,1798,-19.90142822265625,0.3690926432609558,16.969785690307617,39.335636138916016,11581.893272743651,667.517333984375,447.6551208496094,67.06269979476929,-0.04445705562829971,-0.0298140998929739
147.5,1798,-19.870407104492188,0.3700996935367584,16.967649459838867,39.48139572143555,11580.567888195588,669.906494140625,448.8251647949219,66.9981837272644,-0.0442720428109169,-0.02966146357357502
147.6,1798,-19.7750186920166,0.3687724769115448,16.95124626159668,39.55632400512695,11590.465724780988,670.5289916992188,447.5978698730469,66.75294637680054,-0.04418032243847847,-0.029491668567061424
147.7,1798,-19.80662727355957,0.3704235851764679,16.96603775024414,39.56726837158203,11602.39651708479,671.2997436523438,450.064697265625,67.0437753200531,-0.04400840029120445,-0.029504891484975815
147.8,1798,-19.795005798339844,0.36849236488342285,16.95888328552246,39.537635803222656,11611.005105376296,670.51416015625,448.0504455566406,66.8219268321991,-0.04418030381202698,-0.029522130265831947
147.9,1798,-19.568387985229492,0.36803150177001953,16.94449806213379,39.4213981628418,11627.796806708611,667.975830078125,448.1372375488281,67.08884239196777,-0.043666061013936996,-0.0292950551956892
148,1798,-19.72443389892578,0.36539798974990845,16.970674514770508,39.22923278808594,11639.921102825057,665.7465209960938,445.39447021484375,66.90150499343872,-0.04428531602025032,-0.029627542942762375
148.1,1798,-19.516584396362305,0.36491629481315613,16.949108123779297,39.08919143676758,11644.23996804104,662.5269165039062,444.97235107421875,67.16290712356567,-0.04386021941900253,-0.02945779822766781
148.2,1798,-19.505815505981445,0.36458462476730347,16.972475051879883,38.95280838012695,11644.534886502483,661.1255493164062,444.57916259765625,67.24579930305481,-0.04387478530406952,-0.029503948986530304
148.3,1798,-19.5051212310791,0.36245498061180115,16.96491050720215,38.87961959838867,11639.48047366132,659.5892944335938,441.7904052734375,66.97962284088135,-0.04415016993880272,-0.029571617022156715
148.4,1798,-19.37795066833496,0.36245203018188477,16.950788497924805,38.82065200805664,11632.622745168575,658.0406494140625,441.5265197753906,67.09715127944946,-0.043888531625270844,-0.029447954148054123
148.5,1798,-19.473350524902344,0.3630399703979492,16.965030670166016,38.745338439941406,11630.864891256106,657.3158569335938,442.1759033203125,67.26992726325989,-0.04403982684016228,-0.029625561088323593
148.6,1798,-19.236433029174805,0.3612566590309143,16.936981201171875,38.656341552734375,11634.771103763193,654.7217407226562,440.1516418457031,67.22728610038757,-0.04370410367846489,-0.029381081461906433
148.7,1798,-19.26193618774414,0.3607698678970337,16.967479705810547,38.54063415527344,11636.642029180643,653.9374389648438,439.62921142578125,67.22802519798279,-0.043814048171043396,-0.02945532090961933
148.8,1798,-19.337879180908203,0.3592411279678345,16.963613510131836,38.46590042114258,11634.544960753232,652.5206909179688,437.68743896484375,67.07640886306763,-0.044181939214468,-0.029635658487677574
148.9,1798,-19.229028701782227,0.35991454124450684,16.942312240600586,38.449459075927734,11627.032116942974,651.4227294921875,438.2247314453125,67.2719419002533,-0.04387937858700752,-0.029518509283661842
149,1807,-19.369630813598633,0.35926398634910583,16.956912994384766,38.43471145629883,11623.860286375446,651.7340698242188,437.31329345703125,67.09995865821838,-0.04429234191775322,-0.029720144346356392
149.1,1807,-19.216890335083008,0.35812145471572876,16.921899795532227,38.64075469970703,11630.011609383473,653.875,436.1532287597656,66.70284867286682,-0.04405995085835457,-0.029389241710305214
149.2,1807,-19.411041259765625,0.36331504583358765,16.9527587890625,38.97290802001953,11647.484071116904,660.6983032226562,443.14324951171875,67.07195043563843,-0.04380308464169502,-0.02937958389520645
149.3,1807,-19.496912002563477,0.36437368392944336,16.950815200805664,39.20246124267578,11664.274606763602,664.513671875,445.0751647949219,66.97757840156555,-0.043805886059999466,-0.029340121895074844
149.4,1807,-19.535966873168945,0.367281049489975,16.955232620239258,39.387699127197266,11675.89532669292,667.8275756835938,449.0733947753906,67.24390983581543,-0.04350283741950989,-0.02925300970673561
149.5,1807,-19.60113525390625,0.3664141595363617,16.924829483032227,39.5498046875,11685.110071505967,669.3737182617188,448.3670349121094,66.98306798934937,-0.04371671751141548,-0.02928279899060726
149.6,1807,-19.593000411987305,0.36976462602615356,16.943130493164062,39.69654083251953,11690.497870433977,672.5836791992188,452.6755065917969,67.30396747589111,-0.04328266158699989,-0.029130948707461357
149.7,1807,-19.708633422851562,0.36852478981018066,16.932273864746094,39.8360481262207,11693.712831369383,674.514892578125,451.28173828125,66.90463423728943,-0.04367257282137871,-0.029218975454568863
149.8,1807,-19.872655868530273,0.37116146087646484,16.948604583740234,39.97099685668945,11696.95576875963,677.45263671875,454.63653564453125,67.10971593856812,-0.04371108487248421,-0.029334384948015213
149.9,1807,-19.861339569091797,0.37025681138038635,16.950021743774414,40.07217788696289,11701.223343808404,679.2243041992188,453.69390869140625,66.7958915233612,-0.04377695918083191,-0.029241209849715233
150,1807,-19.869260787963867,0.37184566259384155,16.963903427124023,40.128299713134766,11711.70985163107,680.7326049804688,456.04913330078125,66.99387431144714,-0.04356824606657028,-0.02918805554509163
150.1,1807,-19.778064727783203,0.37160608172416687,16.90931510925293,40.13762283325195,11722.635822931854,678.69970703125,456.18048095703125,67.21389293670654,-0.0433557890355587,-0.02914111316204071
150.2,1807,-19.890583038330078,0.3711088001728058,16.94161605834961,40.110870361328125,11727.32537617447,679.54296875,455.7522888183594,67.06746816635132,-0.04364340752363205,-0.029270529747009277
150.3,1807,-19.768985748291016,0.37163394689559937,16.914382934570312,40.167659759521484,11727.797478849903,679.4111938476562,456.4155578613281,67.1781063079834,-0.04331356659531593,-0.029097232967615128
150.4,1807,-19.955177307128906,0.3716646432876587,16.944257736206055,40.250038146972656,11720.003704805622,682.0070190429688,456.1499328613281,66.88346862792969,-0.04374697059392929,-0.029259489849209785
150.5,1807,-19.95655632019043,0.37379634380340576,16.915151596069336,40.40736770629883,11707.532034374908,683.4967651367188,458.27801513671875,67.04903841018677,-0.04354683309793472,-0.029197733849287033
150.6,1807,-20.1518611907959,0.3742261528968811,16.92670249938965,40.557708740234375,11701.549735781542,686.5082397460938,458.5705261230469,66.79752469062805,-0.04394495487213135,-0.029354142025113106
150.7,1807,-19.981840133666992,0.377417653799057,16.916473388671875,40.70459747314453,11700.957567487421,688.5782470703125,462.45794677734375,67.16127395629883,-0.043207909911870956,-0.029018983244895935
150.8,1807,-20.121919631958008,0.3752698600292206,16.929080963134766,40.79580307006836,11707.429454040494,690.6354370117188,460.0805358886719,66.61698818206787,-0.04373564571142197,-0.02913537062704563
150.9,1807,-19.9947452545166,0.3762696087360382,16.929824829101562,40.814571380615234,11720.003704805622,690.9835205078125,461.8016662597656,66.8325126171112,-0.04329725354909897,-0.02893664501607418
151,1807,-20.055936813354492,0.37367045879364014,16.932106018066406,40.78242874145508,11730.911025136513,690.5324096679688,459.03851318359375,66.47602915763855,-0.043691184371709824,-0.02904416434466839
151.1,1807,-20.058679580688477,0.3751954436302185,16.937246322631836,40.75271224975586,11733.301846339746,690.2387084960938,461.0058288574219,66.78932905197144,-0.04351068660616875,-0.029060496017336845
151.2,1807,-19.957569122314453,0.3729029893875122,16.9146728515625,40.728477478027344,11737.506474365131,688.9088745117188,458.353271484375,66.53321981430054,-0.04354189336299896,-0.02896982431411743
151.3,1807,-19.99925422668457,0.3741687536239624,16.93820571899414,40.638816833496094,11744.732559513275,688.3486328125,460.19219970703125,66.85452461242676,-0.0434584803879261,-0.029053959995508194
151.4,1807,-19.780635833740234,0.3737361431121826,16.9130859375,40.54901123046875,11750.740503190245,685.8088989257812,459.8952941894531,67.05880761146545,-0.043011173605918884,-0.028842780739068985
151.5,1807,-19.967565536499023,0.3720337748527527,16.933738708496094,40.48936462402344,11746.485750683272,685.6362915039062,457.63470458984375,66.74598455429077,-0.043632104992866516,-0.029122676700353622
151.6,1807,-19.99100112915039,0.3745121359825134,16.92089080810547,40.56785202026367,11731.225760253466,686.4442138671875,460.0848083496094,67.02435612678528,-0.04345068708062172,-0.029122544452548027
151.7,1807,-20.07164192199707,0.3733326196670532,16.919618606567383,40.637916564941406,11725.231804803918,687.5780639648438,458.4014587402344,66.66900515556335,-0.04378616437315941,-0.029191801324486732
151.8,1807,-20.0230712890625,0.37567704916000366,16.95266342163086,40.70226287841797,11722.352561326596,690.0117797851562,461.1668395996094,66.83463454246521,-0.0434182807803154,-0.029018448665738106
151.9,1807,-20.13079261779785,0.3742310404777527,16.918729782104492,40.75962829589844,11720.398872230242,689.6011352539062,459.315185546875,66.60591959953308,-0.0438278391957283,-0.029191937297582626
152,1807,-20.273433685302734,0.3773297965526581,16.927640914916992,40.87181091308594,11715.283843736928,691.8633422851562,462.9163513183594,66.90863966941833,-0.04379502311348915,-0.029302656650543213
152.1,1807,-20.2045841217041,0.37617748975753784,16.916927337646484,40.93550491333008,11715.323477047952,692.5029907226562,461.5042419433594,66.64292812347412,-0.04377984255552292,-0.029176170006394386
152.2,1807,-20.22664451599121,0.3773341774940491,16.944400787353516,40.99030685424805,11718.77040942141,694.5562133789062,463.05950927734375,66.66983962059021,-0.04368044435977936,-0.029121682047843933
152.3,1807,-20.01582908630371,0.37508517503738403,16.917314529418945,40.957950592041016,11730.656905671713,692.8985595703125,460.7664489746094,66.49840474128723,-0.04344029352068901,-0.028887100517749786
152.4,1807,-20.135480880737305,0.37512800097465515,16.942577362060547,40.90261459350586,11740.757571554705,692.9957275390625,461.2158508300781,66.55392646789551,-0.043657392263412476,-0.029055707156658173
152.5,1807,-20.175870895385742,0.3760441839694977,16.92728042602539,40.87359619140625,11740.038343528184,691.8788452148438,462.31396484375,66.82007908821106,-0.04364106059074402,-0.029160989448428154
152.6,1807,-20.275075912475586,0.37570762634277344,16.921371459960938,40.916927337646484,11731.692034500806,692.3705444335938,461.5718078613281,66.66543483734131,-0.04392615705728531,-0.029283562675118446
152.7,1807,-20.2613468170166,0.37746697664260864,16.932924270629883,40.96181106567383,11726.205152295239,693.603271484375,463.516357421875,66.82730317115784,-0.04371225833892822,-0.029211724177002907
152.8,1807,-20.218992233276367,0.375682532787323,16.92506980895996,40.982826232910156,11727.726372027184,693.63720703125,461.3849792480469,66.51675701141357,-0.04382238909602165,-0.029149232432246208
152.9,1807,-20.230628967285156,0.37710040807724,16.94000816345215,40.962493896484375,11730.394626407584,693.9049682617188,463.2316589355469,66.75722002983093,-0.04367281123995781,-0.02915475331246853
153,1815,-20.15296173095703,0.3762650191783905,16.918441772460938,41.006717681884766,11728.51320981957,693.769775390625,462.13134765625,66.61162972450256,-0.043608732521533966,-0.029048485681414604
153.1,1815,-20.459861755371094,0.37776345014572144,16.93674087524414,41.29558563232422,11730.236093163488,699.4126586914062,464.0398864746094,66.34708046913147,-0.044090740382671356,-0.029252920299768448
153.2,1815,-20.37885856628418,0.3821975290775299,16.91925811767578,41.71522521972656,11753.049726400193,705.7906494140625,470.39971923828125,66.64862036705017,-0.043322429060935974,-0.028873799368739128
153.3,1815,-20.409957885742188,0.3811696767807007,16.927303314208984,41.89716720581055,11782.677957761767,709.2060546875,470.31732177734375,66.31603240966797,-0.04339614510536194,-0.028778601437807083
153.4,1815,-20.378860473632812,0.3812715411186218,16.948484420776367,41.92900848388672,11813.221252333742,710.6331176757812,471.6625061035156,66.372150182724,-0.04320644587278366,-0.028677048161625862
153.5,1815,-20.27243995666504,0.3810791075229645,16.963542938232422,41.871849060058594,11839.132112258401,710.294921875,472.4584655761719,66.51581525802612,-0.042908407747745514,-0.028540877625346184
153.6,1815,-20.178573608398438,0.38079187273979187,16.926414489746094,41.79197311401367,11854.836228908796,707.3882446289062,472.72857666015625,66.82731509208679,-0.04268532618880272,-0.0285254567861557
153.7,1815,-20.164278030395508,0.37934544682502747,16.911283493041992,41.733760833740234,11857.519637202235,705.771484375,471.0395202636719,66.74108505249023,-0.042808037251234055,-0.028570549562573433
153.8,1815,-20.233776092529297,0.3780193626880646,16.940031051635742,41.68006134033203,11858.343776934407,706.0615234375,469.425537109375,66.48507118225098,-0.04310327023267746,-0.02865724265575409
153.9,1815,-20.22629737854004,0.37786728143692017,16.955928802490234,41.601905822753906,11860.943255863325,705.39892578125,469.33953857421875,66.53532981872559,-0.04309523478150368,-0.028673557564616203
154,1815,-20.30717658996582,0.3791825771331787,16.942359924316406,41.60712432861328,11854.167125363865,704.9228515625,470.70416259765625,66.77384972572327,-0.04314212128520012,-0.028807656839489937
154.1,1815,-20.31271743774414,0.38027501106262207,16.913158416748047,41.71784591674805,11840.25466750887,705.58056640625,471.5062561035156,66.82528853416443,-0.04308048263192177,-0.02878865972161293
154.2,1815,-20.433300018310547,0.3807283043861389,16.925838470458984,41.83962631225586,11831.930506508243,708.1707763671875,471.7364196777344,66.61337018013,-0.04331507906317711,-0.028853634372353554
154.3,1815,-20.482765197753906,0.38212311267852783,16.950815200805664,41.96641159057617,11826.726885907932,711.3648681640625,473.25640869140625,66.52793884277344,-0.04328048229217529,-0.028793612495064735
154.4,1815,-20.38039207458496,0.3827999532222748,16.916473388671875,42.03855895996094,11829.720366575852,711.1441650390625,474.21466064453125,66.68333411216736,-0.04297714680433273,-0.02865859493613243
154.5,1815,-20.452232360839844,0.38096895813941956,16.91716766357422,42.09492874145508,11832.55997674215,712.126953125,472.0596923828125,66.28869771957397,-0.0433255210518837,-0.02871992439031601
154.6,1815,-20.581157684326172,0.3805893063545227,16.94387435913086,42.11924743652344,11836.750616540114,713.6632080078125,471.75628662109375,66.1034882068634,-0.04362667351961136,-0.028838753700256348
154.7,1815,-20.539886474609375,0.3824676275253296,16.9454345703125,42.15390396118164,11839.001555469145,714.3162231445312,474.1747131347656,66.38162136077881,-0.04331712797284126,-0.028754612430930138
154.8,1815,-20.388626098632812,0.3824619948863983,16.922571182250977,42.12143325805664,11847.161354797589,712.802978515625,474.4945373535156,66.56742095947266,-0.042969148606061935,-0.028603453189134598
154.9,1815,-20.4021053314209,0.38123369216918945,16.917097091674805,42.087158203125,11851.503533725938,711.9925537109375,473.1440124511719,66.45350456237793,-0.043120287358760834,-0.02865494228899479
155,1815,-20.513675689697266,0.38076165318489075,16.94591522216797,42.07913589477539,11850.131521753141,713.0694580078125,472.5034484863281,66.26331210136414,-0.04341486841440201,-0.028768131509423256
155.1,1815,-20.53731918334961,0.3828987181186676,16.953310012817383,42.08663558959961,11850.544174462037,713.5077514648438,475.1719665527344,66.59660935401917,-0.04322081431746483,-0.02878359518945217
155.2,1815,-20.4335994720459,0.38424593210220337,16.934459686279297,42.1148796081543,11846.030639747789,713.1927490234375,476.6622314453125,66.83498024940491,-0.04286808893084526,-0.028650879859924316
155.3,1815,-20.44671058654785,0.3826580047607422,16.920482635498047,42.19399642944336,11840.326940017208,713.9428100585938,474.4638366699219,66.45684242248535,-0.04309434816241264,-0.02863914519548416
155.4,1815,-20.46766471862793,0.38261955976486206,16.94490623474121,42.206546783447266,11842.293451655363,715.1859741210938,474.4949645996094,66.34567379951477,-0.04313568398356438,-0.02861865982413292
155.5,1815,-20.5236873626709,0.38399356603622437,16.94565200805664,42.24129867553711,11844.706420885344,715.8063354492188,476.2959289550781,66.53977632522583,-0.043090201914310455,-0.028672123327851295
155.6,1815,-20.48434829711914,0.38466936349868774,16.94738006591797,42.26220703125,11846.167024965136,716.2337036132812,477.1929931640625,66.62532091140747,-0.04292675852775574,-0.028600091114640236
155.7,1815,-20.50394630432129,0.38298243284225464,16.923988342285156,42.27836227416992,11850.01262182007,715.5184936523438,475.2545471191406,66.42100214958191,-0.04314308241009712,-0.028656067326664925
155.8,1815,-20.547931671142578,0.3809702396392822,16.940895080566406,42.24312973022461,11853.839567705108,715.6364135742188,472.9102478027344,66.0824716091156,-0.04344996064901352,-0.028712809085845947
155.9,1815,-20.570863723754883,0.38232311606407166,16.948076248168945,42.220481872558594,11853.706679544617,715.5559692382812,474.58428955078125,66.3238525390625,-0.04334501549601555,-0.028748085722327232
156,1815,-20.48270606994629,0.3829646706581116,16.9346981048584,42.22862243652344,11850.702707706132,715.1289672851562,475.26019287109375,66.4579689502716,-0.043097879737615585,-0.028641974553465843
156.1,1815,-20.423948287963867,0.38220009207725525,16.913999557495117,42.21305465698242,11851.669061083743,713.9915771484375,474.3500061035156,66.43636226654053,-0.043056704103946686,-0.028605306521058083
156.2,1815,-20.43681526184082,0.38192063570022583,16.9324893951416,42.21662902832031,11849.900716000708,714.8326416015625,473.9324645996094,66.29977822303772,-0.043121788650751114,-0.028589650988578796
156.3,1815,-20.391868591308594,0.38184839487075806,16.960275650024414,42.15596389770508,11856.341129042085,714.9767456054688,474.100341796875,66.3098931312561,-0.04301171377301216,-0.028521021828055382
156.4,1815,-20.36484146118164,0.3815532326698303,16.955425262451172,42.04317855834961,11864.039316865661,712.8599853515625,474.0414733886719,66.49854183197021,-0.042960043996572495,-0.028567800298333168
156.5,1815,-20.20639419555664,0.3811997175216675,16.92725372314453,41.92518997192383,11869.415458937485,709.6783447265625,473.8168640136719,66.76501631736755,-0.04264599829912186,-0.02847260981798172
156.6,1815,-20.149978637695312,0.37870293855667114,16.930593490600586,41.79056167602539,11874.765955925706,707.5390014648438,470.9256591796875,66.55825972557068,-0.04278802499175072,-0.028478965163230896
156.7,1815,-20.135089874267578,0.3765706717967987,16.946155548095703,41.625003814697266,11879.045187830665,705.3837890625,468.44287109375,66.4096474647522,-0.04298302158713341,-0.028544871136546135
156.8,1815,-20.084125518798828,0.3747296631336212,16.95374298095703,41.46614456176758,11884.141565354086,703.00634765625,466.35272216796875,66.33691191673279,-0.04306638613343239,-0.02856891043484211
156.9,1815,-20.023439407348633,0.3751427233219147,16.96651840209961,41.34626007080078,11881.669146157568,701.5020751953125,466.7696533203125,66.53859615325928,-0.04289790615439415,-0.028543664142489433
157,1837,-19.91147804260254,0.3754795491695404,16.94646644592285,41.26390838623047,11873.997769103215,699.2774658203125,466.8870849609375,66.7670726776123,-0.042647309601306915,-0.028474360704421997
157.1,1837,-19.91022491455078,0.37854477763175964,16.882802963256836,41.75932312011719,11876.682343082271,705.014404296875,470.8049621582031,66.77947640419006,-0.04228975251317024,-0.028240876272320747
157.2,1837,-20.158504486083984,0.38547199964523315,16.91157341003418,42.8731575012207,11930.90304393415,725.0525512695312,481.60919189453125,66.42404198646545,-0.0418565608561039,-0.02780281938612461
157.3,1837,-20.434011459350586,0.38844984769821167,16.942840576171875,43.56517028808594,11989.697895152429,738.1177368164062,487.7214050292969,66.0763680934906,-0.041896894574165344,-0.02768394537270069
157.4,1837,-20.803844451904297,0.39193588495254517,16.946561813354492,44.10800552368164,12024.830494003845,747.4790649414062,493.540283203125,66.02730751037598,-0.042152270674705505,-0.02783201076090336
157.5,1837,-21.111225128173828,0.39702901244163513,16.963470458984375,44.66448974609375,12042.20736951657,757.6647338867188,500.67620849609375,66.08150005340576,-0.042165424674749374,-0.02786354348063469
157.6,1837,-21.25773811340332,0.40008747577667236,16.956937789916992,45.15145492553711,12055.462380682817,765.6304321289062,505.0884704589844,65.9702718257904,-0.04208716005086899,-0.02776501327753067
157.7,1837,-21.42046356201172,0.4021493196487427,16.949853897094727,45.53532791137695,12073.980462415906,771.817138671875,508.4712829589844,65.8797562122345,-0.04212718456983566,-0.02775328792631626
157.8,1837,-21.434438705444336,0.40252968668937683,16.94956398010254,45.77870559692383,12096.403590970463,775.9290771484375,509.89739990234375,65.714430809021,-0.042036768049001694,-0.0276242233812809
157.9,1837,-21.43379783630371,0.40415287017822266,16.94565200805664,45.90137481689453,12121.663998320084,777.8287353515625,513.0226440429688,65.95573425292969,-0.04177943989634514,-0.027555935084819794
158,1837,-21.554338455200195,0.4048531651496887,16.980497360229492,45.99628448486328,12137.386765940373,781.039794921875,514.5781860351562,65.88373184204102,-0.041887395083904266,-0.027596978470683098
158.1,1837,-21.546987533569336,0.4032985270023346,16.96123504638672,46.05757141113281,12146.43831476685,781.1932983398438,512.9844360351562,65.66677689552307,-0.04200319945812225,-0.02758214622735977
158.2,1837,-21.51451301574707,0.40292873978614807,16.936716079711914,46.11793518066406,12154.465225934802,781.0863647460938,512.852783203125,65.65890908241272,-0.041950661689043045,-0.02754434570670128
158.3,1837,-21.40317153930664,0.4044131636619568,16.938613891601562,46.11171340942383,12166.21300559652,781.0684814453125,515.2396850585938,65.96600413322449,-0.04154022037982941,-0.027402425184845924
158.4,1837,-21.410390853881836,0.4033077359199524,16.964262008666992,46.01842498779297,12180.933283585031,780.6686401367188,514.4530639648438,65.89902639389038,-0.04161777347326279,-0.02742571011185646
158.5,1837,-21.38665199279785,0.4011326730251312,16.93621253967285,45.97214889526367,12185.9247494028,778.5940551757812,511.88824462890625,65.74519872665405,-0.04177992418408394,-0.027468295767903328
158.6,1837,-21.42892074584961,0.4029456377029419,16.942960739135742,45.95236587524414,12180.546275959738,778.5691528320312,513.9747924804688,66.01530909538269,-0.04169255122542381,-0.0275234654545784
158.7,1837,-21.554443359375,0.40409237146377563,16.981767654418945,45.99855041503906,12170.80930398967,781.13671875,515.0255126953125,65.9328281879425,-0.041851215064525604,-0.027593689039349556
158.8,1837,-21.593421936035156,0.4036655128002167,16.958545684814453,46.10218811035156,12164.25115670084,781.8260498046875,514.2042236328125,65.76964259147644,-0.04199386388063431,-0.027619214728474617
158.9,1837,-21.631807327270508,0.4048234224319458,16.936309814453125,46.21487808227539,12154.643575834409,782.70947265625,515.2719116210938,65.83182215690613,-0.04198134317994118,-0.02763708308339119
159,1837,-21.704830169677734,0.4076489210128784,16.973459243774414,46.39484786987305,12146.550220586212,787.4810791015625,518.5228271484375,65.84575176239014,-0.041858967393636703,-0.027562351897358894
159.1,1837,-21.738014221191406,0.40800559520721436,16.971200942993164,46.50289535522461,12148.024812893424,789.2099609375,519.0394897460938,65.7669723033905,-0.04188123345375061,-0.027544017881155014
159.2,1837,-21.807147979736328,0.4071309268474579,16.955087661743164,46.60274124145508,12153.294877573979,790.153564453125,518.1514892578125,65.57604670524597,-0.04208643361926079,-0.02759861946105957
159.3,1837,-21.783998489379883,0.4086427688598633,16.927831649780273,46.7158203125,12152.307541855238,790.7975463867188,520.0333251953125,65.76061844825745,-0.04188961908221245,-0.027546871453523636
159.4,1837,-21.82946014404297,0.4102565050125122,16.955760955810547,46.83639144897461,12149.193995568628,794.1466674804688,521.9531860351562,65.72504043579102,-0.0418226383626461,-0.027487944811582565
159.5,1837,-21.89545440673828,0.40976786613464355,16.969377517700195,46.91693115234375,12151.590645199953,796.151123046875,521.4343872070312,65.49439430236816,-0.041990816593170166,-0.027501631528139114
159.6,1837,-21.871665954589844,0.40970802307128906,16.94774055480957,46.96422576904297,12159.336626133882,795.9375,521.6905517578125,65.54415822029114,-0.04192459583282471,-0.027479125186800957
159.7,1837,-21.777620315551758,0.4104783833026886,16.95417594909668,46.9383430480957,12167.56286954257,795.8009033203125,523.0250854492188,65.72310328483582,-0.041637811809778214,-0.027365664020180702
159.8,1837,-21.839929580688477,0.41053056716918945,16.976991653442383,46.88172149658203,12179.291998234396,795.9105834960938,523.5958251953125,65.78575372695923,-0.04171143099665642,-0.027440179139375687
159.9,1837,-21.78023910522461,0.4090864956378937,16.96159553527832,46.85367202758789,12182.28897595917,794.7130126953125,521.8823852539062,65.66929221153259,-0.0417339988052845,-0.027406420558691025
160,1837,-21.623409271240234,0.4095340669155121,16.9289608001709,46.80100631713867,12184.39886692838,792.2924194335938,522.5438842773438,65.95340967178345,-0.04138104245066643,-0.02729220874607563
160.1,1837,-21.683269500732422,0.40745478868484497,16.97831153869629,46.69985580444336,12190.368342979946,792.8847045898438,520.1455078125,65.60165882110596,-0.041686929762363434,-0.027347316965460777
160.2,1837,-21.687902450561523,0.40635478496551514,16.95218276977539,46.62874984741211,12190.088578431541,790.4591064453125,518.7293701171875,65.62381386756897,-0.04180966690182686,-0.02743709646165371
160.3,1837,-21.626441955566406,0.4068443775177002,16.9362850189209,46.617008209228516,12186.912085121541,789.5189208984375,519.2190551757812,65.7639741897583,-0.04165186733007431,-0.02739192359149456
160.4,1837,-21.63276481628418,0.4069071412086487,16.97516441345215,46.586463928222656,12184.497950205941,790.8128662109375,519.1962890625,65.65349102020264,-0.04166587069630623,-0.027355099096894264
160.5,1837,-21.542936325073242,0.40481746196746826,16.971467971801758,46.482032775878906,12191.71354418352,788.8683471679688,516.8358154296875,65.51610827445984,-0.04168235883116722,-0.027308659628033638
160.6,1837,-21.388912200927734,0.4047883152961731,16.931602478027344,46.34170150756836,12200.866507658795,784.6392822265625,517.1865844726562,65.9139335155487,-0.04135627672076225,-0.027259549126029015
160.7,1837,-21.388463973999023,0.4037410616874695,16.981433868408203,46.14921188354492,12206.123749797549,783.6798095703125,516.07080078125,65.85225462913513,-0.041444823145866394,-0.027292350307106972
160.8,1837,-21.332096099853516,0.4006047546863556,16.953046798706055,45.98979949951172,12208.971519763176,779.667236328125,512.181396484375,65.69230556488037,-0.04164949432015419,-0.02736051380634308
160.9,1837,-21.154653549194336,0.4009394645690918,16.95616912841797,45.78507614135742,12216.212758824358,776.3394775390625,512.913330078125,66.06817841529846,-0.041244108229875565,-0.027249230071902275
161,1837,-21.131895065307617,0.398052841424942,16.979846954345703,45.56605529785156,12218.7248113319,773.7046508789062,509.3252868652344,65.82942008972168,-0.04148997738957405,-0.027312612161040306
161.1,1837,-20.918363571166992,0.3960673213005066,16.947355270385742,45.33900833129883,12222.54476310323,768.3762817382812,506.9431457519531,65.9758985042572,-0.041263725608587265,-0.027224114164710045
161.2,1837,-20.89349937438965,0.39562058448791504,16.982873916625977,45.120269775390625,12222.383898487897,766.2718505859375,506.36468505859375,66.08160138130188,-0.041261762380599976,-0.027266431599855423
161.3,1837,-20.907682418823242,0.3927319347858429,16.961740493774414,44.98426055908203,12212.739015681678,763.0113525390625,502.2707824707031,65.82742929458618,-0.04162631556391716,-0.027401534840464592
161.4,1837,-20.92007064819336,0.39441314339637756,16.931842803955078,45.0517578125,12188.813318365068,762.8092651367188,503.4327087402344,65.99718928337097,-0.04155484959483147,-0.02742503397166729
161.5,1837,-21.148639678955078,0.3977522552013397,16.953189849853516,45.21470260620117,12162.532936099395,766.533447265625,506.6001281738281,66.08976125717163,-0.041746217757463455,-0.02758997678756714
161.6,1837,-21.36812973022461,0.4001791179180145,16.96536636352539,45.515228271484375,12135.940150088001,772.1824951171875,508.57672119140625,65.86223840713501,-0.042015548795461655,-0.027672382071614265
161.7,1837,-21.55400848388672,0.4022681415081024,16.96721649169922,45.86745834350586,12116.439395378644,778.2431030273438,510.4101257324219,65.58492183685303,-0.04222880303859711,-0.027695726603269577
161.8,1837,-21.584136962890625,0.4037590026855469,16.957441329956055,46.206451416015625,12111.921197921924,783.543212890625,512.1107177734375,65.3583288192749,-0.042147401720285416,-0.02754683792591095
161.9,1837,-21.584863662719727,0.405864417552948,16.938661575317383,46.39598846435547,12120.241861865698,785.8859252929688,515.134765625,65.54828882217407,-0.04190139099955559,-0.027465643361210823
162,1837,-21.61318588256836,0.4077881872653961,16.96709632873535,46.481754302978516,12136.641892830248,788.660400390625,518.27685546875,65.7160997390747,-0.04170200973749161,-0.02740493416786194
162.1,1837,-21.685771942138672,0.4054054617881775,16.97982406616211,46.502662658691406,12153.128184530555,789.6070556640625,515.9484252929688,65.3424322605133,-0.04203088954091072,-0.02746400609612465
162.2,1837,-21.611703872680664,0.40476322174072266,16.960874557495117,46.51720428466797,12162.644841918755,788.9724731445312,515.534423828125,65.34251570701599,-0.041920971125364304,-0.02739221602678299
162.3,1837,-21.465362548828125,0.4051302969455719,16.9759578704834,46.40374755859375,12179.438874622307,787.748046875,516.7144775390625,65.59387445449829,-0.041542019695043564,-0.027249019593000412
162.4,1837,-21.411836624145508,0.40379855036735535,16.980302810668945,46.242103576660156,12194.705859165822,785.2048950195312,515.6614990234375,65.67221879959106,-0.0415230467915535,-0.02726910635828972
162.5,1837,-21.29027557373047,0.4007044732570648,16.953310012817383,46.08689498901367,12202.60687628699,781.325439453125,512.0418090820312,65.53502678871155,-0.041579172015190125,-0.027248922735452652
162.6,1837,-21.267122268676758,0.4015933573246002,16.972427368164062,45.943878173828125,12204.615352607405,779.7791137695312,513.2621459960938,65.82147479057312,-0.041435204446315765,-0.027273263782262802
162.7,1837,-21.379358291625977,0.39992523193359375,16.975669860839844,45.88090515136719,12197.353131205093,778.8590698242188,510.8260192871094,65.58644771575928,-0.041852522641420364,-0.027449583634734154
162.8,1837,-21.488235473632812,0.4005923867225647,16.95186996459961,45.97633743286133,12175.769296295744,779.3848876953125,510.7727355957031,65.53536653518677,-0.04207004979252815,-0.027570761740207672
162.9,1837,-21.603450775146484,0.40485063195228577,16.942840576171875,46.26658248901367,12145.270297777266,783.8873291015625,514.9091796875,65.68663120269775,-0.041955847293138504,-0.02755938284099102
163,1837,-21.700096130371094,0.40940019488334656,16.964094161987305,46.62790298461914,12119.122803672082,791.0001220703125,519.5745239257812,65.68576693534851,-0.04176512733101845,-0.027433745563030243
163.1,1837,-21.799535751342773,0.41136786341667175,16.977134704589844,46.982784271240234,12108.707402672137,797.633056640625,521.623046875,65.39636850357056,-0.04179174080491066,-0.02733028121292591
163.2,1837,-21.900650024414062,0.4123385548591614,16.976511001586914,47.246612548828125,12113.787460596901,802.0826416015625,523.0732421875,65.21438360214233,-0.041869182139635086,-0.02730472944676876
163.3,1837,-21.87327003479004,0.41211622953414917,16.960708618164062,47.40880584716797,12126.451469154643,804.0869140625,523.3377685546875,65.08472561836243,-0.04179570451378822,-0.02720261737704277
163.4,1837,-21.890727996826172,0.4129782021045685,16.96726417541504,47.458831787109375,12145.652642660085,805.2465209960938,525.2627563476562,65.23005366325378,-0.04167576879262924,-0.027185125276446342
163.5,1837,-21.992494583129883,0.41460156440734863,16.985876083374023,47.511077880859375,12153.876554697536,807.0172729492188,527.6845703125,65.3870165348053,-0.04167735204100609,-0.027251578867435455
163.6,1837,-22.136037826538086,0.4117964804172516,16.96575164794922,47.59135437011719,12156.255719044586,807.423095703125,524.2169799804688,64.92469310760498,-0.04222686216235161,-0.02741566114127636
163.7,1837,-22.10677719116211,0.4130825102329254,16.939117431640625,47.67832565307617,12158.53929717093,807.6287841796875,525.952880859375,65.12309908866882,-0.04203185811638832,-0.02737244963645935
163.8,1837,-22.0433349609375,0.4140594005584717,16.969257354736328,47.65568542480469,12170.501562986427,808.6815795898438,527.7153930664062,65.25626182556152,-0.041771259158849716,-0.027258360758423805
163.9,1837,-22.033735275268555,0.4112634062767029,16.980159759521484,47.54443359375,12185.106438098719,807.3120727539062,524.7808837890625,65.00347256660461,-0.04198654368519783,-0.027292711660265923
164,1837,-21.908876419067383,0.4103075861930847,16.93796730041504,47.44550323486328,12192.352339902376,803.63037109375,523.87255859375,65.18824696540833,-0.04182100296020508,-0.027262380346655846
164.1,1837,-21.974895477294922,0.4136497378349304,16.976030349731445,47.37797927856445,12188.434470539105,804.2900390625,527.9700927734375,65.6442403793335,-0.041621480137109756,-0.027322104200720787
164.2,1837,-22.015798568725586,0.4100872874259949,16.975860595703125,47.35067367553711,12187.029819368994,803.8184204101562,523.3627319335938,65.10956883430481,-0.04206604138016701,-0.02738901972770691
164.3,1837,-21.917329788208008,0.4101882874965668,16.951005935668945,47.319236755371094,12186.916747864016,802.108642578125,523.4867553710938,65.26382565498352,-0.041867971420288086,-0.02732463926076889
164.4,1837,-21.900562286376953,0.4117594361305237,16.96039581298828,47.267757415771484,12184.61918151025,801.6798706054688,525.392822265625,65.53648710250854,-0.041684165596961975,-0.027318337932229042
164.5,1837,-21.885726928710938,0.40974336862564087,16.971107482910156,47.21276092529297,12186.233656091663,801.2528686523438,522.8896484375,65.25900959968567,-0.0418553464114666,-0.027314383536577225
164.6,1837,-21.732521057128906,0.40857428312301636,16.948026657104492,47.15541458129883,12187.581188666474,799.1912231445312,521.4553833007812,65.24788737297058,-0.04167666286230087,-0.027193142101168633
164.7,1837,-21.71404457092285,0.40992650389671326,16.968969345092773,47.06513595581055,12189.554694418339,798.6468505859375,523.2659301757812,65.5190646648407,-0.04149714857339859,-0.02718854323029518
164.8,1837,-21.748075485229492,0.4080718755722046,16.982728958129883,46.968788146972656,12193.78147047047,797.658203125,521.0791625976562,65.32611846923828,-0.04173660650849342,-0.027264906093478203
164.9,1837,-21.654071807861328,0.40683624148368835,16.955591201782227,46.86586380004883,12194.836415955077,794.638427734375,519.5462646484375,65.38146734237671,-0.041678812354803085,-0.027250219136476517
165,1831,-21.634531021118164,0.40874946117401123,16.950284957885742,46.803314208984375,12192.620447594596,793.3295288085938,521.8946533203125,65.78536033630371,-0.041453827172517776,-0.027270548045635223
165.1,1831,-21.668081283569336,0.40567126870155334,16.981481552124023,46.543434143066406,12188.869271274749,790.37646484375,517.8050537109375,65.51372408866882,-0.04184602200984955,-0.02741488628089428
165.2,1831,-21.61736297607422,0.40283843874931335,16.9583797454834,46.286251068115234,12174.1210168314,784.9398193359375,513.5670166015625,65.427565574646,-0.04209258407354355,-0.02754015289247036
165.3,1831,-21.424394607543945,0.40204301476478577,16.946035385131836,46.03910446166992,12160.37525201983,780.1802978515625,511.9742431640625,65.62255620956421,-0.0418466255068779,-0.027460824698209763
165.4,1831,-21.41794776916504,0.40216243267059326,16.97437286376953,45.83732604980469,12150.754848611597,778.0598754882812,511.7211608886719,65.76886773109436,-0.041854724287986755,-0.027527377009391785
165.5,1831,-21.389108657836914,0.4007549285888672,16.985851287841797,45.68523406982422,12139.818386140249,776.0025634765625,509.47125244140625,65.65329432487488,-0.04198295623064041,-0.027563191950321198
165.6,1831,-21.443788528442383,0.4003909230232239,16.96976089477539,45.686912536621094,12120.574082266927,775.2959594726562,508.20159912109375,65.5493676662445,-0.042195435613393784,-0.027658840641379356
165.7,1831,-21.44226837158203,0.4015458822250366,16.943464279174805,45.75413513183594,12100.051021270277,775.2335815429688,508.8045654296875,65.63242077827454,-0.04214244708418846,-0.027659106999635696
165.8,1831,-21.510549545288086,0.4024391770362854,16.939815521240234,45.900794982910156,12085.32957759615,777.551025390625,509.3160705566406,65.50258994102478,-0.042234186083078384,-0.027664486318826675
165.9,1831,-21.38485336303711,0.4043470621109009,16.94925308227539,45.957244873046875,12086.877608097317,778.9409790039062,511.7961730957031,65.70410132408142,-0.04178392514586449,-0.027453754097223282
166,1831,-21.42580223083496,0.40427008271217346,16.976844787597656,45.95170974731445,12096.649550635935,780.1150512695312,512.1124267578125,65.64576029777527,-0.041838083416223526,-0.02746492624282837
166.1,1831,-21.479650497436523,0.40293923020362854,16.980880737304688,45.9323844909668,12102.715778593823,779.9723510742188,510.6825256347656,65.47443866729736,-0.042060673236846924,-0.02753899060189724
166.2,1831,-21.492902755737305,0.4012126922607422,16.95789909362793,45.922874450683594,12104.17288561676,778.7554931640625,508.5555419921875,65.30362367630005,-0.042262643575668335,-0.027599038556218147
166.3,1831,-21.422901153564453,0.4021945297718048,16.94255256652832,45.95698928833008,12102.585221804567,778.6287231445312,509.73321533203125,65.46550393104553,-0.04202767461538315,-0.02751362882554531
166.4,1831,-21.379127502441406,0.4030146598815918,16.943321228027344,45.98875045776367,12099.13828943111,779.2021484375,510.62713623046875,65.53204655647278,-0.04186837375164032,-0.027437202632427216
166.5,1831,-21.415830612182617,0.4032251238822937,16.965824127197266,45.957923889160156,12102.649334513577,779.7140502929688,511.04205322265625,65.54223895072937,-0.0419062003493309,-0.027466261759400368
166.6,1831,-21.452083587646484,0.40256789326667786,16.976917266845703,45.90818405151367,12106.83414588345,779.3794555664062,510.3855285644531,65.48613905906677,-0.04203113541007042,-0.027524570003151894
166.7,1831,-21.464994430541992,0.4017959237098694,16.975093841552734,45.93425369262695,12104.220678727112,779.73828125,509.2968444824219,65.31638503074646,-0.04214633256196976,-0.027528461068868637
166.8,1831,-21.456008911132812,0.40125733613967896,16.94596290588379,45.91313552856445,12106.726902806562,778.0422973632812,508.7194519042969,65.3845489025116,-0.042176503688097,-0.02757691778242588
166.9,1831,-21.42524528503418,0.4019305109977722,16.941688537597656,45.94161605834961,12105.451642740087,778.3285522460938,509.5192565917969,65.46326279640198,-0.04204992204904556,-0.027527250349521637
167,1831,-21.381935119628906,0.4027334451675415,16.957368850708008,45.896915435791016,12108.483591033413,778.2909545898438,510.66497802734375,65.61363339424133,-0.04187076911330223,-0.027472933754324913
167.1,1831,-21.3389892578125,0.4018358588218689,16.983905792236328,45.78740692138672,12115.572125278592,777.6489868164062,509.82513427734375,65.5597984790802,-0.04185550659894943,-0.02744038589298725
167.2,1831,-21.278120040893555,0.398517906665802,16.977975845336914,45.62775802612305,12128.791000190668,774.6669921875,506.16717529296875,65.33997058868408,-0.042037732899188995,-0.02746744267642498
167.3,1831,-21.12626838684082,0.39675697684288025,16.942840576171875,45.42825698852539,12137.460204134328,769.6837158203125,504.290771484375,65.51921963691711,-0.04189303144812584,-0.027447987347841263
167.4,1831,-21.072181701660156,0.3975840210914612,16.956602096557617,45.26340866088867,12136.601093833606,767.5136108398438,505.3061828613281,65.83677530288696,-0.04170180857181549,-0.027455125004053116
167.5,1831,-21.2064151763916,0.39782029390335083,16.981313705444336,45.24746322631836,12123.097791630653,768.3613891601562,505.0439453125,65.72999954223633,-0.041989248245954514,-0.027599534019827843
167.6,1831,-21.24061393737793,0.39805513620376587,16.98407554626465,45.30570602416992,12107.61632093336,769.4755249023438,504.6967468261719,65.58970808982849,-0.04208589345216751,-0.027604015544056892
167.7,1831,-21.222492218017578,0.3969533443450928,16.973556518554688,45.33003616333008,12100.468336721646,769.4119262695312,503.00262451171875,65.37494659423828,-0.04219161346554756,-0.027582744136452675
167.8,1831,-21.12698745727539,0.39689719676971436,16.96092414855957,45.300411224365234,12102.931430433218,768.3368530273438,503.03387451171875,65.47048687934875,-0.04199913516640663,-0.02749703824520111
167.9,1831,-21.163145065307617,0.39736315608024597,16.942359924316406,45.26108169555664,12104.486455048094,766.8295288085938,503.68914794921875,65.6846284866333,-0.04201628267765045,-0.027598239481449127
168,1831,-21.20046043395996,0.39945852756500244,16.966447830200195,45.2718620300293,12099.212893310685,768.1026611328125,506.12457275390625,65.89282751083374,-0.041887830942869186,-0.027601076290011406
168.1,1831,-21.201900482177734,0.39884328842163086,16.980592727661133,45.29654312133789,12095.715836455638,769.1621704101562,505.1990051269531,65.68173170089722,-0.041967425495386124,-0.02756492979824543
168.2,1831,-21.10323715209961,0.3977236747741699,16.97730255126953,45.24772262573242,12102.700624680785,768.1842651367188,504.0717468261719,65.61859846115112,-0.04186554253101349,-0.02747158147394657
168.3,1831,-21.106727600097656,0.39598724246025085,16.96843910217285,45.22261428833008,12108.3367146455,767.357177734375,502.1047058105469,65.43298363685608,-0.0420365035533905,-0.027505740523338318
168.4,1831,-21.0639705657959,0.39654454588890076,16.937294006347656,45.23501205444336,12106.216332505724,766.15869140625,502.72332763671875,65.6160831451416,-0.041899729520082474,-0.027492960914969444
168.5,1831,-21.12982940673828,0.3968525528907776,16.953720092773438,45.250423431396484,12102.43601404542,767.1630249023438,502.9566955566406,65.56060314178467,-0.04201123118400574,-0.02754281647503376
168.6,1831,-21.146610260009766,0.3981620967388153,16.971298217773438,45.30281066894531,12096.966617124126,768.8475341796875,504.3883056640625,65.60316681861877,-0.04192525893449783,-0.027504296973347664
168.7,1831,-21.300304412841797,0.39824822545051575,16.975019454956055,45.35022735595703,12090.992478330088,769.8209838867188,504.2482604980469,65.50201773643494,-0.04224169999361038,-0.027669165283441544
168.8,1831,-21.315427780151367,0.39807790517807007,16.973148345947266,45.43036651611328,12089.594821273688,771.0963745117188,503.974365234375,65.35815596580505,-0.042294666171073914,-0.02764301560819149
168.9,1831,-21.356172561645508,0.39838528633117676,16.966903686523438,45.50645446777344,12089.007315722041,772.1036376953125,504.3389892578125,65.3201162815094,-0.04234487563371658,-0.027659723535180092
169,1829,-21.32448387145996,0.39918699860572815,16.94005584716797,45.562374114990234,12090.710382410449,771.8291625976562,505.42510986328125,65.48406481742859,-0.04219118133187294,-0.027628501877188683
169.1,1829,-21.375444412231445,0.39985743165016174,16.948652267456055,45.50398254394531,12087.951204551817,771.231201171875,506.158447265625,65.62992334365845,-0.04223073646426201,-0.027716001495718956
169.2,1829,-21.33578872680664,0.400103896856308,16.959386825561523,45.408355712890625,12078.81339498958,770.0978393554688,506.08758544921875,65.71730375289917,-0.04215829446911812,-0.027705295011401176
169.3,1829,-21.374935150146484,0.3997209072113037,16.970050811767578,45.35641860961914,12071.90087927277,769.7007446289062,505.31378173828125,65.65068364143372,-0.04230032116174698,-0.027770450338721275
169.4,1829,-21.439130783081055,0.39993488788604736,16.978431701660156,45.34242248535156,12062.756075596824,769.8432006835938,505.2012939453125,65.62392115592957,-0.042436808347702026,-0.02784869633615017
169.5,1829,-21.516971588134766,0.39982375502586365,16.977758407592773,45.401756286621094,12049.566342825208,770.820068359375,504.5086669921875,65.45090079307556,-0.04264935851097107,-0.027914389967918396
169.6,1829,-21.620668411254883,0.3999556005001068,16.969039916992188,45.52543640136719,12040.123123630963,772.52294921875,504.2795104980469,65.27696251869202,-0.042874373495578766,-0.02798708900809288
169.7,1829,-21.7368221282959,0.4006916284561157,16.968488693237305,45.68346405029297,12030.137860624187,775.1793212890625,504.7885437011719,65.1189386844635,-0.04306124150753021,-0.028041023761034012
169.8,1829,-21.715147018432617,0.4032232463359833,16.9671688079834,45.83648681640625,12026.119742297738,777.7153930664062,507.8081970214844,65.29486179351807,-0.042762499302625656,-0.027921713888645172
169.9,1829,-21.753501892089844,0.4037124514579773,16.968008041381836,45.94338607788086,12027.58734049124,779.5677490234375,508.486328125,65.22670388221741,-0.04278089851140976,-0.0279045682400465
170,1829,-21.799421310424805,0.40431278944015503,16.96332550048828,46.05430221557617,12028.854440758385,781.234130859375,509.2961120605469,65.1912271976471,-0.04280303791165352,-0.027903826907277107
170.1,1829,-21.82571792602539,0.4053258001804352,16.941328048706055,46.168983459472656,12029.502561962187,782.1638793945312,510.59967041015625,65.28039574623108,-0.04274526238441467,-0.02790427766740322
170.2,1829,-21.815570831298828,0.40728673338890076,16.942359924316406,46.290077209472656,12030.83377493834,784.2631225585938,513.126708984375,65.42787551879883,-0.04251497983932495,-0.027816645801067352
170.3,1829,-21.744083404541016,0.40640145540237427,16.9370059967041,46.31917190551758,12040.602220420105,784.5081176757812,512.4270629882812,65.31826853752136,-0.042433515191078186,-0.02771683782339096
170.4,1829,-21.626300811767578,0.40641099214553833,16.942096710205078,46.23393630981445,12058.680838675076,783.2998046875,513.2085571289062,65.51878452301025,-0.04213940352201462,-0.02760922536253929
170.5,1829,-21.484569549560547,0.4045569598674774,16.96589469909668,46.043033599853516,12078.49632850139,781.1612548828125,511.706787109375,65.50590991973877,-0.041986096650362015,-0.027503373101353645
170.6,1829,-21.350149154663086,0.4018125534057617,16.985971450805664,45.74889373779297,12098.14978802675,777.0894165039062,509.0624694824219,65.50886631011963,-0.04194013774394989,-0.027474507689476013
170.7,1829,-21.207744598388672,0.39810529351234436,16.962221145629883,45.393524169921875,12113.746661600258,769.9749755859375,505.0158996582031,65.58861136436462,-0.041994210332632065,-0.02754341997206211
170.8,1829,-20.989055633544922,0.3951641619205475,16.940534591674805,45.043434143066406,12122.075485343361,763.0598754882812,501.6296081542969,65.73922038078308,-0.041841741651296616,-0.027506433427333832
170.9,1829,-20.90041732788086,0.3949469327926636,16.948196411132812,44.76731872558594,12121.285150494119,758.7252807617188,501.3211669921875,66.07413291931152,-0.04169067367911339,-0.027546750381588936
171,1829,-20.826282501220703,0.3929098844528198,16.974756240844727,44.5264778137207,12114.757311031366,755.8261108398438,498.46685791015625,65.94994068145752,-0.04178067669272423,-0.027554331347346306
171.1,1829,-20.79036521911621,0.3915080726146698,16.96810531616211,44.35276412963867,12104.845486218546,752.5823974609375,496.2820739746094,65.94388484954834,-0.04189223423600197,-0.027625368908047676
171.2,1829,-20.807628631591797,0.38958021998405457,16.955978393554688,44.25373458862305,12092.560325486767,750.3653564453125,493.33709716796875,65.74625372886658,-0.04217730462551117,-0.027729995548725128
171.3,1829,-20.75773811340332,0.3897522985935211,16.94930076599121,44.22612762451172,12082.835010372883,749.6019287109375,493.1580810546875,65.78933000564575,-0.04209144786000252,-0.027691680938005447
171.4,1829,-20.7181453704834,0.39063459634780884,16.941160202026367,44.178314208984375,12075.698683017352,748.431884765625,493.9825439453125,66.00233316421509,-0.04194105044007301,-0.027682071551680565
171.5,1829,-20.738435745239258,0.3904246687889099,16.93669319152832,44.184104919433594,12068.163691180345,748.3326416015625,493.40899658203125,65.9344494342804,-0.04203092306852341,-0.027712857350707054
171.6,1829,-20.756038665771484,0.3915928304195404,16.934532165527344,44.21009826660156,12059.523629377143,748.6773071289062,494.5309753417969,66.05395674705505,-0.04197115823626518,-0.027723610401153564
171.7,1829,-20.816640853881836,0.3925924599170685,16.94281768798828,44.29558563232422,12050.498891319887,750.4920043945312,495.42236328125,66.01300835609436,-0.042017970234155655,-0.027737325057387352
171.8,1829,-20.749940872192383,0.39280450344085693,16.980207443237305,44.249061584472656,12056.03123526457,751.3582153320312,495.9175109863281,66.00280404090881,-0.04184151813387871,-0.027616573497653008
171.9,1829,-20.679094314575195,0.3915084898471832,16.986066818237305,44.171356201171875,12064.627001014274,750.297607421875,494.6336975097656,65.9250020980835,-0.04180688410997391,-0.027561189606785774
172,1829,-20.693092346191406,0.38851428031921387,16.971921920776367,44.06777572631836,12070.35518014284,747.9148559570312,491.0838623046875,65.66039323806763,-0.042137593030929565,-0.027667712420225143
172.1,1829,-20.67457389831543,0.3872276842594147,16.963783264160156,43.995059967041016,12070.418127166231,746.3226318359375,489.46014404296875,65.5829131603241,-0.04223954677581787,-0.02770192362368107
172.2,1829,-20.6964168548584,0.3868519961833954,16.960107803344727,43.954959869384766,12066.57952442501,745.4808349609375,488.82977294921875,65.57241082191467,-0.04233869910240173,-0.027762506157159805
172.3,1829,-20.679481506347656,0.38654518127441406,16.93505859375,43.958900451660156,12062.466985563475,744.446533203125,488.2756042480469,65.58907628059387,-0.04235206916928291,-0.027778329327702522
172.4,1829,-20.698162078857422,0.3872107267379761,16.93952751159668,43.957122802734375,12058.908147370656,744.6129150390625,488.97198486328125,65.66794514656067,-0.04232995584607124,-0.027797210961580276
172.5,1829,-20.89129066467285,0.38928988575935364,16.940031051635742,44.02938461303711,12047.428475401155,745.859130859375,491.12957763671875,65.84749817848206,-0.042537227272987366,-0.028009699657559395
172.6,1829,-21.008695602416992,0.39088284969329834,16.939647674560547,44.24722671508789,12026.86811246472,749.5324096679688,492.29766845703125,65.68063497543335,-0.04267477989196777,-0.0280290674418211
172.7,1829,-21.089887619018555,0.39411428570747375,16.932296752929688,44.551753997802734,12006.693591467956,754.363525390625,495.5348815917969,65.68913459777832,-0.042559847235679626,-0.027957193553447723
172.8,1829,-21.151281356811523,0.39648857712745667,16.953622817993164,44.858062744140625,11999.156268259712,760.5066528320312,498.20721435546875,65.50990343093872,-0.042454786598682404,-0.027812091633677483
172.9,1829,-21.256298065185547,0.39936843514442444,16.949588775634766,45.11241149902344,11998.93828504908,764.6368408203125,501.8167724609375,65.62811732292175,-0.04235868528485298,-0.027799207717180252
173,1820,-21.411357879638672,0.4005444347858429,16.946395874023438,45.36195373535156,12001.478314011463,768.7216186523438,503.4010009765625,65.48547148704529,-0.042533405125141144,-0.02785320021212101
173.1,1820,-21.422382354736328,0.4003605246543884,16.95227813720703,45.25661087036133,11999.422044580695,767.20263671875,503.0836486816406,65.57376384735107,-0.04258214682340622,-0.02792271599173546
173.2,1820,-21.3139705657959,0.3983370065689087,16.947860717773438,44.96100616455078,11993.563308662873,761.9928588867188,500.2965393066406,65.65632820129395,-0.042602673172950745,-0.027971351519227028
173.3,1820,-21.124584197998047,0.3958319425582886,16.94255256652832,44.6568489074707,11998.369430467326,756.6010131835938,497.3494873046875,65.73471426963806,-0.042474325746297836,-0.027920374646782875
173.4,1820,-20.875314712524414,0.39344295859336853,16.94459342956543,44.317527770996094,12006.818319829119,750.9425048828125,494.6959228515625,65.87667465209961,-0.04219827428460121,-0.027798820286989212
173.5,1820,-20.6973934173584,0.3911091983318329,16.97211456298828,43.93878936767578,12012.809943907432,745.7341918945312,492.0069580078125,65.97618460655212,-0.0420672781765461,-0.02775438502430916
173.6,1820,-20.66084098815918,0.3881843388080597,16.969520568847656,43.615684509277344,12008.043455414003,740.1372680664062,488.1337890625,65.95179438591003,-0.0423261858522892,-0.027914877980947495
173.7,1820,-20.574970245361328,0.38721027970314026,16.958232879638672,43.4240608215332,11995.301345919832,736.3953247070312,486.39227294921875,66.05042815208435,-0.04230118542909622,-0.027940114960074425
173.8,1820,-20.566614151000977,0.38719475269317627,16.94481086730957,43.2920036315918,11983.025510673,733.5748291015625,485.875,66.23387336730957,-0.04232902079820633,-0.028036151081323624
173.9,1820,-20.67975616455078,0.387382447719574,16.931745529174805,43.31606674194336,11959.961255028351,733.4166259765625,485.1748962402344,66.15270376205444,-0.04262330010533333,-0.028196465224027634
174,1820,-20.773265838623047,0.3868471682071686,16.931602478027344,43.42171096801758,11937.577759784815,735.1991577148438,483.59771728515625,65.77778458595276,-0.0429556742310524,-0.028255291283130646
174.1,1820,-20.682647705078125,0.38681137561798096,16.9465389251709,43.4869384765625,11932.317020589207,736.953125,483.33990478515625,65.58625102043152,-0.042791105806827545,-0.02806507982313633
174.2,1820,-20.591522216796875,0.38702166080474854,16.955904006958008,43.46273422241211,11939.643354700529,736.949951171875,483.8995666503906,65.66247344017029,-0.04255329817533493,-0.027941547334194183
174.3,1820,-20.600303649902344,0.38653814792633057,16.963470458984375,43.404991149902344,11946.575687072851,736.2992553710938,483.5756530761719,65.67650437355042,-0.042599961161613464,-0.027978166937828064
174.4,1820,-20.70172119140625,0.38641032576560974,16.971994400024414,43.359588623046875,11948.986324931597,735.898681640625,483.5132751464844,65.70378541946411,-0.042815208435058594,-0.028131211176514626
174.5,1820,-20.806560516357422,0.38736069202423096,16.977975845336914,43.39856719970703,11940.0035515566,736.81982421875,484.33807373046875,65.7335877418518,-0.04295875504612923,-0.0282383281737566
174.6,1820,-20.77205467224121,0.3880528211593628,16.977134704589844,43.497093200683594,11928.78615885123,738.4559936523438,484.7476501464844,65.64340591430664,-0.042851272970438004,-0.028129033744335175
174.7,1820,-20.61699676513672,0.3882235288619995,16.972572326660156,43.50118637084961,11932.463896977119,738.3270263671875,485.11041259765625,65.70400595664978,-0.0424995943903923,-0.027923936024308205
174.8,1820,-20.660463333129883,0.3882176876068115,16.956552505493164,43.45903396606445,11941.580724198226,736.9154052734375,485.4737548828125,65.8791720867157,-0.04255732148885727,-0.028036411851644516
174.9,1820,-20.619163513183594,0.38793396949768066,16.937557220458984,43.401309967041016,11945.657126805592,735.1121826171875,485.2845458984375,66.01503491401672,-0.042488809674978256,-0.028049003332853317
175,1820,-20.487415313720703,0.38632816076278687,16.93895149230957,43.26835250854492,11958.286164794783,732.9205322265625,483.7867126464844,66.00807309150696,-0.04234803467988968,-0.027953119948506355
175.1,1820,-20.37607192993164,0.3851454257965088,16.95160675048828,43.03871154785156,11973.154484856823,729.5753173828125,482.9052734375,66.18991494178772,-0.04219476133584976,-0.027928674593567848
175.2,1820,-20.39611053466797,0.38343560695648193,16.94099235534668,42.92715072631836,11970.613290208821,727.228515625,480.659423828125,66.09468460083008,-0.04243360087275505,-0.02804635651409626
175.3,1820,-20.415321350097656,0.38197141885757446,16.936668395996094,42.85798263549805,11965.816493889317,725.8714599609375,478.6321105957031,65.93896150588989,-0.04265347123146057,-0.028125258162617683
175.4,1820,-20.380661010742188,0.38192087411880493,16.939191818237305,42.81084060668945,11959.828366867858,725.1810302734375,478.32928466796875,65.9599781036377,-0.04260801523923874,-0.028104238212108612
175.5,1820,-20.415138244628906,0.3822222352027893,16.949443817138672,42.826080322265625,11946.736551688182,725.8782348632812,478.18267822265625,65.87643027305603,-0.04269317537546158,-0.028124742209911346
175.6,1820,-20.483366012573242,0.3830379247665405,16.9626522064209,42.86423873901367,11938.977748212452,727.0911865234375,478.8919372558594,65.86408615112305,-0.04277241602540016,-0.028171660378575325
175.7,1820,-20.602418899536133,0.38295191526412964,16.958740234375,42.89241409301758,11931.748166007454,727.4013061523438,478.4944763183594,65.78136086463928,-0.043056752532720566,-0.02832331880927086
175.8,1820,-20.53813362121582,0.3838036358356476,16.972307205200195,42.9189338684082,11935.108837645153,728.433349609375,479.69378662109375,65.85280299186707,-0.04281509295105934,-0.028194939717650414
175.9,1820,-20.54095458984375,0.3841324746608734,16.977277755737305,42.880287170410156,11940.965242191738,727.9905395507812,480.3403625488281,65.98167419433594,-0.04276333376765251,-0.028215963393449783
176,1820,-20.550569534301758,0.38516470789909363,16.9677677154541,42.9153938293457,11937.570765671106,728.1784057617188,481.49420166015625,66.12310409545898,-0.04268082603812218,-0.028221886605024338
176.1,1820,-20.532136917114258,0.3857349455356598,16.94344139099121,42.98386764526367,11932.847407545556,728.2946166992188,482.0162658691406,66.1842405796051,-0.04259635880589485,-0.028192074969410896
176.2,1820,-20.531015396118164,0.3850378692150116,16.95155906677246,43.04179382324219,11928.723211827837,729.62548828125,480.9789123535156,65.92133641242981,-0.042685896158218384,-0.028139114379882812
176.3,1820,-20.51435089111328,0.3846053183078766,16.93193817138672,43.0920524597168,11929.46925062358,729.6319580078125,480.4686279296875,65.85081815719604,-0.042696546763181686,-0.028116025030612946
176.4,1820,-20.462312698364258,0.38439035415649414,16.93611717224121,43.091758728027344,11935.860704868988,729.8070678710938,480.45733642578125,65.8334732055664,-0.04258923977613449,-0.02803797461092472
176.5,1820,-20.38955307006836,0.3841192424297333,16.950477600097656,42.97847366333008,11949.149520918165,728.5056762695312,480.65301513671875,65.97793698310852,-0.04242052510380745,-0.027988187968730927
176.6,1820,-20.36347198486328,0.3831731975078583,16.954030990600586,42.874263763427734,11957.224225196467,726.8916015625,479.7932434082031,66.00615978240967,-0.04244218394160271,-0.02801445499062538
176.7,1820,-20.36268424987793,0.38138285279273987,16.961668014526367,42.76932907104492,11960.714287937804,725.4391479492188,477.6908264160156,65.84849953651428,-0.042627330869436264,-0.02806945890188217
176.8,1820,-20.385778427124023,0.38160446286201477,16.953622817993164,42.71366882324219,11957.635712219744,724.1514282226562,477.8453674316406,65.9869372844696,-0.0426618717610836,-0.028151264414191246
176.9,1820,-20.381099700927734,0.3820115625858307,16.958690643310547,42.72218322753906,11948.349860583978,724.5122680664062,477.9836730957031,65.97316265106201,-0.04263973981142044,-0.02813078463077545
177,1804,-20.3383846282959,0.3829774260520935,16.972042083740234,42.7551155090332,11942.154241522454,725.6416015625,478.9436950683594,66.00278615951538,-0.04246508330106735,-0.02802813984453678
177.1,1804,-20.302001953125,0.3805079460144043,17.009841918945312,42.253211975097656,11932.51285577309,718.720458984375,475.47125244140625,66.15524291992188,-0.0426986962556839,-0.028247425332665443
177.2,1804,-20.180145263671875,0.37550604343414307,16.938926696777344,41.463008880615234,11881.326434585773,702.3388671875,467.2082214355469,66.5217638015747,-0.043193042278289795,-0.028732776641845703
177.3,1804,-20.20929527282715,0.3722532391548157,16.949636459350586,41.0940055847168,11818.95642557602,696.5284423828125,460.729736328125,66.14657640457153,-0.04386366531252861,-0.029014313593506813
177.4,1804,-19.95951271057129,0.3730018138885498,16.972139358520508,40.89009094238281,11771.405777832333,693.9923095703125,459.7988586425781,66.25416874885559,-0.04340922459959984,-0.028760423883795738
177.5,1804,-20.04519271850586,0.3707306981086731,16.946611404418945,40.77723693847656,11743.762709078808,691.0360107421875,455.92608642578125,65.97718596458435,-0.04396588355302811,-0.029007451608777046
177.6,1804,-19.936147689819336,0.3725559413433075,16.973651885986328,40.709808349609375,11726.533875639612,690.994140625,457.49859619140625,66.20875597000122,-0.04357641190290451,-0.028851399198174477
177.7,1804,-19.708343505859375,0.3715216815471649,16.95328712463379,40.57468795776367,11724.337723934643,687.8743286132812,456.1430969238281,66.31197929382324,-0.04320649430155754,-0.028651081025600433
177.8,1804,-19.78839874267578,0.37101033329963684,16.978479385375977,40.39450454711914,11723.426157781094,685.8372802734375,455.4798583984375,66.41223430633545,-0.0434451662003994,-0.028852906078100204
177.9,1804,-19.709083557128906,0.36915409564971924,16.93508529663086,40.280548095703125,11716.979916311626,682.154541015625,452.9518127441406,66.40017628669739,-0.04351254180073738,-0.028892403468489647
178,1804,-19.83782196044922,0.3686046898365021,16.975189208984375,40.22632598876953,11707.132204207815,682.8494873046875,451.8975524902344,66.17820858955383,-0.04389893636107445,-0.029051529243588448
178.1,1804,-19.846088409423828,0.36825308203697205,16.937339782714844,40.25154495239258,11694.97876595091,681.7540893554688,450.9978332519531,66.15256667137146,-0.04400484263896942,-0.02911033295094967
178.2,1804,-19.965578079223633,0.3699339032173157,16.97533416748047,40.30609130859375,11683.34289210855,684.2093505859375,452.6055603027344,66.15015268325806,-0.04411253333091736,-0.029180509969592094
178.3,1804,-19.888835906982422,0.3697350025177002,16.949661254882812,40.3575439453125,11678.743096658547,684.0466918945312,452.1841125488281,66.10427498817444,-0.043983932584524155,-0.0290752612054348
178.4,1804,-19.91124153137207,0.3715064525604248,16.956432342529297,40.37429428100586,11677.310469033597,684.60400390625,454.2948303222656,66.35878086090088,-0.043828897178173065,-0.02908431924879551
178.5,1804,-19.991458892822266,0.37098097801208496,16.945697784423828,40.45917510986328,11671.513514453547,685.6089477539062,453.42706298828125,66.13494157791138,-0.04408968985080719,-0.029158689081668854
178.6,1804,-19.916528701782227,0.37317728996276855,16.967792510986328,40.51465606689453,11672.835401944754,687.4442749023438,456.16314697265625,66.35637879371643,-0.043660979717969894,-0.028971845284104347
178.7,1804,-19.98265838623047,0.3711831867694855,16.957706451416016,40.5474853515625,11676.00256976981,687.5923461914062,453.84869384765625,66.00549221038818,-0.04402934014797211,-0.029061781242489815
178.8,1804,-19.980892181396484,0.3734879791736603,16.941375732421875,40.599613189697266,11676.377920538916,687.8132934570312,456.68145751953125,66.39613509178162,-0.043752361088991165,-0.02904987707734108
178.9,1804,-20.032812118530273,0.37245801091194153,16.96772003173828,40.616397857666016,11679.873811708345,689.1676635742188,455.5584411621094,66.10270142555237,-0.04397418722510338,-0.029068125411868095
179,1804,-19.924829483032227,0.37376976013183594,16.964597702026367,40.58400344848633,11688.442766688828,688.4912719726562,457.4982604980469,66.44938588142395,-0.04355170577764511,-0.02893984317779541
179.1,1804,-19.96283721923828,0.3729506731033325,16.955760955810547,40.54530334472656,11692.471376185842,687.4765014648438,456.65301513671875,66.42453074455261,-0.043715547770261765,-0.029037848114967346
179.2,1804,-19.808862686157227,0.37394407391548157,16.958450317382812,40.52936553955078,11695.3529510344,687.3152465820312,457.9822082519531,66.63350462913513,-0.04325247183442116,-0.028820637613534927
179.3,1804,-19.811748504638672,0.37048596143722534,16.962797164916992,40.41470718383789,11702.254975580643,685.5465087890625,454.01470947265625,66.22668504714966,-0.04363679885864258,-0.02889920584857464
179.4,1804,-19.74124526977539,0.37077125906944275,16.953502655029297,40.296630859375,11706.318555646207,683.1690673828125,454.5221252441406,66.5314257144928,-0.043432969599962234,-0.028896575793623924
179.5,1804,-19.816730499267578,0.3683854341506958,16.9589786529541,40.244773864746094,11700.803696985799,682.51025390625,451.3846130371094,66.13594889640808,-0.04390209540724754,-0.029035065323114395
179.6,1804,-19.900344848632812,0.3707292079925537,16.96935272216797,40.27661895751953,11689.315865216971,683.4681396484375,453.81048583984375,66.39819145202637,-0.043851666152477264,-0.029116710647940636
179.7,1804,-19.974754333496094,0.3699325919151306,16.957706451416016,40.324317932128906,11680.083635119649,683.8079223632812,452.4776916503906,66.17028713226318,-0.04414528235793114,-0.02921105921268463
179.8,1804,-19.788562774658203,0.3720838129520416,16.94658660888672,40.34423065185547,11681.843820403355,683.697021484375,455.177490234375,66.57590866088867,-0.043474387377500534,-0.028943469747900963
179.9,1804,-19.807893753051758,0.37032249569892883,16.965797424316406,40.31769943237305,11684.992337258514,684.0219116210938,453.14495849609375,66.24714136123657,-0.04371204972267151,-0.02895798161625862
180,1804,-19.757417678833008,0.37086737155914307,16.938013076782227,40.2911491394043,11689.911530567948,682.4520263671875,454.00274658203125,66.52522683143616,-0.04351827874779701,-0.028950633481144905
180.1,1804,-19.79686164855957,0.3693374693393707,16.954151153564453,40.217647552490234,11695.700325348667,681.8560791015625,452.3537902832031,66.34153127670288,-0.04376411437988281,-0.029033783823251724
180.2,1804,-19.710412979125977,0.36894935369491577,16.957778930664062,40.19412612915039,11697.860340799469,681.6030883789062,451.9618835449219,66.30865931510925,-0.04361078515648842,-0.02891772799193859
180.3,1804,-19.91075325012207,0.36786460876464844,16.958450317382812,40.18315124511719,11695.631549897185,681.4439697265625,450.5472106933594,66.11654162406921,-0.04419238120317459,-0.02921847440302372
180.4,1804,-19.771785736083984,0.3695216774940491,16.94416046142578,40.17375564575195,11693.899341068318,680.7105712890625,452.50970458984375,66.47608280181885,-0.04369361698627472,-0.02904580347239971
180.5,1804,-19.83291244506836,0.3681417405605316,16.967432022094727,40.15342330932617,11694.88667678706,681.3004760742188,450.85791015625,66.17607474327087,-0.04398927465081215,-0.0291103757917881
180.6,1804,-19.690370559692383,0.3693868815898895,16.94118309020996,40.1218147277832,11695.011405148223,679.7109985351562,452.38763427734375,66.55588150024414,-0.043525438755750656,-0.02896873839199543
180.7,1804,-19.779951095581055,0.3675028681755066,16.950645446777344,40.07832336425781,11693.80608621885,679.3534545898438,450.0339050292969,66.24444127082825,-0.043952133506536484,-0.029115846380591393
180.8,1804,-19.712890625,0.36945754289627075,16.947980880737305,40.13182830810547,11683.664621339216,680.1534423828125,452.0351867675781,66.46076440811157,-0.043609194457530975,-0.02898300439119339
180.9,1804,-19.835988998413086,0.3682668209075928,16.962797164916992,40.16802978515625,11680.505613313491,681.3621215820312,450.45648193359375,66.11117124557495,-0.044035304337739944,-0.029112255200743675
181,1793,-19.726543426513672,0.36974823474884033,16.933834075927734,40.16984939575195,11681.984868363175,680.2295532226562,452.3258056640625,66.4960503578186,-0.04361135885119438,-0.02899983339011669
181.1,1793,-19.81313705444336,0.3668939471244812,16.993247985839844,39.79014205932617,11672.028747496857,676.1637573242188,448.4515380859375,66.32291674613953,-0.0441812239587307,-0.02930227667093277
181.2,1793,-19.57993507385254,0.3633945882320404,16.93443489074707,39.321224212646484,11640.542413259636,665.8826904296875,442.9761047363281,66.52464270591736,-0.04420088231563568,-0.029404480010271072
181.3,1793,-19.516204833984375,0.3620833456516266,16.970096588134766,38.98119354248047,11615.692327247676,661.5146484375,440.4354553222656,66.57984852790833,-0.04431115835905075,-0.029502302408218384
181.4,1793,-19.386600494384766,0.36093273758888245,16.972307205200195,38.77253341674805,11591.299189998108,658.059326171875,438.1138916015625,66.57665371894836,-0.04425014182925224,-0.029460260644555092
181.5,1793,-19.466991424560547,0.3591967821121216,16.95035743713379,38.66091537475586,11569.7305090018,655.3163452148438,435.1954040527344,66.40997529029846,-0.044731609523296356,-0.029706250876188278
181.6,1793,-19.28717803955078,0.3599641025066376,16.933378219604492,38.622623443603516,11553.595088672615,654.011474609375,435.516845703125,66.59162044525146,-0.04428572207689285,-0.029490578919649124
181.7,1793,-19.320556640625,0.36082276701927185,16.94459342956543,38.57194137573242,11544.016649946643,653.5858764648438,436.1938171386719,66.73856377601624,-0.044293515384197235,-0.02956085465848446
181.8,1793,-19.319618225097656,0.35939401388168335,16.96957015991211,38.507293701171875,11543.518902187609,653.4522094726562,434.4478759765625,66.48502349853516,-0.04446936026215553,-0.029565464705228806
181.9,1793,-19.11838150024414,0.35749754309654236,16.953336715698242,38.405025482177734,11547.610458708012,651.0933227539062,432.30853271484375,66.39732122421265,-0.04422392696142197,-0.02936350367963314
182,1793,-19.092424392700195,0.3556100130081177,16.929729461669922,38.27152633666992,11549.371809677337,647.9265747070312,430.09161376953125,66.37967824935913,-0.044391531497240067,-0.029466956853866577
182.1,1793,-19.08523178100586,0.3578029274940491,16.959819793701172,38.173954010009766,11545.516887337457,647.4234008789062,432.599365234375,66.81861877441406,-0.04411756619811058,-0.02947874926030636
182.2,1793,-19.205646514892578,0.3563365638256073,16.976173400878906,38.11708068847656,11538.650999045383,647.0821533203125,430.5702819824219,66.54027700424194,-0.04460513964295387,-0.02968038246035576
182.3,1793,-19.299245834350586,0.3563828766345978,16.96270179748535,38.200599670410156,11522.374530756379,647.9853515625,430.018798828125,66.36242270469666,-0.04488000646233559,-0.02978345938026905
182.4,1793,-19.215044021606445,0.3583202362060547,16.93683624267578,38.31804275512695,11512.765784204328,648.9863891601562,431.99591064453125,66.5647029876709,-0.04447969049215317,-0.029607774689793587
182.5,1793,-19.241741180419922,0.3593027591705322,16.93340301513672,38.34989547729492,11515.611222798718,649.3942260742188,433.2875061035156,66.72179698944092,-0.04440871626138687,-0.02963029220700264
182.6,1793,-19.187761306762695,0.36040863394737244,16.966447830200195,38.326133728027344,11522.458460120899,650.2583618164062,434.8795166015625,66.87796115875244,-0.04412201792001724,-0.02950790524482727
182.7,1793,-19.305919647216797,0.35827192664146423,16.978071212768555,38.32673263549805,11525.293407544723,650.7139892578125,432.40765380859375,66.45126342773438,-0.044647496193647385,-0.02966882474720478
182.8,1793,-19.34556770324707,0.3587539792060852,16.961885452270508,38.38058853149414,11519.863643934455,651.0071411132812,432.7854919433594,66.47937297821045,-0.04470013082027435,-0.02971636690199375
182.9,1793,-19.230968475341797,0.3601960241794586,16.933427810668945,38.47369384765625,11512.627067615746,651.4915161132812,434.25213623046875,66.65506958961487,-0.044285260140895844,-0.0295183714479208
183,1793,-19.369644165039062,0.3607605993747711,16.939767837524414,38.52259826660156,11510.5276678171,652.5638427734375,434.8534851074219,66.63768887519836,-0.04454291984438896,-0.029682373628020287
183.1,1793,-19.290266036987305,0.36182498931884766,16.96647071838379,38.558799743652344,11509.864392700258,654.2067260742188,436.111328125,66.66261553764343,-0.044232431799173355,-0.02948649786412716
183.2,1793,-19.55675506591797,0.36097046732902527,16.975597381591797,38.64249801635742,11506.365004473975,655.9794921875,434.9490966796875,66.30529165267944,-0.04496331885457039,-0.02981305867433548
183.3,1793,-19.5308895111084,0.3614286482334137,16.965606689453125,38.70681381225586,11504.77384360493,656.6845703125,435.4409484863281,66.30899906158447,-0.044853128492832184,-0.02974165976047516
183.4,1793,-19.56299591064453,0.3624391555786133,16.952255249023438,38.84599304199219,11500.693943940709,658.5271606445312,436.5035400390625,66.2848174571991,-0.044817496091127396,-0.02970719523727894
183.5,1793,-19.584230422973633,0.3646015524864197,16.93140983581543,38.965999603271484,11501.762877652734,659.7493286132812,439.1486511230469,66.56295657157898,-0.044595904648303986,-0.02968435175716877
183.6,1793,-19.4885311126709,0.3640568256378174,16.959529876708984,38.98271179199219,11513.530473969966,661.1284790039062,438.941162109375,66.39271974563599,-0.0443989597260952,-0.0294776763767004
183.7,1793,-19.49624252319336,0.3630782663822174,16.98040008544922,38.855411529541016,11531.496020719958,659.7804565429688,438.44439697265625,66.45307540893555,-0.04446685314178467,-0.02954959124326706
183.8,1793,-19.235204696655273,0.36012890934944153,16.96039581298828,38.661739349365234,11552.694013689632,655.7183837890625,435.6822509765625,66.44350290298462,-0.04414961859583855,-0.029334550723433495
183.9,1793,-19.02457618713379,0.3583524823188782,16.935298919677734,38.38081741333008,11571.642233415892,649.9906005859375,434.24420166015625,66.80776476860046,-0.043810777366161346,-0.02926900051534176
184,1793,-19.1228084564209,0.3566740155220032,16.979415893554688,38.16966247558594,11569.48338365071,648.0985717773438,432.129638671875,66.67652726173401,-0.04425248131155968,-0.0295060183852911
184.1,1793,-19.1131649017334,0.3559095859527588,16.957178115844727,38.09788513183594,11553.04838211761,646.0326538085938,430.5909423828125,66.65157675743103,-0.044388219714164734,-0.029585449025034904
184.2,1793,-19.052461624145508,0.35787802934646606,16.944040298461914,38.109928131103516,11536.890813761676,645.7361450195312,432.3669128417969,66.95720553398132,-0.04406549409031868,-0.02950502559542656
184.3,1793,-19.009950637817383,0.35721519589424133,16.93443489074707,38.096656799316406,11535.008231488044,645.1453247070312,431.49566650390625,66.88348054885864,-0.04405594617128372,-0.02946615219116211
184.4,1793,-19.114763259887695,0.35715779662132263,16.961091995239258,38.06045913696289,11534.60840132095,645.5469360351562,431.411376953125,66.82881712913513,-0.04430750757455826,-0.029610183089971542
184.5,1793,-19.16156578063965,0.3556238114833832,16.97792625427246,38.0652961730957,11532.366787876865,646.269775390625,429.4750061035156,66.45444631576538,-0.044616252183914185,-0.029649483039975166
184.6,1793,-19.198986053466797,0.3539370000362396,16.944881439208984,38.0868034362793,11527.30771229323,645.3763427734375,427.2503967285156,66.20174050331116,-0.04493614658713341,-0.02974851056933403
184.7,1793,-19.082355499267578,0.3576420545578003,16.931386947631836,38.172725677490234,11515.821046210021,646.3171997070312,431.2926940917969,66.73080921173096,-0.04424456134438515,-0.029524752870202065
184.8,1793,-19.198293685913086,0.35843056440353394,16.938278198242188,38.28508758544922,11509.880712298915,648.4834594726562,432.0206298828125,66.62014722824097,-0.04443837329745293,-0.02960490807890892
184.9,1793,-19.212636947631836,0.3602698743343353,16.965871810913086,38.31061553955078,11511.075540057724,649.9730224609375,434.28265380859375,66.81548953056335,-0.044239938259124756,-0.02955913171172142
185,1785,-19.35823631286621,0.3592492341995239,16.977951049804688,38.34252166748047,11510.387785542896,650.9774780273438,433.0264587402344,66.51942133903503,-0.044704511761665344,-0.029737183824181557
185.1,1785,-19.335079193115234,0.3573034703731537,16.964189529418945,38.157535552978516,11502.742053572147,647.3116455078125,430.39501953125,66.48961305618286,-0.04492403194308281,-0.029869813472032547
185.2,1785,-19.436899185180664,0.3549152612686157,16.946779251098633,37.87192916870117,11478.774391573277,641.8072509765625,426.6274719238281,66.47283434867859,-0.045559417456388474,-0.030284637585282326
185.3,1785,-19.24933433532715,0.35244858264923096,16.942649841308594,37.75469970703125,11454.191247567918,639.6646728515625,422.75506591796875,66.09010696411133,-0.045533064752817154,-0.03009285219013691
185.4,1785,-19.0249080657959,0.354820191860199,16.943153381347656,37.71086883544922,11435.979741152454,638.9410400390625,424.923095703125,66.50426983833313,-0.044772591441869736,-0.02977568656206131
185.5,1785,-19.152223587036133,0.3548900783061981,16.943056106567383,37.69774627685547,11424.210979149604,638.7150268554688,424.56939697265625,66.47242903709412,-0.04510976001620293,-0.02998555265367031
185.6,1785,-19.09872055053711,0.3547634780406952,16.94481086730957,37.65653610229492,11418.310278549521,638.0828857421875,424.19873046875,66.48018956184387,-0.04502305015921593,-0.029931411147117615
185.7,1785,-19.19378089904785,0.35554173588752747,16.92910385131836,37.643611907958984,11413.219729454193,637.2726440429688,424.9397888183594,66.68100357055664,-0.04516823962330818,-0.030118634924292564
185.8,1785,-19.28680419921875,0.35392826795578003,16.931432723999023,37.646419525146484,11408.445081161435,637.4078369140625,422.83441162109375,66.33656024932861,-0.045613136142492294,-0.030258186161518097
185.9,1785,-19.032493591308594,0.35518506169319153,16.930665969848633,37.627532958984375,11409.400943368482,637.0592041015625,424.3714294433594,66.61413311958313,-0.044848665595054626,-0.02987555041909218
186,1785,-19.077768325805664,0.35606005787849426,16.931026458740234,37.597900390625,11411.860540023197,636.571044921875,425.5085754394531,66.84384942054749,-0.04483521357178688,-0.029969582334160805
186.1,1785,-18.99051284790039,0.354528546333313,16.93145751953125,37.505157470703125,11418.94674289714,635.0169677734375,423.9414367675781,66.76064729690552,-0.04479513317346573,-0.029905520379543304
186.2,1785,-18.98073959350586,0.3553179204463959,16.928550720214844,37.4407844543457,11419.605355271508,633.8182373046875,424.9098815917969,67.03970432281494,-0.04467003792524338,-0.02994666062295437
186.3,1785,-18.968280792236328,0.3555625379085541,16.956409454345703,37.39634323120117,11418.837168449016,634.1077270507812,425.1737976074219,67.05072522163391,-0.044613003730773926,-0.029913341626524925
186.4,1785,-18.954622268676758,0.3530847728252411,16.958209991455078,37.31172561645508,11422.008999016543,632.7400512695312,422.3282165527344,66.745924949646,-0.04488125815987587,-0.029956411570310593
186.5,1785,-18.769508361816406,0.35330140590667725,16.965078353881836,37.209747314453125,11425.824288045398,631.2662963867188,422.7284851074219,66.96516275405884,-0.044400859624147415,-0.02973310835659504
186.6,1785,-18.855127334594727,0.35161828994750977,16.968032836914062,37.09523010253906,11429.3248419573,629.43310546875,420.8435363769531,66.8607234954834,-0.04480317607522011,-0.029955729842185974
186.7,1785,-18.85009765625,0.35047346353530884,16.971393585205078,37.03042221069336,11428.13234556973,628.4578857421875,419.4295349121094,66.73948764801025,-0.0449422262609005,-0.029994210228323936
186.8,1785,-18.87003517150879,0.35067853331565857,16.971513748168945,37.00760269165039,11420.367713665908,628.0750122070312,419.38983154296875,66.77383780479431,-0.04499402269721031,-0.03004423715174198
186.9,1785,-18.986343383789062,0.35111483931541443,16.975309371948242,37.01409149169922,11412.641549387492,628.32568359375,419.6275329589844,66.78503751754761,-0.0452457033097744,-0.030217360705137253
187,1785,-19.019105911254883,0.3493751287460327,16.976797103881836,37.023258209228516,11409.164309187956,628.5363159179688,417.421142578125,66.41161441802979,-0.04556335136294365,-0.030259357765316963
187.1,1785,-18.840377807617188,0.3495144844055176,16.978431701660156,36.991119384765625,11411.477029454762,628.0512084960938,417.6722717285156,66.50290489196777,-0.04510803893208504,-0.029998155310750008
187.2,1785,-18.812271118164062,0.34801948070526123,16.974733352661133,36.859703063964844,11420.998349585434,625.6836547851562,416.2327575683594,66.52447581291199,-0.045196518301963806,-0.030066747218370438
187.3,1785,-18.77735137939453,0.3477668762207031,16.97050666809082,36.785850524902344,11424.797319015634,624.2745361328125,416.0689697265625,66.6483998298645,-0.04513037949800491,-0.030078675597906113
187.4,1785,-18.935274124145508,0.3499133884906769,16.95612144470215,36.79395294189453,11412.294175073224,623.8827514648438,418.1789245605469,67.02845096588135,-0.04528031870722771,-0.030350694432854652
187.5,1785,-18.899307250976562,0.35114535689353943,16.957969665527344,36.86106491088867,11402.684262835555,625.0888061523438,419.2978515625,67.07812547683716,-0.045073702931404114,-0.030234595760703087
187.6,1785,-18.95456886291504,0.3490549325942993,16.96522331237793,36.86469650268555,11405.485405376448,625.4177856445312,416.90411376953125,66.66009426116943,-0.04546505585312843,-0.030307050794363022
187.7,1785,-18.76747703552246,0.34737640619277954,16.961668014526367,36.775550842285156,11415.822705439965,623.774658203125,415.2753601074219,66.5745735168457,-0.04519285261631012,-0.030086949467658997
187.8,1785,-18.85835838317871,0.34794098138809204,16.957225799560547,36.756446838378906,11412.492341628344,623.287353515625,415.82891845703125,66.71544313430786,-0.045351240783929825,-0.030256282538175583
187.9,1785,-18.79498863220215,0.3490501642227173,16.94752311706543,36.81931686401367,11404.146032600966,623.9962158203125,416.8494567871094,66.80319905281067,-0.04508819431066513,-0.030120356008410454
188,1785,-18.70997428894043,0.3510299324989319,16.94915771484375,36.82420349121094,11402.783346113116,624.1392211914062,419.1636657714844,67.1586811542511,-0.04463643953204155,-0.02997724525630474
188.1,1785,-18.862064361572266,0.3498138189315796,16.949974060058594,36.805824279785156,11407.29221808489,623.8577880859375,417.8766784667969,66.9826865196228,-0.04513787105679512,-0.030234558507800102
188.2,1785,-18.91330909729004,0.34914180636405945,16.95035743713379,36.83718490600586,11400.85180504351,624.4034423828125,416.83843994140625,66.75786972045898,-0.045373234897851944,-0.030290205031633377
188.3,1785,-18.843219757080078,0.35005080699920654,16.955520629882812,36.913299560546875,11396.333607586792,625.8842163085938,417.7580871582031,66.74686074256897,-0.04510558024048805,-0.0301065593957901
188.4,1785,-18.92205047607422,0.35036855936050415,16.957368850708008,36.968780517578125,11394.055857888538,626.8932495117188,418.0537109375,66.6865885257721,-0.04526224732398987,-0.03018384799361229
188.5,1785,-18.895462036132812,0.35022497177124023,16.945384979248047,37.005680084228516,11396.379069325907,627.0755004882812,417.96759033203125,66.65347218513489,-0.04520795866847038,-0.030132675543427467
188.6,1785,-18.639142990112305,0.3504372835159302,16.947067260742188,36.99114227294922,11404.67175681484,626.891357421875,418.5252990722656,66.76201224327087,-0.044535282999277115,-0.029732652008533478
188.7,1785,-18.717140197753906,0.3499133288860321,16.94632339477539,36.935577392578125,11412.544797481169,625.9222412109375,418.1880187988281,66.81150197982788,-0.04475771263241768,-0.02990330010652542
188.8,1785,-18.55076789855957,0.34822219610214233,16.94365692138672,36.85429763793945,11419.417679886954,624.4465942382812,416.41754150390625,66.68585538864136,-0.04454847797751427,-0.0297075342386961
188.9,1785,-18.48836898803711,0.3489544689655304,16.942337036132812,36.78367614746094,11422.282935136855,623.201416015625,417.39794921875,66.97641015052795,-0.04429434612393379,-0.029666762799024582
189,1782,-18.442995071411133,0.34718745946884155,16.934532165527344,36.6913948059082,11423.377513932484,621.3516235351562,415.32415771484375,66.84204936027527,-0.04440626874566078,-0.029682058840990067
189.1,1782,-18.473190307617188,0.3458620309829712,16.93553924560547,36.55757522583008,11414.930955941929,619.1222534179688,413.43267822265625,66.77722930908203,-0.04468246176838875,-0.02983771078288555
189.2,1782,-18.453857421875,0.34769484400749207,16.93119239807129,36.46377182006836,11392.865692872203,617.3751220703125,414.8201599121094,67.19093918800354,-0.044486407190561295,-0.02989083342254162
189.3,1782,-18.6159610748291,0.34750238060951233,16.93647575378418,36.46200180053711,11378.700281238029,617.5377807617188,414.0750427246094,67.0525848865509,-0.04495793953537941,-0.03014545887708664
189.4,1782,-18.64304542541504,0.345747172832489,16.94485855102539,36.445472717285156,11372.894001173032,617.5633544921875,411.7733459472656,66.67709946632385,-0.045275017619132996,-0.030188068747520447
189.5,1782,-18.581695556640625,0.34644997119903564,16.950477600097656,36.424068450927734,11369.440074685865,617.4053344726562,412.48504638671875,66.80943965911865,-0.04504816606640816,-0.030096426606178284
189.6,1782,-18.41961097717285,0.3463701903820038,16.944520950317383,36.382015228271484,11370.500848598562,616.475830078125,412.4285583496094,66.90101027488708,-0.04466133937239647,-0.02987888641655445
189.7,1782,-18.452808380126953,0.3460023105144501,16.94733238220215,36.30586242675781,11375.573912409616,615.2875366210938,412.17431640625,66.9888973236084,-0.04476942867040634,-0.0299905464053154
189.8,1782,-18.606294631958008,0.3437184691429138,16.95261573791504,36.239253997802734,11377.462323111342,614.3501586914062,409.52166748046875,66.65932536125183,-0.04543421044945717,-0.030286140739917755
189.9,1782,-18.482742309570312,0.3435620069503784,16.954967498779297,36.18734359741211,11372.989587393737,613.5552368164062,409.1743469238281,66.6890799999237,-0.045170824974775314,-0.030124006792902946
190,1782,-18.43699836730957,0.3442019522190094,16.962844848632812,36.14675521850586,11374.08183481813,613.1517944335938,409.9758605957031,66.86367988586426,-0.04497093707323074,-0.030069222673773766
190.1,1782,-18.38583755493164,0.342900812625885,16.95444107055664,36.028255462646484,11380.933734882785,610.8389282226562,408.6721496582031,66.90341830253601,-0.044989213347435,-0.03009932115674019
190.2,1782,-18.343345642089844,0.34130117297172546,16.95479965209961,35.89448165893555,11384.581165182599,608.583740234375,406.8960266113281,66.85949563980103,-0.045081160962581635,-0.030141036957502365
190.3,1782,-18.33812141418457,0.34183695912361145,16.956409454345703,35.84903335571289,10705.028414367483,607.8709106445312,383.20880126953125,63.04115056991577,-0.04785412549972534,-0.03016779012978077
190.4,1782,-18.468576431274414,0.34232836961746216,16.965871810913086,35.86283493041992,11009.524148850094,608.4442749023438,394.6754150390625,64.86632227897644,-0.046794343739748,-0.030353769659996033
190.5,1782,-18.500978469848633,0.343269020318985,16.97663116455078,35.932899475097656,11165.286558230722,610.0195922851562,401.3591003417969,65.79446196556091,-0.0460958257317543,-0.030328499153256416
190.6,1782,-18.47791290283203,0.3454424738883972,16.970914840698242,36.016937255859375,11248.047905762252,611.2403564453125,406.8941955566406,66.56860709190369,-0.045412082225084305,-0.030230190604925156
190.7,1782,-18.548736572265625,0.347417950630188,16.975910186767578,36.09917449951172,11291.114160932151,612.8163452148438,410.7879333496094,67.03279614448547,-0.04515404626727104,-0.030268019065260887
190.8,1782,-18.777156829833984,0.34839320182800293,16.963109970092773,36.20218276977539,11314.8137152388,614.1016235351562,412.80572509765625,67.22107529640198,-0.04548666998744011,-0.03057662956416607
190.9,1782,-18.784317016601562,0.34723716974258423,16.9377498626709,36.32670593261719,11324.39448533601,615.2926635742188,411.7843322753906,66.92495346069336,-0.04561688005924225,-0.030529076233506203
191,1782,-18.76078224182129,0.34722042083740234,16.92963218688965,36.46302032470703,11326.340014633035,617.3055419921875,411.835205078125,66.71497225761414,-0.04555410146713257,-0.030391404405236244
191.1,1782,-18.716093063354492,0.3480949401855469,16.940895080566406,36.577064514160156,11329.914006738893,619.648193359375,413.00274658203125,66.65116548538208,-0.045317113399505615,-0.03020438551902771
191.2,1782,-18.669065475463867,0.3488326072692871,16.95160675048828,36.62997055053711,11336.352088409032,620.9368286132812,414.1131591796875,66.69166684150696,-0.04508204013109207,-0.03006596490740776
191.3,1782,-18.672388076782227,0.3506447970867157,16.94286346435547,36.64174270629883,11347.96115148217,620.8160400390625,416.69073486328125,67.11984276771545,-0.04481114074587822,-0.030077166855335236
191.4,1782,-18.81143569946289,0.34789660573005676,16.951005935668945,36.59856414794922,11361.294263584843,620.3825073242188,413.9106750488281,66.71862602233887,-0.04544805735349655,-0.030322318896651268
191.5,1782,-18.65553855895996,0.3453773856163025,16.954030990600586,36.51200485229492,11371.082525722119,619.025634765625,411.2674255371094,66.43786430358887,-0.04536108672618866,-0.030136939138174057
191.6,1782,-18.58034324645996,0.34645476937294006,16.958763122558594,36.4326057434082,11376.238353212075,617.8519287109375,412.7374267578125,66.8019950389862,-0.04501734673976898,-0.030072486028075218
191.7,1782,-18.49089813232422,0.3453165292739868,16.96416664123535,36.34288787841797,11379.756392408251,616.5267944335938,411.5086364746094,66.7462706565857,-0.044934410601854324,-0.02999204210937023
191.8,1782,-18.559358596801758,0.34497374296188354,16.950117111206055,36.28510665893555,11379.047655552296,615.0368041992188,411.07452392578125,66.83738827705383,-0.04514840245246887,-0.030176013708114624
191.9,1782,-18.60836410522461,0.34479883313179016,16.95794677734375,36.282447814941406,11373.55960766111,615.2758178710938,410.6679382324219,66.7453408241272,-0.04531243443489075,-0.03024393878877163
192,1782,-18.52210807800293,0.34618496894836426,16.96558380126953,36.26125717163086,11369.694194150665,615.1934204101562,412.17877197265625,66.99986457824707,-0.044937074184417725,-0.030107781291007996
192.1,1782,-18.59901237487793,0.34582260251045227,16.97206687927246,36.234336853027344,11366.081734419402,614.9716186523438,411.6164855957031,66.93260073661804,-0.04518529400229454,-0.03024369291961193
192.2,1782,-18.503076553344727,0.34609952569007874,16.977951049804688,36.22059631347656,11366.47107341593,614.9515380859375,411.960205078125,66.99067950248718,-0.044914718717336655,-0.030088676139712334
192.3,1782,-18.522193908691406,0.3448888063430786,16.977397918701172,36.14902877807617,11371.790096892457,613.7164306640625,410.7112121582031,66.92197918891907,-0.04509785398840904,-0.030180377885699272
192.4,1782,-18.637779235839844,0.3453160524368286,16.971994400024414,36.148536682128906,11367.289384720012,613.5127563476562,411.0572509765625,67.00060367584229,-0.04534108191728592,-0.0303787961602211
192.5,1782,-18.839038848876953,0.34584808349609375,16.966495513916016,36.28498840332031,11349.71201128093,615.6290893554688,411.053955078125,66.76974296569824,-0.04583106189966202,-0.03060128167271614
192.6,1782,-18.733196258544922,0.3466058373451233,16.939695358276367,36.43813705444336,11335.806547539645,617.2509155273438,411.4498596191406,66.65844321250916,-0.045529719442129135,-0.030349401757121086
192.7,1782,-18.637216567993164,0.3491773307323456,16.93150520324707,36.56393051147461,11335.08382245627,619.0823974609375,414.47601318359375,66.95005893707275,-0.044965729117393494,-0.030104583129286766
192.8,1782,-18.655414581298828,0.34966617822647095,16.934555053710938,36.61875915527344,11346.059918238641,620.1223754882812,415.45819091796875,66.99615716934204,-0.0449032299220562,-0.030083440244197845
192.9,1782,-18.594863891601562,0.3484034538269043,16.929128646850586,36.55939865112305,11358.624843518824,618.9187622070312,414.4162902832031,66.95810556411743,-0.04487001150846481,-0.030044110491871834
193,1774,-18.448383331298828,0.34590616822242737,16.92706298828125,36.45579528808594,11373.294997025745,617.0895385742188,411.97723388671875,66.76133871078491,-0.044780101627111435,-0.02989579550921917
193.1,1774,-18.432477951049805,0.3440732955932617,16.944570541381836,36.1416015625,11369.716342177413,612.4039306640625,409.66534423828125,66.89463257789612,-0.044993989169597626,-0.03009856306016445
193.2,1774,-18.529027938842773,0.3425082266330719,16.94845962524414,35.81033706665039,11337.95607181988,606.9300537109375,406.6627502441406,67.00323224067688,-0.04556362330913544,-0.030529098585247993
193.3,1774,-18.66595458984375,0.34303349256515503,16.970386505126953,35.72880172729492,11296.955411565697,606.3316040039062,405.8135681152344,66.92931652069092,-0.04599637910723686,-0.030785061419010162
193.4,1774,-18.5622615814209,0.34393417835235596,16.947162628173828,35.73406982421875,11266.992628431659,605.591064453125,405.7999267578125,67.00890064239502,-0.045742396265268326,-0.030651478096842766
193.5,1774,-18.496109008789062,0.34320372343063354,16.917720794677734,35.734153747558594,11253.920629907494,604.5404663085938,404.46826171875,66.90508127212524,-0.045729443430900574,-0.0305953212082386
193.6,1774,-18.56255340576172,0.34135901927948,16.9454345703125,35.68671798706055,11253.532456596584,604.7269287109375,402.2803955078125,66.52265191078186,-0.046143319457769394,-0.030695760622620583
193.7,1774,-18.505657196044922,0.3403094410896301,16.973772048950195,35.592552185058594,11257.537752381231,604.139892578125,401.1862487792969,66.40618443489075,-0.04612734913825989,-0.0306314118206501
193.8,1774,-18.277271270751953,0.34116125106811523,16.970867156982422,35.5025749206543,11261.906742078803,602.5094604492188,402.3465270996094,66.77845120429993,-0.04542669281363487,-0.030335241928696632
193.9,1774,-18.11103057861328,0.34084418416023254,16.930255889892578,35.388084411621094,11267.736335856165,599.1293334960938,402.1806640625,67.12751984596252,-0.0450320765376091,-0.03022891655564308
194,1774,-18.115285873413086,0.34017905592918396,16.922163009643555,35.26387023925781,11269.15147819684,596.740966796875,401.4462585449219,67.27311611175537,-0.04512505978345871,-0.030357034876942635
194.1,1774,-18.206336975097656,0.33988866209983826,16.947114944458008,35.23830032348633,11257.670640541723,597.1875,400.6949157714844,67.09700226783752,-0.04543690383434296,-0.030486799776554108
194.2,1774,-18.238027572631836,0.34213894605636597,16.973962783813477,35.24810791015625,11250.006257601079,598.300048828125,403.07318115234375,67.36973524093628,-0.045247435569763184,-0.030483078211545944
194.3,1774,-18.2153377532959,0.34271061420440674,16.93815803527832,35.25743865966797,11247.365979675518,597.196044921875,403.6518859863281,67.59118437767029,-0.045126352459192276,-0.030501436442136765
194.4,1774,-18.32249641418457,0.3416346609592438,16.93553924560547,35.26976776123047,11240.751879477008,597.3125610351562,402.1479797363281,67.32622981071472,-0.04556157439947128,-0.03067488968372345
194.5,1774,-18.534807205200195,0.34263789653778076,16.966976165771484,35.374691009521484,11230.032234530672,600.2015380859375,402.9443054199219,67.13483333587646,-0.04599843546748161,-0.030880972743034363
194.6,1774,-18.539260864257812,0.34518054127693176,16.95794677734375,35.48994445800781,11222.993824767082,601.8366088867188,405.6800537109375,67.40701198577881,-0.045699216425418854,-0.030804475769400597
194.7,1774,-18.424789428710938,0.3453339636325836,16.92134666442871,35.549442291259766,11227.017771521621,601.54443359375,406.0058898925781,67.49391555786133,-0.045380596071481705,-0.030629141256213188
194.8,1774,-18.35189437866211,0.34447789192199707,16.94166374206543,35.556941986083984,11235.758082288,602.3937377929688,405.314697265625,67.28401184082031,-0.04527813568711281,-0.03046494722366333
194.9,1774,-18.5296573638916,0.34380462765693665,16.964502334594727,35.534912109375,11241.83013867398,602.8320922851562,404.74114990234375,67.1399474143982,-0.04578150063753128,-0.030737675726413727
195,1774,-18.554887771606445,0.3442142605781555,16.94675636291504,35.556922912597656,11239.509258607848,602.5745239257812,405.13970947265625,67.2347903251648,-0.045798737555742264,-0.030792687088251114
195.1,1774,-18.475486755371094,0.34397271275520325,16.929704666137695,35.62109375,11234.293981151355,603.0546264648438,404.6675720214844,67.10297465324402,-0.04565596207976341,-0.030636508017778397
195.2,1774,-18.701519012451172,0.34310609102249146,16.92888832092285,35.671714782714844,11231.257370115556,603.8824462890625,403.5389099121094,66.82408452033997,-0.04634378105401993,-0.03096880577504635
195.3,1774,-18.913421630859375,0.34353241324424744,16.95758628845215,35.74904251098633,11230.151134463744,606.2174682617188,404.0005187988281,66.64283871650696,-0.04681533947587013,-0.031199069693684578
195.4,1774,-18.76236343383789,0.34367743134498596,16.92072296142578,35.80701446533203,11230.289851052326,605.8805541992188,404.1760559082031,66.70886874198914,-0.04642126336693764,-0.030967097729444504
195.5,1774,-18.712007522583008,0.34343528747558594,16.922210693359375,35.85596466064453,11230.159294263072,606.76220703125,403.8865966796875,66.56423211097717,-0.04632985591888428,-0.030839113518595695
195.6,1774,-18.728626251220703,0.3442617952823639,16.967599868774414,35.88977813720703,11230.809746838111,608.96337890625,404.8820495605469,66.48709177970886,-0.04625699296593666,-0.030754929408431053
195.7,1774,-18.64938735961914,0.3463667929172516,16.952829360961914,35.87937545776367,11236.639340615473,608.2569580078125,407.56915283203125,67.00608730316162,-0.04575760290026665,-0.03066037781536579
195.8,1774,-18.43604278564453,0.3454814851284027,16.91539192199707,35.844818115234375,11246.488218404902,606.3291625976562,406.88372802734375,67.10608005523682,-0.04531034454703331,-0.03040599822998047
195.9,1774,-18.306018829345703,0.34255972504615784,16.905546188354492,35.767738342285156,11256.263658000376,604.6731567382812,403.7933654785156,66.77877902984619,-0.04533511400222778,-0.03027423843741417
196,1774,-18.32862091064453,0.34180140495300293,16.933042526245117,35.637969970703125,11266.459910104073,603.4592895507812,403.2644348144531,66.82546138763428,-0.04545062407851219,-0.030372589826583862
196.1,1774,-18.4195613861084,0.3420717120170593,16.961212158203125,35.533447265625,11265.941180003907,602.6903076171875,403.5647888183594,66.9605553150177,-0.04564214125275612,-0.030562231317162514
196.2,1774,-18.41803550720215,0.3425605595111847,16.935251235961914,35.46871566772461,11260.757376059111,600.671630859375,403.9555358886719,67.25064516067505,-0.04559421166777611,-0.030662404373288155
196.3,1774,-18.447681427001953,0.34231022000312805,16.89231300354004,35.469024658203125,11252.912311847624,599.1538696289062,403.3791198730469,67.32479929924011,-0.04573285952210426,-0.030789555981755257
196.4,1774,-18.668041229248047,0.3411717414855957,16.905473709106445,35.54460144042969,11240.599174661003,600.8983154296875,401.5976257324219,66.83287620544434,-0.04648444056510925,-0.031066888943314552
196.5,1774,-18.863632202148438,0.34405940771102905,16.937726974487305,35.65411376953125,11228.697524497662,603.899658203125,404.5679016113281,66.99257493019104,-0.04662661254405975,-0.031236369162797928
196.6,1774,-18.70539665222168,0.34646177291870117,16.909482955932617,35.76324462890625,11223.73520082035,604.7379760742188,407.2127380371094,67.33705401420593,-0.045935194939374924,-0.03093140758574009
196.7,1774,-18.66046714782715,0.3457810580730438,16.921083450317383,35.83753204345703,11223.081251188458,606.4098510742188,406.38897705078125,67.01556444168091,-0.04591774940490723,-0.03077203780412674
196.8,1774,-18.76899528503418,0.3451763987541199,16.91361427307129,35.87324523925781,11228.376960952617,606.7462158203125,405.8697509765625,66.89283847808838,-0.04624388739466667,-0.030933847650885582
196.9,1774,-18.630752563476562,0.3484020531177521,16.938997268676758,35.839988708496094,11239.445145898839,607.0934448242188,410.06640625,67.54584312438965,-0.04543350264430046,-0.030688442289829254
197,1765,-18.40255355834961,0.34756654500961304,16.912004470825195,35.74148941040039,11254.067506295407,604.460205078125,409.615234375,67.76545643806458,-0.044926438480615616,-0.03044460527598858
197.1,1765,-18.35888671875,0.3434552848339081,16.908811569213867,35.33655548095703,11257.53891806685,597.4991455078125,404.8948669433594,67.76492595672607,-0.045342352241277695,-0.03072621300816536
197.2,1765,-18.39344596862793,0.3385375738143921,16.92951202392578,34.91714096069336,11234.045690114646,591.1301879882812,398.26458740234375,67.37341284751892,-0.0461839884519577,-0.031115729361772537
197.3,1765,-18.24872398376465,0.3375987708568573,16.923267364501953,34.678951263427734,11206.20562049162,586.8811645507812,396.1759033203125,67.50530004501343,-0.046062175184488297,-0.03109441138803959
197.4,1765,-18.214879989624023,0.33616024255752563,16.897789001464844,34.511878967285156,11185.600961501686,583.1744384765625,393.762451171875,67.52052307128906,-0.04625855013728142,-0.03123401664197445
197.5,1765,-18.565288543701172,0.3375454843044281,16.940654754638672,34.4432487487793,11161.329055556427,583.4912109375,394.527099609375,67.61491894721985,-0.04705706983804703,-0.03181760013103485
197.6,1765,-18.212369918823242,0.33868715167045593,16.89027214050293,34.493499755859375,11135.970730614867,582.6046142578125,394.96209716796875,67.79248118400574,-0.04611169174313545,-0.031260259449481964
197.7,1765,-18.266414642333984,0.3384566307067871,16.939790725708008,34.570579528808594,11118.986691155524,585.618408203125,394.09130859375,67.29490160942078,-0.046350717544555664,-0.031191669404506683
197.8,1765,-18.041534423828125,0.33857691287994385,16.900287628173828,34.6087646484375,11118.554221791117,584.8980712890625,394.2160339355469,67.39909648895264,-0.045765604823827744,-0.030845604836940765
197.9,1765,-18.188243865966797,0.3364386260509491,16.924518585205078,34.574493408203125,11124.900214297408,585.1566772460938,391.9499206542969,66.9820487499237,-0.046404507011175156,-0.031082691624760628
198,1765,-18.30813217163086,0.33917659521102905,16.916566848754883,34.62347412109375,11121.304074164802,585.7103271484375,395.0119323730469,67.44151711463928,-0.04634830355644226,-0.0312579981982708
198.1,1765,-18.29857063293457,0.3400050699710846,16.925743103027344,34.670310974121094,11117.116931423692,586.82080078125,395.82769775390625,67.45291352272034,-0.04622862488031387,-0.031182553619146347
198.2,1765,-18.2132568359375,0.339958131313324,16.922883987426758,34.69033432006836,11117.480625336617,587.0604858398438,395.7860107421875,67.4182653427124,-0.04601794108748436,-0.031024497002363205
198.3,1765,-18.09331703186035,0.33763664960861206,16.92036247253418,34.637115478515625,11126.520517306913,586.0725708007812,393.4029235839844,67.12529063224792,-0.04599182307720184,-0.030872145667672157
198.4,1765,-17.987680435180664,0.33737555146217346,16.944355010986328,34.514583587646484,11137.990863791465,584.8273315429688,393.5039367675781,67.28549003601074,-0.045711565762758255,-0.030757248401641846
198.5,1765,-17.972383499145508,0.3361354470252991,16.900693893432617,34.43918991088867,11142.076591883779,582.0462036132812,392.2013244628906,67.38319396972656,-0.045824382454156876,-0.030877932906150818
198.6,1765,-18.32758903503418,0.33635950088500977,16.943849563598633,34.39482879638672,11137.551400313348,582.7808227539062,392.3033752441406,67.31576919555664,-0.046717897057533264,-0.03144851326942444
198.7,1765,-18.328767776489258,0.33661070466041565,16.900671005249023,34.38590621948242,11137.165558373674,581.1448974609375,392.582763671875,67.55333542823792,-0.04668765515089035,-0.03153906762599945
198.8,1765,-18.292953491210938,0.3342874348163605,16.931913375854492,34.3299446105957,11136.888125196507,581.2716674804688,389.86346435546875,67.07078218460083,-0.04692143574357033,-0.03147057443857193
198.9,1765,-18.080276489257812,0.3359847664833069,16.91210174560547,34.28545379638672,11135.136099712128,579.839111328125,391.7813415527344,67.56725311279297,-0.04614889621734619,-0.031181542202830315
199,1765,-18.0045108795166,0.3346116840839386,16.91942596435547,34.26725387573242,11130.481517038063,579.7822875976562,390.0171203613281,67.26958751678467,-0.04616338759660721,-0.031053917482495308
199.1,1765,-18.041921615600586,0.33544206619262695,16.95479965209961,34.25837326049805,11128.475372088884,580.8438720703125,390.9145202636719,67.30113625526428,-0.04615310952067375,-0.03106156922876835
199.2,1765,-18.024402618408203,0.33315062522888184,16.900718688964844,34.25727844238281,11126.700032892139,578.97265625,388.1822204589844,67.04673171043396,-0.04643284156918526,-0.031131701543927193
199.3,1765,-18.317174911499023,0.3337097465991974,16.95537757873535,34.22334671020508,11128.871705199123,580.269775390625,388.9095764160156,67.02220439910889,-0.0470988005399704,-0.03156665340065956
199.4,1765,-18.16999053955078,0.3340374231338501,16.898605346679688,34.184654235839844,11133.886484729259,577.6729736328125,389.4668884277344,67.41995811462402,-0.046653494238853455,-0.03145376592874527
199.5,1765,-18.257341384887695,0.3342723548412323,16.94742774963379,34.17410659790039,11131.044543191725,579.1632080078125,389.6413269042969,67.27660298347473,-0.04685679078102112,-0.031523656100034714
199.6,1765,-18.085664749145508,0.33585238456726074,16.910709381103516,34.23137664794922,11123.318378913309,578.8768920898438,391.2113342285156,67.58109331130981,-0.04622991010546684,-0.031242679804563522
199.7,1765,-18.15769386291504,0.3351435661315918,16.929271697998047,34.27980422973633,11115.902287009374,580.3320922851562,390.1253967285156,67.22450852394104,-0.04654322564601898,-0.031288452446460724
199.8,1765,-18.001585006713867,0.3359117805957794,16.911598205566406,34.32402038574219,11116.735752226492,580.4740600585938,391.0489501953125,67.36717224121094,-0.04603409394621849,-0.03101186826825142
199.9,1765,-17.95185661315918,0.3338313102722168,16.922740936279297,34.28319549560547,11123.837109013473,580.1656494140625,388.875244140625,67.02831387519836,-0.04616353660821915,-0.0309426411986351
200,1765,-17.88418197631836,0.33423808217048645,16.94738006591797,34.15076446533203,11138.298604794709,578.7659912109375,389.8552551269531,67.35973954200745,-0.04587390273809433,-0.030900541692972183
200.1,1765,-17.654518127441406,0.3322293162345886,16.91592025756836,34.00469207763672,11152.042038235042,575.2206420898438,387.9903869628906,67.45070219039917,-0.04550246149301529,-0.030691731721162796
200.2,1765,-17.798805236816406,0.33053719997406006,16.934724807739258,33.82335662841797,11162.113561977576,572.7892456054688,386.3628845214844,67.45288968086243,-0.04606758430600166,-0.0310739167034626
200.3,1765,-17.65506935119629,0.33219650387763977,16.921323776245117,33.70686340332031,11161.000332212054,570.36474609375,388.2637023925781,68.07287931442261,-0.04547185078263283,-0.030953997746109962
200.4,1765,-17.75819206237793,0.32918688654899597,16.914958953857422,33.638427734375,11151.86019127858,568.9926147460938,384.4310607910156,67.5634503364563,-0.0461934395134449,-0.031209880486130714
200.5,1765,-17.761032104492188,0.33141371607780457,16.944833755493164,33.63969421386719,11137.601524794936,570.01904296875,386.5367431640625,67.81119704246521,-0.045949142426252365,-0.03115866519510746
200.6,1765,-17.77619171142578,0.3309595286846161,16.91356658935547,33.69003677368164,11124.678734029922,569.8186645507812,385.5591125488281,67.66347289085388,-0.04610497131943703,-0.031196225434541702
200.7,1765,-17.84347915649414,0.33190271258354187,16.949541091918945,33.74992370605469,11114.960413029747,572.0457153320312,386.32012939453125,67.53308773040771,-0.04618832468986511,-0.031192399561405182
200.8,1765,-17.759918212890625,0.33134692907333374,16.898462295532227,33.797847747802734,11113.2864884818,571.1316528320312,385.6151428222656,67.51773357391357,-0.04605606943368912,-0.031096015125513077
200.9,1765,-17.820104598999023,0.33380281925201416,16.949853897094727,33.828861236572266,11116.684462059286,573.3942260742188,388.592041015625,67.77048110961914,-0.04585812985897064,-0.0310782752931118
201,1760,-17.624645233154297,0.3334518074989319,16.899757385253906,33.868282318115234,11121.48941817812,572.3657836914062,388.3511962890625,67.85017848014832,-0.0453832633793354,-0.03079262748360634
201.1,1760,-17.876079559326172,0.3321082890033722,16.96344566345215,33.71099090576172,11121.736543529209,571.8545532226562,386.7950744628906,67.63871312141418,-0.04621589183807373,-0.03125983476638794
201.2,1760,-17.78970718383789,0.33175334334373474,16.904560089111328,33.55156707763672,11101.552697047498,567.1744995117188,385.68048095703125,68.00032258033752,-0.04612550511956215,-0.031365491449832916
201.3,1760,-17.910709381103516,0.3312756419181824,16.94339370727539,33.498531341552734,11077.811178058588,567.5787963867188,384.301513671875,67.70892143249512,-0.046605877578258514,-0.03155633807182312
201.4,1760,-17.734033584594727,0.3306763470172882,16.901174545288086,33.497161865234375,11065.544668296703,566.141357421875,383.1815185546875,67.68300533294678,-0.04628102481365204,-0.031324390321969986
201.5,1760,-17.664392471313477,0.3305182158946991,16.946636199951172,33.42788314819336,11064.378982678354,566.4901733398438,382.9579162597656,67.60186553001404,-0.04612619802355766,-0.031182169914245605
201.6,1760,-17.55902671813965,0.32847657799720764,16.925045013427734,33.33796691894531,11065.9002024103,564.24658203125,380.6446838378906,67.460697889328,-0.046129703521728516,-0.031119419261813164
201.7,1760,-17.574512481689453,0.3293268084526062,16.91539192199707,33.269317626953125,11065.941001406942,562.7635498046875,381.63134765625,67.8138017654419,-0.0460510179400444,-0.031228946521878242
201.8,1760,-17.631650924682617,0.3279227614402771,16.92355728149414,33.219757080078125,11062.625791508357,562.1964721679688,379.8904724121094,67.57254600524902,-0.04641246050596237,-0.031362079083919525
201.9,1760,-17.396705627441406,0.3300369381904602,16.916881561279297,33.19413757324219,11061.319057930188,561.5413208007812,382.2945251464844,68.07950735092163,-0.04550602659583092,-0.030980277806520462
202,1760,-17.477005004882812,0.32801100611686707,16.946346282958984,33.19255447387695,11056.399864620756,562.4924926757812,379.7788391113281,67.51713752746582,-0.04601890221238136,-0.031070644035935402
202.1,1760,-17.408830642700195,0.3280719220638275,16.902544021606445,33.2396125793457,11049.354460743456,561.833984375,379.6073303222656,67.56574511528015,-0.04586010053753853,-0.030985718593001366
202.2,1760,-17.638898849487305,0.3297675549983978,16.937246322631836,33.28948211669922,11040.728387167675,563.8321533203125,381.27142333984375,67.62143969535828,-0.04626336321234703,-0.03128395229578018
202.3,1760,-17.653257369995117,0.3293984830379486,16.929561614990234,33.38040542602539,11034.48380931018,565.1156005859375,380.6293029785156,67.35423803329468,-0.04637913405895233,-0.031238310039043427
202.4,1760,-17.67355728149414,0.3320871591567993,16.931745529174805,33.45313262939453,11035.551577336588,566.419921875,383.7732849121094,67.7541971206665,-0.046052075922489166,-0.03120221570134163
202.5,1760,-17.660106658935547,0.3326125741004944,16.941015243530273,33.46243667602539,11040.938210578977,566.8876342773438,384.568115234375,67.83850193023682,-0.045921921730041504,-0.031152745708823204
202.6,1760,-17.47907066345215,0.33168262243270874,16.90585708618164,33.4945182800293,11044.74767117974,566.2535400390625,383.6252136230469,67.74795651435852,-0.04556288197636604,-0.03086792305111885
202.7,1760,-17.78388214111328,0.3316175639629364,16.959579467773438,33.483402252197266,11048.237733921078,567.8644409179688,383.6711730957031,67.56386756896973,-0.04635188728570938,-0.031317126005887985
202.8,1760,-17.82667350769043,0.3307573199272156,16.9248046875,33.497169494628906,11049.01874328537,566.9330444335938,382.70294189453125,67.50407814979553,-0.046580970287323,-0.03144405409693718
202.9,1760,-17.91361427307129,0.3321887254714966,16.956432342529297,33.563472747802734,11041.4732602778,569.1167602539062,384.0966491699219,67.48995780944824,-0.04663829877972603,-0.03147616609930992
203,1760,-18.150997161865234,0.3315509855747223,16.934412002563477,33.680240631103516,11030.760609445173,570.3550415039062,382.9873352050781,67.14892983436584,-0.047393206506967545,-0.031824029982089996
203.1,1760,-18.02233123779297,0.33411115407943726,16.90278434753418,33.771148681640625,11033.185235531339,570.826416015625,386.0295104980469,67.6264226436615,-0.046686407178640366,-0.03157234936952591
203.2,1760,-18.0665340423584,0.3336566388607025,16.960708618164062,33.747161865234375,11042.21347064545,572.3757934570312,385.81982421875,67.40673184394836,-0.046826351433992386,-0.03156411275267601
203.3,1760,-17.819089889526367,0.33172690868377686,16.918489456176758,33.713645935058594,11050.801076595828,570.3839721679688,383.88671875,67.30321049690247,-0.04641757532954216,-0.031240517273545265
203.4,1760,-17.909399032592773,0.33126500248908997,16.941593170166016,33.649532318115234,11058.16937538941,570.07666015625,383.6077880859375,67.29055643081665,-0.046686746180057526,-0.03141577169299126
203.5,1760,-17.734745025634766,0.3289307653903961,16.916135787963867,33.56136703491211,11066.926005754447,567.7286376953125,381.2063293457031,67.14587211608887,-0.04652269184589386,-0.031238066032528877
203.6,1760,-17.66286277770996,0.32837188243865967,16.958139419555664,33.47396469116211,11071.666849164272,567.6561889648438,380.7216491699219,67.06905961036682,-0.04639311134815216,-0.031115425750613213
203.7,1760,-17.735319137573242,0.3267175555229187,16.928144454956055,33.4018440246582,11067.914507158806,565.4312133789062,378.67523193359375,66.97104573249817,-0.046835172921419144,-0.031366005539894104
203.8,1760,-17.758501052856445,0.32908493280410767,16.911598205566406,33.43574142456055,11057.014180941627,565.4518432617188,381.0434265136719,67.38742589950562,-0.04660492762923241,-0.03140585869550705
203.9,1760,-17.826622009277344,0.3303558826446533,16.951101303100586,33.475257873535156,11046.779461212524,567.4425048828125,382.1609802246094,67.3479676246643,-0.04664689302444458,-0.03141573444008827
204,1760,-17.752920150756836,0.3311340808868408,16.91277503967285,33.56039047241211,11037.877120145193,567.5993041992188,382.75250244140625,67.43357181549072,-0.04638224467635155,-0.03127720579504967
204.1,1760,-17.83911895751953,0.3340543508529663,16.95830726623535,33.66436767578125,11029.628728709757,570.8906860351562,385.8394775390625,67.58552193641663,-0.04623456299304962,-0.03124787099659443
204.2,1760,-17.908418655395508,0.33237531781196594,16.934051513671875,33.80457305908203,11022.47491606995,572.4483642578125,383.6511535644531,67.01934337615967,-0.04667891189455986,-0.031283900141716
204.3,1760,-17.8909969329834,0.33447980880737305,16.902278900146484,33.929962158203125,11023.614956604695,573.4937133789062,386.1202392578125,67.3277199268341,-0.04633529856801033,-0.031196502968668938
204.4,1760,-18.02960205078125,0.3350357711315155,16.96399688720703,33.966217041015625,11031.906478408011,576.2028198242188,387.0529479980469,67.17303991317749,-0.04658174887299538,-0.03129037469625473
204.5,1760,-17.856571197509766,0.3338266909122467,16.9231014251709,33.987518310546875,11039.428647703216,575.1741943359375,385.9190979003906,67.09603667259216,-0.04627024382352829,-0.031045500189065933
204.6,1760,-17.991262435913086,0.33523982763290405,16.97600555419922,33.95885467529297,11046.073055727804,576.4857177734375,387.7860107421875,67.26723909378052,-0.046394821256399155,-0.031208515167236328
204.7,1760,-17.725509643554688,0.33457228541374207,16.93008804321289,33.946136474609375,11050.626223753075,574.7110595703125,387.1733703613281,67.36834645271301,-0.04578184336423874,-0.03084247000515461
204.8,1760,-17.722349166870117,0.33442336320877075,16.92994499206543,33.946537017822266,11051.288333184297,574.7130126953125,387.0242004394531,67.34217405319214,-0.045791320502758026,-0.030836869031190872
204.9,1760,-17.989768981933594,0.3328484892845154,16.95196533203125,33.961822509765625,11047.478872583533,575.7196655273438,385.06884765625,66.88478589057922,-0.04671831801533699,-0.031247446313500404
205,1749,-17.887197494506836,0.3336290717124939,16.909509658813477,33.9679069519043,11049.24605198095,574.3806762695312,386.03363037109375,67.2086775302887,-0.0463358536362648,-0.03114171326160431
205.1,1749,-18.054325103759766,0.33310192823410034,16.985851287841797,33.64820098876953,11045.837587232898,571.5433349609375,385.3048095703125,67.41480231285095,-0.046857256442308426,-0.03158872574567795
205.2,1749,-18.081777572631836,0.3296699523925781,16.943344116210938,33.192962646484375,11010.793580488476,562.3997802734375,380.1251525878906,67.58984327316284,-0.04756795987486839,-0.03215111047029495
205.3,1749,-17.694997787475586,0.3282981514930725,16.918128967285156,32.95957946777344,10972.789897959068,557.6144409179688,377.2368469238281,67.65192151069641,-0.046906862407922745,-0.03173339366912842
205.4,1749,-17.726043701171875,0.3274683356285095,16.923892974853516,32.8537483215332,10941.885240845402,556.0133056640625,375.2235412597656,67.4846351146698,-0.04724128916859627,-0.031880609691143036
205.5,1749,-17.75019645690918,0.32810112833976746,16.96536636352539,32.744415283203125,10926.333829011011,555.52099609375,375.414306640625,67.57877469062805,-0.047281619161367416,-0.03195234015583992
205.6,1749,-17.65157127380371,0.32630655169487,16.968032836914062,32.627227783203125,10918.848961655593,553.619873046875,373.10516357421875,67.3937439918518,-0.047309909015893936,-0.03188391774892807
205.7,1749,-17.46860694885254,0.3244619369506836,16.953336715698242,32.53850555419922,10915.536083128245,551.63623046875,370.8834533691406,67.23333597183228,-0.047099992632865906,-0.031666893512010574
205.8,1749,-17.426856994628906,0.32414597272872925,16.933090209960938,32.43486022949219,10913.898294834466,549.222412109375,370.4666748046875,67.45294332504272,-0.04704028367996216,-0.031730055809020996
205.9,1749,-17.379404067993164,0.3243294656276703,16.9322509765625,32.339378356933594,10913.822525269274,547.5784912109375,370.673828125,67.69328117370605,-0.04688597843050957,-0.031738653779029846
206,1749,-17.45539093017578,0.32365670800209045,16.959026336669922,32.26230239868164,10908.863698648816,547.13720703125,369.7368469238281,67.57662296295166,-0.04721030965447426,-0.03190313279628754
206.1,1749,-17.523218154907227,0.3225450813770294,16.97499656677246,32.21835708618164,10902.62728059065,546.906494140625,368.2563171386719,67.33441948890686,-0.04758429899811745,-0.032040610909461975
206.2,1749,-17.28043556213379,0.3218649625778198,16.96464729309082,32.168617248535156,10902.313711159315,545.729248046875,367.46923828125,67.33545064926147,-0.04702552780508995,-0.03166485205292702
206.3,1749,-17.173730850219727,0.32142913341522217,16.94915771484375,32.0895881652832,10905.07055764671,543.8914794921875,367.064453125,67.48854517936707,-0.04678668826818466,-0.031575657427310944
206.4,1749,-17.143430709838867,0.32128873467445374,16.93297004699707,32.013248443603516,10908.1129971106,542.0794067382812,367.0065002441406,67.70346164703369,-0.0467115193605423,-0.03162531554698944
206.5,1749,-17.191608428955078,0.32161393761634827,16.9589786529541,31.894784927368164,10911.052856240076,540.9029541015625,367.47698974609375,67.93769001960754,-0.04678281769156456,-0.03178316354751587
206.6,1749,-17.11171531677246,0.31976109743118286,16.9840030670166,31.78226661682129,10912.753591557246,539.7901000976562,365.4168701171875,67.69610047340393,-0.046827930957078934,-0.031700681895017624
206.7,1749,-17.119714736938477,0.3181944489479065,16.97228240966797,31.68300437927246,10913.172072694235,537.73291015625,363.6404724121094,67.62474179267883,-0.047078683972358704,-0.03183683753013611
206.8,1749,-17.01555061340332,0.3176015615463257,16.95768165588379,31.620534896850586,10909.166776909587,536.2109375,362.8297119140625,67.66547560691833,-0.0468967966735363,-0.031732939183712006
206.9,1749,-16.998384475708008,0.3179126977920532,16.94485855102539,31.60373878479004,10900.673591494298,535.5208740234375,362.90240478515625,67.76624321937561,-0.04684010148048401,-0.03174177557229996
207,1749,-17.107784271240234,0.3192216157913208,16.948026657104492,31.63127326965332,10889.021398053283,536.087646484375,364.00701904296875,67.90065169334412,-0.04699850082397461,-0.031912289559841156
207.1,1749,-17.205434799194336,0.31998997926712036,16.965774536132812,31.732019424438477,10877.245641936723,538.3582763671875,364.48858642578125,67.70371794700623,-0.04720431566238403,-0.03195907920598984
207.2,1749,-17.30243682861328,0.32127875089645386,16.977710723876953,31.79465675354004,10874.646163007805,539.8004760742188,365.8691101074219,67.77858138084412,-0.04729132726788521,-0.032053392380476
207.3,1749,-17.308080673217773,0.3196522295475006,16.98729133605957,31.8239688873291,10876.688444211151,540.60302734375,364.085205078125,67.34797954559326,-0.04753854125738144,-0.032016247510910034
207.4,1749,-17.293678283691406,0.32046031951904297,16.97663116455078,31.885631561279297,10873.39188528246,541.3106079101562,364.89501953125,67.40954518318176,-0.04739357531070709,-0.0319477915763855
207.5,1749,-17.330860137939453,0.3219745457172394,16.967023849487305,31.972705841064453,10868.991422073195,542.481689453125,366.4708251953125,67.55450963973999,-0.047291241586208344,-0.03194736689329147
207.6,1749,-17.247217178344727,0.3226766884326935,16.95804214477539,32.082191467285156,10865.043244883847,544.0511474609375,367.1365966796875,67.48200058937073,-0.046977657824754715,-0.03170146048069
207.7,1749,-17.225948333740234,0.32279738783836365,16.951749801635742,32.14392852783203,10869.027558327363,544.8958129882812,367.4085998535156,67.42730736732483,-0.046884987503290176,-0.03161328658461571
207.8,1749,-17.31903648376465,0.3224620521068573,16.950069427490234,32.136051177978516,10880.29740688556,544.7083129882812,367.407470703125,67.45032072067261,-0.04713849723339081,-0.031795065850019455
207.9,1749,-17.409055709838867,0.32283440232276917,16.96563148498535,32.088768005371094,10889.765105477789,544.4061889648438,368.15179443359375,67.62446761131287,-0.0472877100110054,-0.0319780632853508
208,1749,-17.46031951904297,0.3224049508571625,16.994041442871094,32.041481018066406,10894.314776446205,544.5142822265625,367.815673828125,67.54931807518005,-0.047470297664403915,-0.03206586465239525
208.1,1749,-17.28695297241211,0.32055696845054626,16.98138427734375,31.98002052307129,10897.87711169588,543.0650024414062,365.8269958496094,67.3633873462677,-0.047254450619220734,-0.031832195818424225
208.2,1749,-17.175107955932617,0.31974875926971436,16.968345642089844,31.896854400634766,10902.482735573976,541.2368774414062,365.0588684082031,67.44900345802307,-0.04704750329256058,-0.03173307329416275
208.3,1749,-17.111848831176758,0.31953734159469604,16.954872131347656,31.784948348999023,10910.105153832359,538.9097290039062,365.0725402832031,67.74280071258545,-0.04687246307730675,-0.03175271674990654
208.4,1749,-17.146724700927734,0.3189032971858978,16.967334747314453,31.67290687561035,10914.2689828611,537.40478515625,364.4872131347656,67.82358288764954,-0.04704342037439346,-0.03190653398633003
208.5,1749,-17.232147216796875,0.318574458360672,16.990846633911133,31.598073959350586,10909.61673155827,536.8780517578125,363.9561462402344,67.7912175655365,-0.04734676703810692,-0.032096948474645615
208.6,1749,-17.093162536621094,0.3175603449344635,16.983810424804688,31.558332443237305,10904.009783734013,535.980712890625,362.6111145019531,67.6537573337555,-0.04713910073041916,-0.03189137578010559
208.7,1749,-16.953109741210938,0.3169568181037903,16.970794677734375,31.508092880249023,10902.675073701002,534.7173461914062,361.8776550292969,67.67643690109253,-0.0468476265668869,-0.03170480579137802
208.8,1749,-16.834747314453125,0.3172879219055176,16.957874298095703,31.441818237304688,10903.536515372964,533.1864013671875,362.2843322753906,67.94703006744385,-0.046468328684568405,-0.03157385066151619
208.9,1749,-17.003297805786133,0.31691694259643555,16.96106719970703,31.387907028198242,10901.050107949024,532.3723754882812,361.7782287597656,67.95585751533508,-0.04699923098087311,-0.03193872794508934
209,1730,-17.063026428222656,0.3182741105556488,16.978118896484375,31.384765625,10896.57037811771,532.8543090820312,363.1781921386719,68.15713047981262,-0.04698251932859421,-0.032021936029195786
209.1,1730,-17.022390365600586,0.3140107989311218,17.022449493408203,30.951257705688477,10884.000790095055,526.8662109375,357.9000549316406,67.92996525764465,-0.047561854124069214,-0.032308753579854965
209.2,1730,-16.76311683654785,0.30749380588531494,17.00139045715332,30.07328224182129,10826.563962622153,511.2876281738281,348.6226806640625,68.1852400302887,-0.0480838380753994,-0.03278607875108719
209.3,1730,-16.448184967041016,0.3039343059062958,16.98301887512207,29.5444278717041,10766.469371939414,501.7535705566406,342.67437744140625,68.29535365104675,-0.04799945652484894,-0.03278139978647232
209.4,1730,-16.222333908081055,0.3013615310192108,16.955928802490234,29.2166690826416,10714.77238045126,495.395751953125,338.1422119140625,68.25698614120483,-0.04797488823533058,-0.03274621069431305
209.5,1730,-16.0983943939209,0.2997822165489197,16.980257034301758,28.99855613708496,10679.14203384081,492.4029235839844,335.2515869140625,68.08480620384216,-0.04801884666085243,-0.032693538814783096
209.6,1730,-16.15483856201172,0.2998998463153839,16.985780715942383,28.84539031982422,10656.634975921732,489.96148681640625,334.6763000488281,68.30665469169617,-0.04827004298567772,-0.03297165036201477
209.7,1730,-16.116100311279297,0.3007715344429016,16.97991943359375,28.78125762939453,10633.990367099686,488.70343017578125,334.9358215332031,68.53560209274292,-0.048116978257894516,-0.032977260649204254
209.8,1730,-16.081113815307617,0.29942086338996887,16.962604522705078,28.77768898010254,10613.616513862185,488.1445617675781,332.79290771484375,68.17507147789001,-0.048321682959795,-0.03294334188103676
209.9,1730,-16.25897789001465,0.30076220631599426,16.98964500427246,28.81924057006836,10595.99134731275,489.628662109375,333.7286376953125,68.15953850746155,-0.04871915653347969,-0.0332067534327507
210,1730,-16.09835433959961,0.3007695972919464,16.955978393554688,28.859411239624023,10588.648693602772,489.33953857421875,333.5055847167969,68.15422177314758,-0.04827012121677399,-0.03289812430739403
210.1,1730,-15.999794006347656,0.2995338439941406,16.97463607788086,28.838287353515625,10593.495614403866,489.5194396972656,332.287353515625,67.88032054901123,-0.048150476068258286,-0.03268469497561455
210.2,1730,-16.10260772705078,0.30054473876953125,16.99101448059082,28.797447204589844,10601.813946976403,489.2978515625,333.67059326171875,68.1937575340271,-0.04825899749994278,-0.03290962427854538
210.3,1730,-15.970725059509277,0.30012112855911255,16.976991653442383,28.721763610839844,10609.353601555884,487.609130859375,333.437255859375,68.38207244873047,-0.04789724200963974,-0.03275312855839729
210.4,1730,-15.890392303466797,0.2986993193626404,16.964527130126953,28.649810791015625,10610.579902826386,486.0304870605469,331.8959655761719,68.28706860542297,-0.047877632081508636,-0.03269422799348831
210.5,1730,-15.980306625366211,0.2983191907405853,16.99048614501953,28.574430465698242,10608.207732593046,485.49346923828125,331.39947509765625,68.26033592224121,-0.0482206754386425,-0.032915595918893814
210.6,1730,-15.963357925415039,0.29903706908226013,16.975069046020508,28.518327713012695,10607.97226409814,484.1005859375,332.1896057128906,68.61995458602905,-0.04805495962500572,-0.03297528997063637
210.7,1730,-15.804329872131348,0.29765161871910095,16.96140480041504,28.487438201904297,10605.302844032121,483.1869812011719,330.5673522949219,68.4139609336853,-0.04780971258878708,-0.03270851820707321
210.8,1730,-15.875927925109863,0.29691100120544434,16.984529495239258,28.425060272216797,10605.448554734416,482.7862854003906,329.7493591308594,68.30130815505981,-0.048145439475774765,-0.03288396820425987
210.9,1730,-15.899435997009277,0.2977392077445984,16.993608474731445,28.422121047973633,10602.919016942598,482.994384765625,330.5903015136719,68.44598650932312,-0.04809407889842987,-0.03291846811771393
211,1730,-15.755297660827637,0.29624655842781067,16.957489013671875,28.42828941345215,10598.708560489122,482.0724182128906,328.8023376464844,68.20600628852844,-0.04791723191738129,-0.03268242999911308
211.1,1730,-15.855741500854492,0.2963247299194336,16.987340927124023,28.385311126708984,10599.033786776641,482.1909484863281,328.899169921875,68.20932030677795,-0.04820851609110832,-0.032882701605558395
211.2,1730,-15.834039688110352,0.2974476218223572,16.981456756591797,28.314668655395508,10603.776961557704,480.8243103027344,330.2932434082031,68.69312524795532,-0.04793933779001236,-0.03293102979660034
211.3,1730,-15.646589279174805,0.29578423500061035,16.965103149414062,28.263816833496094,10607.465190854158,479.4985656738281,328.5604248046875,68.52167248725891,-0.047621648758649826,-0.032631147652864456
211.4,1730,-15.679998397827148,0.29440829157829285,16.98270606994629,28.193185806274414,10607.957110185102,478.7966003417969,327.04718017578125,68.30608248710632,-0.047944147139787674,-0.032748766243457794
211.5,1730,-15.790618896484375,0.2958340644836426,17.00059700012207,28.187341690063477,10601.84425480248,479.2016296386719,328.441650390625,68.53933930397034,-0.04807739704847336,-0.03295192867517471
211.6,1730,-15.729161262512207,0.294717401266098,16.96198081970215,28.225643157958984,10592.966393133136,478.7628173828125,326.92791748046875,68.28598380088806,-0.04811201989650726,-0.03285376355051994
211.7,1730,-15.858390808105469,0.2950117886066437,16.982681274414062,28.27646827697754,10583.37629755098,480.2102355957031,326.95819091796875,68.0864691734314,-0.048502810299396515,-0.03302384912967682
211.8,1730,-15.837764739990234,0.2981220781803131,17.001005172729492,28.35365104675293,10577.873095746754,482.0405578613281,330.2334899902344,68.50740313529968,-0.04795929417014122,-0.03285566717386246
211.9,1730,-15.821507453918457,0.2977449893951416,16.970001220703125,28.449234008789062,10576.230644710502,482.7835388183594,329.7645568847656,68.30484867095947,-0.04797819256782532,-0.032771430909633636
212,1730,-15.958077430725098,0.29870420694351196,17.002660751342773,28.51922035217285,10576.05579186775,484.9026184082031,330.82147216796875,68.22431087493896,-0.04823773354291916,-0.03290985897183418
212.1,1730,-15.883525848388672,0.2998066246509552,16.97415542602539,28.586946487426758,10577.822971265166,485.2392578125,332.097900390625,68.44003200531006,-0.047827839851379395,-0.03273338824510574
212.2,1730,-15.873537063598633,0.2987341582775116,16.975019454956055,28.618804931640625,10580.159005244337,485.8047790527344,330.9830017089844,68.13086867332458,-0.04795876890420914,-0.032674726098775864
212.3,1730,-16.060243606567383,0.2996106743812561,17.002086639404297,28.628562927246094,10581.351501631907,486.74530029296875,331.9915466308594,68.20642352104187,-0.048375457525253296,-0.03299516811966896
212.4,1730,-15.99498462677002,0.300146222114563,16.99048614501953,28.709104537963867,10579.612298689332,487.7816467285156,332.53033447265625,68.17196011543274,-0.048100829124450684,-0.03279127925634384
212.5,1730,-16.0289306640625,0.2994248867034912,16.981504440307617,28.755701065063477,10580.539018755919,488.3150634765625,331.7602233886719,67.93978810310364,-0.04831480607390404,-0.03282497823238373
212.6,1730,-16.24166488647461,0.302091121673584,17.009218215942383,28.832109451293945,10575.971862503227,490.4116516113281,334.56988525390625,68.22226047515869,-0.048544906079769135,-0.03311843425035477
212.7,1730,-16.170631408691406,0.3021601140499115,16.977590560913086,28.93134880065918,10572.994701433965,491.1846008300781,334.5520935058594,68.11127662658691,-0.04833516478538513,-0.032921697944402695
212.8,1730,-16.30927085876465,0.30266526341438293,16.999876022338867,29.003292083740234,10572.938748524284,493.0523681640625,335.1096496582031,67.9663360118866,-0.04866846278309822,-0.03307817131280899
212.9,1730,-16.289302825927734,0.30368077754974365,17.013084411621094,29.071216583251953,10573.54257367459,494.591064453125,336.2532043457031,67.9861068725586,-0.04844355955719948,-0.03293489292263985
213,1730,-16.119115829467773,0.3025070130825043,16.989501953125,29.078346252441406,10583.449735744936,494.026611328125,335.26739501953125,67.86423325538635,-0.04807838797569275,-0.032628029584884644
213.1,1730,-16.28707504272461,0.3022533655166626,16.996490478515625,29.037057876586914,10591.991879956196,493.528076171875,335.25665283203125,67.9306149482727,-0.04858091473579407,-0.03300131484866142
213.2,1730,-16.23992919921875,0.30239295959472656,17.006528854370117,28.977365493774414,10600.686728983459,492.8044128417969,335.68682861328125,68.11766028404236,-0.04837821424007416,-0.03295410796999931
213.3,1730,-16.056549072265625,0.30062034726142883,16.97627067565918,28.88703155517578,10610.028533528908,490.3940734863281,334.01312255859375,68.11116933822632,-0.04807161167263985,-0.03274213522672653
213.4,1730,-16.027732849121094,0.29797133803367615,16.99785804748535,28.729108810424805,10618.876087372175,488.33331298828125,331.345947265625,67.85241365432739,-0.04837159812450409,-0.03282129764556885
213.5,1730,-16.029821395874023,0.2984539568424225,17.007490158081055,28.592283248901367,10621.54900449505,486.2829895019531,331.9661560058594,68.2660460472107,-0.048287514597177505,-0.03296397998929024
213.6,1730,-15.880306243896484,0.29801270365715027,17.00520896911621,28.513166427612305,10618.457606235188,484.8723449707031,331.3788757324219,68.3435320854187,-0.04792189970612526,-0.03275151923298836
213.7,1730,-15.79571533203125,0.29657816886901855,16.98488998413086,28.471698760986328,10614.24831546733,483.58868408203125,329.65301513671875,68.16805601119995,-0.04791618883609772,-0.032663535326719284
213.8,1730,-15.849858283996582,0.2965715229511261,17.010778427124023,28.39459800720215,10613.047659280432,483.01422119140625,329.60833740234375,68.2398796081543,-0.048086948692798615,-0.032814476639032364
213.9,1730,-15.791255950927734,0.29622867703437805,16.997377395629883,28.321533203125,10612.132596070027,481.39178466796875,329.19891357421875,68.38482022285461,-0.04796873778104782,-0.032803334295749664
214,1730,-15.609647750854492,0.29386940598487854,16.98265838623047,28.256752014160156,10610.188232458622,479.874755859375,326.5172119140625,68.04217100143433,-0.0478065088391304,-0.0325285866856575
214.1,1730,-15.775193214416504,0.2942645847797394,16.99843406677246,28.215883255004883,10604.328330855182,479.6258239746094,326.7757263183594,68.13138723373413,-0.04827529191970825,-0.032890625298023224
214.2,1730,-15.77530574798584,0.29639318585395813,17.01061248779297,28.264034271240234,10596.405165707265,480.7885437011719,328.8935852050781,68.40711832046509,-0.04796477407217026,-0.03281131759285927
214.3,1730,-15.727547645568848,0.29577597975730896,16.985395431518555,28.258346557617188,10593.497945775103,479.97918701171875,328.11865234375,68.36101412773132,-0.04793250188231468,-0.03276714310050011
214.4,1730,-15.894397735595703,0.29581931233406067,17.008785247802734,28.301280975341797,10588.476172131255,481.37042236328125,328.0111389160156,68.141108751297,-0.04845688119530678,-0.033019058406353
214.5,1730,-15.908827781677246,0.2970540523529053,16.992671966552734,28.350313186645508,10585.506005175703,481.74755859375,329.2878723144531,68.35278272628784,-0.048312827944755554,-0.0330231599509716
214.6,1730,-15.801198959350586,0.2953181564807892,16.981504440307617,28.34024429321289,10586.740466245534,481.2599792480469,327.4017639160156,68.03012490272522,-0.04826240986585617,-0.032832980155944824
214.7,1730,-15.98525333404541,0.2963024377822876,17.001413345336914,28.331212997436523,10587.66135788403,481.670654296875,328.5215759277344,68.20460557937622,-0.04865815490484238,-0.033187102526426315
214.8,1730,-15.984442710876465,0.2971784472465515,16.992048263549805,28.395479202270508,10585.241394540339,482.4973449707031,329.4175109863281,68.27343702316284,-0.048523351550102234,-0.033128559589385986
214.9,1730,-15.994416236877441,0.2970796227455139,16.991662979125977,28.46343421936035,10577.743704643119,483.6410827636719,329.07470703125,68.04110407829285,-0.04860420897603035,-0.03307083994150162
215,1730,-16.128305435180664,0.2993936240673065,17.01258087158203,28.554906845092773,10576.630474877595,485.79266357421875,331.60302734375,68.26019883155823,-0.04863738641142845,-0.0331999771296978
215.1,1730,-16.07988166809082,0.299486368894577,16.984699249267578,28.59831428527832,10578.218138689786,485.7337646484375,331.75555419921875,68.29987168312073,-0.04846906661987305,-0.0331043116748333
215.2,1730,-15.968301773071289,0.297355592250824,16.98746109008789,28.591232299804688,10584.003436413652,485.69244384765625,329.5753479003906,67.85679459571838,-0.04845114424824715,-0.03287739306688309
215.3,1730,-16.071786880493164,0.29978349804878235,17.009506225585938,28.658966064453125,10583.497528855289,487.474853515625,332.25042724609375,68.15744638442993,-0.048372507095336914,-0.03296946734189987
215.4,1730,-15.968724250793457,0.30016064643859863,16.980497360229492,28.727420806884766,10581.071737083505,487.805908203125,332.5921630859375,68.18125247955322,-0.048012927174568176,-0.03273581713438034
215.5,1730,-16.04625129699707,0.300231009721756,17.000404357910156,28.760913848876953,10583.925335477223,488.9471740722656,332.7598571777344,68.05640459060669,-0.04822171479463577,-0.03281796723604202
215.6,1730,-16.11471939086914,0.30184057354927063,17.00467872619629,28.780818939208984,10587.01207099461,489.4085693359375,334.6413879394531,68.37669014930725,-0.04815518856048584,-0.03292692452669144
215.7,1730,-15.914116859436035,0.2990812361240387,16.97600555419922,28.735761642456055,10593.30211059122,487.8184509277344,331.7792053222656,68.01283955574036,-0.047965988516807556,-0.03262303024530411
215.8,1730,-15.996246337890625,0.2979089617729187,16.9906063079834,28.68002700805664,10600.95483667568,487.2910461425781,330.7174987792969,67.86857843399048,-0.04836830869317055,-0.03282688185572624
215.9,1730,-16.101194381713867,0.3001776933670044,17.0089054107666,28.647397994995117,10600.451260488553,487.2608947753906,333.2202453613281,68.3864176273346,-0.0483199767768383,-0.033044300973415375
216,1730,-16.059961318969727,0.30036792159080505,16.977781295776367,28.720651626586914,10589.29098637848,487.6129455566406,333.08038330078125,68.30835342407227,-0.04821647331118584,-0.03293588012456894
216.1,1730,-16.134748458862305,0.3005048334598541,16.998003005981445,28.768024444580078,10584.196940226297,488.99896240234375,333.0718994140625,68.1130051612854,-0.048442237079143524,-0.03299546614289284
216.2,1730,-16.105342864990234,0.30233511328697205,17.00295066833496,28.767547607421875,10590.398387715913,489.1331787109375,335.296875,68.54919791221619,-0.048033084720373154,-0.0329262912273407
216.3,1730,-15.9181547164917,0.29999610781669617,16.973939895629883,28.7039794921875,10601.312702160514,487.2196350097656,333.0457458496094,68.35638880729675,-0.047795701771974564,-0.03267141431570053
216.4,1730,-15.970826148986816,0.2986098527908325,16.989622116088867,28.607341766357422,10606.502334533403,486.0279235839844,331.6690368652344,68.24073791503906,-0.048152897506952286,-0.03285989537835121
216.5,1730,-16.03335952758789,0.29953813552856445,17.011451721191406,28.5731143951416,10608.609894131378,486.0701599121094,332.7662048339844,68.46053004264832,-0.04818205535411835,-0.03298569098114967
216.6,1730,-15.941874504089355,0.29891863465309143,16.973339080810547,28.530778884887695,10607.383592860873,484.2625732421875,332.03961181640625,68.56602430343628,-0.04801196604967117,-0.03291989862918854
216.7,1730,-15.926407814025879,0.2974143326282501,16.9951229095459,28.485002517700195,10606.575772727358,484.1061096191406,330.34344482421875,68.23781728744507,-0.04821166396141052,-0.032898589968681335
216.8,1730,-15.986146926879883,0.2988116443157196,17.004776000976562,28.46678924560547,10600.106217545523,484.0713806152344,331.6930236816406,68.52151155471802,-0.04819560796022415,-0.03302435949444771
216.9,1730,-15.926304817199707,0.298515260219574,16.97751808166504,28.515771865844727,10590.31562403701,484.1270446777344,331.0579833984375,68.38245987892151,-0.048107296228408813,-0.03289695456624031
217,1735,-16.11626625061035,0.2991696000099182,16.98666763305664,28.62327003479004,10576.199171198807,486.2139892578125,331.3414001464844,68.14723610877991,-0.048639457672834396,-0.0331464484333992
217.1,1735,-16.22509765625,0.30348217487335205,16.989524841308594,28.90157127380371,10569.75759247181,491.0239562988281,335.91302490234375,68.41071844100952,-0.04830148443579674,-0.03304339200258255
217.2,1735,-16.1940975189209,0.30473533272743225,16.976173400878906,29.235414505004883,10589.252518753075,496.30548095703125,337.9222106933594,68.08754801750183,-0.04792255908250809,-0.03262929618358612
217.3,1735,-16.38803482055664,0.3059011697769165,16.99620246887207,29.418840408325195,10614.532742758207,500.0085754394531,340.02484130859375,68.00380349159241,-0.04819658398628235,-0.032775506377220154
217.4,1735,-16.43362808227539,0.3068496584892273,16.993751525878906,29.498855590820312,10637.951366830835,501.2962341308594,341.8316345214844,68.18954944610596,-0.04807521030306816,-0.03278227150440216
217.5,1735,-16.398265838623047,0.30687931180000305,17.003334045410156,29.527063369750977,10658.05478100488,502.05853271484375,342.5107421875,68.2212769985199,-0.04787664860486984,-0.03266206011176109
217.6,1735,-16.34589385986328,0.30611956119537354,16.97756576538086,29.524930953979492,10667.179768025315,501.2614440917969,341.9552917480469,68.21894645690918,-0.04780125990509987,-0.03260951489210129
217.7,1735,-16.37724494934082,0.30551713705062866,16.980039596557617,29.559993743896484,10668.803568091675,501.92987060546875,341.33428955078125,68.00437569618225,-0.04798007756471634,-0.03262855112552643
217.8,1735,-16.42082405090332,0.3049768805503845,16.994041442871094,29.596376419067383,10668.995906218703,502.9620361328125,340.7368469238281,67.74603128433228,-0.0481921024620533,-0.0326482355594635
217.9,1735,-16.367551803588867,0.3057830035686493,17.00844955444336,29.617122650146484,10673.891785815767,503.7413330078125,341.79425048828125,67.85114407539368,-0.04788714647293091,-0.032491978257894516
218,1735,-16.321863174438477,0.30618739128112793,17.002853393554688,29.565839767456055,10684.744318922594,502.7036437988281,342.59423828125,68.1503415107727,-0.04764196649193764,-0.03246816247701645
218.1,1735,-16.257577896118164,0.3051254451274872,16.985923767089844,29.505496978759766,10690.8688311614,501.1781311035156,341.6017150878906,68.15974116325378,-0.047592200338840485,-0.032438721507787704
218.2,1735,-16.150327682495117,0.3038589656352997,16.973508834838867,29.441604614257812,10692.552081194295,499.7273254394531,340.2373962402344,68.0846095085144,-0.04746782034635544,-0.03231827914714813
218.3,1735,-16.17384910583496,0.30344176292419434,16.98609161376953,29.376163482666016,10694.474296778953,498.9862060546875,339.8313293457031,68.10435056686401,-0.04759375378489494,-0.03241341933608055
218.4,1735,-16.318960189819336,0.30398035049438477,16.991783142089844,29.339502334594727,10690.60771758289,498.53045654296875,340.3114318847656,68.26291680335999,-0.04795302078127861,-0.03273412957787514
218.5,1735,-16.370092391967773,0.3051958978176117,16.990846633911133,29.34058380126953,10684.738490494503,498.5213623046875,341.48468017578125,68.49950551986694,-0.04793800041079521,-0.03283729404211044
218.6,1735,-16.30782127380371,0.30502012372016907,16.995193481445312,29.369003295898438,10679.97549905793,499.13189697265625,341.1358642578125,68.34583282470703,-0.04780447855591774,-0.03267236799001694
218.7,1735,-16.30353546142578,0.30471208691596985,16.970842361450195,29.39447021484375,10678.808647753962,498.8489074707031,340.7541198730469,68.3080792427063,-0.04784545674920082,-0.03268231078982353
218.8,1735,-16.15035057067871,0.3027428686618805,16.97583770751953,29.353565216064453,10688.198245409763,498.3013610839844,338.8496398925781,68.00094842910767,-0.047662291675806046,-0.03241081163287163
218.9,1735,-16.11087989807129,0.3020186424255371,16.98813247680664,29.23944664001465,10696.624986744806,496.7236022949219,338.3055725097656,68.10740828514099,-0.04762227460741997,-0.03243429586291313
219,1735,-16.04011344909668,0.3003508448600769,16.999372482299805,29.13153839111328,10704.14132761192,495.2178649902344,336.6737976074219,67.98498630523682,-0.047642894089221954,-0.032390013337135315
219.1,1735,-16.097318649291992,0.3007813096046448,16.991662979125977,29.03770637512207,10704.674045939506,493.39892578125,337.173095703125,68.33681464195251,-0.047742001712322235,-0.032625362277030945
219.2,1735,-16.062150955200195,0.30095145106315613,16.997907638549805,28.981679916381836,10699.24777938609,492.6279296875,337.19281005859375,68.4477686882019,-0.04763491451740265,-0.03260503709316254
219.3,1735,-15.980803489685059,0.3001791834831238,16.9721622467041,28.964805603027344,10695.135240524556,491.5953674316406,336.1982727050781,68.38922500610352,-0.04753386601805687,-0.032508041709661484
219.4,1735,-16.01153564453125,0.2998189330101013,16.972667694091797,28.969202041625977,10687.55012420596,491.68463134765625,335.556640625,68.24631094932556,-0.04771634191274643,-0.032564643770456314
219.5,1735,-16.116544723510742,0.3000006079673767,16.98232078552246,28.989643096923828,10682.68571812059,492.3114318847656,335.6071472167969,68.1696891784668,-0.04802205413579941,-0.032736483961343765
219.6,1735,-16.1877498626709,0.3013099730014801,16.984987258911133,29.021324157714844,10675.014341066237,492.92681884765625,336.8298645019531,68.33263039588928,-0.0480591282248497,-0.0328400656580925
219.7,1735,-16.242656707763672,0.3030031621456146,16.992694854736328,29.140493392944336,10665.747140400365,495.1755065917969,338.4285888671875,68.34518313407898,-0.04799433797597885,-0.03280181810259819
219.8,1735,-16.20808219909668,0.3035500943660736,16.965246200561523,29.231891632080078,10660.169334716566,495.9262390136719,338.8621826171875,68.3291494846344,-0.04783089831471443,-0.03268244490027428
219.9,1735,-16.264354705810547,0.30382001399993896,16.976198196411133,29.29591941833496,10661.279067425232,497.3333435058594,339.19879150390625,68.20351481437683,-0.047949329018592834,-0.03270312771201134
220,1735,-16.423006057739258,0.30445459485054016,16.98604393005371,29.36629295349121,10662.830594983256,498.817138671875,339.9567565917969,68.15257668495178,-0.04830910637974739,-0.032923899590969086
220.1,1735,-16.459430694580078,0.3059829771518707,16.99819564819336,29.428504943847656,10665.01625551766,500.2314758300781,341.7333679199219,68.31504702568054,-0.04816453903913498,-0.032903626561164856
220.2,1735,-16.415918350219727,0.30541732907295227,16.992000579833984,29.404077529907227,10675.283614444075,499.63409423828125,341.4300231933594,68.33601593971252,-0.04807988926768303,-0.03285587951540947
220.3,1735,-16.395618438720703,0.30392324924468994,16.966999053955078,29.36608123779297,10684.379459324051,498.2542724609375,340.04925537109375,68.24814081192017,-0.04821541905403137,-0.032906126230955124
220.4,1735,-16.40484046936035,0.3031962513923645,16.96843910217285,29.340940475463867,10685.869205544303,497.8699645996094,339.28314208984375,68.14694404602051,-0.0483514741063118,-0.03295005112886429
220.5,1735,-16.528179168701172,0.3039366900920868,16.98457908630371,29.352508544921875,10683.337336381248,498.5400085449219,340.0311279296875,68.20538640022278,-0.04860784113407135,-0.03315316513180733
220.6,1735,-16.599647521972656,0.3055216670036316,16.99478530883789,29.405269622802734,10675.264963474183,499.7362365722656,341.54608154296875,68.34526658058167,-0.04860148951411247,-0.03321681544184685
220.7,1735,-16.51991081237793,0.30623629689216614,16.97161102294922,29.48965072631836,10666.944299530409,500.48687744140625,342.078125,68.34906935691833,-0.04829280078411102,-0.033007681369781494
220.8,1735,-16.417743682861328,0.3062853515148163,16.96332550048828,29.57098388671875,10664.800603678264,501.6222229003906,342.0641784667969,68.19158792495728,-0.04799609258770943,-0.03272929787635803
220.9,1735,-16.528629302978516,0.30644679069519043,16.977495193481445,29.64742660522461,10664.540655785373,503.33905029296875,342.2361145019531,67.99315810203552,-0.04829598218202591,-0.032837964594364166
221,1735,-16.666767120361328,0.3076705038547516,16.984867095947266,29.705860137939453,10665.60842381178,504.5500793457031,343.63714599609375,68.10764074325562,-0.048501063138246536,-0.03303292766213417
221.1,1735,-16.645980834960938,0.3081229329109192,16.99850845336914,29.717052459716797,10669.254688425975,505.14556884765625,344.2601318359375,68.15067529678345,-0.0483529157936573,-0.032952841371297836
221.2,1735,-16.5172119140625,0.30713534355163574,16.971057891845703,29.7116641998291,10675.28128307284,504.2383728027344,343.3505554199219,68.09290051460266,-0.04810597375035286,-0.0327567532658577
221.3,1735,-16.507356643676758,0.3068547546863556,16.96442985534668,29.70182228088379,10679.672420797158,503.8744812011719,343.177978515625,68.1078314781189,-0.04810144379734993,-0.032760851085186005
221.4,1735,-16.471059799194336,0.306010365486145,16.972858428955078,29.678611755371094,10684.006439926181,503.7308654785156,342.3725280761719,67.96734929084778,-0.04810859262943268,-0.0326981358230114
221.5,1735,-16.54819679260254,0.3066020607948303,16.98484230041504,29.622385025024414,10688.399909021737,503.13153076171875,343.17559814453125,68.20792555809021,-0.048220787197351456,-0.03289039805531502
221.6,1735,-16.545494079589844,0.30726712942123413,16.99447250366211,29.599327087402344,10688.995574372713,503.02496337890625,343.93914794921875,68.37417483329773,-0.0481058768928051,-0.03289199620485306
221.7,1735,-16.530988693237305,0.30773210525512695,16.985347747802734,29.58826446533203,10682.741671030271,502.56695556640625,344.2580871582031,68.49994659423828,-0.0480191744863987,-0.032893106341362
221.8,1735,-16.427318572998047,0.30773723125457764,16.96344566345215,29.6630802154541,10676.01449932678,503.18804931640625,344.0470275878906,68.37344765663147,-0.047747306525707245,-0.032646480947732925
221.9,1735,-16.483644485473633,0.3072012662887573,16.969257354736328,29.69786834716797,10671.197886351763,503.9507751464844,343.2928771972656,68.12031865119934,-0.048016272485256195,-0.03270883858203888
222,1735,-16.690532684326172,0.3087765872478485,16.97960662841797,29.7458438873291,10669.218552171807,505.0727233886719,344.9892883300781,68.30487251281738,-0.04837986081838608,-0.033045802265405655
222.1,1735,-16.774255752563477,0.30933427810668945,16.995288848876953,29.83738899230957,10664.517342073006,507.09503173828125,345.4600830078125,68.12531352043152,-0.04855627939105034,-0.0330791175365448
222.2,1735,-16.686859130859375,0.3109325170516968,16.971275329589844,29.940187454223633,10660.37682675663,508.1231689453125,347.1101379394531,68.31220984458923,-0.048073671758174896,-0.03284018486738205
222.3,1735,-16.59575080871582,0.3097463846206665,16.96843910217285,30.004606246948242,10662.468066755948,509.13134765625,345.8538513183594,67.93017983436584,-0.04798486828804016,-0.03259620815515518
222.4,1735,-16.701168060302734,0.31014564633369446,16.971633911132812,30.074251174926758,10664.476543076364,510.4091796875,346.3648681640625,67.8602397441864,-0.04821842163801193,-0.0327211357653141
222.5,1735,-16.843170166015625,0.3121125400066376,16.985946655273438,30.1357421875,10663.771303277263,511.88409423828125,348.5384216308594,68.08932423591614,-0.04832514747977257,-0.03290426358580589
222.6,1735,-16.816036224365234,0.3127904236316681,16.990102767944336,30.162860870361328,10667.771936319436,512.4700927734375,349.42645263671875,68.18475127220154,-0.04812467843294144,-0.03281369060277939
222.7,1735,-16.780288696289062,0.31243887543678284,16.968969345092773,30.17977523803711,10672.041842739447,512.1196899414062,349.1734313964844,68.18199753761292,-0.04805717244744301,-0.03276634216308594
222.8,1735,-16.682903289794922,0.3111037611961365,16.968826293945312,30.19794273376465,10676.477276517266,512.4236450195312,347.82586669921875,67.87857413291931,-0.04796338081359863,-0.03255685791373253
222.9,1735,-16.770450592041016,0.3113994002342224,16.981456756591797,30.182647705078125,10680.502388957424,512.5453491210938,348.28765869140625,67.95255541801453,-0.04815115034580231,-0.032719936221838
223,1735,-16.72066307067871,0.30993175506591797,16.981096267700195,30.106201171875,10690.281325609752,511.2362976074219,346.9635314941406,67.86754727363586,-0.048191413283348083,-0.032706331461668015
223.1,1735,-16.708045959472656,0.30960115790367126,16.9920711517334,29.952974319458008,10702.208620856698,508.96307373046875,346.9801330566406,68.1739330291748,-0.04815274477005005,-0.03282761946320534
223.2,1735,-16.667394638061523,0.3091614842414856,16.990629196166992,29.84182357788086,10705.712671825453,507.0313720703125,346.600830078125,68.35885047912598,-0.048088155686855316,-0.0328725129365921
223.3,1735,-16.614286422729492,0.3082716464996338,16.96908950805664,29.777828216552734,10704.080711959765,505.3026428222656,345.550537109375,68.38486790657043,-0.048080626875162125,-0.03287987411022186
223.4,1735,-16.448383331298828,0.30600497126579285,16.967504501342773,29.698991775512695,10703.48504660879,503.91778564453125,342.99066162109375,68.06480884552002,-0.047955773770809174,-0.032641004770994186
223.5,1735,-16.461463928222656,0.3051188886165619,16.967191696166992,29.6281681060791,10702.32752078977,502.7068176269531,341.96051025390625,68.02384853363037,-0.04813849553465843,-0.03274565562605858
223.6,1735,-16.52699089050293,0.30544567108154297,16.975717544555664,29.59551429748535,10694.438160524784,502.40509033203125,342.07440185546875,68.08736324310303,-0.04831402376294136,-0.03289574757218361
223.7,1735,-16.632171630859375,0.3070595860481262,16.987964630126953,29.601301193237305,10685.678033102893,502.8658447265625,343.60015869140625,68.32839250564575,-0.04840559884905815,-0.033074766397476196
223.8,1735,-16.629108428955078,0.3080604672431946,16.981914520263672,29.68648910522461,10673.986206350854,504.1334228515625,344.3429870605469,68.30393671989441,-0.04829228296875954,-0.03298553079366684
223.9,1735,-16.589153289794922,0.30829378962516785,16.959314346313477,29.806631088256836,10662.36082367906,505.5000305175781,344.22845458984375,68.09662580490112,-0.04819227755069733,-0.03281731531023979
224,1735,-16.73575210571289,0.3093137741088867,16.97675132751465,29.93714714050293,10655.057803280106,508.2355041503906,345.1307678222656,67.90764927864075,-0.04849104583263397,-0.032929129898548126
224.1,1735,-16.788753509521484,0.3106863796710968,16.982994079589844,30.002578735351562,10658.509398396036,509.53363037109375,346.7746276855469,68.05726289749146,-0.048414021730422974,-0.032949257642030716
224.2,1735,-16.70010757446289,0.310898095369339,16.9898624420166,30.016742706298828,10666.909328961858,509.9803161621094,347.2843933105469,68.09760928153992,-0.048087697476148605,-0.032746572047472
224.3,1735,-16.56136703491211,0.3096890151500702,16.972930908203125,29.976863861083984,10680.80197016134,508.79522705078125,346.3843688964844,68.07932257652283,-0.04781210795044899,-0.032550159841775894
224.4,1735,-16.477123260498047,0.30854347348213196,16.962844848632812,29.88820457458496,10691.484313167888,506.9889831542969,345.4482421875,68.13722848892212,-0.04769780486822128,-0.03249996528029442
224.5,1735,-16.575654983520508,0.30770111083984375,16.971588134765625,29.862478256225586,10691.810705141026,506.8136901855469,344.5156555175781,67.97678470611572,-0.04811292514204979,-0.03270561993122101
224.6,1735,-16.660737991333008,0.3071240186691284,16.98332977294922,29.85401153564453,10688.519974640427,507.0205078125,343.763671875,67.8007423877716,-0.04846567288041115,-0.03286008536815643
224.7,1735,-16.652246475219727,0.30776524543762207,16.987796783447266,29.79732894897461,10688.960603804162,506.19097900390625,344.49560546875,68.05644631385803,-0.04833805561065674,-0.032897163182497025
224.8,1735,-16.555145263671875,0.30773279070854187,16.992094039916992,29.73581314086914,10691.712787549084,505.27374267578125,344.5479431152344,68.19035410881042,-0.04804888367652893,-0.03276470676064491
224.9,1735,-16.424442291259766,0.30685123801231384,16.968826293945312,29.69860076904297,10690.866499790163,503.9504089355469,343.53375244140625,68.16816926002502,-0.04781027510762215,-0.03259138762950897
225,1744,-16.37200927734375,0.3060978949069977,16.964670181274414,29.678756713867188,10688.720472566783,503.4903259277344,342.6215515136719,68.04928183555603,-0.047784529626369476,-0.032517027109861374
225.1,1744,-16.50756072998047,0.30808040499687195,16.96673583984375,29.91314125061035,10687.902161262702,507.5283508300781,344.814208984375,67.93988943099976,-0.047873783856630325,-0.03252539411187172
225.2,1744,-16.664033889770508,0.31064167618751526,16.9721622467041,30.214866638183594,10710.736776840538,512.8116455078125,348.4237060546875,67.94379949569702,-0.04782692342996597,-0.03249542787671089
225.3,1744,-16.82200050354004,0.3122847378253937,16.976991653442383,30.435285568237305,10733.75790211731,516.6995849609375,351.0194396972656,67.93491840362549,-0.04792327433824539,-0.03255663439631462
225.4,1744,-16.952022552490234,0.31350579857826233,16.982057571411133,30.589086532592773,10750.85617876725,519.4656372070312,352.95330810546875,67.94545650482178,-0.04802908003330231,-0.03263358026742935
225.5,1744,-16.925886154174805,0.313979834318161,16.98554039001465,30.695159912109375,10763.015445452247,521.3739013671875,353.88677978515625,67.87581443786621,-0.04782853648066521,-0.032464008778333664
225.6,1744,-17.039134979248047,0.31534066796302795,16.98683738708496,30.7768497467041,10771.353594680295,522.8013305664062,355.6959228515625,68.03653836250305,-0.04790365695953369,-0.032591987401247025
225.7,1744,-17.049083709716797,0.3161652684211731,16.992647171020508,30.859758377075195,10778.048127186474,524.3889770507812,356.8476867675781,68.05018782615662,-0.04777691885828972,-0.03251228481531143
225.8,1744,-17.077987670898438,0.3162100613117218,16.979318618774414,30.890905380249023,10783.454577084374,524.5065307617188,357.0772705078125,68.07870864868164,-0.04782714694738388,-0.03256010636687279
225.9,1744,-17.09758758544922,0.31648120284080505,16.98710060119629,30.942089080810547,10785.939818822695,525.6163940429688,357.4658203125,68.00888180732727,-0.047829993069171906,-0.03252864256501198
226,1744,-17.12936019897461,0.31607288122177124,16.987749099731445,30.966035842895508,10788.698996681327,526.0432739257812,357.095947265625,67.88338422775269,-0.047968506813049316,-0.03256264701485634
226.1,1744,-17.104976654052734,0.31641921401023865,16.99173355102539,30.99325180053711,10791.6959744061,526.6290893554688,357.5865478515625,67.9010272026062,-0.04783450812101364,-0.03248012065887451
226.2,1744,-17.03742790222168,0.3160753846168518,16.993824005126953,30.984363555908203,10797.272614404283,526.5428466796875,357.382568359375,67.87340641021729,-0.04767280071973801,-0.03235715627670288
226.3,1744,-17.111614227294922,0.31583088636398315,16.980592727661133,31.011144638061523,10797.460289788836,526.587646484375,357.1123046875,67.81631708145142,-0.04791661724448204,-0.03249528259038925
226.4,1744,-17.182106018066406,0.31700026988983154,16.982778549194336,31.075109481811523,10792.08531340263,527.74169921875,358.2561340332031,67.88474917411804,-0.047960396856069565,-0.03255779296159744
226.5,1744,-17.15753936767578,0.31734806299209595,16.988733291625977,31.104772567749023,10792.321947583154,528.4306640625,358.65704345703125,67.87210702896118,-0.04783828929066658,-0.03246885538101196
226.6,1744,-17.148691177368164,0.31737902760505676,16.989789962768555,31.092823028564453,10796.54639226405,528.2605590820312,358.8324279785156,67.92716979980469,-0.047790247946977615,-0.03246256336569786
226.7,1744,-17.110036849975586,0.31711649894714355,16.987987518310547,31.096338272094727,10799.905898216131,528.2642211914062,358.6471862792969,67.8916335105896,-0.04770715534687042,-0.032389163970947266
226.8,1744,-17.143024444580078,0.31711485981941223,16.992263793945312,31.066423416137695,10802.621945706886,527.8888549804688,358.73553466796875,67.95663833618164,-0.04778736084699631,-0.032474685460329056
226.9,1744,-17.142290115356445,0.31708651781082153,16.980592727661133,31.04796600341797,10803.714193131278,527.212890625,358.73974609375,68.04457306861877,-0.047784753143787384,-0.03251492977142334
227,1744,-17.118854522705078,0.316633939743042,16.979799270629883,31.035202026367188,10804.661895538995,526.9714965820312,358.2591247558594,67.98453330993652,-0.047783441841602325,-0.03248535096645355
227.1,1744,-17.05518341064453,0.3162943720817566,16.983715057373047,30.993026733398438,10810.187245369969,526.376708984375,358.05792236328125,68.02312731742859,-0.04763247072696686,-0.03240109607577324
227.2,1744,-17.020063400268555,0.31464794278144836,16.98284912109375,30.902847290039062,10817.35854329405,524.8184204101562,356.4303894042969,67.91499853134155,-0.04775143414735794,-0.032430388033390045
227.3,1744,-17.0319881439209,0.31506016850471497,16.980520248413086,30.84792709350586,10817.036814063387,523.8138427734375,356.8867492675781,68.13236474990845,-0.047723788768053055,-0.03251534700393677
227.4,1744,-17.02889633178711,0.3150084316730499,16.970842361450195,30.848417282104492,10807.361623431092,523.5236206054688,356.50897216796875,68.09797286987305,-0.047765687108039856,-0.032527465373277664
227.5,1744,-17.040563583374023,0.3157038390636444,16.972379684448242,30.867984771728516,10800.527208650712,523.9031372070312,357.070068359375,68.15573573112488,-0.047723304480314255,-0.0325261689722538
227.6,1744,-17.045513153076172,0.315448135137558,16.975717544555664,30.89218521118164,10798.709904771706,524.4169921875,356.7208251953125,68.02235841751099,-0.047783903777599335,-0.03250373899936676
227.7,1744,-17.0618896484375,0.3158441185951233,16.975189208984375,30.922670364379883,10797.069785106689,524.9181518554688,357.1143798828125,68.0323839187622,-0.04777710139751434,-0.03250390291213989
227.8,1744,-17.11797332763672,0.315469890832901,16.98018455505371,30.933687210083008,10799.426801426991,525.2597045898438,356.76910400390625,67.92241930961609,-0.04798053577542305,-0.032589539885520935
227.9,1744,-16.94161605834961,0.3148418962955475,16.982994079589844,30.90362548828125,10804.77146998712,524.8360595703125,356.235107421875,67.8754985332489,-0.04755740240216255,-0.03227982297539711
228,1744,-16.89868927001953,0.31413158774375916,16.97117805480957,30.83352279663086,10811.302806506728,523.2811889648438,355.6462707519531,67.96465516090393,-0.04751544073224068,-0.03229370713233948
228.1,1744,-16.833717346191406,0.3137584328651428,16.969520568847656,30.77817153930664,10814.412855736484,522.2908325195312,355.32598876953125,68.03221106529236,-0.04737541824579239,-0.032230544835329056
228.2,1744,-16.754331588745117,0.31284472346305847,16.971200942993164,30.703935623168945,10816.814168110282,521.0826416015625,354.3699035644531,68.00646185874939,-0.04727921634912491,-0.0321529246866703
228.3,1744,-16.66790199279785,0.31228935718536377,16.968273162841797,30.587440490722656,10823.845583760163,519.0160522460938,353.97076416015625,68.20034980773926,-0.04708835855126381,-0.0321144238114357
228.4,1744,-16.7110538482666,0.31092438101768494,16.96464729309082,30.472412109375,10828.995582822028,516.9537353515625,352.5912780761719,68.20557713508606,-0.047394972294569016,-0.03232601657509804
228.5,1744,-16.653114318847656,0.3104657530784607,16.956457138061523,30.36499786376953,10826.229410849686,514.8828125,351.98126220703125,68.36143732070923,-0.047312501817941666,-0.032343506813049316
228.6,1744,-16.655414581298828,0.31052348017692566,16.95408058166504,30.350601196289062,10816.319917408102,514.5665283203125,351.7244873046875,68.35354566574097,-0.047353584319353104,-0.032367855310440063
228.7,1744,-16.68523597717285,0.3110699951648712,16.955448150634766,30.399580001831055,10804.692203365072,515.4384765625,351.9647216796875,68.28452348709106,-0.04740598797798157,-0.032370954751968384
228.8,1744,-16.64299964904785,0.31191033124923706,16.95696258544922,30.457704544067383,10796.940394003053,516.4701538085938,352.6623229980469,68.28320026397705,-0.04719245061278343,-0.032224513590335846
228.9,1744,-16.642356872558594,0.3113349676132202,16.957706451416016,30.46316909790039,10799.239126042437,516.58544921875,352.0867614746094,68.15653443336487,-0.04726777598261833,-0.03221607580780983
229,1757,-16.569686889648438,0.3119811415672302,16.955978393554688,30.426273345947266,10806.549140555102,515.9072265625,353.05633544921875,68.43407154083252,-0.04693213477730751,-0.0321175716817379
229.1,1757,-16.600603103637695,0.313613623380661,16.941808700561523,30.67620277404785,10818.746874865505,519.7103881835938,355.3043212890625,68.36583614349365,-0.046722207218408585,-0.03194202855229378
229.2,1757,-16.843921661376953,0.3180084228515625,16.982873916625977,31.22417449951172,10858.31374180912,530.2762451171875,361.60101318359375,68.19106340408325,-0.046581514179706573,-0.031764429062604904
229.3,1757,-17.086681365966797,0.31896525621414185,16.979679107666016,31.533557891845703,10902.089899520592,535.4296875,364.1512145996094,68.0110216140747,-0.04692193865776062,-0.03191209211945534
229.4,1757,-17.077312469482422,0.31992673873901367,16.968080520629883,31.712848663330078,10936.236328338884,538.1061401367188,366.39288330078125,68.08933019638062,-0.046609289944171906,-0.03173595294356346
229.5,1757,-16.982887268066406,0.3213275671005249,16.95177459716797,31.869468688964844,10953.951252680932,540.2440795898438,368.59326171875,68.22717785835266,-0.046074870973825455,-0.03143558278679848
229.6,1757,-17.200183868408203,0.32206088304519653,16.98902130126953,31.984363555908203,10968.751962977107,543.383056640625,369.9336242675781,68.07971596717834,-0.04649532213807106,-0.031653884798288345
229.7,1757,-17.173643112182617,0.3212672770023346,16.966856002807617,32.04566955566406,10982.150353474408,543.7142333984375,369.4728088378906,67.9534912109375,-0.046481478959321976,-0.03158578649163246
229.8,1757,-17.214319229125977,0.32320162653923035,16.96332550048828,32.122352600097656,10986.303691332585,544.9019165039062,371.8379821777344,68.23943257331848,-0.04629521444439888,-0.031591590493917465
229.9,1757,-17.36590576171875,0.32452088594436646,16.98625946044922,32.188899993896484,10988.173451064416,546.7689819335938,373.4193115234375,68.29562783241272,-0.04650510847568512,-0.03176095336675644
230,1757,-17.220285415649414,0.323344349861145,16.972572326660156,32.25966262817383,10989.567611063962,547.5294799804688,372.1127014160156,67.96213388442993,-0.04627706855535507,-0.03145088255405426
230.1,1757,-17.197467803955078,0.32291027903556824,16.958330154418945,32.260284423828125,10995.82501146326,547.08056640625,371.82476806640625,67.96526908874512,-0.04625153914093971,-0.031434983015060425
230.2,1757,-17.357221603393555,0.3234782814979553,16.982921600341797,32.24656295776367,11002.186157882588,547.640869140625,372.69427490234375,68.05450916290283,-0.04657227545976639,-0.03169453516602516
230.3,1757,-17.265071868896484,0.32283273339271545,16.964767456054688,32.266082763671875,11004.503540891867,547.3865966796875,372.02886962890625,67.96455383300781,-0.04640788212418556,-0.03154091164469719
230.4,1757,-17.27352523803711,0.324230819940567,16.96479034423828,32.29555130004883,11003.122203434123,547.8872680664062,373.5931091308594,68.18795204162598,-0.046236198395490646,-0.03152751922607422
230.5,1757,-17.50379753112793,0.3241255283355713,16.98625946044922,32.29990768432617,11004.435931126001,548.6546020507812,373.516357421875,68.07860136032104,-0.046862196177244186,-0.03190312534570694
230.6,1757,-17.213878631591797,0.3238086998462677,16.968273162841797,32.27262496948242,11011.297156675602,547.6107177734375,373.3839111328125,68.18419098854065,-0.04610235616564751,-0.03143451735377312
230.7,1757,-17.14829444885254,0.3233959972858429,16.966087341308594,32.1795539855957,11017.852972593197,545.9611206054688,373.13006591796875,68.34370493888855,-0.045957956463098526,-0.0314093679189682
230.8,1757,-17.257680892944336,0.3219960331916809,16.975500106811523,32.14468002319336,11018.551218278588,545.6719970703125,371.538330078125,68.08821558952332,-0.04644925892353058,-0.031626470386981964
230.9,1757,-17.103242874145508,0.3221006989479065,16.955808639526367,32.144676208496094,11013.957251256676,545.0390014648438,371.504150390625,68.16102266311646,-0.04603782296180725,-0.03137985244393349
231,1757,-17.258291244506836,0.32247230410575867,16.986860275268555,32.152591705322266,11008.413250455807,546.1715698242188,371.74554443359375,68.06387305259705,-0.04642501100897789,-0.031598661094903946
231.1,1757,-17.49099349975586,0.3223804235458374,16.973796844482422,32.207088470458984,11001.844611996412,546.6765747070312,371.4178771972656,67.94105768203735,-0.0470924936234951,-0.03199514001607895
231.2,1757,-17.267406463623047,0.3249601125717163,16.95945930480957,32.250797271728516,10999.435139823285,546.9560546875,374.3079528808594,68.434739112854,-0.04613155126571655,-0.03157000616192818
231.3,1757,-17.362524032592773,0.32471764087677,16.984386444091797,32.242469787597656,11004.597961426953,547.6185913085938,374.2042236328125,68.33300590515137,-0.046398524194955826,-0.03170550614595413
231.4,1757,-17.275157928466797,0.32186031341552734,16.96976089477539,32.23379135131836,11009.744463431962,546.999755859375,371.08489990234375,67.84005165100098,-0.0465531125664711,-0.031581658869981766
231.5,1757,-17.14731216430664,0.32259634137153625,16.962366104125977,32.16686248779297,11015.31527500205,545.6260986328125,372.1217041015625,68.20086240768433,-0.0460798516869545,-0.03142685443162918
231.6,1757,-17.2728328704834,0.32147952914237976,16.98724365234375,32.09928512573242,11019.473275602702,545.2783813476562,370.9734191894531,68.033766746521,-0.04656083881855011,-0.031677089631557465
231.7,1757,-17.28233528137207,0.3215441405773163,16.969377517700195,32.05885696411133,11020.214651655971,544.0188598632812,371.07293701171875,68.20957064628601,-0.04657395929098129,-0.03176789730787277
231.8,1757,-17.235862731933594,0.32290583848953247,16.96145248413086,32.0565299987793,11016.146408847935,543.7252807617188,372.5068054199219,68.51010918617249,-0.04626992717385292,-0.03169957920908928
231.9,1757,-17.303226470947266,0.3215467631816864,16.974300384521484,32.0568733215332,11012.007059217178,544.1430053710938,370.7995910644531,68.14377903938293,-0.046664632856845856,-0.03179904446005821
232,1757,-17.123615264892578,0.3209175765514374,16.954967498779297,32.02848815917969,11014.563407778216,543.0419921875,370.1599426269531,68.16414594650269,-0.0462600439786911,-0.03153276443481445
232.1,1757,-17.264480590820312,0.32201656699180603,16.986356735229492,31.996644973754883,11013.942097343637,543.5064086914062,371.4066162109375,68.33527684211731,-0.04648404195904732,-0.03176499903202057
232.2,1757,-17.2113037109375,0.32080408930778503,16.976438522338867,32.02360153198242,11006.892030723862,543.646728515625,369.7713317871094,68.01683902740479,-0.04654580354690552,-0.03165898844599724
232.3,1757,-17.26554298400879,0.32065775990486145,16.958740234375,32.10248947143555,10998.749716679697,544.4177856445312,369.3292541503906,67.83930659294128,-0.04674837738275528,-0.03171377629041672
232.4,1757,-17.488475799560547,0.32361871004104614,16.982873916625977,32.22480010986328,10985.78496123242,547.2697143554688,372.3002624511719,68.02865862846375,-0.046974118798971176,-0.031955864280462265
232.5,1757,-17.61673927307129,0.3248232305049896,16.97273826599121,32.36855697631836,10977.565711937443,549.383056640625,373.4064025878906,67.96831488609314,-0.04717846214771271,-0.032066404819488525
232.6,1757,-17.51220703125,0.32568222284317017,16.960371017456055,32.49555969238281,10975.338086720778,551.13671875,374.31787109375,67.91742444038391,-0.04678431898355484,-0.03177470341324806
232.7,1757,-17.556270599365234,0.32715946435928345,16.959915161132812,32.6197624206543,10976.517760566547,553.2283935546875,376.05615234375,67.97484159469604,-0.04668523743748665,-0.03173421695828438
232.8,1757,-17.87661361694336,0.32839012145996094,16.98395538330078,32.74940872192383,10976.923419161732,556.2144775390625,377.48468017578125,67.86674857139587,-0.047357190400362015,-0.03213978186249733
232.9,1757,-17.86154556274414,0.3297467827796936,16.97165870666504,32.860992431640625,10980.369185849571,557.70556640625,379.16314697265625,67.98626184463501,-0.04710780829191208,-0.03202683851122856
233,1765,-17.749488830566406,0.3309575021266937,16.963062286376953,32.949729919433594,10985.02959695173,558.9283447265625,380.7168273925781,68.11550259590149,-0.046621233224868774,-0.031756289303302765
233.1,1765,-17.915027618408203,0.33223703503608704,16.97454071044922,33.19606018066406,10996.010355476576,563.4878540039062,382.5707702636719,67.89335012435913,-0.0468280091881752,-0.031793102622032166
233.2,1765,-17.79922866821289,0.3343133330345154,16.95804214477539,33.531681060791016,11027.288031988113,568.6316528320312,386.056640625,67.8922176361084,-0.04610522463917732,-0.03130185976624489
233.3,1765,-17.916797637939453,0.3337612748146057,16.98750877380371,33.67130661010742,11065.679887828432,571.9916381835938,386.760986328125,67.6165521144867,-0.04632524400949478,-0.03132353350520134
233.4,1765,-17.811819076538086,0.3312762975692749,16.95914649963379,33.657440185546875,11099.306420860941,570.8014526367188,385.0479431152344,67.45742559432983,-0.046258702874183655,-0.03120492957532406
233.5,1765,-18.00680923461914,0.3300999701023102,16.984722137451172,33.573524475097656,11120.071944466206,570.2369995117188,384.3985290527344,67.41030812263489,-0.04684411734342575,-0.03157776594161987
233.6,1765,-17.770790100097656,0.33062535524368286,16.97019386291504,33.50039291381836,11131.445539044436,568.5081787109375,385.40411376953125,67.79218316078186,-0.04610949754714966,-0.031258635222911835
233.7,1765,-17.801380157470703,0.3288678526878357,16.96584701538086,33.4115104675293,11137.396364126107,566.8545532226562,383.56036376953125,67.66468286514282,-0.04641089588403702,-0.031403787434101105
233.8,1765,-17.844322204589844,0.3301182687282562,16.979103088378906,33.366146087646484,11136.84382914301,566.5272216796875,384.9996337890625,67.95783042907715,-0.0463489331305027,-0.03149773180484772
233.9,1765,-17.878616333007812,0.327576220035553,16.96527099609375,33.40226364135742,11129.867200717192,566.678466796875,381.795654296875,67.37430095672607,-0.046827711164951324,-0.0315498448908329
234,1765,-18.139671325683594,0.32933077216148376,16.9776611328125,33.4460334777832,11119.805002459605,567.83544921875,383.49359130859375,67.53604412078857,-0.04730110615491867,-0.03194529563188553
234.1,1765,-17.985614776611328,0.3299098014831543,16.952157974243164,33.53083419799805,11111.955275505645,568.4199829101562,383.8966369628906,67.5374984741211,-0.04685014858841896,-0.03164141625165939
234.2,1765,-18.097171783447266,0.3327617347240448,16.979656219482422,33.62583541870117,11106.61410400237,570.9551391601562,387.0291442871094,67.78626441955566,-0.04675919562578201,-0.03169631212949753
234.3,1765,-17.923234939575195,0.33283957839012146,16.9553279876709,33.69015121459961,11108.349809888092,571.2275390625,387.18017578125,67.78037548065186,-0.046291716396808624,-0.03137669712305069
234.4,1765,-18.05140495300293,0.33486634492874146,16.98061752319336,33.7264289855957,11110.085515773813,572.6956176757812,389.5987243652344,68.02893877029419,-0.046333327889442444,-0.031520068645477295
234.5,1765,-17.794647216796875,0.33487626910209656,16.957874298095703,33.775333404541016,11110.309327412535,572.7578735351562,389.61810302734375,68.0249273777008,-0.04567202180624008,-0.031068360432982445
234.6,1765,-17.91200065612793,0.33461928367614746,16.980422973632812,33.802894592285156,11117.257979383512,573.9874267578125,389.5626220703125,67.86953210830688,-0.04597977548837662,-0.03120625764131546
234.7,1765,-17.80365562438965,0.3342396318912506,16.96082878112793,33.814083099365234,11124.564496839323,573.514892578125,389.3763732910156,67.892986536026,-0.04572351276874542,-0.03104305826127529
234.8,1765,-18.01925277709961,0.3329145312309265,16.970937728881836,33.775360107421875,11127.967133159284,573.1995239257812,387.9512939453125,67.68171787261963,-0.04644720256328583,-0.031436264514923096
234.9,1765,-17.919830322265625,0.3338533639907837,16.96993064880371,33.736690521240234,11130.118988810756,572.50927734375,389.1205749511719,67.96755194664001,-0.046052128076553345,-0.03130050376057625
235,1765,-17.978551864624023,0.3325269818305969,16.969160079956055,33.63804244995117,11136.78088211962,570.809326171875,387.80657958984375,67.93977618217468,-0.046359583735466,-0.031496599316596985
235.1,1765,-17.979398727416992,0.33358287811279297,16.983617782592773,33.526092529296875,11143.326206866648,569.3943481445312,389.26666259765625,68.36503744125366,-0.0461878702044487,-0.031576357781887054
235.2,1765,-17.65681266784668,0.3306378424167633,16.953670501708984,33.393795013427734,11149.51599750008,566.1473999023438,386.0443420410156,68.18795800209045,-0.04573778435587883,-0.03118766099214554
235.3,1765,-17.806730270385742,0.3295092284679413,16.972332000732422,33.316741943359375,11149.379612282733,565.4628295898438,384.7218933105469,68.03663969039917,-0.04628468304872513,-0.031490541994571686
235.4,1765,-17.65219497680664,0.33038270473480225,16.960180282592773,33.3227653503418,11140.03431068043,565.1600952148438,385.41839599609375,68.19632053375244,-0.04580008238554001,-0.031233971938490868
235.5,1765,-17.76357650756836,0.3300459086894989,16.97014617919922,33.32808303833008,11130.23555737259,565.5824584960938,384.68682861328125,68.01605224609375,-0.0461767204105854,-0.03140757977962494
235.6,1765,-17.542261123657227,0.3318849503993988,16.958786010742188,33.37108612060547,11121.932378713092,565.93310546875,386.5417785644531,68.30167174339294,-0.04538257420063019,-0.030997058376669884
235.7,1765,-17.677186965942383,0.3306063711643219,16.9703369140625,33.40108108520508,11118.05064560399,566.8275756835938,384.9182434082031,67.90746450424194,-0.04592452570796013,-0.03118617832660675
235.8,1765,-17.771644592285156,0.3320330083370209,16.982513427734375,33.44654846191406,11114.863661123425,568.0064697265625,386.4684143066406,68.03944110870361,-0.04598472639918327,-0.03128775209188461
235.9,1765,-17.81737518310547,0.3308521509170532,16.96531867980957,33.5079460144043,11111.206905338664,568.4729614257812,384.96728515625,67.71953701972961,-0.04628283157944679,-0.0313425175845623
236,1765,-17.884668350219727,0.333688884973526,16.981721878051758,33.6170654296875,11109.794094369225,570.8756713867188,388.2186279296875,68.00405979156494,-0.046068549156188965,-0.031328484416007996
236.1,1765,-17.842927932739258,0.3329693377017975,16.964357376098633,33.701324462890625,11106.983626343386,571.7213134765625,387.28350830078125,67.73990988731384,-0.04607200622558594,-0.031209135428071022
236.2,1765,-17.778383255004883,0.3345114588737488,16.97437286376953,33.808128356933594,11101.966515442013,573.8717651367188,388.90142822265625,67.76800155639648,-0.045714370906353,-0.030979713425040245
236.3,1765,-17.857637405395508,0.33428436517715454,16.954343795776367,33.93037796020508,11098.306262600398,575.2672729492188,388.50927734375,67.53543615341187,-0.04596450924873352,-0.031042329967021942
236.4,1765,-18.009737014770508,0.3364630341529846,16.98479461669922,33.98683166503906,11102.51905042511,577.2593383789062,391.1897888183594,67.76672601699829,-0.04603836312890053,-0.031198691576719284
236.5,1765,-17.891679763793945,0.33476710319519043,16.958833694458008,33.966888427734375,11114.721447477987,576.038818359375,389.6457824707031,67.64227747917175,-0.045917809009552,-0.031059851869940758
236.6,1765,-17.9641170501709,0.3352547883987427,16.982080459594727,33.963462829589844,11119.331734098556,576.770263671875,390.3752746582031,67.68297553062439,-0.04601756110787392,-0.031146053224802017
236.7,1765,-17.73417854309082,0.3350852131843567,16.953479766845703,33.98224639892578,11120.883261656578,576.1173095703125,390.2322692871094,67.73485541343689,-0.045445188879966736,-0.03078223392367363
236.8,1765,-17.929061889648438,0.33405059576034546,16.982728958129883,34.00148010253906,11122.416138244707,577.4379272460938,389.08099365234375,67.38057136535645,-0.046080540865659714,-0.0310493316501379
236.9,1765,-17.8546085357666,0.33488500118255615,16.96123504638672,34.00739669799805,11124.204299983254,576.8074340820312,390.1155700683594,67.6335871219635,-0.04576748609542847,-0.030954191461205482
237,1768,-17.953670501708984,0.3335772156715393,16.97357940673828,33.94124221801758,11131.593581117968,576.1043701171875,388.8502197265625,67.49648451805115,-0.046171173453330994,-0.03116391971707344
237.1,1768,-17.95894432067871,0.33461034297943115,16.97254753112793,33.91577911376953,11139.945718573437,575.6371459960938,390.3471984863281,67.81132221221924,-0.04600761830806732,-0.031198374927043915
237.2,1768,-18.135799407958984,0.3338344693183899,16.962268829345703,34.00804901123047,11146.002621046377,576.8536987304688,389.65380859375,67.54812002182007,-0.046543363481760025,-0.0314391665160656
237.3,1768,-18.405847549438477,0.3359357416629791,16.980497360229492,34.095638275146484,10467.312477588841,578.9608764648438,368.230712890625,63.60200047492981,-0.04998455196619034,-0.03179117664694786
237.4,1768,-18.182403564453125,0.33666807413101196,16.950885772705078,34.21345901489258,10784.323012870045,579.9484252929688,380.2099304199219,65.55926203727722,-0.0478220134973526,-0.031351760029792786
237.5,1768,-18.253562927246094,0.33649611473083496,16.967384338378906,34.268978118896484,10957.049645054503,581.4548950195312,386.10223388671875,66.40278100967407,-0.04727650433778763,-0.031392913311719894
237.6,1768,-18.115995407104492,0.33783063292503357,16.974803924560547,34.300655364990234,11054.987053651317,582.2468872070312,391.0982666015625,67.17051863670349,-0.046320829540491104,-0.031113941222429276
237.7,1768,-18.011051177978516,0.3360048532485962,16.957658767700195,34.315311431884766,11105.514862464266,581.9073486328125,390.7624816894531,67.15201139450073,-0.046092066913843155,-0.03095175139605999
237.8,1768,-18.044179916381836,0.33571064472198486,16.981313705444336,34.32315444946289,11135.823854226956,582.8522338867188,391.4858703613281,67.16725826263428,-0.04609152302145958,-0.03095841221511364
237.9,1768,-17.83091163635254,0.3362160921096802,16.953502655029297,34.264076232910156,11157.724755624493,580.8961181640625,392.84637451171875,67.62765049934387,-0.04538901895284653,-0.03069552592933178
238,1768,-17.898784637451172,0.33428940176963806,16.956336975097656,34.15796661376953,11176.582051872523,579.1939697265625,391.25531005859375,67.55168437957764,-0.045747071504592896,-0.030902918428182602
238.1,1768,-18.032846450805664,0.33554524183273315,16.976123809814453,34.0925178527832,11181.835796954421,578.7587890625,392.9097595214844,67.888343334198,-0.045895643532276154,-0.03115779161453247
238.2,1768,-17.915925979614258,0.33630067110061646,16.949636459350586,34.160579681396484,11171.868019231919,579.0093994140625,393.44329833984375,67.95110702514648,-0.045536234974861145,-0.03094237484037876
238.3,1768,-17.96712303161621,0.335733026266098,16.970121383666992,34.20549011230469,11163.878410003757,580.4713134765625,392.498291015625,67.61717200279236,-0.045776307582855225,-0.03095264546573162
238.4,1768,-17.80716323852539,0.3361690044403076,16.972692489624023,34.260799407958984,11163.239614284901,581.4979858398438,392.9855041503906,67.5815761089325,-0.04531252011656761,-0.03062291257083416
238.5,1768,-17.775367736816406,0.3348194658756256,16.961212158203125,34.17365646362305,11176.579720501286,579.6266479492188,391.8756103515625,67.60828495025635,-0.045359719544649124,-0.030666926875710487
238.6,1768,-18.0421142578125,0.3344614803791046,16.964813232421875,34.08555603027344,11180.893922974794,578.2550659179688,391.60772705078125,67.72231459617615,-0.04607190564274788,-0.031200960278511047
238.7,1768,-18.059656143188477,0.33606797456741333,16.969593048095703,34.11400604248047,11173.841524983784,578.9008178710938,393.2405090332031,67.92882680892944,-0.04592521861195564,-0.031196460127830505
238.8,1768,-18.112276077270508,0.33509957790374756,16.961524963378906,34.15040969848633,11168.284701641116,579.2430419921875,391.9123840332031,67.65940189361572,-0.04621511697769165,-0.03126887232065201
238.9,1768,-18.19060707092285,0.33475494384765625,16.982778549194336,34.0887336730957,11180.757537757449,578.92138671875,391.9465637207031,67.70289540290833,-0.0464109368622303,-0.03142154961824417
239,1768,-17.973896026611328,0.3332240581512451,16.957202911376953,33.95050048828125,11194.598888789722,575.7055053710938,390.6371154785156,67.85363554954529,-0.04601174592971802,-0.03122064098715782
239.1,1768,-17.853496551513672,0.33067822456359863,16.94574546813965,33.806236267089844,11198.739404106098,572.8718872070312,387.7960205078125,67.69332885742188,-0.046038370579481125,-0.031164903193712234
239.2,1768,-17.981054306030273,0.3320762813091278,16.967792510986328,33.784671783447266,11186.349331668667,573.2512817382812,389.00469970703125,67.85936951637268,-0.0462232306599617,-0.03136679157614708
239.3,1768,-17.85595703125,0.33358439803123474,16.945865631103516,33.83134841918945,11172.991740168009,573.301513671875,390.30474853515625,68.08019280433655,-0.0457487590610981,-0.031145840883255005
239.4,1768,-17.976364135742188,0.33425164222717285,16.962556838989258,33.892547607421875,11161.120397830744,574.9042358398438,390.669921875,67.95390844345093,-0.046014200896024704,-0.03126844763755798
239.5,1768,-17.886423110961914,0.3374917507171631,16.966064453125,34.001365661621094,11152.953604388591,576.869384765625,394.16827392578125,68.32886338233948,-0.04537763074040413,-0.031006019562482834
239.6,1768,-17.890987396240234,0.3365248143672943,16.960180282592773,34.09624481201172,11150.316823519886,578.2784423828125,392.946044921875,67.95100569725037,-0.04553039371967316,-0.03093836084008217
239.7,1768,-18.098880767822266,0.3374587893486023,16.963085174560547,34.18687438964844,11151.017400576513,579.9148559570312,394.0613708496094,67.95158982276917,-0.04592909291386604,-0.03120954893529415
239.8,1768,-17.979955673217773,0.33756372332572937,16.946155548095703,34.26952362060547,11154.05517729793,580.7366943359375,394.2912902832031,67.89501905441284,-0.04560069367289543,-0.030960598960518837
239.9,1768,-18.07710838317871,0.33714407682418823,16.96202850341797,34.313785552978516,11155.38988733094,582.0314331054688,393.8482360839844,67.66786575317383,-0.045898664742708206,-0.031058646738529205
240,1768,-17.951704025268555,0.3386189043521881,16.966758728027344,34.34929275512695,11155.543757832562,582.796142578125,395.5765686035156,67.87562966346741,-0.04538111016154289,-0.030802715569734573
240.1,1768,-17.73882484436035,0.3379809856414795,16.959123611450195,34.427520751953125,11156.092795758805,583.860595703125,394.85076904296875,67.62757897377014,-0.04492538794875145,-0.030381953343749046
240.2,1768,-17.995779037475586,0.33796337246894836,16.959026336669922,34.38270568847656,11165.09072304684,583.0972290039062,395.1486511230469,67.7672028541565,-0.04554179310798645,-0.03086240030825138
240.3,1768,-17.911518096923828,0.337358295917511,16.951101303100586,34.33637619018555,11177.399197490984,582.0393676757812,394.87603759765625,67.84352660179138,-0.04535984992980957,-0.030773721635341644
240.4,1768,-18.0037899017334,0.33546605706214905,16.9567928314209,34.2915153503418,11179.96603722259,581.47412109375,392.7513427734375,67.5440788269043,-0.045840173959732056,-0.030962323769927025
240.5,1768,-17.997230529785156,0.3365706503391266,16.973819732666016,34.250709533691406,11182.269432004447,581.3653564453125,394.1257629394531,67.79312491416931,-0.04566367715597153,-0.030956832692027092
240.6,1768,-17.775196075439453,0.3366808593273163,16.939117431640625,34.1760139465332,11186.847079427702,578.9114990234375,394.41619873046875,68.1306540966034,-0.04506710544228554,-0.03070451319217682
240.7,1768,-17.841753005981445,0.33424872159957886,16.961933135986328,34.078800201416016,11185.885388792565,578.0423583984375,391.5333251953125,67.73437261581421,-0.04556892439723015,-0.030865823850035667
240.8,1768,-17.926666259765625,0.33499208092689514,16.954103469848633,34.04059600830078,11181.110740499807,577.1278076171875,392.2366027832031,67.96355843544006,-0.0457037054002285,-0.031061867251992226
240.9,1768,-17.861526489257812,0.3343820869922638,16.92377281188965,34.06439971923828,11175.496798561839,576.4981689453125,391.3257751464844,67.8797960281372,-0.04564362391829491,-0.03098279796540737
241,1765,-18.147083282470703,0.33353859186172485,16.946876525878906,34.09555435180664,11165.635098230608,577.8131713867188,389.99420166015625,67.49486327171326,-0.04653167724609375,-0.03140649199485779
241.1,1765,-18.240413665771484,0.33409762382507324,16.938133239746094,34.1253776550293,11151.236549472764,578.0202026367188,390.14410400390625,67.49662160873413,-0.04675301909446716,-0.03155670687556267
241.2,1765,-18.356807708740234,0.3334008455276489,16.956817626953125,34.1091194152832,11132.999397973696,578.3821411132812,388.6936950683594,67.20361709594727,-0.0472269244492054,-0.031738199293613434
241.3,1765,-18.24614715576172,0.33615565299987793,16.94733238220215,34.122379302978516,11125.636927608204,578.2833251953125,391.6462097167969,67.72566437721252,-0.046588342636823654,-0.0315522626042366
241.4,1765,-18.135534286499023,0.33508631587028503,16.932010650634766,34.1151123046875,11125.991296036182,577.637451171875,390.41278076171875,67.58785843849182,-0.04645220562815666,-0.0313960500061512
241.5,1765,-18.15578842163086,0.3364315629005432,16.950525283813477,34.084224700927734,11130.84987369346,577.7454833984375,392.15130615234375,67.876136302948,-0.046297915279865265,-0.03142523393034935
241.6,1765,-18.002649307250977,0.33601024746894836,16.923316955566406,34.03385925292969,11134.268829612078,575.9657592773438,391.780517578125,68.02149415016174,-0.04595085233449936,-0.031256455928087234
241.7,1765,-18.070234298706055,0.33656296133995056,16.962125778198242,33.98879623413086,11137.411518039145,576.522216796875,392.5357360839844,68.08683276176453,-0.04603462293744087,-0.03134351596236229
241.8,1765,-17.85120391845703,0.33594441413879395,16.933643341064453,33.90878677368164,11139.340727737514,574.1992797851562,391.8822021484375,68.24846267700195,-0.04555247351527214,-0.03108886443078518
241.9,1765,-17.986108779907227,0.3332287073135376,16.933570861816406,33.842220306396484,11138.021171617542,573.0696411132812,388.6682434082031,67.82217025756836,-0.04627624899148941,-0.03138555586338043
242,1765,-17.957557678222656,0.33433160185813904,16.945817947387695,33.80244827270508,11135.80636894268,572.8101196289062,389.8771057128906,68.06393265724182,-0.04605953395366669,-0.03134993091225624
242.1,1765,-17.995670318603516,0.33335423469543457,16.938661575317383,33.783470153808594,11129.877691887757,572.2467651367188,388.5303955078125,67.89560317993164,-0.04631727933883667,-0.0314473956823349
242.2,1765,-18.032747268676758,0.33597415685653687,16.957778930664062,33.81503677368164,11126.013444062932,573.4279174804688,391.447998046875,68.26454997062683,-0.0460667759180069,-0.03144727647304535
242.3,1765,-17.846641540527344,0.33572185039520264,16.94135284423828,33.80918884277344,11129.479027406282,572.7733764648438,391.27587890625,68.31250786781311,-0.04561140388250351,-0.031158292666077614
242.4,1765,-18.045804977416992,0.33498895168304443,16.9567928314209,33.77955627441406,11129.202759914733,572.7929077148438,390.4119873046875,68.15935969352722,-0.04622246325016022,-0.03150493651628494
242.5,1765,-17.832727432250977,0.3343087434768677,16.92151641845703,33.78996276855469,11127.620924530635,571.7774047851562,389.5638732910156,68.132084608078,-0.0457761324942112,-0.031188232824206352
242.6,1765,-17.978870391845703,0.33293864130973816,16.945457458496094,33.748931884765625,11129.434731352785,571.89111328125,388.0305480957031,67.85042881965637,-0.04633364453911781,-0.031437575817108154
242.7,1765,-17.949756622314453,0.33420225977897644,16.92276382446289,33.74481964111328,11126.723346604505,571.0556030273438,389.40838623046875,68.19097399711609,-0.04609494283795357,-0.031432587653398514
242.8,1765,-18.121212005615234,0.3355196416378021,16.940462112426758,33.81781005859375,11115.512948012845,572.8893432617188,390.54949951171875,68.17188858985901,-0.04639927297830582,-0.031631261110305786
242.9,1765,-17.920562744140625,0.3381468951702118,16.9189453125,33.96061706542969,11107.959305205944,574.5778198242188,393.3401794433594,68.45725178718567,-0.04555996134877205,-0.031189095228910446
243,1765,-18.093778610229492,0.33699673414230347,16.936595916748047,34.061004638671875,11106.287712029232,576.8775024414062,391.94329833984375,67.94220805168152,-0.04616427794098854,-0.03136502951383591
243.1,1765,-18.01580238342285,0.3383968770503998,16.94646644592285,34.126121520996094,11108.960629152107,578.3171997070312,393.66644287109375,68.07102560997009,-0.04576412960886955,-0.031152114272117615
243.2,1765,-18.121257781982422,0.33605319261550903,16.934194564819336,34.10989761352539,11114.949921859183,577.6236572265625,391.1507263183594,67.7172303199768,-0.046328067779541016,-0.031372085213661194
243.3,1765,-18.147846221923828,0.3364824056625366,16.94034194946289,34.12504577636719,11118.571707075393,578.0899658203125,391.7779541015625,67.77110695838928,-0.04632176458835602,-0.03139277175068855
243.4,1765,-18.292217254638672,0.33451446890830994,16.933330535888672,34.113162994384766,11121.805318980692,577.6494750976562,389.5998840332031,67.44572520256042,-0.0469512902200222,-0.03166664019227028
243.5,1765,-18.28380584716797,0.33592355251312256,16.952590942382812,34.07333755493164,11126.1195214542,577.63134765625,391.39276123046875,67.75822639465332,-0.04671472683548927,-0.03165306895971298
243.6,1765,-17.97520637512207,0.33499816060066223,16.919546127319336,34.04075241088867,11131.785919244994,575.9541015625,390.5133361816406,67.80286431312561,-0.04602968320250511,-0.031209442764520645
243.7,1765,-18.00591278076172,0.3340536653995514,16.954486846923828,33.91443634033203,11141.663939174883,575.0018920898438,389.7579040527344,67.7837610244751,-0.04619768634438515,-0.03131452947854996
243.8,1765,-17.71481704711914,0.3337562084197998,16.927640914916992,33.811119079589844,11147.367638905464,572.3424682617188,389.61016845703125,68.072909116745,-0.045468054711818695,-0.030951427295804024
243.9,1765,-17.66624641418457,0.3317164480686188,16.93606948852539,33.736568450927734,11145.5911340231,571.3648681640625,387.1673583984375,67.76183843612671,-0.045629482716321945,-0.030919378623366356
244,1765,-17.677461624145508,0.3323916494846344,16.940919876098633,33.684852600097656,11140.297755630178,570.6524047851562,387.77117919921875,67.95225739479065,-0.04558735340833664,-0.030977634713053703
244.1,1765,-17.74321174621582,0.3318934142589569,16.92799949645996,33.70854187011719,11128.28769670433,570.6181640625,386.77252197265625,67.7813172340393,-0.04587505757808685,-0.031094718724489212
244.2,1765,-17.924989700317383,0.33381107449531555,16.9630126953125,33.73591995239258,11121.77850821147,572.2628173828125,388.77972412109375,67.93726682662964,-0.046105772256851196,-0.03132300078868866
244.3,1765,-17.83588218688965,0.33343249559402466,16.927783966064453,33.76416015625,11121.921887542527,571.5524291992188,388.34381103515625,67.94543862342834,-0.045928072184324265,-0.031206030398607254
244.4,1765,-17.931697845458984,0.3338908553123474,16.955591201782227,33.81047058105469,11121.410151556072,573.2764892578125,388.8597717285156,67.83109903335571,-0.04611353576183319,-0.031279318034648895
244.5,1765,-17.870309829711914,0.33217090368270874,16.916927337646484,33.91544723510742,11112.15460774638,573.7451782226562,386.5346984863281,67.37045049667358,-0.04623209685087204,-0.03114677220582962
244.6,1765,-18.20586395263672,0.33393150568008423,16.949541091918945,34.02755355834961,11101.45361376994,576.7514038085938,388.209228515625,67.30962991714478,-0.0468970388174057,-0.03156622499227524
244.7,1765,-18.041671752929688,0.3349551260471344,16.92607879638672,34.10712814331055,11103.202142197462,577.2999267578125,389.4605712890625,67.46243238449097,-0.04632477089762688,-0.03125181794166565
244.8,1765,-18.213985443115234,0.3344621956348419,16.952999114990234,34.0510139465332,11119.806168145224,577.2667846679688,389.4689636230469,67.46776103973389,-0.04676620289683342,-0.031552109867334366
244.9,1765,-18.074575424194336,0.33490559458732605,16.926679611206055,33.99087142944336,11127.127839514073,575.3526000976562,390.2420654296875,67.82659888267517,-0.04631631448864937,-0.031414780765771866
245,1774,-18.19015121459961,0.3353912830352783,16.946731567382812,33.9785041809082,11125.231269013018,575.8245849609375,390.74139404296875,67.85771250724792,-0.04655291512608528,-0.03158974274992943
245.1,1774,-17.985132217407227,0.3385505676269531,16.9219970703125,34.157554626464844,11134.315457036811,578.0140380859375,394.744140625,68.29317212104797,-0.04556149244308472,-0.031115390360355377
245.2,1774,-17.999053955078125,0.3384222984313965,16.919715881347656,34.47913360595703,11160.492093282453,583.3771362304688,395.5222473144531,67.79872179031372,-0.04550705477595329,-0.030853204429149628
245.3,1774,-18.130098342895508,0.3376827836036682,16.952110290527344,34.57971954345703,11194.707297552228,586.19921875,395.8678894042969,67.5312876701355,-0.04579835385084152,-0.030928220599889755
245.4,1774,-18.026161193847656,0.33734267950057983,16.96637535095215,34.54119110107422,11224.678240485595,586.038818359375,396.5279541015625,67.6624059677124,-0.04546000063419342,-0.030759328976273537
245.5,1774,-17.786672592163086,0.3366129994392395,16.9381103515625,34.464080810546875,11246.946332852913,583.7564086914062,396.4552001953125,67.91449189186096,-0.044864267110824585,-0.030469341203570366
245.6,1774,-17.72570037841797,0.336247056722641,16.92314910888672,34.3441276550293,11261.18051993857,581.2108154296875,396.5254211425781,68.22403073310852,-0.04470255970954895,-0.03049788624048233
245.7,1774,-17.883577346801758,0.33342525362968445,16.941713333129883,34.214569091796875,11263.49090883414,579.6534423828125,393.2784118652344,67.84716844558716,-0.045473068952560425,-0.030852189287543297
245.8,1774,-17.894590377807617,0.3330627977848053,16.95223045349121,34.14813995361328,11262.418478065258,578.8871459960938,392.8135070800781,67.85666346549988,-0.04555492848157883,-0.03091205470263958
245.9,1774,-17.816946029663086,0.333922803401947,16.964357376098633,34.127159118652344,11255.538601545763,578.9453125,393.58721923828125,67.98348426818848,-0.04526810348033905,-0.030774833634495735
246,1774,-17.68898582458496,0.3339642286300659,16.92706298828125,34.155906677246094,11247.15965332107,578.1591796875,393.343017578125,68.03368330001831,-0.04497089236974716,-0.030595354735851288
246.1,1774,-17.769655227661133,0.33434098958969116,16.941207885742188,34.195167541503906,11239.756383958938,579.3074340820312,393.5275573730469,67.93069243431091,-0.04515479505062103,-0.030673963949084282
246.2,1774,-17.95827293395996,0.3363635540008545,16.963516235351562,34.249176025390625,11234.347602689799,580.9864501953125,395.7176513671875,68.11133623123169,-0.04538153111934662,-0.03090996854007244
246.3,1774,-17.970232009887695,0.33727994561195374,16.926799774169922,34.32781219482422,11229.905174798272,581.0599975585938,396.6388244628906,68.26125383377075,-0.045306283980607986,-0.03092663735151291
246.4,1774,-17.986164093017578,0.3365931212902069,16.92449188232422,34.44384002685547,11223.960178144693,582.9445190429688,395.62158203125,67.86608099937439,-0.04546305164694786,-0.030853990465402603
246.5,1774,-18.128189086914062,0.33687424659729004,16.949756622314453,34.5312385559082,11223.106896272062,585.2960815429688,395.9219055175781,67.64472126960754,-0.04578728601336479,-0.030972681939601898
246.6,1774,-18.064664840698242,0.33947256207466125,16.96522331237793,34.59434509277344,11223.464761756893,586.9008178710938,398.9883728027344,67.98225045204163,-0.04527616873383522,-0.030779758468270302
246.7,1774,-17.939001083374023,0.34074434638023376,16.92466163635254,34.66545104980469,11225.759996739424,586.7010498046875,400.5650329589844,68.27412843704224,-0.044784240424633026,-0.030576052144169807
246.8,1774,-18.052825927734375,0.34002387523651123,16.937339782714844,34.68788528442383,11232.834542757182,587.5205078125,399.969970703125,68.07761788368225,-0.04513545334339142,-0.030727142468094826
246.9,1774,-18.221920013427734,0.3393453359603882,16.950044631958008,34.6834831237793,11237.41801860853,587.8865966796875,399.3346862792969,67.92716383934021,-0.045630697160959244,-0.03099563904106617
247,1774,-18.207195281982422,0.3397257328033447,16.960250854492188,34.66389083862305,11239.861295664588,587.9082641601562,399.8692626953125,68.0155873298645,-0.045532871037721634,-0.030969448387622833
247.1,1774,-18.163957595825195,0.33837729692459106,16.924518585205078,34.700927734375,11240.20750429324,587.2965087890625,398.29437255859375,67.81827807426453,-0.04560435563325882,-0.03092808835208416
247.2,1774,-18.16151237487793,0.3366299271583557,16.93926239013672,34.71049118041992,11241.666942687412,587.9700927734375,396.2890319824219,67.39951968193054,-0.04582895338535309,-0.030888495966792107
247.3,1774,-18.10758399963379,0.3365460932254791,16.96654510498047,34.68955993652344,11245.285230846766,588.56201171875,396.31787109375,67.33664274215698,-0.045689549297094345,-0.030765807256102562
247.4,1774,-18.123971939086914,0.3384331166744232,16.943464279174805,34.67607498168945,11245.922860880004,587.5328369140625,398.5626220703125,67.83665418624878,-0.045473337173461914,-0.030847590416669846
247.5,1774,-18.094621658325195,0.3382187783718109,16.930042266845703,34.690101623535156,11242.16935318892,587.3048706054688,398.1772766113281,67.79736876487732,-0.04544363170862198,-0.030809588730335236
247.6,1774,-18.348281860351562,0.33760833740234375,16.93638038635254,34.7518424987793,11233.050194596577,588.5704345703125,397.1361999511719,67.4747109413147,-0.04620148241519928,-0.031174318864941597
247.7,1774,-18.492891311645508,0.3386590778827667,16.956457138061523,34.854156494140625,11226.290383695772,591.0029907226562,398.1324768066406,67.36555695533752,-0.04644909128546715,-0.0312906876206398
247.8,1774,-18.318878173828125,0.33891522884368896,16.93429183959961,34.906742095947266,11226.84175299325,591.1209716796875,398.45318603515625,67.40636825561523,-0.0459749810397625,-0.03099006786942482
247.9,1774,-18.19634246826172,0.33878207206726074,16.93287467956543,34.960838317871094,11230.601089112426,591.9874877929688,398.42999267578125,67.30378866195679,-0.04567011073231697,-0.03073771484196186
248,1774,-18.209501266479492,0.3382692039012909,16.948747634887695,34.912879943847656,11244.00530803782,591.7296142578125,398.3016662597656,67.31142997741699,-0.045717865228652954,-0.030773349106311798
248.1,1774,-18.15470314025879,0.3381829857826233,16.96075439453125,34.772064208984375,11260.194349905449,589.7604370117188,398.7734680175781,67.61617660522461,-0.045526355504989624,-0.03078318201005459
248.2,1774,-18.09882164001465,0.3378395438194275,16.969690322875977,34.62673568725586,11268.941654785538,587.60498046875,398.6779479980469,67.8479552268982,-0.04539709538221359,-0.03080100193619728
248.3,1774,-18.09701156616211,0.3357377052307129,16.928647994995117,34.505558013916016,11270.753130236451,584.1324462890625,396.2613220214844,67.8375780582428,-0.04566938802599907,-0.03098100796341896
248.4,1774,-18.202917098999023,0.3332448899745941,16.93868637084961,34.47719955444336,11261.327396326484,583.9984741210938,392.99017333984375,67.29301810264587,-0.046319011598825455,-0.031169461086392403
248.5,1774,-18.259618759155273,0.3347426950931549,16.953336715698242,34.52006530761719,11245.633770846653,585.2302856445312,394.2063903808594,67.35919117927551,-0.04631994664669037,-0.031200740486383438
248.6,1774,-18.143945693969727,0.3372342586517334,16.974252700805664,34.524295806884766,11241.207662553783,586.0241088867188,396.9842529296875,67.7419662475586,-0.045704446732997894,-0.030961090698838234
248.7,1774,-18.017948150634766,0.33780595660209656,16.93779754638672,34.5328254699707,11242.21131787118,584.9100341796875,397.6927490234375,67.99212694168091,-0.04530620202422142,-0.030804650858044624
248.8,1774,-18.15199851989746,0.3384845554828644,16.94454574584961,34.57671356201172,11237.471640146974,585.88671875,398.3236389160156,67.98646450042725,-0.0455709807574749,-0.03098209574818611
248.9,1774,-18.268695831298828,0.3411424160003662,16.967334747314453,34.63773727416992,11234.189069445703,587.7100830078125,401.3341064453125,68.28777194023132,-0.04551991820335388,-0.031084537506103516
249,1790,-18.310304641723633,0.34241828322410583,16.95014190673828,34.68718719482422,11233.553770783703,587.9527587890625,402.81231689453125,68.51100325584412,-0.0454561710357666,-0.031142476946115494
249.1,1790,-18.24471664428711,0.34470078349113464,16.910614013671875,35.252471923828125,11241.662279944938,596.1409301757812,405.7900695800781,68.06948781013489,-0.04496097192168236,-0.030604703351855278
249.2,1790,-18.35392189025879,0.34851333498954773,16.928791046142578,35.99937438964844,11297.069648756295,609.4259033203125,412.30047607421875,67.65391230583191,-0.04451588913798332,-0.030116740614175797
249.3,1790,-18.52153778076172,0.3495882451534271,16.92994499206543,36.369422912597656,11358.916264923411,615.7322998046875,415.83624267578125,67.53522753715515,-0.04454046115279198,-0.030080502852797508
249.4,1790,-18.439960479736328,0.35096830129623413,16.936885833740234,36.55698013305664,11405.474914205883,619.161376953125,419.1889953613281,67.70270466804504,-0.04398960992693901,-0.02978215366601944
249.5,1790,-18.6436824798584,0.35070356726646423,16.951318740844727,36.659324645996094,11438.659652389038,621.4238891601562,420.091552734375,67.60144829750061,-0.04438004642724991,-0.030001554638147354
249.6,1790,-18.58268165588379,0.3493305444717407,16.9686336517334,36.716552734375,11462.066619605483,623.0297241210938,419.3031311035156,67.30065941810608,-0.04431801289319992,-0.029826315119862556
249.7,1790,-18.7739200592041,0.34941592812538147,16.966808319091797,36.78657913208008,11472.222072712537,624.1508178710938,419.7772216796875,67.25572943687439,-0.04472353309392929,-0.03007913939654827
249.8,1790,-18.928634643554688,0.35044458508491516,16.954824447631836,36.947349548339844,11465.953015457057,626.4358520507812,420.782958984375,67.17095971107483,-0.04498431831598282,-0.03021639958024025
249.9,1790,-18.875438690185547,0.35130736231803894,16.953935623168945,37.09092330932617,11463.243962080014,628.8370971679688,421.71923828125,67.06334948539734,-0.04475830867886543,-0.030016418546438217
250,1790,-18.898008346557617,0.3525032103061676,16.942672729492188,37.13441848754883,11472.095012980137,629.1563110351562,423.4814758300781,67.30942726135254,-0.04462534561753273,-0.030037064105272293
250.1,1790,-18.812543869018555,0.3521970510482788,16.932130813598633,37.121253967285156,11483.714567223838,628.5419311523438,423.542236328125,67.3848807811737,-0.044417161494493484,-0.02993045188486576
250.2,1790,-18.896913528442383,0.35277894139289856,16.942720413208008,37.11784362792969,11487.771153175692,628.8772583007812,424.391845703125,67.484050989151,-0.04452703893184662,-0.03004865162074566
250.3,1790,-19.036972045898438,0.3538645803928375,16.976173400878906,37.191226959228516,11480.024006556147,631.36474609375,425.4107971191406,67.37956404685974,-0.04474962130188942,-0.030152099207043648
250.4,1790,-19.09588050842285,0.3539016544818878,16.976341247558594,37.3232307434082,11475.811218731433,633.6118774414062,425.2992248535156,67.1229898929596,-0.044899869710206985,-0.030138134956359863
250.5,1790,-18.965431213378906,0.35388049483299255,16.965126037597656,37.36020278930664,11482.245803344718,633.820556640625,425.51226806640625,67.13449954986572,-0.04457082226872444,-0.029922399669885635
250.6,1790,-19.039066314697266,0.3524951636791229,16.951919555664062,37.369102478027344,11486.8187880255,633.47802734375,424.01531982421875,66.9344961643219,-0.04490183666348457,-0.030054816976189613
250.7,1790,-18.95794677734375,0.3533337414264679,16.942312240600586,37.44414520263672,11482.363537592173,634.390380859375,424.85919189453125,66.97125434875488,-0.04462171718478203,-0.029883721843361855
250.8,1790,-18.933687210083008,0.3554030954837799,16.956336975097656,37.47458267211914,11485.454935852034,635.431640625,427.4624938964844,67.27120280265808,-0.04429320991039276,-0.029796576127409935
250.9,1790,-18.994993209838867,0.3556062877178192,16.978118896484375,37.467498779296875,11489.65023839247,636.1276245117188,427.8631286621094,67.26057529449463,-0.044395022094249725,-0.029860347509384155
251,1790,-19.033645629882812,0.3557562530040741,16.9794864654541,37.4485969543457,11492.21358106722,635.8579711914062,428.1390686035156,67.33250021934509,-0.044456690549850464,-0.029933800920844078
251.1,1790,-19.049379348754883,0.3539803922176361,16.969329833984375,37.439308166503906,11494.088003541525,635.3199462890625,426.07135009765625,67.06405878067017,-0.04470936208963394,-0.029983913525938988
251.2,1790,-19.028541564941406,0.35548025369644165,16.95520782470703,37.47340774536133,11493.845540932909,635.3694458007812,427.8676452636719,67.34155416488647,-0.044472962617874146,-0.029948784038424492
251.3,1790,-19.10589027404785,0.3562905490398407,16.943416595458984,37.557437896728516,11487.054256520409,636.351318359375,428.5895690917969,67.35109090805054,-0.04457852244377136,-0.030024122446775436
251.4,1790,-19.134166717529297,0.3584108352661133,16.94000816345215,37.652252197265625,11478.191548764102,637.8294677734375,430.8074645996094,67.54273772239685,-0.04441465809941292,-0.02999887615442276
251.5,1790,-19.209505081176758,0.3588283658027649,16.949323654174805,37.751956939697266,11472.569447026806,639.8701171875,431.09808349609375,67.37274527549744,-0.044559478759765625,-0.0300209429115057
251.6,1790,-19.32634925842285,0.36013680696487427,16.974781036376953,37.8629150390625,11470.140158198166,642.7147216796875,432.57843017578125,67.30489134788513,-0.04467710107564926,-0.030069872736930847
251.7,1790,-19.424819946289062,0.3584490120410919,16.9810733795166,37.968505859375,11470.071382746684,644.7459716796875,430.5485534667969,66.77801012992859,-0.045116446912288666,-0.030127864331007004
251.8,1790,-19.424150466918945,0.35958051681518555,16.983064651489258,38.028507232666016,11474.051033447728,645.840576171875,432.0574951171875,66.89847111701965,-0.04495732858777046,-0.030075766146183014
251.9,1790,-19.365619659423828,0.3590494394302368,16.960851669311523,38.07483673095703,11479.989035987595,645.7816772460938,431.64263916015625,66.84033870697021,-0.04486493766307831,-0.029987875372171402
252,1790,-19.283185958862305,0.3591519892215729,16.943010330200195,38.06171417236328,11491.383612906955,644.8800048828125,432.1944885253906,67.0193612575531,-0.04461691901087761,-0.02990197390317917
252.1,1790,-19.16412353515625,0.35941752791404724,16.947595596313477,37.9811897277832,11501.39918373981,643.6898193359375,432.8909912109375,67.25148558616638,-0.04427009075880051,-0.02977229468524456
252.2,1790,-19.306875228881836,0.3585967719554901,16.969593048095703,37.88484573364258,11505.989653704866,642.8904418945312,432.0748291015625,67.20816493034363,-0.04468410089612007,-0.030031362548470497
252.3,1790,-19.222265243530273,0.3583851754665375,16.980422973632812,37.85163497924805,11504.248119391053,642.7367553710938,431.7545166015625,67.17439293861389,-0.044521283358335495,-0.029906900599598885
252.4,1790,-19.307418823242188,0.35759276151657104,16.962629318237305,37.885040283203125,11495.937946617845,642.6298828125,430.4886779785156,66.98858737945557,-0.044850002974271774,-0.03004438243806362
252.5,1790,-19.409948348999023,0.358084499835968,16.952543258666992,37.971370697021484,11483.839295585001,643.7113037109375,430.6269836425781,66.89753532409668,-0.04507369175553322,-0.030153188854455948
252.6,1790,-19.263362884521484,0.3585105240345001,16.942577362060547,38.0342903137207,11482.43581010051,644.39892578125,431.0866394042969,66.89748167991638,-0.044685594737529755,-0.0298935379832983
252.7,1790,-19.285024642944336,0.3599185347557068,16.940872192382812,38.02779769897461,11489.485876720284,644.2240600585938,433.04541015625,67.21968650817871,-0.04453349485993385,-0.02993527613580227
252.8,1790,-19.19354820251465,0.3595193326473236,16.966567993164062,38.01618957519531,11496.850678457013,645.0042724609375,432.84234619140625,67.10689663887024,-0.044343043118715286,-0.029757242649793625
252.9,1790,-19.382814407348633,0.3595289885997772,16.979703903198242,37.95975112915039,11499.911768890795,644.5453491210938,432.96923828125,67.1743631362915,-0.04476718604564667,-0.03007207252085209
253,1809,-19.50860595703125,0.3591930568218231,16.966928482055664,38.026092529296875,11490.144489094651,645.1859741210938,432.1972961425781,66.98801517486572,-0.045138195157051086,-0.03023718111217022
253.1,1809,-19.50007438659668,0.362446129322052,16.924829483032227,38.52268981933594,11491.114339529116,651.9899291992188,436.1483459472656,66.89494848251343,-0.04470973089337349,-0.029908550903201103
253.2,1809,-19.541940689086914,0.3698713779449463,16.937076568603516,39.48508071899414,11547.925193824967,668.7618408203125,447.283935546875,66.88239574432373,-0.043690234422683716,-0.029221076518297195
253.3,1809,-19.783523559570312,0.371597021818161,16.973556518554688,39.974578857421875,11611.910843101752,678.5108032226562,451.86065673828125,66.59594774246216,-0.04378235340118408,-0.029157273471355438
253.4,1809,-19.758459091186523,0.373643696308136,16.934938430786133,40.34786605834961,11659.399709507667,683.2886352539062,456.2075500488281,66.76644682884216,-0.04331023991107941,-0.02891670912504196
253.5,1809,-19.974836349487305,0.37339580059051514,16.97117805480957,40.57965850830078,11693.117166018406,688.6846313476562,457.2232971191406,66.39081239700317,-0.04368726909160614,-0.029004331678152084
253.6,1809,-19.95026397705078,0.3757631480693817,16.977806091308594,40.727760314941406,11718.979067147095,691.468017578125,461.1397705078125,66.68996214866638,-0.043262943625450134,-0.02885204181075096
253.7,1809,-20.074491500854492,0.3741787374019623,16.949085235595703,40.8314094543457,11734.805580787417,692.0550537109375,459.8155212402344,66.44204258918762,-0.043657708913087845,-0.029007073491811752
253.8,1809,-20.20722770690918,0.3764208257198334,16.983234405517578,40.9454345703125,11741.860310149663,695.3859252929688,462.84881591796875,66.55999422073364,-0.04365837574005127,-0.02905901148915291
253.9,1809,-20.218461990356445,0.3769807517528534,16.938974380493164,41.1020622253418,11742.169216838525,696.226806640625,463.54949951171875,66.58024787902832,-0.04361661896109581,-0.029040051624178886
254,1809,-20.39488410949707,0.3780514895915985,16.97735023498535,41.24424362182617,11741.691285735003,700.2179565429688,464.8471984863281,66.38607382774353,-0.043874382972717285,-0.029126478359103203
254.1,1809,-20.309865951538086,0.37955811619758606,16.943273544311523,41.346092224121094,11745.422645399338,700.5381469726562,466.8480529785156,66.64134860038757,-0.04350423067808151,-0.028991805389523506
254.2,1809,-20.366512298583984,0.3773114085197449,16.950740814208984,41.41022491455078,11753.844723991908,701.9339599609375,464.41741943359375,66.16255044937134,-0.043853893876075745,-0.02901485376060009
254.3,1809,-20.396242141723633,0.3793604075908661,16.982969284057617,41.44071578979492,11762.192198704905,703.786376953125,467.27105712890625,66.39387607574463,-0.04364969953894615,-0.02898072823882103
254.4,1809,-20.275117874145508,0.3797963857650757,16.941015243530273,41.48554992675781,11766.142707265488,702.8073120117188,467.9652099609375,66.5851354598999,-0.04332612454891205,-0.028848756104707718
254.5,1809,-20.313934326171875,0.3784267008304596,16.97468376159668,41.46418762207031,11772.468883116268,703.8414916992188,466.5282287597656,66.28314256668091,-0.0435427762567997,-0.02886151894927025
254.6,1809,-20.30120086669922,0.379598468542099,16.966230392456055,41.44417190551758,11775.329475623696,703.1513671875,468.0865173339844,66.56981110572815,-0.04337061569094658,-0.02887173555791378
254.7,1809,-20.294401168823242,0.3785550892353058,16.940654754638672,41.458892822265625,11774.0973459251,702.3408203125,466.7510681152344,66.45649671554565,-0.04348013922572136,-0.02889537625014782
254.8,1809,-20.445764541625977,0.3786943554878235,16.969425201416016,41.508419036865234,11771.385961176822,704.3740234375,466.8152770996094,66.2737786769867,-0.043798405677080154,-0.029026858508586884
254.9,1809,-20.378637313842773,0.38029223680496216,16.967744827270508,41.55113220214844,11769.273738836373,705.0289916992188,468.7008361816406,66.4796531200409,-0.043478984385728836,-0.02890467830002308
255,1809,-20.42355728149414,0.37859201431274414,16.958642959594727,41.56372833251953,11769.469574020255,704.8644409179688,466.6131286621094,66.19899272918701,-0.04376978799700737,-0.02897515706717968
255.1,1809,-20.454071044921875,0.37951788306236267,16.981481552124023,41.5581169128418,11773.385112012289,705.7183837890625,467.9098815917969,66.30263328552246,-0.04371369630098343,-0.028983332216739655
255.2,1809,-20.35361099243164,0.3793589174747467,16.940752029418945,41.556640625,11775.280516827725,704.000732421875,467.7891845703125,66.44725799560547,-0.04351022094488144,-0.028911348432302475
255.3,1809,-20.36925506591797,0.3773241937160492,16.95909881591797,41.51887512207031,11780.787215688804,704.1226806640625,465.49774169921875,66.11031889915466,-0.04375800862908363,-0.02892855927348137
255.4,1809,-20.26976776123047,0.3770856559276581,16.987077713012695,41.385467529296875,11794.332482574018,703.0181274414062,465.73834228515625,66.24841094017029,-0.04352179169654846,-0.02883249521255493
255.5,1809,-20.116775512695312,0.37531647086143494,16.952856063842773,41.22608184814453,11802.507435815498,698.8998413085938,463.8745422363281,66.37210249900818,-0.043366845697164536,-0.028783489018678665
255.6,1809,-20.04381561279297,0.37340742349624634,16.96159553527832,41.07371139526367,11805.72472812214,696.6756591796875,461.6408386230469,66.26337766647339,-0.04341863468289375,-0.028770655393600464
255.7,1809,-20.19251251220703,0.37370413541793823,16.986717224121094,40.951271057128906,11803.33856966138,695.627685546875,461.9142761230469,66.40251874923706,-0.043714847415685654,-0.02902776002883911
255.8,1809,-20.096267700195312,0.3747078478336334,16.971467971801758,40.929534912109375,11793.035074480797,694.63427734375,462.7506103515625,66.61787629127502,-0.043427858501672745,-0.02893071621656418
255.9,1809,-20.169313430786133,0.3734383285045624,16.955448150634766,40.97829055786133,11782.001860103124,694.8052978515625,460.7513427734375,66.31373167037964,-0.043774835765361786,-0.02902872860431671
256,1809,-20.218124389648438,0.37493327260017395,16.985300064086914,40.96693420410156,11779.783560371407,695.835693359375,462.5086975097656,66.46809577941895,-0.04371403902769089,-0.029055889695882797
256.1,1809,-20.044477462768555,0.3745751976966858,16.945602416992188,40.93502426147461,11783.730571875136,693.6686401367188,462.2218017578125,66.63438081741333,-0.043365493416786194,-0.028896329924464226
256.2,1809,-20.043601989746094,0.37313541769981384,16.968008041381836,40.83909606933594,11788.859588595871,692.9581298828125,460.64556884765625,66.47523641586304,-0.04351198300719261,-0.028924694284796715
256.3,1809,-20.04214096069336,0.3737863302230835,16.979272842407227,40.77236557006836,11790.875059029995,692.2850952148438,461.52801513671875,66.66733026504517,-0.04342561960220337,-0.028950702399015427
256.4,1809,-19.94205093383789,0.3727659583091736,16.951173782348633,40.72734069824219,11789.331691271302,690.376220703125,460.2078857421875,66.66044592857361,-0.04333270341157913,-0.028885772451758385
256.5,1809,-19.998401641845703,0.37137898802757263,16.96282196044922,40.69123077392578,11787.962010669742,690.2380981445312,458.4422912597656,66.41799211502075,-0.04362250491976738,-0.02897319197654724
256.6,1809,-19.923431396484375,0.3725055158138275,16.98688507080078,40.63439178466797,11789.631272475217,690.2517700195312,459.8980407714844,66.62757992744446,-0.043321412056684494,-0.02886400744318962
256.7,1809,-19.72662353515625,0.37212076783180237,16.94591522216797,40.56550216674805,11793.127163644645,687.4195556640625,459.5592346191406,66.85280203819275,-0.042925093322992325,-0.028696628287434578
256.8,1809,-19.788604736328125,0.3688313663005829,16.97254753112793,40.43409729003906,11798.710797756536,686.2696533203125,455.71258544921875,66.40430688858032,-0.04342343285679817,-0.028835028409957886
256.9,1809,-19.886747360229492,0.37087365984916687,16.978647232055664,40.40190124511719,11791.865891805592,685.9696044921875,457.9701232910156,66.76244735717773,-0.04342367872595787,-0.028990712016820908
257,1812,-19.913206100463867,0.37129977345466614,16.938613891601562,40.528316497802734,11770.705200775705,686.4935302734375,457.67352294921875,66.66829586029053,-0.04350963234901428,-0.02900712937116623
257.1,1812,-20.075899124145508,0.37373799085617065,16.9664249420166,40.77732467651367,11757.896647201289,691.8453979492188,460.1776428222656,66.51451587677002,-0.043626412749290466,-0.029017897322773933
257.2,1812,-20.047409057617188,0.3761500120162964,16.956098556518555,41.0584716796875,11761.457816765344,696.1914672851562,463.28778076171875,66.54602885246277,-0.04327204450964928,-0.028795825317502022
257.3,1812,-20.15334701538086,0.3766504228115082,16.96123504638672,41.229286193847656,11772.299858701606,699.2996215820312,464.3317565917969,66.39954447746277,-0.04340290278196335,-0.028819330036640167
257.4,1812,-20.314254760742188,0.3770070970058441,16.983570098876953,41.34000778198242,11783.145397694725,702.1008911132812,465.19964599609375,66.25823378562927,-0.04366781935095787,-0.02893352508544922
257.5,1812,-20.224044799804688,0.3782450556755066,16.96531867980957,41.463443756103516,11789.42378043515,703.4405517578125,466.97589111328125,66.38455986976624,-0.04330854117870331,-0.028750183060765266
257.6,1812,-20.351192474365234,0.37722817063331604,16.949132919311523,41.53981018066406,11794.213582640947,704.0637817382812,465.90966796875,66.17435812950134,-0.04368055239319801,-0.02890532650053501
257.7,1812,-20.399789810180664,0.3791801929473877,16.975500106811523,41.64321517944336,11795.29184183792,706.9144287109375,468.3634033203125,66.2546157836914,-0.043555472046136856,-0.028857510536909103
257.8,1812,-20.30857276916504,0.38052865862846375,16.955232620239258,41.713523864746094,11800.850996551824,707.2625122070312,470.25054931640625,66.48882627487183,-0.04318670555949211,-0.028714336454868317
257.9,1812,-20.29950523376465,0.37891289591789246,16.95547103881836,41.69334030151367,11813.408927718297,706.9302368164062,468.7521057128906,66.3081169128418,-0.0433054156601429,-0.02871500514447689
258,1812,-20.358665466308594,0.37774479389190674,16.963253021240234,41.63190460205078,11820.672314806228,706.2125244140625,467.5943908691406,66.21156930923462,-0.04353915899991989,-0.028827957808971405
258.1,1812,-20.232349395751953,0.3784412741661072,16.98542022705078,41.5699462890625,11828.065092997796,706.0830078125,468.74951171875,66.38730764389038,-0.04316239058971405,-0.028654349967837334
258.2,1812,-20.041244506835938,0.3772125840187073,16.96159553527832,41.427284240722656,11841.339920819553,702.6728515625,467.7519836425781,66.56753420829773,-0.04284587875008583,-0.028521444648504257
258.3,1812,-20.018800735473633,0.3746758699417114,16.949613571166992,41.27656173706055,11847.114727372853,699.6217651367188,464.8329772949219,66.44061207771301,-0.04306665435433388,-0.028613748028874397
258.4,1812,-20.017520904541016,0.3731853663921356,16.972715377807617,41.15922927856445,11847.856103426124,698.5838623046875,463.0127868652344,66.2787675857544,-0.04323318973183632,-0.028654426336288452
258.5,1812,-19.985872268676758,0.3734089136123657,16.981937408447266,41.05072021484375,11845.249630383496,697.1207885742188,463.188232421875,66.44303798675537,-0.04314848780632019,-0.028669167309999466
258.6,1812,-19.87424659729004,0.3737368881702423,16.96731185913086,41.008522033691406,11838.472334198415,695.8043823242188,463.3298034667969,66.58909320831299,-0.042894382029771805,-0.02856297977268696
258.7,1812,-19.93180274963379,0.372204452753067,16.945457458496094,40.994239807128906,11830.95016490321,694.6661376953125,461.1368408203125,66.38250946998596,-0.04322318732738495,-0.028692636638879776
258.8,1812,-20.068510055541992,0.37307581305503845,16.970314025878906,41.01316452026367,11821.944077815848,696.0062866210938,461.8645324707031,66.35924577713013,-0.04345107451081276,-0.02883380651473999
258.9,1812,-20.031158447265625,0.37515172362327576,16.965198516845703,41.09514617919922,11811.660399290773,697.1873168945312,464.0304870605469,66.55750870704651,-0.04316776245832443,-0.028731387108564377
259,1812,-20.241052627563477,0.3751371204853058,16.949636459350586,41.257747650146484,11798.492814545905,699.3038330078125,463.4951477050781,66.27951264381409,-0.043670475482940674,-0.028944576159119606
259.1,1812,-20.460914611816406,0.3781866431236267,16.98040008544922,41.492431640625,11781.811853347333,704.55810546875,466.6023254394531,66.22623801231384,-0.043850865215063095,-0.029040778055787086
259.2,1812,-20.447357177734375,0.3815063536167145,16.9560489654541,41.78524398803711,11769.888055157244,708.5126342773438,470.2217712402344,66.36744737625122,-0.04348449781537056,-0.02885955199599266
259.3,1812,-20.562889099121094,0.38136059045791626,16.959171295166016,42.01371765136719,11771.460565056395,712.517822265625,470.1048889160156,65.97798466682434,-0.04374106600880623,-0.028859473764896393
259.4,1812,-20.575103759765625,0.38383081555366516,16.984699249267578,42.1532096862793,11778.30547100734,715.9595947265625,473.4250793457031,66.12455248832703,-0.04346010461449623,-0.02873780019581318
259.5,1812,-20.486011505126953,0.383738249540329,16.942720413208008,42.22385025024414,11791.35881856161,715.3869018554688,473.8354797363281,66.23485684394836,-0.0432344414293766,-0.02863626927137375
259.6,1812,-20.512779235839844,0.3823675215244293,16.96402359008789,42.226417541503906,11805.197838222648,716.3299560546875,472.6970520019531,65.98873138427734,-0.04339519143104553,-0.028635937720537186
259.7,1812,-20.50705337524414,0.3823152184486389,16.974349975585938,42.14552688598633,11819.883145642607,715.3929443359375,473.2203369140625,66.1483108997345,-0.04333510622382164,-0.028665440157055855
259.8,1812,-20.381629943847656,0.38153454661369324,16.98892593383789,41.96238708496094,11841.726928444845,712.8958740234375,473.12677001953125,66.36688113212585,-0.043078579008579254,-0.02858991175889969
259.9,1812,-20.223447799682617,0.3785456717014313,16.954824447631836,41.70148849487305,11858.287824024728,707.0414428710938,470.0768737792969,66.48505330085754,-0.04302157461643219,-0.02860291860997677
260,1812,-20.123022079467773,0.3743978440761566,16.95054817199707,41.446006774902344,11869.295393318796,702.5325317382812,465.3576965332031,66.24001860618591,-0.04324205219745636,-0.028643544763326645
260.1,1812,-20.13614273071289,0.37254804372787476,16.96846580505371,41.23954772949219,11867.232129774318,699.7718505859375,462.9779968261719,66.16127490997314,-0.04349265620112419,-0.028775297105312347
260.2,1812,-20.11639976501465,0.37400954961776733,16.984819412231445,41.150123596191406,11853.566797270414,698.9274291992188,464.259033203125,66.42450094223022,-0.0433301217854023,-0.028781814500689507
260.3,1812,-20.009082794189453,0.37494415044784546,16.9714412689209,41.15235137939453,11839.502800285036,698.4147338867188,464.866943359375,66.56030416488647,-0.04304260015487671,-0.028649285435676575
260.4,1812,-20.08136749267578,0.37405872344970703,16.941856384277344,41.21072769165039,11823.316089788645,698.1862182617188,463.1351013183594,66.33403897285461,-0.043359629809856415,-0.028762193396687508
260.5,1812,-20.17979621887207,0.37593919038772583,16.972187042236328,41.30543899536133,11809.730023906788,701.0436401367188,464.92852783203125,66.31948351860046,-0.04340408369898796,-0.02878536470234394
260.6,1812,-20.20383071899414,0.37752392888069153,16.953046798706055,41.399879455566406,11804.189520162776,701.8540649414062,466.6693420410156,66.49093627929688,-0.04329367354512215,-0.028786368668079376
260.7,1812,-20.25977897644043,0.3762952387332916,16.954151153564453,41.523109436035156,11799.667825649201,703.9890747070312,464.97235107421875,66.04823470115662,-0.04357200860977173,-0.028778541833162308
260.8,1812,-20.395898818969727,0.3774850070476532,16.96851348876953,41.58687973022461,11800.830014210695,705.6675415039062,466.4884338378906,66.10597968101501,-0.04372219741344452,-0.028902987018227577
260.9,1812,-20.364702224731445,0.3791973888874054,16.97103500366211,41.66942596435547,11802.983035547784,707.1732788085938,468.6900634765625,66.27655029296875,-0.0434502549469471,-0.0287973303347826
261,1820,-20.498889923095703,0.37921833992004395,16.93796730041504,41.821266174316406,11794.593596152528,708.3672485351562,468.3827819824219,66.12146496772766,-0.04376525059342384,-0.02893822453916073
261.1,1820,-20.67685890197754,0.3828262388706207,16.962125778198242,42.20341110229492,11789.61495287656,715.8595581054688,472.639404296875,66.02404117584229,-0.043747641146183014,-0.028883960098028183
261.2,1820,-20.729476928710938,0.3883049488067627,16.959867477416992,42.7776985168457,11809.514372067393,725.5040893554688,480.212646484375,66.19020104408264,-0.04316728934645653,-0.02857251465320587
261.3,1820,-20.817785263061523,0.3900080919265747,16.93952751159668,43.20407485961914,11835.006750855064,731.8566284179688,483.36004638671875,66.04573130607605,-0.04306890070438385,-0.02844516932964325
261.4,1820,-21.042390823364258,0.3906417191028595,16.93717384338379,43.53278350830078,11852.272886234048,737.3223266601562,484.8516540527344,65.75843691825867,-0.04339964687824249,-0.028538931161165237
261.5,1820,-21.181257247924805,0.3924226760864258,16.96145248413086,43.78813934326172,11867.260106229158,742.71044921875,487.6780090332031,65.66193103790283,-0.043432872742414474,-0.028518863022327423
261.6,1820,-21.177806854248047,0.394215852022171,16.976774215698242,43.931549072265625,11887.130383279533,745.8159790039062,490.72674560546875,65.79729318618774,-0.04315600544214249,-0.028395485132932663
261.7,1820,-21.154644012451172,0.3936266303062439,16.981048583984375,43.91712951660156,11912.697365946779,745.7589111328125,491.0471496582031,65.84529280662537,-0.04308067634701729,-0.02836659923195839
261.8,1820,-21.085735321044922,0.3936545252799988,16.9721622467041,43.908756256103516,11929.373664402876,745.2265625,491.7694091796875,65.98924994468689,-0.042877282947301865,-0.02829439751803875
261.9,1820,-20.986305236816406,0.393215537071228,16.98462677001953,43.85252380371094,11940.607376706905,744.8187255859375,491.68359375,66.01385474205017,-0.04268254339694977,-0.02817639149725437
262,1820,-20.887451171875,0.3914267122745514,16.979055404663086,43.72370910644531,11954.427745398049,742.3872680664062,490.0133056640625,66.00507497787476,-0.04262629523873329,-0.028135519474744797
262.1,1820,-20.816936492919922,0.3901771306991577,16.963876724243164,43.59252166748047,11961.54309041245,739.4981689453125,488.7397155761719,66.09072685241699,-0.0425930917263031,-0.028150085359811783
262.2,1820,-20.784170150756836,0.38947662711143494,16.953336715698242,43.49068832397461,11961.879973556152,737.312255859375,487.8760070800781,66.16951823234558,-0.0426013357937336,-0.028189100325107574
262.3,1820,-20.779808044433594,0.38902395963668823,16.939167022705078,43.44447326660156,11958.977416366464,735.9132080078125,487.19073486328125,66.20219945907593,-0.04265230521559715,-0.028236765414476395
262.4,1820,-20.776077270507812,0.3890751600265503,16.940031051635742,43.46197509765625,11948.440784062208,736.2471923828125,486.8255310058594,66.122567653656,-0.042676638811826706,-0.028218887746334076
262.5,1820,-20.881135940551758,0.388637900352478,16.94139862060547,43.517860412597656,11935.830397042911,737.25341796875,485.76519775390625,65.88850021362305,-0.04298606887459755,-0.028322873637080193
262.6,1820,-20.941614151000977,0.38863077759742737,16.951221466064453,43.58808898925781,11930.216455104943,738.871337890625,485.52783203125,65.7120943069458,-0.043131645768880844,-0.028342707082629204
262.7,1820,-20.909887313842773,0.38981080055236816,16.969785690307617,43.60776138305664,11931.290051559443,740.0143432617188,487.0458984375,65.81573486328125,-0.042932067066431046,-0.02825605683028698
262.8,1820,-20.8811092376709,0.3911021649837494,16.976821899414062,43.605892181396484,11933.739157043594,740.2894897460938,488.7596740722656,66.02277755737305,-0.04272264987230301,-0.028206681832671165
262.9,1820,-20.79932403564453,0.3903146982192993,16.981840133666992,43.554813385009766,11945.519575902626,739.640869140625,488.2571105957031,66.01272821426392,-0.04259912297129631,-0.028120841830968857
263,1820,-20.695777893066406,0.3887104094028473,16.98755645751953,43.395198822021484,11962.062986198232,737.1784057617188,486.92364501953125,66.0523533821106,-0.042503125965595245,-0.028074314817786217
263.1,1820,-20.66739273071289,0.3867982029914856,16.976293563842773,43.17913818359375,11974.352809672486,733.021728515625,485.0260925292969,66.16804003715515,-0.04261088743805885,-0.028194788843393326
263.2,1820,-20.73573112487793,0.3863773047924042,16.9759578704834,43.08958053588867,11966.287430879129,731.4868774414062,484.1719970703125,66.19011163711548,-0.04282720014452934,-0.028347371146082878
263.3,1820,-20.771224975585938,0.38755884766578674,16.97384262084961,43.123043060302734,11951.471566669916,731.9637451171875,485.05126953125,66.26712083816528,-0.042822740972042084,-0.028377395123243332
263.4,1820,-20.741230010986328,0.38831210136413574,16.949132919311523,43.214908599853516,11934.862877979682,732.4552001953125,485.3186340332031,66.25915765762329,-0.04273734241724014,-0.0283174030482769
263.5,1820,-20.74799346923828,0.388204425573349,16.9384708404541,43.29387664794922,11927.753361393372,733.3320922851562,484.8950500488281,66.12216830253601,-0.04278862848877907,-0.028292767703533173
263.6,1820,-20.710556030273438,0.3874988555908203,16.93570899963379,43.29689025878906,11931.674727813497,733.2635498046875,484.1728515625,66.02985858917236,-0.04277512803673744,-0.02824435569345951
263.7,1820,-20.805334091186523,0.3873191177845001,16.940872192382812,43.33567428588867,11931.097713432415,734.1441040039062,483.9248962402344,65.91687798500061,-0.04299290105700493,-0.028339577838778496
263.8,1820,-20.904577255249023,0.3869628608226776,16.95479965209961,43.36338806152344,11931.94050413448,735.217529296875,483.513916015625,65.7647430896759,-0.0432346947491169,-0.028433185070753098
263.9,1820,-20.882427215576172,0.3874262869358063,16.963302612304688,43.37046432495117,11934.648391825905,735.706298828125,484.2028503417969,65.81469178199768,-0.04312743619084358,-0.028384190052747726
264,1820,-20.95823097229004,0.38850343227386475,16.973819732666016,43.436676025390625,11929.966998382617,737.2863159179688,485.35858154296875,65.83040952682495,-0.0431809201836586,-0.02842617593705654
264.1,1820,-20.8886661529541,0.3892361521720886,16.977590560913086,43.5037841796875,11926.980511828406,738.5894165039062,486.1522521972656,65.8217191696167,-0.042967334389686584,-0.028281837701797485
264.2,1820,-20.82132339477539,0.389676958322525,16.97437286376953,43.49535369873047,11933.12717209396,738.3063354492188,486.9536437988281,65.95549583435059,-0.04275832697749138,-0.028201468288898468
264.3,1820,-20.735761642456055,0.3896327018737793,16.971298217773438,43.46315383911133,11941.075982325481,737.6261596679688,487.22265625,66.05279445648193,-0.04255910590291023,-0.028111478313803673
264.4,1820,-20.68846893310547,0.38854289054870605,16.956071853637695,43.40813064575195,11945.202509414436,736.0313720703125,486.0278015136719,66.03356599807739,-0.04256643354892731,-0.028108134865760803
264.5,1820,-20.63884162902832,0.38946518301963806,16.93887710571289,43.406307220458984,11945.591848410964,735.2540893554688,487.1973571777344,66.26244783401489,-0.042362384498119354,-0.028070352971553802
264.6,1820,-20.655208587646484,0.3891274929046631,16.938013076782227,43.41705322265625,11942.028347475672,735.3986206054688,486.6297302246094,66.17223620414734,-0.042445432394742966,-0.02808709256350994
264.7,1820,-20.712038040161133,0.38857221603393555,16.937437057495117,43.44650650024414,11939.491815570145,735.8724975585938,485.83209228515625,66.02123379707336,-0.0426320917904377,-0.028146233409643173
264.8,1820,-20.727792739868164,0.388191819190979,16.943920135498047,43.40544128417969,11942.143750351888,735.4583129882812,485.46429443359375,66.00840091705322,-0.04269684478640556,-0.028183503076434135
264.9,1820,-20.778841018676758,0.3880501389503479,16.956649780273438,43.400882720947266,11942.57272265944,735.93359375,485.3045349121094,65.94406962394714,-0.04281608760356903,-0.02823466993868351
265,1820,-20.79549789428711,0.3876272439956665,16.963733673095703,43.376033782958984,11942.96206165597,735.8194580078125,484.7914733886719,65.88456630706787,-0.042895760387182236,-0.028261683881282806
265.1,1820,-20.822538375854492,0.3878837823867798,16.974300384521484,43.36695861816406,11943.837491555349,736.123779296875,485.1478576660156,65.90574383735657,-0.042919982224702835,-0.028286734595894814
265.2,1820,-20.81245994567871,0.3878481090068817,16.981216430664062,43.31907272338867,11945.377362257188,735.6105346679688,485.1658020019531,65.9541666507721,-0.04289762303233147,-0.028292769566178322
265.3,1820,-20.770479202270508,0.3883039653301239,16.97600555419922,43.267906188964844,11949.122710148942,734.5162353515625,485.8883361816406,66.15079641342163,-0.042747434228658676,-0.028277767822146416
265.4,1820,-20.711660385131836,0.3884459435939789,16.983905792236328,43.215274810791016,11948.176173426844,733.9641723632812,486.0274963378906,66.21951460838318,-0.042614176869392395,-0.02821889892220497
265.5,1820,-20.77691650390625,0.3887823522090912,16.96536636352539,43.263450622558594,11940.276321991294,733.9802856445312,486.12677001953125,66.2315845489502,-0.042739707976579666,-0.02830718643963337
265.6,1820,-20.890460968017578,0.3891151547431946,16.936981201171875,43.416099548339844,11925.060627614987,735.337646484375,485.9228820800781,66.08160138130188,-0.042991310358047485,-0.02840934507548809
265.7,1820,-20.93693733215332,0.3905584514141083,16.939455032348633,43.57416534423828,11916.386760928852,738.1226196289062,487.3705139160156,66.02839231491089,-0.042958974838256836,-0.0283651202917099
265.8,1820,-21.02646827697754,0.39103761315345764,16.934675216674805,43.72103500366211,11908.098736182392,740.4015502929688,487.6290588378906,65.86008071899414,-0.043119803071022034,-0.02839873731136322
265.9,1820,-21.1246395111084,0.39259767532348633,16.95583152770996,43.89894485473633,11902.74124508046,744.3431396484375,489.3542175292969,65.74309468269348,-0.04316840320825577,-0.028380244970321655
266,1820,-21.188438415527344,0.3945523500442505,16.969833374023438,44.072181701660156,11901.213031234805,747.8975830078125,491.72747802734375,65.74797034263611,-0.04308979958295822,-0.028330668807029724
266.1,1820,-21.211944580078125,0.3964023292064667,16.972187042236328,44.235389709472656,11901.559239863454,750.7713012695312,494.0474548339844,65.80532193183899,-0.04293503239750862,-0.02825353667140007
266.2,1820,-21.18303108215332,0.39739081263542175,16.950597763061523,44.35591125488281,11907.317726818099,751.8591918945312,495.5190734863281,65.90583324432373,-0.04274917393922806,-0.028174199163913727
266.3,1820,-21.115633010864258,0.3962761461734772,16.93971824645996,44.40066909790039,11919.490981730514,752.1348266601562,494.63433837890625,65.76405167579651,-0.042689379304647446,-0.028074266389012337
266.4,1820,-21.160724639892578,0.3958077132701874,16.935611724853516,44.41117858886719,11927.432797848325,752.1304931640625,494.3788146972656,65.7304584980011,-0.04280265420675278,-0.028134379535913467
266.5,1820,-21.20974349975586,0.39557141065597534,16.93570899963379,44.48603439331055,11928.094907279548,753.4025268554688,494.111083984375,65.58394432067871,-0.04292505234479904,-0.028151940554380417
266.6,1820,-21.185497283935547,0.3943771719932556,16.951461791992188,44.44496536254883,11937.293332493939,753.4071044921875,492.9992370605469,65.43596982955933,-0.04297267645597458,-0.028119586408138275
266.7,1820,-21.170333862304688,0.3929230272769928,16.95444107055664,44.32710647583008,11949.657759847765,751.5413208007812,491.6902160644531,65.424245595932,-0.043056242167949677,-0.02816922217607498
266.8,1820,-21.228302001953125,0.3926059305667877,16.963685989379883,44.26229476928711,11952.39362399403,750.8516845703125,491.4058837890625,65.44646620750427,-0.043199118226766586,-0.028272297233343124
266.9,1820,-21.222787857055664,0.39340850710868835,16.971778869628906,44.251914978027344,11946.161868678337,751.03369140625,492.1537170410156,65.53017497062683,-0.04312227666378021,-0.028258102014660835
267,1820,-21.259614944458008,0.39463162422180176,16.967239379882812,44.30657196044922,11939.207388279267,751.7601928710938,493.39642333984375,65.63215255737305,-0.04308830201625824,-0.028279781341552734
267.1,1820,-21.260910034179688,0.395489901304245,16.975139617919922,44.32038497924805,11935.382773765465,752.3447265625,494.31109619140625,65.70274233818054,-0.04301119223237038,-0.028259532526135445
267.2,1820,-21.24366569519043,0.3949267268180847,16.9677677154541,44.34355926513672,11935.219577778897,752.4111938476562,493.6004638671875,65.60248732566833,-0.04303818196058273,-0.028234116733074188
267.3,1820,-21.231653213500977,0.39516687393188477,16.9472599029541,44.37324523925781,11935.164790554834,752.0049438476562,493.8983459472656,65.6775414943695,-0.04298790171742439,-0.028233395889401436
267.4,1820,-21.20290756225586,0.3960559666156769,16.933788299560547,44.4288330078125,11933.143491692617,752.3484497070312,494.9257507324219,65.78410863876343,-0.042840585112571716,-0.028182297945022583
267.5,1820,-21.22692108154297,0.3956945836544037,16.93491554260254,44.488250732421875,11932.182966743097,753.40478515625,494.4343566894531,65.62665700912476,-0.042931728065013885,-0.028174657374620438
267.6,1820,-21.3385009765625,0.39567509293556213,16.937076568603516,44.6036491394043,11923.091784605595,755.4554443359375,494.0332946777344,65.3954267501831,-0.043192435055971146,-0.028245877474546432
267.7,1820,-21.394479751586914,0.39613133668899536,16.952856063842773,44.69267272949219,11918.628374372936,757.66845703125,494.41778564453125,65.25516510009766,-0.04327206686139107,-0.02823725901544094
267.8,1820,-21.414043426513672,0.3983500301837921,16.964693069458008,44.768924713134766,11920.775567281935,759.4910888671875,497.27655029296875,65.47496914863586,-0.04306264594197273,-0.028195254504680634
267.9,1820,-21.353811264038086,0.3984043002128601,16.97504425048828,44.75810623168945,11928.492406075406,759.7708129882812,497.666259765625,65.50215482711792,-0.042907893657684326,-0.028105594217777252
268,1820,-21.3670654296875,0.39844462275505066,16.975019454956055,44.71662902832031,11937.098662995675,759.065673828125,498.0757141113281,65.61694741249084,-0.0428992323577404,-0.028149167075753212
268.1,1820,-21.370990753173828,0.3986718952655792,16.97468376159668,44.72557830810547,11938.220052560526,759.2025756835938,498.4066467285156,65.64870476722717,-0.04287862405180931,-0.028149260208010674
268.2,1820,-21.374454498291016,0.3991120755672455,16.969039916992188,44.7784309387207,11935.07503276222,759.8469848632812,498.82550048828125,65.64815044403076,-0.04284956306219101,-0.028129946440458298
268.3,1820,-21.33250617980957,0.3988267481327057,16.950284957885742,44.78239440917969,11937.493830420295,759.0743408203125,498.56988525390625,65.68130254745483,-0.04278739169239998,-0.028103316202759743
268.4,1820,-21.25201988220215,0.3989945948123932,16.936716079711914,44.754268646240234,11942.966724398442,757.9903564453125,499.0083923339844,65.83307981491089,-0.042588502168655396,-0.02803732268512249
268.5,1820,-21.186298370361328,0.3967854380607605,16.936260223388672,44.71116638183594,11946.85894867811,757.2399291992188,496.4071960449219,65.5548095703125,-0.04267927259206772,-0.027978315949440002
268.6,1820,-21.158859252929688,0.3957897126674652,16.937870025634766,44.65910339355469,11950.98197871021,756.4301147460938,495.3323669433594,65.48290252685547,-0.04271648824214935,-0.027971995994448662
268.7,1820,-21.126543045043945,0.39485594630241394,16.93683624267578,44.57973098754883,11954.458053224125,755.0396118164062,494.3074951171875,65.46775698661804,-0.04273967817425728,-0.027980707585811615
268.8,1820,-21.158254623413086,0.3939068019390106,16.942890167236328,44.5161018371582,11954.514006133806,754.2314453125,493.12158203125,65.3806746006012,-0.04290676862001419,-0.028052736073732376
268.9,1820,-21.190690994262695,0.3934207856655121,16.960731506347656,44.42805099487305,11955.426737972974,753.5322265625,492.55078125,65.36558866500854,-0.04302234947681427,-0.028121810406446457
269,1820,-21.019603729248047,0.39162251353263855,16.965078353881836,44.25634765625,11968.353025794844,750.8123779296875,490.8294982910156,65.37312269210815,-0.04282465577125549,-0.027995813637971878
269.1,1820,-20.90098762512207,0.38942328095436096,16.964069366455078,44.00177764892578,11981.728102579778,746.44921875,488.61859130859375,65.45905470848083,-0.04277566820383072,-0.028000548481941223
269.2,1820,-20.81508445739746,0.3877466320991516,16.947933197021484,43.7567253112793,11988.050781373702,741.5860595703125,486.7716064453125,65.63925743103027,-0.04276150092482567,-0.028068333864212036
269.3,1820,-20.849645614624023,0.3866397738456726,16.94752311706543,43.5837287902832,11981.588220305577,738.63623046875,485.1203918457031,65.67785143852234,-0.04297829046845436,-0.028227217495441437
269.4,1820,-20.839187622070312,0.38705670833587646,16.959627151489258,43.536869049072266,11968.353025794844,738.3690795898438,485.1070861816406,65.69980978965759,-0.042957913130521774,-0.028223266825079918
269.5,1820,-20.842195510864258,0.3872874975204468,16.968656539916992,43.506980895996094,11955.893012220313,738.2550048828125,484.8909912109375,65.68068861961365,-0.04298326000571251,-0.028231702744960785
269.6,1820,-20.87972640991211,0.38814035058021545,16.97468376159668,43.48887252807617,11951.484389211717,738.2098388671875,485.7795715332031,65.80507755279541,-0.042981892824172974,-0.028284268453717232
269.7,1820,-20.813135147094727,0.38816675543785095,16.96976089477539,43.415958404541016,11955.753129946112,736.7584228515625,485.98614501953125,65.96275568008423,-0.04282660037279129,-0.028249606490135193
269.8,1820,-20.71846580505371,0.38742828369140625,16.977109909057617,43.30670166015625,11960.921779977869,735.22265625,485.2712707519531,66.0033106803894,-0.04269460588693619,-0.028179852291941643
269.9,1820,-20.602699279785156,0.3858327567577362,16.979080200195312,43.147727966308594,11968.260936630993,732.6087036132812,483.5693359375,66.00649356842041,-0.04260547086596489,-0.028122376650571823
270,1820,-20.659137725830078,0.38515886664390564,16.9671688079834,43.06822204589844,11964.955052217356,730.7457885742188,482.5914001464844,66.04094505310059,-0.04280875623226166,-0.028271306306123734
270.1,1820,-20.627031326293945,0.38457125425338745,16.951366424560547,43.013214111328125,11957.43404860777,729.1327514648438,481.5522766113281,66.04452729225159,-0.042834460735321045,-0.02828981541097164
270.2,1820,-20.564998626708984,0.38439539074897766,16.937509536743164,42.983177185058594,11952.584796435438,728.0279541015625,481.1368408203125,66.08768701553345,-0.04274251312017441,-0.028247538954019547
270.3,1820,-20.556884765625,0.384679913520813,16.9406795501709,43.01293182373047,11941.826683863697,728.6682739257812,481.0596008300781,66.01901054382324,-0.04273251071572304,-0.028211580589413643
270.4,1820,-20.4483585357666,0.383551687002182,16.938493728637695,43.002376556396484,11941.630848679815,728.3955078125,479.6408386230469,65.84895849227905,-0.04263264685869217,-0.028073154389858246
270.5,1820,-20.448244094848633,0.38338619470596313,16.93962287902832,42.93862533569336,11946.346047006036,727.3641357421875,479.6231994628906,65.93990325927734,-0.04263397678732872,-0.028112802654504776
270.6,1820,-20.52505874633789,0.38319239020347595,16.950477600097656,42.95292282104492,11942.745244130956,728.0725708007812,479.2362365722656,65.8225953578949,-0.04282868653535843,-0.02819095179438591
270.7,1820,-20.625152587890625,0.38451436161994934,16.95830726623535,42.995357513427734,11936.413239852085,729.1284790039062,480.63458251953125,65.91905355453491,-0.04291233420372009,-0.028287405148148537
270.8,1820,-20.66392707824707,0.385460764169693,16.95724868774414,43.039634704589844,11931.224773164815,729.8338012695312,481.608154296875,65.9887433052063,-0.04290609806776047,-0.02831319533288479
270.9,1820,-20.59776496887207,0.3860081136226654,16.972211837768555,43.07632827758789,11931.210784937395,731.1005859375,482.29144287109375,65.96786975860596,-0.042708128690719604,-0.028173640370368958
271,1820,-20.50676918029785,0.385408490896225,16.979896545410156,43.04627990722656,11940.550258111605,730.92138671875,481.9192199707031,65.93311429023743,-0.042552296072244644,-0.028056053444743156
271.1,1820,-20.466020584106445,0.3847847878932953,16.97442054748535,42.9595947265625,11950.48656232241,729.2142333984375,481.5397033691406,66.03542566299438,-0.042501211166381836,-0.02806585468351841
271.2,1820,-20.396089553833008,0.38512659072875977,16.958112716674805,42.891090393066406,11951.507702924084,727.3519287109375,482.0086364746094,66.26896858215332,-0.04231477901339531,-0.028041569516062737
271.3,1820,-20.458559036254883,0.3849039673805237,16.938711166381836,42.88478088378906,11949.18099442986,726.4129028320312,481.63623046875,66.3033664226532,-0.04247720167040825,-0.028163814917206764
271.4,1820,-20.507835388183594,0.3853650391101837,16.942337036132812,42.96143341064453,11938.996399182346,727.8670654296875,481.8021545410156,66.19369983673096,-0.04256484657526016,-0.028175247833132744
271.5,1820,-20.573881149291992,0.38553324341773987,16.928600311279297,43.06169128417969,11928.744194168969,728.9741821289062,481.5985412597656,66.06524586677551,-0.04271998256444931,-0.028223060071468353
271.6,1820,-20.531503677368164,0.38505974411964417,16.940534591674805,43.07725524902344,11931.405454435659,729.751708984375,481.1143798828125,65.92850089073181,-0.04267489165067673,-0.028134915977716446
271.7,1820,-20.507368087768555,0.3848130404949188,16.95408058166504,43.02345275878906,11942.111111154574,729.423095703125,481.237548828125,65.97509384155273,-0.042613815516233444,-0.028114503249526024
271.8,1820,-20.539216995239258,0.3832415044307709,16.957082748413086,42.95217514038086,11945.655961119974,728.3435668945312,479.41448974609375,65.82257151603699,-0.04284229502081871,-0.028199901804327965
271.9,1820,-20.63564682006836,0.38457196950912476,16.951845169067383,43.00259780883789,11938.214224132435,728.973388671875,480.7791442871094,65.95290899276733,-0.04292125999927521,-0.028307819738984108
272,1820,-20.605878829956055,0.385623574256897,16.96082878112793,43.025238037109375,11935.114666073245,729.7437133789062,481.9686584472656,66.04629158973694,-0.042753566056489944,-0.028237145394086838
272.1,1820,-20.661048889160156,0.387015700340271,16.969545364379883,43.10136032104492,11930.35284032229,731.4104614257812,483.5155944824219,66.1072850227356,-0.04273088276386261,-0.028248226270079613
272.2,1820,-20.652435302734375,0.38774439692497253,16.963733673095703,43.17520523071289,11928.309393433325,732.4126586914062,484.343017578125,66.12979769706726,-0.04264010116457939,-0.028197811916470528
272.3,1820,-20.590654373168945,0.3892810046672821,16.94139862060547,43.186683654785156,11932.85906440174,731.642822265625,486.4479064941406,66.48707389831543,-0.04232858866453171,-0.02814304083585739
272.4,1820,-20.587207794189453,0.38704726099967957,16.931121826171875,43.16385269165039,11937.520641189516,730.8124389648438,483.8455505371094,66.20652675628662,-0.04254912957549095,-0.028170302510261536
272.5,1820,-20.584047317504883,0.3869894742965698,16.934579849243164,43.1508903503418,11939.72844975067,730.7421875,483.86279296875,66.21525287628174,-0.042541082948446274,-0.028168685734272003
272.6,1820,-20.572261810302734,0.38634103536605835,16.924251556396484,43.13153076171875,11939.566419449719,729.9688720703125,483.04547119140625,66.17343425750732,-0.04258866608142853,-0.0281823817640543
272.7,1820,-20.63959312438965,0.386372834444046,16.93909454345703,43.17512893676758,11933.888364802742,731.3475952148438,482.8554992675781,66.02270603179932,-0.042744867503643036,-0.028221318498253822
272.8,1820,-20.64444923400879,0.3860682249069214,16.956336975097656,43.18596267700195,11936.103167477604,732.2757568359375,482.5643615722656,65.89927077293396,-0.042780715972185135,-0.028192179277539253
272.9,1820,-20.598173141479492,0.38657769560813904,16.962604522705078,43.15339660644531,11942.62984125474,731.9940185546875,483.46539306640625,66.04772210121155,-0.04260526970028877,-0.028139811009168625
273,1815,-20.541011810302734,0.38554346561431885,16.970050811767578,43.07764434814453,11951.698875365493,731.02978515625,482.5380859375,66.00798964500427,-0.04256868362426758,-0.028098734095692635
273.1,1815,-20.471290588378906,0.38347405195236206,16.97113037109375,42.75726318359375,11952.61160720466,725.6390991210938,479.9847106933594,66.14648103713989,-0.042649880051612854,-0.02821139432489872
273.2,1815,-20.377796173095703,0.38169145584106445,16.974973678588867,42.381534576416016,11937.422723597576,719.4254150390625,477.1463623046875,66.32325649261475,-0.042707640677690506,-0.028325097635388374
273.3,1815,-20.305248260498047,0.3807418942451477,16.957489013671875,42.1741943359375,11915.69550935717,715.16845703125,475.0930480957031,66.43093228340149,-0.042739517986774445,-0.028392260894179344
273.4,1815,-20.133100509643555,0.3792884647846222,16.932416915893555,41.98259353637695,11901.07548033184,710.8667602539062,472.6987609863281,66.49610996246338,-0.042591821402311325,-0.028321903198957443
273.5,1815,-20.13190460205078,0.3770621418952942,16.94526481628418,41.83461380004883,11888.56534227572,708.8986206054688,469.43017578125,66.21965169906616,-0.04288583621382713,-0.028398849070072174
273.6,1815,-20.10041046142578,0.3756360113620758,16.949323654174805,41.70454406738281,11882.585375053592,706.8638305664062,467.4194641113281,66.12581610679626,-0.04300294071435928,-0.028436044231057167
273.7,1815,-20.075796127319336,0.37686172127723694,16.971370697021484,41.6367073059082,11873.827579002937,706.6320190429688,468.5990295410156,66.31443500518799,-0.042842164635658264,-0.028410539031028748
273.8,1815,-20.060922622680664,0.3774070143699646,16.960155487060547,41.6182861328125,11863.839984624923,705.8526000976562,468.88232421875,66.4277970790863,-0.04278455674648285,-0.028420837596058846
273.9,1815,-20.109086990356445,0.3766504228115082,16.930545806884766,41.63877868652344,11854.301179209975,704.9672241210938,467.5661315917969,66.3245141506195,-0.04300800710916519,-0.02852485328912735
274,1815,-20.139707565307617,0.37536659836769104,16.958282470703125,41.67226028442383,11846.416481687464,706.68994140625,465.6624755859375,65.89345932006836,-0.04324958100914955,-0.02849864587187767
274.1,1815,-20.222843170166016,0.37725362181663513,16.973051071166992,41.71527099609375,11842.45081921384,708.035400390625,467.8467712402344,66.07674360275269,-0.043225355446338654,-0.02856190875172615
274.2,1815,-20.2000675201416,0.3784584701061249,16.960107803344727,41.77683639526367,11838.676329181626,708.5396728515625,469.19134521484375,66.21949076652527,-0.04305294156074524,-0.028509438037872314
274.3,1815,-20.252639770507812,0.3777284026145935,16.9311466217041,41.846527099609375,11837.213393730599,708.5097045898438,468.2283935546875,66.08637571334839,-0.043253764510154724,-0.02858484536409378
274.4,1815,-20.424985885620117,0.3791481852531433,16.957538604736328,41.949607849121094,11829.07923948576,711.3621215820312,469.6653747558594,66.02339148521423,-0.04348837956786156,-0.028712501749396324
274.5,1815,-20.494871139526367,0.3814881145954132,16.965511322021484,42.092308044433594,11822.31709721372,714.1175537109375,472.2937927246094,66.13669991493225,-0.04339432716369629,-0.02869957685470581
274.6,1815,-20.4764461517334,0.38254210352897644,16.929414749145508,42.255859375,11817.355939222027,715.366943359375,473.39990234375,66.17581248283386,-0.04325401410460472,-0.02862369455397129
274.7,1815,-20.41465950012207,0.38229626417160034,16.94219207763672,42.345680236816406,11824.319745106042,717.4286499023438,473.3744812011719,65.98209738731384,-0.04312581196427345,-0.02845531702041626
274.8,1815,-20.383098602294922,0.3820173144340515,16.962125778198242,42.29568099975586,11843.412509848979,717.4246826171875,473.7928771972656,66.04078412055969,-0.04302111640572548,-0.028411483392119408
274.9,1815,-20.322948455810547,0.3817528486251831,16.975860595703125,42.169410705566406,11859.40804790396,715.862060546875,474.10430908203125,66.22844934463501,-0.04286598414182663,-0.028389476239681244
275,1815,-20.2404727935791,0.3806878924369812,16.941495895385742,42.03315353393555,11868.19848315193,712.1044921875,473.1321716308594,66.44139885902405,-0.042779743671417236,-0.028423458337783813
275.1,1815,-20.25802230834961,0.3789522349834442,16.93438720703125,41.959129333496094,11867.007152449976,710.5521240234375,470.9277648925781,66.27631187438965,-0.04301726073026657,-0.028510253876447678
275.2,1815,-20.39904022216797,0.37750205397605896,16.95909881591797,41.9620475769043,11858.505807235359,711.6384887695312,468.7895202636719,65.87467193603516,-0.04351428151130676,-0.02866489067673683
275.3,1815,-20.399707794189453,0.3793184161186218,16.970434188842773,41.98995590209961,11851.904529578649,712.5877685546875,470.78289794921875,66.06665253639221,-0.04333145171403885,-0.02862764149904251
275.4,1815,-20.338930130004883,0.3803911805152893,16.956336975097656,42.01585388183594,11847.221970449742,712.4349975585938,471.9278259277344,66.24152660369873,-0.043097544461488724,-0.0285484716296196
275.5,1815,-20.28108787536621,0.37827664613723755,16.93126678466797,42.01115036010742,11849.013629245144,711.302001953125,469.37542724609375,65.98820686340332,-0.04320866987109184,-0.028512626886367798
275.6,1815,-20.370834350585938,0.37728825211524963,16.950620651245117,41.955955505371094,11854.055219544503,711.1795043945312,468.3481750488281,65.85513353347778,-0.043495062738657,-0.028643731027841568
275.7,1815,-20.44857406616211,0.3790402412414551,16.97454071044922,41.95741271972656,11850.067409044132,712.2078247070312,470.36474609375,66.04318618774414,-0.04347386583685875,-0.028711527585983276
275.8,1815,-20.297142028808594,0.3797185719013214,16.943944931030273,41.97001266479492,11848.691900014479,711.1375732421875,471.15179443359375,66.25325679779053,-0.043079834431409836,-0.028541794046759605
275.9,1815,-20.22780418395996,0.37830859422683716,16.92980194091797,41.94485092163086,11851.220272120678,710.1180419921875,469.5024719238281,66.11611843109131,-0.04308348521590233,-0.02848513051867485
276,1815,-20.25005340576172,0.3770601153373718,16.946561813354492,41.900413513183594,11854.6776956647,710.0679321289062,468.0895690917969,65.92180132865906,-0.04326106607913971,-0.028518471866846085
276.1,1815,-20.337078094482422,0.37700405716896057,16.96399688720703,41.84194564819336,11858.131622151868,709.806640625,468.1563415527344,65.95547795295715,-0.04344078153371811,-0.02865157462656498
276.2,1815,-20.316028594970703,0.37867435812950134,16.961212158203125,41.850868225097656,11851.249414261138,709.8414306640625,469.95758056640625,66.20599031448364,-0.043229494243860245,-0.028620515018701553
276.3,1815,-20.237211227416992,0.37757807970046997,16.92607879638672,41.88068389892578,11849.10105566652,708.875732421875,468.5120849609375,66.09227061271667,-0.043194640427827835,-0.02854831889271736
276.4,1815,-20.333776473999023,0.3765505850315094,16.932130813598633,41.929569244384766,11843.782032189994,709.9569702148438,467.0273742675781,65.78249335289001,-0.04353872314095497,-0.028640858829021454
276.5,1815,-20.424898147583008,0.37828052043914795,16.95667266845703,41.98823165893555,11838.034036405916,711.980712890625,468.9452819824219,65.86489081382751,-0.043554969131946564,-0.028687432408332825
276.6,1815,-20.418792724609375,0.3808629810810089,16.96394920349121,42.05680465698242,11834.006592594522,713.4495239257812,471.986083984375,66.15549921989441,-0.04326143115758896,-0.028619814664125443
276.7,1815,-20.440515518188477,0.38006454706192017,16.926319122314453,42.1264533996582,11832.486538548193,713.0457763671875,470.9361267089844,66.04570150375366,-0.04340400919318199,-0.028666483238339424
276.8,1815,-20.48432731628418,0.3798705041408539,16.95119857788086,42.16851806640625,11834.338812995751,714.8069458007812,470.76934814453125,65.85965156555176,-0.04351244866847992,-0.02865714766085148
276.9,1815,-20.479015350341797,0.38122010231018066,16.969472885131836,42.20490264892578,11836.472017677328,716.1949462890625,472.5270690917969,65.97743630409241,-0.04333934932947159,-0.028594190254807472
277,1807,-20.404584884643555,0.38205865025520325,16.9664249420166,42.23625183105469,11841.781715668907,716.5982055664062,473.7789001464844,66.11499786376953,-0.04306773841381073,-0.02847423404455185
277.1,1807,-20.42183494567871,0.3794413208961487,16.94000816345215,42.02436065673828,11835.67352302876,711.8930053710938,470.29052734375,66.06196761131287,-0.04342387244105339,-0.028686663135886192
277.2,1807,-20.385351181030273,0.37670037150382996,16.961332321166992,41.66679382324219,11817.747609589791,706.724365234375,466.1861572265625,65.96435904502869,-0.04372791945934296,-0.028844840824604034
277.3,1807,-20.173725128173828,0.3765064775943756,16.96114158630371,41.385616302490234,11805.548709593771,701.9473266601562,465.4652404785156,66.31056666374207,-0.04334099218249321,-0.028739657253026962
277.4,1807,-20.062997817993164,0.3736428916454315,16.940101623535156,41.14984130859375,11794.489850132495,697.08251953125,461.4923400878906,66.20340347290039,-0.04347417131066322,-0.028781382367014885
277.5,1807,-20.121606826782227,0.37226760387420654,16.956192016601562,40.9611701965332,11781.233673280633,694.5454711914062,459.27691650390625,66.1262571811676,-0.04381148889660835,-0.028970899060368538
277.6,1807,-19.99136734008789,0.37361857295036316,16.949588775634766,40.89406204223633,11762.812343453865,693.1375122070312,460.2229309082031,66.39705896377563,-0.043438442051410675,-0.02884184755384922
277.7,1807,-20.06407928466797,0.3720899522304535,16.95138931274414,40.87278366088867,11748.382321184325,692.8504638671875,457.7777099609375,66.07164740562439,-0.043829306960105896,-0.028958743438124657
277.8,1807,-19.963882446289062,0.3736223578453064,16.964693069458008,40.878929138183594,11740.354244330756,693.4984741210938,459.3489074707031,66.2364661693573,-0.04346126317977905,-0.02878720499575138
277.9,1807,-19.91504669189453,0.37309619784355164,16.945674896240234,40.86163330078125,11737.891150619185,692.427978515625,458.60577392578125,66.23154878616333,-0.04342519864439964,-0.028761181980371475
278,1807,-20.0449275970459,0.37470442056655884,16.967409133911133,40.88450241088867,11730.399289150058,693.7041015625,460.2886047363281,66.3523018360138,-0.04354860633611679,-0.028895501047372818
278.1,1807,-19.990476608276367,0.37418487668037415,16.92691993713379,40.96502685546875,11724.056793700622,693.4117431640625,459.4018859863281,66.25239253044128,-0.04351413995027542,-0.02882915921509266
278.2,1807,-20.047590255737305,0.37433403730392456,16.969833374023438,40.9538688659668,11728.037610087284,694.9803466796875,459.7410583496094,66.15166664123535,-0.043606266379356384,-0.028846269473433495
278.3,1807,-19.878398895263672,0.3738749027252197,16.938756942749023,40.870086669921875,11742.268300116086,692.2884521484375,459.73431396484375,66.40791296958923,-0.04323888197541237,-0.02871404029428959
278.4,1807,-20.022743225097656,0.37003186345100403,16.956602096557617,40.77503204345703,11749.046761986783,691.406005859375,455.2713928222656,65.84718823432922,-0.043979793787002563,-0.02895945869386196
278.5,1807,-19.919157028198242,0.37319815158843994,16.960155487060547,40.67964172363281,11749.732185130373,689.9330444335938,459.19384765625,66.55629277229309,-0.04337853565812111,-0.028871145099401474
278.6,1807,-19.891340255737305,0.37140434980392456,16.931026458740234,40.668190002441406,11744.451629279252,688.55419921875,456.7813415527344,66.33919477462769,-0.04354674369096756,-0.028888560831546783
278.7,1807,-19.952545166015625,0.37143105268478394,16.970529556274414,40.60835647583008,11743.995846202479,689.1453247070312,456.79644775390625,66.28448963165283,-0.04367929324507713,-0.028952594846487045
278.8,1807,-19.81797218322754,0.3701539635658264,16.93522834777832,40.529850006103516,11745.62547469693,686.3822631835938,455.28900146484375,66.33169651031494,-0.04352833330631256,-0.028873082250356674
278.9,1807,-19.769716262817383,0.36813855171203613,16.95955467224121,40.389404296875,11752.067053423925,684.986328125,453.0583801269531,66.14123582839966,-0.04363613203167915,-0.028861476108431816
279,1807,-19.602882385253906,0.36846923828125,16.960060119628906,40.23692321777344,11760.099793019968,682.420654296875,453.7752990722656,66.49495959281921,-0.043199535459280014,-0.028725512325763702
279.1,1807,-19.599340438842773,0.3668043315410614,16.944114685058594,40.168338775634766,11754.998752754072,680.616943359375,451.5290222167969,66.34113788604736,-0.04340660199522972,-0.02879643440246582
279.2,1807,-19.7277774810791,0.3680373430252075,16.966903686523438,40.1782112121582,11743.242813293025,681.6998291015625,452.59375,66.39193892478943,-0.043588269501924515,-0.02893909625709057
279.3,1807,-19.674034118652344,0.36851057410240173,16.927446365356445,40.25727081298828,11731.92167456762,681.4528198242188,452.7388000488281,66.4372980594635,-0.043455593287944794,-0.0288707222789526
279.4,1807,-19.831384658813477,0.36963433027267456,16.966615676879883,40.350162506103516,11720.50728099275,684.605712890625,453.6775817871094,66.26845002174377,-0.04371250793337822,-0.02896760031580925
279.5,1807,-19.796775817871094,0.3705684542655945,16.92910385131836,40.461830139160156,11713.360462466653,684.9825439453125,454.5467529296875,66.358882188797,-0.04355278238654137,-0.02890113927423954
279.6,1807,-19.86713218688965,0.3707196116447449,16.970867156982422,40.51325225830078,11713.12965671422,687.5450439453125,454.72320556640625,66.13723039627075,-0.043690603226423264,-0.028895754367113113
279.7,1807,-19.730466842651367,0.37207117676734924,16.929534912109375,40.5665168762207,11720.578387815469,686.7722778320312,456.6712646484375,66.49529933929443,-0.04320496693253517,-0.02872927114367485
279.8,1807,-19.820344924926758,0.36965036392211914,16.94925308227539,40.53579330444336,11731.099866206685,687.0513916015625,454.1072998046875,66.09509587287903,-0.043646831065416336,-0.02884841524064541
279.9,1807,-19.792150497436523,0.3713708519935608,16.96416664123535,40.52161407470703,11734.335809483222,687.4154052734375,456.34674072265625,66.38587713241577,-0.04337086156010628,-0.0287921242415905
280,1807,-19.856843948364258,0.37010324001312256,16.94036865234375,40.569801330566406,11728.991140923092,687.2673950195312,454.5819396972656,66.14338755607605,-0.043681550770998,-0.028892457485198975
280.1,1807,-19.892333984375,0.3706434667110443,16.972211837768555,40.56905746459961,11731.678046273386,688.546630859375,455.3497619628906,66.1320149898529,-0.04368583485484123,-0.028890321031212807
280.2,1807,-19.924636840820312,0.3702899217605591,16.936813354492188,40.60501480102539,11726.13404547252,687.7195434570312,454.700439453125,66.11713171005249,-0.043819259852170944,-0.028972037136554718
280.3,1807,-20.087158203125,0.3726969361305237,16.96385383605957,40.728450775146484,11711.369471430513,690.9114990234375,457.07989501953125,66.15607142448425,-0.04394670948386192,-0.02907341718673706
280.4,1807,-20.000017166137695,0.3732164204120636,16.92487907409668,40.88679504394531,11705.952530362045,692.0040893554688,457.5052795410156,66.11309051513672,-0.043715380132198334,-0.028901590034365654
280.5,1807,-20.116594314575195,0.37430259585380554,16.964670181274414,40.98516845703125,11708.546180862872,695.2998657226562,458.9384460449219,66.00582599639893,-0.04383288323879242,-0.028932256624102592
280.6,1807,-20.16345977783203,0.3745326101779938,16.92795181274414,41.10639953613281,11708.141687953304,695.84716796875,459.20458984375,65.9921646118164,-0.04390953481197357,-0.02897685207426548
280.7,1807,-20.29305076599121,0.3760351240634918,16.96913719177246,41.19102478027344,11709.236266748934,698.9761352539062,461.08990478515625,65.96646904945374,-0.04401105269789696,-0.02903253585100174
280.8,1807,-20.183441162109375,0.37693846225738525,16.926366806030273,41.2846565246582,11714.189264941298,698.7992553710938,462.39306640625,66.16965532302856,-0.04364996403455734,-0.028883032500743866
280.9,1807,-20.32865333557129,0.37606552243232727,16.953189849853516,41.295799255371094,11716.531127348562,700.0955200195312,461.4144592285156,65.9073531627655,-0.04405725374817848,-0.02903697080910206
281,1804,-20.211748123168945,0.37790489196777344,16.94197654724121,41.33900451660156,11717.935778518671,700.3644409179688,463.72686767578125,66.21221899986267,-0.043585460633039474,-0.02885890007019043
281.1,1804,-20.176469802856445,0.3757983148097992,16.95852279663086,41.23427963256836,11722.192862396882,699.2724609375,461.3094177246094,65.96990823745728,-0.04373738914728165,-0.028853517025709152
281.2,1804,-20.067787170410156,0.3739275336265564,16.960203170776367,41.023101806640625,11727.826620990361,695.7601318359375,459.2335510253906,66.00458025932312,-0.04369843378663063,-0.028842967003583908
281.3,1804,-19.91199493408203,0.37151700258255005,16.95134162902832,40.792266845703125,11731.521844400528,691.483642578125,456.4168395996094,66.00544452667236,-0.04362677410244942,-0.02879604510962963
281.4,1804,-19.90850257873535,0.37158602476119995,16.974853515625,40.58012008666992,11729.759327745584,688.8416137695312,456.43304443359375,66.26095771789551,-0.043617572635412216,-0.028901424258947372
281.5,1804,-19.775867462158203,0.3695181906223297,16.928455352783203,40.432010650634766,11724.133728951432,684.4514770507812,453.6753845214844,66.28305912017822,-0.043590348213911057,-0.028893016278743744
281.6,1804,-19.872907638549805,0.3707435727119446,16.967792510986328,40.3817253112793,11709.321361799073,685.188720703125,454.6047668457031,66.34737849235535,-0.04371469467878342,-0.029003553092479706
281.7,1804,-19.77659034729004,0.3712891638278961,16.931337356567383,40.45254135131836,11691.657727624233,684.9156494140625,454.58697509765625,66.37123823165894,-0.04350452497601509,-0.028874492272734642
281.8,1804,-19.855066299438477,0.37320518493652344,16.971418380737305,40.467350006103516,11689.15383491602,686.788330078125,456.8349914550781,66.51757955551147,-0.043462228029966354,-0.028910022228956223
281.9,1804,-19.765907287597656,0.37061044573783875,16.929584503173828,40.398582458496094,11699.42002815682,683.9312133789062,454.0572509765625,66.38931632041931,-0.04353175312280655,-0.028900431469082832
282,1804,-19.838830947875977,0.36997073888778687,16.96731185913086,40.24129104614258,11708.414458387999,682.7865600585938,453.6219787597656,66.43686294555664,-0.04373428225517273,-0.029055684804916382
282.1,1804,-19.621685028076172,0.36894649267196655,16.925357818603516,40.14130401611328,11708.01812527776,679.4059448242188,452.350830078125,66.58034920692444,-0.043377138674259186,-0.028880650177598
282.2,1804,-19.635026931762695,0.3680468499660492,16.96851348876953,40.00340270996094,11710.556988554523,678.7982788085938,451.3456726074219,66.49187207221985,-0.043503303080797195,-0.02892615832388401
282.3,1804,-19.447734832763672,0.3675195276737213,16.92696762084961,39.91714096069336,11707.97499490988,675.6761474609375,450.599609375,66.68869853019714,-0.04315967857837677,-0.02878262661397457
282.4,1804,-19.648622512817383,0.3666451871395111,16.971561431884766,39.84403610229492,11704.508245880912,676.2155151367188,449.39453125,66.45729541778564,-0.04372243583202362,-0.029056746512651443
282.5,1804,-19.582460403442383,0.36673954129219055,16.9362850189209,39.84831237792969,11699.677644678473,674.8823852539062,449.32464599609375,66.57821536064148,-0.04358198493719101,-0.02901610918343067
282.6,1804,-19.78268814086914,0.36691877245903015,16.964094161987305,39.88479232788086,11687.851764080326,676.609375,449.08984375,66.37358069419861,-0.04405062273144722,-0.02923797443509102
282.7,1804,-19.645933151245117,0.3671332001686096,16.925477981567383,39.941070556640625,11681.326255988808,676.021728515625,449.1014099121094,66.43298864364624,-0.04374498128890991,-0.029061097651720047
282.8,1804,-19.635936737060547,0.36656999588012695,16.971010208129883,39.847991943359375,11692.04123819267,676.2606811523438,448.82379150390625,66.3684606552124,-0.043749768286943436,-0.02903604693710804
282.9,1804,-19.345996856689453,0.3655860722064972,16.92754364013672,39.708763122558594,11706.382668355216,672.1718139648438,448.16815185546875,66.67463779449463,-0.04316682741045952,-0.028781326487660408
283,1804,-19.399959564208984,0.3631172776222229,16.97182846069336,39.53240203857422,11713.74980146318,670.9371337890625,445.42181396484375,66.38801097869873,-0.04355413094162941,-0.028914719820022583
283.1,1804,-19.17670249938965,0.36250999569892883,16.955305099487305,39.357357025146484,11720.95257289896,667.3159790039062,444.9503173828125,66.67760014533997,-0.04309852793812752,-0.028737064450979233
283.2,1804,-19.157333374023438,0.35934680700302124,16.948244094848633,39.19942855834961,11723.47161952021,664.3615112304688,441.1625671386719,66.40399098396301,-0.043424658477306366,-0.028835708275437355
283.3,1804,-19.20691680908203,0.360592782497406,16.952085494995117,39.16386413574219,11713.421078118807,663.9091796875,442.31268310546875,66.6224718093872,-0.043423842638731,-0.02893003635108471
283.4,1804,-19.427804946899414,0.36149924993515015,16.952470779418945,39.264888763427734,11689.145675116692,665.6369018554688,442.505615234375,66.47853255271912,-0.04390408471226692,-0.0291867908090353
283.5,1804,-19.335044860839844,0.3638870418071747,16.924686431884766,39.38350296020508,11672.822579402953,666.553466796875,444.80645751953125,66.73230528831482,-0.04346844181418419,-0.02900749444961548
283.6,1804,-19.521282196044922,0.36449387669563293,16.955978393554688,39.50253677368164,11662.438651914701,669.8041381835938,445.1518859863281,66.46000742912292,-0.04385308176279068,-0.029144760221242905
283.7,1804,-19.449684143066406,0.3652935326099396,16.92795181274414,39.613037109375,11663.079779004793,670.5675659179688,446.1530456542969,66.53364300727844,-0.043594200164079666,-0.029004808515310287
283.8,1804,-19.63323974609375,0.3664597272872925,16.97307586669922,39.680965423583984,11666.644445625705,673.508056640625,447.71417236328125,66.47495627403259,-0.043852176517248154,-0.029150713235139847
283.9,1804,-19.45746421813965,0.3657706081867218,16.933908462524414,39.71633529663086,11674.006915991196,672.5527954101562,447.1542663574219,66.48612022399902,-0.043513987213373184,-0.02893076092004776
284,1804,-19.551509857177734,0.36599141359329224,16.970914840698242,39.72364807128906,11682.508261205814,674.1466674804688,447.7500305175781,66.41730070114136,-0.04366612806916237,-0.029001865535974503
284.1,1804,-19.402807235717773,0.3651852309703827,16.939815521240234,39.680908203125,11691.301027825019,672.187255859375,447.1000061035156,66.51419997215271,-0.04339702054858208,-0.028865180909633636
284.2,1804,-19.44081687927246,0.36520156264305115,16.9671688079834,39.572723388671875,11699.46898695279,671.4370727539062,447.432373046875,66.63801670074463,-0.04344973340630531,-0.028954042121767998
284.3,1804,-19.325199127197266,0.36368292570114136,16.926727294921875,39.48534393310547,11702.8366527042,668.357666015625,445.7000427246094,66.68586134910583,-0.04335920512676239,-0.02891445718705654
284.4,1804,-19.609773635864258,0.36346158385276794,16.971513748168945,39.523494720458984,11688.586146019885,670.7735595703125,444.8863830566406,66.32437705993652,-0.04407816007733345,-0.029234565794467926
284.5,1804,-19.654504776000977,0.36495089530944824,16.936885833740234,39.66097640991211,11671.034417664407,671.7334594726562,446.0385437011719,66.40112400054932,-0.044064588844776154,-0.02925938181579113
284.6,1804,-19.64948272705078,0.36702001094818115,16.956432342529297,39.79278564453125,11663.737225693541,674.74365234375,448.2869567871094,66.43810868263245,-0.04383237659931183,-0.02912140265107155
284.7,1804,-19.717418670654297,0.365876704454422,16.953216552734375,39.85834503173828,11667.089737531913,675.7271728515625,447.0189208984375,66.15375876426697,-0.044108688831329346,-0.029179556295275688
284.8,1804,-19.76913833618164,0.3690029978752136,16.958162307739258,39.97675704956055,11663.546053252134,677.9323120117188,450.7016296386719,66.48179888725281,-0.04386302828788757,-0.029160931706428528
284.9,1804,-19.954959869384766,0.3682674467563629,16.953144073486328,40.12860870361328,11657.228037200683,680.3060913085938,449.5595703125,66.08195304870605,-0.04438779875636101,-0.029332326725125313
285,1798,-19.830312728881836,0.3710266053676605,16.929922103881836,40.214786529541016,11660.531590243083,680.8331909179688,453.05615234375,66.54436588287354,-0.04377010092139244,-0.02912653610110283
285.1,1798,-19.904464721679688,0.3691123425960541,16.97641372680664,40.08736801147461,11664.195340141554,680.5397338867188,450.8602600097656,66.25039577484131,-0.04414774477481842,-0.029248056933283806
285.2,1798,-19.694833755493164,0.3680131137371063,16.934795379638672,39.919578552246094,11656.554270913277,676.0299072265625,449.2231140136719,66.45018458366394,-0.04384198412299156,-0.029133081436157227
285.3,1798,-19.758272171020508,0.3675384521484375,16.96056365966797,39.78753662109375,11647.506219143654,674.8190307617188,448.29547119140625,66.43195152282715,-0.04407421872019768,-0.02927936427295208
285.4,1798,-19.81721305847168,0.36559242010116577,16.94077491760254,39.75120162963867,11632.58427754317,673.4161376953125,445.3505554199219,66.13304018974304,-0.044498007744550705,-0.02942788414657116
285.5,1798,-19.674942016601562,0.36780115962028503,16.928600311279297,39.736167907714844,11624.792834870126,672.677734375,447.7410583496094,66.56100749969482,-0.04394267871975899,-0.029248690232634544
285.6,1798,-19.618436813354492,0.36683300137519836,16.974132537841797,39.66630172729492,11625.844283297876,673.3010864257812,446.6028747558594,66.33033752441406,-0.04392814636230469,-0.029137689620256424
285.7,1798,-19.59602928161621,0.36544594168663025,16.940654754638672,39.58015823364258,11629.715525236414,670.5137939453125,445.0623474121094,66.3763165473938,-0.044029850512742996,-0.029225392267107964
285.8,1798,-19.490076065063477,0.36549505591392517,16.95835304260254,39.440547943115234,11637.537275735534,668.8467407226562,445.4215393066406,66.595458984375,-0.04375647380948067,-0.029139824211597443
285.9,1798,-19.421737670898438,0.3624196946620941,16.935611724853516,39.27621078491211,11644.030144629736,665.1666259765625,441.9200744628906,66.43749475479126,-0.04394853115081787,-0.029198303818702698
286,1798,-19.299854278564453,0.363322913646698,16.941232681274414,39.14470672607422,11645.708731920158,663.1596069335938,443.0852966308594,66.81427955627441,-0.043557874858379364,-0.029102880507707596
286.1,1798,-19.352367401123047,0.3608025014400482,16.96217155456543,39.02907180786133,11643.67461051614,662.017822265625,439.9346923828125,66.45360589027405,-0.04398918151855469,-0.02923239767551422
286.2,1798,-19.280654907226562,0.3598560094833374,16.924421310424805,38.978721618652344,11636.264347040296,659.6923217773438,438.5013732910156,66.47059321403503,-0.04396943002939224,-0.029226738959550858
286.3,1798,-19.349760055541992,0.3618476092815399,16.9611873626709,38.951175689697266,11626.979661090149,660.658203125,440.576416015625,66.68749451637268,-0.043919190764427185,-0.029288610443472862
286.4,1798,-19.4649715423584,0.36198076605796814,16.924901962280273,39.04227066040039,11607.872908119793,660.78662109375,440.0142517089844,66.5894627571106,-0.04423713684082031,-0.029457272961735725
286.5,1798,-19.442434310913086,0.36431875824928284,16.908308029174805,39.22187042236328,11589.960982908244,663.1754760742188,442.17291259765625,66.6750967502594,-0.04397020861506462,-0.029317179694771767
286.6,1798,-19.502178192138672,0.36568793654441833,16.936933517456055,39.355995178222656,11586.477914280618,666.5698852539062,443.7012939453125,66.56485795974731,-0.04395339637994766,-0.0292575154453516
286.7,1798,-19.57810401916504,0.3648039996623993,16.95182228088379,39.391292572021484,11595.40706611717,667.7542114257812,442.9698791503906,66.33726954460144,-0.04419736936688423,-0.02931932732462883
286.8,1798,-19.370454788208008,0.3642720878124237,16.92413330078125,39.39249038696289,11606.01130818729,666.6837768554688,442.728515625,66.40757322311401,-0.04375244304537773,-0.02905493788421154
286.9,1798,-19.404741287231445,0.3641830086708069,16.963275909423828,39.30891418457031,11617.380240023045,666.8079833984375,443.0538330078125,66.44399166107178,-0.043797705322504044,-0.029100945219397545
287,1798,-19.414104461669922,0.36205387115478516,16.91942596435547,39.24529266357422,11621.30160644317,664.0078125,440.6122741699219,66.35648608207703,-0.044061653316020966,-0.029237763956189156
287.1,1798,-19.416099548339844,0.3637015223503113,16.907922744750977,39.270442962646484,11616.165595608725,663.9816284179688,442.42181396484375,66.63163304328918,-0.04388594627380371,-0.02924192324280739
287.2,1798,-19.551382064819336,0.3636541962623596,16.941062927246094,39.279869079589844,11609.275227918666,665.4427490234375,442.1018371582031,66.43725037574768,-0.04422370716929436,-0.02938101440668106
287.3,1798,-19.436513900756836,0.36466941237449646,16.931049346923828,39.34564208984375,11604.184678823336,666.1630249023438,443.14166259765625,66.52150750160217,-0.043860722333192825,-0.02917681448161602
287.4,1798,-19.52053451538086,0.3664616048336029,16.911212921142578,39.403141021728516,11601.56305186767,666.3549194335938,445.2189025878906,66.81408286094666,-0.0438448004424572,-0.02929450012743473
287.5,1798,-19.694272994995117,0.3658599555492401,16.913639068603516,39.47390365600586,11600.50460932621,667.6473388671875,444.4474182128906,66.56918525695801,-0.04431181773543358,-0.029498016461730003
287.6,1798,-19.615596771240234,0.36552873253822327,16.894739151000977,39.52248001098633,11601.247151065098,667.7219848632812,444.0734558105469,66.50574207305908,-0.04417196288704872,-0.029376892372965813
287.7,1798,-19.588722229003906,0.36705392599105835,16.91925811767578,39.54278564453125,11603.813990796702,669.0346069335938,446.0250549316406,66.66696071624756,-0.0439184345304966,-0.029279086738824844
287.8,1798,-19.6940975189209,0.3655966520309448,16.940872192382812,39.532981872558594,11605.58699862221,669.7232055664062,444.3221130371094,66.34414196014404,-0.04432391747832298,-0.02940632402896881
287.9,1798,-19.573673248291016,0.36616966128349304,16.912221908569336,39.56698226928711,11609.501370928625,669.1655883789062,445.1686096191406,66.5259301662445,-0.04396912083029747,-0.029250865802168846
288,1798,-19.6297607421875,0.36617419123649597,16.93674087524414,39.509918212890625,11615.819386980076,669.1692504882812,445.4163818359375,66.56259298324585,-0.04407058283686638,-0.029334522783756256
288.1,1798,-19.695688247680664,0.36418530344963074,16.90398597717285,39.502662658691406,11615.425385241075,667.75244140625,442.9820861816406,66.33926630020142,-0.04446159303188324,-0.029495494440197945
288.2,1798,-19.59838104248047,0.3661472797393799,16.875648498535156,39.58082962036133,11606.264261966471,667.9521484375,445.0173034667969,66.62412285804749,-0.04403959587216377,-0.029340995475649834
288.3,1798,-19.682147979736328,0.36812371015548706,16.932634353637695,39.6439323425293,10917.476949682796,671.2761840820312,420.8668212890625,62.69652247428894,-0.04676573723554611,-0.0293204914778471
288.4,1798,-19.60597801208496,0.36685338616371155,16.916784286499023,39.68013000488281,11239.25280777181,671.2601928710938,431.7760925292969,64.32320475578308,-0.0454077422618866,-0.02920771762728691
288.5,1798,-19.56136131286621,0.3680409789085388,16.884580612182617,39.692962646484375,11413.352617614684,670.1990356445312,439.88385009765625,65.63481092453003,-0.04446937516331673,-0.029187390580773354
288.6,1798,-19.71626853942871,0.36730971932411194,16.942480087280273,39.67601013183594,11506.83477577817,672.2100219726562,442.6056213378906,65.84335565567017,-0.04454590752720833,-0.02933051995933056
288.7,1798,-19.627599716186523,0.36565902829170227,16.89178466796875,39.657958984375,11560.208023185509,669.8936767578125,442.6603088378906,66.079181432724,-0.0443400964140892,-0.029299573972821236
288.8,1798,-19.543682098388672,0.3666326701641083,16.914718627929688,39.592098236083984,11593.123487990824,669.689208984375,445.10272216796875,66.4640724658966,-0.0439082533121109,-0.02918321266770363
288.9,1798,-19.57520294189453,0.363421767950058,16.92382049560547,39.49824142456055,11611.861884305783,668.4611206054688,441.917724609375,66.10971093177795,-0.044296033680438995,-0.029283979907631874
289,1798,-19.398656845092773,0.36377549171447754,16.8922176361084,39.398681640625,11626.33620262882,665.5311279296875,442.89923095703125,66.54824018478394,-0.043799255043268204,-0.029147634282708168
289.1,1798,-19.408267974853516,0.36243367195129395,16.939647674560547,39.25236129760742,11635.837706103981,664.921142578125,441.6261901855469,66.41782522201538,-0.04394727572798729,-0.02918882481753826
289.2,1798,-19.269012451171875,0.36028388142585754,16.882226943969727,39.11608123779297,11641.13341586814,660.3665771484375,439.2064514160156,66.50949120521545,-0.04387233406305313,-0.029179267585277557
289.3,1798,-19.193429946899414,0.36096134781837463,16.930545806884766,38.97539520263672,11644.660780549264,659.8746948242188,440.1656494140625,66.70442819595337,-0.0436050146818161,-0.02908647619187832
289.4,1798,-19.13662338256836,0.3573969900608063,16.909893035888672,38.8256950378418,11646.865092053562,656.538330078125,435.9017028808594,66.39394164085388,-0.0439012385904789,-0.029147760942578316
289.5,1798,-19.09592056274414,0.3579016923904419,16.893321990966797,38.67703628540039,11646.148195398277,653.3836059570312,436.4903869628906,66.80461168289185,-0.043748777359724045,-0.02922620065510273
289.6,1798,-19.16679573059082,0.3579482436180115,16.93376350402832,38.58531188964844,11637.859004966198,653.39453125,436.2364501953125,66.76462888717651,-0.04393671452999115,-0.029334183782339096
289.7,1798,-19.093080520629883,0.3581465780735016,16.90749168395996,38.61496353149414,11623.552545372202,652.8822021484375,435.94158935546875,66.77186489105225,-0.043797336518764496,-0.029244298115372658
289.8,1798,-19.194242477416992,0.3603076636791229,16.927879333496094,38.65414810180664,11614.498665174488,654.332763671875,438.2304992675781,66.97364449501038,-0.043799422681331635,-0.029334070160984993
289.9,1798,-19.377174377441406,0.3594760000705719,16.916641235351562,38.73394775390625,11604.945871532118,655.248291015625,436.8593444824219,66.67081117630005,-0.04435563459992409,-0.02957226149737835
290,1798,-19.25998878479004,0.36123836040496826,16.882442474365234,38.84259033203125,11596.721959494667,655.7578125,438.69000244140625,66.89817309379578,-0.0439034141600132,-0.029370583593845367
290.1,1798,-19.352706909179688,0.36259162425994873,16.903718948364258,38.96343231201172,11590.412103242545,658.6268920898438,440.09381103515625,66.81989431381226,-0.043974049389362335,-0.02938341349363327
290.2,1798,-19.503442764282227,0.36244311928749084,16.93155288696289,39.06291961669922,11589.126352005505,661.3958740234375,439.8647766113281,66.50551557540894,-0.044339634478092194,-0.029488302767276764
290.3,1798,-19.441184997558594,0.36298245191574097,16.878623962402344,39.15813064575195,11590.708187389606,660.9353637695312,440.5794372558594,66.65998697280884,-0.04412640258669853,-0.029414653778076172
290.4,1798,-19.534282684326172,0.3657614588737488,16.914886474609375,39.27883529663086,11587.446599029465,664.3970336914062,443.8276062011719,66.80155992507935,-0.04401322081685066,-0.029401520267128944
290.5,1798,-19.758363723754883,0.3658868372440338,16.936092376708984,39.45669174194336,11579.774056289494,668.2421875,443.6857604980469,66.39595031738281,-0.04453233629465103,-0.029567670077085495
290.6,1798,-19.833187103271484,0.36697918176651,16.90443992614746,39.669525146484375,11575.142787327793,670.5911254882812,444.8323974609375,66.33437275886536,-0.04458575323224068,-0.029575679451227188
290.7,1798,-19.75108528137207,0.3689706027507782,16.87975311279297,39.833133697509766,11575.206900036803,672.3734741210938,447.2487487792969,66.51790738105774,-0.044161297380924225,-0.029375171288847923
290.8,1798,-19.86104965209961,0.3700448274612427,16.937196731567383,39.91883850097656,11583.538055151143,676.1132202148438,448.87371826171875,66.39031767845154,-0.044246405363082886,-0.029375331476330757
290.9,1798,-19.764644622802734,0.3684476912021637,16.907011032104492,39.95583724975586,11594.938460498593,675.5337524414062,447.376220703125,66.22558832168579,-0.04417902231216431,-0.029257819056510925
291,1798,-19.600067138671875,0.3696310818195343,16.910276412963867,39.902618408203125,11610.977128921455,674.7642822265625,449.4339599609375,66.60606265068054,-0.04361056163907051,-0.029047278687357903
291.1,1798,-19.61724281311035,0.36737364530563354,16.935611724853516,39.763450622558594,11626.69639948489,673.4183349609375,447.29388427734375,66.42139554023743,-0.04385761544108391,-0.0291308406740427
291.2,1798,-19.428050994873047,0.3658980131149292,16.88938331604004,39.65078353881836,11635.17559667276,669.6773071289062,445.8221130371094,66.57267808914185,-0.04357803240418434,-0.029011065140366554
291.3,1798,-19.458824157714844,0.3665781617164612,16.938806533813477,39.542015075683594,11636.343613662344,669.7945556640625,446.6956787109375,66.69144630432129,-0.04356170445680618,-0.029051929712295532
291.4,1798,-19.379749298095703,0.36385440826416016,16.901535034179688,39.42780685424805,11638.588724163284,666.3904418945312,443.462158203125,66.54689908027649,-0.04370101913809776,-0.029081672430038452
291.5,1798,-19.304019927978516,0.36455824971199036,16.91925811767578,39.28520202636719,11642.538067038251,664.6764526367188,444.4707946777344,66.87024235725403,-0.04343147203326225,-0.02904273010790348
291.6,1798,-19.503704071044922,0.36245211958885193,16.934507369995117,39.16624069213867,11639.902451855163,663.260986328125,441.8029479980469,66.61072373390198,-0.04414571076631546,-0.029405776411294937
291.7,1798,-19.431833267211914,0.36517661809921265,16.87331771850586,39.194549560546875,11623.85795500421,661.3421020507812,444.5103454589844,67.213374376297,-0.04371514171361923,-0.02938242256641388
291.8,1798,-19.47515869140625,0.3658376932144165,16.931697845458984,39.212093353271484,11616.455851327695,663.9273071289062,445.0314636230469,67.03014969825745,-0.04376130923628807,-0.029333269223570824
291.9,1798,-19.368839263916016,0.362389475107193,16.926029205322266,39.12705993652344,11626.019136140629,662.2657470703125,441.19970703125,66.61973595619202,-0.04390038922429085,-0.02924632467329502
292,1798,-19.296566009521484,0.36327502131462097,16.905616760253906,39.05742263793945,11628.921693330318,660.289794921875,442.3882751464844,66.99910759925842,-0.043619073927402496,-0.029224388301372528
292.1,1798,-19.418195724487305,0.36187905073165894,16.92502212524414,38.9930534362793,11624.073606843605,659.9583129882812,440.50457763671875,66.7473316192627,-0.04408171400427818,-0.029423367232084274
292.2,1798,-19.277921676635742,0.3609026372432709,16.89248275756836,38.992698669433594,11620.863308650672,658.6834716796875,439.1946716308594,66.67764782905579,-0.04389379546046257,-0.02926735207438469
292.3,1798,-19.37438201904297,0.3607940077781677,16.9119815826416,38.94865798950195,11623.353213131464,658.698974609375,439.15655517578125,66.6702926158905,-0.04411725699901581,-0.02941310405731201
292.4,1798,-19.36830711364746,0.3586294651031494,16.931169509887695,38.874324798583984,11626.584493665528,658.1878051757812,436.64324951171875,66.34021997451782,-0.04435728117823601,-0.02942671999335289
292.5,1798,-19.2332706451416,0.3594073951244354,16.888736724853516,38.82797622680664,11627.930860554721,655.7554931640625,437.64105224609375,66.73845648765564,-0.04394759237766266,-0.029329942539334297
292.6,1798,-19.277616500854492,0.3599071204662323,16.934938430786133,38.76485061645508,11626.273255605429,656.4803466796875,438.1871032714844,66.7479395866394,-0.043994031846523285,-0.02936510741710663
292.7,1798,-19.086755752563477,0.3583574891090393,16.89644432067871,38.685001373291016,11627.191815872688,653.6389770507812,436.33489990234375,66.75472259521484,-0.04374336451292038,-0.029200760647654533
292.8,1798,-18.974571228027344,0.35847142338752747,16.91010856628418,38.586753845214844,11633.001592994538,652.5062255859375,436.69171142578125,66.92529916763306,-0.043450724333524704,-0.029079526662826538
292.9,1798,-19.09874725341797,0.3550214469432831,16.921876907348633,38.47580337524414,11636.118636338004,651.0828247070312,432.6048278808594,66.44390225410461,-0.04414825513958931,-0.029333822429180145
293,1798,-18.91175651550293,0.35585731267929077,16.891857147216797,38.427730560302734,11631.742652526722,649.11572265625,433.46026611328125,66.77703857421875,-0.043629735708236694,-0.02913464419543743
293.1,1798,-19.034366607666016,0.3562464118003845,16.935298919677734,38.3891487121582,11626.211474267657,650.1317138671875,433.7278747558594,66.71384572982788,-0.043885502964258194,-0.029277708381414413
293.2,1798,-19.02133560180664,0.3551301062107086,16.90057373046875,38.402626037597656,11620.367892262873,649.0264282226562,432.1514587402344,66.58457517623901,-0.04401543736457825,-0.029307490214705467
293.3,1798,-18.982149124145508,0.35795947909355164,16.88858985900879,38.45752716064453,11612.136986111713,649.493408203125,435.28594970703125,67.01930165290833,-0.04360846057534218,-0.029226085171103477
293.4,1798,-19.165193557739258,0.35872882604599,16.933547973632812,38.55189895629883,11601.417341165376,652.8204345703125,435.81878662109375,66.75936579704285,-0.04397514462471008,-0.02935752645134926
293.5,1798,-19.236980438232422,0.3590089678764343,16.921707153320312,38.624359130859375,11597.951757822026,653.590087890625,436.0288391113281,66.71289205551147,-0.044118598103523254,-0.029432790353894234
293.6,1798,-19.287965774536133,0.3612118065357208,16.879730224609375,38.702423095703125,11597.951757822026,653.2864379882812,438.7042541503906,67.15342998504639,-0.04396576061844826,-0.029524514451622963
293.7,1798,-19.514530181884766,0.36191946268081665,16.935516357421875,38.8306999206543,11589.852574145738,657.6179809570312,439.25677490234375,66.79512858390808,-0.04442624747753143,-0.029674571007490158
293.8,1798,-19.625492095947266,0.36230337619781494,16.904897689819336,39.04537582397461,11574.956277628859,660.05810546875,439.1575622558594,66.53316617012024,-0.04468895494937897,-0.029732977971434593
293.9,1798,-19.591367721557617,0.3664255440235138,16.880762100219727,39.3194694519043,11564.890582314416,663.7426147460938,443.7679138183594,66.85843467712402,-0.04414777830243111,-0.029516514390707016
294,1798,-19.75075340270996,0.367866575717926,16.907346725463867,39.56687927246094,11559.531925526866,668.970947265625,445.3066711425781,66.56591892242432,-0.04435314983129501,-0.02952408231794834
294.1,1798,-19.852453231811523,0.36846935749053955,16.924612045288086,39.800140380859375,11561.139405994569,673.6019287109375,446.0983581542969,66.22581481933594,-0.04450241103768349,-0.02947208471596241
294.2,1798,-19.767839431762695,0.36826059222221375,16.898052215576172,39.89535140991211,11575.855021240604,674.1537475585938,446.4131164550781,66.21829867362976,-0.0442814938724041,-0.02932245098054409
294.3,1798,-19.713815689086914,0.3696688711643219,16.927303314208984,39.89527130126953,11595.292828926571,675.3193359375,448.87274169921875,66.4682149887085,-0.04391849786043167,-0.029191842302680016
294.4,1798,-19.738191604614258,0.3674974739551544,16.930856704711914,39.813838958740234,11612.57528390421,674.0823974609375,446.90118408203125,66.29770994186401,-0.044166792184114456,-0.02928157150745392
294.5,1798,-19.540935516357422,0.36680129170417786,16.894954681396484,39.73231887817383,11624.518898749813,671.2757568359375,446.51336669921875,66.51713252067566,-0.043763384222984314,-0.029110148549079895
294.6,1798,-19.675729751586914,0.3658066689968109,16.936140060424805,39.590152740478516,11631.243739082069,670.50439453125,445.5602111816406,66.451495885849,-0.044159531593322754,-0.029344670474529266
294.7,1798,-19.542877197265625,0.3636046051979065,16.914045333862305,39.4879035949707,11634.33513734193,667.9002075195312,442.9957580566406,66.32664203643799,-0.04411527141928673,-0.029260175302624702
294.8,1798,-19.451427459716797,0.36457398533821106,16.939815521240234,39.384456634521484,11638.04784603637,667.1654052734375,444.31854248046875,66.59795641899109,-0.04377811402082443,-0.02915532886981964
294.9,1798,-19.540090560913086,0.36211708188056946,16.919979095458984,39.283145904541016,11635.468183762965,664.6699829101562,441.2264099121094,66.38277769088745,-0.044285859912633896,-0.029398182407021523
295,1798,-19.47316551208496,0.36390453577041626,16.887630462646484,39.29995346069336,11625.530713866541,663.68310546875,443.0256652832031,66.75258874893188,-0.043954938650131226,-0.029341060668230057
295.1,1798,-19.558422088623047,0.36554861068725586,16.939430236816406,39.35038375854492,11612.309507583228,666.5730590820312,444.5210876464844,66.68752431869507,-0.04399886354804039,-0.02934175170958042
295.2,1798,-19.628543853759766,0.3643398880958557,16.91716766357422,39.39837646484375,11604.575183505483,666.5089111328125,442.7561340332031,66.42913818359375,-0.044332630932331085,-0.029449783265590668
295.3,1798,-19.54479217529297,0.3656132221221924,16.906002044677734,39.426109313964844,11608.61544985868,666.5379028320312,444.4582214355469,66.68161153793335,-0.04397442191839218,-0.029322853311896324
295.4,1798,-19.60172462463379,0.36566147208213806,16.957801818847656,39.392784118652344,11612.170790994645,668.0150146484375,444.65301513671875,66.56332612037659,-0.04408319294452667,-0.029343239963054657
295.5,1798,-19.46729278564453,0.3639477491378784,16.91769790649414,39.39242172241211,11614.943957080697,666.4290771484375,442.6747741699219,66.42488837242126,-0.04397651180624962,-0.02921134978532791
295.6,1798,-19.333553314208984,0.36401909589767456,16.918441772460938,39.282833099365234,11626.955181692163,664.6043090820312,443.21942138671875,66.68921709060669,-0.04362072795629501,-0.02909032069146633
295.7,1798,-19.507579803466797,0.36151042580604553,16.942697525024414,39.17058181762695,11630.67721587155,663.6553344726562,440.30584716796875,66.3455605506897,-0.04430461302399635,-0.02939414419233799
295.8,1798,-19.366024017333984,0.3619230091571808,16.8983154296875,39.14276123046875,11627.540355872574,661.4467163085938,440.689453125,66.62508845329285,-0.0439448319375515,-0.029278282076120377
295.9,1798,-19.417753219604492,0.3623306155204773,16.957992553710938,39.119049072265625,11624.08992644226,663.3805541992188,441.05487060546875,66.48595333099365,-0.04402570798993111,-0.02927091158926487
296,1798,-19.39348602294922,0.36029747128486633,16.91908836364746,39.059730529785156,11624.173855806783,660.8550415039062,438.5831298828125,66.36601090431213,-0.04421849548816681,-0.029346052557229996
296.1,1798,-19.332656860351562,0.36313727498054504,16.89622688293457,39.15687561035156,11608.99662905588,661.6034545898438,441.46282958984375,66.72619581222534,-0.04379226639866829,-0.029220912605524063
296.2,1798,-19.548126220703125,0.3646106719970703,16.951509475708008,39.308040618896484,11594.409239227864,666.3306274414062,442.6970520019531,66.4380431175232,-0.04415689408779144,-0.029336977750062943
296.3,1798,-19.6821231842041,0.36509233713150024,16.93217658996582,39.484375,11585.21197969909,668.556396484375,442.93023681640625,66.25173687934875,-0.044436171650886536,-0.029439734295010567
296.4,1798,-19.624940872192383,0.3674321472644806,16.906578063964844,39.6206169128418,11583.074112275039,669.8490600585938,445.6866149902344,66.53538346290588,-0.04403304681181908,-0.02929755672812462
296.5,1798,-19.749589920043945,0.36922624707221985,16.958642959594727,39.71330261230469,11585.122221906478,673.4837036132812,447.9420166015625,66.51118993759155,-0.04408961161971092,-0.029324524104595184
296.6,1798,-19.84007453918457,0.368508905172348,16.937414169311523,39.79038619995117,11591.097526386135,673.9462280273438,447.3023376464844,66.37062430381775,-0.04435495287179947,-0.02943865954875946
296.7,1798,-19.82469940185547,0.3682536482810974,16.89248275756836,39.901817321777344,11590.459896352897,674.040771484375,446.9678955078125,66.31170511245728,-0.04435374215245247,-0.029411721974611282
296.8,1798,-19.81926918029785,0.3714604079723358,16.930015563964844,39.99866485595703,11591.223420432916,677.1780395507812,450.8898010253906,66.58364534378052,-0.04395590350031853,-0.029267443343997
296.9,1798,-19.773862838745117,0.3692189157009125,16.944185256958008,39.997764587402344,11601.24481969386,677.7295532226562,448.5564880371094,66.18517637252808,-0.04408332705497742,-0.029176628217101097
297,1804,-19.639455795288086,0.36916178464889526,16.9237003326416,39.94273376464844,11613.922816479022,675.9788818359375,448.9772033691406,66.41882061958313,-0.04374265670776367,-0.029053358361124992
297.1,1804,-19.737638473510742,0.36930975317955017,16.949443817138672,39.96638488769531,11625.443287445165,677.4080200195312,449.6026916503906,66.3710355758667,-0.043900176882743835,-0.029137002304196358
297.2,1804,-19.621768951416016,0.3680397868156433,16.909149169921875,40.131229400634766,11643.774859479317,678.5849609375,448.7631530761719,66.13219976425171,-0.04372410848736763,-0.028915714472532272
297.3,1804,-19.778440475463867,0.3690883219242096,16.959674835205078,40.16565704345703,11664.4587850913,681.1964721679688,450.84112548828125,66.1837100982666,-0.04387009143829346,-0.029034854844212532
297.4,1804,-19.579423904418945,0.3683795928955078,16.915895462036133,40.10755920410156,11683.870947693664,678.4552612304688,450.7242736816406,66.43389463424683,-0.043439917266368866,-0.02885882742702961
297.5,1804,-19.635149002075195,0.3682355284690857,16.951919555664062,39.97462463378906,11696.70164929483,677.6466064453125,451.0427551269531,66.56017303466797,-0.04353278875350952,-0.02897549979388714
297.6,1804,-19.521644592285156,0.36678239703178406,16.931697845458984,39.90850830078125,11700.472642270188,675.7188110351562,449.4076843261719,66.50809645652771,-0.04343860596418381,-0.02889019064605236
297.7,1804,-19.594356536865234,0.36658287048339844,16.971200942993164,39.815399169921875,11701.17671638367,675.7151489257812,449.19024658203125,66.47627353668213,-0.04362151026725769,-0.028997953981161118
297.8,1804,-19.465425491333008,0.36602744460105896,16.92129898071289,39.77985382080078,11701.722257253057,673.1267700195312,448.53057861328125,66.63389205932617,-0.043398212641477585,-0.028917917981743813
297.9,1804,-19.530101776123047,0.3669293224811554,16.97254753112793,39.73716354370117,11700.078640531186,674.44091796875,449.57257080078125,66.65855646133423,-0.04344148933887482,-0.028957469388842583
298,1804,-19.39942169189453,0.3660520613193512,16.913230895996094,39.70059585571289,11698.393059127053,671.46533203125,448.4331359863281,66.78425669670105,-0.04326045513153076,-0.028891174122691154
298.1,1804,-19.567657470703125,0.3661125600337982,16.984243392944336,39.70417022705078,11690.271727424017,674.3452758789062,448.19586181640625,66.46385192871094,-0.04365871846675873,-0.029017267748713493
298.2,1804,-19.49745750427246,0.3655875623226166,16.945985794067383,39.76313018798828,11679.960072444102,673.825439453125,447.15838623046875,66.3611650466919,-0.043603021651506424,-0.028935473412275314
298.3,1804,-19.635963439941406,0.3668443262577057,16.977855682373047,39.81361389160156,11676.635537060572,675.9497680664062,448.56787109375,66.36112332344055,-0.043774791061878204,-0.02904944121837616
298.4,1804,-19.634824752807617,0.36612534523010254,16.952903747558594,39.91364669799805,11671.415596861607,676.6522216796875,447.4885559082031,66.13273024559021,-0.043877825140953064,-0.029017603024840355
298.5,1804,-19.585634231567383,0.3676654100418091,16.953670501708984,39.95587921142578,11674.637551910722,677.3988037109375,449.49493408203125,66.35602712631226,-0.04357253760099411,-0.02891300432384014
298.6,1804,-19.574447631835938,0.3656100332736969,16.951366424560547,39.9356803894043,11681.661973446893,676.96435546875,447.25103759765625,66.06714725494385,-0.04376612976193428,-0.028915034607052803
298.7,1804,-19.541872024536133,0.36746951937675476,16.992481231689453,39.862937927246094,11690.577137056025,677.3702392578125,449.8688049316406,66.41402244567871,-0.043439045548439026,-0.028849618509411812
298.8,1804,-19.413673400878906,0.3645106852054596,16.959579467773438,39.75164794921875,11702.263135379972,674.1712036132812,446.6925964355469,66.25803112983704,-0.04346092790365219,-0.028796354308724403
298.9,1804,-19.359830856323242,0.36443254351615906,16.985971450805664,39.61300277709961,11709.57198420702,672.8653564453125,446.8757629394531,66.41384959220886,-0.04332262650132179,-0.028772221878170967
299,1804,-19.338829040527344,0.3638648986816406,16.95302391052246,39.56570053100586,11707.331536448552,670.7582397460938,446.0943298339844,66.5059745311737,-0.0433514341711998,-0.028831293806433678
299.1,1804,-19.463764190673828,0.3657585680484772,16.9699764251709,39.575252532958984,11696.118806485654,671.5911254882812,447.9864807128906,66.70524477958679,-0.04344721511006355,-0.028981570154428482
299.2,1804,-19.36992835998535,0.3640928268432617,16.952518463134766,39.56569290161133,11691.341826821661,670.7381591796875,445.76409912109375,66.45873785018921,-0.043453313410282135,-0.028878524899482727
299.3,1804,-19.375957489013672,0.365337610244751,16.993560791015625,39.54198455810547,11693.150970901339,671.9591064453125,447.3573303222656,66.5750801563263,-0.043312039226293564,-0.028835024684667587
299.4,1804,-19.41486167907715,0.36305028200149536,16.956937789916992,39.49202346801758,11694.055542941178,669.6637573242188,444.59088134765625,66.39016270637512,-0.04366905242204666,-0.028991954401135445
299.5,1804,-19.466508865356445,0.3670356869697571,16.98248863220215,39.558616638183594,11682.903428630434,671.8037719726562,449.0427551269531,66.84135794639587,-0.043351124972105026,-0.028976481407880783
299.6,1804,-19.60869026184082,0.36541393399238586,16.97050666809082,39.69264221191406,11674.182934519566,673.604248046875,446.7249450683594,66.31860733032227,-0.04389432445168495,-0.029110103845596313
299.7,1804,-19.711050033569336,0.3687308430671692,16.94072723388672,39.857078552246094,11661.842986563726,675.2078857421875,450.3034362792969,66.69108271598816,-0.04377281665802002,-0.029192565008997917
299.8,1804,-19.90689468383789,0.36892640590667725,16.976390838623047,40.05366134643555,11650.229260748116,679.9666137695312,450.0935974121094,66.19348526000977,-0.04422834515571594,-0.029276283457875252
299.9,1804,-19.87302017211914,0.37170085310935974,16.95086097717285,40.3009147644043,11640.291790851692,683.1351928710938,453.0916442871094,66.32532477378845,-0.04386093094944954,-0.02909090369939804
300,1804,-20.032316207885742,0.3735300302505493,16.993871688842773,40.52168655395508,11635.103324164422,688.620361328125,455.1183776855469,66.0913348197937,-0.04401561617851257,-0.029090508818626404
300.1,1804,-20.132667541503906,0.3727816939353943,16.97317123413086,40.74522399902344,11638.528108511131,691.57568359375,454.3403015136719,65.69639444351196,-0.04431186988949776,-0.02911130152642727
300.2,1804,-20.103450775146484,0.37577638030052185,16.969520568847656,40.915218353271484,11647.055098809353,694.3116455078125,458.3257141113281,66.01153016090393,-0.043862804770469666,-0.028954505920410156
300.3,1804,-20.07171630859375,0.37351498007774353,16.97663116455078,40.90186309814453,11666.410142816416,694.3758544921875,456.3246154785156,65.71723222732544,-0.04398561269044876,-0.02890612743794918
300.4,1804,-19.960290908813477,0.37513789534568787,16.992624282836914,40.85493469238281,11680.857650370232,694.2325439453125,458.8748779296875,66.098153591156,-0.04349832981824875,-0.028751591220498085
300.5,1804,-19.989084243774414,0.37198472023010254,16.979656219482422,40.756832122802734,11693.07286996491,692.0369873046875,455.49371337890625,65.81926941871643,-0.043884437531232834,-0.028884416446089745
300.6,1804,-19.871475219726562,0.3717808723449707,16.989118576049805,40.63101577758789,11704.651625211969,690.28515625,455.69488525390625,66.01545810699463,-0.04360697418451309,-0.028787342831492424
300.7,1804,-19.727664947509766,0.3701312839984894,16.97588539123535,40.47510528564453,11716.098657984154,687.1007690429688,454.1166687011719,66.09171032905579,-0.04344184324145317,-0.028711458668112755
300.8,1804,-19.69183921813965,0.3698277175426483,16.999372482299805,40.268428802490234,11727.582992696127,684.5380249023438,454.18896484375,66.34970903396606,-0.04335604980587959,-0.028766611590981483
300.9,1804,-19.54088592529297,0.36758652329444885,16.96186065673828,40.06175231933594,11728.970158581962,679.5218505859375,451.48992919921875,66.44229888916016,-0.043280888348817825,-0.028756817802786827
301,1809,-19.590757369995117,0.3676083981990814,16.992504119873047,39.95693588256836,11719.269322866063,678.9683837890625,451.14337158203125,66.44541621208191,-0.04342468082904816,-0.028853710740804672
301.1,1809,-19.500308990478516,0.3688816726207733,16.948484420776367,40.09956359863281,11707.24877276965,679.6268310546875,452.24163818359375,66.54263734817505,-0.04311922565102577,-0.028692670166492462
301.2,1809,-19.76649284362793,0.3704895079135895,16.991615295410156,40.47780990600586,11706.615805478887,687.7833862304688,454.1882629394531,66.03652834892273,-0.0435204841196537,-0.02873941697180271
301.3,1809,-19.774093627929688,0.37334710359573364,16.946035385131836,40.758731842041016,11714.767445008,690.6989135742188,458.0101318359375,66.31110906600952,-0.04317392408847809,-0.028629107400774956
301.4,1809,-19.98855972290039,0.3742740750312805,16.98887825012207,40.997867584228516,11720.875637648147,696.5077514648438,459.38671875,65.95571637153625,-0.04351140186190605,-0.028698258101940155
301.5,1809,-19.99817657470703,0.3770689368247986,16.979103088378906,41.216102600097656,11724.94737751304,699.8124389648438,462.9779052734375,66.15742444992065,-0.043194666504859924,-0.028576480224728584
301.6,1809,-20.073734283447266,0.37603816390037537,16.974468231201172,41.335548400878906,11737.020383462279,701.64892578125,462.1877136230469,65.87164402008057,-0.04343199357390404,-0.028609368950128555
301.7,1809,-20.168949127197266,0.37728098034858704,16.998098373413086,41.403865814208984,11750.487549411064,703.7869873046875,464.2473449707031,65.96418023109436,-0.04344440624117851,-0.02865774743258953
301.8,1809,-20.07939910888672,0.3771473467350006,16.954681396484375,41.44820785522461,11761.109276765457,702.7411499023438,464.5024108886719,66.09864830970764,-0.04322776198387146,-0.028572965413331985
301.9,1809,-20.149757385253906,0.37553858757019043,16.990510940551758,41.41324234008789,11771.126013283929,703.6321411132812,462.9149475097656,65.78933596611023,-0.0435279905796051,-0.02863677777349949
302,1809,-20.046146392822266,0.37720316648483276,17.0024471282959,41.382347106933594,11778.352098432073,703.6011962890625,465.25225830078125,66.124427318573,-0.043086618185043335,-0.028490779921412468
302.1,1809,-19.95944595336914,0.37520426511764526,16.95516014099121,41.312477111816406,11785.975682376074,700.4596557617188,463.0863037109375,66.11177325248718,-0.04310092329978943,-0.028494782745838165
302.2,1809,-20.009124755859375,0.37311017513275146,16.983810424804688,41.163330078125,11792.46621989904,699.1101684570312,460.75531005859375,65.90596437454224,-0.043426789343357086,-0.028620844706892967
302.3,1809,-19.882081985473633,0.37415480613708496,16.996971130371094,41.08653259277344,11795.704494546815,698.3466186523438,462.1722106933594,66.18092060089111,-0.04301877319812775,-0.028470220044255257
302.4,1809,-19.848859786987305,0.37249815464019775,16.958330154418945,41.048213958740234,11792.899854949068,696.1091918945312,460.0164489746094,66.08394980430603,-0.04314815253019333,-0.02851400524377823
302.5,1809,-19.935569763183594,0.37185609340667725,16.991830825805664,41.00460433959961,11791.661896822381,696.7432861328125,459.1753234863281,65.90308547019958,-0.04341603070497513,-0.02861250378191471
302.6,1809,-19.911653518676758,0.37361839413642883,17.002927780151367,40.980037689208984,11786.413980168574,696.7806396484375,461.1461181640625,66.18239879608154,-0.04317862167954445,-0.028576646000146866
302.7,1809,-19.920671463012695,0.37292128801345825,16.96815299987793,41.01374435424805,11778.621371809912,695.927490234375,459.98138427734375,66.09616279602051,-0.04330756142735481,-0.0286246370524168
302.8,1809,-19.986652374267578,0.37377437949180603,16.995216369628906,41.04607009887695,11771.22393087587,697.5868530273438,460.74407958984375,66.04827642440796,-0.043379075825214386,-0.028651131317019463
302.9,1809,-19.97624397277832,0.3747731149196625,16.960275650024414,41.14801788330078,11764.39068178111,697.8817138671875,461.70703125,66.15834832191467,-0.04326606169342995,-0.02862411178648472
303,1809,-20.02661895751953,0.37323328852653503,16.982057571411133,41.18113327026367,11767.527541780086,699.3403930664062,459.9326171875,65.76663255691528,-0.04354250431060791,-0.028636440634727478
303.1,1809,-20.013416290283203,0.3746207356452942,17.009241104125977,41.1671142578125,11773.450390406917,700.2213745117188,461.8747253417969,65.96124172210693,-0.043330833315849304,-0.02858155593276024
303.2,1809,-19.90129280090332,0.3734336197376251,16.979393005371094,41.15018844604492,11778.631862980477,698.7052001953125,460.6137390136719,65.92389941215515,-0.04320603609085083,-0.028483102098107338
303.3,1809,-19.924022674560547,0.37188220024108887,16.98755645751953,41.09481430053711,11785.352040570258,698.1004638671875,458.9618225097656,65.74438214302063,-0.04341106489300728,-0.028540337458252907
303.4,1809,-19.945858001708984,0.3730989992618561,17.0024471282959,41.0533332824707,11785.227312209096,698.0071411132812,460.45867919921875,65.9676194190979,-0.043317366391420364,-0.028575435280799866
303.5,1809,-19.921829223632812,0.37382006645202637,16.964309692382812,41.073795318603516,11777.866007529223,696.78857421875,461.0604248046875,66.16933941841125,-0.04320871829986572,-0.02859092317521572
303.6,1809,-20.09697914123535,0.37351661920547485,16.99752426147461,41.122135162353516,11769.470739705874,698.9744873046875,460.3577880859375,65.86188673973083,-0.04365513101220131,-0.028752092272043228
303.7,1809,-20.014949798583984,0.3757087290287018,17.0170955657959,41.19119644165039,11765.768522181997,700.9545288085938,462.91387939453125,66.04049801826477,-0.0432368740439415,-0.028553849086165428
303.8,1809,-20.0202579498291,0.3737291991710663,16.993896484375,41.22924041748047,11769.253922180862,700.6454467773438,460.6112976074219,65.74099659919739,-0.0434645414352417,-0.0285740215331316
303.9,1809,-20.00163459777832,0.37428370118141174,17.010923385620117,41.21178436279297,11775.161616894653,701.0504760742188,461.5262451171875,65.8335268497467,-0.043338023126125336,-0.028530946001410484
304,1809,-19.930639266967773,0.37501901388168335,16.98040008544922,41.138179779052734,11783.496269065847,698.542724609375,462.7602844238281,66.24652147293091,-0.043069034814834595,-0.028531739488244057
304.1,1809,-19.921232223510742,0.37232160568237305,16.985322952270508,41.07470703125,11789.268744247911,697.6671752929688,459.6568298339844,65.88483452796936,-0.043339356780052185,-0.02855406329035759
304.2,1809,-19.993484497070312,0.37371745705604553,17.027732849121094,41.05088806152344,11785.73904819555,699.0035400390625,461.2419738769531,65.98564386367798,-0.043347060680389404,-0.028602836653590202
304.3,1809,-19.916099548339844,0.3744654655456543,17.010297775268555,41.09400177001953,11779.493304652437,699.0211791992188,461.9202575683594,66.08100533485413,-0.04311588406562805,-0.028491409495472908
304.4,1809,-20.077106475830078,0.3735968768596649,17.01152229309082,41.1332893371582,11772.494528199872,699.7398681640625,460.5749816894531,65.82088470458984,-0.043591395020484924,-0.02869224362075329
304.5,1809,-20.019001007080078,0.3757043182849884,17.016590118408203,41.178375244140625,11769.813451277669,700.7155151367188,463.0675964355469,66.08496308326721,-0.04323127120733261,-0.02856936864554882
304.6,1809,-19.76006317138672,0.3743036985397339,16.98683738708496,41.1233024597168,11779.4210321441,698.5548706054688,461.7178649902344,66.09615087509155,-0.04279683530330658,-0.02828706055879593
304.7,1809,-19.761274337768555,0.37177127599716187,17.007970809936523,40.97043991088867,11794.60641869433,696.8240356445312,459.1852111816406,65.89686870574951,-0.04303551837801933,-0.028359059244394302
304.8,1809,-19.681163787841797,0.3726188838481903,17.02975082397461,40.83700180053711,11802.316263374089,695.4439697265625,460.532958984375,66.22143387794495,-0.04273562505841255,-0.028300143778324127
304.9,1809,-19.624189376831055,0.3710825443267822,17.008281707763672,40.785972595214844,11798.301642104496,693.6993408203125,458.4781494140625,66.09176993370056,-0.04280288890004158,-0.0282891858369112
305,1804,-19.7545166015625,0.3699418902397156,17.01519775390625,40.74560546875,11793.573621236474,693.2945556640625,456.88568115234375,65.90065956115723,-0.04323732852935791,-0.028493685647845268
305.1,1804,-19.663349151611328,0.370191365480423,17.03361701965332,40.541683197021484,11788.009803780094,690.571533203125,456.9781188964844,66.17389917373657,-0.04302908480167389,-0.028474023565649986
305.2,1804,-19.632038116455078,0.3669830858707428,16.996490478515625,40.227333068847656,11765.508574289106,683.7235107421875,452.1529541015625,66.13096594810486,-0.043419018387794495,-0.028713418170809746
305.3,1804,-19.73731803894043,0.3674113154411316,17.015775680541992,40.080078125,11738.296809214371,681.9935913085938,451.6335754394531,66.22255444526672,-0.043702058494091034,-0.02894061990082264
305.4,1804,-19.709638595581055,0.3671265244483948,16.998483657836914,40.07366943359375,11711.869550560785,681.1915893554688,450.26751708984375,66.09997749328613,-0.04377317428588867,-0.028934059664607048
305.5,1804,-19.810497283935547,0.36993810534477234,17.026966094970703,40.1567268371582,11686.607977525546,683.7472534179688,452.7371826171875,66.21411442756653,-0.04375717043876648,-0.028973422944545746
305.6,1804,-19.83544921875,0.36945465207099915,17.00996208190918,40.32524871826172,11669.551665557867,685.9309692382812,451.4856262207031,65.82085490226746,-0.04393373429775238,-0.02891756035387516
305.7,1804,-19.950075149536133,0.3715313673019409,17.019351959228516,40.488685607910156,11662.067963888067,689.0911865234375,453.7322692871094,65.84502458572388,-0.04396882653236389,-0.028951285406947136
305.8,1804,-20.103971481323242,0.3715701103210449,17.026676177978516,40.61490249633789,11659.173566497706,691.5368041992188,453.6669616699219,65.60272574424744,-0.04431438073515892,-0.029071440920233727
305.9,1804,-20.003034591674805,0.3739390969276428,17.0189208984375,40.73238754272461,11660.22268355422,693.2212524414062,456.6004638671875,65.86648225784302,-0.04380861669778824,-0.02885519340634346
306,1804,-20.20036506652832,0.37417784333229065,17.019086837768555,40.8192138671875,11659.562905494235,694.7057495117188,456.8661193847656,65.7639741897583,-0.044215064495801926,-0.02907758392393589
306.1,1804,-20.148468017578125,0.37464484572410583,17.000812530517578,40.94469451904297,11659.061660678344,696.0930786132812,457.4166564941406,65.71199893951416,-0.04404839128255844,-0.02894507721066475
306.2,1804,-20.261768341064453,0.37649455666542053,17.033233642578125,41.038211822509766,11660.685460744706,699.013427734375,459.7390441894531,65.76970219612122,-0.04407232254743576,-0.028986236080527306
306.3,1804,-20.098403930664062,0.37523919343948364,17.01284408569336,41.08925247192383,11671.259394988747,699.0450439453125,458.62164306640625,65.60688018798828,-0.043823499232530594,-0.028751228004693985
306.4,1804,-20.137819290161133,0.3760374188423157,17.04159164428711,41.04412078857422,11683.553881205473,699.4571533203125,460.08135986328125,65.77692031860352,-0.04377012699842453,-0.028790639713406563
306.5,1804,-20.13145637512207,0.3760374188423157,16.999685287475586,41.034698486328125,11685.633464348606,697.5769653320312,460.16326904296875,65.96595048904419,-0.043748509138822556,-0.02885911799967289
