Time (s),Powertrain 1 - ESC throttle (μs),Powertrain 1 - force Fz (thrust) (N),Powertrain 1 - torque MZ (torque) (N⋅m),Powertrain 1 - voltage (V),Powertrain 1 - current (A),Powertrain 1 - rotation speed (rpm),Powertrain 1 - electrical power (W),Powertrain 1 - mechanical power (W),Powertrain 1 - motor & ESC efficiency (%),Powertrain 1 - propeller efficiency (N/W),Powertrain 1 - powertrain efficiency (N/W)
0,1000,0.03398916497826576,0.04069487005472183,16.999189376831055,0.017330648377537727,0,0.2946069836616516,0,0,0,0.1153712198138237
0.1,1000,0.018668698146939278,0.021711941808462143,16.999221801757812,0.01495600026100874,0,0.25424036383628845,0,0,0,0.07342932373285294
0.2,1000,0.009990685619413853,0.011487133800983429,16.999210357666016,-0.008885417133569717,0,-0.1510450690984726,0,0,0,-0.06614373624324799
0.3,1000,0.005164932459592819,0.006027837749570608,16.99923324584961,-0.007230119779706001,0,-0.12290649116039276,0,0,0,-0.04202326759696007
0.4,1000,0.0035610077902674675,0.003203668398782611,16.999225616455078,-0.003922417759895325,61.030563378920874,-0.06667806208133698,0.020474983379244804,-30.7072252035141,0.1739199310541153,-0.05340598523616791
0.5,1000,0.0012523559853434563,0.0016457276651635766,16.9992618560791,-0.0064591458067297935,158.17618001947216,-0.10980071127414703,0.02726011350750923,-24.82690066099167,0.04594096541404724,-0.011405718512833118
0.6,1000,0.0001251953945029527,0.000842057284899056,16.999292373657227,-0.01595720648765564,255.32179666002344,-0.27126121520996094,0.022514283657073975,-8.299853652715683,0.0055607096292078495,-0.0004615307552739978
0.7,1000,-0.0005325336242094636,0.00041925182449631393,16.999317169189453,-0.00637679873034358,352.4674133005747,-0.10840122401714325,0.015474711544811726,-14.275401830673218,-0.03441315516829491,0.004912616219371557
0.8,1000,-0.0008496594964526594,0.0001803366612875834,16.99923324584961,-0.0028663307894021273,449.613029941126,-0.048725426197052,0.008490856736898422,-17.42592751979828,-0.10006757825613022,0.017437702044844627
0.9,1000,-0.0007065904210321605,0.00006799777474952862,16.99919891357422,-0.0005207683425396681,546.7586101540018,-0.008852644823491573,0.0038933097384870052,-43.97905766963959,-0.18148836493492126,0.07981687039136887
1,1250,-0.0010434555588290095,-0.000005615424470306607,16.99919319152832,-0.003141131717711687,643.9042632222286,-0.05339670553803444,-0.0003786452580243349,0.7091172505170107,2.755760431289673,0.019541572779417038
1.1,1250,0.007383221294730902,0.00044734732364304364,16.99921417236328,-0.006826853379607201,741.0498070074287,-0.11605114489793777,0.03471529483795166,-29.91378903388977,0.2126792073249817,-0.06362041085958481
1.2,1250,0.031306833028793335,0.01685132458806038,16.99831199645996,0.0529370978474617,838.1954965033311,0.89984130859375,1.4791356325149536,164.37737941741943,0.021165627986192703,0.034791503101587296
1.3,1250,0.07033132761716843,0.028042683377861977,16.99704360961914,0.204502671957016,935.3410402885313,3.4759409427642822,2.74674391746521,79.02159690856934,0.025605345144867897,0.020233752205967903
1.4,1250,0.1521545797586441,0.03564926236867905,16.99590301513672,0.4185740351676941,1110.425854478909,7.114043712615967,4.145421981811523,58.27096104621887,0.03670424595475197,0.021387917920947075
1.5,1250,0.29443973302841187,0.041821375489234924,16.99505043029785,0.7130561470985413,1446.4960781736288,12.118425369262695,6.334964752197266,52.27547883987427,0.0464785136282444,0.024296864867210388
1.6,1250,0.5067331790924072,0.04748500511050224,16.994441986083984,1.061198115348816,1869.8755718398675,18.034469604492188,9.298176765441895,51.55780911445618,0.05449812114238739,0.028098035603761673
1.7,1250,0.8043316602706909,0.052762024104595184,16.993860244750977,1.4357454776763916,2333.2946179679616,24.39885711669922,12.89198112487793,52.83845663070679,0.062390077859163284,0.03296595439314842
1.8,1250,1.1423671245574951,0.05574735999107361,16.994911193847656,1.7753591537475586,2803.729780122195,30.17207145690918,16.367753982543945,54.24802899360657,0.06979376077651978,0.037861742079257965
1.9,1250,1.4445440769195557,0.048949796706438065,16.99896812438965,1.7923023700714111,3172.2787736474565,30.4672908782959,16.26113510131836,53.37243676185608,0.08883415162563324,0.047412946820259094
2,1250,1.622492790222168,0.04116281494498253,17.0006160736084,1.705627202987671,3386.436495500674,28.996713638305664,14.597436904907227,50.34169554710388,0.11114915460348129,0.05595437064766884
2.1,1250,1.7043415307998657,0.03587885573506355,17.000701904296875,1.6139274835586548,3487.130459163479,27.43790054321289,13.101933479309082,47.751227021217346,0.13008320331573486,0.06211632490158081
2.2,1250,1.7315064668655396,0.032854113727808,17.000383377075195,1.5661640167236328,3523.846350506017,26.625389099121094,12.123703956604004,45.53437530994415,0.14281991124153137,0.06503215432167053
2.3,1250,1.734542965888977,0.031483244150877,17.00006103515625,1.5200440883636475,3530.366904433656,25.840843200683594,11.639328956604004,45.04237473011017,0.14902430772781372,0.06712409108877182
2.4,1250,1.732503890991211,0.030874086543917656,16.999801635742188,1.5072928667068481,3525.7502065421854,25.623680114746094,11.399197578430176,44.486963748931885,0.15198472142219543,0.0676133930683136
2.5,1250,1.7284249067306519,0.030504785478115082,16.999652862548828,1.5067157745361328,3518.737441862199,25.613645553588867,11.24044418334961,43.88459324836731,0.153768390417099,0.06748063117265701
2.6,1250,1.7226475477218628,0.030403489246964455,16.99957275390625,1.5126559734344482,3512.6895734528002,25.714506149291992,11.183862686157227,43.492427468299866,0.1540297567844391,0.06699127703905106
2.7,1250,1.7147964239120483,0.03045448660850525,16.999601364135742,1.5058213472366333,3508.458134658194,25.59836196899414,11.189126968383789,43.71032118797302,0.1532556116580963,0.0669885203242302
2.8,1250,1.7044833898544312,0.030597710981965065,16.999652862548828,1.4909340143203735,3505.7808462142516,25.345359802246094,11.233169555664062,44.32041645050049,0.15173663198947906,0.0672503113746643
2.9,1250,1.6997781991958618,0.030762793496251106,16.99965476989746,1.5010725259780884,3503.957713907154,25.517715454101562,11.28790283203125,44.235554337501526,0.15058405697345734,0.06661169230937958
3,1250,1.7004390954971313,0.03084680624306202,16.999664306640625,1.49462890625,3502.972709559649,25.40818977355957,11.315547943115234,44.535040855407715,0.15027457475662231,0.06692484021186829
3.1,1250,1.7073314189910889,0.030759848654270172,16.9996280670166,1.5024620294570923,3502.4775845932554,25.541296005249023,11.28205394744873,44.17181611061096,0.15133161842823029,0.06684592366218567
3.2,1250,1.7110947370529175,0.030627857893705368,16.99957275390625,1.5099331140518188,3502.35081628226,25.6682186126709,11.233236312866211,43.763211369514465,0.15232428908348083,0.06666199862957001
3.3,1250,1.7070603370666504,0.030608072876930237,16.999528884887695,1.508554220199585,3502.06493188436,25.644710540771484,11.22506332397461,43.7714546918869,0.15207578241825104,0.06656578928232193
3.4,1250,1.7002707719802856,0.030672667548060417,16.999528884887695,1.5104830265045166,3501.977796884388,25.677499771118164,11.248472213745117,43.80672872066498,0.15115569531917572,0.0662163645029068
3.5,1250,1.6946392059326172,0.030743643641471863,16.999494552612305,1.5164244174957275,3501.9148498609975,25.7784481048584,11.274298667907715,43.7353640794754,0.1503099501132965,0.06573860347270966
3.6,1250,1.6981430053710938,0.03084753267467022,16.999515533447266,1.5229449272155762,3501.938454994769,25.889326095581055,11.31247329711914,43.69550943374634,0.15011245012283325,0.06559240072965622
3.7,1250,1.7060389518737793,0.030765747651457787,16.9995059967041,1.5226445198059082,3502.084165697063,25.884204864501953,11.282950401306152,43.59009861946106,0.15120504796504974,0.06591042876243591
3.8,1250,1.7104028463363647,0.030597157776355743,16.999475479125977,1.5179458856582642,3502.068428941215,25.804283142089844,11.221071243286133,43.48530471324921,0.1524277627468109,0.0662836804986
3.9,1250,1.7084046602249146,0.030554356053471565,16.999431610107422,1.5092828273773193,3502.2126825364858,25.656949996948242,11.205836296081543,43.67563724517822,0.15245668590068817,0.06658642739057541
4,1250,1.7008074522018433,0.03061228059232235,16.999496459960938,1.5038431882858276,3502.177420546531,25.564577102661133,11.226966857910156,43.91610622406006,0.15149304270744324,0.06652984768152237
4.1,1250,1.694811463356018,0.030759653076529503,16.999507904052734,1.5106335878372192,3502.169843590011,25.68002700805664,11.280990600585938,43.929046392440796,0.15023604035377502,0.06599725782871246
4.2,1250,1.697372317314148,0.03082449547946453,16.999488830566406,1.5107049942016602,3502.1654722689427,25.68121337890625,11.304758071899414,44.019562005996704,0.1501467227935791,0.06609392911195755
4.3,1250,1.7020912170410156,0.030802613124251366,16.99950408935547,1.504269003868103,3502.0299613158095,25.571826934814453,11.296295166015625,44.174766540527344,0.1506769359111786,0.06656119227409363
4.4,1250,1.7088487148284912,0.030666088685393333,16.99951171875,1.5195746421813965,3502.113016416117,25.832027435302734,11.24649429321289,43.537017703056335,0.15194500982761383,0.06615232676267624
4.5,1250,1.7096576690673828,0.030629323795437813,16.999473571777344,1.516579508781433,3501.9451576870747,25.78105354309082,11.23247241973877,43.56870949268341,0.15220670402050018,0.06631450355052948
4.6,1250,1.7027759552001953,0.03065020777285099,16.999460220336914,1.5259850025177002,3501.7405798610544,25.940921783447266,11.239474296569824,43.327197432518005,0.15149959921836853,0.06564053148031235
4.7,1250,1.6965919733047485,0.030764559283852577,16.999486923217773,1.5304758548736572,3501.73649996139,26.017303466796875,11.281394004821777,43.36111843585968,0.15038849413394928,0.06521013379096985
4.8,1250,1.6950358152389526,0.030920879915356636,16.99949836730957,1.5375322103500366,3501.9506946937618,26.13727569580078,11.339410781860352,43.38405728340149,0.14948181807994843,0.06485127657651901
4.9,1250,1.7017273902893066,0.03093532845377922,16.999462127685547,1.531193733215332,3501.9163069680203,26.029470443725586,11.344597816467285,43.583670258522034,0.1500033289194107,0.06537695229053497
5,1250,1.7094087600708008,0.030844900757074356,16.999469757080078,1.530635118484497,3501.9072729044783,26.01998519897461,11.311407089233398,43.4719979763031,0.1511225551366806,0.06569599360227585
5.1,1250,1.7103796005249023,0.030703959986567497,16.999435424804688,1.5445561408996582,3501.9515689579757,26.256582260131836,11.25986385345459,42.883965373039246,0.15190055966377258,0.0651409849524498
5.2,1250,1.7075822353363037,0.030694229528307915,16.999435424804688,1.544647216796875,3501.9367064663415,26.25813102722168,11.256247520446777,42.867666482925415,0.15170083940029144,0.06503061205148697
5.3,1250,1.6998348236083984,0.030707592144608498,16.999507904052734,1.5463396310806274,3501.9375807305555,26.287012100219727,11.261151313781738,42.83922016620636,0.15094681084156036,0.06466443836688995
5.4,1250,1.6954177618026733,0.03083706833422184,16.999460220336914,1.544228196144104,3501.888913355989,26.25104522705078,11.308475494384766,43.078190088272095,0.14992451667785645,0.06458476930856705
5.5,1250,1.7004649639129639,0.030910896137356758,16.99944305419922,1.5273910760879517,3502.004024810801,25.964797973632812,11.335922241210938,43.65881085395813,0.1500067561864853,0.06549116969108582
5.6,1250,1.7050421237945557,0.03087974339723587,16.99944496154785,1.5240461826324463,3501.955940279044,25.907939910888672,11.324341773986816,43.709930777549744,0.15056434273719788,0.06581156700849533
5.7,1250,1.708365797996521,0.030712028965353966,16.999401092529297,1.5195425748825073,3502.138370078316,25.831314086914062,11.263423919677734,43.60376000404358,0.15167374908924103,0.0661354586482048
5.8,1250,1.704361081123352,0.030539602041244507,16.999408721923828,1.5115615129470825,3502.059977720482,25.69565200805664,11.199936866760254,43.58689486980438,0.15217596292495728,0.06632877141237259
5.9,1250,1.6968469619750977,0.03047371469438076,16.999460220336914,1.504798412322998,3502.094365446223,25.580760955810547,11.175883293151855,43.68862807750702,0.15183112025260925,0.06633293628692627
6,1300,1.6929303407669067,0.030584484338760376,16.999483108520508,1.514798641204834,3501.993533640236,25.75079345703125,11.21618366241455,43.55665147304535,0.15093639492988586,0.0657428428530693
6.1,1300,1.716002345085144,0.037126943469047546,16.99633026123047,1.6927490234375,3527.5010663409453,28.77052116394043,13.7146577835083,47.66913056373596,0.12512177228927612,0.059644464403390884
6.2,1300,1.894402265548706,0.050579383969306946,16.992855072021484,2.1735260486602783,3685.6438057542414,36.93441390991211,19.521604537963867,52.85478234291077,0.09704131633043289,0.051290981471538544
6.3,1300,2.129249334335327,0.05355221405625343,16.996450424194336,2.3893117904663086,3909.3782178050033,40.60981750488281,21.923694610595703,53.986191749572754,0.09712091833353043,0.05243188515305519
6.4,1300,2.3272945880889893,0.050912875682115555,16.998889923095703,2.4129648208618164,4075.7574003761474,41.017723083496094,21.730241775512695,52.9776930809021,0.10709933936595917,0.056738756597042084
6.5,1300,2.448026180267334,0.04827047884464264,16.999671936035156,2.3820419311523438,4172.09694541161,40.49393081665039,21.089418411254883,52.08044648170471,0.11607840657234192,0.060454148799180984
6.6,1300,2.489788770675659,0.04670778661966324,16.999799728393555,2.338275194168091,4220.141261014667,39.75020980834961,20.641672134399414,51.92846059799194,0.1206195205450058,0.0626358613371849
6.7,1300,2.4948458671569824,0.04584774002432823,16.999736785888672,2.308812141418457,4240.245549452925,39.24919891357422,20.35811424255371,51.86886787414551,0.12254798412322998,0.0635642483830452
6.8,1300,2.487781286239624,0.04544871672987938,16.99965476989746,2.294104814529419,4247.148739684787,38.99898910522461,20.213788986206055,51.83156728744507,0.12307348102331161,0.06379091739654541
6.9,1300,2.4816036224365234,0.04526596888899803,16.99957847595215,2.285284996032715,4248.271294935257,38.848880767822266,20.13783073425293,51.83631777763367,0.1232309341430664,0.0638783797621727
7,1300,2.479553461074829,0.04507139325141907,16.999507904052734,2.2711873054504395,4247.508936540857,38.609066009521484,20.047670364379883,51.92477107048035,0.12368287891149521,0.064222052693367
7.1,1300,2.476020336151123,0.04494492709636688,16.999481201171875,2.2678775787353516,4246.081263079785,38.55274200439453,19.984699249267578,51.83729529380798,0.1238958090543747,0.0642242357134819
7.2,1300,2.4771311283111572,0.04478741064667702,16.999475479125977,2.266477584838867,4244.982021541681,38.5289306640625,19.909503936767578,51.67416334152222,0.12441953271627426,0.06429275870323181
7.3,1300,2.4837875366210938,0.044501833617687225,16.999465942382812,2.271042823791504,4243.981571859733,38.60651397705078,19.77789306640625,51.22941732406616,0.12558403611183167,0.06433597207069397
7.4,1300,2.4901347160339355,0.04425216466188431,16.999414443969727,2.2748584747314453,4243.4966466425,38.671260833740234,19.66468620300293,50.85090398788452,0.1266297698020935,0.06439238041639328
7.5,1300,2.4995858669281006,0.04417118430137634,16.999412536621094,2.2877001762390137,4243.197356859989,38.88956069946289,19.627315521240234,50.46936869621277,0.12735241651535034,0.06427396088838577
7.6,1300,2.50607967376709,0.04421580210328102,16.999399185180664,2.2967021465301514,4242.853188181171,39.04255676269531,19.64554786682129,50.318288803100586,0.12756477296352386,0.0641884133219719
7.7,1300,2.5061564445495605,0.04435214400291443,16.99940299987793,2.294086456298828,4242.507562395331,38.99810028076172,19.704519271850586,50.52686929702759,0.1271868795156479,0.06426355242729187
7.8,1300,2.5042996406555176,0.044552408158779144,16.999454498291016,2.2886626720428467,4242.634622127731,38.9060173034668,19.794084548950195,50.876665115356445,0.12651757895946503,0.06436792761087418
7.9,1300,2.495746374130249,0.04478665441274643,16.999473571777344,2.2711827754974365,4242.811514920316,38.60891342163086,19.89898681640625,51.53988003730774,0.12542077898979187,0.06464172154664993
8,1300,2.4833621978759766,0.04496011137962341,16.999473571777344,2.269207239151001,4243.037657930276,38.5753288269043,19.97711944580078,51.787298917770386,0.12431032210588455,0.06437695771455765
8.1,1300,2.4743335247039795,0.04510996863245964,16.999479293823242,2.266002893447876,4243.110513281422,38.520870208740234,20.044050216674805,52.03426480293274,0.12344478815793991,0.06423358619213104
8.2,1300,2.469132661819458,0.045225489884614944,16.999469757080078,2.2588601112365723,4242.626462328402,38.3994255065918,20.093088150024414,52.32653617858887,0.12288467586040497,0.06430129706859589
8.3,1300,2.4655799865722656,0.04519137740135193,16.999502182006836,2.270442247390747,4242.672506910328,38.59638977050781,20.078149795532227,52.02080011367798,0.12279915809631348,0.06388110667467117
8.4,1300,2.4670255184173584,0.04507873207330704,16.999479293823242,2.271969795227051,4242.936243281479,38.6223030090332,20.029348373413086,51.85953974723816,0.12317053228616714,0.06387566775083542
8.5,1300,2.4699785709381104,0.04485749825835228,16.999483108520508,2.268263339996338,4242.885535957081,38.559303283691406,19.930810928344727,51.68871879577637,0.12392764538526535,0.06405662000179291
8.6,1300,2.476367235183716,0.044652391225099564,16.999422073364258,2.279803991317749,4242.8598908734775,38.75535202026367,19.83955955505371,51.191794872283936,0.12481966614723206,0.06389743089675903
8.7,1300,2.4859063625335693,0.04439437761902809,16.999427795410156,2.2855031490325928,4243.06971428478,38.85224533081055,19.72589683532715,50.771576166152954,0.12602247297763824,0.06398359686136246
8.8,1300,2.4919772148132324,0.0440947525203228,16.99941635131836,2.2785487174987793,4243.406014585674,38.7339973449707,19.594316482543945,50.586867332458496,0.12717857956886292,0.0643356591463089
8.9,1300,2.4971210956573486,0.04386233538389206,16.999408721923828,2.28208327293396,4243.728909501956,38.7940673828125,19.492521286010742,50.246137380599976,0.12810662388801575,0.06436863541603088
9,1300,2.4999773502349854,0.0440310575067997,16.99936294555664,2.276527166366577,4243.789816575515,38.69951248168945,19.567781448364258,50.56338310241699,0.1277598738670349,0.06459971517324448
9.1,1300,2.4965953826904297,0.044156454503536224,16.999378204345703,2.2689781188964844,4243.728326659147,38.57121658325195,19.62322425842285,50.875306129455566,0.1272265613079071,0.06472690403461456
9.2,1300,2.485816478729248,0.04440547525882721,16.99941062927246,2.2703239917755127,4243.466921659232,38.59416961669922,19.732675552368164,51.12864375114441,0.1259746253490448,0.06440912187099457
9.3,1300,2.4710657596588135,0.04465813934803009,16.999431610107422,2.264849901199341,4243.170837512172,38.50115966796875,19.84356689453125,51.540178060531616,0.12452729046344757,0.06418158859014511
9.4,1300,2.462073564529419,0.044764358550310135,16.99945640563965,2.2713418006896973,4242.986950605877,38.611576080322266,19.889904022216797,51.51280164718628,0.1237850934267044,0.06376516819000244
9.5,1300,2.4558279514312744,0.04493481665849686,16.99949073791504,2.260446786880493,4242.84735975308,38.42644500732422,19.964984893798828,51.95636749267578,0.12300674617290497,0.06390984356403351
9.6,1300,2.451861619949341,0.04496269300580025,16.999448776245117,2.2711782455444336,4242.6649299538085,38.60877990722656,19.976512908935547,51.7408549785614,0.12273722141981125,0.06350529193878174
9.7,1300,2.4531028270721436,0.04492795467376709,16.999412536621094,2.2851128578186035,4242.313184318472,38.845577239990234,19.959423065185547,51.38145685195923,0.12290449440479279,0.06315012276172638
9.8,1300,2.4595179557800293,0.0448111928999424,16.99945640563965,2.2957231998443604,4242.371760020794,39.02604675292969,19.907827377319336,51.01163983345032,0.12354528158903122,0.06302247196435928
9.9,1300,2.468707323074341,0.04464339837431908,16.99944496154785,2.2971503734588623,4242.145908432239,39.0502815246582,19.832225799560547,50.78638195991516,0.12447958439588547,0.06321868300437927
10,1300,2.4827377796173096,0.04439953714609146,16.999406814575195,2.2909963130950928,4241.672931492593,38.945579528808594,19.721694946289062,50.639110803604126,0.1258886605501175,0.06374890357255936
10.1,1300,2.4943180084228516,0.04426509141921997,16.999412536621094,2.2898104190826416,4241.649326358822,38.92543029785156,19.661867141723633,50.51162242889404,0.12686069309711456,0.0640793889760971
10.2,1300,2.503716468811035,0.04420929402112961,16.99938201904297,2.290992498397827,4241.613772947462,38.945457458496094,19.636917114257812,50.421589612960815,0.1275004893541336,0.06428776681423187
10.3,1300,2.510618209838867,0.044258229434490204,16.999385833740234,2.286130905151367,4241.751032429022,38.86281967163086,19.659290313720703,50.58636665344238,0.12770645320415497,0.06460205465555191
10.4,1300,2.5138275623321533,0.04431183636188507,16.9993953704834,2.2869582176208496,4241.819225037696,38.87690734863281,19.68341827392578,50.630104541778564,0.12771295011043549,0.06466120481491089
10.5,1300,2.510624647140503,0.044578708708286285,16.999393463134766,2.2833828926086426,4241.871972311927,38.816123962402344,19.802209854125977,51.015424728393555,0.1267850697040558,0.06467994302511215
10.6,1300,2.5004374980926514,0.04484134912490845,16.999404907226562,2.284653425216675,4242.069264602832,38.83774948120117,19.919803619384766,51.28979682922363,0.12552520632743835,0.06438162922859192
10.7,1300,2.4883346557617188,0.04504689946770668,16.99940299987793,2.286679744720459,4242.096658214863,38.8721923828125,20.01124382019043,51.47958993911743,0.12434682995080948,0.06401323527097702
10.8,1300,2.476029872894287,0.045230794697999954,16.9993953704834,2.276400089263916,4242.39944505423,38.697425842285156,20.094369888305664,51.92689299583435,0.12322007864713669,0.06398435682058334
10.9,1300,2.466973304748535,0.045311082154512405,16.999441146850586,2.286766529083252,4242.970922428625,38.87375259399414,20.132749557495117,51.790088415145874,0.1225353330373764,0.06346115469932556
11,1350,2.4630560874938965,0.04523501545190811,16.999425888061523,2.279902696609497,4243.319171007107,38.75703811645508,20.100601196289062,51.86310410499573,0.12253643572330475,0.06355119496583939
11.1,1350,2.4913201332092285,0.051632530987262726,16.995525360107422,2.495448112487793,4268.955220547239,42.41145324707031,23.08201026916504,54.42400574684143,0.107933409512043,0.05874168500304222
11.2,1350,2.734403133392334,0.0647037997841835,16.991342544555664,3.0841448307037354,4424.284286299245,52.40376281738281,29.977914810180664,57.20565319061279,0.09121391922235489,0.05217951908707619
11.3,1350,3.009355068206787,0.06955615431070328,16.995399475097656,3.346316337585449,4641.816959438987,56.87198257446289,33.810546875,59.45026874542236,0.08900640159845352,0.05291454493999481
11.4,1350,3.235865831375122,0.06838803738355637,16.99835777282715,3.401773691177368,4804.607287412639,57.82456588745117,34.408573150634766,59.5051109790802,0.09404243528842926,0.05596005544066429
11.5,1350,3.4247477054595947,0.06677631288766861,16.999433517456055,3.3761730194091797,4900.213616194161,57.393028259277344,34.26620864868164,59.704482555389404,0.09994532912969589,0.05967184156179428
11.6,1350,3.510085105895996,0.06560018658638,16.999767303466797,3.354665517807007,4950.399879120934,57.028533935546875,34.007442474365234,59.632331132888794,0.10321520268917084,0.061549630016088486
11.7,1350,3.518219232559204,0.06509561836719513,16.999713897705078,3.3370749950408936,4973.351646103413,56.72932052612305,33.90232849121094,59.761565923690796,0.10377514362335205,0.06201765313744545
11.8,1350,3.5719997882843018,0.06436914205551147,16.99961280822754,3.3255455493927,4983.104354829329,56.53298568725586,33.58971405029297,59.4161331653595,0.10634206980466843,0.06318434327840805
11.9,1350,3.5725791454315186,0.06415610015392303,16.999610900878906,3.319573163986206,4985.681685731498,56.431453704833984,33.4958610534668,59.35671925544739,0.10665733367204666,0.06330829858779907
12,1350,3.532576084136963,0.06414161622524261,16.999536514282227,3.3150575160980225,4986.497665664342,56.35444259643555,33.493778228759766,59.43413972854614,0.10546962171792984,0.06268496066331863
12.1,1350,3.5629384517669678,0.06393226981163025,16.999452590942383,3.3214244842529297,4986.080933055783,56.462398529052734,33.38167190551758,59.12194848060608,0.10673338174819946,0.0631028562784195
12.2,1350,3.5611917972564697,0.06367745250463486,16.999479293823242,3.3192381858825684,4984.9974282735275,56.42531967163086,33.24139404296875,58.912193775177,0.1071312353014946,0.06311336159706116
12.3,1350,3.5241312980651855,0.06379994750022888,16.99946403503418,3.3198800086975098,4984.258966434303,56.436180114746094,33.30040740966797,59.00542140007019,0.10582847893238068,0.0624445378780365
12.4,1350,3.5452399253845215,0.06404972076416016,16.999427795410156,3.3206992149353027,4984.352804126581,56.44998550415039,33.43140411376953,59.223055839538574,0.1060451939702034,0.06280320137739182
12.5,1350,3.5590059757232666,0.06365929543972015,16.99946403503418,3.321671485900879,4983.751893190321,56.466636657714844,33.22361373901367,58.8375985622406,0.10712278634309769,0.0630284771323204
12.6,1350,3.5325608253479004,0.06375598162412643,16.999326705932617,3.319063425064087,4983.817171584949,56.421844482421875,33.27450942993164,58.97451639175415,0.10616417229175568,0.06260980665683746
12.7,1350,3.5456857681274414,0.06417519599199295,16.99862289428711,3.3162803649902344,4984.496183457638,56.37220001220703,33.49786376953125,59.42266583442688,0.10584811866283417,0.06289777159690857
12.8,1350,3.5743134021759033,0.06354184448719025,16.99831199645996,3.307124376296997,4984.569038808784,56.21553039550781,33.16775131225586,59.00104641914368,0.10776471346616745,0.06358230859041214
12.9,1350,3.5490610599517822,0.06363128125667572,16.998191833496094,3.303943157196045,4984.578947136541,56.16106033325195,33.21450424194336,59.14151668548584,0.10685274749994278,0.06319434195756912
13,1350,3.5303826332092285,0.06413113325834274,16.998008728027344,3.306547164916992,4984.482778073027,56.204715728759766,33.47477340698242,59.558653831481934,0.10546397417783737,0.0628129243850708
13.1,1350,3.5666089057922363,0.0635092630982399,16.9979248046875,3.3068134784698486,4984.725240681643,56.20896530151367,33.15178680419922,58.97952914237976,0.10758421570062637,0.06345266848802567
13.2,1350,3.5429086685180664,0.06356780230998993,16.997955322265625,3.302774429321289,4984.094604762116,56.140411376953125,33.17814254760742,59.09850597381592,0.1067844107747078,0.06310798972845078
13.3,1350,3.510852098464966,0.06388279795646667,16.997909545898438,3.310429811477661,4983.646398641861,56.2703857421875,33.33955383300781,59.24884080886841,0.10530591756105423,0.06239253655076027
13.4,1350,3.546255588531494,0.06356820464134216,16.99789810180664,3.307032585144043,4984.493269243591,56.21260452270508,33.181007385253906,59.02770161628723,0.10687606781721115,0.06308648735284805
13.5,1350,3.538872480392456,0.06345242261886597,16.997966766357422,3.302687406539917,4984.470538374034,56.13896942138672,33.12042236328125,58.997201919555664,0.10684865713119507,0.06303771585226059
13.6,1350,3.5046334266662598,0.06352521479129791,16.99791145324707,3.306988477706909,4984.293937002854,56.21189880371094,33.15724182128906,58.98616313934326,0.10569737106561661,0.06234682723879814
13.7,1350,3.5370562076568604,0.06351617723703384,16.997852325439453,3.304093360900879,4984.232738507891,56.16249084472656,33.15211868286133,59.028929471969604,0.10669171065092087,0.06297897547483444
13.8,1350,3.5452651977539062,0.06333492696285248,16.99790382385254,3.2985856533050537,4983.769961317406,56.06904220581055,33.054447174072266,58.95311236381531,0.10725532472133636,0.06323035061359406
13.9,1350,3.5149435997009277,0.06348120421171188,16.997896194458008,3.3006138801574707,4983.136411183834,56.103492736816406,33.1265754699707,59.04548168182373,0.10610645264387131,0.06265106797218323
14,1350,3.5326130390167236,0.06392849236726761,16.997819900512695,3.3037405014038086,4982.578630615454,56.15638732910156,33.35625076293945,59.39885973930359,0.10590557754039764,0.06290670484304428
14.1,1350,3.5622026920318604,0.06341809034347534,16.997892379760742,3.32150936126709,4982.418348842931,56.45866012573242,33.088871002197266,58.6072564125061,0.1076556071639061,0.06309400498867035
14.2,1350,3.536240816116333,0.06364165991544724,16.997953414916992,3.33809232711792,4981.954405966828,56.74073791503906,33.202430725097656,58.51603150367737,0.10650548338890076,0.06232278421521187
14.3,1350,3.5320041179656982,0.06425320357084274,16.997880935668945,3.3344385623931885,4982.172972020268,56.67839050292969,33.52294921875,59.145909547805786,0.10536078363656998,0.062316592782735825
14.4,1350,3.5632998943328857,0.06361448019742966,16.997909545898438,3.3238961696624756,4982.220765130621,56.49928665161133,33.190025329589844,58.74415040016174,0.10736057162284851,0.06306805461645126
14.5,1350,3.54252552986145,0.06376636773347855,16.99797248840332,3.3226518630981445,4982.578047772645,56.47834396362305,33.27165603637695,58.910465240478516,0.10647277534008026,0.06272360682487488
14.6,1350,3.5196611881256104,0.06396597623825073,16.99789810180664,3.3199594020843506,4983.211015063408,56.43233108520508,33.38004684448242,59.15057063102722,0.10544206947088242,0.062369585037231445
14.7,1350,3.551509380340576,0.06356141716241837,16.99787139892578,3.3332622051239014,4983.5671320198135,56.658363342285156,33.17129898071289,58.546167612075806,0.10706572234630585,0.06268288195133209
14.8,1350,3.5457327365875244,0.06362229585647583,16.997970581054688,3.3293962478637695,4983.365468407839,56.592979431152344,33.20172882080078,58.6675763130188,0.10679361969232559,0.06265322864055634
14.9,1350,3.5097596645355225,0.06384557485580444,16.9979248046875,3.3135221004486084,4983.836405397652,56.322998046875,33.32139587402344,59.16126370429993,0.10533051192760468,0.06231485679745674
15,1350,3.536776542663574,0.0638967752456665,16.9978084564209,3.3143539428710938,4983.802017671911,56.336753845214844,33.3478889465332,59.193843603134155,0.10605698823928833,0.06277920305728912
15.1,1350,3.5375571250915527,0.06366264820098877,16.997920989990234,3.31253719329834,4983.514093324178,56.306243896484375,33.223777770996094,59.00549292564392,0.10647666454315186,0.06282708048820496
15.2,1350,3.5066983699798584,0.0637391209602356,16.997936248779297,3.312178611755371,4982.799528040131,56.300201416015625,33.25891876220703,59.074240922927856,0.10543633997440338,0.06228571757674217
15.3,1350,3.5303359031677246,0.06417455524206161,16.997873306274414,3.3136401176452637,4982.386875331235,56.32483673095703,33.48335266113281,59.446871280670166,0.1054355576634407,0.06267814338207245
15.4,1350,3.5558393001556396,0.06373854726552963,16.997940063476562,3.300325393676758,4982.771551585291,56.098731994628906,33.25843048095703,59.28552746772766,0.1069154292345047,0.06338537484407425
15.5,1350,3.529029369354248,0.06393297761678696,16.997943878173828,3.2995357513427734,4981.679887003706,56.085323333740234,33.35257339477539,59.467560052871704,0.10580980032682419,0.06292250752449036
15.6,1350,3.5232574939727783,0.06454107165336609,16.99786949157715,3.3059332370758057,4981.8722251307345,56.19382095336914,33.671104431152344,59.919583797454834,0.10463741421699524,0.06269830465316772
15.7,1350,3.550107717514038,0.06397616863250732,16.997882843017578,3.3018906116485596,4982.69403349167,56.12514877319336,33.381900787353516,59.47761535644531,0.10634827613830566,0.06325341761112213
15.8,1350,3.5342307090759277,0.0640072226524353,16.99795913696289,3.2940547466278076,4983.312429712204,55.99220657348633,33.40224838256836,59.6551775932312,0.10580816119909286,0.0631200447678566
15.9,1350,3.517605781555176,0.064420685172081,16.997879028320312,3.3035457134246826,4983.587531518135,56.15327072143555,33.619873046875,59.87161993980408,0.10462877154350281,0.06264293938875198
16,1400,3.5523126125335693,0.06389853358268738,16.997833251953125,3.3061437606811523,4983.5653834913865,56.19728088378906,33.34722137451172,59.33956503868103,0.1065249890089035,0.06321147084236145
16.1,1400,3.573641300201416,0.0708237737417221,16.993301391601562,3.576218605041504,5008.611887530038,60.771759033203125,37.14711380004883,61.12561225891113,0.09620239585638046,0.058804307132959366
16.2,1400,3.8302195072174072,0.08469041436910629,16.98832130432129,4.2766828536987305,5163.063483432833,72.6536636352539,45.78996658325195,63.02499771118164,0.08364757150411606,0.0527188777923584
16.3,1400,4.085941791534424,0.08820619434118271,16.99300765991211,4.597465991973877,5379.182762760326,78.12477111816406,49.68714141845703,63.59972357749939,0.08223338425159454,0.05230020731687546
16.4,1400,4.3151679039001465,0.08558159321546555,16.996477127075195,4.661479949951172,5541.3902479248045,79.2287368774414,49.66240310668945,62.68230676651001,0.08689003437757492,0.0544646792113781
16.5,1400,4.439681053161621,0.08393869549036026,16.997802734375,4.65958309173584,5637.817510803048,79.20267486572266,49.556640625,62.569403648376465,0.08958801627159119,0.05605468526482582
16.6,1400,4.5086469650268555,0.08172797411680222,16.998165130615234,4.628037452697754,5687.993282559256,78.66814422607422,48.68088150024414,61.88130974769592,0.09261637926101685,0.05731223151087761
16.7,1400,4.541098117828369,0.08112117648124695,16.99806785583496,4.613597393035889,5711.804742685268,78.4222412109375,48.52172088623047,61.872398853302,0.09358897060155869,0.05790574103593826
16.8,1400,4.55668306350708,0.08050353080034256,16.99819564819336,4.588652610778809,5720.749048434858,77.99881744384766,48.22768783569336,61.83130741119385,0.09448271989822388,0.05841990187764168
16.9,1400,4.5661468505859375,0.08015263825654984,16.997880935668945,4.600072860717773,5723.167263250123,78.19149017333984,48.03777313232422,61.436063051223755,0.09505325555801392,0.05839698016643524
17,1400,4.553985118865967,0.08040197193622589,16.998016357421875,4.592019557952881,5724.499059069087,78.05522155761719,48.198421478271484,61.74913048744202,0.0944841131567955,0.05834311619400978
17.1,1400,4.564648628234863,0.07974827289581299,16.997966766357422,4.5840253829956055,5725.967822948206,77.91911315917969,47.81881332397461,61.369818449020386,0.09545716643333435,0.0585818886756897
17.2,1400,4.553925037384033,0.08021695911884308,16.998003005981445,4.584995269775391,5726.1770635166995,77.93576049804688,48.10160827636719,61.71955466270447,0.0946730300784111,0.058431774377822876
17.3,1400,4.559756278991699,0.0794539675116539,16.997974395751953,4.581375598907471,5726.209119871204,77.87410736083984,47.644351959228516,61.18124723434448,0.09570402652025223,0.05855292081832886
17.4,1400,4.557082176208496,0.08018453419208527,16.99791145324707,4.571941375732422,5725.299885088893,77.71345520019531,48.074798583984375,61.861616373062134,0.09479150176048279,0.05863955244421959
17.5,1400,4.570816516876221,0.07953906804323196,16.997901916503906,4.56895112991333,5724.10156027323,77.66258239746094,47.677825927734375,61.39098405838013,0.09586881101131439,0.058854810893535614
17.6,1400,4.5760321617126465,0.08010189980268478,16.997940063476562,4.578622817993164,5723.256438199927,77.82715606689453,48.008113861083984,61.685556173324585,0.09531789273023605,0.05879737064242363
17.7,1400,4.579838752746582,0.08001328259706497,16.997840881347656,4.587397575378418,5721.013659070224,77.9758529663086,47.93621063232422,61.475712060928345,0.09554027765989304,0.05873406305909157
17.8,1400,4.586641311645508,0.08039681613445282,16.997772216796875,4.597174167633057,5720.376611879796,78.14171600341797,48.160621643066406,61.63240671157837,0.09523633867502213,0.058696448802948
17.9,1400,4.592936992645264,0.08045065402984619,16.9979305267334,4.58555269241333,5721.17860358522,77.94490814208984,48.19963073730469,61.838072538375854,0.09528987854719162,0.05892542749643326
18,1400,4.606204986572266,0.08047784864902496,16.99786949157715,4.5986528396606445,5721.204831511633,78.16729736328125,48.21614456176758,61.68326735496521,0.09553242474794388,0.058927517384290695
18.1,1400,4.60496187210083,0.08085116744041443,16.997987747192383,4.617132186889648,5721.748623852593,78.4819564819336,48.44441223144531,61.72681450843811,0.09505661576986313,0.05867542326450348
18.2,1400,4.61821174621582,0.08043355494737625,16.99791145324707,4.6230082511901855,5722.2760965948955,78.58148193359375,48.198631286621094,61.335861682891846,0.0958162471652031,0.05876971781253815
18.3,1400,4.611063480377197,0.08097284287214279,16.997957229614258,4.616888046264648,5722.512147932611,78.47766876220703,48.5237922668457,61.831337213516235,0.09502685815095901,0.058756377547979355
18.4,1400,4.623351097106934,0.0804218202829361,16.997896194458008,4.6049652099609375,5723.177754420688,78.27471923828125,48.19919204711914,61.57695651054382,0.09592175483703613,0.05906569957733154
18.5,1400,4.622762680053711,0.08113717287778854,16.99786949157715,4.610282897949219,5721.879763484657,78.364990234375,48.61689376831055,62.039053440093994,0.0950855165719986,0.058990154415369034
18.6,1400,4.633234024047852,0.08058081567287445,16.997913360595703,4.613543510437012,5721.530057799152,78.42061614990234,48.28057861328125,61.56618595123291,0.09596475958824158,0.05908183753490448
18.7,1400,4.624597072601318,0.08127135783433914,16.997907638549805,4.621399879455566,5721.859363986336,78.55413055419922,48.69712448120117,61.99180483818054,0.09496653079986572,0.058871470391750336
18.8,1400,4.630899906158447,0.08065420389175415,16.99795913696289,4.631411075592041,5722.920720741842,78.72453308105469,48.33629608154297,61.399275064468384,0.09580585360527039,0.058824099600315094
18.9,1400,4.630130290985107,0.08101577311754227,16.99789047241211,4.639705657958984,5724.000728467243,78.8652114868164,48.5621452331543,61.57613396644592,0.0953444316983223,0.058709416538476944
19,1400,4.6422343254089355,0.08072641491889954,16.998010635375977,4.643165588378906,5724.236779804958,78.92457580566406,48.39069747924805,61.31258010864258,0.09593237191438675,0.05881861597299576
19.1,1400,4.646580696105957,0.08076454699039459,16.997859954833984,4.640519142150879,5723.053026059525,78.87889099121094,48.403541564941406,61.36437654495239,0.09599670767784119,0.058907780796289444
19.2,1400,4.643557071685791,0.08095907419919968,16.997947692871094,4.620129585266113,5723.21855341733,78.53272247314453,48.52153015136719,61.78511381149292,0.09570096433162689,0.05912894755601883
19.3,1400,4.652708053588867,0.0806909129023552,16.99788475036621,4.611517429351807,5723.524545892147,78.38603973388672,48.36339569091797,61.69899106025696,0.09620308876037598,0.059356335550546646
19.4,1400,4.643514633178711,0.08123109489679337,16.997936248779297,4.611969470977783,5723.558933617888,78.39396667480469,48.68745803833008,62.10612654685974,0.09537394344806671,0.05923306569457054
19.5,1400,4.645420074462891,0.08067776262760162,16.997886657714844,4.614958763122559,5723.257021042736,78.44454956054688,48.35325622558594,61.640048027038574,0.09607253968715668,0.05921915918588638
19.6,1400,4.631657600402832,0.08132033795118332,16.997966766357422,4.622593879699707,5723.715718333557,78.57469940185547,48.742279052734375,62.03305125236511,0.09502340853214264,0.0589459165930748
19.7,1400,4.64017915725708,0.08060610294342041,16.997926712036133,4.617952346801758,5723.686576193098,78.49561309814453,48.31393051147461,61.549848318099976,0.09604226052761078,0.05911386385560036
19.8,1400,4.629167556762695,0.08131560683250427,16.997901916503906,4.628436088562012,5723.886491276645,78.6737060546875,48.74089813232422,61.95322871208191,0.09497500956058502,0.05884008854627609
19.9,1400,4.637763977050781,0.08066463470458984,16.99798011779785,4.634201526641846,5724.777657931872,78.77206420898438,48.35823059082031,61.39007806777954,0.09590433537960052,0.05887574329972267
20,1400,4.6334381103515625,0.08114208281040192,16.997926712036133,4.625884532928467,5724.619707530585,78.63044738769531,48.64311981201172,61.86295747756958,0.09525372087955475,0.058926768600940704
20.1,1400,4.635655879974365,0.08073583990335464,16.998043060302734,4.611938953399658,5723.86142903585,78.39393615722656,48.39317321777344,61.73076033592224,0.0957915261387825,0.059132836759090424
20.2,1400,4.639223575592041,0.08094559609889984,16.99783706665039,4.614250183105469,5722.8705962602535,78.4322738647461,48.510501861572266,61.850178241729736,0.09563338756561279,0.059149421751499176
20.3,1400,4.645369052886963,0.08120881021022797,16.997947692871094,4.621218204498291,5722.3087357922095,78.55122375488281,48.66346740722656,61.951249837875366,0.09545906633138657,0.059138085693120956
20.4,1400,4.6520514488220215,0.080992192029953,16.99791145324707,4.63806676864624,5722.366437230317,78.83744812011719,48.534149169921875,61.56230568885803,0.09585109353065491,0.059008143842220306
20.5,1400,4.6473846435546875,0.08143705874681473,16.99799919128418,4.621279716491699,5722.9358746548805,78.55250549316406,48.80559158325195,62.13116645812988,0.09522238373756409,0.05916277691721916
20.6,1400,4.655670166015625,0.08082222193479538,16.997976303100586,4.619487285614014,5723.842778065957,78.52193450927734,48.444793701171875,61.695873737335205,0.09610259532928467,0.059291332960128784
20.7,1400,4.626819133758545,0.08125520497560501,16.998126983642578,4.621521472930908,5725.220618466845,78.55720520019531,48.71604537963867,62.01346516609192,0.09497526288032532,0.05889744684100151
20.8,1400,4.611313343048096,0.08028847724199295,16.998207092285156,4.629507541656494,5727.496036793862,78.69332885742188,48.155582427978516,61.19398474693298,0.09575864672660828,0.05859852954745293
20.9,1400,4.582718849182129,0.08062092214822769,16.998241424560547,4.6173176765441895,5729.69976545535,78.48628234863281,48.37358093261719,61.633169651031494,0.09473598003387451,0.058388788253068924
21,1450,4.580983638763428,0.07979141175746918,16.998273849487305,4.597142219543457,5729.825076659323,78.14348602294922,47.87691116333008,61.26795411109924,0.0956825241446495,0.05862272158265114
21.1,1450,4.627296447753906,0.08659585565328598,16.992717742919922,4.900169372558594,5753.750191133124,83.26719665527344,52.17671585083008,62.66179084777832,0.08868508785963058,0.05557166412472725
21.2,1450,4.892030715942383,0.10069911926984787,16.9868221282959,5.711539268493652,5903.658527338403,97.02090454101562,62.255184173583984,64.16677236557007,0.07858029752969742,0.050422441214323044
21.3,1450,5.240175247192383,0.1056474968791008,16.991750717163086,6.118595123291016,6111.3953613843505,103.96564483642578,67.61268615722656,65.03368616104126,0.07750283926725388,0.05040295049548149
21.4,1450,5.526477813720703,0.1047595664858818,16.995441436767578,6.248989582061768,6266.285837922453,106.20433807373047,68.74363708496094,64.72771167755127,0.08039256930351257,0.05203627422451973
21.5,1450,5.73283576965332,0.10384312272071838,16.99672508239746,6.280969142913818,6357.972257390872,106.75590515136719,69.13929748535156,64.76390957832336,0.08291717618703842,0.05370040982961655
21.6,1450,5.838273525238037,0.10381456464529037,16.9971866607666,6.305184841156006,6407.948114063533,107.17040252685547,69.6635971069336,65.00264406204224,0.08380666375160217,0.054476547986269
21.7,1450,5.88258171081543,0.10355809330940247,16.997426986694336,6.3089070320129395,6435.345223151586,107.23518371582031,69.78860473632812,65.07995128631592,0.08429143577814102,0.05485682189464569
21.8,1450,5.911977767944336,0.1031164601445198,16.997522354125977,6.324848651885986,6448.145034083865,107.50675964355469,69.62920379638672,64.76727724075317,0.08490658551454544,0.05499168485403061
21.9,1450,5.950051784515381,0.10287949442863464,16.997411727905273,6.34618616104126,6454.82033277734,107.86873626708984,69.54110717773438,64.46826457977295,0.08556164801120758,0.05516011267900467
22,1450,5.990283012390137,0.10316579788923264,16.997278213500977,6.363432884216309,6457.010656054217,108.16104125976562,69.75829315185547,64.49484825134277,0.08587197959423065,0.055383000522851944
22.1,1450,5.99387264251709,0.10402385890483856,16.997360229492188,6.358784198760986,6457.648868930263,108.0825424194336,70.34545135498047,65.08492827415466,0.08520626276731491,0.055456433445215225
22.2,1450,5.991486072540283,0.10411612689495087,16.997533798217773,6.3696184158325195,6458.918300568645,108.26780700683594,70.42168426513672,65.04397392272949,0.08508013188838959,0.055339500308036804
22.3,1450,6.005433082580566,0.10364885628223419,16.99765396118164,6.372751235961914,6460.820116654981,108.32182312011719,70.12627410888672,64.73882794380188,0.0856374129652977,0.05544066056609154
22.4,1450,6.031938076019287,0.10359369218349457,16.997631072998047,6.38649845123291,6463.191121202703,108.55534362792969,70.11467742919922,64.58887457847595,0.08602961152791977,0.05556555464863777
22.5,1450,6.03085994720459,0.10396388173103333,16.997711181640625,6.383292198181152,6464.171462807734,108.50135803222656,70.37590026855469,64.8617684841156,0.08569496124982834,0.05558326840400696
22.6,1450,6.007119178771973,0.10400409251451492,16.997737884521484,6.363922595977783,6463.613099396545,108.17228698730469,70.39704132080078,65.0786280632019,0.0853319838643074,0.05553288385272026
22.7,1450,6.000032424926758,0.10362650454044342,16.997732162475586,6.349787712097168,6464.254226486637,107.93199157714844,70.14842224121094,64.99316692352295,0.08553339540958405,0.05559086054563522
22.8,1450,6.005275249481201,0.10336554795503616,16.99770736694336,6.358049392700195,6465.025327523174,108.072265625,69.98011779785156,64.75307941436768,0.08581402152776718,0.055567219853401184
22.9,1450,6.001040458679199,0.1033874973654747,16.997631072998047,6.354765892028809,6466.347797857191,108.0159683227539,70.00929260253906,64.81384038925171,0.08571776747703552,0.055556975305080414
23,1450,5.9735918045043945,0.10361125320196152,16.997751235961914,6.347434043884277,6467.682507890201,107.89210510253906,70.17529296875,65.04210233688354,0.08512385934591293,0.05536634847521782
23.1,1450,5.949826240539551,0.10350153595209122,16.99778938293457,6.33827018737793,6467.73263237179,107.73657989501953,70.10152435302734,65.06752371788025,0.08487442135810852,0.0552256815135479
23.2,1450,5.951706409454346,0.10293550044298172,16.997745513916016,6.329531192779541,6467.720975515606,107.58776092529297,69.71802520751953,64.80107307434082,0.08536826074123383,0.05531954765319824
23.3,1450,5.974035263061523,0.1030159667134285,16.99757957458496,6.330214023590088,6466.001589228542,107.59832000732422,69.75397491455078,64.82812762260437,0.08564437180757523,0.0555216409265995
23.4,1450,5.980827331542969,0.10338717699050903,16.997467041015625,6.333982944488525,6462.76214889515,107.66166687011719,69.97025299072266,64.9908721446991,0.08547671139240265,0.05555206164717674
23.5,1450,5.962764263153076,0.10360708832740784,16.99753189086914,6.347265243530273,6461.754413678088,107.8878402709961,70.108154296875,64.98244404792786,0.08505094051361084,0.05526817589998245
23.6,1450,5.956226348876953,0.10345857590436935,16.99770736694336,6.343026161193848,6460.716370634948,107.81690216064453,69.99641418457031,64.9215579032898,0.08509330451488495,0.055243901908397675
23.7,1450,5.963265895843506,0.10329148173332214,16.997459411621094,6.355618476867676,6460.640018226946,108.02936553955078,69.88253784179688,64.68846201896667,0.0853327065706253,0.05520041659474373
23.8,1450,5.9664082527160645,0.10331423580646515,16.997533798217773,6.362551212310791,6462.350661871873,108.1476821899414,69.91644287109375,64.64904546737671,0.08533626794815063,0.055169083178043365
23.9,1450,5.954047679901123,0.10368745774030685,16.99762535095215,6.350801944732666,6464.812007055017,107.94855499267578,70.19573974609375,65.02702832221985,0.08482064306735992,0.055156346410512924
24,1450,5.932766914367676,0.10344631969928741,16.99779510498047,6.3345818519592285,6466.633973676496,107.6739273071289,70.0522232055664,65.0596022605896,0.084690622985363,0.05509938299655914
24.1,1450,5.934991836547852,0.10262387245893478,16.99787712097168,6.335006237030029,6468.462934411686,107.68165588378906,69.51493072509766,64.55596685409546,0.08537722378969193,0.055116090923547745
24.2,1450,5.954281330108643,0.10235808789730072,16.997879028320312,6.318314552307129,6469.1460261840375,107.39794921875,69.34221649169922,64.56568241119385,0.08586805313825607,0.055441297590732574
24.3,1450,5.965584754943848,0.10260631144046783,16.997772216796875,6.319028377532959,6468.8178856824725,107.40940856933594,69.50685119628906,64.7120714187622,0.0858272910118103,0.05554061755537987
24.4,1450,5.959766864776611,0.10267984122037888,16.997880935668945,6.313843250274658,6466.586180566143,107.32195281982422,69.53266143798828,64.78885412216187,0.0857117548584938,0.055531665682792664
24.5,1450,5.957956314086914,0.1028921827673912,16.997671127319336,6.32771635055542,6463.038416386699,107.55644226074219,69.63822937011719,64.74575400352478,0.08555582165718079,0.0553937666118145
24.6,1450,5.978876113891602,0.10261596739292145,16.99761390686035,6.356993198394775,6461.780058761691,108.05371856689453,69.4377670288086,64.26226496696472,0.08610409498214722,0.05533244460821152
24.7,1450,6.000060081481934,0.10272998362779617,16.99757957458496,6.357728958129883,6462.014361570979,108.06600189208984,69.51744079589844,64.32868242263794,0.08631014078855515,0.05552218109369278
24.8,1450,5.997212886810303,0.1034361869096756,16.997543334960938,6.362757682800293,6461.833680300136,108.15125274658203,69.99337005615234,64.71803784370422,0.08568258583545685,0.05545208975672722
24.9,1450,5.984766006469727,0.10361140966415405,16.997596740722656,6.356714725494385,6462.023104213117,108.04887390136719,70.1139907836914,64.89099860191345,0.0853576511144638,0.05538943409919739
25,1450,5.9908037185668945,0.10311544686555862,16.99762535095215,6.371306419372559,6462.18338598564,108.29708099365234,69.78010559082031,64.43396806716919,0.08585260063409805,0.05531824007630348
25.1,1450,5.9925127029418945,0.10300114750862122,16.99765396118164,6.3735527992248535,6464.108515784344,108.33544158935547,69.72352600097656,64.3589198589325,0.08594678342342377,0.05531442537903786
25.2,1450,5.987483978271484,0.10313614457845688,16.997756958007812,6.352494716644287,6466.248714579631,107.97816467285156,69.83802032470703,64.67791199684143,0.08573387563228607,0.05545087903738022
25.3,1450,5.967075347900391,0.1031704843044281,16.997844696044922,6.34075403213501,6467.002330331894,107.7791519165039,69.86941528320312,64.82646465301514,0.08540325611829758,0.055363912135362625
25.4,1450,5.9514665603637695,0.10295724123716354,16.997798919677734,6.3216657638549805,6466.6118256497475,107.45440673828125,69.72079467773438,64.88407254219055,0.08536142855882645,0.05538597330451012
25.5,1450,5.956757068634033,0.10257799178361893,16.997711181640625,6.329672813415527,6465.764955048016,107.58995056152344,69.45487213134766,64.55516815185547,0.08576442301273346,0.055365364998579025
25.6,1450,5.96500825881958,0.1027262732386589,16.99761199951172,6.352039813995361,6465.016002038227,107.9695053100586,69.5472183227539,64.41375613212585,0.0857691839337349,0.05524715781211853
25.7,1450,5.955582618713379,0.10331912338733673,16.99767303466797,6.355865478515625,6464.644731168783,108.03491973876953,69.94456481933594,64.74255323410034,0.0851471796631813,0.055126458406448364
25.8,1450,5.937412261962891,0.10327708721160889,16.997875213623047,6.343271255493164,6464.310762239126,107.82213592529297,69.9124984741211,64.84058499336243,0.08492633700370789,0.055066730827093124
25.9,1450,5.947860240936279,0.10283070802688599,16.997840881347656,6.339837551116943,6463.476714179198,107.7635498046875,69.60134887695312,64.58709239959717,0.08545611053705215,0.055193617939949036
26,1500,5.968203067779541,0.10272733867168427,16.997732162475586,6.337655067443848,6463.77920959716,107.72576141357422,69.53462982177734,64.54781889915466,0.08583065122365952,0.055401816964149475
26.1,1500,6.003805637359619,0.10910610854625702,16.99176025390625,6.677975177764893,6488.4468658098485,113.47055053710938,74.13417053222656,65.33340215682983,0.0809856727719307,0.0529106929898262
26.2,1500,6.2474493980407715,0.12351417541503906,16.984766006469727,7.614801406860352,6633.791542819293,129.3356170654297,85.80393981933594,66.34207963943481,0.07281074672937393,0.04830416664481163
26.3,1500,6.648393630981445,0.12882313132286072,16.989595413208008,8.149784088134766,6836.422091014063,138.46153259277344,92.22557067871094,66.60735607147217,0.07208839803934097,0.048016179352998734
26.4,1500,6.934979438781738,0.12931184470653534,16.99378776550293,8.342216491699219,6990.947707953622,141.76585388183594,94.66795349121094,66.77768230438232,0.07325582951307297,0.04891854524612427
26.5,1500,7.11232852935791,0.12864673137664795,16.995800018310547,8.405179023742676,7088.246320831581,142.8527374267578,95.4918212890625,66.84633493423462,0.07448102533817291,0.04978783428668976
26.6,1500,7.20950174331665,0.12785975635051727,16.996707916259766,8.405054092407227,7144.759342451943,142.85824584960938,95.66434478759766,66.96451902389526,0.07536247372627258,0.05046612024307251
26.7,1500,7.253300189971924,0.12706594169139862,16.997024536132812,8.403267860412598,7175.5818187295135,142.83055114746094,95.48054504394531,66.84882640838623,0.0759662613272667,0.05078255385160446
26.8,1500,7.285937309265137,0.12680195271968842,16.99702262878418,8.395281791687012,7190.68502444365,142.69479370117188,95.48272705078125,66.9139564037323,0.07630633562803268,0.05105958878993988
26.9,1500,7.296431064605713,0.12644462287425995,16.997133255004883,8.380247116088867,7197.9431659463,142.44017028808594,95.30976104736328,66.91213846206665,0.07655491679906845,0.05122452974319458
27,1500,7.297077178955078,0.12628056108951569,16.997156143188477,8.375971794128418,7202.810486245715,142.36770629882812,95.2504653930664,66.90454483032227,0.07660935819149017,0.05125514417886734
27.1,1500,7.3055853843688965,0.12621276080608368,16.997154235839844,8.385083198547363,7205.018877649677,142.52255249023438,95.228515625,66.81645512580872,0.0767163634300232,0.051259152591228485
27.2,1500,7.31903600692749,0.12628835439682007,16.99703598022461,8.388845443725586,7205.227535375361,142.58551025390625,95.2883071899414,66.82888865470886,0.07680938392877579,0.05133085325360298
27.3,1500,7.331172466278076,0.1265200972557068,16.99694061279297,8.390669822692871,7203.390414840844,142.61572265625,95.43882751464844,66.92027449607849,0.0768154114484787,0.051405079662799835
27.4,1500,7.338333606719971,0.12672238051891327,16.99693489074707,8.401022911071777,7203.431796680295,142.79164123535156,95.59196472167969,66.94507002830505,0.07676726579666138,0.05139189958572388
27.5,1500,7.311739921569824,0.12645472586154938,16.99714469909668,8.379348754882812,7203.931292967757,142.4250030517578,95.39667510986328,66.98028445243835,0.07664564996957779,0.05133747309446335
27.6,1500,7.285191535949707,0.12607978284358978,16.997238159179688,8.364212989807129,7207.521604672272,142.16851806640625,95.16122436523438,66.93550944328308,0.07655630260705948,0.05124335363507271
27.7,1500,7.272824764251709,0.12563252449035645,16.99732208251953,8.343023300170898,7209.574959888993,141.80905151367188,94.85066223144531,66.88618063926697,0.07667658478021622,0.051286038011312485
27.8,1500,7.268941402435303,0.1255023330450058,16.997194290161133,8.353482246398926,7209.310932096438,141.9857635498047,94.7489013671875,66.73126816749573,0.07671795040369034,0.05119486153125763
27.9,1500,7.2631516456604,0.12562862038612366,16.99709701538086,8.360764503479004,7208.224513100136,142.1087188720703,94.82994842529297,66.7305588722229,0.07659132778644562,0.05110982060432434
28,1500,7.255603313446045,0.12573641538619995,16.997045516967773,8.355521202087402,7206.920693736013,142.01918029785156,94.89414978027344,66.81784391403198,0.07645996659994125,0.05108889937400818
28.1,1500,7.253014087677002,0.12583066523075104,16.9970645904541,8.337980270385742,7206.951584404899,141.72119140625,94.96569061279297,67.00881123542786,0.07637510448694229,0.05117804929614067
28.2,1500,7.279707908630371,0.12620039284229279,16.996912002563477,8.34530258178711,7204.789237582862,141.84437561035156,95.21614837646484,67.12719202041626,0.07645455002784729,0.05132179707288742
28.3,1500,7.313655853271484,0.12652307748794556,16.99688148498535,8.349345207214355,7200.349141062571,141.91282653808594,95.4007797241211,67.22491383552551,0.07666243612766266,0.051536254584789276
28.4,1500,7.328272819519043,0.12708812952041626,16.996671676635742,8.374672889709473,7197.962399759002,142.34156799316406,95.79507446289062,67.29943752288818,0.07649947702884674,0.05148371681571007
28.5,1500,7.311129093170166,0.12716399133205414,16.996984481811523,8.375836372375488,7199.027836414173,142.3639678955078,95.86644744873047,67.33898520469666,0.07626369595527649,0.05135519430041313
28.6,1500,7.300271987915039,0.12718994915485382,16.9969539642334,8.376809120178223,7200.209841631178,142.38023376464844,95.9017562866211,67.35608577728271,0.07612240314483643,0.05127307027578354
28.7,1500,7.291694641113281,0.12720966339111328,16.997127532958984,8.36720085144043,7202.461363403019,142.2183837890625,95.94661712646484,67.46428608894348,0.07599741220474243,0.051271114498376846
28.8,1500,7.278817176818848,0.12718534469604492,16.99725914001465,8.373818397521973,7205.366834806754,142.3319549560547,95.96697235107422,67.42475032806396,0.07584711164236069,0.051139723509550095
28.9,1500,7.265787601470947,0.12684118747711182,16.997373580932617,8.358050346374512,7208.597532498008,142.06491088867188,95.75019836425781,67.39891171455383,0.07588274031877518,0.05114414170384407
29,1500,7.250868320465088,0.12656700611114502,16.997426986694336,8.343807220458984,7210.272039888766,141.82325744628906,95.56542205810547,67.38346219062805,0.07587334513664246,0.051126088947057724
29.1,1500,7.226249694824219,0.12618675827980042,16.997451782226562,8.324105262756348,7211.142224202863,141.4885711669922,95.28981018066406,67.34805703163147,0.07583444565534592,0.05107302591204643
29.2,1500,7.235065460205078,0.12605857849121094,16.997364044189453,8.321084022521973,7210.119335072763,141.43649291992188,95.17951202392578,67.29487776756287,0.076014943420887,0.05115416273474693
29.3,1500,7.245458126068115,0.12596122920513153,16.997255325317383,8.320311546325684,7206.807622231033,141.42245483398438,95.06232452392578,67.21869111061096,0.07621797919273376,0.051232725381851196
29.4,1500,7.256993293762207,0.12624497711658478,16.99706268310547,8.328179359436035,7203.857854773802,141.55458068847656,95.23747253417969,67.27967858314514,0.07619892805814743,0.051266394555568695
29.5,1500,7.283545970916748,0.126767098903656,16.996891021728516,8.34872055053711,7199.854307517582,141.9022979736328,95.57820892333984,67.35494136810303,0.07620508968830109,0.051327895373106
29.6,1500,7.311879634857178,0.12725993990898132,16.99677085876465,8.37081527709961,7195.737105913574,142.27682495117188,95.8949203491211,67.40024089813232,0.07624886929988861,0.05139192193746567
29.7,1500,7.346472263336182,0.12780332565307617,16.99677848815918,8.393119812011719,7194.3406145427925,142.656005859375,96.28569793701172,67.49501824378967,0.07629869133234024,0.051497817039489746
29.8,1500,7.374012470245361,0.12829995155334473,16.99677848815918,8.42676830291748,7194.411721365512,143.22792053222656,96.66080474853516,67.48740673065186,0.07628751546144485,0.05148446559906006
29.9,1500,7.383157253265381,0.12859928607940674,16.99690055847168,8.454421043395996,7196.702876448377,143.69895935058594,96.91717529296875,67.44459271430969,0.07618007063865662,0.05137933790683746
30,1500,7.394744873046875,0.128862202167511,16.996950149536133,8.460089683532715,7198.534751397611,143.79571533203125,97.1400375366211,67.55419373512268,0.07612457871437073,0.05142534524202347
30.1,1500,7.398197174072266,0.1288764923810959,16.997051239013672,8.463285446166992,7200.254137684676,143.85089111328125,97.17401885986328,67.55189895629883,0.07613348960876465,0.0514296218752861
30.2,1500,7.383083343505859,0.12873083353042603,16.997106552124023,8.462851524353027,7201.556791363181,143.843994140625,97.08174896240234,67.49100089073181,0.07605016976594925,0.051327019929885864
30.3,1500,7.374326229095459,0.12861235439777374,16.997135162353516,8.461075782775879,7204.007645375759,143.8140411376953,97.02540588378906,67.46587753295898,0.07600407302379608,0.05127681419253349
30.4,1500,7.374671459197998,0.12835824489593506,16.997220993041992,8.457049369812012,7204.618464639774,143.746337890625,96.8419189453125,67.37000346183777,0.07615164667367935,0.05130336806178093
30.5,1500,7.367178440093994,0.12832219898700714,16.99711036682129,8.450881004333496,7204.8801610610935,143.64056396484375,96.8182373046875,67.40313172340393,0.07609287649393082,0.05128898471593857
30.6,1500,7.364988327026367,0.12827421724796295,16.997047424316406,8.450658798217773,7205.209467248277,143.63624572753906,96.78646087646484,67.38303303718567,0.07609523832798004,0.05127527564764023
30.7,1500,7.349663734436035,0.12808836996555328,16.997116088867188,8.449758529663086,7206.169992197796,143.62152099609375,96.65911865234375,67.30127334594727,0.07603694498538971,0.05117383226752281
30.8,1500,7.322262287139893,0.1278800517320633,16.99718475341797,8.431822776794434,7208.295619922856,143.31724548339844,96.53038024902344,67.35433340072632,0.07585448771715164,0.051091283559799194
30.9,1500,7.289550304412842,0.12754666805267334,16.997222900390625,8.434404373168945,7210.04997677847,143.3614501953125,96.30215454101562,67.17437505722046,0.07569456845521927,0.05084735155105591
31,1550,7.277825355529785,0.12724259495735168,16.997236251831055,8.40735149383545,7209.410598216806,142.9017333984375,96.06404876708984,67.22384691238403,0.0757601335644722,0.05092887952923775
31.1,1550,7.341788291931152,0.13393379747867584,16.99003791809082,8.817208290100098,7232.738881654012,149.80470275878906,101.44288635253906,67.7167534828186,0.07237361371517181,0.049009062349796295
31.2,1550,7.643807888031006,0.14800161123275757,16.982053756713867,9.894715309143066,7375.5435297010745,168.0325927734375,114.311279296875,68.02923083305359,0.066868357360363,0.04549003392457962
31.3,1550,8.069666862487793,0.1539429873228073,16.987071990966797,10.510672569274902,7570.7521575638175,178.54554748535156,122.04712677001953,68.35629343986511,0.06611926853656769,0.04519668221473694
31.4,1550,8.365578651428223,0.15560100972652435,16.991619110107422,10.763559341430664,7719.559503702566,182.8903045654297,125.78636169433594,68.77694129943848,0.06650624424219131,0.045740965753793716
31.5,1550,8.599562644958496,0.156499445438385,16.993732452392578,10.900721549987793,7812.930921732309,185.2439422607422,128.04287719726562,69.12121772766113,0.06716158986091614,0.04642290621995926
31.6,1550,8.769087791442871,0.15654295682907104,16.994457244873047,10.969954490661621,7865.608254825493,186.4284210205078,128.9420166015625,69.16435360908508,0.06800799071788788,0.047037288546562195
31.7,1550,8.867724418640137,0.15617358684539795,16.994943618774414,11.01895809173584,7894.292280836203,187.26657104492188,129.1068878173828,68.94283890724182,0.0686851367354393,0.047353483736515045
31.8,1550,8.91641902923584,0.15654721856117249,16.995121002197266,11.064390182495117,7909.600647219169,188.0406494140625,129.66671752929688,68.9567506313324,0.06876412779092789,0.04741750657558441
31.9,1550,8.948532104492188,0.1576095074415207,16.99538230895996,11.09154987335205,7919.960095309435,188.505126953125,130.71759033203125,69.34431195259094,0.0684569850564003,0.047471027821302414
32,1550,8.993976593017578,0.1580633521080017,16.995487213134766,11.117405891418457,7924.87754009044,188.9457244873047,131.17538452148438,69.42490339279175,0.0685645118355751,0.047600846737623215
32.1,1550,9.031074523925781,0.1580549031496048,16.995267868041992,11.152779579162598,7928.1204774806865,189.5444793701172,131.22206115722656,69.23021674156189,0.06882283836603165,0.04764620214700699
32.2,1550,9.0524263381958,0.15800480544567108,16.995283126831055,11.190033912658691,7929.989654369709,190.17779541015625,131.21139526367188,68.99406313896179,0.06899116188287735,0.047599807381629944
32.3,1550,9.052542686462402,0.1590273380279541,16.995277404785156,11.242856979370117,7931.574986810663,191.07546997070312,132.08692932128906,69.12814378738403,0.0685347318649292,0.04737678915262222
32.4,1550,9.094523429870605,0.16009855270385742,16.995336532592773,11.278100967407227,7933.3683941344925,191.6751251220703,133.00674438476562,69.39175724983215,0.06837641447782516,0.04744759574532509
32.5,1550,9.134427070617676,0.1599751114845276,16.99535369873047,11.297744750976562,7934.384871993693,192.00917053222656,132.9212188720703,69.22649145126343,0.06872060894966125,0.047572869807481766
32.6,1550,9.153697967529297,0.15946510434150696,16.99555015563965,11.310502052307129,7935.675285973205,192.22821044921875,132.51901245117188,68.93838047981262,0.0690746083855629,0.04761891067028046
32.7,1550,9.149829864501953,0.1597614586353302,16.99554443359375,11.323515892028809,7937.2804350696715,192.44931030273438,132.79212951660156,69.00109648704529,0.06890340149402618,0.04754410311579704
32.8,1550,9.150238990783691,0.16050289571285248,16.99586296081543,11.327811241149902,7940.4872362057495,192.5259246826172,133.46231079101562,69.32173371315002,0.06856047362089157,0.04752730950713158
32.9,1550,9.167859077453613,0.16042450070381165,16.995710372924805,11.333715438842773,7941.826608981231,192.62454223632812,133.4196319580078,69.26408410072327,0.06871446967124939,0.047594450414180756
33,1550,9.15131950378418,0.1595667451620102,16.9958438873291,11.323671340942383,7943.481299716478,192.45535278320312,132.73390197753906,68.96867752075195,0.06894484907388687,0.047550350427627563
33.1,1550,9.104164123535156,0.15950673818588257,16.99588966369629,11.300976753234863,7945.9455591136675,192.07015991210938,132.72515869140625,69.10243630409241,0.06859411299228668,0.047400202602148056
33.2,1550,9.073798179626465,0.15972234308719635,16.99614715576172,11.28348445892334,7949.985242624055,191.7757568359375,132.9721221923828,69.33729648590088,0.06823834776878357,0.04731462523341179
33.3,1550,9.047202110290527,0.1588032990694046,16.99633026123047,11.238241195678711,7953.249745198242,191.0088653564453,132.26129150390625,69.24353837966919,0.06840400397777557,0.047365352511405945
33.4,1550,8.99959945678711,0.15737195312976837,16.99639129638672,11.192574501037598,7956.290436133704,190.23338317871094,131.11929321289062,68.9254879951477,0.06863673031330109,0.04730820283293724
33.5,1550,8.982961654663086,0.15729652345180511,16.99629020690918,11.171638488769531,7953.103451653138,189.87640380859375,131.0039520263672,68.9943253993988,0.06857015937566757,0.0473095178604126
33.6,1550,9.002607345581055,0.15822280943393707,16.995874404907227,11.184046745300293,7948.373099413879,190.08265686035156,131.697021484375,69.28408145904541,0.06835847347974777,0.04736154153943062
33.7,1550,9.01554012298584,0.15768678486347198,16.995878219604492,11.177534103393555,7946.143725668787,189.97201538085938,131.21405029296875,69.07020211219788,0.06870865076780319,0.04745720326900482
33.8,1550,9.019765853881836,0.15748530626296997,16.99563217163086,11.189205169677734,7943.520933027502,190.16761779785156,131.00314331054688,68.88824701309204,0.0688515231013298,0.0474306084215641
33.9,1550,9.017373085021973,0.15789858996868134,16.995662689208984,11.183037757873535,7943.14091951592,190.06314086914062,131.34063720703125,69.10368800163269,0.06865637749433517,0.047444093972444534
34,1550,9.059038162231445,0.1586473137140274,16.99577522277832,11.186760902404785,7941.223366673737,190.12767028808594,131.93157958984375,69.39104199409485,0.06866466999053955,0.047647129744291306
34.1,1550,9.10177993774414,0.15876156091690063,16.99542808532715,11.211742401123047,7939.013226741347,190.54835510253906,131.98983764648438,69.26842331886292,0.06895818561315536,0.047766245901584625
34.2,1550,9.112226486206055,0.15839150547981262,16.99553108215332,11.230916976928711,7937.714652962506,190.87539672851562,131.66064453125,68.97727251052856,0.06920994818210602,0.04773913696408272
34.3,1550,9.090813636779785,0.15859103202819824,16.995532989501953,11.232205390930176,7937.367278648238,190.89732360839844,131.82073974609375,69.05321478843689,0.06896346062421799,0.047621484845876694
34.4,1550,9.098231315612793,0.159353107213974,16.99559211730957,11.242591857910156,7939.20847908242,191.0745086669922,132.48489379882812,69.33677196502686,0.06867372989654541,0.047616146504879
34.5,1550,9.124161720275879,0.15928177535533905,16.99567413330078,11.2457857131958,7939.175839885106,191.1297149658203,132.425048828125,69.28543448448181,0.06890057772397995,0.04773806035518646
34.6,1550,9.150067329406738,0.1589437574148178,16.995513916015625,11.265876770019531,7938.757358748119,191.4693603515625,132.13705444335938,69.01211142539978,0.0692467913031578,0.047788675874471664
34.7,1550,9.175031661987305,0.1593392938375473,16.9953556060791,11.307385444641113,7937.151043966034,192.17303466796875,132.43907165527344,68.91657710075378,0.06927737593650818,0.04774359613656998
34.8,1550,9.196759223937988,0.16032736003398895,16.995473861694336,11.331121444702148,7934.494446441818,192.57777404785156,133.21572875976562,69.17502880096436,0.0690365880727768,0.047756075859069824
34.9,1550,9.253615379333496,0.16141512989997864,16.995195388793945,11.369355201721191,7932.044175272048,193.2244110107422,134.07814025878906,69.38985586166382,0.06901658326387405,0.04789050668478012
35,1550,9.269853591918945,0.16117632389068604,16.995357513427734,11.397353172302246,7932.6305151380775,193.70208740234375,133.88967895507812,69.1214382648468,0.06923501193523407,0.04785623773932457
35.1,1550,9.260523796081543,0.16075459122657776,16.995460510253906,11.429548263549805,7933.475054368571,194.2504425048828,133.55355834960938,68.75328421592712,0.06933940201997757,0.047673117369413376
35.2,1550,9.243969917297363,0.16145718097686768,16.99560546875,11.440224647521973,7937.318902695077,194.4335479736328,134.20225524902344,69.02217268943787,0.06888088583946228,0.047543082386255264
35.3,1550,9.247519493103027,0.16166388988494873,16.9959716796875,11.42354679107666,7941.439018513131,194.15428161621094,134.44381713867188,69.24586892127991,0.06878352165222168,0.04762974753975868
35.4,1550,9.24625301361084,0.16096830368041992,16.99579429626465,11.420232772827148,7945.502598578695,194.09593200683594,133.93385314941406,69.00394558906555,0.06903596967458725,0.04763754457235336
35.5,1550,9.218758583068848,0.16018132865428925,16.99582862854004,11.39638900756836,7947.579850350593,193.69107055664062,133.3138885498047,68.82810592651367,0.06915076822042465,0.04759516566991806
35.6,1550,9.178557395935059,0.16043621301651,16.99604034423828,11.382747650146484,7950.818124998365,193.46163940429688,133.58042907714844,69.04750466346741,0.06871183961629868,0.04744381085038185
35.7,1550,9.180465698242188,0.16057415306568146,16.996000289916992,11.368117332458496,7952.080562523038,193.2125244140625,133.7165069580078,69.20695900917053,0.06865618377923965,0.04751485958695412
35.8,1550,9.187238693237305,0.15974536538124084,16.99589729309082,11.34716796875,7951.852088141841,192.8553009033203,133.02252197265625,68.9752995967865,0.06906528770923615,0.04763798788189888
35.9,1550,9.169376373291016,0.1591782569885254,16.99587631225586,11.347577095031738,7949.760848142523,192.8620147705078,132.5154266357422,68.70996356010437,0.06919478625059128,0.047543711960315704
36,1600,9.147553443908691,0.15993104875087738,16.995765686035156,11.344051361083984,7947.700498812092,192.80084228515625,133.1076202392578,69.03891563415527,0.06872299313545227,0.04744561016559601
36.1,1600,9.207601547241211,0.16673551499843597,16.988039016723633,11.813860893249512,7971.913537633624,200.6943359375,139.19361877441406,69.35603022575378,0.06614959985017776,0.045878734439611435
36.2,1600,9.489639282226562,0.18123739957809448,16.97882843017578,13.014110565185547,8112.577404042589,220.96435546875,153.96971130371094,69.68079209327698,0.0616331547498703,0.0429464727640152
36.3,1600,9.965511322021484,0.18786342442035675,16.983964920043945,13.739326477050781,8300.596083011356,233.34823608398438,163.2977294921875,69.98026967048645,0.061026640236377716,0.042706605046987534
36.4,1600,10.314453125,0.18868522346019745,16.98828887939453,14.11024284362793,8442.55269477107,239.70887756347656,166.81698608398438,69.59149241447449,0.061830949038267136,0.04302908107638359
36.5,1600,10.498894691467285,0.190066397190094,16.99110984802246,14.27260971069336,8536.177649422802,242.50747680664062,169.90158081054688,70.06034255027771,0.0617939792573452,0.04329307749867439
36.6,1600,10.697530746459961,0.1905108094215393,16.992229461669922,14.369829177856445,8593.354529002812,244.17543029785156,171.4395294189453,70.21161913871765,0.0623982734978199,0.04381084069609642
36.7,1600,10.777260780334473,0.19029316306114197,16.992706298828125,14.448246955871582,8626.48855986157,245.5148162841797,171.90394592285156,70.01774907112122,0.0626935064792633,0.04389657825231552
36.8,1600,10.901646614074707,0.19180253148078918,16.992931365966797,14.501996040344238,8643.056449555163,246.43142700195312,173.60023498535156,70.44565677642822,0.0627974197268486,0.044238053262233734
36.9,1600,10.928977012634277,0.19099780917167664,16.992815017700195,14.571767807006836,8652.922229786058,247.6153564453125,173.0692138671875,69.89437341690063,0.06314801424741745,0.04413691163063049
37,1600,10.933850288391113,0.19294364750385284,16.993318557739258,14.603399276733398,8662.858533996863,248.16021728515625,175.0331573486328,70.53232192993164,0.062467310577631,0.044059641659259796
37.1,1600,10.906838417053223,0.19076713919639587,16.993881225585938,14.582326889038086,8673.952364026689,247.81033325195312,173.28030395507812,69.92456912994385,0.06294332444667816,0.044012848287820816
37.2,1600,10.880023002624512,0.19168418645858765,16.994287490844727,14.55051040649414,8683.108824558818,247.2755584716797,174.29708862304688,70.48698663711548,0.062422286719083786,0.04399958997964859
37.3,1600,10.8402738571167,0.1893426477909088,16.994295120239258,14.512707710266113,8688.21977315247,246.63323974609375,172.269287109375,69.84836459159851,0.06292632967233658,0.04395301267504692
37.4,1600,10.818504333496094,0.19137470424175262,16.9943904876709,14.477836608886719,8690.288865125038,246.04200744628906,174.15957641601562,70.78449130058289,0.06211834400892258,0.043970152735710144
37.5,1600,10.765310287475586,0.18897047638893127,16.994319915771484,14.430219650268555,8692.409247264815,245.2317657470703,172.01358032226562,70.14327049255371,0.06258407235145569,0.04389851540327072
37.6,1600,10.757735252380371,0.1903332769870758,16.994264602661133,14.415241241455078,8691.69176776672,244.97642517089844,173.2397918701172,70.7169234752655,0.06209736689925194,0.0439133495092392
37.7,1600,10.76070785522461,0.18888422846794128,16.993879318237305,14.412994384765625,8688.915687466624,244.9326934814453,171.865966796875,70.16865611076355,0.06261104345321655,0.04393332824110985
37.8,1600,10.744012832641602,0.1904507428407669,16.993906021118164,14.415913581848145,8686.70088479176,244.98268127441406,173.24717712402344,70.71813344955444,0.06201551482081413,0.043856214731931686
37.9,1600,10.73025894165039,0.18869276344776154,16.99393081665039,14.413777351379395,8685.87441368835,244.9467315673828,171.6316680908203,70.06897330284119,0.06251911073923111,0.04380650073289871
38,1600,10.718985557556152,0.19017547369003296,16.994001388549805,14.398225784301758,8683.80590455859,244.6834716796875,172.93911743164062,70.6787109375,0.06198126822710037,0.043807558715343475
38.1,1600,10.737945556640625,0.188919797539711,16.99364471435547,14.415823936462402,8683.590835562007,244.97738647460938,171.79298400878906,70.12606263160706,0.06250514090061188,0.04383239522576332
38.2,1600,10.752763748168945,0.19046257436275482,16.99371910095215,14.432487487792969,8680.65155927534,245.2616424560547,173.1372833251953,70.59289216995239,0.06210542097687721,0.04384201392531395
38.3,1600,10.789443969726562,0.18994545936584473,16.99358558654785,14.44495677947998,8676.968575564166,245.4716033935547,172.5939483642578,70.31116485595703,0.06251345574855804,0.04395393654704094
38.4,1600,10.771503448486328,0.19097378849983215,16.993558883666992,14.471660614013672,8675.996393758463,245.92501831054688,173.50889587402344,70.55357694625854,0.06208040937781334,0.043799951672554016
38.5,1600,10.80644416809082,0.19087977707386017,16.993118286132812,14.489025115966797,8676.208548541003,246.21371459960938,173.42771911621094,70.43787837028503,0.06231093779206276,0.04389050230383873
38.6,1600,10.748610496520996,0.1905379742383957,16.992948532104492,14.489048957824707,8679.470719743953,246.211669921875,173.18226623535156,70.33877372741699,0.06206531077623367,0.04365597665309906
38.7,1600,10.784903526306152,0.19033078849315643,16.992677688598633,14.474528312683105,8682.033479575892,245.96099853515625,173.04502868652344,70.35466432571411,0.06232426315546036,0.04384802281856537
38.8,1600,10.75023078918457,0.18984797596931458,16.992534637451172,14.469205856323242,8681.662208706448,245.8684844970703,172.5986785888672,70.19959688186646,0.062284547835588455,0.04372350126504898
38.9,1600,10.803271293640137,0.1907462626695633,16.992443084716797,14.48066234588623,8680.526248071366,246.06182861328125,173.3926544189453,70.46710848808289,0.06230523809790611,0.04390470311045647
39,1600,10.781671524047852,0.1900644451379776,16.992095947265625,14.502898216247559,8679.178132653746,246.43463134765625,172.7460479736328,70.09811401367188,0.06241342052817345,0.04375063255429268
39.1,1600,10.833999633789062,0.191594198346138,16.99222183227539,14.515172004699707,8678.742166232483,246.64501953125,174.12765502929688,70.5984890460968,0.062218718230724335,0.04392547532916069
39.2,1600,10.800494194030762,0.18995162844657898,16.992412567138672,14.517977714538574,8679.575048606794,246.69546508789062,172.65139770507812,69.98564004898071,0.06255665421485901,0.043780677020549774
39.3,1600,10.84023380279541,0.19156710803508759,16.99220085144043,14.52635383605957,8679.892697937794,246.834716796875,174.12611389160156,70.54360508918762,0.062255069613456726,0.0439169742166996
39.4,1600,10.844144821166992,0.1904057115316391,16.992156982421875,14.538565635681152,8679.998192486255,247.04159545898438,173.0725555419922,70.05806565284729,0.06265664100646973,0.04389603063464165
39.5,1600,10.88469123840332,0.19244201481342316,16.992107391357422,14.564352989196777,8676.442851350292,247.4790496826172,174.8518524169922,70.65319418907166,0.06225093826651573,0.04398227483034134
39.6,1600,10.901308059692383,0.19131620228290558,16.991891860961914,14.598310470581055,8673.424891284385,248.05291748046875,173.7684783935547,70.05298733711243,0.06273467093706131,0.04394751042127609
39.7,1600,10.90632438659668,0.19334428012371063,16.991945266723633,14.621838569641113,8672.523233458593,248.45347595214844,175.59228515625,70.67410945892334,0.062111638486385345,0.04389684647321701
39.8,1600,10.927434921264648,0.19223856925964355,16.99193000793457,14.647401809692383,8673.775762655509,248.8876190185547,174.61331176757812,70.15748620033264,0.06258077174425125,0.043905094265937805
39.9,1600,10.905651092529297,0.19350628554821014,16.992300033569336,14.649459838867188,8677.251254326617,248.9280242919922,175.83522033691406,70.63697576522827,0.062021996825933456,0.04381046071648598
40,1600,10.911052703857422,0.19262421131134033,16.992223739624023,14.66115951538086,8680.433576064708,249.12570190429688,175.09788513183594,70.28495669364929,0.06231401488184929,0.04379737749695778
40.1,1600,10.854104995727539,0.1928456872701645,16.99269676208496,14.623550415039062,8685.510136932617,248.49356079101562,175.4017333984375,70.58602571487427,0.061881400644779205,0.043679624795913696
40.2,1600,10.869661331176758,0.19163185358047485,16.992826461791992,14.583062171936035,8688.137009473567,247.8074493408203,174.3504180908203,70.3572154045105,0.062343765050172806,0.043863337486982346
40.3,1600,10.842713356018066,0.19211354851722717,16.99250602722168,14.573372840881348,8687.942339975303,247.63812255859375,174.7847442626953,70.5807089805603,0.06203466281294823,0.04378450661897659
40.4,1600,10.910093307495117,0.1921142190694809,16.99238395690918,14.585284233093262,8684.991406832452,247.8387451171875,174.7259979248047,70.49986720085144,0.062441159039735794,0.04402093589305878
40.5,1600,10.86996841430664,0.19211439788341522,16.99233627319336,14.578110694885254,8682.130814325024,247.71615600585938,174.66860961914062,70.51159143447876,0.06223195046186447,0.04388073831796646
40.6,1600,10.909111022949219,0.1922328770160675,16.99224853515625,14.592120170593262,8682.612242485402,247.9529266357422,174.78602600097656,70.49161195755005,0.06241409480571747,0.043996699154376984
40.7,1600,10.888880729675293,0.19190892577171326,16.99236488342285,14.598727226257324,8682.979433455183,248.06689453125,174.4988555908203,70.34346461296082,0.06240087375044823,0.0438949353992939
40.8,1600,10.9437255859375,0.19281812012195587,16.992145538330078,14.617349624633789,8679.885703824084,248.380126953125,175.26309204101562,70.56244611740112,0.06244169920682907,0.04406039044260979
40.9,1600,10.859968185424805,0.19186225533485413,16.99216651916504,14.616466522216797,8680.327498673438,248.3654327392578,174.40313720703125,70.22036910057068,0.062269341200590134,0.04372576251626015
41,1650,10.850067138671875,0.19271220266819,16.99263572692871,14.586444854736328,8685.964171480964,247.8621368408203,175.28948974609375,70.72055339813232,0.061897993087768555,0.04377460479736328
41.1,1650,10.882113456726074,0.19803620874881744,16.983802795410156,15.094483375549316,8711.369123847258,256.3617248535156,180.6590118408203,70.47035098075867,0.060235653072595596,0.04244827479124069
41.2,1650,11.233911514282227,0.21241003274917603,16.9727725982666,16.483631134033203,8843.893007583292,279.7729187011719,196.71937561035156,70.31394243240356,0.05710627883672714,0.04015367850661278
41.3,1650,11.768145561218262,0.22186815738677979,16.97795295715332,17.373933792114258,9023.692437257083,294.97381591796875,209.65628051757812,71.07623219490051,0.05613065883517265,0.03989555686712265
41.4,1650,12.074090003967285,0.221840038895607,16.98306655883789,17.836843490600586,9164.57312119106,302.9242858886719,212.9025115966797,70.28241753578186,0.056711822748184204,0.039858438074588776
41.5,1650,12.347143173217773,0.22542499005794525,16.986318588256836,18.079212188720703,9260.253762430752,307.0992431640625,218.60171508789062,71.18275761604309,0.05648237094283104,0.040205709636211395
41.6,1650,12.395424842834473,0.22516325116157532,16.988067626953125,18.216033935546875,9322.031020303575,309.4552307128906,219.80455017089844,71.02952003479004,0.05639294162392616,0.04005563259124756
41.7,1650,12.494318962097168,0.22345715761184692,16.988758087158203,18.303186416625977,9359.875003903271,310.9483947753906,219.02462768554688,70.43761014938354,0.05704526975750923,0.040181323885917664
41.8,1650,12.647543907165527,0.22618013620376587,16.98928451538086,18.356340408325195,9380.431286940044,311.861083984375,222.1804656982422,71.24341130256653,0.056924641132354736,0.04055505618453026
41.9,1650,12.655765533447266,0.22677752375602722,16.989341735839844,18.42179298400879,9390.573917505297,312.9741516113281,223.00816345214844,71.25450372695923,0.056750234216451645,0.04043709859251976
42,1650,12.695745468139648,0.22515533864498138,16.989233016967773,18.497848510742188,9396.148808975051,314.2642517089844,221.5443878173828,70.49620747566223,0.057305652648210526,0.040398310869932175
42.1,1650,12.813942909240723,0.22815965116024017,16.989421844482422,18.542354583740234,9400.210640512187,315.0238952636719,224.59756469726562,71.29541039466858,0.05705290287733078,0.04067609831690788
42.2,1650,12.807144165039062,0.22898969054222107,16.989574432373047,18.594202041625977,9402.41028927401,315.9075927734375,225.46739196777344,71.37131690979004,0.056802645325660706,0.040540795773267746
42.3,1650,12.787149429321289,0.22668473422527313,16.98949432373047,18.633718490600586,9405.464385594085,316.57745361328125,223.2703857421875,70.5263078212738,0.05727203190326691,0.04039185121655464
42.4,1650,12.873926162719727,0.22828206419944763,16.98965072631836,18.663414001464844,9409.092582081195,317.08489990234375,224.93040466308594,70.93696594238281,0.05723515525460243,0.04060088098049164
42.5,1650,12.854284286499023,0.22982878983020782,16.989994049072266,18.680479049682617,9412.488807130256,317.3812255859375,226.53614807128906,71.37666940689087,0.056742750108242035,0.04050108417868614
42.6,1650,12.78763198852539,0.2272683084011078,16.990272521972656,18.6751708984375,9416.945806092011,317.2962341308594,224.11842346191406,70.6338107585907,0.05705747753381729,0.04030187055468559
42.7,1650,12.770821571350098,0.22654812037944794,16.990510940551758,18.66012954711914,9423.170567293995,317.0451354980469,223.55589294433594,70.5123245716095,0.05712585523724556,0.040280766785144806
42.8,1650,12.803253173828125,0.2280711829662323,16.99076271057129,18.633888244628906,9426.726491272768,316.6039733886719,225.14376831054688,71.1121141910553,0.05686701089143753,0.04043933376669884
42.9,1650,12.762160301208496,0.227822944521904,16.990541458129883,18.62329864501953,9425.626666891856,316.419921875,224.8724822998047,71.06773853302002,0.056752875447273254,0.04033298417925835
43,1650,12.739416122436523,0.22519159317016602,16.99036979675293,18.628711700439453,9422.942675755607,316.5086975097656,222.2119140625,70.20720839500427,0.05733003094792366,0.040249813348054886
43.1,1650,12.833114624023438,0.22722133994102478,16.99026870727539,18.63763427734375,9421.024540070614,316.6584167480469,224.16915893554688,70.79210877418518,0.057247456163167953,0.040526680648326874
43.2,1650,12.873250007629395,0.22847327589988708,16.990074157714844,18.64940643310547,9416.561129837957,316.85479736328125,225.2974853515625,71.10433578491211,0.057138897478580475,0.040628232061862946
43.3,1650,12.870238304138184,0.22722497582435608,16.989656448364258,18.69709014892578,9412.222447966462,317.6571350097656,223.9633026123047,70.50473093986511,0.05746583640575409,0.04051613062620163
43.4,1650,12.966071128845215,0.22844335436820984,16.989439010620117,18.759462356567383,9409.171265860434,318.7127380371094,225.09120178222656,70.62510251998901,0.057603634893894196,0.04068262502551079
43.5,1650,12.980925559997559,0.23122163116931915,16.989748001098633,18.792617797851562,9408.698580342194,319.2818298339844,227.8172607421875,71.35303020477295,0.056979551911354065,0.04065663740038872
43.6,1650,12.922629356384277,0.2292194366455078,16.98979377746582,18.82207489013672,9410.59281947201,319.7831726074219,225.8900146484375,70.63849568367004,0.0572076141834259,0.0404105968773365
43.7,1650,12.95533561706543,0.22856798768043518,16.989990234375,18.827198028564453,9414.530505490793,319.8739013671875,225.34228515625,70.44722437858582,0.057491809129714966,0.04050138220191002
43.8,1650,12.979923248291016,0.23058167099952698,16.990297317504883,18.818675994873047,9418.344045991222,319.7348937988281,227.4196319580078,71.1275577545166,0.05707477033138275,0.040595892816782
43.9,1650,12.917632102966309,0.22993451356887817,16.990459442138672,18.818958282470703,9421.958837093722,319.74273681640625,226.86839294433594,70.95341086387634,0.05693887919187546,0.040400080382823944
44,1650,12.856733322143555,0.22698751091957092,16.99063491821289,18.787492752075195,9425.89827164093,319.21142578125,224.0543212890625,70.18994092941284,0.057382214814424515,0.04027654603123665
44.1,1650,12.85731315612793,0.22762563824653625,16.990917205810547,18.714574813842773,9430.945690368382,317.977783203125,224.8045196533203,70.69818377494812,0.05719330534338951,0.04043462499976158
44.2,1650,12.836602210998535,0.22885574400424957,16.991140365600586,18.65456199645996,9433.555660467864,316.9622802734375,226.08192443847656,71.32771015167236,0.05677854269742966,0.04049883037805557
44.3,1650,12.790919303894043,0.22673657536506653,16.99068832397461,18.636045455932617,9430.375670101008,316.6392517089844,223.91294860839844,70.71547508239746,0.05712452158331871,0.04039587453007698
44.4,1650,12.8637113571167,0.22619712352752686,16.989959716796875,18.66695785522461,9423.240508431096,317.1508483886719,223.21119689941406,70.38013339042664,0.05763022601604462,0.04056022688746452
44.5,1650,12.969703674316406,0.22939693927764893,16.989582061767578,18.722230911254883,9413.62185355129,318.0828857421875,226.13771057128906,71.09395861625671,0.057353124022483826,0.04077460616827011
44.6,1650,12.947358131408691,0.22976268827915192,16.989364624023438,18.795528411865234,9406.536233520157,319.3240966796875,226.32777404785156,70.87714076042175,0.057206228375434875,0.04054613783955574
44.7,1650,12.942245483398438,0.22794479131698608,16.98942756652832,18.853233337402344,9406.104346998558,320.3056335449219,224.52674865722656,70.0976550579071,0.05764233320951462,0.04040592536330223
44.8,1650,12.987208366394043,0.23004285991191864,16.989946365356445,18.85495376586914,9411.351097966746,320.34466552734375,226.71974182128906,70.77369689941406,0.05728309229016304,0.04054136201739311
44.9,1650,12.937716484069824,0.23037201166152954,16.990549087524414,18.836538314819336,9418.773018298774,320.0431213378906,227.2231903076172,70.99767923355103,0.05693836137652397,0.04042491689324379
45,1650,12.876075744628906,0.22747765481472015,16.990659713745117,18.818113327026367,9423.55524354805,319.7321472167969,224.48231506347656,70.20949125289917,0.05735897645354271,0.040271442383527756
45.1,1650,12.89260196685791,0.2272011637687683,16.990699768066406,18.774442672729492,9426.952634282727,318.99090576171875,224.29029846191406,70.31244039535522,0.057481762021780014,0.04041682928800583
45.2,1650,12.870848655700684,0.22898006439208984,16.99103546142578,18.71018409729004,9431.374079833126,317.9053955078125,226.15243530273438,71.1382806301117,0.05691227316856384,0.0404864102602005
45.3,1650,12.746321678161621,0.22772908210754395,16.991281509399414,18.643585205078125,9435.669048493932,316.7784118652344,225.01931762695312,71.0336685180664,0.05664545297622681,0.040237344801425934
45.4,1650,12.656033515930176,0.22474214434623718,16.991548538208008,18.571006774902344,9440.366761535877,315.5501708984375,222.17848205566406,70.40987610816956,0.05696336179971695,0.040107835084199905
45.5,1650,12.636429786682129,0.22463549673557281,16.991315841674805,18.508644104003906,9441.08482387678,314.4862060546875,222.08995056152344,70.61992883682251,0.05689780041575432,0.04018118605017662
45.6,1650,12.6118745803833,0.22606569528579712,16.9912166595459,18.444665908813477,9439.349700833867,313.3973083496094,223.46286010742188,71.30337357521057,0.056438345462083817,0.04024244472384453
45.7,1650,12.543069839477539,0.22507604956626892,16.99091148376465,18.418216705322266,9435.396278059237,312.9422912597656,222.3914337158203,71.06467485427856,0.05640086904168129,0.040081094950437546
45.8,1650,12.529362678527832,0.22268252074718475,16.990612030029297,18.40139389038086,9430.512638161164,312.65093994140625,219.91256713867188,70.33804655075073,0.05697429180145264,0.040074605494737625
45.9,1650,12.60362434387207,0.22516895830631256,16.990285873413086,18.404504776000977,9424.611937561083,312.6977844238281,222.22894287109375,71.068274974823,0.05671459436416626,0.04030608758330345
46,1700,12.60550308227539,0.22647559642791748,16.99008560180664,18.43352699279785,9417.917987897714,313.18719482421875,223.35975646972656,71.31829261779785,0.05643587186932564,0.04024910181760788
46.1,1700,12.633916854858398,0.23082341253757477,16.980152130126953,19.059085845947266,9439.420224813777,323.6261901855469,228.16751098632812,70.50341367721558,0.0553712360560894,0.03903861343860626
46.2,1700,13.018287658691406,0.24675452709197998,16.96815299987793,20.647380828857422,9571.192824168786,350.3479309082031,247.32032775878906,70.59277892112732,0.05263735353946686,0.037158168852329254
46.3,1700,13.517365455627441,0.2539578080177307,16.973159790039062,21.7086124420166,9745.17198555016,368.4637451171875,259.1669921875,70.33717632293701,0.0521569699048996,0.03668573871254921
46.4,1700,13.974386215209961,0.2595790922641754,16.97892189025879,22.310733795166016,9882.491499920081,378.81219482421875,268.6363525390625,70.91544270515442,0.052019715309143066,0.03689001128077507
46.5,1700,14.191770553588867,0.2603524923324585,16.98227882385254,22.682090759277344,9975.72303567562,385.193603515625,271.9786071777344,70.60828804969788,0.0521797314286232,0.03684321418404579
46.6,1700,14.33456039428711,0.26071640849113464,16.983964920043945,22.940876007080078,10035.54135886681,389.6270446777344,273.991943359375,70.32159566879272,0.05231745168566704,0.03679046779870987
46.7,1700,14.453568458557129,0.2616138160228729,16.984882354736328,23.125520706176758,10072.722067349665,392.78424072265625,275.9536437988281,70.25578618049622,0.052376795560121536,0.03679772838950157
46.8,1700,14.602150917053223,0.26310673356056213,16.98541831970215,23.260643005371094,10095.618464265273,395.0917663574219,278.15924072265625,70.40371298789978,0.052495650947093964,0.036958884447813034
46.9,1700,14.742626190185547,0.26518622040748596,16.985721588134766,23.38500213623047,10110.831827270344,397.21112060546875,280.7801818847656,70.68789601325989,0.05250593647360802,0.03711533918976784
47,1700,14.797364234924316,0.26685258746147156,16.98598289489746,23.483867645263672,10121.080535226867,398.8965759277344,282.8309326171875,70.90332508087158,0.0523187592625618,0.03709574043750763
47.1,1700,14.887100219726562,0.2682104706764221,16.986303329467773,23.570859909057617,10128.149252816534,400.38177490234375,284.4686584472656,71.04935646057129,0.052333004772663116,0.037182264029979706
47.2,1700,14.902753829956055,0.2682253122329712,16.987234115600586,23.605392456054688,10140.014766725708,400.9903259277344,284.81768798828125,71.02857232093811,0.0523238331079483,0.03716487064957619
47.3,1700,14.863153457641602,0.2675212621688843,16.988325119018555,23.572589874267578,10155.312059095299,400.4588317871094,284.4986267089844,71.0431694984436,0.052243318408727646,0.03711530938744545
47.4,1700,14.824604988098145,0.2665148079395294,16.988914489746094,23.49309539794922,10167.53194143245,399.1221923828125,283.7693786621094,71.09836935997009,0.0522417388856411,0.037143025547266006
47.5,1700,14.770761489868164,0.26567280292510986,16.989044189453125,23.437543869018555,10173.994502500576,398.18145751953125,283.0526428222656,71.08634114265442,0.05218379572033882,0.03709555044770241
47.6,1700,14.726508140563965,0.26480722427368164,16.988914489746094,23.367830276489258,10175.638119222447,396.99407958984375,282.176025390625,71.0781455039978,0.05218908563256264,0.03709503263235092
47.7,1700,14.731507301330566,0.2646312117576599,16.98845100402832,23.33849334716797,10171.927741899244,396.48486328125,281.8856506347656,71.09619379043579,0.05226058140397072,0.037155285477638245
47.8,1700,14.784083366394043,0.2647111713886261,16.98749351501465,23.39249610900879,10159.866392806189,397.3798828125,281.636474609375,70.87335586547852,0.05249349772930145,0.03720390424132347
47.9,1700,14.821562767028809,0.26473134756088257,16.98671531677246,23.49666404724121,10147.477486054377,399.1311340332031,281.3144836425781,70.48171758651733,0.05268681049346924,0.0371345691382885
48,1700,14.830110549926758,0.26552721858024597,16.9865779876709,23.586666107177734,10140.024092210655,400.65673828125,281.95294189453125,70.37269473075867,0.05259782075881958,0.03701450303196907
48.1,1700,14.823155403137207,0.26637473702430725,16.986906051635742,23.657114028930664,10142.769281841865,401.8611755371094,282.9294738769531,70.40477991104126,0.052391696721315384,0.03688625991344452
48.2,1700,14.850071907043457,0.26705506443977356,16.987075805664062,23.706912994384766,10146.274498496241,402.71112060546875,283.7501220703125,70.45996189117432,0.05233503505587578,0.03687524423003197
48.3,1700,14.895757675170898,0.2675487995147705,16.9871768951416,23.747194290161133,10147.958914214754,403.3977966308594,284.3218994140625,70.48177123069763,0.05239046737551689,0.03692572936415672
48.4,1700,15.034157752990723,0.26887425780296326,16.986644744873047,23.802074432373047,10144.36860251024,404.3173828125,285.6293640136719,70.64484357833862,0.05263519659638405,0.03718404844403267
48.5,1700,15.149980545043945,0.27129265666007996,16.986286163330078,23.90322494506836,10138.40262351553,406.0270080566406,288.02899169921875,70.93837857246399,0.052598804235458374,0.037312738597393036
48.6,1700,15.215993881225586,0.27261799573898315,16.986289978027344,23.996761322021484,10135.48141535595,407.6159362792969,289.3526916503906,70.98659873008728,0.05258632451295853,0.03732924163341522
48.7,1700,15.209489822387695,0.2726188898086548,16.986751556396484,24.05504608154297,10139.598616959956,408.6170959472656,289.47119140625,70.84167003631592,0.05254232883453369,0.037221863865852356
48.8,1700,15.184794425964355,0.2724343538284302,16.987342834472656,24.101001739501953,10146.581073813866,409.4119873046875,289.47442626953125,70.70492506027222,0.05245642736554146,0.0370892770588398
48.9,1700,15.189779281616211,0.2719334065914154,16.98759651184082,24.103431701660156,10153.767525650986,409.4593811035156,289.14678955078125,70.61672806739807,0.0525331050157547,0.03709715977311134
49,1700,15.1732816696167,0.2714022099971771,16.987598419189453,24.104265213012695,10156.811130800495,409.47357177734375,288.6684875488281,70.49746513366699,0.05256300047039986,0.03705558180809021
49.1,1700,15.12746524810791,0.2706387937068939,16.987957000732422,24.065004348754883,10161.908674009535,408.81524658203125,288.0009765625,70.4477071762085,0.05252574384212494,0.037003181874752045
49.2,1700,15.101518630981445,0.27024903893470764,16.987895965576172,24.0574951171875,10163.749291600909,408.68621826171875,287.6383056640625,70.38120627403259,0.05250176414847374,0.03695137798786163
49.3,1700,15.102285385131836,0.27003535628318787,16.987722396850586,24.054378509521484,10163.468361366886,408.62908935546875,287.4029235839844,70.33344507217407,0.052547428756952286,0.036958418786525726
49.4,1700,15.088059425354004,0.2701893448829651,16.98766326904297,24.051414489746094,10163.654871065823,408.57733154296875,287.57208251953125,70.38376331329346,0.05246704816818237,0.03692828491330147
49.5,1700,15.027108192443848,0.26934996247291565,16.988460540771484,24.009418487548828,10168.821189726345,407.883056640625,286.8244323730469,70.32026052474976,0.052391309291124344,0.036841705441474915
49.6,1700,15.009718894958496,0.26852571964263916,16.988422393798828,23.95051383972168,10171.551225444517,406.8814392089844,286.02349853515625,70.29651999473572,0.05247722566127777,0.036889661103487015
49.7,1700,14.996947288513184,0.26832881569862366,16.988142013549805,23.92406463623047,10169.774720562153,406.4254150390625,285.7638244628906,70.31151056289673,0.05248021334409714,0.0368996299803257
49.8,1700,14.966943740844727,0.26802676916122437,16.988121032714844,23.901742935180664,10169.309612000432,406.04571533203125,285.4291076660156,70.29482126235962,0.05243664234876633,0.03686024248600006
49.9,1700,14.955604553222656,0.26769623160362244,16.988340377807617,23.86367416381836,10171.614172467907,405.4042053222656,285.1417236328125,70.3351616859436,0.052449725568294525,0.03689059987664223
50,1700,14.934735298156738,0.26747143268585205,16.98849105834961,23.819433212280273,10172.936059959115,404.6562194824219,284.9393005371094,70.41515111923218,0.05241374671459198,0.036907218396663666
50.1,1700,14.922552108764648,0.2673845589160919,16.9884090423584,23.770851135253906,10172.463957283684,403.8289489746094,284.8335266113281,70.5332100391388,0.052390433847904205,0.036952655762434006
50.2,1700,14.919042587280273,0.2672474980354309,16.98818588256836,23.72923469543457,10170.315598689067,403.11663818359375,284.62738037109375,70.60670852661133,0.05241604521870613,0.03700924292206764
50.3,1700,14.94111156463623,0.2678948640823364,16.987960815429688,23.734697341918945,10166.886151599885,403.2041015625,285.22064208984375,70.73853015899658,0.0523843951523304,0.03705595061182976
50.4,1700,14.982027053833008,0.2687963545322418,16.98775863647461,23.740650177001953,10164.033718891786,403.3004455566406,286.10015869140625,70.93970775604248,0.05236637219786644,0.037148550152778625
50.5,1700,15.000255584716797,0.2691282033920288,16.987550735473633,23.743560791015625,10160.59960906013,403.3449401855469,286.3565673828125,70.9954559803009,0.05238313600420952,0.03718964755535126
50.6,1700,14.964408874511719,0.2696177661418915,16.987424850463867,23.768407821655273,10157.092061034518,403.7640380859375,286.7784423828125,71.02624773979187,0.05218107998371124,0.03706226125359535
50.7,1700,14.927130699157715,0.27010735869407654,16.987089157104492,23.820505142211914,10150.996690936172,404.64105224609375,287.1268005371094,70.95839381217957,0.051987942308187485,0.03688981011509895
50.8,1700,14.87924575805664,0.27012893557548523,16.986936569213867,23.886119842529297,10146.623038496127,405.75201416015625,287.0260009765625,70.7392692565918,0.05183936282992363,0.03667078912258148
50.9,1700,14.844870567321777,0.2700216472148895,16.987022399902344,23.940576553344727,10146.266338696912,406.6791076660156,286.90191650390625,70.54749727249146,0.05174196884036064,0.0365026630461216
51,1750,14.897335052490234,0.2701028883457184,16.9871826171875,23.987329483032227,10148.516111940326,407.4771423339844,287.0518798828125,70.44612765312195,0.05189770832657814,0.036559928208589554
51.1,1750,15.001815795898438,0.2741197347640991,16.97969627380371,24.426639556884766,10163.200253674666,414.7569274902344,291.7423095703125,70.3405499458313,0.05142146348953247,0.03617013990879059
51.2,1750,15.503076553344727,0.29085326194763184,16.962820053100586,26.140541076660156,10267.76108795494,443.41729736328125,312.736328125,70.52866816520691,0.04957235977053642,0.0349627248942852
51.3,1750,15.858964920043945,0.29998812079429626,16.966108322143555,27.530508041381836,10441.423765690932,467.0855712890625,328.0140075683594,70.22567987442017,0.04834843799471855,0.033953018486499786
51.4,1750,16.326770782470703,0.30494579672813416,16.972204208374023,28.34712028503418,10582.65590383884,481.1131286621094,337.9449462890625,70.24230360984802,0.048311926424503326,0.03393540903925896
51.5,1750,16.67561149597168,0.3083444833755493,16.976364135742188,28.866355895996094,10681.213457184616,490.0457763671875,344.893798828125,70.37991881370544,0.04834998771548271,0.034028682857751846
51.6,1750,16.780424118041992,0.31019410490989685,16.979188919067383,29.224929809570312,10750.730284720468,496.2156066894531,349.2208251953125,70.37683129310608,0.04805104061961174,0.03381679952144623
51.7,1750,16.865089416503906,0.31203463673591614,16.980676651000977,29.480724334716797,10794.703443301441,500.6026611328125,352.72979736328125,70.4610288143158,0.0478130578994751,0.03368957340717316
51.8,1750,17.037635803222656,0.3145095705986023,16.980985641479492,29.702856063842773,10819.12339132023,504.3837585449219,356.331787109375,70.64695358276367,0.04781396687030792,0.03377911075949669
51.9,1750,17.198326110839844,0.31629881262779236,16.981609344482422,29.899459838867188,10837.037647903016,507.7409362792969,358.95233154296875,70.69595456123352,0.047912564128637314,0.033872246742248535
52,1750,17.355131149291992,0.3174377977848053,16.98194694519043,30.048290252685547,10849.277346895678,510.2784729003906,360.6517639160156,70.67744135856628,0.04812157526612282,0.034011099487543106
52.1,1750,17.36286735534668,0.3174142837524414,16.982309341430664,30.172338485717773,10859.80232234375,512.39599609375,360.97491455078125,70.4484224319458,0.048099931329488754,0.033885642886161804
52.2,1750,17.370590209960938,0.317641019821167,16.982656478881836,30.271238327026367,10868.938966220368,514.0860595703125,361.5366516113281,70.32610177993774,0.048046551644802094,0.033789265900850296
52.3,1750,17.26493263244629,0.3176005780696869,16.983243942260742,30.322467803955078,10878.22948059861,514.973876953125,361.79962158203125,70.2559232711792,0.047719597816467285,0.03352584317326546
52.4,1750,17.168195724487305,0.31798288226127625,16.983854293823242,30.347183227539062,10886.772790495488,515.412109375,362.5196228027344,70.33587098121643,0.04735797643661499,0.03330964595079422
52.5,1750,17.278423309326172,0.3181174695491791,16.984996795654297,30.29367446899414,10899.270106009806,514.5379638671875,363.0893859863281,70.56609988212585,0.04758724570274353,0.033580463379621506
52.6,1750,17.49834442138672,0.31736695766448975,16.985519409179688,30.21748924255371,10910.015396039746,513.259765625,362.58990478515625,70.64452171325684,0.04825932905077934,0.03409257158637047
52.7,1750,17.493732452392578,0.31589609384536743,16.985109329223633,30.149242401123047,10913.363245135644,512.0881958007812,361.0201721191406,70.4996109008789,0.048456382006406784,0.03416156396269798
52.8,1750,17.405956268310547,0.3153213560581207,16.984359741210938,30.14461898803711,10908.890509418039,511.987060546875,360.2156677246094,70.35639882087708,0.04832093045115471,0.03399686887860298
52.9,1750,17.317726135253906,0.31573471426963806,16.98402214050293,30.167320251464844,10902.596972764573,512.3624267578125,360.4797668457031,70.35640478134155,0.04804076999425888,0.033799756318330765
53,1750,17.361705780029297,0.31694579124450684,16.98366928100586,30.206899642944336,10896.423501729798,513.0239868164062,361.6575927734375,70.4952597618103,0.04800591990351677,0.033841896802186966
53.1,1750,17.46097183227539,0.31751614809036255,16.983919143676758,30.25397300720215,10895.44082875353,513.8310546875,362.2757263183594,70.50483822822571,0.048198018223047256,0.03398193418979645
53.2,1750,17.572345733642578,0.3176969587802887,16.984142303466797,30.26245880126953,10897.230156177695,513.98193359375,362.54156494140625,70.5358624458313,0.04846987873315811,0.0341886468231678
53.3,1750,17.596012115478516,0.3168588876724243,16.984121322631836,30.255584716796875,10900.701567949138,513.864501953125,361.70037841796875,70.38827538490295,0.048648033291101456,0.03424251079559326
53.4,1750,17.43003273010254,0.31635066866874695,16.983964920043945,30.257081985473633,10900.6292954408,513.8851928710938,361.1178283691406,70.27208209037781,0.04826688393950462,0.033918142318725586
53.5,1750,17.235355377197266,0.31676727533340454,16.98381805419922,30.28232192993164,10897.48194427126,514.3094482421875,361.489013671875,70.28628587722778,0.047678783535957336,0.03351164609193802
53.6,1750,17.251188278198242,0.3175759017467499,16.983928680419922,30.31475067138672,10895.785871696562,514.8635864257812,362.3553771972656,70.37891149520874,0.047608476132154465,0.033506330102682114
53.7,1750,17.41522789001465,0.31786221265792847,16.984678268432617,30.2882022857666,10902.128367145997,514.4353637695312,362.8931884765625,70.54203748703003,0.04798995703458786,0.033853091299533844
53.8,1750,17.50736427307129,0.3165190815925598,16.98501205444336,30.23328971862793,10909.98392252805,513.5128173828125,361.6201477050781,70.42086720466614,0.04841368645429611,0.03409333527088165
53.9,1750,17.41213035583496,0.3150951564311981,16.98501968383789,30.163372039794922,10914.110449617005,512.325439453125,360.1294860839844,70.29311060905457,0.048349637538194656,0.03398646414279938
54,1750,17.187837600708008,0.3145003914833069,16.985126495361328,30.095993041992188,10915.55356841252,511.1842346191406,359.49725341796875,70.32635807991028,0.047810763120651245,0.03362356498837471
54.1,1750,17.10424041748047,0.314473032951355,16.985445022583008,30.03807830810547,10917.8138328265,510.2101135253906,359.5404052734375,70.46908736228943,0.04757251217961311,0.033523913472890854
54.2,1750,17.254377365112305,0.3143017888069153,16.985464096069336,29.968448638916016,10919.3385496153,509.02801513671875,359.3948059082031,70.60413360595703,0.04800953343510628,0.03389671444892883
54.3,1750,17.347368240356445,0.31314539909362793,16.985076904296875,29.9099178314209,10917.05030874648,508.0222473144531,357.9974670410156,70.4688549041748,0.04845667630434036,0.03414686769247055
54.4,1750,17.193435668945312,0.3120996654033661,16.98508071899414,29.852197647094727,10917.014172492312,507.0419921875,356.80078125,70.36908268928528,0.048187773674726486,0.03390929475426674
54.5,1750,16.976587295532227,0.3114652931690216,16.98554801940918,29.75017547607422,10919.132223260853,505.3230285644531,356.1446228027344,70.47860622406006,0.04766767844557762,0.03359551355242729
54.6,1750,16.991239547729492,0.3114478886127472,16.98557472229004,29.67435073852539,10920.147535434433,504.035888671875,356.1578369140625,70.66120505332947,0.04770704731345177,0.03371037542819977
54.7,1750,17.12785530090332,0.311282217502594,16.985164642333984,29.630329132080078,10917.020000920404,503.2760314941406,355.866455078125,70.70999145507812,0.048130009323358536,0.034032728523015976
54.8,1750,17.1042537689209,0.3101162016391754,16.985061645507812,29.58340835571289,10915.270306807262,502.47601318359375,354.4765930175781,70.5459713935852,0.04825213924050331,0.0340399406850338
54.9,1750,17.02713966369629,0.3094024658203125,16.984786987304688,29.55289649963379,10911.79190092211,501.94964599609375,353.5480651855469,70.43496370315552,0.048160750418901443,0.03392200544476509
55,1750,16.803226470947266,0.30949118733406067,16.984710693359375,29.52706527709961,10910.489830086413,501.5086669921875,353.60723876953125,70.50870060920715,0.047519464045763016,0.033505357801914215
55.1,1750,16.714563369750977,0.31023576855659485,16.984556198120117,29.526779174804688,10906.90534680999,501.4992370605469,354.3415222167969,70.65644264221191,0.04717077314853668,0.03332918882369995
55.2,1750,16.813440322875977,0.3107280433177948,16.984092712402344,29.539932250976562,10901.796146744768,501.7089538574219,354.7375183105469,70.70583701133728,0.04739684984087944,0.03351233899593353
55.3,1750,16.9448299407959,0.3110867440700531,16.98383331298828,29.565690994262695,10896.561052632764,502.1387634277344,354.9764709472656,70.69290280342102,0.047735076397657394,0.03374531492590904
55.4,1750,17.00760269165039,0.31041282415390015,16.98391342163086,29.593780517578125,10897.225493435222,502.6181945800781,354.22906494140625,70.47677040100098,0.048013005405664444,0.03383801504969597
55.5,1750,17.02681541442871,0.3105136752128601,16.98336410522461,29.647563934326172,10892.520786279567,503.515380859375,354.1911926269531,70.34366726875305,0.04807238653302193,0.03381587937474251
55.6,1750,17.039936065673828,0.3120225667953491,16.982620239257812,29.74837875366211,10883.18597584783,505.2054138183594,355.6072998046875,70.38865685462952,0.04791784659028053,0.03372872620820999
55.7,1750,17.040945053100586,0.31358802318573,16.98277473449707,29.84430503845215,10879.894079661612,506.839111328125,357.2833251953125,70.49245238304138,0.047695886343717575,0.033622000366449356
55.8,1750,17.168222427368164,0.31467971205711365,16.98309326171875,29.905691146850586,10882.343185145763,507.8911437988281,358.60784912109375,70.60722708702087,0.04787464439868927,0.033802956342697144
55.9,1750,17.302656173706055,0.3154497742652893,16.982900619506836,29.98902130126953,10883.091555312742,509.3005676269531,359.5101318359375,70.5889880657196,0.04812842607498169,0.033973369747400284
56,1800,17.412961959838867,0.3152144253253937,16.98322296142578,30.027095794677734,10887.072371699403,509.95684814453125,359.373291015625,70.47131657600403,0.048453688621520996,0.03414595127105713
56.1,1800,17.387250900268555,0.31945058703422546,16.972747802734375,30.655200958251953,10906.660552830137,520.302978515625,364.8581848144531,70.12417912483215,0.04765481874346733,0.03341754898428917
56.2,1800,17.67018699645996,0.33601105213165283,16.955055236816406,32.62733459472656,11017.924079415916,553.1982421875,387.6876525878906,70.08113861083984,0.04557841271162033,0.031941868364810944
56.3,1800,18.208248138427734,0.3455990254878998,16.959064483642578,34.16960144042969,11181.849785181841,579.4844970703125,404.6828308105469,69.83497142791748,0.04499387368559837,0.03142146021127701
56.4,1800,18.708606719970703,0.35069480538368225,16.965917587280273,35.09046936035156,11316.670652428831,595.342041015625,415.6010437011719,69.80878710746765,0.04501578211784363,0.03142497316002846
56.5,1800,19.090147018432617,0.35292863845825195,16.97015380859375,35.71640396118164,11412.223068250503,606.1128540039062,421.77978515625,69.58766579627991,0.04526093229651451,0.03149602562189102
56.6,1800,19.20320701599121,0.3541429042816162,16.97297477722168,36.13682174682617,11478.985380670198,613.349365234375,425.7068786621094,69.40691471099854,0.045108988881111145,0.03130875900387764
56.7,1800,19.190006256103516,0.35715198516845703,16.974550247192383,36.46721267700195,11521.71708406763,619.0145263671875,430.9222106933594,69.6142315864563,0.044532410800457,0.03100089728832245
56.8,1800,19.430404663085938,0.3590075671672821,16.976093292236328,36.68688201904297,11555.668843387657,622.7999267578125,434.4375,69.75554823875427,0.044725432991981506,0.031198469921946526
56.9,1800,19.622344970703125,0.35807910561561584,16.976608276367188,36.86957931518555,11578.326274751504,625.92041015625,434.16357421875,69.36402320861816,0.045195743441581726,0.031349584460258484
57,1800,19.663999557495117,0.3604640066623688,16.976341247558594,37.053043365478516,11585.467264849509,629.0250854492188,437.32476806640625,69.5242166519165,0.044964294880628586,0.03126107156276703
57.1,1800,19.936777114868164,0.3633449375629425,16.97566032409668,37.30733871459961,11584.904238695846,633.3167114257812,440.798583984375,69.6016013622284,0.04522876814007759,0.03147994726896286
57.2,1800,19.99159812927246,0.3641112744808197,16.974693298339844,37.58003234863281,11580.740409667105,637.9095458984375,441.5694885253906,69.22133564949036,0.045273955911397934,0.031339239329099655
57.3,1800,19.97825813293457,0.3663075864315033,16.975297927856445,37.829200744628906,11582.108924583046,642.1619262695312,444.2855224609375,69.18590068817139,0.0449671596288681,0.031110934913158417
57.4,1800,20.034622192382812,0.36837995052337646,16.97646713256836,37.9846076965332,11595.36393574929,644.8444213867188,447.3103942871094,69.36717629432678,0.04478908330202103,0.031068922951817513
57.5,1800,20.011201858520508,0.3669654130935669,16.97707176208496,38.07279586791992,11607.877570862265,646.3645629882812,446.0736389160156,69.01270151138306,0.044860757887363434,0.03095961920917034
57.6,1800,19.84469985961914,0.3678956925868988,16.978315353393555,38.08442687988281,11621.052149720845,646.6094360351562,447.7120361328125,69.23995018005371,0.04432469606399536,0.030690398067235947
57.7,1800,19.90224838256836,0.36727768182754517,16.978567123413086,38.096343994140625,11632.04689647311,646.8213500976562,447.3828125,69.16636824607849,0.044485945254564285,0.030769312754273415
57.8,1800,19.736221313476562,0.36636650562286377,16.979511260986328,38.03092956542969,11643.889096669916,645.74658203125,446.72723388671875,69.17996406555176,0.04417957738041878,0.030563415959477425
57.9,1800,19.830347061157227,0.367056280374527,16.979326248168945,37.98065185546875,11648.483063691829,644.8858642578125,447.7449035644531,69.43010091781616,0.04428938776254654,0.03075016476213932
58,1800,19.78134536743164,0.3650643229484558,16.97933578491211,37.94442367553711,11649.592796400497,644.2711181640625,445.35748291015625,69.1257894039154,0.04441678151488304,0.030703449621796608
58.1,1800,19.73444175720215,0.36672088503837585,16.9796085357666,37.8841552734375,11651.24340723608,643.2581176757812,447.4417724609375,69.55866813659668,0.04410504922270775,0.03067888505756855
58.2,1800,19.80844497680664,0.36402979493141174,16.97925567626953,37.845306396484375,11651.020761282974,642.5851440429688,444.14984130859375,69.11922097206116,0.04459856078028679,0.030826179310679436
58.3,1800,19.7246036529541,0.36491143703460693,16.979877471923828,37.78211212158203,11653.838223422525,641.53564453125,445.33319091796875,69.41675543785095,0.04429178684949875,0.030745919793844223
58.4,1800,19.862714767456055,0.3631839156150818,16.9798583984375,37.71966552734375,11658.567409976165,640.474609375,443.4048156738281,69.23066973686218,0.044795893132686615,0.03101249597966671
58.5,1800,19.664386749267578,0.36231139302253723,16.980722427368164,37.59758377075195,11665.172184689729,638.4341430664062,442.5901794433594,69.32432651519775,0.044430237263441086,0.030800964683294296
58.6,1800,19.785219192504883,0.36191508173942566,16.979822158813477,37.514408111572266,11662.365213720746,636.9879760742188,441.9996643066406,69.38900947570801,0.04476297274231911,0.031060585752129555
58.7,1800,19.750324249267578,0.3610312342643738,16.978639602661133,37.550052642822266,11648.41195686911,637.548828125,440.3927001953125,69.07591819763184,0.04484707489609718,0.030978528782725334
58.8,1800,19.813322067260742,0.36310550570487976,16.978178024291992,37.59352493286133,11638.50712617,638.26953125,442.54632568359375,69.33532953262329,0.04477118328213692,0.031042248010635376
58.9,1800,19.978647232055664,0.36225569248199463,16.97783851623535,37.65988540649414,11634.12298255939,639.3834228515625,441.3442687988281,69.02653574943542,0.04526771605014801,0.031246738508343697
59,1800,19.874006271362305,0.3639354705810547,16.978208541870117,37.698822021484375,11632.150642493143,640.0584716796875,443.31561279296875,69.26173567771912,0.04483037814497948,0.031050298362970352
59.1,1800,19.94854164123535,0.36404386162757874,16.978790283203125,37.716651916503906,11637.274996471406,640.3831176757812,443.64300537109375,69.27774548530579,0.04496530443429947,0.031150948256254196
59.2,1800,19.8555908203125,0.36272868514060974,16.97919273376465,37.667579650878906,11642.995015800643,639.5651245117188,442.2575378417969,69.1497266292572,0.04489599168300629,0.0310454573482275
59.3,1800,19.881277084350586,0.3634335696697235,16.979183197021484,37.62852096557617,11646.437285431628,638.9015502929688,443.2479553222656,69.37656998634338,0.04485362395644188,0.03111790306866169
59.4,1800,19.82351303100586,0.36162644624710083,16.978836059570312,37.61966323852539,11647.198478140408,638.7380981445312,441.07281494140625,69.05378103256226,0.044943857938051224,0.03103543259203434
59.5,1800,19.67131805419922,0.3634479343891144,16.97875213623047,37.61442947387695,11644.224814128002,638.6460571289062,443.1812744140625,69.39387917518616,0.044386617839336395,0.030801596119999886
59.6,1800,19.80418586730957,0.3630196154117584,16.97833824157715,37.64258575439453,11640.703277874969,639.1085815429688,442.5251159667969,69.24099326133728,0.044752683490514755,0.030987201258540154
59.7,1800,19.67959976196289,0.3627105951309204,16.979284286499023,37.59837341308594,11645.453446769741,638.3934936523438,442.328857421875,69.28780674934387,0.04449088126420975,0.030826756730675697
59.8,1800,19.711227416992188,0.3626643419265747,16.97987937927246,37.510948181152344,11653.56545298783,636.931396484375,442.58050537109375,69.48637366294861,0.04453704133629799,0.03094717673957348
59.9,1800,19.71409797668457,0.3606328070163727,16.979761123657227,37.442726135253906,11655.241708907017,635.7685546875,440.16461181640625,69.23347115516663,0.04478801041841507,0.031008293852210045
60,1800,19.760122299194336,0.36233004927635193,16.979047775268555,37.447505950927734,11649.218611317008,635.822998046875,442.00762939453125,69.51740384101868,0.04470538720488548,0.031078023836016655
60.1,1800,19.838634490966797,0.3606407940387726,16.97861099243164,37.45457077026367,11644.16886121832,635.9265747070312,439.7561950683594,69.15203928947449,0.04511280357837677,0.03119642287492752
60.2,1800,19.628829956054688,0.3616344630718231,16.979717254638672,37.406490325927734,11648.866574260266,635.151611328125,441.145751953125,69.45518851280212,0.0444951131939888,0.030904164537787437
60.3,1800,19.727746963500977,0.3600834906101227,16.98000144958496,37.31918716430664,11656.143949575619,633.6798706054688,439.5281982421875,69.36123967170715,0.04488391801714897,0.031132040545344353
60.4,1800,19.540546417236328,0.3603072762489319,16.979671478271484,37.256103515625,11656.053026097386,632.5963745117188,439.79791259765625,69.52267289161682,0.04443074017763138,0.030889436602592468
60.5,1800,19.6456298828125,0.36098113656044006,16.97905921936035,37.24139404296875,11650.408776333341,632.3238525390625,440.4070739746094,69.64897513389587,0.04460788890719414,0.031068937852978706
60.6,1800,19.55487060546875,0.35979628562927246,16.978670120239258,37.24250411987305,11645.536210448643,632.3281860351562,438.7779235839844,69.39085721969604,0.044566668570041656,0.030925191938877106
60.7,1800,19.447032928466797,0.36333513259887695,16.978384017944336,37.28216552734375,11639.423355066023,632.9909057617188,442.8610534667969,69.96325254440308,0.04391226917505264,0.030722452327609062
60.8,1800,19.587909698486328,0.36170485615730286,16.977956771850586,37.34906005859375,11635.494994532186,634.1107177734375,440.7251281738281,69.50286626815796,0.0444447286427021,0.030890362337231636
60.9,1800,19.43622398376465,0.36166074872016907,16.97878074645996,37.353973388671875,11638.28914295937,634.2249145507812,440.7772216796875,69.49856281280518,0.044095344841480255,0.03064563311636448
61,1850,19.49920082092285,0.3611114025115967,16.97931671142578,37.31333541870117,11646.195988508629,633.554931640625,440.4067077636719,69.5135772228241,0.0442754402756691,0.030777443200349808
61.1,1850,19.56666374206543,0.364920049905777,16.967546463012695,37.943763732910156,11663.281442616768,643.8125610351562,445.70458984375,69.22893524169922,0.04390052333474159,0.030391862615942955
61.2,1850,20.016447067260742,0.37918153405189514,16.946718215942383,40.13570022583008,11764.241474021961,680.1683959960938,467.1321105957031,68.67889165878296,0.042849648743867874,0.029428662732243538
61.3,1850,20.51374626159668,0.3890444338321686,16.95022201538086,41.87907028198242,11911.559656783269,709.8595581054688,485.2845458984375,68.36345791816711,0.042271584272384644,0.028898317366838455
61.4,1850,20.873014450073242,0.3968220353126526,16.95646095275879,43.03691864013672,12030.570329988595,729.7538452148438,499.931640625,68.50688457489014,0.041751738637685776,0.02860281616449356
61.5,1850,21.369709014892578,0.4018164575099945,16.96017837524414,43.934242248535156,12115.278372502768,745.132568359375,509.78814697265625,68.41576099395752,0.0419188030064106,0.028679069131612778
61.6,1850,21.695669174194336,0.4049360752105713,16.961763381958008,44.69134521484375,12168.144546666124,758.0440063476562,515.98779296875,68.06831955909729,0.042046863585710526,0.02862059324979782
61.7,1850,21.90157699584961,0.4107716977596283,16.963062286376953,45.36751937866211,12200.703311672227,769.5720825195312,524.8244018554688,68.19691061973572,0.041731249541044235,0.028459424152970314
61.8,1850,22.183822631835938,0.4123898148536682,16.96432113647461,45.93596649169922,12231.275748384662,779.2724609375,528.2120361328125,67.78271794319153,0.04199795052409172,0.028467349708080292
61.9,1850,22.31691551208496,0.4173247218132019,16.965219497680664,46.42240524291992,12252.235941488192,787.5662841796875,535.448974609375,67.98779368400574,0.041678883135318756,0.028336554765701294
62,1850,22.528263092041016,0.41873395442962646,16.965349197387695,46.87258529663086,12268.167366834166,795.2097778320312,537.9556884765625,67.64953136444092,0.04187754541635513,0.028329962864518166
62.1,1850,22.50090980529785,0.4231569170951843,16.965930938720703,47.284515380859375,12277.20143037637,802.225830078125,544.0382690429688,67.81609654426575,0.041359059512615204,0.02804809994995594
62.2,1850,22.550533294677734,0.4236571192741394,16.96741485595703,47.573944091796875,12299.378599265456,807.2068481445312,545.6652221679688,67.59918332099915,0.04132667928934097,0.027936499565839767
62.3,1850,22.55432891845703,0.4234873652458191,16.972057342529297,47.5474853515625,12342.032201726459,806.9786376953125,547.3381958007812,67.8256094455719,0.04120729863643646,0.027949102222919464
62.4,1850,22.404014587402344,0.419792503118515,16.974328994750977,47.37255859375,12379.041554423417,804.1173706054688,544.189697265625,67.67540574073792,0.04116949439048767,0.027861621230840683
62.5,1850,22.385679244995117,0.41720739006996155,16.97409439086914,47.244537353515625,12395.151329668997,801.9332275390625,541.5423583984375,67.52960681915283,0.041336894035339355,0.027914641425013542
62.6,1850,22.29112434387207,0.4181046485900879,16.973520278930664,47.16228485107422,12397.21109615662,800.510009765625,542.7972412109375,67.8064227104187,0.041067130863666534,0.02784615382552147
62.7,1850,22.183441162109375,0.41749003529548645,16.973583221435547,47.083900451660156,12397.341652945875,799.1824951171875,542.0050048828125,67.8199291229248,0.04092847928404808,0.027757667005062103
62.8,1850,22.202194213867188,0.4162222445011139,16.973163604736328,47.04434585571289,12396.02559388276,798.4913940429688,540.3017578125,67.66532063484192,0.04109221324324608,0.027805177494883537
62.9,1850,22.253063201904297,0.41672977805137634,16.973594665527344,46.97810363769531,12397.469878363892,797.3872680664062,541.0236206054688,67.84954071044922,0.041131410747766495,0.027907472103834152
63,1850,22.180110931396484,0.4163872003555298,16.973094940185547,46.947654724121094,12392.101896091397,796.8469848632812,540.3447875976562,67.81035661697388,0.0410480722784996,0.02783484198153019
63.1,1850,22.29463768005371,0.4155183434486389,16.97241973876953,46.96171951293945,12386.022845591708,797.0540161132812,538.9527587890625,67.61809587478638,0.041366588324308395,0.027971301227808
63.2,1850,22.298826217651367,0.41688188910484314,16.972984313964844,46.93976974487305,12387.921747463997,796.7079467773438,540.8042602539062,67.87986159324646,0.04123271256685257,0.027988707646727562
63.3,1850,22.17314910888672,0.41612163186073303,16.972909927368164,46.93952941894531,12385.30711462204,796.7003784179688,539.7040405273438,67.74241328239441,0.04108390212059021,0.027831226587295532
63.4,1850,22.219558715820312,0.41489914059638977,16.973413467407227,46.88022232055664,12390.691416493195,795.7174072265625,538.3524780273438,67.65623688697815,0.04127325490117073,0.027923932299017906
63.5,1850,22.183088302612305,0.4154933989048004,16.97441864013672,46.76443862915039,12398.949133413578,793.7991333007812,539.4828491210938,67.96213388442993,0.04111917316913605,0.027945466339588165
63.6,1850,22.087099075317383,0.41422590613365173,16.974275588989258,46.66157150268555,12400.082179834613,792.04638671875,537.88623046875,67.9109513759613,0.041062768548727036,0.02788611873984337
63.7,1850,22.166593551635742,0.41335341334342957,16.9732666015625,46.64397048950195,12395.418271675599,791.7005615234375,536.5513916015625,67.77201294898987,0.041313085705041885,0.027998710051178932
63.8,1850,22.168996810913086,0.41450875997543335,16.973392486572266,46.63351821899414,12392.010972613165,791.5289916992188,537.9031982421875,67.95748472213745,0.04121372848749161,0.028007812798023224
63.9,1850,22.05656623840332,0.41364625096321106,16.973390579223633,46.593074798583984,12390.905902646971,790.8424682617188,536.736083984375,67.86889433860779,0.04109387844800949,0.027889961376786232
64,1850,22.0598201751709,0.41280022263526917,16.97309684753418,46.578861236572266,12388.85895870115,790.5875244140625,535.5498046875,67.74073243141174,0.0411909781396389,0.02790307067334652
64.1,1850,22.041616439819336,0.4150078594684601,16.972963333129883,46.58078384399414,12382.243692817021,790.6139526367188,538.1264038085938,68.06436777114868,0.0409599244594574,0.02787911519408226
64.2,1850,22.215211868286133,0.41451653838157654,16.971668243408203,46.68328857421875,12370.895743322395,792.2932739257812,536.9967041015625,67.77751445770264,0.04136936366558075,0.028039127588272095
64.3,1850,22.50059700012207,0.41734620928764343,16.96982765197754,46.897972106933594,12353.48156586988,795.8505249023438,539.9014282226562,67.83955097198486,0.0416753813624382,0.028272392228245735
64.4,1850,22.42350196838379,0.41959095001220703,16.968154907226562,47.225826263427734,12333.262748819621,801.3351440429688,541.9169311523438,67.62675046920776,0.041378118097782135,0.027982676401734352
64.5,1850,22.45763397216797,0.4207628071308136,16.969694137573242,47.43688201904297,12337.27270734674,804.9893798828125,543.6071166992188,67.52972602844238,0.04131225124001503,0.027898050844669342
64.6,1850,22.353256225585938,0.42199158668518066,16.972572326660156,47.442134857177734,12359.502332088652,805.215087890625,546.177001953125,67.82994866371155,0.04092676192522049,0.02776060439646244
64.7,1850,22.201465606689453,0.4184042811393738,16.97533416748047,47.265663146972656,12390.910565389444,802.3504028320312,542.91015625,67.66496896743774,0.040893442928791046,0.02767053432762623
64.8,1850,22.328170776367188,0.4163358807563782,16.97547149658203,47.05730056762695,12408.16038116977,798.8198852539062,540.9783325195312,67.72218942642212,0.04127369076013565,0.027951447293162346
64.9,1850,22.292882919311523,0.41779303550720215,16.974225997924805,46.96355438232422,12404.871982040408,797.1699829101562,542.7278442382812,68.08182001113892,0.04107562080025673,0.027965029701590538
65,1850,22.288890838623047,0.41715720295906067,16.972387313842773,47.00642395019531,12388.65496371794,797.8112182617188,541.1934204101562,67.83477067947388,0.04118470102548599,0.027937550097703934
65.1,1850,22.368154525756836,0.4179537892341614,16.971370697021484,47.116268157958984,12374.2948825855,799.6276245117188,541.598388671875,67.73132085800171,0.04130026325583458,0.02797321230173111
65.2,1850,22.24728775024414,0.419770210981369,16.972078323364258,47.190185546875,12370.639292486358,800.91552734375,543.7914428710938,67.89622902870178,0.04091143235564232,0.02777732163667679
65.3,1850,22.26769256591797,0.4170449674129486,16.973276138305664,47.151729583740234,12381.541950074774,800.3193359375,540.7371826171875,67.56517887115479,0.04118024930357933,0.02782350964844227
65.4,1850,22.329774856567383,0.41692760586738586,16.97288703918457,47.088417053222656,12388.896260640937,799.2263793945312,540.9061279296875,67.67870783805847,0.04128216579556465,0.027939235791563988
65.5,1850,22.30335807800293,0.41682228446006775,16.972806930541992,47.01778030395508,12392.56467328188,798.023681640625,540.9295654296875,67.78364777565002,0.041231535375118256,0.02794823981821537
65.6,1850,22.318674087524414,0.4146687686443329,16.97269058227539,46.942142486572266,12396.378796625118,796.7344360351562,538.3004760742188,67.56334900856018,0.04146136716008186,0.02801268920302391
65.7,1850,22.395244598388672,0.41443559527397156,16.9721622467041,46.88262176513672,12394.68388973604,795.699462890625,537.9242553710938,67.6039457321167,0.04163271188735962,0.028145356103777885
65.8,1850,22.19817352294922,0.4156077802181244,16.97186279296875,46.86865997314453,12390.299746125429,795.448486328125,539.2548828125,67.79256463050842,0.04116452857851982,0.02790648862719536
65.9,1850,22.157114028930664,0.41421714425086975,16.971630096435547,46.855125427246094,12388.544223584197,795.2078857421875,537.3743896484375,67.57659316062927,0.04123217239975929,0.02786329947412014
66,1900,22.150663375854492,0.4151012897491455,16.97104835510254,46.899417877197266,12382.057183118084,795.9323120117188,538.2394409179688,67.623770236969,0.0411539226770401,0.027829833328723907
66.1,1900,22.10637664794922,0.42095720767974854,16.957883834838867,47.67599868774414,12392.438779235099,808.4840698242188,546.2901000976562,67.5696849822998,0.040466368198394775,0.02734299749135971
66.2,1900,22.490198135375977,0.43555688858032227,16.93575668334961,50.12754821777344,12491.246954988821,848.9479370117188,569.743408203125,67.11170077323914,0.039474260061979294,0.026491845026612282
66.3,1900,23.11240577697754,0.44629207253456116,16.938140869140625,52.198333740234375,12626.52127394135,884.1427001953125,590.1080322265625,66.74352288246155,0.0391663983464241,0.026141034439206123
66.4,1900,23.48113441467285,0.45267003774642944,16.9447021484375,53.62363815307617,12740.052059054817,908.6365966796875,603.9229736328125,66.46474599838257,0.038881007581949234,0.02584216371178627
66.5,1900,23.898988723754883,0.4590047001838684,16.949079513549805,54.71418380737305,12822.883347723448,927.3550415039062,616.355712890625,66.4638340473175,0.03877466917037964,0.025771131739020348
66.6,1900,24.094566345214844,0.4629220962524414,16.952030181884766,55.613624572753906,12882.346136801041,942.7638549804688,624.4986572265625,66.24125838279724,0.03858225792646408,0.025557372719049454
66.7,1900,24.366029739379883,0.4663173258304596,16.953920364379883,56.379215240478516,12924.485671904351,955.8487548828125,631.13671875,66.02893471717834,0.03860658034682274,0.025491513311862946
66.8,1900,24.507404327392578,0.4704226553440094,16.956409454345703,56.9368896484375,12963.398589216073,965.4451904296875,638.6099853515625,66.14668369293213,0.03837616741657257,0.025384562090039253
66.9,1900,24.615184783935547,0.47254714369773865,16.95784568786621,57.42634963989258,12992.86012753422,973.8271484375,642.9519653320312,66.02321267127991,0.03828464075922966,0.025276748463511467
67,1900,24.715557098388672,0.4734131991863251,16.959739685058594,57.77192306518555,13020.932168595298,979.7967529296875,645.5220336914062,65.88325500488281,0.038287706673145294,0.025225186720490456
67.1,1900,24.802810668945312,0.47485411167144775,16.960926055908203,58.03131103515625,13044.276188788352,984.2647705078125,648.6475830078125,65.90173840522766,0.03823772817850113,0.025199327617883682
67.2,1900,24.889925003051758,0.4760965406894684,16.96159553527832,58.23014450073242,13061.728833866271,987.6761474609375,651.21484375,65.9340500831604,0.03822075575590134,0.02520049177110195
67.3,1900,24.90316390991211,0.47746217250823975,16.962013244628906,58.43579864501953,13072.456638611935,991.1887817382812,653.6192016601562,65.94295501708984,0.03810041770339012,0.02512454241514206
67.4,1900,24.911479949951172,0.47741007804870605,16.96271514892578,58.587730407714844,13081.720342220953,993.8070068359375,654.010986328125,65.80865383148193,0.038090307265520096,0.025066718459129333
67.5,1900,24.963117599487305,0.47692054510116577,16.963882446289062,58.67326736450195,13093.552051247194,995.326416015625,653.9313354492188,65.70018529891968,0.03817391395568848,0.025080332532525063
67.6,1900,25.035139083862305,0.47691667079925537,16.963706970214844,58.750030517578125,13098.710210108387,996.6182861328125,654.18359375,65.64033627510071,0.0382692851126194,0.0251200869679451
67.7,1900,25.08050537109375,0.47643575072288513,16.96469497680664,58.78261947631836,13107.246525891556,997.2291870117188,653.9498291015625,65.57668447494507,0.03835234045982361,0.02515019103884697
67.8,1900,25.086456298828125,0.4768829941749573,16.964204788208008,58.831207275390625,13110.976719870272,998.024658203125,654.75,65.6045913696289,0.03831455856561661,0.025136109441518784
67.9,1900,25.041683197021484,0.4773370921611786,16.96491813659668,58.84012222290039,13114.506415922633,998.2178344726562,655.5498657226562,65.67202806472778,0.03819950670003891,0.02508638985455036
68,1900,24.997774124145508,0.477119505405426,16.96531105041504,58.82965850830078,13118.585149901235,998.0634765625,655.454833984375,65.67266583442688,0.03813805431127548,0.025046277791261673
68.1,1900,24.99578094482422,0.47676342725753784,16.965232849121094,58.84573745727539,13119.59113658987,998.3316650390625,655.0159301757812,65.61105251312256,0.038160569965839386,0.025037553161382675
68.2,1900,24.925962448120117,0.47654345631599426,16.965879440307617,58.82288360595703,13122.515841806307,997.98193359375,654.8596801757812,65.61838388442993,0.038063060492277145,0.024976365268230438
68.3,1900,24.90084457397461,0.47604900598526,16.96556282043457,58.82506561279297,13122.430746756168,998.0003662109375,654.1759643554688,65.54867029190063,0.03806444630026817,0.02495073713362217
68.4,1900,24.860754013061523,0.47546640038490295,16.9664306640625,58.77898406982422,13128.223038593744,997.26953125,653.6637573242188,65.54534435272217,0.03803294152021408,0.024928821250796318
68.5,1900,24.941198348999023,0.47549569606781006,16.965789794921875,58.77751922607422,13126.561936587597,997.20703125,653.6212768554688,65.54519534111023,0.03815848380327225,0.025011053308844566
68.6,1900,25.019977569580078,0.4763568639755249,16.965072631835938,58.79324722290039,13122.21159785992,997.4317016601562,654.5880737304688,65.62735438346863,0.038222476840019226,0.025084402412176132
68.7,1900,25.068649291992188,0.47814178466796875,16.96402359008789,58.88016128540039,13113.292937193932,998.8444213867188,656.59423828125,65.73538780212402,0.03817981854081154,0.025097651407122612
68.8,1900,25.123929977416992,0.4798297882080078,16.963529586791992,59.00984191894531,13103.532651511498,1001.0151977539062,658.4218139648438,65.77540636062622,0.03815780207514763,0.025098450481891632
68.9,1900,25.190872192382812,0.48083558678627014,16.9626522064209,59.22356033325195,13091.542409241161,1004.5886840820312,659.1982421875,65.61872363090515,0.038214411586523056,0.02507580816745758
69,1900,25.234182357788086,0.48171305656433105,16.96224594116211,59.43476867675781,13083.705504829002,1008.1471557617188,660.005859375,65.46721458435059,0.03823326900601387,0.025030257180333138
69.1,1900,25.289268493652344,0.48274803161621094,16.96279525756836,59.613834381103516,13085.654531182881,1011.21728515625,661.5224609375,65.41842818260193,0.03822888806462288,0.025008738040924072
69.2,1900,25.302488327026367,0.48363369703292847,16.963665008544922,59.72020721435547,13094.119740143331,1013.0736083984375,663.164794921875,65.46067595481873,0.03815414756536484,0.024975962936878204
69.3,1900,25.327869415283203,0.48441609740257263,16.964067459106445,59.80165100097656,13100.37480917139,1014.479248046875,664.5549926757812,65.50700664520264,0.03811252862215042,0.024966375902295113
69.4,1900,25.343542098999023,0.4847879707813263,16.964643478393555,59.86660385131836,13105.144794721673,1015.6156005859375,665.3073120117188,65.5077874660492,0.03809298947453499,0.024953871965408325
69.5,1900,25.35761833190918,0.4841349720954895,16.965091705322266,59.90353775024414,13109.206043416001,1016.2689819335938,664.6170043945312,65.39774537086487,0.03815373033285141,0.02495167963206768
69.6,1900,25.38664436340332,0.4837578535079956,16.964597702026367,59.96287155151367,13109.540595188468,1017.2459716796875,664.1162719726562,65.28571248054504,0.038226205855607986,0.024956248700618744
69.7,1900,25.470605850219727,0.4837784767150879,16.964982986450195,60.016258239746094,13110.464983883818,1018.1748046875,664.19140625,65.23353457450867,0.03834829106926918,0.025015946477651596
69.8,1900,25.460216522216797,0.48383966088294983,16.96468162536621,60.08650588989258,13111.6644743851,1019.3484497070312,664.336181640625,65.17263054847717,0.03832429647445679,0.024976952001452446
69.9,1900,25.423147201538086,0.4843981862068176,16.964723587036133,60.131595611572266,13115.936712176348,1020.1159057617188,665.3197631835938,65.22002220153809,0.038211919367313385,0.024921821430325508
70,1900,25.390798568725586,0.48428311944007874,16.9656982421875,60.10041809082031,13120.91302408108,1019.6455688476562,665.4141235351562,65.25935530662537,0.03815789148211479,0.02490159310400486
70.1,1900,25.36562728881836,0.48378750681877136,16.966325759887695,60.06414031982422,13126.478007223075,1019.0677490234375,665.0150756835938,65.2571976184845,0.038142938166856766,0.02489101141691208
70.2,1900,25.377172470092773,0.48339879512786865,16.96653175354004,60.02074432373047,13126.508315049154,1018.3438720703125,664.4822998046875,65.25126695632935,0.038190893828868866,0.024920042604207993
70.3,1900,25.283763885498047,0.4827086925506592,16.966455459594727,60.0006103515625,13127.729953577182,1017.9976806640625,663.5953979492188,65.18633961677551,0.03810117393732071,0.024836760014295578
70.4,1900,25.298707962036133,0.48185446858406067,16.96644401550293,59.97454071044922,13126.694824748089,1017.5546875,662.3688354492188,65.0941789150238,0.03819429129362106,0.02486225962638855
70.5,1900,25.326236724853516,0.4819931983947754,16.965322494506836,60.03551483154297,13120.526016455786,1018.5218505859375,662.2481689453125,65.02051949501038,0.03824281692504883,0.02486567758023739
70.6,1900,25.457935333251953,0.48231229186058044,16.964794158935547,60.09912109375,13112.774207093767,1019.5692138671875,662.2951049804688,64.95832204818726,0.038438960909843445,0.024969305843114853
70.7,1900,25.538185119628906,0.48372817039489746,16.9636173248291,60.259010314941406,13103.63756321715,1022.2108154296875,663.7764892578125,64.93538618087769,0.03847407177090645,0.02498328685760498
70.8,1900,25.595468521118164,0.48525911569595337,16.96363639831543,60.41996765136719,13098.217125091827,1024.9423828125,665.601806640625,64.94041681289673,0.03845462575554848,0.024972593411803246
70.9,1900,25.571372985839844,0.48548465967178345,16.964584350585938,60.504756927490234,13100.638254121137,1026.4381103515625,666.0343017578125,64.88791704177856,0.03839347884058952,0.024912729859352112
71,1950,25.47197151184082,0.4853134751319885,16.96584129333496,60.518157958984375,13109.676980405813,1026.741455078125,666.2587890625,64.89061117172241,0.038231346756219864,0.024808553978800774
71.1,1950,25.358610153198242,0.48829418420791626,16.953994750976562,61.17115783691406,13145.611570962654,1037.095458984375,672.1883544921875,64.8145079612732,0.037725456058979034,0.024451566860079765
71.2,1950,25.69295883178711,0.5009458065032959,16.928546905517578,63.72723388671875,13249.547597751493,1078.8094482421875,695.0570068359375,64.42815065383911,0.036965254694223404,0.023816030472517014
71.3,1950,26.140085220336914,0.5099648237228394,16.929840087890625,65.93339538574219,13380.985645334034,1116.2418212890625,714.5900268554688,64.0174925327301,0.036580536514520645,0.023417940363287926
71.4,1950,26.557405471801758,0.5161045789718628,16.936635971069336,67.49028015136719,13489.279004964259,1143.058349609375,729.0462036132812,63.780319690704346,0.03642760217189789,0.02323364093899727
71.5,1950,26.807308197021484,0.521255612373352,16.942401885986328,68.59986877441406,13575.568882862533,1162.24658203125,741.0327758789062,63.75865340232849,0.03617560490965843,0.023065079003572464
71.6,1950,27.033788681030273,0.5249655842781067,16.945823669433594,69.48281860351562,13635.446656020258,1177.443603515625,749.5986938476562,63.663238286972046,0.03606434911489487,0.02295973151922226
71.7,1950,27.15190315246582,0.5275702476501465,16.94917869567871,70.13971710205078,13685.312355401984,1188.810546875,756.0728149414062,63.59909772872925,0.03591175749897957,0.022839553654193878
71.8,1950,27.328125,0.529901921749115,16.950698852539062,70.70955657958984,13720.765517798447,1198.576416015625,761.3817138671875,63.52384090423584,0.035892803221940994,0.022800486534833908
71.9,1950,27.54496955871582,0.5327280163764954,16.94970703125,71.30757141113281,13735.884460268431,1208.6424560546875,766.2858276367188,63.40053677558899,0.0359460785984993,0.022790007293224335
72,1950,27.663021087646484,0.5356547236442566,16.95040512084961,71.85004425048828,13746.697360064234,1217.8873291015625,771.1021728515625,63.314735889434814,0.03587464988231659,0.02271394059062004
72.1,1950,27.83060646057129,0.537577211856842,16.95079231262207,72.33218383789062,13756.640658388751,1226.0877685546875,774.429443359375,63.16264271736145,0.03593691810965538,0.02269870601594448
72.2,1950,27.950056076049805,0.5395582318305969,16.951284408569336,72.7815933227539,13767.858051094121,1233.741455078125,777.9171142578125,63.053494691848755,0.035929352045059204,0.022654710337519646
72.3,1950,27.962690353393555,0.5408934950828552,16.95278549194336,73.10128021240234,13782.79747797888,1239.270263671875,780.6884155273438,62.99581527709961,0.035817988216876984,0.022563833743333817
72.4,1950,27.992835998535156,0.5419347882270813,16.954275131225586,73.3250503540039,13801.323719511298,1243.173095703125,783.2427368164062,63.00351619720459,0.03573966771364212,0.0225172471255064
72.5,1950,28.030759811401367,0.542640745639801,16.955080032348633,73.52361297607422,13813.107635427186,1246.5987548828125,784.9326782226562,62.96594738960266,0.03571103513240814,0.022485792636871338
72.6,1950,28.110994338989258,0.5438271164894104,16.95455551147461,73.75006103515625,13817.705099505954,1250.3995361328125,786.9105834960938,62.93273568153381,0.0357232391834259,0.022481610998511314
72.7,1950,28.116214752197266,0.5442054867744446,16.956464767456055,73.84784698486328,13830.142965053736,1252.1983642578125,788.1669311523438,62.94265389442444,0.03567291796207428,0.02245348133146763
72.8,1950,28.095613479614258,0.5434785485267639,16.957942962646484,73.8506088256836,13845.746832740953,1252.3543701171875,788.0021362304688,62.921661138534546,0.03565423563122749,0.022434234619140625
72.9,1950,28.198068618774414,0.5428582429885864,16.95742416381836,73.89678192138672,13849.578441368467,1253.09912109375,787.3206176757812,62.82987594604492,0.03581523150205612,0.022502664476633072
73,1950,28.299787521362305,0.5437868237495422,16.956167221069336,74.05113983154297,13842.442114012934,1255.62353515625,788.2609252929688,62.778449058532715,0.035901546478271484,0.022538434714078903
73.1,1950,28.290401458740234,0.5447713136672974,16.955808639526367,74.23324584960938,13837.244321840717,1258.6846923828125,789.3915405273438,62.71559000015259,0.03583823889493942,0.022476162761449814
73.2,1950,28.265810012817383,0.5449248552322388,16.957061767578125,74.29363250732422,13843.943517089368,1259.8017578125,789.9962768554688,62.70798444747925,0.0357796736061573,0.02243671379983425
73.3,1950,28.230199813842773,0.5444720983505249,16.957700729370117,74.3138427734375,13849.401257154477,1260.19189453125,789.651123046875,62.661176919937134,0.035750217735767365,0.022401507943868637
73.4,1950,28.261795043945312,0.5446182489395142,16.957242965698242,74.39740753173828,13849.707832472104,1261.574951171875,789.8805541992188,62.610673904418945,0.03577983379364014,0.022401995956897736
73.5,1950,28.292739868164062,0.5451834201812744,16.95646858215332,74.51709747314453,13846.581463643692,1263.546875,790.521728515625,62.56370544433594,0.035789959132671356,0.02239152416586876
73.6,1950,28.246807098388672,0.5458042025566101,16.95723533630371,74.57515716552734,13848.241399964221,1264.5885009765625,791.5167846679688,62.59085536003113,0.03568693622946739,0.02233675867319107
73.7,1950,28.192459106445312,0.5461271405220032,16.958250045776367,74.57892608642578,13853.33078337393,1264.72802734375,792.276123046875,62.64399290084839,0.03558413311839104,0.02229132130742073
73.8,1950,28.179889678955078,0.5462048053741455,16.959320068359375,74.50249481201172,13864.93168664774,1263.5115966796875,793.0523681640625,62.765735387802124,0.03553345426917076,0.022302832454442978
73.9,1950,28.206222534179688,0.5460241436958313,16.957971572875977,74.55536651611328,13863.310217952616,1264.3077392578125,792.6973266601562,62.698131799697876,0.035582587122917175,0.022309616208076477
74,1950,28.262889862060547,0.5458523631095886,16.957555770874023,74.61869049072266,13859.005340964053,1265.3505859375,792.201904296875,62.607306241989136,0.035676371306180954,0.022336015477776527
74.1,1950,28.30748748779297,0.5455400347709656,16.95747184753418,74.66584014892578,13854.692304176164,1266.1439208984375,791.502197265625,62.51281499862671,0.03576425462961197,0.022357244044542313
74.2,1950,28.268733978271484,0.5453031063079834,16.957950592041016,74.70561218261719,13855.350916550531,1266.8541259765625,791.196044921875,62.45360970497131,0.03572911396622658,0.022314120084047318
74.3,1950,28.162458419799805,0.544645369052887,16.95948600769043,74.66744232177734,13864.98064544371,1266.3214111328125,790.7909545898438,62.447887659072876,0.03561302646994591,0.022239580750465393
74.4,1950,28.00213623046875,0.5432735085487366,16.96198081970215,74.43877410888672,13885.171486039131,1262.6290283203125,789.9478149414062,62.56372928619385,0.03544808551669121,0.022177642211318016
74.5,1950,27.969284057617188,0.542741060256958,16.962158203125,74.22610473632812,13891.831047976757,1259.034912109375,789.5521240234375,62.710899114608765,0.03542423993349075,0.0222148597240448
74.6,1950,27.950946807861328,0.5428110957145691,16.960580825805664,74.16240692138672,13886.355822627373,1257.8375244140625,789.3427734375,62.75395154953003,0.035410404205322266,0.022221429273486137
74.7,1950,27.866077423095703,0.5410991907119751,16.962064743041992,73.98978424072266,13891.08734055225,1255.01953125,787.1214599609375,62.71786689758301,0.03540251404047012,0.022203700616955757
74.8,1950,27.921308517456055,0.5402477383613586,16.961538314819336,73.84209442138672,13889.188438679961,1252.4754638671875,785.7754516601562,62.73778676986694,0.035533446818590164,0.02229289710521698
74.9,1950,28.0631046295166,0.541550874710083,16.95848846435547,73.93122100830078,13869.226072465737,1253.76171875,786.5386962890625,62.73430585861206,0.03567923977971077,0.022383123636245728
75,1950,28.12299156188965,0.5428647994995117,16.957353591918945,74.09951782226562,13849.438559094266,1256.53173828125,787.3221435546875,62.65835762023926,0.03571980074048042,0.022381441667675972
75.1,1950,28.0822811126709,0.5430910587310791,16.95854377746582,74.18037414550781,13849.523654144405,1257.9910888671875,787.6551513671875,62.61214017868042,0.035653017461299896,0.022323114797472954
75.2,1950,28.12801742553711,0.5432716608047485,16.959001541137695,74.21640014648438,13852.911136551325,1258.635986328125,788.1098022460938,62.616175413131714,0.03569048270583153,0.022348014637827873
75.3,1950,28.12024688720703,0.5444233417510986,16.95794105529785,74.34220123291016,13847.236578961203,1260.690673828125,789.4569702148438,62.620991468429565,0.03561973199248314,0.022305428981781006
75.4,1950,28.0412654876709,0.5445725917816162,16.959922790527344,74.31631469726562,13859.767699358454,1260.39892578125,790.3880004882812,62.709349393844604,0.03547784686088562,0.022247927263379097
75.5,1950,28.1115779876709,0.5451392531394958,16.95893096923828,74.37882995605469,13854.709789460438,1261.385498046875,790.9217529296875,62.70262002944946,0.0355428084731102,0.022286271676421165
75.6,1950,28.160245895385742,0.545234739780426,16.958223342895508,74.48653411865234,13849.915324512169,1263.1593017578125,790.7864990234375,62.60386109352112,0.03561042621731758,0.02229350432753563
75.7,1950,28.290361404418945,0.5454208850860596,16.957250595092773,74.62211608886719,13844.311873744768,1265.3858642578125,790.7364501953125,62.48974800109863,0.03577723354101181,0.022357100620865822
75.8,1950,28.35529136657715,0.5460290312767029,16.956695556640625,74.78752136230469,13834.138935353436,1268.1492919921875,791.0364379882812,62.377238273620605,0.03584574535489082,0.022359585389494896
75.9,1950,28.412254333496094,0.546543538570404,16.956680297851562,74.97090148925781,13833.265836825292,1271.257568359375,791.7318115234375,62.279415130615234,0.03588620945811272,0.022349722683429718
76,2000,28.425434112548828,0.5469067692756653,16.957508087158203,75.10343170166016,13838.053307659851,1273.5670166015625,792.5322265625,62.229329347610474,0.03586659952998161,0.02231954224407673
76.1,2000,28.334144592285156,0.5485339760780334,16.948888778686523,75.6209487915039,13859.327070194719,1281.6910400390625,796.1122436523438,62.114208936691284,0.03559064120054245,0.022106844931840897
76.2,2000,28.541574478149414,0.5606648325920105,16.918371200561523,78.27883911132812,13944.268249832561,1324.3504638671875,818.7054443359375,61.81939244270325,0.034861836582422256,0.021551376208662987
76.3,2000,29.05925750732422,0.5765308141708374,16.887601852416992,82.61729431152344,14090.09668637362,1395.2080078125,850.6778564453125,60.971397161483765,0.03416012227535248,0.02082790434360504
76.4,2000,29.760717391967773,0.5898844003677368,16.891067504882812,86.17093658447266,14257.824858626598,1455.5191650390625,880.7421875,60.51052212715149,0.03379049897193909,0.020446807146072388
76.5,2000,30.37408447265625,0.6003352999687195,16.89826202392578,88.83732604980469,14385.885914972783,1501.1964111328125,904.39697265625,60.245078802108765,0.033584900200366974,0.02023325115442276
76.6,2000,30.806896209716797,0.6089542508125305,16.902673721313477,91.04598236083984,14477.168424374446,1538.9205322265625,923.202392578125,59.990257024765015,0.033369600772857666,0.02001851052045822
76.7,2000,31.126882553100586,0.6138467192649841,16.907007217407227,92.75111389160156,14554.332149566666,1568.143798828125,935.579833984375,59.661608934402466,0.03327015042304993,0.019849509000778198
76.8,2000,31.314247131347656,0.6205472350120544,16.910310745239258,94.09148406982422,14608.257931957101,1591.1162109375,949.2965087890625,59.66230034828186,0.03298679366707802,0.019680678844451904
76.9,2000,31.660844802856445,0.6227987408638,16.908430099487305,95.37140655517578,14636.177268202175,1612.580810546875,954.5617065429688,59.19466018676758,0.03316793963313103,0.019633648917078972
77,2000,31.711467742919922,0.6283602118492126,16.91118049621582,96.30738830566406,14660.3326055856,1628.671630859375,964.6752319335938,59.2307984828949,0.03287268802523613,0.019470755010843277
77.1,2000,31.755252838134766,0.6266368627548218,16.91514015197754,96.82795715332031,14694.517502029297,1637.8585205078125,964.2727661132812,58.87399911880493,0.03293181583285332,0.01938827708363533
77.2,2000,31.659873962402344,0.6276652216911316,16.917776107788086,97.12995147705078,14727.508736399806,1643.2227783203125,968.023681640625,58.91006588935852,0.03270568326115608,0.019266938790678978
77.3,2000,31.569150924682617,0.6267915368080139,16.920059204101562,97.23979949951172,14759.347107693768,1645.30322265625,968.7659912109375,58.880698680877686,0.032586973160505295,0.019187437370419502
77.4,2000,31.63306999206543,0.6235365271568298,16.918811798095703,97.3667221069336,14781.354086482575,1647.3292236328125,965.1720581054688,58.5901141166687,0.03277454152703285,0.019202640280127525
77.5,2000,31.80365753173828,0.6267033815383911,16.91415023803711,97.69706726074219,14775.330988892567,1652.462890625,969.6787109375,58.68082046508789,0.03279813751578331,0.019246216863393784
77.6,2000,31.82191276550293,0.6271820664405823,16.911176681518555,98.0823745727539,14768.243620333007,1658.6883544921875,969.9539184570312,58.477163314819336,0.03280765563249588,0.019184986129403114
77.7,2000,31.731109619140625,0.6261165738105774,16.910202026367188,98.31266021728516,14768.539704480067,1662.4869384765625,968.3255004882812,58.24559926986694,0.03276905417442322,0.019086532294750214
77.8,2000,31.676870346069336,0.6268544793128967,16.90885353088379,98.46833801269531,14774.082539595316,1664.9866943359375,969.83056640625,58.248549699783325,0.032662272453308105,0.019025299698114395
77.9,2000,31.528594970703125,0.6240878105163574,16.906530380249023,98.6364974975586,14778.575091968432,1667.6009521484375,965.84375,57.918161153793335,0.032643575221300125,0.01890655793249607
78,2000,31.614397048950195,0.6232987642288208,16.902921676635742,98.83380126953125,14776.434893173144,1670.5799560546875,964.48291015625,57.73341655731201,0.03277859836816788,0.018924204632639885
78.1,2000,31.792272567749023,0.6264133453369141,16.896291732788086,99.22623443603516,14757.949450637368,1676.555419921875,968.0897827148438,57.7427864074707,0.03284021094441414,0.018962852656841278
78.2,2000,31.961605072021484,0.6262051463127136,16.89242172241211,99.67416381835938,14738.630542884472,1683.738037109375,966.5011596679688,57.40211009979248,0.033069390803575516,0.018982527777552605
78.3,2000,31.777910232543945,0.6253452897071838,16.869985580444336,99.4278793334961,14741.68230783331,1677.346923828125,965.3739013671875,57.553619146347046,0.032917723059654236,0.018945341929793358
78.4,2000,31.760154724121094,0.6210265755653381,16.85479736328125,99.24921417236328,14744.393692581589,1672.825439453125,958.8832397460938,57.321178913116455,0.033122025430202484,0.018985934555530548
78.5,2000,31.622602462768555,0.6216698884963989,16.8304386138916,99.13101959228516,14735.958791447218,1668.4185791015625,959.327392578125,57.49920606613159,0.032963305711746216,0.018953638151288033
78.6,2000,31.570955276489258,0.6195608377456665,16.806575775146484,99.07588195800781,14720.478486435544,1665.1263427734375,955.0684814453125,57.357120513916016,0.03305622190237045,0.018960095942020416
78.7,2000,31.618549346923828,0.6204888820648193,16.79509925842285,99.02197265625,14712.745328043418,1663.0838623046875,955.99658203125,57.48336315155029,0.03307391330599785,0.019011998549103737
78.8,2000,31.610958099365234,0.618877112865448,16.7723331451416,99.00030517578125,14697.659024770748,1660.466064453125,952.5355834960938,57.36555457115173,0.03318611904978752,0.01903740130364895
78.9,2000,31.62671661376953,0.6197019815444946,16.758804321289062,98.98604583740234,14684.571872333545,1658.8878173828125,952.9558715820312,57.44547247886658,0.03318801894783974,0.01906501315534115
79,2000,31.52815055847168,0.6178217530250549,16.747507095336914,98.98213958740234,14679.60605159938,1657.7041015625,949.7432250976562,57.29268789291382,0.033196497708559036,0.019019166007637978
79.1,2000,31.573755264282227,0.6194735765457153,16.75511932373047,98.9752197265625,14683.138079022976,1658.3416748046875,952.5116577148438,57.43759870529175,0.033147893846035004,0.019039355218410492
79.2,2000,31.542539596557617,0.6169217824935913,16.759395599365234,98.98416900634766,14679.610714341852,1658.914794921875,948.3600463867188,57.16749429702759,0.03326008841395378,0.019013959914445877
79.3,2000,31.421276092529297,0.6190764904022217,16.766447067260742,98.98085021972656,14689.4036392216,1659.55712890625,952.3072509765625,57.38321542739868,0.032994892448186874,0.018933530896902084
79.4,2000,31.41327667236328,0.6173494458198547,16.779653549194336,98.97901916503906,14703.661140019625,1660.8336181640625,950.5723266601562,57.23465085029602,0.033046696335077286,0.01891416124999523
79.5,2000,31.322994232177734,0.6175965070724487,16.80689239501953,98.9789047241211,14725.556212989071,1663.52783203125,952.3687744140625,57.249945402145386,0.03288956359028816,0.018829258158802986
79.6,2000,31.265920639038086,0.617777943611145,16.840106964111328,98.98102569580078,14754.775288698604,1666.85107421875,954.5388793945312,57.2659969329834,0.03275499865412712,0.018757477402687073
79.7,2000,31.263032913208008,0.6151997447013855,16.850236892700195,98.98152923583984,14764.7745399328,1667.8621826171875,951.199462890625,57.03105330467224,0.032866958528757095,0.018744373694062233
79.8,2000,31.34008026123047,0.6179240345954895,16.847061157226562,98.96852111816406,14754.686696591609,1667.3287353515625,954.7588500976562,57.262784242630005,0.032825127243995667,0.018796581774950027
79.9,2000,31.354812622070312,0.6160129308700562,16.82942771911621,98.97119903564453,14737.421726898245,1665.628662109375,950.6922607421875,57.077085971832275,0.032981034368276596,0.018824612721800804
80,2000,31.296661376953125,0.6168766021728516,16.83189582824707,98.96453857421875,14736.845878202781,1665.7608642578125,951.9879760742188,57.15034008026123,0.03287506103515625,0.018788209185004234
80.1,2000,31.341642379760742,0.6171509027481079,16.838993072509766,98.9528579711914,14743.196533451544,1666.2664794921875,952.8217163085938,57.18303322792053,0.032893501222133636,0.018809501081705093
80.2,2000,31.43339729309082,0.6157515048980713,16.83702850341797,98.94937133789062,14737.797077667354,1666.013427734375,950.31298828125,57.04113841056824,0.03307688981294632,0.018867433071136475
80.3,2000,31.44627571105957,0.6181415915489197,16.828683853149414,98.95172119140625,14726.382684092481,1665.2271728515625,953.2628173828125,57.24521279335022,0.032988041639328,0.018884073942899704
80.4,2000,31.49539566040039,0.6150277256965637,16.81751251220703,98.96923828125,14716.468527908424,1664.4163818359375,947.822265625,56.946223974227905,0.033229220658540726,0.01892278529703617
80.5,2000,31.38478660583496,0.6182171702384949,16.81308364868164,98.9498291015625,14709.864918880477,1663.6517333984375,952.31005859375,57.242149114608765,0.032956480979919434,0.01886499859392643
80.6,2000,31.36111068725586,0.6159016489982605,16.80097770690918,98.97509002685547,14693.62575253126,1662.8782958984375,947.69580078125,56.99129104614258,0.0330919586122036,0.018859535455703735
80.7,2000,31.412965774536133,0.617723822593689,16.793752670288086,98.97369384765625,14687.799655810753,1662.1397705078125,950.1227416992188,57.16262459754944,0.033062007278203964,0.018899112939834595
80.8,2000,31.404848098754883,0.614899754524231,16.7988338470459,98.98174285888672,14690.620615007158,1662.77783203125,945.960693359375,56.89038038253784,0.03319889307022095,0.018886977806687355
80.9,2000,31.29479217529297,0.6160094141960144,16.81556510925293,98.9809799194336,14701.54775199356,1664.421142578125,948.3726806640625,56.9791316986084,0.03299841284751892,0.018802208825945854
81,1000,31.331771850585938,0.6154211163520813,16.829755783081055,98.98464965820312,14714.045067507877,1665.887451171875,948.2723388671875,56.92295432090759,0.03304089978337288,0.018807856366038322
81.1,1000,31.351795196533203,0.617260217666626,16.838300704956055,98.97266387939453,14720.916784228044,1666.531494140625,951.5503540039062,57.097649574279785,0.032948121428489685,0.018812602385878563
81.2,1000,31.357723236083984,0.6150708794593811,16.837812423706055,98.97665405273438,14716.25987018274,1666.55029296875,947.8753662109375,56.876492500305176,0.03308211639523506,0.01881594769656658
81.3,1000,31.482337951660156,0.6177752614021301,16.82840919494629,98.97180938720703,14700.500966308282,1665.5380859375,951.0235595703125,57.100075483322144,0.033103637397289276,0.01890220120549202
81.4,1000,31.58812713623047,0.6185427904129028,16.868221282958984,98.88697814941406,14686.02315092839,1668.0474853515625,951.267333984375,57.028794288635254,0.03320636227726936,0.018937187269330025
81.5,1000,31.52181625366211,0.6152141094207764,17.02945899963379,96.04032897949219,14681.340591799482,1635.514892578125,945.846435546875,57.83172249794006,0.03332656994462013,0.01927332952618599
81.6,1000,30.96968650817871,0.5887055397033691,17.09128761291504,88.87495422363281,14526.752027836532,1518.9874267578125,895.5612182617188,58.95777344703674,0.034581318497657776,0.020388375967741013
81.7,1000,29.80425262451172,0.5501804351806641,17.119285583496094,79.56661987304688,14218.611194425344,1362.1236572265625,819.201904296875,60.141521692276,0.03638206049799919,0.021880723536014557
81.8,1000,28.159008026123047,0.5063014030456543,17.127967834472656,69.72383880615234,13805.078392888,1194.2276611328125,731.9419555664062,61.28998398780823,0.03847164288163185,0.02357926219701767
81.9,1000,26.079206466674805,0.4604441821575165,17.128225326538086,60.03329849243164,13332.553739262876,1028.263916015625,642.86376953125,62.519341707229614,0.04056723788380623,0.025362368673086166
82,1000,25.491971969604492,0.44533759355545044,17.124099731445312,58.048404693603516,13201.53533850294,994.0266723632812,615.662109375,61.93617582321167,0.04140578582882881,0.02564515918493271
