Time (s),Powertrain 1 - ESC throttle (μs),Powertrain 1 - force Fz (thrust) (N),Powertrain 1 - torque MZ (torque) (N⋅m),Powertrain 1 - voltage (V),Powertrain 1 - current (A),Powertrain 1 - rotation speed (rpm),Powertrain 1 - electrical power (W),Powertrain 1 - mechanical power (W),Powertrain 1 - motor & ESC efficiency (%),Powertrain 1 - propeller efficiency (N/W),Powertrain 1 - powertrain efficiency (N/W)
0,0,-0.009718446992337704,0.000506020151078701,17.03057098388672,0.027171026915311813,0,0.4627380967140198,0,0,0,-0.021002046763896942
0.1,0,-0.005629467312246561,0.00025208533043041825,17.030563354492188,0.017113912850618362,0,0.2914595901966095,0,0,0,-0.01931474544107914
0.2,0,-0.003349543083459139,0.0001391028636135161,17.030567169189453,0.0030550609808415174,70.39036774956121,0.05202941969037056,0.0010253636864945292,1.970738172531128,-3.2666878700256348,-0.06437786668539047
0.3,0,-0.0023347199894487858,0.000070833062636666,17.03055191040039,0.009721367619931698,145.9556784118365,0.1655602604150772,0.0010826438665390015,0.6539274007081985,-2.156498432159424,-0.014101935550570488
0.4,0,-0.002359541365876794,0.00005747233080910519,17.03056526184082,-0.0026279150042682886,221.52097541373342,-0.04475487768650055,0.0013332214439287782,-2.9789410531520844,-1.76980459690094,0.05272143334150314
0.5,0,-0.001177394762635231,0.00002055662844213657,17.030576705932617,0.0035416665486991405,297.0862906294682,0.060316622257232666,0.000639533216599375,1.060293521732092,-1.84102201461792,-0.019520236179232597
0.6,0,-0.0014033676125109196,0.00005329760460881516,17.030576705932617,-0.0044409180991351604,372.6515876313651,-0.07563139498233795,0.0020798847544938326,-2.750028297305107,-0.6747333407402039,0.018555358052253723
0.7,0,-0.0012972450349479914,0.000021287571144057438,17.03056526184082,-0.009801959618926048,448.21690284709985,-0.16693291068077087,0.000999178271740675,-0.5985507741570473,-1.2983119487762451,0.007771056145429611
0.8,0,-0.0009669592836871743,0.00002723380566749256,17.03057861328125,-0.009456665255129337,523.782181635159,-0.16105248034000397,0.0014937835512682796,-0.9275135584175587,-0.6473222374916077,0.006004001013934612
0.9,0,-0.0009216901380568743,0.000019971508663729765,17.030582427978516,0.00171363924164325,599.3475332785692,0.02918427437543869,0.0012534823035821319,4.295060783624649,-0.7353036403656006,-0.03158174082636833
1,1250,-0.0008771271677687764,0.000023725053324596956,17.03059959411621,-0.0018511805683374405,674.9128120666285,-0.03152671456336975,0.0016768085770308971,-5.318691208958626,-0.5230932235717773,0.02782171219587326
1.1,1250,0.007270862814038992,0.0009829722112044692,17.03056526184082,-0.0008731299312785268,750.4780908546876,-0.014869896695017815,0.07725167274475098,-200,0.09411916881799698,-0.4889652729034424
1.2,1250,0.029865039512515068,0.017017250880599022,17.029645919799805,0.04790917783975601,826.0434424980979,0.8158763647079468,1.4720443487167358,180.4249405860901,0.02028813771903515,0.0366048589348793
1.3,1250,0.06701741367578506,0.02791794389486313,17.028310775756836,0.21631217002868652,901.608721286157,3.6834309101104736,2.6359074115753174,71.56120538711548,0.02542479895055294,0.0181942917406559
1.4,1250,0.14770792424678802,0.03585917502641678,17.027095794677734,0.4602593779563904,1080.2718989034613,7.836880683898926,4.05659818649292,51.76292061805725,0.036411769688129425,0.018847795203328133
1.5,1250,0.29016852378845215,0.042546387761831284,17.026086807250977,0.7776252627372742,1421.4029467102423,13.239914894104004,6.332985877990723,47.83252775669098,0.045818597078323364,0.021916192024946213
1.6,1250,0.500728189945221,0.04828547686338425,17.025373458862305,1.1384819746017456,1847.8050631848596,19.383081436157227,9.343321800231934,48.203492164611816,0.053592097014188766,0.025833262130618095
1.7,1250,0.7712797522544861,0.05430971086025238,17.024734497070312,1.555211067199707,2311.1382857093026,26.477054595947266,13.144135475158691,49.64349567890167,0.05867861956357956,0.0291301179677248
1.8,1250,1.0945836305618286,0.05809791013598442,17.025634765625,1.9485933780670166,2779.841384745372,33.17604064941406,16.912551879882812,50.97821354866028,0.06472019106149673,0.032993197441101074
1.9,1250,1.3953170776367188,0.05190161243081093,17.02985191345215,1.9991551637649536,3150.9306986544207,34.04531478881836,17.125699996948242,50.30266046524048,0.08147504180669785,0.04098411276936531
2,1250,1.587233543395996,0.04433710128068924,17.03179931640625,1.912788987159729,3372.922410705751,32.57823944091797,15.660378456115723,48.07006120681763,0.10135345906019211,0.048720669001340866
2.1,1250,1.6766963005065918,0.038869377225637436,17.032062530517578,1.8165284395217896,3480.982341790903,30.939226150512695,14.168961524963379,45.79610824584961,0.11833586543798447,0.054193221032619476
2.2,1250,1.7085179090499878,0.03572646528482437,17.031755447387695,1.761128544807434,3521.894409938092,29.9951114654541,13.176345825195312,43.92831325531006,0.1296655237674713,0.05695987865328789
2.3,1250,1.7127224206924438,0.03418097272515297,17.031370162963867,1.7282257080078125,3530.185348898598,29.434051513671875,12.636027336120605,42.929962277412415,0.13554279506206512,0.05818846821784973
2.4,1250,1.717531681060791,0.03348178416490555,17.031198501586914,1.7097893953323364,3526.1130261908966,29.119762420654297,12.363272666931152,42.4566388130188,0.1389220952987671,0.058981649577617645
2.5,1250,1.722525954246521,0.033087775111198425,17.03115463256836,1.693398118019104,3520.947581794588,28.840524673461914,12.199885368347168,42.30118989944458,0.1411919742822647,0.059725888073444366
2.6,1250,1.7189624309539795,0.03282250463962555,17.03099822998047,1.6868116855621338,3515.957864505246,28.728086471557617,12.084925651550293,42.06658899784088,0.14224021136760712,0.05983560532331467
2.7,1250,1.713339924812317,0.0326726920902729,17.030961990356445,1.6837708950042725,3511.6439534531414,28.676239013671875,12.015007019042969,41.89882278442383,0.14259999990463257,0.05974772199988365
2.8,1250,1.7080632448196411,0.03257143497467041,17.030933380126953,1.6814911365509033,3508.1570963472554,28.63736343383789,11.965877532958984,41.78414344787598,0.1427445113658905,0.05964456871151924
2.9,1250,1.7106132507324219,0.03267087787389755,17.030879974365234,1.6789590120315552,3505.845250344665,28.594148635864258,11.994500160217285,41.947394609451294,0.14261646568775177,0.059823889285326004
3,1250,1.7141109704971313,0.03272270783782005,17.030847549438477,1.656026840209961,3504.1876453953732,28.203540802001953,12.007848739624023,42.57567822933197,0.14274922013282776,0.060776446014642715
3.1,1250,1.7144935131072998,0.03272934630513191,17.030881881713867,1.6466771364212036,3503.3168782384664,28.044363021850586,12.00730037689209,42.815378308296204,0.14278759062290192,0.06113504618406296
3.2,1250,1.7116860151290894,0.032698534429073334,17.030858993530273,1.6538419723510742,3502.778622904194,28.166349411010742,11.994153022766113,42.583271861076355,0.14271003007888794,0.06077060103416443
3.3,1250,1.7077189683914185,0.032674841582775116,17.030847549438477,1.6643977165222168,3502.3808326869325,28.34610366821289,11.984101295471191,42.27777421474457,0.1424987018108368,0.06024527922272682
3.4,1250,1.7030353546142578,0.03263509273529053,17.03093147277832,1.6524063348770142,3502.156729626805,28.142019271850586,11.968756675720215,42.529845237731934,0.14229007065296173,0.06051575019955635
3.5,1250,1.7063714265823364,0.03274976462125778,17.030874252319336,1.6595832109451294,3502.212391115081,28.26415252685547,12.011003494262695,42.49553680419922,0.14206735789775848,0.060372281819581985
3.6,1250,1.7119359970092773,0.032791800796985626,17.030824661254883,1.6583439111709595,3501.757773723925,28.242963790893555,12.024858474731445,42.57647693157196,0.1423664093017578,0.06061460077762604
3.7,1250,1.7158546447753906,0.03274606540799141,17.030902862548828,1.6562414169311523,3501.850445730584,28.207286834716797,12.008405685424805,42.57199764251709,0.14288780093193054,0.060830190777778625
3.8,1250,1.7112418413162231,0.03273570165038109,17.0308837890625,1.6560806035995483,3501.8597712155306,28.20451545715332,12.004636764526367,42.56281852722168,0.14254841208457947,0.06067261844873428
3.9,1250,1.706130027770996,0.03273734450340271,17.030847549438477,1.6714682579040527,3501.739997018245,28.466520309448242,12.004828453063965,42.171743512153625,0.14212031662464142,0.05993461608886719
4,1250,1.7048217058181763,0.032690729945898056,17.030933380126953,1.6710693836212158,3501.6770499948543,28.459871292114258,11.987519264221191,42.12077856063843,0.14221638441085815,0.059902649372816086
4.1,1250,1.7062050104141235,0.03266289085149765,17.030866622924805,1.6740723848342896,3501.7318372189166,28.51090431213379,11.977498054504395,42.01023876667023,0.14245086908340454,0.05984394624829292
4.2,1250,1.7104954719543457,0.03282899409532547,17.03080940246582,1.6736352443695068,3501.4468270852303,28.50336265563965,12.037428855895996,42.23161041736603,0.142098069190979,0.06001030281186104
4.3,1250,1.7140332460403442,0.03279731050133705,17.030855178833008,1.6811959743499756,3501.435170229047,28.632205963134766,12.025771141052246,42.00085699558258,0.14253000915050507,0.05986382067203522
4.4,1250,1.7139654159545898,0.03277571499347687,17.030881881713867,1.6755516529083252,3501.5179339079496,28.536121368408203,12.018136978149414,42.11552143096924,0.14261490106582642,0.060063011944293976
4.5,1250,1.7097537517547607,0.03279813751578331,17.030813217163086,1.690468192100525,3501.6887068510378,28.790048599243164,12.026945114135742,41.77466332912445,0.14216026663780212,0.0593869723379612
4.6,1250,1.7048189640045166,0.03274918720126152,17.030900955200195,1.678492546081543,3501.8282977038352,28.586240768432617,12.00947380065918,42.011380195617676,0.14195616543293,0.05963774770498276
4.7,1250,1.7064305543899536,0.032835885882377625,17.03093910217285,1.6768523454666138,3501.986539526526,28.55837059020996,12.0418119430542,42.16561317443848,0.14170879125595093,0.05975237861275673
4.8,1250,1.7098764181137085,0.03294917196035385,17.030853271484375,1.6735917329788208,3501.7942013994984,28.502695083618164,12.082693099975586,42.39140450954437,0.14151450991630554,0.059989988803863525
4.9,1250,1.7142314910888672,0.03290446475148201,17.0308895111084,1.6808629035949707,3502.1246732723002,28.626590728759766,12.067437171936035,42.154642939567566,0.14205430448055267,0.05988248810172081
5,1250,1.7153311967849731,0.03288940340280533,17.030895233154297,1.6812044382095337,3502.177129125126,28.632415771484375,12.062094688415527,42.12740659713745,0.14220841228961945,0.05990871042013168
5.1,1250,1.7094504833221436,0.03288373723626137,17.03082275390625,1.68204665184021,3502.07192599807,28.646638870239258,12.059654235839844,42.09797382354736,0.1417495459318161,0.05967368558049202
5.2,1250,1.7058287858963013,0.032836295664310455,17.030916213989258,1.6840695142745972,3501.9524432221892,28.68124771118164,12.041844367980957,41.985079646110535,0.14165842533111572,0.059475407004356384
5.3,1250,1.704108476638794,0.03277921304106712,17.03095817565918,1.6719650030136108,3502.035789743901,28.47516632080078,12.021197319030762,42.2164261341095,0.14175863564014435,0.05984542891383171
5.4,1250,1.7053648233413696,0.03288056701421738,17.030874252319336,1.6793886423110962,3501.9524432221892,28.601457595825195,12.058079719543457,42.15897023677826,0.14142921566963196,0.05962510406970978
5.5,1250,1.7097537517547607,0.032823801040649414,17.0308837890625,1.6805299520492554,3501.897655998127,28.62091064453125,12.037074089050293,42.05692410469055,0.14204064011573792,0.0597379244863987
5.6,1250,1.7095246315002441,0.032799527049064636,17.03095054626465,1.6788171529769897,3502.0704688910473,28.59185218811035,12.028765678405762,42.07060933113098,0.14211970567703247,0.05979062244296074
5.7,1250,1.7056214809417725,0.03288465738296509,17.03087615966797,1.6948553323745728,3502.0069390248473,28.864871978759766,12.059767723083496,41.78008437156677,0.14143070578575134,0.059089869260787964
5.8,1250,1.7002313137054443,0.03285178169608116,17.0308895111084,1.6925448179244995,3501.9579802288763,28.825544357299805,12.047542572021484,41.79467558860779,0.141126811504364,0.058983493596315384
5.9,1250,1.697033166885376,0.03280254825949669,17.030956268310547,1.679966926574707,3502.0188873024354,28.61144256591797,12.029696464538574,42.04505383968353,0.14107032120227814,0.0593130923807621
6,1300,1.7008055448532104,0.032865170389413834,17.03091049194336,1.6833033561706543,3501.963225814159,28.668188095092773,12.052471160888672,42.041271924972534,0.14111675322055817,0.059327274560928345
6.1,1300,1.715773582458496,0.03698393702507019,17.028636932373047,1.8053799867630005,3514.098304522575,30.743160247802734,13.609923362731934,44.269758462905884,0.1260678470134735,0.055809929966926575
6.2,1300,1.8421550989151,0.050695110112428665,17.024070739746094,2.298292875289917,3639.5826128094004,39.12630081176758,19.321741104125977,49.383002519607544,0.09534104913473129,0.04708227142691612
6.3,1300,2.1131348609924316,0.0561087504029274,17.026878356933594,2.587371587753296,3864.4430771674874,44.05486297607422,22.706287384033203,51.540935039520264,0.09306386858224869,0.04796598479151726
6.4,1300,2.3281970024108887,0.05396417900919914,17.030086517333984,2.6117115020751953,4048.075572575813,44.4776725769043,22.876142501831055,51.432865858078,0.10177402198314667,0.05234529823064804
6.5,1300,2.464155673980713,0.05073613300919533,17.03132438659668,2.5585873126983643,4159.569904914025,43.57612991333008,22.100109100341797,50.71609020233154,0.11149971187114716,0.05654828995466232
6.6,1300,2.542449474334717,0.048308443278074265,17.031478881835938,2.517634868621826,4216.425346684776,42.87904357910156,21.33025550842285,49.74517524242401,0.11919450759887695,0.05929351970553398
6.7,1300,2.5846521854400635,0.046918079257011414,17.031373977661133,2.502894163131714,4240.977891442653,42.62772750854492,20.83698272705078,48.88129234313965,0.12404157221317291,0.06063312292098999
6.8,1300,2.6012301445007324,0.046326894313097,17.031211853027344,2.4828310012817383,4249.00013986813,42.285621643066406,20.61334800720215,48.74789118766785,0.12619154155254364,0.06151571497321129
6.9,1300,2.601853370666504,0.04621691256761551,17.031126022338867,2.468318462371826,4250.018949098567,42.03824234008789,20.56934356689453,48.93007278442383,0.12649181485176086,0.06189253553748131
7,1300,2.5936572551727295,0.04618220403790474,17.03099822998047,2.472144365310669,4248.668210888305,42.103084564208984,20.54736328125,48.802509903907776,0.1262282282114029,0.06160254403948784
7.1,1300,2.5825164318084717,0.04613068327307701,17.0308837890625,2.476097583770752,4246.977966741699,42.17013168334961,20.51627540588379,48.65120053291321,0.12587647140026093,0.06124041974544525
7.2,1300,2.57259202003479,0.04619467630982399,17.030853271484375,2.467881917953491,4245.600417762215,42.03013610839844,20.538070678710938,48.86510968208313,0.125259667634964,0.061208274215459824
7.3,1300,2.5653293132781982,0.04614070802927017,17.03084945678711,2.4800636768341064,4244.468828448203,42.23759078979492,20.508609771728516,48.5553503036499,0.1250854879617691,0.06073569133877754
7.4,1300,2.5605342388153076,0.04609307646751404,17.03086280822754,2.4835681915283203,4243.7507661073005,42.29730987548828,20.483972549438477,48.428547382354736,0.12500183284282684,0.06053657457232475
7.5,1300,2.558753252029419,0.045911166816949844,17.030885696411133,2.4832072257995605,4243.361427110772,42.29121780395508,20.40125846862793,48.23994040489197,0.12542134523391724,0.06050318107008934
7.6,1300,2.557750701904297,0.04585249349474907,17.030879974365234,2.4794652462005615,4243.193568381729,42.227474212646484,20.374380111694336,48.24911057949066,0.12553758919239044,0.060570769011974335
7.7,1300,2.5599448680877686,0.04577002674341202,17.03084945678711,2.469539165496826,4243.160637763011,42.058349609375,20.33757972717285,48.35562705993652,0.1258726418018341,0.06086650863289833
7.8,1300,2.565656900405884,0.04570673033595085,17.03080940246582,2.462862253189087,4242.9948189838005,41.94453811645508,20.30866050720215,48.4178900718689,0.12633314728736877,0.061167843639850616
7.9,1300,2.5717790126800537,0.04569992423057556,17.030807495117188,2.466205596923828,4242.912638147707,42.00147247314453,20.30524253845215,48.344120383262634,0.12665590643882751,0.06123068556189537
8,1300,2.5792365074157715,0.04575665295124054,17.030826568603516,2.460139274597168,4242.858433766454,41.8982048034668,20.330188751220703,48.522815108299255,0.12686732411384583,0.06155959516763687
8.1,1300,2.5848710536956787,0.045811984688043594,17.030858993530273,2.465050220489502,4242.7954867430635,41.9819221496582,20.35447120666504,48.483893275260925,0.12699279189109802,0.06157105043530464
8.2,1300,2.586913585662842,0.04589163139462471,17.03086280822754,2.4661855697631836,4242.689117930389,42.00126647949219,20.389347076416016,48.54460060596466,0.12687574326992035,0.06159131973981857
8.3,1300,2.581465721130371,0.045987095683813095,17.030860900878906,2.4576284885406494,4242.641033398632,41.85552978515625,20.431529998779297,48.81440997123718,0.126347154378891,0.06167561933398247
8.4,1300,2.5707783699035645,0.046063341200351715,17.030818939208984,2.4657981395721436,4242.954602829968,41.99456024169922,20.466917037963867,48.737066984176636,0.12560652196407318,0.06121693551540375
8.5,1300,2.5631673336029053,0.0460357703268528,17.030855178833008,2.4756014347076416,4242.65677015448,42.1616096496582,20.453231811523438,48.511505126953125,0.12531845271587372,0.06079386919736862
8.6,1300,2.5549705028533936,0.04614891856908798,17.030860900878906,2.4878644943237305,4242.495322696339,42.37047576904297,20.502721786499023,48.38917255401611,0.12461616098880768,0.06030073016881943
8.7,1300,2.5537831783294678,0.04611119255423546,17.030881881713867,2.490859270095825,4242.481917311728,42.421531677246094,20.485897064208984,48.291271924972534,0.12466055154800415,0.06020016595721245
8.8,1300,2.5570743083953857,0.0459790900349617,17.030887603759766,2.4748785495758057,4242.030214134617,42.14937973022461,20.425031661987305,48.458680510520935,0.12519316375255585,0.06066695228219032
8.9,1300,2.5588629245758057,0.04588353633880615,17.03089714050293,2.4706854820251465,4242.188747378713,42.0779914855957,20.383346557617188,48.441824316978455,0.1255369335412979,0.06081238389015198
9,1300,2.561784267425537,0.045768119394779205,17.030860900878906,2.4817984104156494,4242.47317466959,42.26716232299805,20.333436965942383,48.10693562030792,0.12598875164985657,0.060609325766563416
9.1,1300,2.5666487216949463,0.045668914914131165,17.030776977539062,2.4776835441589355,4242.6821238166785,42.196876525878906,20.290363311767578,48.084986209869385,0.12649595737457275,0.060825563967227936
9.2,1300,2.5725855827331543,0.04568525776267052,17.030731201171875,2.4745917320251465,4243.070879970398,42.144107818603516,20.299484252929688,48.16683828830719,0.12673157453536987,0.06104259565472603
9.3,1300,2.581768035888672,0.04564320668578148,17.030786514282227,2.4723737239837646,4243.070588548993,42.106468200683594,20.280797958374023,48.165515065193176,0.12730111181735992,0.06131523475050926
9.4,1300,2.583958864212036,0.045659713447093964,17.03078269958496,2.4701385498046875,4242.94644303064,42.06839370727539,20.287538528442383,48.22513163089752,0.1273667961359024,0.06142280995845795
9.5,1300,2.584989309310913,0.04577440023422241,17.030813217163086,2.4762234687805176,4242.717385806634,42.17210006713867,20.337398529052734,48.22477102279663,0.1271052211523056,0.06129619851708412
9.6,1300,2.5826902389526367,0.04583984985947609,17.030811309814453,2.4775187969207764,4242.802480856773,42.194156646728516,20.366886138916016,48.269447684288025,0.126808300614357,0.06120966747403145
9.7,1300,2.5746617317199707,0.04599210247397423,17.03076934814453,2.4836761951446533,4242.920215104226,42.29891586303711,20.43509864807129,48.31116497516632,0.12599213421344757,0.060868266969919205
9.8,1300,2.566946268081665,0.045972857624292374,17.030725479125977,2.4777684211730957,4242.910015355066,42.19819259643555,20.426498413085938,48.406097292900085,0.12566746771335602,0.06083071604371071
9.9,1300,2.5594186782836914,0.04601720720529556,17.030717849731445,2.4739186763763428,4242.877667579157,42.13261032104492,20.446048736572266,48.5278457403183,0.12517914175987244,0.06074673682451248
10,1300,2.553828001022339,0.04600053280591965,17.030773162841797,2.4614264965057373,4242.673672595946,41.91999816894531,20.43765640258789,48.75395596027374,0.12495698779821396,0.060921475291252136
10.1,1300,2.5538928508758545,0.045911334455013275,17.030780792236328,2.45497727394104,4242.331835288365,41.8101806640625,20.39638328552246,48.78329634666443,0.12521302700042725,0.06108303740620613
10.2,1300,2.5525083541870117,0.04583960026502609,17.03082275390625,2.4501359462738037,4242.49415701072,41.72783279418945,20.365293502807617,48.8050639629364,0.1253361850976944,0.06117040663957596
10.3,1300,2.557105779647827,0.045711178332567215,17.030838012695312,2.4688878059387207,4242.6803752882515,42.0472297668457,20.309131622314453,48.300760984420776,0.12590916454792023,0.06081508472561836
10.4,1300,2.560143232345581,0.045621857047080994,17.030803680419922,2.4710140228271484,4242.621508164525,42.08335494995117,20.2691650390625,48.164328932762146,0.12630727887153625,0.06083505600690842
10.5,1300,2.5656871795654297,0.045494500547647476,17.03076934814453,2.4763126373291016,4243.134409836598,42.17350769042969,20.21502685546875,47.93299436569214,0.12691980600357056,0.060836464166641235
10.6,1300,2.5697662830352783,0.0453670509159565,17.030797958374023,2.4794974327087402,4243.59893555551,42.227821350097656,20.160602569580078,47.742465138435364,0.12746475636959076,0.06085481867194176
10.7,1300,2.571530818939209,0.04534327611327171,17.030786514282227,2.4753942489624023,4243.847518013623,42.15790939331055,20.151216506958008,47.79937267303467,0.1276116818189621,0.06099758669734001
10.8,1300,2.570570945739746,0.04534172639250755,17.03083038330078,2.4738433361053467,4243.564839251174,42.13160705566406,20.149187088012695,47.82439470291138,0.12757691740989685,0.061012886464595795
10.9,1300,2.569382905960083,0.04551510140299797,17.030807495117188,2.4758450984954834,4243.194734067348,42.16564178466797,20.224468231201172,47.9643315076828,0.12704329192638397,0.06093546375632286
11,1350,2.5622920989990234,0.04572438448667526,17.030742645263672,2.4703776836395264,4242.701066207977,42.072364807128906,20.31509780883789,48.286083340644836,0.1261274814605713,0.06090201810002327
11.1,1350,2.5798757076263428,0.052299946546554565,17.02663230895996,2.7124218940734863,4267.146367888966,46.18341064453125,23.370468139648438,50.60359835624695,0.11039041727781296,0.05586152523756027
11.2,1350,2.7699568271636963,0.06634272634983063,17.022308349609375,3.3309895992279053,4419.15206394306,56.701133728027344,30.70159149169922,54.14634346961975,0.09022193402051926,0.04885187745094299
11.3,1350,3.0867087841033936,0.07040933519601822,17.026456832885742,3.61152982711792,4635.414139758801,61.49155807495117,34.17805862426758,55.58171272277832,0.09031257778406143,0.05019727721810341
11.4,1350,3.349898338317871,0.06909994781017303,17.02952766418457,3.6555163860321045,4798.449553133712,62.25171661376953,34.72220230102539,55.77710270881653,0.09647712856531143,0.053812142461538315
11.5,1350,3.473090410232544,0.06644057482481003,17.03070640563965,3.641547203063965,4896.165772884445,62.01811981201172,34.06576156616211,54.92872595787048,0.10195252299308777,0.056001219898462296
11.6,1350,3.5823018550872803,0.0659579485654831,17.03092384338379,3.6096012592315674,4947.377256312556,61.47484588623047,34.17203140258789,55.58701157569885,0.10483140498399734,0.05827264487743378
11.7,1350,3.637733221054077,0.06530790030956268,17.03084373474121,3.5971875190734863,4971.436424632467,61.26313781738281,33.99979019165039,55.49795627593994,0.10699281841516495,0.05937882512807846
11.8,1350,3.62017822265625,0.06404261291027069,17.030847549438477,3.5816915035247803,4981.552827271306,60.99924087524414,33.40891647338867,54.76939678192139,0.10835964232683182,0.05934792011976242
11.9,1350,3.6424827575683594,0.06445614248514175,17.03084373474121,3.5733609199523926,4985.510912788411,60.85735321044922,33.65135955810547,55.295467376708984,0.10824177414178848,0.05985279753804207
12,1350,3.650876045227051,0.06426970660686493,17.030811309814453,3.5729429721832275,4986.925472286277,60.85011672973633,33.56354522705078,55.15773296356201,0.1087750494480133,0.05999784544110298
12.1,1350,3.6104280948638916,0.06337512284517288,17.03087615966797,3.5678460597991943,4987.290331884819,60.763545989990234,33.09878921508789,54.47145700454712,0.10908037424087524,0.05941766873002052
12.2,1350,3.6143407821655273,0.06371048092842102,17.03091049194336,3.5651614665985107,4987.157443724328,60.71794509887695,33.273048400878906,54.799360036849976,0.10862668603658676,0.059526730328798294
12.3,1350,3.6284289360046387,0.06386933475732803,17.03075408935547,3.5689969062805176,4986.152622721312,60.78270721435547,33.34928894042969,54.86640930175781,0.10880079120397568,0.059695083647966385
12.4,1350,3.5984160900115967,0.06311585009098053,17.030841827392578,3.5643367767333984,4985.154212989196,60.70365524291992,32.94926071166992,54.278868436813354,0.10921083390712738,0.05927840992808342
12.5,1350,3.596200942993164,0.0634225606918335,17.03077507019043,3.575399160385132,4984.507257471012,60.89181900024414,33.105079650878906,54.36703562736511,0.10862988978624344,0.05905885249376297
12.6,1350,3.630716562271118,0.0639357641339302,17.03073501586914,3.592822313308716,4983.713425564916,61.18840408325195,33.367645263671875,54.532623291015625,0.10880950093269348,0.05933667719364166
12.7,1350,3.6136982440948486,0.06345875561237335,17.0307674407959,3.568325996398926,4982.821676066879,60.771331787109375,33.112770080566406,54.48748469352722,0.10913307219743729,0.05946386605501175
12.8,1350,3.6015818119049072,0.0633816346526146,17.030672073364258,3.5606865882873535,4982.265061184118,60.64088439941406,33.06883239746094,54.53224182128906,0.1089116632938385,0.05939197167754173
12.9,1350,3.6397738456726074,0.06403316557407379,17.030757904052734,3.569946050643921,4982.4142689432665,60.798885345458984,33.409767150878906,54.95128035545349,0.108943410217762,0.0598657988011837
13,1350,3.6297194957733154,0.06388480216264725,17.030860900878906,3.565216064453125,4982.458564996764,60.71870040893555,33.3326530456543,54.896849393844604,0.10889381170272827,0.059779271483421326
13.1,1350,3.601710796356201,0.06317167729139328,17.030738830566406,3.564023971557617,4982.520929177345,60.697959899902344,32.96098327636719,54.30327653884888,0.10927194356918335,0.059338249266147614
13.2,1350,3.626483917236328,0.06378486007452011,17.030839920043945,3.5586373805999756,4982.966221083555,60.60658264160156,33.283897399902344,54.91795539855957,0.10895610600709915,0.05983646959066391
13.3,1350,3.6253159046173096,0.063780277967453,17.030805587768555,3.562528133392334,4983.61900502983,60.672725677490234,33.285865783691406,54.86133694648743,0.1089145764708519,0.05975198745727539
13.4,1350,3.5946226119995117,0.06293509900569916,17.030824661254883,3.5710253715515137,4984.044480280528,60.817508697509766,32.84758377075195,54.01008129119873,0.10943339020013809,0.05910506471991539
13.5,1350,3.6107051372528076,0.06375273317098618,17.03083038330078,3.5771572589874268,4984.017086668497,60.921958923339844,33.274147033691406,54.617661237716675,0.10851382464170456,0.05926771089434624
13.6,1350,3.6241424083709717,0.06388255208730698,17.0302734375,3.582000732421875,4983.756555932795,61.0024528503418,33.34016036987305,54.65380549430847,0.10870200395584106,0.05940978229045868
13.7,1350,3.5919697284698486,0.06304977089166641,17.02976417541504,3.560603141784668,4983.995521484557,60.63623046875,32.90711212158203,54.26971912384033,0.10915481299161911,0.0592380091547966
13.8,1350,3.5893423557281494,0.06359989196062088,17.029462814331055,3.558661937713623,4983.930825932738,60.60210037231445,33.19380187988281,54.77335453033447,0.10813290625810623,0.059228017926216125
13.9,1350,3.6200122833251953,0.06393969058990479,17.029226303100586,3.559453248977661,4983.1719645951935,60.6147346496582,33.366065979003906,55.04613518714905,0.10849382728338242,0.059721656143665314
14,1350,3.595686435699463,0.06327877938747406,17.029211044311523,3.5549137592315674,4983.279207672082,60.537376403808594,33.021888732910156,54.54793572425842,0.10888796299695969,0.05939614027738571
14.1,1350,3.580604076385498,0.06314312666654587,17.029077529907227,3.544656276702881,4983.799103457865,60.36222839355469,32.95453643798828,54.59463596343994,0.10865283757448196,0.05931862071156502
14.2,1350,3.6173930168151855,0.06369969248771667,17.0290470123291,3.5552384853363037,4983.970459243762,60.54232406616211,33.24615478515625,54.91390824317932,0.10880635678768158,0.059749823063611984
14.3,1350,3.603520154953003,0.06340328603982925,17.029056549072266,3.551175594329834,4983.986778842419,60.47317123413086,33.09156036376953,54.72106337547302,0.1088954359292984,0.05958874151110649
14.4,1350,3.5822558403015137,0.06292049586772919,17.029014587402344,3.551079511642456,4983.723916735482,60.47138595581055,32.837852478027344,54.30312156677246,0.10908922553062439,0.05923885852098465
14.5,1350,3.613424062728882,0.06354625523090363,17.029085159301758,3.5536930561065674,4983.450563457979,60.51613998413086,33.16261291503906,54.79961633682251,0.10896077752113342,0.05971008539199829
14.6,1350,3.60892391204834,0.06354209780693054,17.029083251953125,3.549722671508789,4983.250648374432,60.448524475097656,33.15911102294922,54.85512614250183,0.10883656144142151,0.05970243364572525
14.7,1350,3.5802197456359863,0.06290483474731445,17.02907943725586,3.555068016052246,4983.494276668666,60.53953552246094,32.828163146972656,54.225993156433105,0.1090593934059143,0.05913854017853737
14.8,1350,3.6039841175079346,0.06362749636173248,17.029102325439453,3.5633747577667236,4983.134662655406,60.68107223510742,33.202903747558594,54.71706986427307,0.1085442453622818,0.05939222872257233
14.9,1350,3.612396240234375,0.0636696144938469,17.029056549072266,3.5635626316070557,4983.25939101657,60.68410873413086,33.22571563720703,54.75192070007324,0.10872290283441544,0.05952787771821022
15,1350,3.5806832313537598,0.06291615217924118,17.029102325439453,3.5563066005706787,4983.129999912932,60.56071090698242,32.83167266845703,54.21282649040222,0.10906185954809189,0.059125516563653946
15.1,1350,3.5868377685546875,0.06358867883682251,17.029071807861328,3.5564377307891846,4983.352063023228,60.56283187866211,33.18409729003906,54.79283928871155,0.10808905959129333,0.059225063771009445
15.2,1350,3.6118104457855225,0.06387589126825333,17.029016494750977,3.5631465911865234,4983.813674528094,60.676883697509766,33.337066650390625,54.94195818901062,0.10834217816591263,0.05952531471848488
15.3,1350,3.584449291229248,0.06313996016979218,17.02909278869629,3.5709171295166016,4983.664466768946,60.809478759765625,32.951995849609375,54.188913106918335,0.10877791047096252,0.05894556641578674
15.4,1350,3.5754165649414062,0.06329628825187683,17.029043197631836,3.5764975547790527,4983.576457504761,60.90433120727539,33.032997131347656,54.237520694732666,0.10823772847652435,0.05870545655488968
15.5,1350,3.608034133911133,0.06371980160474777,17.02901268005371,3.57038950920105,4983.250065531623,60.800209045410156,33.2518424987793,54.690343141555786,0.10850629210472107,0.059342462569475174
15.6,1350,3.5922374725341797,0.06343719363212585,17.029094696044922,3.56162166595459,4982.803607939795,60.65119171142578,33.10139846801758,54.57666516304016,0.10852222144603729,0.05922781303524971
15.7,1350,3.5742814540863037,0.06309770792722702,17.029001235961914,3.565701484680176,4982.955147070181,60.720333099365234,32.92525863647461,54.22443151473999,0.10855743288993835,0.05886465311050415
15.8,1350,3.609616756439209,0.06357590109109879,17.029071807861328,3.5567409992218018,4982.657897237502,60.567996978759766,33.17280578613281,54.76952791213989,0.10881252586841583,0.05959610641002655
15.9,1350,3.6081762313842773,0.06368579715490341,17.029077529907227,3.567187786102295,4982.534917404766,60.74591827392578,33.22932815551758,54.70215678215027,0.10858408361673355,0.05939783900976181
16,1400,3.5842323303222656,0.06299369037151337,17.02903175354004,3.5630605220794678,4982.421263056976,60.675472259521484,32.86745834350586,54.169267416000366,0.10905109345912933,0.05907218158245087
16.1,1400,3.6484813690185547,0.0702219009399414,17.024192810058594,3.84348201751709,5006.870936059035,65.43218231201172,36.818626403808594,56.26990795135498,0.09909335523843765,0.055759742856025696
16.2,1400,3.875943660736084,0.0841345489025116,17.018905639648438,4.567759990692139,5156.7920948061155,77.73827362060547,45.43416976928711,58.445048332214355,0.0853089988231659,0.049858883023262024
16.3,1400,4.178935527801514,0.08828413486480713,17.023550033569336,4.938220024108887,5368.797086743647,84.06603240966797,49.63502883911133,59.042900800704956,0.08419327437877655,0.04971015453338623
16.4,1400,4.405878067016602,0.0872904509305954,17.027137756347656,5.03161096572876,5529.364452243109,85.67393493652344,50.54411315917969,58.99590253829956,0.08716896921396255,0.05142612010240555
16.5,1400,4.558041095733643,0.08546847850084305,17.02859115600586,5.027873516082764,5626.777302311667,85.61759948730469,50.36099624633789,58.82084369659424,0.09050736576318741,0.0532371960580349
16.6,1400,4.634232521057129,0.08418011665344238,17.029008865356445,5.020838260650635,5678.581536876707,85.4999008178711,50.05852127075195,58.54804515838623,0.0925762951374054,0.05420161411166191
16.7,1400,4.677587985992432,0.08371873199939728,17.029069900512695,5.006743907928467,5704.284321918491,85.26019287109375,50.009490966796875,58.65514278411865,0.09353400766849518,0.054862506687641144
16.8,1400,4.699049472808838,0.0830899029970169,17.029022216796875,5.006067752838135,5715.986056998285,85.2484359741211,49.73567581176758,58.342039585113525,0.09448045492172241,0.05512182414531708
16.9,1400,4.701432704925537,0.08325518667697906,17.029048919677734,5.011501789093018,5721.159952615327,85.34111022949219,49.87971878051758,58.447468280792236,0.09425539523363113,0.05508989468216896
17,1400,4.7132720947265625,0.08275698870420456,17.028995513916016,5.01329231262207,5723.203982347101,85.37133026123047,49.59895324707031,58.097904920578,0.09502764791250229,0.055209074169397354
17.1,1400,4.705045223236084,0.08303862065076828,17.029014587402344,5.006112575531006,5724.050852948832,85.24916076660156,49.775108337402344,58.38779807090759,0.09452606737613678,0.05519168823957443
17.2,1400,4.716715335845947,0.08272033929824829,17.0289249420166,5.006231784820557,5724.5946452897915,85.25074768066406,49.58903503417969,58.16844701766968,0.09511609375476837,0.055327557027339935
17.3,1400,4.702604293823242,0.08292719721794128,17.028982162475586,5.0015411376953125,5724.411632647711,85.17115783691406,49.71145248413086,58.36653709411621,0.09459800273180008,0.055213578045368195
17.4,1400,4.706337928771973,0.08281823247671127,17.02896499633789,5.000255107879639,5724.370833651068,85.149169921875,49.64577865600586,58.304476737976074,0.09479834884405136,0.055271685123443604
17.5,1400,4.70517635345459,0.08276819437742233,17.028961181640625,5.002740859985352,5724.159261711338,85.19148254394531,49.613948822021484,58.238160610198975,0.09483575075864792,0.05523059889674187
17.6,1400,4.710565090179443,0.08280167728662491,17.029016494750977,4.989710807800293,5724.017630908708,84.96986389160156,49.63279342651367,58.412230014801025,0.09490831941366196,0.05543806403875351
17.7,1400,4.708137035369873,0.08278420567512512,17.029014587402344,4.989455699920654,5724.342274353418,84.96551513671875,49.6251335144043,58.40620994567871,0.09487403929233551,0.055412329733371735
17.8,1400,4.701932430267334,0.08287106454372406,17.02906608581543,4.987264156341553,5724.583571276417,84.92845153808594,49.67929458618164,58.49546790122986,0.09464571624994278,0.055363453924655914
17.9,1400,4.6988606452941895,0.08250325173139572,17.029085159301758,4.987998962402344,5724.98398428632,84.94105529785156,49.46226119995117,58.23127627372742,0.09499890357255936,0.05531907454133034
18,1400,4.691519260406494,0.08267145603895187,17.02906608581543,4.983242034912109,5723.444113584481,84.85995483398438,49.54977035522461,58.3900511264801,0.0946829691529274,0.05528543144464493
18.1,1400,4.707533359527588,0.08234673738479614,17.02889060974121,4.9780778884887695,5722.391499471112,84.7711410522461,49.346073150634766,58.2109272480011,0.09539834409952164,0.05553226172924042
18.2,1400,4.719128131866455,0.08284678310155869,17.028892517089844,4.988391399383545,5721.929887966246,84.94677734375,49.64171600341797,58.43861103057861,0.09506375342607498,0.05555393546819687
18.3,1400,4.741548538208008,0.08267462998628616,17.02889060974121,4.9980573654174805,5721.05853796653,85.11137390136719,49.53102111816406,58.19553732872009,0.09572886675596237,0.05570992827415466
18.4,1400,4.7508745193481445,0.08325880765914917,17.028871536254883,5.0044026374816895,5720.080527732735,85.21932983398438,49.87247848510742,58.52249264717102,0.09526044875383377,0.05574879050254822
18.5,1400,4.771310806274414,0.08332744240760803,17.028827667236328,5.028731346130371,5718.836741177957,85.6333999633789,49.90273666381836,58.274853229522705,0.09561220556497574,0.055717870593070984
18.6,1400,4.771627902984619,0.0835212990641594,17.028907775878906,5.040205001831055,5719.356054120932,85.82918548583984,50.02337646484375,58.28247666358948,0.09538796544075012,0.055594466626644135
18.7,1400,4.777377128601074,0.083578921854496,17.02893829345703,5.042229652404785,5720.422073618912,85.86381530761719,50.06721878051758,58.31003189086914,0.0954192653298378,0.05563900247216225
18.8,1400,4.773849010467529,0.08363525569438934,17.029001235961914,5.03739070892334,5721.748623852593,85.78173065185547,50.11258316040039,58.41870903968811,0.09526248276233673,0.055651113390922546
18.9,1400,4.7722392082214355,0.08361239731311798,17.02907943725586,5.031706809997559,5723.207479403956,85.68533325195312,50.11166000366211,58.4833562374115,0.09523211419582367,0.055694933980703354
19,1400,4.775303363800049,0.08344448357820511,17.029029846191406,5.035501003265381,5723.02096970502,85.74969482421875,50.00939178466797,58.32020044326782,0.09548813104629517,0.05568886548280716
19.1,1400,4.771236419677734,0.08374417573213577,17.02906608581543,5.031283378601074,5723.533871377094,85.67805480957031,50.19350051879883,58.58384370803833,0.09505685418844223,0.05568796396255493
19.2,1400,4.780948638916016,0.08337028324604034,17.02903938293457,5.044571876525879,5724.032201978938,85.90421295166016,49.973751068115234,58.17381143569946,0.09566919505596161,0.055654413998126984
19.3,1400,4.778757095336914,0.08369983732700348,17.029067993164062,5.034228801727295,5723.521631678102,85.72822570800781,50.16681671142578,58.518439531326294,0.09525732696056366,0.055743101984262466
19.4,1400,4.785259246826172,0.08325256407260895,17.029027938842773,5.05073881149292,5723.980911811731,86.00917053222656,49.90274429321289,58.0202579498291,0.09589170664548874,0.05563661456108093
19.5,1400,4.775045394897461,0.08359066396951675,17.029054641723633,5.041103363037109,5724.738024620849,85.84522247314453,50.112030029296875,58.37486386299133,0.09528740495443344,0.05562388896942139
19.6,1400,4.785272598266602,0.08335708826780319,17.028982162475586,5.052515983581543,5724.2973954571125,86.0392074584961,49.96815872192383,58.07603597640991,0.09576644003391266,0.055617351084947586
19.7,1400,4.790339469909668,0.08361613750457764,17.028940200805664,5.049742698669434,5723.29665435376,85.99176788330078,50.114681243896484,58.278465270996094,0.09558754414319992,0.05570695549249649
19.8,1400,4.798240661621094,0.08364270627498627,17.02893829345703,5.059221267700195,5722.184590273855,86.15316772460938,50.12086486816406,58.17646384239197,0.0957333967089653,0.055694304406642914
19.9,1400,4.797323226928711,0.08377033472061157,17.028959274291992,5.053003311157227,5721.954367364231,86.0473861694336,50.1953239440918,58.334511518478394,0.09557311236858368,0.05575210601091385
20,1400,4.806097984313965,0.08394540846347809,17.0289363861084,5.055041790008545,5721.907739939497,86.08198547363281,50.29981994628906,58.432453870773315,0.09554900974035263,0.055831633508205414
20.1,1400,4.806094169616699,0.08382267504930496,17.028966903686523,5.070093631744385,5722.414813183479,86.33845520019531,50.23072814941406,58.17885994911194,0.0956803634762764,0.055665742605924606
20.2,1400,4.796562194824219,0.08390957117080688,17.029069900512695,5.058626651763916,5724.507801711225,86.14370727539062,50.30119323730469,58.39218497276306,0.09535682946443558,0.055680934339761734
20.3,1400,4.797083377838135,0.08355601876974106,17.029056549072266,5.062779426574707,5725.263748834724,86.21435546875,50.095863342285156,58.10617208480835,0.09575807303190231,0.055641353130340576
20.4,1400,4.77070951461792,0.08370339125394821,17.02914047241211,5.0444793701171875,5726.77039749644,85.90314483642578,50.197425842285156,58.43490958213806,0.09503892809152603,0.05553590878844261
20.5,1400,4.764815807342529,0.0830337181687355,17.029123306274414,5.027539253234863,5728.043326191676,85.61458587646484,49.806888580322266,58.17570090293884,0.09566580504179001,0.05565425381064415
20.6,1400,4.7294464111328125,0.08294922858476639,17.02927589416504,5.004990577697754,5729.746975722893,85.23136901855469,49.77100372314453,58.395177125930786,0.09502413123846054,0.05548950657248497
20.7,1400,4.701103687286377,0.08233793079853058,17.02927017211914,4.994142532348633,5730.485437562117,85.04660034179688,49.41058349609375,58.09824466705322,0.09514366090297699,0.05527679622173309
20.8,1400,4.668686389923096,0.08194607496261597,17.02935791015625,4.981633186340332,5731.962361240565,84.83401489257812,49.188106536865234,57.98158645629883,0.09491494297981262,0.05503318831324577
20.9,1400,4.651679515838623,0.08174187690019608,17.029361724853516,4.970973014831543,5731.696002076773,84.65249633789062,49.063255310058594,57.95843005180359,0.09480983763933182,0.0549502931535244
21,1450,4.6404218673706055,0.08145273476839066,17.02931785583496,4.95002555847168,5730.859039802798,84.2955551147461,48.882568359375,57.98949599266052,0.09492999315261841,0.05504942312836647
21.1,1450,4.667877197265625,0.08807139843702316,17.02363395690918,5.264618873596191,5753.621965715105,89.6229476928711,53.06459426879883,59.208714962005615,0.0879659503698349,0.05208350718021393
21.2,1450,4.910492420196533,0.10228332877159119,17.017391204833984,6.125911712646484,5899.180546035516,104.24703979492188,63.18662643432617,60.61239242553711,0.07771410793066025,0.04710438475012779
21.3,1450,5.28871488571167,0.10676385462284088,17.02215576171875,6.572947025299072,6102.052391153285,111.88572692871094,68.22268676757812,60.975319147109985,0.07752135396003723,0.04726889729499817
21.4,1450,5.572443008422852,0.10712733864784241,17.025941848754883,6.745176315307617,6255.503245952726,114.84297943115234,70.1764144897461,61.1064076423645,0.07940620929002762,0.04852227866649628
21.5,1450,5.74929141998291,0.1066068783402443,17.027616500854492,6.796376705169678,6348.4975646849325,115.7260971069336,70.87364959716797,61.24258041381836,0.08112029731273651,0.049680162221193314
21.6,1450,5.8682732582092285,0.10616041719913483,17.0281925201416,6.820438385009766,6401.963484098929,116.13973999023438,71.17122650146484,61.28067970275879,0.08245289325714111,0.05052769556641579
21.7,1450,5.944506645202637,0.10521440207958221,17.028465270996094,6.829941749572754,6432.043418637612,116.30342864990234,70.86842346191406,60.93407869338989,0.08388089388608932,0.05111205205321312
21.8,1450,5.987269878387451,0.1051076352596283,17.02850914001465,6.840325355529785,6446.880848030765,116.48054504394531,70.95982360839844,60.91989278793335,0.08437549322843552,0.05140145868062973
21.9,1450,6.001659870147705,0.10571199655532837,17.02841567993164,6.842923641204834,6453.186041540414,116.5241470336914,71.43763732910156,61.30715012550354,0.08401257544755936,0.051505718380212784
22,1450,6.0223894119262695,0.105985626578331,17.028472900390625,6.843019485473633,6455.803005753608,116.52616882324219,71.65159606933594,61.48970127105713,0.08405102044343948,0.051682718098163605
22.1,1450,6.061283588409424,0.1060444787144661,17.02829360961914,6.873844623565674,6455.177615419363,117.04984283447266,71.68443298339844,61.24265789985657,0.08455508202314377,0.05178378149867058
22.2,1450,6.100164890289307,0.10646182298660278,17.028242111206055,6.899047374725342,6455.065126757193,117.47864532470703,71.96530151367188,61.25819683074951,0.08476536720991135,0.05192573368549347
22.3,1450,6.107624530792236,0.10703171789646149,17.028186798095703,6.917686939239502,6455.1100056535,117.79566192626953,72.35103607177734,61.42079830169678,0.08441654592752457,0.05184931308031082
22.4,1450,6.117417335510254,0.10720622539520264,17.02825927734375,6.934441566467285,6455.50459023531,118.08146667480469,72.47342681884766,61.3757848739624,0.08440910279750824,0.051806751638650894
22.5,1450,6.14233922958374,0.10754703730344772,17.02829933166504,6.968582630157471,6456.044302676606,118.6631088256836,72.70990753173828,61.274224519729614,0.08447734266519547,0.051762837916612625
22.6,1450,6.170499801635742,0.10761658102273941,17.028350830078125,6.986562728881836,6457.117316288296,118.96964263916016,72.76901245117188,61.1660361289978,0.08479570597410202,0.05186617001891136
22.7,1450,6.171945095062256,0.10770943760871887,17.028409957885742,7.01088285446167,6457.864520769657,119.38418579101562,72.8402328491211,61.013299226760864,0.08473264425992966,0.05169817805290222
22.8,1450,6.165731430053711,0.1082562729716301,17.028446197509766,7.014459609985352,6458.419387123991,119.44535064697266,73.21632385253906,61.29692792892456,0.0842125192284584,0.05161968618631363
22.9,1450,6.173408508300781,0.1086183711886406,17.028560638427734,7.014593124389648,6458.004985886669,119.44842529296875,73.45650482177734,61.49642467498779,0.08404168486595154,0.05168262869119644
23,1450,6.183220386505127,0.10831886529922485,17.028501510620117,7.028432369232178,6459.463258595223,119.68367004394531,73.27050018310547,61.22012734413147,0.08438894897699356,0.05166302248835564
23.1,1450,6.164854049682617,0.10817155987024307,17.02876091003418,7.02361536026001,6462.8501581593355,119.60346984863281,73.20922088623047,61.20995283126831,0.08420870453119278,0.051544107496738434
23.2,1450,6.1311726570129395,0.10813972353935242,17.028879165649414,7.003835678100586,6466.998833275039,119.26747131347656,73.23465728759766,61.40371561050415,0.08371955156326294,0.05140691250562668
23.3,1450,6.111072540283203,0.10768282413482666,17.028934478759766,6.995806694030762,6469.235783976651,119.13113403320312,72.9504623413086,61.23542785644531,0.08377017080783844,0.05129702389240265
23.4,1450,6.104436874389648,0.10730406641960144,17.028963088989258,6.985116958618164,6470.632275347432,118.94930267333984,72.70955657958984,61.12651228904724,0.08395645767450333,0.051319655030965805
23.5,1450,6.101428508758545,0.10682878643274307,17.02890968322754,6.958705902099609,6470.762832136687,118.49917602539062,72.38896942138672,61.088162660598755,0.08428671211004257,0.05148920789361
23.6,1450,6.0883636474609375,0.10662464052438736,17.028913497924805,6.938013553619385,6470.186400598414,118.14683532714844,72.24420166015625,61.14780902862549,0.0842747762799263,0.05153217911720276
23.7,1450,6.068757057189941,0.10686333477497101,17.02877426147461,6.92851448059082,6468.683248993553,117.9841079711914,72.38910675048828,61.35496497154236,0.08383522182703018,0.051437072455883026
23.8,1450,6.066895484924316,0.10653027147054672,17.02875328063965,6.928267478942871,6467.040215114491,117.9797592163086,72.1451644897461,61.150455474853516,0.0840928927063942,0.05142318829894066
23.9,1450,6.080287456512451,0.10611757636070251,17.028823852539062,6.920400142669678,6465.2648759177455,117.84627532958984,71.845947265625,60.96581816673279,0.08462951332330704,0.05159507691860199
24,1450,6.093530178070068,0.10659833997488022,17.0286865234375,6.924553394317627,6463.613099396545,117.91604614257812,72.15299987792969,61.19014620780945,0.08445289731025696,0.05167685076594353
24.1,1450,6.080563068389893,0.10678816586732864,17.028676986694336,6.932774066925049,6463.2290059852985,118.05596923828125,72.27719116210938,61.22282147407532,0.08412837982177734,0.051505766808986664
24.2,1450,6.066490650177002,0.10681892186403275,17.028757095336914,6.932562351226807,6463.7040228747765,118.05291748046875,72.3033218383789,61.246538162231445,0.08390334248542786,0.05138789117336273
24.3,1450,6.078282833099365,0.1070089116692543,17.028797149658203,6.928079605102539,6464.402851402976,117.97686004638672,72.43975830078125,61.40166521072388,0.08390811085700989,0.051520973443984985
24.4,1450,6.086779594421387,0.10667096823453903,17.028820037841797,6.919102191925049,6465.46595668691,117.82414245605469,72.22286224365234,61.29716634750366,0.08427774161100388,0.05165986716747284
24.5,1450,6.065362453460693,0.10664369910955429,17.02896499633789,6.91131067276001,6467.211570900387,117.69246673583984,72.22389221191406,61.366623640060425,0.0839800015091896,0.05153568834066391
24.6,1450,6.028671741485596,0.10666579753160477,17.029003143310547,6.907841205596924,6469.067342404799,117.63365173339844,72.25959014892578,61.42765283584595,0.08343075215816498,0.05124955251812935
24.7,1450,6.01353645324707,0.10614298284053802,17.029024124145508,6.8888678550720215,6469.996976685432,117.31069946289062,71.9157485961914,61.3036572933197,0.08361919224262238,0.051261622458696365
24.8,1450,6.02766227722168,0.10580245405435562,17.028947830200195,6.872846603393555,6469.256766317781,117.03734588623047,71.67682647705078,61.24269366264343,0.08409500122070312,0.0515020415186882
24.9,1450,6.048349380493164,0.10603190958499908,17.028783798217773,6.860940456390381,6467.663274077498,116.8334732055664,71.8145751953125,61.46746873855591,0.084221750497818,0.05176897719502449
25,1450,6.033920764923096,0.1059815064072609,17.02880859375,6.86686372756958,6466.391511067879,116.93450927734375,71.76632690429688,61.373090744018555,0.08407732844352722,0.051600854843854904
25.1,1450,6.012820243835449,0.10616558790206909,17.02882194519043,6.869417190551758,6465.703756553054,116.97808074951172,71.88333129882812,61.450254917144775,0.08364693820476532,0.051401253789663315
25.2,1450,6.007229328155518,0.1058213859796524,17.028827667236328,6.877479076385498,6466.191595984333,117.11540222167969,71.65568542480469,61.18382215499878,0.08383465558290482,0.05129324644804001
25.3,1450,6.01334285736084,0.10530426353216171,17.02880096435547,6.876171588897705,6466.636887890541,117.09295654296875,71.31043243408203,60.900700092315674,0.08432627469301224,0.05135529115796089
25.4,1450,6.011772632598877,0.10547557473182678,17.0288143157959,6.86649751663208,6466.564032539395,116.92831420898438,71.4256362915039,61.08497977256775,0.08416827768087387,0.05141417309641838
25.5,1450,5.994051456451416,0.10545708984136581,17.028785705566406,6.868219375610352,6465.866369696813,116.95743560791016,71.40541076660156,61.05247735977173,0.0839439406991005,0.051249854266643524
25.6,1450,5.985384464263916,0.10545123368501663,17.0288143157959,6.8599019050598145,6465.754463877452,116.81599426269531,71.40020751953125,61.121946573257446,0.08382866531610489,0.05123771354556084
25.7,1450,5.990851879119873,0.10524860769510269,17.028812408447266,6.844063758850098,6465.770783476109,116.54627990722656,71.26319122314453,61.14583611488342,0.08406656235456467,0.05140320211648941
25.8,1450,6.005063533782959,0.10505460202693939,17.02877426147461,6.84422492980957,6464.921581503141,116.54875946044922,71.12248992919922,61.023807525634766,0.0844326913356781,0.05152404308319092
25.9,1450,5.988019943237305,0.10491284728050232,17.02876091003418,6.85288667678833,6464.452975884566,116.6961669921875,71.02137756347656,60.86007356643677,0.08431292325258255,0.05131290853023529
26,1500,5.972305774688721,0.10545545071363449,17.028715133666992,6.857179164886475,6464.129498125473,116.76895141601562,71.38512420654297,61.133646965026855,0.08366317301988602,0.05114635080099106
26.1,1500,6.026325225830078,0.11222905665636063,17.02214241027832,7.249874114990234,6487.488089388757,123.40838623046875,76.2448501586914,61.78255081176758,0.07903911173343658,0.048832379281520844
26.2,1500,6.328876972198486,0.12683336436748505,17.01470375061035,8.254690170288086,6630.373169743484,140.45111083984375,88.06434631347656,62.701064348220825,0.07186651229858398,0.04506106674671173
26.3,1500,6.725845813751221,0.13270872831344604,17.01976776123047,8.821027755737305,6828.005258006775,150.13185119628906,94.89032745361328,63.2046639919281,0.07088020443916321,0.044799596071243286
26.4,1500,7.040894508361816,0.13360121846199036,17.02404022216797,9.040877342224121,6977.389618526607,153.91226196289062,97.61847686767578,63.42475414276123,0.07212666422128677,0.04574615880846977
26.5,1500,7.252397060394287,0.13357971608638763,17.026018142700195,9.1327486038208,7072.285753345149,155.4943389892578,98.93021392822266,63.62302899360657,0.07330821454524994,0.04664090648293495
26.6,1500,7.379629611968994,0.13343630731105804,17.027061462402344,9.191268920898438,7128.203692457343,156.50030517578125,99.60536193847656,63.64547610282898,0.0740886777639389,0.04715409129858017
26.7,1500,7.4524149894714355,0.13349215686321259,17.027328491210938,9.22762393951416,7160.3451420120755,157.1217803955078,100.09636688232422,63.706231117248535,0.07445240020751953,0.047430820763111115
26.8,1500,7.506591320037842,0.13343960046768188,17.027542114257812,9.240099906921387,7178.779294380644,157.33619689941406,100.3145523071289,63.7580931186676,0.07483053207397461,0.047710519284009933
26.9,1500,7.536207675933838,0.13345851004123688,17.027591705322266,9.254912376403809,7188.580379059721,157.5888671875,100.46575164794922,63.7518048286438,0.07501270622015,0.047821953892707825
27,1500,7.555415630340576,0.13361656665802002,17.027618408203125,9.281937599182129,7194.10922594755,158.04928588867188,100.66209411621094,63.690316677093506,0.07505720853805542,0.047804173082113266
27.1,1500,7.577090740203857,0.13385015726089478,17.027599334716797,9.2850341796875,7196.764657786149,158.10183715820312,100.87528991699219,63.80399465560913,0.075113445520401,0.04792537912726402
27.2,1500,7.57065486907959,0.13374125957489014,17.027847290039062,9.290024757385254,7199.50285330365,158.18911743164062,100.83157348632812,63.74115347862244,0.0750821903347969,0.04785825312137604
27.3,1500,7.5413665771484375,0.13343536853790283,17.02799415588379,9.288190841674805,7203.716806813981,158.1592559814453,100.65983581542969,63.64460587501526,0.07491932064294815,0.047682106494903564
27.4,1500,7.525432586669922,0.13270701467990875,17.02837371826172,9.243221282958984,7208.895948016305,157.39703369140625,100.18235778808594,63.64946365356445,0.07511734217405319,0.047811783850193024
27.5,1500,7.522879123687744,0.13231995701789856,17.028099060058594,9.224627494812012,7209.426917815463,157.07786560058594,99.89752197265625,63.59745264053345,0.07530596107244492,0.047892674803733826
27.6,1500,7.5191779136657715,0.13227036595344543,17.028045654296875,9.241147994995117,7208.4675585515615,157.3586883544922,99.84679412841797,63.45171928405762,0.07530715316534042,0.047783683985471725
27.7,1500,7.534898281097412,0.13253183662891388,17.02796173095703,9.245899200439453,7206.251590191081,157.43881225585938,100.01341247558594,63.525259494781494,0.07533887773752213,0.04785921424627304
27.8,1500,7.5534772872924805,0.132721945643425,17.027782440185547,9.258455276489258,7203.4551103926615,157.6509552001953,100.11801147460938,63.506120443344116,0.0754457414150238,0.047912660986185074
27.9,1500,7.570158004760742,0.13302657008171082,17.027713775634766,9.281713485717773,7201.448965443484,158.04635620117188,100.31985473632812,63.474953174591064,0.07546021789312363,0.04789833724498749
28,1500,7.583481788635254,0.1333429515361786,17.02783966064453,9.291542053222656,7199.552977785239,158.2148895263672,100.53197479248047,63.541412353515625,0.07543352991342545,0.04793152958154678
28.1,1500,7.5940423011779785,0.13394194841384888,17.02767562866211,9.304677963256836,7197.955988488101,158.43704223632812,100.961181640625,63.72321844100952,0.07521744817495346,0.04793097823858261
28.2,1500,7.594294548034668,0.13418108224868774,17.02784538269043,9.317512512207031,7198.59245283572,158.65716552734375,101.15037536621094,63.75405788421631,0.07507925480604172,0.04786606878042221
28.3,1500,7.599699020385742,0.13449469208717346,17.027767181396484,9.340517044067383,7198.49336955816,159.04815673828125,101.38539123535156,63.74509334564209,0.07495852559804916,0.047782380133867264
28.4,1500,7.617203235626221,0.13464854657649994,17.027734756469727,9.35299015045166,7198.762642935999,159.26023864746094,101.50516510009766,63.735413551330566,0.07504251599311829,0.04782865568995476
28.5,1500,7.640707492828369,0.13476349413394928,17.027706146240234,9.364635467529297,7198.481712701977,159.45826721191406,101.58785247802734,63.70811462402344,0.07521280646324158,0.04791666194796562
28.6,1500,7.66542911529541,0.13503552973270416,17.027652740478516,9.376189231872559,7197.394710862866,159.6544952392578,101.77754974365234,63.74862790107727,0.07531552016735077,0.04801261052489281
28.7,1500,7.663820743560791,0.13524433970451355,17.027708053588867,9.397488594055176,7198.222347651894,160.01768493652344,101.9466552734375,63.7096107006073,0.07517481595277786,0.04789358377456665
28.8,1500,7.681779861450195,0.13529299199581146,17.027902603149414,9.409031867980957,7198.9596438055,160.21607971191406,101.9937744140625,63.660138845443726,0.0753161683678627,0.047946374863386154
28.9,1500,7.676875591278076,0.13534371554851532,17.027917861938477,9.409997940063477,7200.6743673500905,160.232666015625,102.05631256103516,63.69257569313049,0.0752219557762146,0.04791080206632614
29,1500,7.656022071838379,0.13487619161605835,17.028148651123047,9.402020454406738,7205.27066574324,160.0989990234375,101.7686996459961,63.56610059738159,0.07522963732481003,0.047820549458265305
29.1,1500,7.617383003234863,0.13439521193504333,17.02834701538086,9.376172065734863,7210.265045775056,159.66070556640625,101.47607421875,63.55732083320618,0.07506580650806427,0.047709815204143524
29.2,1500,7.589910507202148,0.13382941484451294,17.028430938720703,9.341471672058105,7214.765757947501,159.0706024169922,101.1119384765625,63.5641872882843,0.07506443560123444,0.047714099287986755
29.3,1500,7.583574295043945,0.13338109850883484,17.02829360961914,9.314559936523438,7215.015797512637,158.61106872558594,100.7767105102539,63.537001609802246,0.0752512589097023,0.04781239107251167
29.4,1500,7.575939178466797,0.13336288928985596,17.0280818939209,9.306971549987793,7211.969278149082,158.47987365722656,100.72040557861328,63.55407238006592,0.07521751523017883,0.04780379310250282
29.5,1500,7.561742782592773,0.13349071145057678,17.027963638305664,9.313647270202637,7209.043407247026,158.5924530029297,100.77604675292969,63.54403495788574,0.07503512501716614,0.04768034443259239
29.6,1500,7.544979095458984,0.13361693918704987,17.027929306030273,9.310824394226074,7206.955081461754,158.54405212402344,100.84211730957031,63.60510587692261,0.07481972128152847,0.04758916422724724
29.7,1500,7.5465497970581055,0.13351668417453766,17.027942657470703,9.304044723510742,7205.208884405468,158.42874145507812,100.74203491210938,63.588231801986694,0.07490964233875275,0.04763371869921684
29.8,1500,7.561526298522949,0.13372671604156494,17.027786254882812,9.31202220916748,7202.687506412979,158.56312561035156,100.86520385742188,63.61202001571655,0.07496664673089981,0.047687798738479614
29.9,1500,7.559988021850586,0.13387537002563477,17.027883529663086,9.326277732849121,7200.330490092678,158.80677795410156,100.94428253173828,63.56421709060669,0.07489267736673355,0.04760494828224182
30,1500,7.5508503913879395,0.13388743996620178,17.027923583984375,9.330293655395508,7201.742718219308,158.8755340576172,100.97318267822266,63.554900884628296,0.07478074729442596,0.04752683266997337
30.1,1500,7.542113780975342,0.1337461769580841,17.02801513671875,9.319472312927246,7204.67791460631,158.69210815429688,100.90776062011719,63.58712911605835,0.07474265247583389,0.047526706010103226
30.2,1500,7.540444374084473,0.1334359347820282,17.02810287475586,9.320100784301758,7207.142174003499,158.70362854003906,100.70812225341797,63.45672011375427,0.07487423717975616,0.04751273989677429
30.3,1500,7.5337443351745605,0.13320395350456238,17.028118133544922,9.310107231140137,7208.392371829178,158.53359985351562,100.55048370361328,63.42534422874451,0.074924997985363,0.0475214347243309
30.4,1500,7.537128448486328,0.13305391371250153,17.028099060058594,9.302359580993652,7208.423262498065,158.40150451660156,100.43765258789062,63.4070098400116,0.07504285871982574,0.04758243262767792
30.5,1500,7.5328803062438965,0.13296519219875336,17.028181076049805,9.281046867370605,7207.045422097176,158.0393524169922,100.35149383544922,63.497793674468994,0.07506495714187622,0.0476645864546299
30.6,1500,7.5276618003845215,0.13293708860874176,17.028045654296875,9.285262107849121,7206.484727314751,158.10986328125,100.32247924804688,63.451117277145386,0.07503464818000793,0.0476103238761425
30.7,1500,7.504520416259766,0.13256973028182983,17.028287887573242,9.255260467529297,7206.879311896561,157.6012420654297,100.05072784423828,63.48346471786499,0.07500715553760529,0.04761714115738869
30.8,1500,7.480886936187744,0.1322730928659439,17.028217315673828,9.251263618469238,7208.824258350776,157.53253173828125,99.85379028320312,63.38614225387573,0.07491840422153473,0.04748788848519325
30.9,1500,7.471238136291504,0.1318587362766266,17.028284072875977,9.232221603393555,7210.979611059103,157.20889282226562,99.57075500488281,63.33659291267395,0.07503446191549301,0.04752427339553833
31,1550,7.4625244140625,0.13163305819034576,17.028221130371094,9.213176727294922,7210.893933166155,156.88401794433594,99.39915466308594,63.35837244987488,0.07507633417844772,0.04756714403629303
31.1,1550,7.520926475524902,0.13803553581237793,17.02058219909668,9.655336380004883,7232.661946403201,164.33944702148438,104.54846954345703,63.617390394210815,0.07193721830844879,0.045764584094285965
31.2,1550,7.829090595245361,0.15326054394245148,17.01176643371582,10.826656341552734,7368.927680974135,184.1805419921875,118.26691436767578,64.2124891281128,0.06619848310947418,0.04250769317150116
31.3,1550,8.266883850097656,0.15947961807250977,17.01706886291504,11.49124813079834,7557.818875628237,195.54736328125,126.22061157226562,64.54733610153198,0.06549551337957382,0.04227560758590698
31.4,1550,8.612948417663574,0.16126620769500732,17.02149200439453,11.807201385498047,7703.772040530459,200.97618103027344,130.0994415283203,64.7337555885315,0.066202811896801,0.04285556823015213
31.5,1550,8.843925476074219,0.1617559790611267,17.023958206176758,11.957443237304688,7799.326204880559,203.56301879882812,132.11314392089844,64.90036845207214,0.06694205105304718,0.0434456393122673
31.6,1550,8.960585594177246,0.1612953245639801,17.025251388549805,12.03067684173584,7858.2988231556365,204.82530212402344,132.73300170898438,64.80303406715393,0.06750834733247757,0.04374745488166809
31.7,1550,9.000445365905762,0.16098585724830627,17.025859832763672,12.058143615722656,7894.945647625287,205.30026245117188,133.0961456298828,64.82999324798584,0.06762363761663437,0.04384039714932442
31.8,1550,9.023561477661133,0.16086821258068085,17.026411056518555,12.06694221496582,7916.949712200049,205.4567108154297,133.36956787109375,64.9137020111084,0.06765832751989365,0.04391952604055405
31.9,1550,9.076589584350586,0.16080966591835022,17.026432037353516,12.08182144165039,7929.765842730985,205.71031188964844,133.53684997558594,64.9150013923645,0.06797067075967789,0.04412316158413887
32,1550,9.113506317138672,0.1602778434753418,17.02642822265625,12.099342346191406,7936.294847879358,206.0085906982422,133.20480346679688,64.65983390808105,0.06841724365949631,0.04423847794532776
32.1,1550,9.105663299560547,0.16004537045955658,17.026647567749023,12.082015037536621,7939.758682694281,205.71621704101562,133.0696563720703,64.68603014945984,0.06842779368162155,0.04426322504878044
32.2,1550,9.094399452209473,0.1603173315525055,17.026628494262695,12.074652671813965,7942.675810954199,205.5906219482422,133.34475708007812,64.8593544960022,0.06820215284824371,0.0442354790866375
32.3,1550,9.102736473083496,0.15995573997497559,17.026836395263672,12.052473068237305,7943.346663027559,205.21548461914062,133.05523681640625,64.83683586120605,0.06841321289539337,0.04435696825385094
32.4,1550,9.13509464263916,0.15997740626335144,17.026601791381836,12.072042465209961,7941.170327978101,205.5458526611328,133.03680419921875,64.72365856170654,0.06866592168807983,0.044443096965551376
32.5,1550,9.120758056640625,0.16009652614593506,17.026363372802734,12.09641170501709,7939.5010661726255,205.95790100097656,133.1078643798828,64.62867856025696,0.06852155178785324,0.044284574687480927
32.6,1550,9.117781639099121,0.1607554405927658,17.026443481445312,12.09982967376709,7940.725618914701,206.01705932617188,133.6763153076172,64.88604545593262,0.06820790469646454,0.04425740987062454
32.7,1550,9.148058891296387,0.1609322726726532,17.026384353637695,12.127851486206055,7940.81829092136,206.4934539794922,133.82493591308594,64.80831503868103,0.0683584064245224,0.04430193081498146
32.8,1550,9.18439769744873,0.16127799451351166,17.026256561279297,12.156529426574707,7939.603646507041,206.98019409179688,134.09190368652344,64.78489637374878,0.0684933066368103,0.044373318552970886
32.9,1550,9.18117904663086,0.16127632558345795,17.026325225830078,12.17894458770752,7938.102826273416,207.3626708984375,134.06517028808594,64.65250849723816,0.06848295778036118,0.04427595064043999
33,1550,9.186238288879395,0.16190145909786224,17.026296615600586,12.17304515838623,7938.14245958444,207.26187133789062,134.5854949951172,64.93499875068665,0.06825578212738037,0.04432189092040062
33.1,1550,9.186222076416016,0.16203275322914124,17.026535034179688,12.190262794494629,7940.662089048501,207.5579376220703,134.73739624023438,64.91556167602539,0.06817871332168579,0.044258590787649155
33.2,1550,9.206735610961914,0.16179829835891724,17.026565551757812,12.174034118652344,7942.573230619784,207.281982421875,134.57481384277344,64.92354273796082,0.06841351091861725,0.04441647604107857
33.3,1550,9.206920623779297,0.16133946180343628,17.026517868041992,12.178976058959961,7944.210436070755,207.3655548095703,134.22084045410156,64.72668051719666,0.06859531253576279,0.04439947009086609
33.4,1550,9.18971061706543,0.16187238693237305,17.026527404785156,12.178157806396484,7944.09386750892,207.3517303466797,134.66221618652344,64.94385600090027,0.06824268400669098,0.044319428503513336
33.5,1550,9.17107105255127,0.1617499440908432,17.02658462524414,12.173921585083008,7944.1218439637605,207.28030395507812,134.56082153320312,64.91732597351074,0.06815557926893234,0.04424477741122246
33.6,1550,9.180656433105469,0.16186687350273132,17.02647590637207,12.170917510986328,7944.980954264483,207.2278289794922,134.67266845703125,64.98773097991943,0.06817015260457993,0.044302236288785934
33.7,1550,9.194402694702148,0.16155777871608734,17.026439666748047,12.162433624267578,7945.106848311266,207.08294677734375,134.41763305664062,64.91004228591919,0.0684017613530159,0.04439961537718773
33.8,1550,9.207926750183105,0.1620197296142578,17.026351928710938,12.162635803222656,7942.506203696729,207.08531188964844,134.7578582763672,65.07359147071838,0.06832942366600037,0.044464413076639175
33.9,1550,9.224137306213379,0.16225101053714752,17.026309967041016,12.191609382629395,7941.205298546652,207.578125,134.92811584472656,65.00112414360046,0.06836334615945816,0.04443694278597832
34,1550,9.247258186340332,0.16243845224380493,17.026552200317383,12.198729515075684,7939.661347945149,207.70230102539062,135.05772399902344,65.02466797828674,0.06846892833709717,0.044521693140268326
34.1,1550,9.27337646484375,0.16250458359718323,17.026409149169922,12.224224090576172,7937.884260219976,208.1346435546875,135.0824737548828,64.90148305892944,0.06864973902702332,0.0445546992123127
34.2,1550,9.251317024230957,0.16293948888778687,17.026348114013672,12.243937492370605,7938.000245939002,208.46954345703125,135.4459686279297,64.97158408164978,0.06830263882875443,0.04437730833888054
34.3,1550,9.256193161010742,0.16355127096176147,17.026411056518555,12.266105651855469,7939.249860921872,208.84776306152344,135.97592163085938,65.10767936706543,0.06807229667901993,0.04432028904557228
34.4,1550,9.295929908752441,0.16376136243343353,17.02629280090332,12.272348403930664,7939.875251256116,208.9525909423828,136.16131591796875,65.16373753547668,0.0682714432477951,0.044488225132226944
34.5,1550,9.318757057189941,0.16338828206062317,17.02643394470215,12.277013778686523,7939.088996306539,209.0337677001953,135.83766174316406,64.9836003780365,0.06860215961933136,0.04458015412092209
34.6,1550,9.316629409790039,0.16369791328907013,17.02628517150879,12.300515174865723,7937.412157544545,209.4320831298828,136.0663299560547,64.96919393539429,0.06847123056650162,0.04448520764708519
34.7,1550,9.323223114013672,0.16432492434978485,17.026123046875,12.30935001373291,7936.0640421269245,209.58050537109375,136.56431579589844,65.1607871055603,0.06826983392238617,0.04448516294360161
34.8,1550,9.334470748901367,0.1644851565361023,17.026338577270508,12.319969177246094,7936.445804166933,209.7639617919922,136.7040557861328,65.170419216156,0.06828232854604721,0.04449987784028053
34.9,1550,9.347725868225098,0.1643519401550293,17.026338577270508,12.342951774597168,7939.480666674305,210.1552734375,136.64556884765625,65.02124071121216,0.0684085562825203,0.0444800928235054
35,1550,9.335175514221191,0.16395463049411774,17.02658462524414,12.346487998962402,7941.793386941109,210.21852111816406,136.35494995117188,64.86343145370483,0.0684623196721077,0.04440700635313988
35.1,1550,9.287649154663086,0.1641124188899994,17.026710510253906,12.330611228942871,7944.607352023803,209.9497528076172,136.53453063964844,65.0320053100586,0.068024180829525,0.04423748701810837
35.2,1550,9.284451484680176,0.1638571172952652,17.02684783935547,12.307478904724121,7949.433873326577,209.5575714111328,136.4049530029297,65.091872215271,0.0680653527379036,0.04430501535534859
35.3,1550,9.31466007232666,0.16342024505138397,17.026657104492188,12.304658889770508,7948.874927072578,209.5072021484375,136.03170776367188,64.92936611175537,0.0684741884469986,0.04445985332131386
35.4,1550,9.32024097442627,0.16343992948532104,17.026620864868164,12.308357238769531,7945.185532090504,209.56973266601562,135.9849395751953,64.88768458366394,0.06853877007961273,0.04447321966290474
35.5,1550,9.314656257629395,0.16391998529434204,17.026397705078125,12.333745956420898,7942.355830251962,209.999267578125,136.33578491210938,64.92202877998352,0.06832143664360046,0.04435566067695618
35.6,1550,9.321022033691406,0.16408616304397583,17.026596069335938,12.332335472106934,7942.6064526599075,209.97769165039062,136.47830200195312,64.99657034873962,0.06829673051834106,0.04439053311944008
35.7,1550,9.331928253173828,0.16380764544010162,17.026460647583008,12.339248657226562,7942.744003562872,210.09373474121094,136.24900817871094,64.85153436660767,0.06849171221256256,0.04441792890429497
35.8,1550,9.344256401062012,0.16359364986419678,17.02655792236328,12.323243141174316,7941.839431523033,209.82241821289062,136.05551147460938,64.84317779541016,0.06867972761392593,0.044534120708703995
35.9,1550,9.351774215698242,0.16453754901885986,17.026174545288086,12.353405952453613,7937.483264367264,210.3312530517578,136.76547241210938,65.02385139465332,0.06837818026542664,0.04446212574839592
36,1600,9.359456062316895,0.16514597833156586,17.02607536315918,12.387625694274902,7935.984775504877,210.9126434326172,137.2452850341797,65.072101354599,0.06819509714841843,0.044375982135534286
36.1,1600,9.462444305419922,0.1717892736196518,17.017484664916992,12.925721168518066,7958.66552058109,219.9632568359375,143.17425537109375,65.09007215499878,0.0660904049873352,0.043018292635679245
36.2,1600,9.809219360351562,0.18765270709991455,17.007295608520508,14.286615371704102,8093.616944617335,242.9766845703125,159.04722595214844,65.4578149318695,0.06167488545179367,0.04037103056907654
36.3,1600,10.308013916015625,0.1950920671224594,17.012813568115234,15.109991073608398,8278.692267399772,257.0634460449219,169.13363647460938,65.79450368881226,0.06094597652554512,0.04009910300374031
36.4,1600,10.685737609863281,0.19643880426883698,17.01775550842285,15.549127578735352,8422.634041767533,264.6112365722656,173.26220703125,65.47801494598389,0.06167379394173622,0.04038278013467789
36.5,1600,10.904959678649902,0.19754847884178162,17.020755767822266,15.776348114013672,8518.666720063966,268.5253601074219,176.22760009765625,65.62791466712952,0.061879973858594894,0.04061053693294525
36.6,1600,11.081917762756348,0.19803516566753387,17.022197723388672,15.90160083770752,8580.346643187659,270.6802062988281,177.94088745117188,65.73842167854309,0.06227864325046539,0.04094099998474121
36.7,1600,11.129258155822754,0.19790510833263397,17.023229598999023,15.987113952636719,8619.198362004416,272.1523132324219,178.62921142578125,65.63575267791748,0.062303680926561356,0.040893491357564926
36.8,1600,11.20569133758545,0.19875942170619965,17.023746490478516,16.035358428955078,8643.666103133559,272.98187255859375,179.9095916748047,65.90532660484314,0.06228512525558472,0.04104921221733093
36.9,1600,11.23740291595459,0.1982371211051941,17.023853302001953,16.062780380249023,8656.779483497174,273.4504089355469,179.70904541015625,65.71906208992004,0.06253109127283096,0.04109484702348709
37,1600,11.289822578430176,0.19933877885341644,17.02387809753418,16.08408546447754,8664.61813643776,273.8135070800781,180.87136840820312,66.0564124584198,0.062419068068265915,0.04123179614543915
37.1,1600,11.28366756439209,0.19821150600910187,17.024105072021484,16.095579147338867,8671.164626870408,274.0128173828125,179.9844207763672,65.68467020988464,0.06269247084856033,0.041179340332746506
37.2,1600,11.271559715270996,0.19903598725795746,17.024564743041992,16.08340072631836,8678.249081215923,273.8128967285156,180.8807373046875,66.05997681617737,0.06231486797332764,0.04116518795490265
37.3,1600,11.22171401977539,0.1974433809518814,17.024877548217773,16.051435470581055,8683.779676632179,273.2737121582031,179.54776000976562,65.70253372192383,0.06249988451600075,0.041064005345106125
37.4,1600,11.202864646911621,0.1979491114616394,17.024948120117188,16.029096603393555,8688.924430108762,272.89453125,180.1143035888672,66.00143313407898,0.062198638916015625,0.041051991283893585
37.5,1600,11.185429573059082,0.19673937559127808,17.024690628051758,16.010879516601562,8688.672059172388,272.58026123046875,179.00836181640625,65.67179560661316,0.06248551607131958,0.04103536158800125
37.6,1600,11.192373275756836,0.19752033054828644,17.024662017822266,15.992349624633789,8685.895978872291,272.26434326171875,179.66151428222656,65.98789691925049,0.06229700148105621,0.04110847786068916
37.7,1600,11.222925186157227,0.1972312331199646,17.02432632446289,15.992497444152832,8682.581351816516,272.2615051269531,179.33009338378906,65.8668577671051,0.06258250027894974,0.04122112691402435
37.8,1600,11.24165153503418,0.19819523394107819,17.024301528930664,16.025115966796875,8679.023679309315,272.81640625,180.13275146484375,66.02709889411926,0.062407590448856354,0.04120592027902603
37.9,1600,11.262853622436523,0.1978856325149536,17.024126052856445,16.04167366027832,8677.659244293038,273.0954895019531,179.82308959960938,65.8462405204773,0.0626329630613327,0.04124145209789276
38,1600,11.264174461364746,0.1989813894033432,17.024099349975586,16.064552307128906,8675.609968975981,273.4845275878906,180.77613830566406,66.10104441642761,0.062310073524713516,0.04118761047720909
38.1,1600,11.296430587768555,0.19937819242477417,17.023935317993164,16.111425399780273,8673.23779874264,274.2798767089844,181.0871124267578,66.02274775505066,0.06238119676709175,0.041185781359672546
38.2,1600,11.256738662719727,0.19950160384178162,17.024385452270508,16.11461067199707,8675.562758708438,274.3413391113281,181.24777221679688,66.06651544570923,0.0621069110929966,0.04103187099099159
38.3,1600,11.272059440612793,0.19903995096683502,17.024656295776367,16.10833740234375,8679.575631449603,274.2389221191406,180.91200256347656,65.96875786781311,0.06230686604976654,0.0411030650138855
38.4,1600,11.216509819030762,0.19844192266464233,17.02488136291504,16.087543487548828,8685.142945962838,273.8885192871094,180.484130859375,65.89692831039429,0.06214679405093193,0.04095282778143883
38.5,1600,11.21461296081543,0.19804932177066803,17.02496337890625,16.059444427490234,8689.288124021687,273.4114685058594,180.21302795410156,65.91275334358215,0.062229759991168976,0.04101734980940819
38.6,1600,11.152853965759277,0.1970777064561844,17.025239944458008,16.018150329589844,8691.797845157991,272.7128601074219,179.38070678710938,65.77640175819397,0.06217421218752861,0.040895961225032806
38.7,1600,11.164809226989746,0.19625094532966614,17.025304794311523,15.965241432189941,8694.506315692224,271.8131103515625,178.68385314941406,65.73776006698608,0.062483593821525574,0.041075315326452255
38.8,1600,11.141132354736328,0.19578373432159424,17.025089263916016,15.921659469604492,8693.603492180813,271.06768798828125,178.2399444580078,65.75477719306946,0.06250637024641037,0.04110092669725418
38.9,1600,11.204087257385254,0.19615045189857483,17.024621963500977,15.920159339904785,8687.055253219738,271.0346984863281,178.43930053710938,65.83633422851562,0.06278935074806213,0.041338201612234116
39,1600,11.172550201416016,0.19604305922985077,17.02423667907715,15.934938430786133,8680.297190847361,271.2801513671875,178.20286560058594,65.68960547447205,0.06269568204879761,0.04118454456329346
39.1,1600,11.189623832702637,0.1971697062253952,17.02437973022461,15.945998191833496,8678.331844894825,271.4707336425781,179.1864013671875,66.00579023361206,0.06244683265686035,0.04121852666139603
39.2,1600,11.13568115234375,0.1964576095342636,17.024578094482422,15.9554443359375,8680.653890646576,271.63470458984375,178.5870361328125,65.7452940940857,0.06235436722636223,0.04099506139755249
39.3,1600,11.139966011047363,0.19683760404586792,17.02488136291504,15.927071571350098,8683.302911214274,271.156494140625,178.987060546875,66.00876450538635,0.06223894655704498,0.041083160787820816
39.4,1600,11.120529174804688,0.19595025479793549,17.024776458740234,15.934969902038574,8685.200064558137,271.289306640625,178.2191162109375,65.69337844848633,0.062398072332143784,0.0409914031624794
39.5,1600,11.108796119689941,0.1964518278837204,17.02406883239746,15.922225952148438,8686.493392751694,271.0610656738281,178.701904296875,65.92680811882019,0.062163837254047394,0.04098263382911682
39.6,1600,11.035134315490723,0.19517292082309723,17.023786544799805,15.898043632507324,8690.449146897561,270.6448974609375,177.61940002441406,65.62820672988892,0.0621279776096344,0.040773481130599976
39.7,1600,11.007411003112793,0.1950763314962387,17.024057388305664,15.836127281188965,8694.27667562541,269.59515380859375,177.6096954345703,65.88014960289001,0.06197528541088104,0.04082941263914108
39.8,1600,10.971577644348145,0.19374392926692963,17.02376365661621,15.797338485717773,8694.435791712314,268.9301452636719,176.39981079101562,65.59317111968994,0.06219721585512161,0.04079712554812431
39.9,1600,10.956491470336914,0.19411571323871613,17.02361297607422,15.778332710266113,8692.576523151049,268.6042175292969,176.7005157470703,65.78471064567566,0.062005992978811264,0.04079046472907066
40,1600,10.949750900268555,0.1930418312549591,17.023366928100586,15.764041900634766,8691.117667599685,268.3570556640625,175.69349670410156,65.47004580497742,0.06232303008437157,0.04080291464924812
40.1,1600,10.945448875427246,0.1937619000673294,17.023468017578125,15.724579811096191,8689.78062619544,267.6868896484375,176.32171630859375,65.86864590644836,0.06207657605409622,0.04088899865746498
40.2,1600,10.934366226196289,0.1928238719701767,17.023107528686523,15.734789848327637,8689.05964964049,267.8550109863281,175.4535675048828,65.50318598747253,0.06232057139277458,0.04082195833325386
40.3,1600,10.956276893615723,0.19382578134536743,17.023115158081055,15.71971607208252,8685.675664290424,267.5985412597656,176.29653930664062,65.88097810745239,0.0621468648314476,0.0409429632127285
40.4,1600,10.980504989624023,0.1933068186044693,17.02276611328125,15.751376152038574,8681.41275198412,268.1319885253906,175.7382049560547,65.54167866706848,0.06248217076063156,0.040951862931251526
40.5,1600,11.020905494689941,0.19405518472194672,17.022727966308594,15.773799896240234,8677.874896132433,268.5130920410156,176.34666442871094,65.67525267601013,0.06249568238854408,0.0410441979765892
40.6,1600,11.0606050491333,0.19386690855026245,17.022336959838867,15.815613746643066,8674.22571730419,269.2187194824219,176.1014862060547,65.41205644607544,0.06280813366174698,0.04108408838510513
40.7,1600,11.028138160705566,0.19457288086414337,17.02276611328125,15.826995849609375,8675.467755330543,269.41925048828125,176.76806640625,65.61077833175659,0.0623876117169857,0.04093300178647041
40.8,1600,11.041462898254395,0.19437797367572784,17.022865295410156,15.835103034973145,8677.009374560808,269.558837890625,176.62237548828125,65.52276015281677,0.06251451373100281,0.040961235761642456
40.9,1600,11.008865356445312,0.19519177079200745,17.022951126098633,15.847582817077637,8677.902872587272,269.7726135253906,177.38011169433594,65.75170755386353,0.06206369772553444,0.04080794006586075
41,1650,11.051776885986328,0.19494788348674774,17.02273178100586,15.86816120147705,8678.943247001649,270.11944580078125,177.17971801757812,65.59309363365173,0.06237608566880226,0.04091440513730049
41.1,1650,11.07446002960205,0.20127955079078674,17.013458251953125,16.433313369750977,8702.12756826499,279.5874938964844,183.4229736328125,65.60485363006592,0.06037662550806999,0.03960999846458435
41.2,1650,11.434906005859375,0.21599081158638,17.00183868408203,17.92266273498535,8832.371370931533,304.7182312011719,199.77503967285156,65.56057929992676,0.05723891407251358,0.03752616420388222
41.3,1650,12.009763717651367,0.22528231143951416,17.006982803344727,18.905048370361328,9007.827455991355,321.517822265625,212.50823974609375,66.0953164100647,0.05651434510946274,0.037353336811065674
41.4,1650,12.349249839782715,0.22677366435527802,17.012392044067383,19.447978973388672,9145.053132669,330.85662841796875,217.17381286621094,65.63985347747803,0.056863438338041306,0.03732507675886154
41.5,1650,12.6807222366333,0.23031336069107056,17.01566505432129,19.770402908325195,9240.821783172876,336.40655517578125,222.8734588623047,66.25122427940369,0.05689651146531105,0.03769463673233986
41.6,1650,12.827003479003906,0.23018205165863037,17.01742172241211,19.982519149780273,9301.693303320244,340.05096435546875,224.2136688232422,65.93531370162964,0.0572088360786438,0.037720829248428345
41.7,1650,12.956267356872559,0.2297719568014145,17.018470764160156,20.102815628051758,9342.907284042585,342.1191711425781,224.80589294433594,65.70981740951538,0.05763313174247742,0.0378706268966198
41.8,1650,13.067939758300781,0.23295333981513977,17.01917266845703,20.19630241394043,9368.537213733222,343.724365234375,228.5437469482422,66.49041175842285,0.05717916041612625,0.038018662482500076
41.9,1650,13.071483612060547,0.23183445632457733,17.01952362060547,20.274852752685547,9385.421004229385,345.0683288574219,227.85594177246094,66.03212356567383,0.05736731365323067,0.03788085654377937
42,1650,13.090133666992188,0.23116393387317657,17.020029067993164,20.322019577026367,9398.300664626522,345.8813781738281,227.5087127685547,65.77651500701904,0.05753684788942337,0.037845734506845474
42.1,1650,13.130548477172852,0.23241625726222992,17.020427703857422,20.303173065185547,9410.653435124164,345.5686950683594,229.04188537597656,66.27969741821289,0.057328153401613235,0.03799692913889885
42.2,1650,13.063553810119629,0.23189085721969604,17.020959854125977,20.276290893554688,9421.375994284546,345.1219482421875,228.78448486328125,66.29091501235962,0.05709982290863991,0.03785199671983719
42.3,1650,13.04166316986084,0.2298162430524826,17.021087646484375,20.231843948364258,9425.70826488514,344.36798095703125,226.84193420410156,65.8719539642334,0.057492293417453766,0.03787129744887352
42.4,1650,13.1072416305542,0.2296331375837326,17.020593643188477,20.241403579711914,9423.175812879277,344.52069091796875,226.6002960205078,65.77262282371521,0.057843003422021866,0.03804485872387886
42.5,1650,13.118118286132812,0.23190930485725403,17.020448684692383,20.253616333007812,9420.112391074257,344.72564697265625,228.77200317382812,66.36350154876709,0.057341448962688446,0.03805379197001457
42.6,1650,13.077488899230957,0.2302040308713913,17.020597457885742,20.260540008544922,9420.122882244821,344.84649658203125,227.09005737304688,65.85250496864319,0.057587239891290665,0.03792263939976692
42.7,1650,13.063727378845215,0.22986683249473572,17.02052116394043,20.25646209716797,9421.273413950132,344.7755432128906,226.7851104736328,65.77761173248291,0.05760399252176285,0.03789052739739418
42.8,1650,13.04491901397705,0.23137138783931732,17.020910263061523,20.213659286499023,9424.483129300255,344.05487060546875,228.34725952148438,66.36943221092224,0.05712754651904106,0.03791522607207298
42.9,1650,12.89796257019043,0.23061802983283997,17.021549224853516,20.15106773376465,9432.4016317057,343.00238037109375,227.79498291015625,66.41206741333008,0.05662092566490173,0.03760312870144844
43,1650,12.77326488494873,0.22828203439712524,17.021961212158203,20.066564559936523,9439.02330886073,341.5722961425781,225.6458740234375,66.0609483718872,0.05660757049918175,0.03739549592137337
43.1,1650,12.750536918640137,0.22699174284934998,17.02178382873535,20.001924514770508,9441.730030866536,340.46844482421875,224.43482971191406,65.91942310333252,0.05681175738573074,0.03744998201727867
43.2,1650,12.773204803466797,0.22820664942264557,17.021453857421875,19.950342178344727,9437.656542473216,339.5838317871094,225.53871154785156,66.41620993614197,0.05663420259952545,0.03761428967118263
43.3,1650,12.765913963317871,0.22766615450382233,17.020675659179688,19.950454711914062,9428.69475143935,339.5702209472656,224.79086303710938,66.19864106178284,0.05679018050432205,0.037594325840473175
43.4,1650,12.80638313293457,0.22731484472751617,17.02013397216797,19.99094581604004,9417.803167864307,340.2485656738281,224.18472290039062,65.888512134552,0.057124242186546326,0.03763831406831741
43.5,1650,12.912549018859863,0.2291477620601654,17.019853591918945,20.05375099182129,9410.044947231387,341.3119201660156,225.80624389648438,66.15832448005676,0.05718420073390007,0.0378321073949337
43.6,1650,12.909422874450684,0.22989074885845184,17.020111083984375,20.097055435180664,9409.58391856933,342.0541076660156,226.5272979736328,66.22557044029236,0.05698837712407112,0.03774087876081467
43.7,1650,12.906135559082031,0.22892114520072937,17.020366668701172,20.1231632232666,9412.70387612684,342.5036315917969,225.64666748046875,65.88154435157776,0.05719621479511261,0.03768175095319748
43.8,1650,13.007229804992676,0.22941219806671143,17.020177841186523,20.156810760498047,9411.676324254266,343.072509765625,226.1060028076172,65.90619087219238,0.05752712860703468,0.037913937121629715
43.9,1650,13.067541122436523,0.23143911361694336,17.0196533203125,20.20806884765625,9406.859711279249,343.934326171875,227.9869842529297,66.28794074058533,0.05731705203652382,0.03799429163336754
44,1650,13.063015937805176,0.23109492659568787,17.01954460144043,20.283092498779297,9402.625941113405,345.208984375,227.54547119140625,65.91527462005615,0.05740837752819061,0.037840891629457474
44.1,1650,13.070995330810547,0.23116391897201538,17.01987648010254,20.32508659362793,9405.079126497221,345.9304504394531,227.67279052734375,65.814608335495,0.0574113205075264,0.037785038352012634
44.2,1650,13.04019832611084,0.23363588750362396,17.020469665527344,20.337621688842773,9414.265312012618,346.1558837890625,230.33216857910156,66.54001474380493,0.056614749133586884,0.03767146170139313
44.3,1650,12.95092487335205,0.23109053075313568,17.02118682861328,20.27934455871582,9422.775399869375,345.1784973144531,228.02874755859375,66.0611093044281,0.056795138865709305,0.03751949965953827
44.4,1650,12.947509765625,0.22930607199668884,17.021146774291992,20.23777198791504,9428.707573981152,344.4700927734375,226.41038513183594,65.72715640068054,0.057186026126146317,0.037586744874715805
44.5,1650,12.988551139831543,0.22987094521522522,17.021060943603516,20.201398849487305,9430.900811472075,343.8492431640625,227.0209197998047,66.02338552474976,0.05721301585435867,0.037773970514535904
44.6,1650,12.975787162780762,0.2303386926651001,17.02100944519043,20.16774559020996,9429.759605251711,343.275390625,227.45533752441406,66.26030802726746,0.05704762786626816,0.037799935787916183
44.7,1650,12.903494834899902,0.22939622402191162,17.020816802978516,20.16176986694336,9427.86886317875,343.1697998046875,226.479248046875,65.99626541137695,0.05697429180145264,0.03760090470314026
44.8,1650,12.887350082397461,0.22882036864757538,17.02097511291504,20.156070709228516,9427.644468697217,343.07598876953125,225.90533447265625,65.84702730178833,0.05704756826162338,0.03756412863731384
44.9,1650,12.904535293579102,0.23040080070495605,17.020936965942383,20.13897705078125,9427.79775635603,342.7842712402344,227.46932983398438,66.35932922363281,0.05673087760806084,0.037646230310201645
45,1650,12.883415222167969,0.22903339564800262,17.020694732666016,20.13327407836914,9423.56223766176,342.68231201171875,226.0177459716797,65.95547199249268,0.057001788169145584,0.03759579733014107
45.1,1650,12.893841743469238,0.228600412607193,17.020235061645508,20.167001724243164,9417.821818834202,343.2471008300781,225.45303344726562,65.68242907524109,0.05719080939888954,0.03756431117653847
45.2,1650,12.952324867248535,0.22999416291713715,17.020170211791992,20.203060150146484,9414.936164085979,343.8595275878906,226.7581024169922,65.9449815750122,0.057119566947221756,0.03766749054193497
45.3,1650,12.922191619873047,0.23022162914276123,17.020559310913086,20.19209098815918,9417.245970138736,343.6806945800781,227.03805541992188,66.06075763702393,0.056916411966085434,0.037599410861730576
45.4,1650,12.88892936706543,0.22934043407440186,17.020843505859375,20.18255615234375,9421.688398030265,343.5241394042969,226.27574157714844,65.86894989013672,0.05696116387844086,0.03751971945166588
45.5,1650,12.912430763244629,0.2286182940006256,17.020835876464844,20.180395126342773,9423.947496758625,343.4871826171875,225.61732482910156,65.68434834480286,0.05723155662417412,0.03759217634797096
45.6,1650,12.934722900390625,0.23025409877300262,17.020843505859375,20.144071578979492,9426.675783948369,342.86907958984375,227.29745483398438,66.29278063774109,0.05690659210085869,0.03772496059536934
45.7,1650,12.893743515014648,0.22862374782562256,17.02090835571289,20.13589096069336,9426.76787311222,342.73114013671875,225.6902313232422,65.85051417350769,0.05713026598095894,0.037620577961206436
45.8,1650,12.87668514251709,0.2279784232378006,17.020872116088867,20.12631607055664,9426.489274249434,342.56744384765625,225.04653930664062,65.69408178329468,0.057217877358198166,0.037588756531476974
45.9,1650,12.93821907043457,0.2294963151216507,17.020694732666016,20.119632720947266,9424.03550602281,342.45013427734375,226.48594665527344,66.13691449165344,0.05712592601776123,0.03778132423758507
46,1700,12.92009162902832,0.22999535501003265,17.02044105529785,20.14234733581543,9420.510472712922,342.8316345214844,226.89353942871094,66.18220210075378,0.05694340914487839,0.03768640384078026
46.1,1700,12.9678373336792,0.23524460196495056,17.009471893310547,20.803239822387695,9439.365437589715,353.85211181640625,232.53646850585938,65.71572422981262,0.05576689541339874,0.03664761781692505
46.2,1700,13.39615249633789,0.24935337901115417,16.99620246887207,22.503812789916992,9564.3135304921,382.4793701171875,249.74549865722656,65.29646515846252,0.05363921448588371,0.03502451255917549
46.3,1700,14.017878532409668,0.2569131553173065,17.00128746032715,23.681489944458008,9732.441532912171,402.6158142089844,261.8404541015625,65.03481864929199,0.05353595316410065,0.034817010164260864
46.4,1700,14.526812553405762,0.26427116990089417,17.00659942626953,24.398481369018555,9860.534645612863,414.9352111816406,272.8844909667969,65.76557159423828,0.0532342903316021,0.03500983491539955
46.5,1700,14.826992988586426,0.26833444833755493,17.009748458862305,24.889909744262695,9947.8514925409,423.37109375,279.5338134765625,66.02571606636047,0.053041860461235046,0.03502126783132553
46.6,1700,15.027338981628418,0.26929783821105957,17.01169776916504,25.279560089111328,10005.662505097293,430.0482482910156,282.167724609375,65.61304330825806,0.05325676128268242,0.03494337946176529
46.7,1700,15.203510284423828,0.2713620960712433,17.013174057006836,25.550596237182617,10048.690292641786,434.6967468261719,285.5533447265625,65.69024324417114,0.0532422736287117,0.03497498109936714
46.8,1700,15.34091567993164,0.27425292134284973,17.0145263671875,25.735820770263672,10081.815580858405,437.8828125,289.54669189453125,66.12424850463867,0.052982524037361145,0.03503429517149925
46.9,1700,15.392837524414062,0.2752620279788971,17.015520095825195,25.842613220214844,10107.710121184406,439.7254943847656,291.3585205078125,66.25917553901672,0.0528312623500824,0.03500555828213692
47,1700,15.460921287536621,0.2751816511154175,17.015716552734375,25.940086364746094,10120.723835427652,441.38916015625,291.6484375,66.07512831687927,0.0530121847987175,0.035027869045734406
47.1,1700,15.49060344696045,0.274535208940506,17.015594482421875,26.047250747680664,10126.00555696439,443.2094421386719,291.11517333984375,65.68343043327332,0.05321125686168671,0.03495097532868385
47.2,1700,15.522211074829102,0.274545818567276,17.0156307220459,26.17216682434082,10131.494770541196,445.3359375,291.28424072265625,65.40775299072266,0.05328888073563576,0.034855060279369354
47.3,1700,15.557546615600586,0.27660655975341797,17.015886306762695,26.252349853515625,10134.151368065413,446.7070007324219,293.5475769042969,65.71366786956787,0.0529983825981617,0.034827183932065964
47.4,1700,15.607609748840332,0.2775074541568756,17.0159912109375,26.334468841552734,10135.911553349119,448.1070861816406,294.5547790527344,65.73312282562256,0.05298712104558945,0.034830089658498764
47.5,1700,15.63524055480957,0.2770195007324219,17.015972137451172,26.421733856201172,10137.013126258458,449.59149169921875,294.0688171386719,65.40800333023071,0.0531686469912529,0.03477654978632927
47.6,1700,15.693912506103516,0.27961280941963196,17.015993118286133,26.498336791992188,10139.60327970243,450.8955078125,296.8975830078125,65.84619879722595,0.05285968631505966,0.03480609506368637
47.7,1700,15.714715003967285,0.27952221035957336,17.01656150817871,26.541236877441406,10146.150935820695,451.6405944824219,296.9930419921875,65.75871109962463,0.05291273817420006,0.03479473665356636
47.8,1700,15.710100173950195,0.27806270122528076,17.01714324951172,26.53084373474121,10155.330710065193,451.4791564941406,295.7095947265625,65.49795269966125,0.05312678590416908,0.034796953201293945
47.9,1700,15.6869478225708,0.27784526348114014,17.017719268798828,26.472896575927734,10163.90316210253,450.5083312988281,295.727783203125,65.64313769340515,0.053045228123664856,0.0348205491900444
48,1700,15.606372833251953,0.2769758999347687,17.01807975769043,26.4056396484375,10171.010347317602,449.373291015625,295.00860595703125,65.64890146255493,0.052901413291692734,0.03472919762134552
48.1,1700,15.515379905700684,0.2764342725276947,17.018617630004883,26.312620162963867,10178.736511596018,447.8044128417969,294.6553955078125,65.80001711845398,0.05265602096915245,0.03464766964316368
48.2,1700,15.479211807250977,0.2764178216457367,17.018529891967773,26.21868133544922,10181.53881982253,446.2033996582031,294.7189636230469,66.0503625869751,0.05252194032073021,0.03469093143939972
48.3,1700,15.392842292785645,0.27548646926879883,17.018402099609375,26.133106231689453,10180.6855379499,444.74371337890625,293.7013244628906,66.03833436965942,0.05240985006093979,0.03461059182882309
48.4,1700,15.32285213470459,0.2744070589542389,17.018312454223633,26.04397964477539,10179.996617749453,443.2245788574219,292.53076171875,66.00056886672974,0.052380312234163284,0.03457130491733551
48.5,1700,15.293259620666504,0.273713618516922,17.018205642700195,25.99040985107422,10177.681566111414,442.3101501464844,291.72515869140625,65.95488786697388,0.052423518151044846,0.034575872123241425
48.6,1700,15.260747909545898,0.27395719289779663,17.018056869506836,25.939573287963867,10176.737360760551,441.4411315917969,291.9576721191406,66.13739728927612,0.05227041244506836,0.03457029163837433
48.7,1700,15.281083106994629,0.2724052965641022,17.017671585083008,25.918546676635742,10173.424482233204,441.07330322265625,290.20928955078125,65.79616069793701,0.05265538766980171,0.03464522212743759
48.8,1700,15.293028831481934,0.27283045649528503,17.017301559448242,25.915523529052734,10169.672140227738,441.01226806640625,290.5550537109375,65.88366031646729,0.05263384431600571,0.03467710316181183
48.9,1700,15.317414283752441,0.27307817339897156,17.017131805419922,25.93132781982422,10164.889332135654,441.2768249511719,290.68206787109375,65.87295532226562,0.05269473046064377,0.034711576998233795
49,1700,15.342884063720703,0.27203455567359924,17.016672134399414,25.963315963745117,10157.179487455895,441.8092346191406,289.3515625,65.4924213886261,0.05302506312727928,0.034727394580841064
49.1,1700,15.335445404052734,0.2714362144470215,17.01651954650879,26.008634567260742,10152.107589330459,442.5764465332031,288.5709533691406,65.20251035690308,0.053142718970775604,0.03465038910508156
49.2,1700,15.347623825073242,0.2717666029930115,17.01633071899414,26.068023681640625,10148.960238160917,443.5821228027344,288.8326416015625,65.11367559432983,0.05313673987984657,0.03459928557276726
49.3,1700,15.366663932800293,0.2741100490093231,17.016250610351562,26.130460739135742,10145.822212476322,444.6424560546875,291.233154296875,65.49828052520752,0.052764128893613815,0.034559596329927444
49.4,1700,15.415830612182617,0.27348098158836365,17.01608657836914,26.210548400878906,10144.517810269388,446.0009460449219,290.5274353027344,65.1405394077301,0.053061529994010925,0.03456456959247589
49.5,1700,15.47712516784668,0.2749738395214081,17.0158634185791,26.304414749145508,10142.383439902193,447.5923156738281,292.0518798828125,65.24953246116638,0.052994437515735626,0.03457862138748169
49.6,1700,15.533537864685059,0.2757549583911896,17.015811920166016,26.387575149536133,10140.85988879901,449.0060119628906,292.8375244140625,65.2190625667572,0.05304490029811859,0.034595388919115067
49.7,1700,15.58741283416748,0.27706795930862427,17.01592254638672,26.43437385559082,10143.314822711252,449.8052673339844,294.3031005859375,65.42900204658508,0.05296380817890167,0.034653693437576294
49.8,1700,15.582161903381348,0.27953025698661804,17.016366958618164,26.465736389160156,10148.246838562487,450.3506774902344,297.06292724609375,65.96258282661438,0.05245407670736313,0.034600064158439636
49.9,1700,15.579864501953125,0.27992331981658936,17.017038345336914,26.453428268432617,10156.27841247291,450.15899658203125,297.7160949707031,66.1357581615448,0.05233128368854523,0.03460969030857086
50,1700,15.552434921264648,0.27880093455314636,17.017438888549805,26.40483283996582,10164.02322772122,449.3426208496094,296.74847412109375,66.04058146476746,0.05240948498249054,0.034611526876688004
50.1,1700,15.481000900268555,0.277518093585968,17.018001556396484,26.338008880615234,10172.81949139728,448.22027587890625,295.638671875,65.95834493637085,0.05236459895968437,0.03453882411122322
50.2,1700,15.434292793273926,0.2764790654182434,17.018312454223633,26.24340057373047,10179.150329990533,446.6183776855469,294.7151184082031,65.98812341690063,0.052370212972164154,0.034558121114969254
50.3,1700,15.368946075439453,0.2751322388648987,17.018383026123047,26.138315200805664,10182.56229179544,444.83184814453125,293.37774658203125,65.95250368118286,0.05238620191812515,0.0345500111579895
50.4,1700,15.3272123336792,0.27360355854034424,17.01813507080078,26.065235137939453,10180.994444638762,443.5816955566406,291.7027893066406,65.76077938079834,0.05254393815994263,0.034553300589323044
50.5,1700,15.291428565979004,0.27307039499282837,17.01795768737793,26.00569725036621,10177.448428987744,442.5638427734375,291.0329284667969,65.76066613197327,0.05254191532731056,0.034551914781332016
50.6,1700,15.273999214172363,0.2721256613731384,17.01762580871582,25.98431968688965,10174.979506848082,442.1914367675781,289.9557189941406,65.57244062423706,0.052677009254693985,0.034541599452495575
50.7,1700,15.252681732177734,0.27251437306404114,17.01734733581543,25.954816818237305,10170.791198421353,441.68212890625,290.2503662109375,65.71476459503174,0.05255008861422539,0.03453316539525986
50.8,1700,15.227132797241211,0.2706615626811981,17.017189025878906,25.946420669555664,10167.14376812154,441.53515625,288.173583984375,65.26628732681274,0.05284013971686363,0.0344867967069149
50.9,1700,15.235179901123047,0.27200785279273987,17.017181396484375,25.92985725402832,10165.009397754344,441.2530822753906,289.5461730957031,65.61907529830933,0.05261744186282158,0.03452707827091217
51,1750,15.24838924407959,0.2718026340007782,17.016889572143555,25.939674377441406,10162.528818758497,441.4125671386719,289.25714111328125,65.52987694740295,0.052715688943862915,0.034544527530670166
51.1,1750,15.292255401611328,0.2756213843822479,17.008440017700195,26.412151336669922,10171.828658621684,449.2294921875,293.58953857421875,65.35401940345764,0.052087195217609406,0.03404107689857483
51.2,1750,15.709503173828125,0.2915535569190979,16.99052619934082,28.21645736694336,10272.462298053739,479.4124450683594,313.6328430175781,65.42025208473206,0.05008883401751518,0.03276824206113815
51.3,1750,16.135541915893555,0.30116406083106995,16.993640899658203,29.719114303588867,10438.877908300457,505.03594970703125,329.2195129394531,65.18734097480774,0.04901149868965149,0.03194929286837578
51.4,1750,16.607934951782227,0.30623960494995117,17.000139236450195,30.598485946655273,10577.77750952605,520.1785278320312,339.2223205566406,65.21267294883728,0.048958852887153625,0.03192737698554993
51.5,1750,16.962520599365234,0.30959352850914,17.004104614257812,31.190114974975586,10673.800862337535,530.3599853515625,346.05059814453125,65.24824500083923,0.04901745915412903,0.03198303282260895
51.6,1750,17.243770599365234,0.3128732144832611,17.006343841552734,31.638425827026367,10735.92491168182,538.053955078125,351.7519226074219,65.37483930587769,0.04902253672480583,0.03204840421676636
51.7,1750,17.336557388305664,0.3146553337574005,17.007848739624023,31.97686195373535,10779.409647988705,543.8576049804688,355.1883239746094,65.30906558036804,0.0488094799220562,0.03187701478600502
51.8,1750,17.4229793548584,0.31519970297813416,17.009632110595703,32.20597839355469,10814.116771589423,547.8118286132812,356.94842529296875,65.15894532203674,0.048810914158821106,0.03180467709898949
51.9,1750,17.528776168823242,0.3154450058937073,17.011472702026367,32.29532241821289,10846.53798569256,549.3909912109375,358.2972106933594,65.21716117858887,0.048922449350357056,0.03190582990646362
52,1750,17.599184036254883,0.3152047097682953,17.012924194335938,32.28409957885742,10872.937267891306,549.2469482421875,358.8956604003906,65.34322500228882,0.04903705045580864,0.03204238787293434
52.1,1750,17.55788230895996,0.31419599056243896,17.013389587402344,32.26347732543945,10891.478663336762,548.9111328125,358.357177734375,65.28509855270386,0.0489954799413681,0.03198675066232681
52.2,1750,17.455432891845703,0.31274446845054626,17.013330459594727,32.241943359375,10899.593000926088,548.5428466796875,356.9673767089844,65.07557034492493,0.04889923706650734,0.03182145953178406
52.3,1750,17.498735427856445,0.31413644552230835,17.012617111206055,32.274627685546875,10894.577055710333,549.0758666992188,358.39117431640625,65.27170538902283,0.04882579669356346,0.03186943009495735
52.4,1750,17.45183753967285,0.314630925655365,17.012346267700195,32.33306121826172,10892.300471697698,550.0612182617188,358.88031005859375,65.24370312690735,0.04862857237458229,0.031727083027362823
52.5,1750,17.56130599975586,0.31547415256500244,17.01280403137207,32.354576110839844,10895.265975910777,550.4420776367188,359.9400939941406,65.39109945297241,0.04878952354192734,0.03190400451421738
52.6,1750,17.69007682800293,0.3157666325569153,17.012962341308594,32.356040954589844,10896.844314238022,550.4721069335938,360.32598876953125,65.4576301574707,0.04909464344382286,0.03213619068264961
52.7,1750,17.635114669799805,0.31523990631103516,17.01247215270996,32.397640228271484,10894.35324407161,551.1639404296875,359.6427001953125,65.25149345397949,0.04903509467840195,0.03199613094329834
52.8,1750,17.620479583740234,0.3150942921638489,17.01264762878418,32.42290496826172,10894.84050066008,551.5994873046875,359.49267578125,65.17277359962463,0.049014851450920105,0.031944338232278824
52.9,1750,17.49168586730957,0.31545960903167725,17.012819290161133,32.425296783447266,10895.010690760359,551.6456909179688,359.9150695800781,65.24388194084167,0.0485994815826416,0.031708188354969025
53,1750,17.526737213134766,0.31543681025505066,17.01248550415039,32.465274810791016,10894.178391228857,552.3150024414062,359.861572265625,65.15513062477112,0.0487041100859642,0.03173322603106499
53.1,1750,17.64361572265625,0.31635797023773193,17.01277732849121,32.48763656616211,10895.787037382179,552.7049560546875,360.96575927734375,65.30894637107849,0.04887891933321953,0.03192230686545372
53.2,1750,17.718563079833984,0.3165726959705353,17.013437271118164,32.45342254638672,10902.513043400053,552.144287109375,361.4337463378906,65.4600203037262,0.049022991210222244,0.032090459018945694
53.3,1750,17.716758728027344,0.314725786447525,17.013465881347656,32.41880416870117,10906.106852161422,551.5562133789062,359.44354248046875,65.16897678375244,0.04928940534591675,0.03212140128016472
53.4,1750,17.50273323059082,0.31379327178001404,17.01352882385254,32.39698028564453,10908.149133364768,551.1869506835938,358.4456481933594,65.03158807754517,0.04882953315973282,0.031754620373249054
53.5,1750,17.520343780517578,0.31385552883148193,17.0136661529541,32.355384826660156,10907.269040722917,550.4837036132812,358.4878234863281,65.12233018875122,0.04887291043996811,0.0318271778523922
53.6,1750,17.597286224365234,0.3138321340084076,17.0129337310791,32.36252212524414,10903.593633968261,550.5814208984375,358.34033203125,65.08398056030273,0.04910774901509285,0.03196127712726593
53.7,1750,17.677013397216797,0.31571951508522034,17.012529373168945,32.39788055419922,10898.315409488378,551.169921875,360.32086181640625,65.37383198738098,0.04905908927321434,0.032071806490421295
53.8,1750,17.76821517944336,0.31589725613594055,17.01263999938965,32.43022918701172,10894.729760526337,551.7238159179688,360.40509033203125,65.32346606254578,0.049300674349069595,0.03220490738749504
53.9,1750,17.628042221069336,0.31480637192726135,17.01285743713379,32.440757751464844,10897.662625542103,551.9099731445312,359.2572021484375,65.09343981742859,0.04906802624464035,0.031940069049596786
54,1750,17.56355857849121,0.3148711323738098,17.013126373291016,32.446022033691406,10900.61530721338,552.00830078125,359.428466796875,65.11287689208984,0.048865240067243576,0.031817562878131866
54.1,1750,17.507991790771484,0.315206378698349,17.013282775878906,32.41979217529297,10900.79249142737,551.5670776367188,359.8170166015625,65.23540019989014,0.04865804314613342,0.03174227103590965
54.2,1750,17.586536407470703,0.3151679039001465,17.013263702392578,32.415924072265625,10903.922357312636,551.5006713867188,359.8763732910156,65.25402665138245,0.048868268728256226,0.03188851475715637
54.3,1750,17.633102416992188,0.3152081370353699,17.013879776000977,32.37119674682617,10909.029226006622,550.7596435546875,360.0909118652344,65.38076996803284,0.04896847531199455,0.03201596811413765
54.4,1750,17.626100540161133,0.31417542695999146,17.013521194458008,32.3460807800293,10907.926487411665,550.3207397460938,358.8748474121094,65.21194577217102,0.0491148941218853,0.03202877938747406
54.5,1750,17.537460327148438,0.3134865462779999,17.013168334960938,32.3545036315918,10905.489038783697,550.45263671875,358.0079650878906,65.03883004188538,0.04898623004555702,0.031860072165727615
54.6,1750,17.397300720214844,0.31414997577667236,17.013139724731445,32.34367370605469,10902.739186410012,550.2674560546875,358.6751403808594,65.181964635849,0.04850434139370918,0.031616080552339554
54.7,1750,17.515897750854492,0.31438449025154114,17.012876510620117,32.36319351196289,10899.233969755636,550.5910034179688,358.8274841308594,65.17133116722107,0.048814259469509125,0.03181290253996849
54.8,1750,17.609878540039062,0.31534767150878906,17.012104034423828,32.434635162353516,10892.489312767872,551.7813720703125,359.7041015625,65.1896059513092,0.04895656928420067,0.031914591789245605
54.9,1750,17.716848373413086,0.3169265389442444,17.011825561523438,32.51875305175781,10886.032580127836,553.203369140625,361.290771484375,65.30885100364685,0.04903764650225639,0.03202592208981514
55,1750,17.771499633789062,0.31814107298851013,17.01123809814453,32.65272903442383,10878.947542939512,555.4633178710938,362.43927001953125,65.24989604949951,0.049033042043447495,0.031994011253118515
55.1,1750,17.763235092163086,0.3182651400566101,17.01105308532715,32.77156066894531,10876.282785615967,557.478759765625,362.4917907714844,65.02342820167542,0.04900313541293144,0.03186351805925369
55.2,1750,17.723539352416992,0.3193163275718689,17.011445999145508,32.86521911621094,10878.963862538169,559.0848999023438,363.7787170410156,65.06680846214294,0.04872066155076027,0.0317009799182415
55.3,1750,17.70821189880371,0.31979018449783325,17.011837005615234,32.90889358520508,10882.558836985158,559.8407592773438,364.4389343261719,65.09689688682556,0.048590339720249176,0.031630802899599075
55.4,1750,17.74311637878418,0.3195542097091675,17.01229476928711,32.9412956237793,10886.892856114178,560.4070434570312,364.3150329589844,65.00900983810425,0.048702672123909,0.03166112303733826
55.5,1750,17.89003562927246,0.31998521089553833,17.012372970581055,32.975040435791016,10890.687162801903,560.9837036132812,364.9335632324219,65.0524377822876,0.04902271926403046,0.03189047425985336
55.6,1750,17.951175689697266,0.32047128677368164,17.012609481811523,32.996673583984375,10895.154070091416,561.3594970703125,365.6378173828125,65.13434052467346,0.0490955114364624,0.03197803720831871
55.7,1750,17.82478904724121,0.3190445899963379,17.013113021850586,32.96506881713867,10902.419788550584,560.8384399414062,364.2528076171875,64.94790315628052,0.048935215920209885,0.031782396137714386
55.8,1750,17.63552474975586,0.3183661699295044,17.013511657714844,32.9206657409668,10908.434726341264,560.0961303710938,363.67877197265625,64.93149399757385,0.04849203675985336,0.03148660436272621
55.9,1750,17.62253189086914,0.31843259930610657,17.013498306274414,32.86405944824219,10911.669503932182,559.1326293945312,363.862548828125,65.07624983787537,0.04843183979392052,0.031517624855041504
56,1800,17.775686264038086,0.31902503967285156,17.01338768005371,32.832733154296875,10909.647039384346,558.5960083007812,364.471923828125,65.2478575706482,0.048771072179079056,0.0318220779299736
56.1,1800,17.91983985900879,0.32410216331481934,17.001577377319336,33.45823669433594,10923.638763861389,568.8427734375,370.7471923828125,65.17568826675415,0.04833438992500305,0.031502269208431244
56.2,1800,18.04833221435547,0.339136004447937,16.98204231262207,35.56791687011719,11028.896678141435,604.015869140625,391.682861328125,64.8464560508728,0.046078942716121674,0.02988055907189846
56.3,1800,18.546110153198242,0.34786906838417053,16.986408233642578,37.175376892089844,11187.091873407555,631.4761352539062,407.53192138671875,64.53639268875122,0.04550836235284805,0.029369454830884933
56.4,1800,19.037065505981445,0.35285651683807373,16.993200302124023,38.185081481933594,11315.797553900687,648.88671875,418.1305847167969,64.43814635276794,0.045528996735811234,0.029338041320443153
56.5,1800,19.455183029174805,0.3554314374923706,16.997251510620117,38.91481018066406,11402.739050059618,661.44482421875,424.4178466796875,64.16527032852173,0.045839689671993256,0.029413161799311638
56.6,1800,19.767263412475586,0.35890308022499084,16.9992733001709,39.503318786621094,11460.319256863577,671.5277099609375,430.7274169921875,64.1414225101471,0.04589274525642395,0.029436258599162102
56.7,1800,20.01624298095703,0.3605945408344269,17.001359939575195,39.93796920776367,11503.840129424632,678.9998168945312,434.4007873535156,63.9765739440918,0.046077825129032135,0.0294790118932724
56.8,1800,20.095073699951172,0.3629644811153412,17.002626419067383,40.27365493774414,11533.946291889728,684.7579345703125,438.4001159667969,64.0226423740387,0.045837290585041046,0.029346246272325516
56.9,1800,20.33062171936035,0.3660704791545868,17.003849029541016,40.53580093383789,11557.920948002307,689.2646484375,443.0707092285156,64.28165435791016,0.04588572680950165,0.029496103525161743
57,1800,20.430068969726562,0.36612623929977417,17.00477409362793,40.73904800415039,11579.778719031967,692.75830078125,443.97625732421875,64.0881896018982,0.04601613059639931,0.02949090488255024
57.1,1800,20.346281051635742,0.3675362169742584,17.0057315826416,40.839683532714844,11596.411887120186,694.5086669921875,446.3262023925781,64.2650306224823,0.04558612033724785,0.02929593436419964
57.2,1800,20.468711853027344,0.36835604906082153,17.00673484802246,40.91937255859375,11610.778962366336,695.9049072265625,447.8759765625,64.35878872871399,0.04570173844695091,0.02941308729350567
57.3,1800,20.46870231628418,0.36685433983802795,17.007123947143555,40.96464538574219,11620.563727446755,696.6907958984375,446.4259948730469,64.07806873321533,0.045850157737731934,0.029379894956946373
57.4,1800,20.415897369384766,0.3678523600101471,17.006813049316406,41.04268264770508,11624.901243632632,698.0052490234375,447.8075866699219,64.15533423423767,0.045590780675411224,0.02924891747534275
57.5,1800,20.51242446899414,0.36824536323547363,17.006845474243164,41.11197280883789,11626.842110187183,699.1849975585938,448.36083984375,64.12621140480042,0.045749813318252563,0.029337622225284576
57.6,1800,20.455228805541992,0.3670817017555237,17.007715225219727,41.11906051635742,11632.671703964546,699.3412475585938,447.1681213378906,63.94132971763611,0.04574393481016159,0.02924928069114685
57.7,1800,20.567508697509766,0.3685758709907532,17.007225036621094,41.17039108276367,11630.24707787838,700.194091796875,448.8946838378906,64.11003470420837,0.04581811651587486,0.029374010860919952
57.8,1800,20.670955657958984,0.36794567108154297,17.006208419799805,41.297523498535156,11622.70042918519,702.3142700195312,447.83636474609375,63.76580595970154,0.046157386153936386,0.02943262830376625
57.9,1800,20.619550704956055,0.36982646584510803,17.00596809387207,41.43095016479492,11617.797555474413,704.5734252929688,449.9356689453125,63.859301805496216,0.045827776193618774,0.029265297576785088
58,1800,20.81635093688965,0.37175869941711426,17.006277084350586,41.542606353759766,11616.841693267368,706.4850463867188,452.2492370605469,64.01398181915283,0.0460284948348999,0.02946467138826847
58.1,1800,20.739225387573242,0.3705946207046509,17.007116317749023,41.573631286621094,11625.048120020545,707.047607421875,451.1515808105469,63.807809352874756,0.04596952721476555,0.029332149773836136
58.2,1800,20.791481018066406,0.37158769369125366,17.00712776184082,41.60945129394531,11629.511530253201,707.6572265625,452.5342102050781,63.948220014572144,0.04594455286860466,0.02938072197139263
58.3,1800,20.824777603149414,0.37119442224502563,17.006694793701172,41.68487548828125,11629.508033196347,708.9219360351562,452.0551452636719,63.76655697822571,0.046066898852586746,0.02937527559697628
58.4,1800,20.83864974975586,0.3728311359882355,17.00615119934082,41.78311538696289,11623.903416743326,710.5700073242188,453.8295593261719,63.868385553359985,0.04591734707355499,0.02932666800916195
58.5,1800,20.86801528930664,0.37412768602371216,17.006572723388672,41.86830139160156,11622.868287914232,712.0363159179688,455.36724853515625,63.95280957221985,0.045826781541109085,0.029307516291737556
58.6,1800,20.842418670654297,0.37302884459495544,17.006975173950195,41.93946075439453,11628.187311390757,713.2633666992188,454.2375793457031,63.684409856796265,0.045884400606155396,0.02922121062874794
58.7,1800,20.776063919067383,0.3738420903682709,17.008380889892578,41.886600494384766,11641.681288108764,712.4232788085938,455.7561340332031,63.97266387939453,0.04558592289686203,0.029162529855966568
58.8,1800,20.790470123291016,0.3710281252861023,17.009178161621094,41.76372146606445,11653.342807034725,710.3665771484375,452.7786865234375,63.73873949050903,0.045917510986328125,0.029267242178320885
58.9,1800,20.65013885498047,0.37117817997932434,17.009063720703125,41.676944732666016,11655.81172917439,708.8858032226562,453.0577697753906,63.91124725341797,0.04557948186993599,0.029130415990948677
59,1800,20.682147979736328,0.36952707171440125,17.009275436401367,41.58420944213867,11658.682812852381,707.3172607421875,451.1535339355469,63.783758878707886,0.045842815190553665,0.02924026921391487
59.1,1800,20.502704620361328,0.3699513077735901,17.009321212768555,41.49858093261719,11658.983559741915,705.8626708984375,451.6831359863281,63.99022340774536,0.045391786843538284,0.029046306386590004
59.2,1800,20.567821502685547,0.3705291748046875,17.009235382080078,41.43853759765625,11657.617376197211,704.8378295898438,452.3356628417969,64.17585015296936,0.04547026380896568,0.029180927202105522
59.3,1800,20.496906280517578,0.3689136505126953,17.009584426879883,41.37498092651367,11659.482473186568,703.771240234375,450.4355163574219,64.00311589241028,0.04550464078783989,0.029124388471245766
59.4,1800,20.48259925842285,0.36863791942596436,17.00956916809082,41.2908935546875,11661.066639941904,702.34033203125,450.1600036621094,64.09428715705872,0.04550071060657501,0.029163355007767677
59.5,1800,20.380077362060547,0.365817666053772,17.010499954223633,41.119895935058594,11668.360334855914,699.469970703125,446.9954833984375,63.90488147735596,0.04559347778558731,0.029136456549167633
59.6,1800,20.35362434387207,0.366455614566803,17.01042938232422,40.98016357421875,11670.25573967135,697.0901489257812,447.84771728515625,64.24530744552612,0.04544764384627342,0.02919797971844673
59.7,1800,20.30158233642578,0.36347442865371704,17.010421752929688,40.8536262512207,11671.225590105816,694.9374389648438,444.2413024902344,63.92536759376526,0.04569944739341736,0.029213540256023407
59.8,1800,20.250045776367188,0.3636530935764313,17.010377883911133,40.73006057739258,11669.74633505613,692.833740234375,444.4033508300781,64.14285898208618,0.04556681588292122,0.029227858409285545
59.9,1800,20.42437744140625,0.3640921711921692,17.008771896362305,40.743167877197266,11654.911819877023,692.9912719726562,444.37432861328125,64.12408947944641,0.045962102711200714,0.029472777619957924
60,1800,20.403121948242188,0.3647574782371521,17.007356643676758,40.86577224731445,11637.266836672077,695.0187377929688,444.5123291015625,63.95688056945801,0.04590001329779625,0.02935621701180935
60.1,1800,20.51498031616211,0.3669692575931549,17.00685691833496,40.99886703491211,11625.614643231062,697.2618408203125,446.75994873046875,64.07347917556763,0.045919470489025116,0.029422203078866005
60.2,1800,20.580068588256836,0.36649182438850403,17.00693702697754,41.11566925048828,11621.99402370047,699.2515869140625,446.03973388671875,63.78816366195679,0.046139538288116455,0.02943156473338604
60.3,1800,20.54835319519043,0.36780795454978943,17.007041931152344,41.22245788574219,11620.49728336651,701.0720825195312,447.5838928222656,63.84277939796448,0.04590950161218643,0.029309900477528572
60.4,1800,20.72466278076172,0.36919763684272766,17.0064640045166,41.36634063720703,11616.392904304304,703.4951782226562,449.1163024902344,63.840705156326294,0.046145424246788025,0.02945956587791443
60.5,1800,20.748857498168945,0.3687994182109833,17.00619888305664,41.51301574707031,11612.32932423874,705.9785766601562,448.4749450683594,63.52528929710388,0.0462653674185276,0.029390206560492516
60.6,1800,20.752235412597656,0.37156182527542114,17.006420135498047,41.661537170410156,11611.154313135445,708.5136108398438,451.7884216308594,63.765668869018555,0.04593352600932121,0.029289819300174713
60.7,1800,20.79128646850586,0.3709743916988373,17.00743865966797,41.724891662597656,11620.576549988558,709.633544921875,451.440185546875,63.615959882736206,0.04605546221137047,0.029298624023795128
60.8,1800,20.690126419067383,0.37063682079315186,17.0081787109375,41.72114562988281,11629.659572326733,709.6007080078125,451.3819580078125,63.61069679260254,0.045837294310331345,0.029157420620322227
60.9,1800,20.72000503540039,0.37113314867019653,17.009061813354492,41.666297912597656,11641.28845205538,708.7046508789062,452.4383544921875,63.84018659591675,0.04579630494117737,0.02923644706606865
61,1850,20.681455612182617,0.36875441670417786,17.010025024414062,41.552425384521484,11653.566618673449,706.8078002929688,450.01263427734375,63.66831660270691,0.045957498252391815,0.029260367155075073
61.1,1850,20.678016662597656,0.3725201487541199,17.001235961914062,41.91825485229492,11661.587701413308,712.6621704101562,454.92108154296875,63.83404731750488,0.04545407369732857,0.029015174135565758
61.2,1850,20.91813850402832,0.3851153552532196,16.976806640625,44.07524490356445,11739.75158486607,748.2568969726562,473.4546203613281,63.27434182167053,0.04418192803859711,0.02795582450926304
61.3,1850,21.482330322265625,0.39712458848953247,16.975475311279297,46.221405029296875,11878.160432446339,784.6303100585938,493.97454833984375,62.956345081329346,0.04348873719573021,0.02737891860306263
61.4,1850,22.069599151611328,0.40570423007011414,16.981861114501953,47.67502212524414,11994.26505140512,809.610595703125,509.5793151855469,62.941282987594604,0.043309446424245834,0.027259523048996925
61.5,1850,22.540019989013672,0.4114247262477875,16.98613739013672,48.81344985961914,12079.762263082916,829.1519775390625,520.4480590820312,62.768715620040894,0.04330887645483017,0.02718442492187023
61.6,1850,22.755802154541016,0.41477474570274353,16.990732192993164,49.62696838378906,12148.004996237913,843.1985473632812,527.64990234375,62.57718801498413,0.043126702308654785,0.026987478137016296
61.7,1850,22.959293365478516,0.41845396161079407,16.9938907623291,50.23152160644531,12204.652654547193,853.6289672851562,534.812744140625,62.651658058166504,0.04292959347367287,0.026896102353930473
61.8,1850,23.11745834350586,0.4190865457057953,16.996225357055664,50.67884826660156,12246.81550336287,861.34912109375,537.4716186523438,62.39880919456482,0.04301149770617485,0.02683866210281849
61.9,1850,23.229944229125977,0.4215850532054901,16.998308181762695,50.99323654174805,12281.538946562245,866.7987670898438,542.2088623046875,62.553030252456665,0.04284316673874855,0.026799697428941727
62,1850,23.190000534057617,0.4207797050476074,17.000164031982422,51.18672180175781,12311.323379796677,870.1826782226562,542.4855346679688,62.341564893722534,0.04274768754839897,0.026649577543139458
62.1,1850,23.330472946166992,0.42120659351348877,17.00126838684082,51.27763748168945,12336.773793902086,871.7848510742188,544.158447265625,62.41888999938965,0.04287441074848175,0.026761731132864952
62.2,1850,23.335493087768555,0.4218023121356964,17.002552032470703,51.30592346191406,12354.735843595225,872.3316040039062,545.7214965820312,62.558943033218384,0.04276081174612045,0.02675071358680725
62.3,1850,23.290088653564453,0.42009881138801575,17.00309181213379,51.348819732666016,12365.030013290863,873.0886840820312,543.9703979492188,62.304139137268066,0.04281499609351158,0.02667551301419735
62.4,1850,23.296998977661133,0.4202069342136383,17.00374984741211,51.32647705078125,12376.33483241761,872.7425537109375,544.6078491210938,62.40188479423523,0.042777568101882935,0.026694009080529213
62.5,1850,23.209096908569336,0.419746458530426,17.00472068786621,51.23221969604492,12386.5497354912,871.1895751953125,544.4600219726562,62.496161460876465,0.0426277332007885,0.026640696451067924
62.6,1850,23.249364852905273,0.4181911051273346,17.004375457763672,51.18071746826172,12388.955710607474,870.296142578125,542.5479125976562,62.34061121940613,0.04285218566656113,0.02671431377530098
62.7,1850,23.35002326965332,0.42029160261154175,17.00312614440918,51.24156188964844,12381.854353820492,871.2667236328125,544.9605102539062,62.548065185546875,0.04284718632698059,0.026800084859132767
62.8,1850,23.28745460510254,0.4212045669555664,17.00241470336914,51.32969284057617,12373.992970010348,872.7286987304688,545.7974853515625,62.5391960144043,0.04266683757305145,0.026683498173952103
62.9,1850,23.320343017578125,0.42080241441726685,17.00222396850586,51.439109802246094,12368.787018038802,874.5792846679688,545.0469970703125,62.321048974990845,0.04278593137860298,0.026664642617106438
63,1850,23.347064971923828,0.4224410653114319,17.00269889831543,51.50584411621094,12368.302092821568,875.7383422851562,547.1480102539062,62.478482723236084,0.04267047345638275,0.02665986306965351
63.1,1850,23.28347396850586,0.4211018681526184,17.003755569458008,51.51575469970703,12372.40996894063,875.9613037109375,545.5946044921875,62.28524446487427,0.042675409466028214,0.026580482721328735
63.2,1850,23.31577491760254,0.42126041650772095,17.00373077392578,51.513431549072266,12379.478686530298,875.9205322265625,546.1118774414062,62.34719753265381,0.04269413650035858,0.0266185961663723
63.3,1850,23.19632339477539,0.42073965072631836,17.005170822143555,51.40629959106445,12389.781016025265,874.1729125976562,545.8906860351562,62.446534633636475,0.042492616921663284,0.026535166427493095
63.4,1850,23.112018585205078,0.4183189570903778,17.00571060180664,51.298309326171875,12398.43856311274,872.3641967773438,543.1292114257812,62.259453535079956,0.04255344346165657,0.02649354375898838
63.5,1850,23.109939575195312,0.4170905351638794,17.005746841430664,51.18027877807617,12404.754247792955,870.35888671875,541.8101196289062,62.2513473033905,0.04265320673584938,0.026552196592092514
63.6,1850,23.115407943725586,0.41816315054893494,17.00564956665039,51.04988098144531,12404.811366388254,868.1364135742188,543.2059936523438,62.57150173187256,0.04255367070436478,0.026626471430063248
63.7,1850,23.04623794555664,0.4165552854537964,17.004743576049805,51.020931243896484,12397.397605855555,867.5978393554688,540.7939453125,62.33232617378235,0.04261556267738342,0.02656327188014984
63.8,1850,23.079402923583984,0.41678565740585327,17.00394630432129,51.04008102416992,12388.721407798184,867.8828125,540.7142944335938,62.302690744400024,0.04268317297101021,0.026592765003442764
63.9,1850,23.104528427124023,0.4185783863067627,17.00398826599121,51.043304443359375,12384.70795221421,867.9397583007812,542.8641967773438,62.546294927597046,0.04256042093038559,0.026619968935847282
64,1850,23.09058952331543,0.4176694452762604,17.003721237182617,51.08199691772461,12380.053369540143,868.5840454101562,541.4817504882812,62.34074831008911,0.042643338441848755,0.02658417448401451
64.1,1850,23.165788650512695,0.41850560903549194,17.003623962402344,51.12531280517578,12376.296364792204,869.3156127929688,542.401123046875,62.39404082298279,0.04270969703793526,0.026648307219147682
64.2,1850,23.115991592407227,0.4191804528236389,17.00404930114746,51.14338302612305,12377.483032751683,869.6445922851562,543.327880859375,62.47699856758118,0.042545199394226074,0.026580963283777237
64.3,1850,23.076438903808594,0.4170994758605957,17.004365921020508,51.14588165283203,12381.551275559721,869.7033081054688,540.8082885742188,62.18307614326477,0.04267027601599693,0.026533691212534904
64.4,1850,23.186782836914062,0.4171466827392578,17.004436492919922,51.13174819946289,12381.64336472357,869.466552734375,540.8734741210938,62.2075080871582,0.042869143187999725,0.026667825877666473
64.5,1850,23.114360809326172,0.41799455881118774,17.003955841064453,51.187686920166016,12377.608926798466,870.3931884765625,541.7962646484375,62.247300148010254,0.04266246035695076,0.0265562292188406
64.6,1850,23.115398406982422,0.4171214997768402,17.00366973876953,51.232303619384766,12377.406097500872,871.1371459960938,540.65576171875,62.06321716308594,0.04275437444448471,0.02653473988175392
64.7,1850,23.227554321289062,0.419283002614975,17.003799438476562,51.257930755615234,12377.037740845475,871.57958984375,543.4412231445312,62.35130429267883,0.04274161159992218,0.026649951934814453
64.8,1850,23.134008407592773,0.4176837205886841,17.004350662231445,51.263179779052734,12378.97511034317,871.6970825195312,541.453125,62.11482286453247,0.042725782841444016,0.026539044454693794
64.9,1850,23.186546325683594,0.4177602231502533,17.004236221313477,51.273868560791016,12380.377430142044,871.8729858398438,541.6136474609375,62.1207058429718,0.04281012341380119,0.026593949645757675
65,1850,23.156896591186523,0.41957932710647583,17.004364013671875,51.29509735107422,12381.364765860786,872.240478515625,544.0154418945312,62.3698890209198,0.04256661608815193,0.026548750698566437
65.1,1850,23.07642936706543,0.41836562752723694,17.004255294799805,51.31502151489258,12380.844870075001,872.57373046875,542.4190063476562,62.16311454772949,0.042543549090623856,0.026446394622325897
65.2,1850,23.158475875854492,0.4182772934436798,17.00420570373535,51.335601806640625,12378.991429941827,872.921142578125,542.2232666015625,62.1159553527832,0.04271021857857704,0.026529859751462936
65.3,1850,23.11433982849121,0.4200592637062073,17.003902435302734,51.35948944091797,12378.447054758059,873.311767578125,544.5093383789062,62.34993934631348,0.04244984686374664,0.02646745555102825
65.4,1850,23.096996307373047,0.4183972477912903,17.00335121154785,51.37297058105469,12380.827384790726,873.5126342773438,542.459228515625,62.10089921951294,0.042578309774398804,0.026441512629389763
65.5,1850,23.063596725463867,0.41823095083236694,17.004220962524414,51.30009460449219,12389.432476025378,872.318115234375,542.6204833984375,62.204426527023315,0.04250410199165344,0.026439432054758072
65.6,1850,23.068458557128906,0.4182305634021759,17.004343032836914,51.2127571105957,12393.37715615787,870.8392944335938,542.7927856445312,62.329840660095215,0.042499568313360214,0.02648991532623768
65.7,1850,23.145347595214844,0.4179408550262451,17.002344131469727,51.25642013549805,12384.254500508672,871.4793090820312,542.0175170898438,62.19511032104492,0.04270221292972565,0.026558689773082733
65.8,1850,23.2785701751709,0.42073363065719604,17.000858306884766,51.41502380371094,12367.715752955539,874.0995483398438,544.9107055664062,62.3396635055542,0.042719971388578415,0.026631487533450127
65.9,1850,23.17495346069336,0.4211203455924988,17.0013370513916,51.54369354248047,12362.564588208055,876.3117065429688,545.1843872070312,62.21352219581604,0.04250846803188324,0.026446016505360603
66,1900,23.26630210876465,0.42097780108451843,17.002147674560547,51.59690856933594,12365.906608875861,877.2582397460938,545.147216796875,62.142157554626465,0.04267893731594086,0.026521610096096992
66.1,1900,23.370534896850586,0.42702481150627136,16.987958908081055,52.471012115478516,12383.129613886966,891.3754272460938,553.7479858398438,62.12286949157715,0.04220427945256233,0.026218509301543236
66.2,1900,23.792203903198242,0.4410789906978607,16.9636287689209,55.168827056884766,12479.376778337175,935.863525390625,576.41845703125,61.59214973449707,0.04127592220902443,0.025422729551792145
66.3,1900,24.392316818237305,0.45077699422836304,16.966054916381836,57.458168029785156,12615.519533075372,974.8384399414062,595.5188598632812,61.08897924423218,0.04095977544784546,0.025021906942129135
66.4,1900,24.74009132385254,0.457398384809494,16.974164962768555,59.00932312011719,12732.668606348194,1001.6339721679688,609.8776245117188,60.88826656341553,0.04056566581130028,0.024699732661247253
66.5,1900,25.064783096313477,0.4622417986392975,16.98015022277832,60.1279296875,12826.219539963162,1020.9812622070312,620.864013671875,60.81051826477051,0.04037080705165863,0.02454969845712185
66.6,1900,25.164953231811523,0.4659811556339264,16.985170364379883,60.915531158447266,12899.291708634979,1034.66064453125,629.4523315429688,60.83659529685974,0.039979126304388046,0.024321937933564186
66.7,1900,25.246166229248047,0.4668189585208893,16.988813400268555,61.47806167602539,12959.171813163939,1044.4393310546875,633.5112915039062,60.655635595321655,0.039851170033216476,0.0241719800978899
66.8,1900,25.352371215820312,0.4671075642108917,16.99201774597168,61.833839416503906,13006.220050406117,1050.681640625,636.204345703125,60.55157780647278,0.0398494154214859,0.02412945032119751
66.9,1900,25.499740600585938,0.46844854950904846,16.993167877197266,62.0904426574707,13037.848598288776,1055.11328125,639.5823364257812,60.61740517616272,0.039869364351034164,0.024167774245142937
67,1900,25.627134323120117,0.4701574742794037,16.992856979370117,62.38888931274414,13049.785219020669,1060.16552734375,642.5032348632812,60.60405373573303,0.039886388927698135,0.024172767996788025
67.1,1900,25.754438400268555,0.47106578946113586,16.9921817779541,62.75551986694336,13052.981528986182,1066.3531494140625,643.9022216796875,60.38357615470886,0.039997439831495285,0.024151884019374847
67.2,1900,25.90146827697754,0.4719041883945465,16.992143630981445,63.10247039794922,13054.362866443924,1072.2462158203125,645.116455078125,60.164958238601685,0.04015006497502327,0.024156268686056137
67.3,1900,26.005783081054688,0.4738444983959198,16.992647171020508,63.401084899902344,13061.409436006843,1077.352294921875,648.11865234375,60.158467292785645,0.040125034749507904,0.02413860708475113
67.4,1900,26.013137817382812,0.4752810597419739,16.994203567504883,63.586605072021484,13072.653639481436,1080.603759765625,650.6431884765625,60.21108031272888,0.03998064994812012,0.024072783067822456
67.5,1900,26.008329391479492,0.4766159951686859,16.9947509765625,63.72842788696289,13083.81274790589,1083.0487060546875,653.0276489257812,60.295313596725464,0.03982730209827423,0.024013996124267578
67.6,1900,25.966062545776367,0.47610434889793396,16.99566650390625,63.825191497802734,13094.78418094579,1084.751708984375,652.8735961914062,60.18645763397217,0.03977195918560028,0.02393733337521553
67.7,1900,25.9736270904541,0.4754543602466583,16.99614906311035,63.862525939941406,13101.713016261254,1085.4169921875,652.3272705078125,60.09923219680786,0.03981686383485794,0.02392962947487831
67.8,1900,26.06308364868164,0.47621849179267883,16.994813919067383,64.02881622314453,13097.610968570285,1088.1578369140625,653.1710815429688,60.025399923324585,0.03990238532423973,0.023951565846800804
67.9,1900,26.162269592285156,0.4777924418449402,16.99405288696289,64.2562484741211,13091.164727100817,1091.97412109375,655.0073852539062,59.98378396034241,0.039941947907209396,0.023958690464496613
68,1900,26.181333541870117,0.47904640436172485,16.995311737060547,64.37202453613281,13094.581351648196,1094.0225830078125,656.8978271484375,60.044264793395996,0.039856020361185074,0.02393125370144844
68.1,1900,26.199413299560547,0.4800153374671936,16.995168685913086,64.4839096069336,13099.70453994084,1095.9149169921875,658.4840087890625,60.085320472717285,0.039787471294403076,0.02390643022954464
68.2,1900,26.151670455932617,0.4793843626976013,16.9964656829834,64.52471160888672,13107.281496460108,1096.6920166015625,657.998779296875,59.99850034713745,0.03974425047636032,0.023845955729484558
68.3,1900,26.157119750976562,0.4790439307689667,16.996814727783203,64.53614044189453,13112.365051441726,1096.9088134765625,657.7865600585938,59.967297315597534,0.039765361696481705,0.023846210911870003
68.4,1900,26.204666137695312,0.4789315462112427,16.996417999267578,64.5953598022461,13112.084121207705,1097.8897705078125,657.6181640625,59.89837646484375,0.03984784707427025,0.02386821247637272
68.5,1900,26.289278030395508,0.4795466363430023,16.995647430419922,64.71315002441406,13106.878169236159,1099.8419189453125,658.2012939453125,59.84508395195007,0.03994109109044075,0.023902779445052147
68.6,1900,26.380630493164062,0.4804663360118866,16.99516487121582,64.84986114501953,13101.127842080843,1102.134033203125,659.17431640625,59.80890393257141,0.040020719170570374,0.02393595315515995
68.7,1900,26.354351043701172,0.4823649227619171,16.995136260986328,65.0003433227539,13100.41793953927,1104.689697265625,661.7432250976562,59.903085231781006,0.039825648069381714,0.023856790736317635
68.8,1900,26.351980209350586,0.4828246235847473,16.995912551879883,65.0696029663086,13106.465516527263,1105.917236328125,662.6796264648438,59.9212646484375,0.039765793830156326,0.023828165605664253
68.9,1900,26.361743927001953,0.48237404227256775,16.996469497680664,65.11244201660156,13110.18172227856,1106.681640625,662.2489013671875,59.840959310531616,0.03980639949440956,0.023820530623197556
69,1900,26.34660530090332,0.4820597469806671,16.996246337890625,65.18280029296875,13110.536090706537,1107.8629150390625,661.8353271484375,59.73982214927673,0.039808399975299835,0.023781467229127884
69.1,1900,26.481321334838867,0.48273903131484985,16.995040893554688,65.32040405273438,13103.833398401031,1110.1229248046875,662.4290771484375,59.671688079833984,0.0399760864675045,0.02385440468788147
69.2,1900,26.588293075561523,0.48412054777145386,16.99376678466797,65.56647491455078,13091.887452184192,1114.221435546875,663.71923828125,59.56798195838928,0.04005954787135124,0.02386266551911831
69.3,1900,26.600055694580078,0.4855600893497467,16.99482536315918,65.71317291259766,13094.591842818762,1116.783935546875,665.830322265625,59.620338678359985,0.03995020315051079,0.023818444460630417
69.4,1900,26.64282989501953,0.48658379912376404,16.99496841430664,65.83943939208984,13098.234610376101,1118.939208984375,667.4197387695312,59.647542238235474,0.03991915285587311,0.023810792714357376
69.5,1900,26.59724235534668,0.48680707812309265,16.995756149291992,65.9490966796875,13101.240913585823,1120.854736328125,667.8792114257812,59.58659648895264,0.03982343152165413,0.02372942864894867
69.6,1900,26.539276123046875,0.4861302077770233,16.99687385559082,65.94236755371094,13112.015345756221,1120.8140869140625,667.4990844726562,59.554845094680786,0.03975927084684372,0.023678570985794067
69.7,1900,26.445161819458008,0.48433375358581543,16.998353958129883,65.83406829833984,13126.973423610874,1119.07080078125,665.7910766601562,59.49499011039734,0.03971990942955017,0.02363135665655136
69.8,1900,26.345623016357422,0.4828544557094574,16.999553680419922,65.70028686523438,13139.912533974546,1116.8756103515625,664.4118041992188,59.488433599472046,0.03965255245566368,0.02358868345618248
69.9,1900,26.334592819213867,0.48154985904693604,17.00035858154297,65.49933624267578,13149.915282265598,1113.51220703125,663.12109375,59.552204608917236,0.03971309959888458,0.023650025948882103
70,1900,26.319902420043945,0.4806399345397949,17.000032424926758,65.32811737060547,13150.855990559605,1110.580078125,661.9154052734375,59.60087180137634,0.03976324200630188,0.023699238896369934
70.1,1900,26.45582389831543,0.48074689507484436,16.99759864807129,65.32408905029297,13135.670604009374,1110.3526611328125,661.2982177734375,59.55749750137329,0.0400058887898922,0.02382650598883629
70.2,1900,26.630414962768555,0.48361557722091675,16.99427032470703,65.56172180175781,13110.604866158019,1114.173583984375,663.974853515625,59.593480825424194,0.040107566863298416,0.023901494219899178
70.3,1900,26.64651870727539,0.48610153794288635,16.993762969970703,65.83599853515625,13092.535573387995,1118.8013916015625,666.4681396484375,59.5698356628418,0.03998168557882309,0.023817023262381554
70.4,1900,26.57143783569336,0.4860190153121948,16.994924545288086,66.00373077392578,13094.309746899122,1121.7283935546875,666.4452514648438,59.41235423088074,0.03987039625644684,0.02368794195353985
70.5,1900,26.41926383972168,0.48497670888900757,16.99773406982422,65.96125030517578,13113.426991040042,1121.1917724609375,665.9869384765625,59.399908781051636,0.03966934233903885,0.023563554510474205
70.6,1900,26.3206729888916,0.48332127928733826,17.000019073486328,65.77912139892578,13134.863949561477,1118.246337890625,664.7986450195312,59.45010781288147,0.0395919494330883,0.02353745512664318
70.7,1900,26.132352828979492,0.48132461309432983,17.002126693725586,65.47874450683594,13157.808139587438,1113.2779541015625,663.208740234375,59.57261323928833,0.03940290957689285,0.023473341017961502
70.8,1900,25.968534469604492,0.4787035584449768,17.003183364868164,65.11180114746094,13174.336395970005,1107.10791015625,660.42578125,59.65324640274048,0.039320897310972214,0.023456191644072533
70.9,1900,25.96074104309082,0.4767930209636688,17.001911163330078,64.8340072631836,13173.483114097375,1102.302001953125,657.7473754882812,59.67034101486206,0.039469167590141296,0.02355138584971428
71,1950,25.973590850830078,0.47604817152023315,17.000423431396484,64.71710205078125,13160.146504937846,1100.2181396484375,656.0549926757812,59.62953567504883,0.03959057107567787,0.02360767312347889
71.1,1950,26.071273803710938,0.4807053208351135,16.983047485351562,65.58514404296875,13161.480049285237,1113.8355712890625,662.540283203125,59.482771158218384,0.039350476115942,0.023406751453876495
71.2,1950,26.478988647460938,0.49533361196517944,16.953218460083008,68.66902160644531,13232.473800499536,1164.160888671875,686.3844604492188,58.959585428237915,0.03857748582959175,0.022745126858353615
71.3,1950,27.014970779418945,0.5064646005630493,16.95600128173828,71.26496887207031,13354.201686881232,1208.368896484375,708.2647705078125,58.61328840255737,0.03814247250556946,0.022356558591127396
71.4,1950,27.585193634033203,0.5138834714889526,16.96120262145996,73.23140716552734,13448.639707251765,1242.0927734375,723.7217407226562,58.26632380485535,0.038115743547677994,0.022208642214536667
71.5,1950,28.15571403503418,0.5221718549728394,16.962608337402344,75.0486831665039,13502.573649441529,1273.0213623046875,738.3438110351562,57.999324798583984,0.03813361003994942,0.022117234766483307
71.6,1950,28.48850440979004,0.530189573764801,16.964765548706055,76.59568786621094,13545.367134176733,1299.4278564453125,752.0567016601562,57.87598490715027,0.0378807932138443,0.021923882886767387
71.7,1950,28.65697479248047,0.5352290272712708,16.9683780670166,77.87125396728516,13594.513605531938,1321.348876953125,761.9595947265625,57.66528844833374,0.03760957345366478,0.021687667816877365
71.8,1950,28.76447296142578,0.5378944277763367,16.97241973876953,78.8188247680664,13645.234918157534,1337.7462158203125,768.6111450195312,57.455676794052124,0.037423960864543915,0.021502191200852394
71.9,1950,28.827634811401367,0.5394808650016785,16.976285934448242,79.49401092529297,13693.51994784078,1349.5130615234375,773.6058959960938,57.324814796447754,0.037263981997966766,0.02136150933802128
72,1950,29.099506378173828,0.5417341589927673,16.976673126220703,80.10491943359375,13721.46959191193,1359.9150390625,778.4226684570312,57.24053382873535,0.03738265484571457,0.0213980320841074
72.1,1950,29.32785415649414,0.5447174310684204,16.975875854492188,80.80619812011719,13731.01306006935,1371.7559814453125,783.2537231445312,57.098621129989624,0.0374436192214489,0.02137978933751583
72.2,1950,29.283308029174805,0.5469276309013367,16.97853660583496,81.28266906738281,13756.525255512533,1380.060791015625,787.8930053710938,57.091182470321655,0.03716660663485527,0.021218853071331978
72.3,1950,29.168582916259766,0.5454705953598022,16.983280181884766,81.41990661621094,13796.286791954413,1382.777099609375,788.0652465820312,56.99148774147034,0.03701290488243103,0.021094204857945442
72.4,1950,29.203454971313477,0.5453388094902039,16.984821319580078,81.45156860351562,13824.271406594113,1383.4403076171875,789.4729614257812,57.065922021865845,0.03699107468128204,0.02110929787158966
72.5,1950,29.355690002441406,0.5457130670547485,16.98295783996582,81.64451599121094,13829.189434217928,1386.5654296875,790.2958374023438,56.996649503707886,0.03714518994092941,0.021171515807509422
72.6,1950,29.453998565673828,0.5471527576446533,16.981355667114258,81.93514251708984,13820.507407732464,1391.3697509765625,791.88330078125,56.913936138153076,0.0371948704123497,0.021169066429138184
72.7,1950,29.511707305908203,0.5493184328079224,16.98012351989746,82.30460357666016,13813.76974485841,1397.5423583984375,794.6300659179688,56.859105825424194,0.0371389240026474,0.02111686021089554
72.8,1950,29.507295608520508,0.5497722625732422,16.981529235839844,82.55018615722656,13816.610520710325,1401.828369140625,795.4501342773438,56.74375891685486,0.0370950922369957,0.021049149334430695
72.9,1950,29.486114501953125,0.5509788990020752,16.98293113708496,82.69086456298828,13828.189275957384,1404.333251953125,797.8640747070312,56.81443810462952,0.036956313997507095,0.020996522158384323
73,1950,29.44704818725586,0.5511207580566406,16.984695434570312,82.68659210205078,13842.8209618389,1404.4066162109375,798.9139404296875,56.886225938797,0.036858849227428436,0.02096760831773281
73.1,1950,29.50217628479004,0.5510450005531311,16.984420776367188,82.71998596191406,13847.538491536356,1404.9510498046875,799.0763549804688,56.875741481781006,0.036920350044965744,0.020998721942305565
73.2,1950,29.38277244567871,0.5498766899108887,16.985849380493164,82.696044921875,13858.197520830538,1404.66259765625,797.9959106445312,56.81051015853882,0.036820705980062485,0.02091802842915058
73.3,1950,29.291067123413086,0.5471580624580383,16.987409591674805,82.5506820678711,13874.562581226537,1402.322265625,794.98828125,56.69084191322327,0.036844652146101,0.020887544378638268
73.4,1950,29.30461883544922,0.5452867746353149,16.989147186279297,82.28018188476562,13886.587794065425,1397.8701171875,792.9560546875,56.7260205745697,0.036956168711185455,0.0209637638181448
73.5,1950,29.440011978149414,0.545699417591095,16.98586654663086,82.31483459472656,13873.2197113942,1398.1888427734375,792.792236328125,56.7013680934906,0.03713458776473999,0.02105581946671009
73.6,1950,29.49970817565918,0.5475578308105469,16.98360252380371,82.50126647949219,13853.595394009297,1401.168701171875,794.3668212890625,56.69316053390503,0.037136126309633255,0.02105364389717579
73.7,1950,29.541366577148438,0.5497238039970398,16.982227325439453,82.7414321899414,13838.587191673056,1405.1337890625,796.6451416015625,56.695324182510376,0.037082213908433914,0.021023880690336227
73.8,1950,29.496618270874023,0.550111711025238,16.982383728027344,82.95390319824219,13834.442013614207,1408.7550048828125,796.968505859375,56.57253861427307,0.03701101988554001,0.020938074216246605
73.9,1950,29.49518394470215,0.5500350594520569,16.982839584350586,83.09925079345703,13836.901610268924,1411.26123046875,796.9991455078125,56.474244594573975,0.03700780123472214,0.020899875089526176
74,1950,29.624874114990234,0.5513489246368408,16.98240089416504,83.28672790527344,13833.097978096252,1414.4085693359375,798.6832885742188,56.467652320861816,0.037092141807079315,0.02094506099820137
74.1,1950,29.661516189575195,0.5528241395950317,16.981403350830078,83.5479736328125,13828.402596425542,1418.7618408203125,800.5484619140625,56.425851583480835,0.0370514914393425,0.02090662159025669
74.2,1950,29.718610763549805,0.5536292791366577,16.981985092163086,83.7212142944336,13832.884657628092,1421.75244140625,801.9742431640625,56.407445669174194,0.037056814879179,0.020902803167700768
74.3,1950,29.787668228149414,0.5539652109146118,16.98166847229004,83.90155029296875,13832.630538163294,1424.788330078125,802.4461059570312,56.320375204086304,0.03712107986211777,0.020906733348965645
74.4,1950,29.70688819885254,0.553508996963501,16.982757568359375,84.04705810546875,13836.985539633444,1427.350830078125,802.0377197265625,56.190651655197144,0.03703926503658295,0.02081260457634926
74.5,1950,29.611148834228516,0.5507658123970032,16.985145568847656,83.98098754882812,13857.108770463,1426.4293212890625,799.2234497070312,56.02965950965881,0.037049900740385056,0.02075893245637417
74.6,1950,29.644615173339844,0.5504558682441711,16.98548126220703,83.89215850830078,13867.746817416051,1424.94873046875,799.3869018554688,56.0993492603302,0.0370841883122921,0.020803987979888916
74.7,1950,29.559738159179688,0.5503909587860107,16.986175537109375,83.80268859863281,13874.916949654516,1423.4871826171875,799.7059326171875,56.17935657501221,0.03696326166391373,0.020765721797943115
74.8,1950,29.48262596130371,0.5500875115394592,16.98672866821289,83.68244934082031,13878.819665104747,1421.4910888671875,799.4898071289062,56.24304413795471,0.036876801401376724,0.020740633830428123
74.9,1950,29.570363998413086,0.55124431848526,16.985116958618164,83.65716552734375,13872.78257928732,1420.9267578125,800.8226318359375,56.35917782783508,0.03692498803138733,0.020810618996620178
75,1950,29.601167678833008,0.5515637397766113,16.98381996154785,83.75997924804688,13860.399500963598,1422.564453125,800.5714111328125,56.27663731575012,0.03697504848241806,0.02080831490457058
75.1,1950,29.616796493530273,0.5524141192436218,16.983205795288086,83.88211822509766,13851.519307923018,1424.5872802734375,801.2919921875,56.24730587005615,0.036961302161216736,0.0207897387444973
75.2,1950,29.697919845581055,0.5517256259918213,16.98301124572754,84.01655578613281,13848.616750733328,1426.8541259765625,800.1256103515625,56.076204776763916,0.03711657226085663,0.020813563838601112
75.3,1950,29.746910095214844,0.5521889328956604,16.983118057250977,84.09754943847656,13846.580297958073,1428.2386474609375,800.6797485351562,56.06064200401306,0.03715207055211067,0.02082769013941288
75.4,1950,29.860729217529297,0.5539336800575256,16.981203079223633,84.34712219238281,13835.133265185888,1432.3155517578125,802.545654296875,56.03134036064148,0.03720751404762268,0.020847870036959648
75.5,1950,29.865373611450195,0.5551925301551819,16.981155395507812,84.58829498291016,13831.069685120325,1436.406982421875,804.1332397460938,55.9822678565979,0.037139832973480225,0.02079172059893608
75.6,1950,29.706249237060547,0.5541842579841614,16.98409652709961,84.5867691040039,13848.1003520044,1436.6298828125,803.6611938476562,55.94072937965393,0.03696364536881447,0.020677734166383743
75.7,1950,29.5280818939209,0.5519421100616455,16.987180709838867,84.39925384521484,13873.999555072875,1433.705322265625,801.9066772460938,55.932456254959106,0.03682234138250351,0.020595641806721687
75.8,1950,29.473936080932617,0.5515931844711304,16.988447189331055,84.15104675292969,13889.90183827839,1429.5955810546875,802.3182983398438,56.12204670906067,0.03673596307635307,0.02061697468161583
75.9,1950,29.524892807006836,0.550447940826416,16.987768173217773,83.97175598144531,13892.015226304457,1426.49267578125,800.7742919921875,56.13588094711304,0.036870431154966354,0.020697541534900665
76,2000,29.475971221923828,0.5494170784950256,16.987573623657227,83.83821868896484,13890.58609573636,1424.2078857421875,799.1923828125,56.11487030982971,0.0368821956217289,0.020696396008133888
76.1,2000,29.527999877929688,0.5517568588256836,16.968433380126953,84.75492095947266,13901.54354054884,1438.158203125,803.22900390625,55.851227045059204,0.03676161915063858,0.02053181640803814
76.2,2000,29.761552810668945,0.5648897886276245,16.93223762512207,88.06816864013672,13978.938071493492,1491.191162109375,826.92578125,55.454039573669434,0.035990599542856216,0.019958240911364555
76.3,2000,30.344257354736328,0.5789058804512024,16.910598754882812,92.27811431884766,14107.607615732457,1560.4781494140625,855.2438354492188,54.80652451515198,0.03548024222254753,0.01944548636674881
76.4,2000,30.811819076538086,0.5880798101425171,16.91889190673828,95.21517944335938,14236.815706727097,1610.935302734375,876.7539672851562,54.42515015602112,0.035143062472343445,0.019126664847135544
76.5,2000,31.283008575439453,0.5945465564727783,16.92739486694336,97.20813751220703,14324.815645427489,1645.48046875,891.8740234375,54.201436042785645,0.0350755900144577,0.019011473283171654
76.6,2000,31.581485748291016,0.6000924110412598,16.931745529174805,98.76704406738281,14365.682251835562,1672.2984619140625,902.761474609375,53.98327112197876,0.03498320281505585,0.01888507790863514
76.7,2000,31.64825439453125,0.5990825891494751,16.863073348999023,99.04751586914062,14378.144596781329,1670.2454833984375,902.024169921875,54.00547981262207,0.03508581593632698,0.0189482644200325
76.8,2000,31.516693115234375,0.596837043762207,16.786392211914062,99.01702880859375,14370.043081733806,1662.138671875,898.13671875,54.0350079536438,0.03509119898080826,0.018961530178785324
76.9,2000,31.352521896362305,0.5956313610076904,16.74851417541504,99.00010681152344,14374.836380996456,1658.104736328125,896.621337890625,54.075074195861816,0.03496740385890007,0.018908649682998657
77,2000,31.469776153564453,0.5944568514823914,16.714433670043945,98.99357604980469,14366.896896249882,1654.62158203125,894.3590698242188,54.052186012268066,0.03518695756793022,0.019019318744540215
77.1,2000,31.584056854248047,0.5937103629112244,16.66867446899414,98.97357940673828,14331.990440408425,1649.7584228515625,891.0657348632812,54.0118932723999,0.035445258021354675,0.019144656136631966
77.2,2000,31.489547729492188,0.5954564809799194,16.634246826171875,98.9613265991211,14301.683780016974,1646.1470947265625,891.796630859375,54.17478084564209,0.03531023487448692,0.01912924274802208
77.3,2000,31.423015594482422,0.5957966446876526,16.61614990234375,98.94718170166016,14285.502897948674,1644.1212158203125,891.2965087890625,54.211121797561646,0.03525540232658386,0.019112346693873405
77.4,2000,31.49226188659668,0.5944209098815918,16.60567855834961,98.95722961425781,14277.151926178822,1643.251953125,888.7186279296875,54.08291816711426,0.03543558344244957,0.019164597615599632
77.5,2000,31.524784088134766,0.5935685634613037,16.597837448120117,98.9675521850586,14269.802278355133,1642.6473388671875,886.9874267578125,53.99743318557739,0.035541411489248276,0.019191449508070946
77.6,2000,31.374174118041992,0.5936791896820068,16.612289428710938,98.96880340576172,14282.577027046618,1644.098388671875,887.9469604492188,54.00813817977905,0.035333387553691864,0.01908290572464466
77.7,2000,31.087472915649414,0.5939187407493591,16.656208038330078,98.97782135009766,14325.291245159775,1648.59521484375,890.9618530273438,54.04369831085205,0.03489203751087189,0.018856948241591454
77.8,2000,31.122121810913086,0.5941647291183472,16.706743240356445,98.98760986328125,14372.635566549014,1653.7606201171875,894.2766723632812,54.075342416763306,0.03480144590139389,0.01881900057196617
77.9,2000,31.466148376464844,0.5957499742507935,16.696176528930664,98.97508239746094,14357.685648493689,1652.5054931640625,895.7299194335938,54.20435667037964,0.035129059106111526,0.019041478633880615
78,2000,31.472824096679688,0.5950047373771667,16.669437408447266,98.95723724365234,14327.752007500108,1649.5615234375,892.7443237304688,54.12009954452515,0.035254016518592834,0.019079510122537613
78.1,2000,31.39667510986328,0.5937590599060059,16.653278350830078,98.95538330078125,14307.794304028359,1647.9315185546875,889.6343994140625,53.98491024971008,0.03529166057705879,0.01905217207968235
78.2,2000,31.441129684448242,0.5939644575119019,16.644306182861328,98.95074462890625,14295.002070052598,1646.9664306640625,889.1464233398438,53.986918926239014,0.03536102548241615,0.019090328365564346
78.3,2000,31.486352920532227,0.5946798324584961,16.623483657836914,98.951904296875,14269.957314542373,1644.9254150390625,888.65771484375,54.02419567108154,0.03543136268854141,0.019141508266329765
78.4,2000,31.439983367919922,0.5954399108886719,16.6126651763916,98.95597839355469,14255.828039162367,1643.9224853515625,888.9124755859375,54.07264828681946,0.03536904230713844,0.01912497915327549
78.5,2000,31.361818313598633,0.5953115820884705,16.61557388305664,98.94300079345703,14255.079668995388,1643.9947509765625,888.6742553710938,54.0557861328125,0.035290565341711044,0.019076593220233917
78.6,2000,31.401582717895508,0.5936734676361084,16.61475944519043,98.93966674804688,14249.188293880252,1643.8587646484375,885.8626098632812,53.88922095298767,0.035447463393211365,0.01910236105322838
78.7,2000,31.4101619720459,0.5928391814231873,16.614234924316406,98.94659423828125,14245.874249667286,1643.9219970703125,884.4119873046875,53.79890203475952,0.035515304654836655,0.019106844440102577
78.8,2000,31.32019805908203,0.5936214923858643,16.62710189819336,98.93872833251953,14254.557441838368,1645.0643310546875,886.1188354492188,53.86530160903931,0.03534536808729172,0.019038889557123184
78.9,2000,31.103605270385742,0.5938674211502075,16.669002532958984,98.94175720214844,14293.764111925911,1649.2603759765625,888.9241943359375,53.89835238456726,0.03499016538262367,0.018859123811125755
79,2000,30.983211517333984,0.5922796130180359,16.724185943603516,98.94219207763672,14348.759993713991,1654.7276611328125,889.9585571289062,53.78277897834778,0.034814219921827316,0.01872405596077442
79.1,2000,31.019306182861328,0.5907699465751648,16.76354217529297,98.94010162353516,14385.265770223823,1658.5865478515625,889.9485473632812,53.65704298019409,0.03485516831278801,0.018702253699302673
79.2,2000,31.286590576171875,0.5910449028015137,16.761890411376953,98.94000244140625,14378.083981129175,1658.4215087890625,889.9182739257812,53.66055965423584,0.035156700760126114,0.018865283578634262
79.3,2000,31.491474151611328,0.591911792755127,16.71953582763672,98.95193481445312,14332.484691110605,1654.430419921875,888.3970336914062,53.69805693626404,0.03544752299785614,0.019034631550312042
79.4,2000,31.5668888092041,0.5917441248893738,16.66722869873047,98.94792938232422,14276.924617483244,1649.187744140625,884.7024536132812,53.64474058151245,0.03568079695105553,0.01914086937904358
79.5,2000,31.5676212310791,0.5925900340080261,16.619285583496094,98.95813751220703,14225.007311413223,1644.613525390625,882.7454223632812,53.67494225502014,0.035760730504989624,0.019194552674889565
79.6,2000,31.291725158691406,0.5927653312683105,16.609880447387695,98.95555114746094,14213.109158306737,1643.639892578125,882.2679443359375,53.67769002914429,0.035467371344566345,0.019038066267967224
79.7,2000,31.12942886352539,0.590792179107666,16.650775909423828,98.96102905273438,14251.760962039947,1647.7779541015625,881.722412109375,53.50978374481201,0.03530524671077728,0.01889176294207573
79.8,2000,31.293621063232422,0.5907079577445984,16.67619514465332,98.95597839355469,14270.96213554539,1650.209228515625,882.7844848632812,53.49530577659607,0.035448767244815826,0.01896342635154724
79.9,2000,31.332843780517578,0.5924214720726013,16.68096160888672,98.96723937988281,14274.03371714974,1650.8687744140625,885.5358276367188,53.64059805870056,0.03538292273879051,0.01897960901260376
80,2000,31.368558883666992,0.5933884978294373,16.67487335205078,98.98109436035156,14264.581172470549,1650.4971923828125,886.3939208984375,53.70466113090515,0.03538896143436432,0.01900552026927471
80.1,2000,31.137413024902344,0.5939382910728455,16.686025619506836,98.96836853027344,14271.079869792844,1651.388671875,887.619384765625,53.74987721443176,0.03507969155907631,0.018855290487408638
80.2,2000,31.2335205078125,0.5924533605575562,16.70411491394043,98.95972442626953,14282.226155675495,1653.03466796875,886.0917358398438,53.603941202163696,0.03524862974882126,0.018894655629992485
80.3,2000,31.490947723388672,0.5913910269737244,16.690570831298828,98.9462661743164,14265.969504042001,1651.4696044921875,883.49609375,53.497570753097534,0.0356435626745224,0.019068438559770584
80.4,2000,31.59908103942871,0.591812252998352,16.644594192504883,98.9602279663086,14217.627355763458,1647.15283203125,881.12939453125,53.49408984184265,0.0358620211482048,0.019184062257409096
80.5,2000,31.435819625854492,0.5911356210708618,16.606538772583008,98.97081756591797,14176.285149623098,1643.562744140625,877.562744140625,53.393930196762085,0.03582173213362694,0.019126631319522858
80.6,2000,31.23639488220215,0.5906208157539368,16.5994815826416,98.97879791259766,14166.725361867018,1642.9967041015625,876.207275390625,53.32982540130615,0.03564954921603203,0.0190118420869112
80.7,2000,31.080677032470703,0.5909091234207153,16.6248722076416,98.9639892578125,14190.1346604547,1645.263671875,878.0835571289062,53.37038040161133,0.0353960357606411,0.018891001120209694
80.8,2000,31.05980682373047,0.5902110934257507,16.65796661376953,98.96560668945312,14220.147568070328,1648.5657958984375,878.9012451171875,53.313082456588745,0.0353393591940403,0.018840502947568893
80.9,2000,31.16250228881836,0.5896369814872742,16.67289161682129,98.95850372314453,14234.588081510432,1649.9244384765625,878.93798828125,53.27140688896179,0.03545472398400307,0.01888723112642765
81,2000,31.120344161987305,0.5887665748596191,16.695764541625977,98.97148895263672,14256.37591140299,1652.4046630859375,878.98388671875,53.19422483444214,0.035404909402132034,0.01883336715400219
81.1,1000,31.07961082458496,0.5891417860984802,16.72097396850586,98.96121978759766,14279.679132599402,1654.72802734375,880.981689453125,53.240275382995605,0.035278383642435074,0.01878230832517147
81.2,1000,31.071693420410156,0.5901205539703369,16.74467658996582,98.9648666381836,14299.093626573003,1657.1346435546875,883.6450805664062,53.32367420196533,0.035163093358278275,0.018750252202153206
81.3,1000,31.088693618774414,0.5906873345375061,16.755268096923828,98.95382690429688,14304.71456262468,1657.9979248046875,884.8414916992188,53.36806774139404,0.03513476252555847,0.018750743940472603
81.4,1000,31.111509323120117,0.5899841785430908,16.762266159057617,98.95496368408203,14305.200653527532,1658.70947265625,883.8181762695312,53.283482789993286,0.03520125523209572,0.018756454810500145
81.5,1000,31.117734909057617,0.590811014175415,16.79792594909668,98.96958923339844,14307.127531854663,1662.48388671875,885.176025390625,53.24419140815735,0.03515429049730301,0.01871761679649353
81.6,1000,31.081623077392578,0.5861560106277466,17.046974182128906,96.70612335205078,14316.228039477111,1648.5467529296875,878.7603149414062,53.30514907836914,0.03536985069513321,0.01885395310819149
81.7,1000,30.542078018188477,0.5602317452430725,17.154972076416016,89.5202865600586,14197.704622860258,1535.718017578125,832.9414672851562,54.237914085388184,0.03666773810982704,0.019887816160917282
81.8,1000,29.367656707763672,0.5212001204490662,17.181211471557617,79.85364532470703,13897.703772121999,1371.982421875,758.5359497070312,55.28758764266968,0.038716234266757965,0.02140527218580246
81.9,1000,27.81352424621582,0.47803011536598206,17.18225860595703,69.55915069580078,13470.604721358312,1195.183349609375,674.32763671875,56.42043948173523,0.04124630615115166,0.02327134646475315
82,1000,26.57183265686035,0.4538751244544983,17.176013946533203,65.13162994384766,13273.561887175096,1118.7017822265625,630.8883056640625,56.39468431472778,0.0421181246638298,0.023752382025122643
