Time (s),Powertrain 1 - ESC throttle (μs),Powertrain 1 - force Fz (thrust) (N),Powertrain 1 - torque MZ (torque) (N⋅m),Powertrain 1 - voltage (V),Powertrain 1 - current (A),Powertrain 1 - rotation speed (rpm),Powertrain 1 - electrical power (W),Powertrain 1 - mechanical power (W),Powertrain 1 - motor & ESC efficiency (%),Powertrain 1 - propeller efficiency (N/W),Powertrain 1 - powertrain efficiency (N/W)
0,1000,0.0055862790904939175,0.0018184055807068944,16.975191116333008,0.01544511504471302,0,0.2621837854385376,0,0,0,0.021306730806827545
0.1,1000,0.0034989500418305397,0.0009666995028965175,16.97524070739746,0.0023533443454653025,0,0.039948586374521255,0,0,0,0.08758632838726044
0.2,1000,0.0011545498855412006,0.0005723257781937718,16.975234985351562,-0.002198079600930214,33.39065700298213,-0.03731291741132736,0.002001229440793395,-5.363368988037109,0.5769202709197998,-0.030942363664507866
0.3,1000,0.0008159936405718327,0.00036253806320019066,16.975196838378906,0.00011094377259723842,111.75757693574296,0.0018832923378795385,0.004242864903062582,200,0.19232137501239777,0.4332803785800934
0.4,1000,0.0009079374722205102,0.00017897580983117223,16.97515296936035,0.005859659053385258,190.12450825215242,0.09946861118078232,0.0035633710213005543,3.582407906651497,0.2547973394393921,0.00912787951529026
0.5,1000,0.00015330102178268135,0.00008995648386189714,16.975101470947266,0.008436783216893673,268.4914213547241,0.14321525394916534,0.002529248595237732,1.7660468816757202,0.060611292719841,0.00107042386662215
0.6,1000,0.0009997349698096514,0.00005140443681739271,16.97505760192871,0.008407111279666424,346.858316243458,0.14271119236946106,0.0018671591533347964,1.3083480298519135,0.5354310274124146,0.007005301304161549
0.7,1000,0.001119997468777001,0.00003120900510111824,16.975080490112305,0.0024502435699105263,425.2252475598674,0.04159308224916458,0.001389720942825079,3.3412307500839233,0.8059154152870178,0.026927493512630463
0.8,1000,0.00008158351556630805,-0.000011083419849455822,16.97510528564453,0.014463495463132858,503.5921788762769,0.24551935493946075,-0.0005844957777298987,-0.23806504905223846,-0.13957931101322174,0.00033228954998776317
0.9,1000,0.0004401610349304974,0.000007019718395895325,16.97515869140625,0.009571528062224388,581.9591101926864,0.16247820854187012,0.00042779999785125256,0.2632968360558152,1.0288944244384766,0.0027090467046946287
1,1250,0.0016098779160529375,-0.00005341084397514351,16.975139617919922,0.00882050022482872,660.3260050814201,0.14972922205924988,-0.003693315898999572,-2.466663345694542,-0.4358895719051361,0.010751928202807903
1.1,1250,0.010179965756833553,0.0005901932017877698,16.974990844726562,0.03274809941649437,738.6929363978296,0.5558986663818359,0.04565483331680298,8.212797343730927,0.22297672927379608,0.01831262744963169
1.2,1250,0.032103486359119415,0.017274467274546623,16.974130630493164,0.10404828935861588,817.0598677142391,1.7661292552947998,1.4780433177947998,83.68828892707825,0.02172026038169861,0.01817731373012066
1.3,1250,0.06952054798603058,0.028363831341266632,16.973251342773438,0.2592771053314209,895.4267990306486,4.40077543258667,2.659644603729248,60.435813665390015,0.026139037683606148,0.015797341242432594
1.4,1250,0.1469751000404358,0.03619883954524994,16.972545623779297,0.49139097332954407,1083.8789673387394,8.340155601501465,4.108696460723877,49.26402568817139,0.03577170893549919,0.017622584477066994
1.5,1250,0.2920646667480469,0.04268471524119377,16.9719295501709,0.7971814274787903,1431.8329187804186,13.529706954956055,6.4001970291137695,47.30477333068848,0.045633699744939804,0.021586917340755463
1.6,1250,0.504250705242157,0.048492662608623505,16.971372604370117,1.1587660312652588,1861.5646705131471,19.665849685668945,9.453285217285156,48.06954860687256,0.05334131792187691,0.025640930980443954
1.7,1250,0.7919749021530151,0.054326314479112625,16.970853805541992,1.5673103332519531,2327.6247231203124,26.598594665527344,13.24194622039795,49.78438317775726,0.05980804190039635,0.029775066301226616
1.8,1250,1.1382412910461426,0.05750483274459839,16.972002029418945,1.9253993034362793,2799.11978492303,32.677879333496094,16.85599708557129,51.58228278160095,0.06752737611532211,0.03483216464519501
1.9,1250,1.4472342729568481,0.05069533362984657,16.976282119750977,1.9490456581115723,3168.9650208558955,33.087547302246094,16.823410034179688,50.84514021873474,0.08602502197027206,0.04373954236507416
2,1250,1.6356966495513916,0.043009109795093536,16.978086471557617,1.8506070375442505,3385.314814514418,31.41976547241211,15.24713134765625,48.52719306945801,0.1072789803147316,0.05205947905778885
2.1,1250,1.721500039100647,0.03769083321094513,16.978282928466797,1.7434329986572266,3487.9257481765976,29.60049819946289,13.766755104064941,46.50852382183075,0.12504762411117554,0.05815780535340309
2.2,1250,1.749819040298462,0.034662894904613495,16.977853775024414,1.6819708347320557,3525.401957963704,28.556255340576172,12.796820640563965,44.81267333030701,0.13673856854438782,0.061276208609342575
2.3,1250,1.7494052648544312,0.03319856524467468,16.977466583251953,1.6446623802185059,3531.912603563587,27.92220115661621,12.278855323791504,43.97524297237396,0.1424729973077774,0.0626528412103653
2.4,1250,1.740933895111084,0.032594095915555954,16.97716522216797,1.6261980533599854,3526.7526961739654,27.608232498168945,12.037673950195312,43.60175430774689,0.1446237862110138,0.06305850297212601
2.5,1250,1.7368674278259277,0.03246750310063362,16.977054595947266,1.636059284210205,3518.927157196585,27.775466918945312,11.964313507080078,43.075111508369446,0.1451706737279892,0.06253242492675781
2.6,1250,1.730173110961914,0.032604482024908066,16.976974487304688,1.6424483060836792,3512.5342458441555,27.88380241394043,11.992962837219238,43.01050007343292,0.14426569640636444,0.062049396336078644
2.7,1250,1.7229808568954468,0.03260171785950661,16.976953506469727,1.6381715536117554,3508.237237233517,27.8111629486084,11.977275848388672,43.06643307209015,0.14385415613651276,0.061952851712703705
2.8,1250,1.7141236066818237,0.032615091651678085,16.976909637451172,1.6354106664657593,3505.3644050270964,27.764219284057617,11.972376823425293,43.12160611152649,0.1431732028722763,0.06173858419060707
2.9,1250,1.7083866596221924,0.032564450055360794,16.976886749267578,1.6387417316436768,3503.781986800188,27.82073211669922,11.94839096069336,42.94779598712921,0.14298047125339508,0.06140696257352829
3,1250,1.7077953815460205,0.03259073570370674,16.97688102722168,1.6407467126846313,3502.780662854026,27.854761123657227,11.954618453979492,42.917683720588684,0.14285653829574585,0.06131071597337723
3.1,1250,1.7145344018936157,0.0326133668422699,16.976858139038086,1.6449527740478516,3502.5108066333783,27.926130294799805,11.961997985839844,42.83442795276642,0.14333176612854004,0.061395347118377686
3.2,1250,1.7175095081329346,0.03243446350097656,16.976869583129883,1.6511423587799072,3502.1780033893397,28.03122901916504,11.895249366760254,42.43570566177368,0.1443861722946167,0.06127128750085831
3.3,1250,1.715468168258667,0.03241328150033951,16.97690773010254,1.640715479850769,3501.9136841753793,27.85427474975586,11.88658332824707,42.67418086528778,0.14431969821453094,0.061587247997522354
3.4,1250,1.7105872631072998,0.03251427784562111,16.97690773010254,1.6272385120391846,3501.790995764048,27.625478744506836,11.923203468322754,43.16017031669617,0.14346708357334137,0.061920639127492905
3.5,1250,1.7057063579559326,0.03253800794482231,16.9769229888916,1.6359225511550903,3501.8390802958047,27.772932052612305,11.932068824768066,42.96294450759888,0.14295142889022827,0.061416145414114
3.6,1250,1.7032949924468994,0.03251171484589577,16.976917266845703,1.6499519348144531,3502.027338523168,28.011096954345703,11.923068046569824,42.565515637397766,0.14285710453987122,0.06080786511301994
3.7,1250,1.708810806274414,0.03259693831205368,16.976879119873047,1.6554094552993774,3502.0014020181598,28.10368537902832,11.95423412322998,42.53617823123932,0.14294607937335968,0.06080379709601402
3.8,1250,1.7128627300262451,0.032657552510499954,16.97664451599121,1.6487363576889038,3502.2517330047003,27.99001121520996,11.97731876373291,42.79140532016754,0.14300885796546936,0.0611955001950264
3.9,1250,1.7137433290481567,0.03257513418793678,16.976024627685547,1.6513534784317017,3502.2732981886397,28.033416748046875,11.947165489196777,42.61758327484131,0.1434435099363327,0.06113215908408165
4,1250,1.7113118171691895,0.032535601407289505,16.975685119628906,1.653175950050354,3502.269801131785,28.06379508972168,11.93265438079834,42.519745230674744,0.1434141844511032,0.060979343950748444
4.1,1250,1.705283284187317,0.032553721219301224,16.9755802154541,1.6448554992675781,3502.3129314996636,27.92237663269043,11.939446449279785,42.75942146778107,0.14282765984535217,0.06107228249311447
4.2,1250,1.701098918914795,0.032467350363731384,16.975500106811523,1.6435461044311523,3502.430665747117,27.90001678466797,11.908169746398926,42.68158674240112,0.14285141229629517,0.060971248894929886
4.3,1250,1.7027252912521362,0.032521866261959076,16.975379943847656,1.6449214220046997,3502.6632200279773,27.923166275024414,11.928956985473633,42.72064566612244,0.14273883402347565,0.06097894906997681
4.4,1250,1.7083989381790161,0.03252836689352989,16.975326538085938,1.647112488746643,3502.6157183390296,27.96027183532715,11.93117904663086,42.67189800739288,0.1431877762079239,0.06110094115138054
4.5,1250,1.7097481489181519,0.03248829394578934,16.975341796875,1.6397384405136108,3502.4260030046435,27.835121154785156,11.9158353805542,42.80863702297211,0.14348538219928741,0.0614241324365139
4.6,1250,1.7070382833480835,0.03241543844342232,16.975337982177734,1.6282999515533447,3502.334496683603,27.640941619873047,11.888803482055664,43.01156997680664,0.14358370006084442,0.06175760179758072
4.7,1250,1.7020045518875122,0.03245076164603233,16.975339889526367,1.6247143745422363,3502.2840807806097,27.580078125,11.90158748626709,43.152838945388794,0.14300651848316193,0.061711374670267105
4.8,1250,1.6993118524551392,0.0324627086520195,16.975370407104492,1.6176193952560425,3502.5332460815316,27.459688186645508,11.906815528869629,43.3610737323761,0.14271757006645203,0.061883870512247086
4.9,1250,1.6996294260025024,0.032520510256290436,16.975534439086914,1.6101088523864746,3502.5256691250124,27.33245849609375,11.927990913391113,43.64038705825806,0.14249083399772644,0.06218355521559715
5,1250,1.7043341398239136,0.03252076730132103,16.976232528686523,1.617946743965149,3502.2383276200894,27.46664047241211,11.927106857299805,43.42397451400757,0.1428958624601364,0.062051061540842056
5.1,1250,1.706353783607483,0.03249041363596916,16.976604461669922,1.6172858476638794,3502.2062712655847,27.456022262573242,11.915864944458008,43.39982271194458,0.14320015907287598,0.06214861571788788
5.2,1250,1.703574299812317,0.032523635774850845,16.9768009185791,1.6108834743499756,3502.1648894261334,27.34764862060547,11.927908897399902,43.61584782600403,0.14282254874706268,0.062293265014886856
5.3,1250,1.699296474456787,0.03255903720855713,16.976903915405273,1.6129070520401,3502.4764189076373,27.38216781616211,11.941953659057617,43.61215531826019,0.14229634404182434,0.06205850839614868
5.4,1250,1.6976300477981567,0.032482944428920746,16.976943969726562,1.6171865463256836,3502.204814158562,27.454885482788086,11.913121223449707,43.391624093055725,0.1425008624792099,0.06183344125747681
5.5,1250,1.6976238489151,0.03241702914237976,16.97694206237793,1.6173137426376343,3502.1628494763013,27.457040786743164,11.88880443572998,43.2996541261673,0.14279180765151978,0.061828359961509705
5.6,1250,1.7037749290466309,0.0324670784175396,16.97686767578125,1.6223233938217163,3501.8746337071643,27.541969299316406,11.906179428100586,43.22922229766846,0.1431000530719757,0.06186104193329811
5.7,1250,1.7079830169677734,0.03258039429783821,16.976869583129883,1.630031943321228,3502.003150546587,27.672840118408203,11.948172569274902,43.17653179168701,0.14294931292533875,0.061720553785562515
5.8,1250,1.7098759412765503,0.03259545564651489,16.97686767578125,1.6278997659683228,3501.858605529912,27.636638641357422,11.953202247619629,43.25128793716431,0.1430475115776062,0.061869893223047256
5.9,1250,1.7058435678482056,0.032582975924015045,16.97686004638672,1.6216806173324585,3501.7021122356487,27.531044006347656,11.948092460632324,43.39861571788788,0.14277121424674988,0.06196072697639465
6,1300,1.7053762674331665,0.03261251002550125,16.976879119873047,1.6261101961135864,3501.659856131984,27.60627555847168,11.958778381347656,43.31905543804169,0.14260455965995789,0.06177494674921036
6.1,1300,1.7269515991210938,0.03936995565891266,16.97341537475586,1.8138282299041748,3527.8877825448326,30.7868595123291,14.544818878173828,47.24359214305878,0.11873311549425125,0.056093789637088776
6.2,1300,1.9240459203720093,0.05316360667347908,16.969980239868164,2.324479579925537,3687.6479107535874,39.446372985839844,20.530168533325195,52.04576849937439,0.09371798485517502,0.04877624288201332
6.3,1300,2.1965994834899902,0.05550127476453781,16.97381019592285,2.5154454708099365,3913.1588276867133,42.696693420410156,22.74359130859375,53.26780676841736,0.09658102691173553,0.051446594297885895
6.4,1300,2.403477430343628,0.052925072610378265,16.976465225219727,2.518085479736328,4081.45672878566,42.748191833496094,22.62066078186035,52.91606783866882,0.10625142604112625,0.056224074214696884
6.5,1300,2.5130810737609863,0.0501946359872818,16.977270126342773,2.47326397895813,4179.020243720389,41.9892692565918,21.966476440429688,52.314502000808716,0.11440528929233551,0.059850554913282394
6.6,1300,2.5486130714416504,0.04819583147764206,16.97734260559082,2.4222910404205322,4226.464814072805,41.12406539916992,21.33120346069336,51.87036395072937,0.11947816610336304,0.06197376176714897
6.7,1300,2.5645911693573,0.04696887359023094,16.977169036865234,2.3899505138397217,4245.609743247162,40.57459259033203,20.88232421875,51.466500759124756,0.12281157821416855,0.06320682168006897
6.8,1300,2.5695106983184814,0.0462089478969574,16.977027893066406,2.373683452606201,4251.157241104885,40.298091888427734,20.571306228637695,51.04784369468689,0.12490751594305038,0.0637625902891159
6.9,1300,2.5721304416656494,0.04578842967748642,16.97687339782715,2.3589465618133545,4250.746336924416,40.04753875732422,20.382129669189453,50.89483857154846,0.12619537115097046,0.06422693282365799
7,1300,2.5743191242218018,0.04553017392754555,16.97612953186035,2.3637893199920654,4248.943895537044,40.127994537353516,20.258577346801758,50.48489570617676,0.12707304954528809,0.06415270268917084
7.1,1300,2.5774216651916504,0.04547381028532982,16.97567367553711,2.353064775466919,4247.06889021993,39.94485855102539,20.22456932067871,50.631219148635864,0.12744012475013733,0.06452448666095734
7.2,1300,2.581416368484497,0.045437950640916824,16.9754638671875,2.3612611293792725,4245.699501039775,40.08350372314453,20.202104568481445,50.40004849433899,0.12777957320213318,0.06440097093582153
7.3,1300,2.5847713947296143,0.0454932376742363,16.976064682006836,2.364532709121704,4244.685645973216,40.14046096801758,20.22185516357422,50.37773847579956,0.127820685505867,0.06439317017793655
7.4,1300,2.5830471515655518,0.04561718925833702,16.97640609741211,2.3801281452178955,4243.739109251117,40.40602111816406,20.272430419921875,50.171804428100586,0.12741674482822418,0.06392728537321091
7.5,1300,2.5788369178771973,0.045809075236320496,16.976552963256836,2.376223564147949,4243.229996057303,40.340084075927734,20.355262756347656,50.45914649963379,0.12669140100479126,0.06392740458250046
7.6,1300,2.572946548461914,0.04585633426904678,16.975954055786133,2.3815581798553467,4243.031829502183,40.429222106933594,20.37531089782715,50.39748549461365,0.12627765536308289,0.0636407658457756
7.7,1300,2.5639572143554688,0.04588060826063156,16.97559928894043,2.3718690872192383,4243.2929430806935,40.26390075683594,20.38735008239746,50.634318590164185,0.12576214969158173,0.0636788085103035
7.8,1300,2.552701711654663,0.045829784125089645,16.97551918029785,2.37637996673584,4243.132369886766,40.34028244018555,20.363996505737305,50.48055052757263,0.12535367906093597,0.06327921897172928
7.9,1300,2.5485095977783203,0.045850854367017746,16.97536277770996,2.3770034313201904,4242.825503147736,40.350494384765625,20.371885299682617,50.487321615219116,0.12509934604167938,0.06315931677818298
8,1300,2.545281171798706,0.045808885246515274,16.975299835205078,2.3771581649780273,4242.822880355095,40.35297393798828,20.353225708007812,50.43798089027405,0.12505541741847992,0.06307543069124222
8.1,1300,2.544327974319458,0.04571306332945824,16.975303649902344,2.3729803562164307,4242.590326074234,40.28206253051758,20.309537887573242,50.41831731796265,0.12527748942375183,0.06316280364990234
8.2,1300,2.5458874702453613,0.04561861976981163,16.975278854370117,2.380490303039551,4242.658518682907,40.40948486328125,20.26790428161621,50.15630125999451,0.1256117820739746,0.06300222128629684
8.3,1300,2.5518980026245117,0.045521389693021774,16.975196838378906,2.3827080726623535,4242.5506927632105,40.446937561035156,20.224191665649414,50.00178813934326,0.1261804699897766,0.06309248507022858
8.4,1300,2.557215929031372,0.04535267502069473,16.975156784057617,2.387336254119873,4242.569052311699,40.52540588378906,20.149322509765625,49.720221757888794,0.12691324949264526,0.06310154497623444
8.5,1300,2.566375732421875,0.0453457348048687,16.97579574584961,2.383030891418457,4242.509310923759,40.4538459777832,20.14595603942871,49.79985058307648,0.12738913297653198,0.06343960016965866
8.6,1300,2.572254180908203,0.04535193368792534,16.976261138916016,2.3715548515319824,4242.676586809992,40.260135650634766,20.149503707885742,50.048279762268066,0.1276584416627884,0.06389085203409195
8.7,1300,2.5744400024414062,0.04540199413895607,16.97650909423828,2.379067897796631,4243.179288732905,40.388267517089844,20.174135208129883,49.950483441352844,0.1276109218597412,0.0637422725558281
8.8,1300,2.5712969303131104,0.04545986279845238,16.97599220275879,2.3820364475250244,4243.088948097483,40.43743133544922,20.199419021606445,49.95227754116058,0.127295583486557,0.06358704715967178
8.9,1300,2.5682904720306396,0.04549194127321243,16.97560691833496,2.377349853515625,4242.881164636012,40.356956481933594,20.212682723999023,50.08475184440613,0.1270633190870285,0.06363935023546219
9,1300,2.560779094696045,0.045555807650089264,16.975412368774414,2.3866283893585205,4242.743613733047,40.513999938964844,20.240402221679688,49.959033727645874,0.12651818990707397,0.06320726126432419
9.1,1300,2.551074743270874,0.04555894434452057,16.975305557250977,2.390925168991089,4242.578960639455,40.58668518066406,20.241010665893555,49.871063232421875,0.1260349452495575,0.06285496801137924
9.2,1300,2.544567584991455,0.04558546096086502,16.975309371948242,2.3866024017333984,4242.717385806634,40.51331329345703,20.25345230102539,49.992090463638306,0.1256362348794937,0.06280817836523056
9.3,1300,2.5436201095581055,0.04556779935956001,16.975282669067383,2.388362407684326,4242.758476224681,40.54312515258789,20.24580192565918,49.936458468437195,0.12563692033290863,0.06273862719535828
9.4,1300,2.5421719551086426,0.04550943151116371,16.975284576416016,2.3746557235717773,4242.422467345192,40.310455322265625,20.2182674407959,50.15638470649719,0.12573638558387756,0.0630648285150528
9.5,1300,2.544663667678833,0.0453670471906662,16.975284576416016,2.37848162651062,4242.629376542449,40.375404357910156,20.155994415283203,49.92147088050842,0.12624847888946533,0.0630250945687294
9.6,1300,2.54689621925354,0.04524491727352142,16.97525978088379,2.3719356060028076,4242.937117545693,40.26422119140625,20.103191375732422,49.928173422813416,0.12669113278388977,0.06325457245111465
9.7,1300,2.5509884357452393,0.04515642300248146,16.97528076171875,2.3727614879608154,4243.136158365026,40.27829360961914,20.0648136138916,49.815452098846436,0.12713740766048431,0.06333407759666443
9.8,1300,2.55667781829834,0.045031044632196426,16.975337982177734,2.3762319087982178,4243.125084351652,40.33734130859375,20.009050369262695,49.60428774356842,0.12777607142925262,0.06338240951299667
9.9,1300,2.563429355621338,0.04504277929663658,16.97529411315918,2.373542547225952,4242.272093900425,40.29158401489258,20.01024055480957,49.6635764837265,0.12810587882995605,0.06362196058034897
10,1300,2.5684638023376465,0.04505355283617973,16.97530174255371,2.3672385215759277,4242.038082512541,40.18458938598633,20.01392364501953,49.80497360229492,0.12833385169506073,0.0639166384935379
10.1,1300,2.5697171688079834,0.045327216386795044,16.97531509399414,2.3677384853363037,4242.029631291808,40.19310760498047,20.13545036315918,50.0967800617218,0.12762153148651123,0.06393427401781082
10.2,1300,2.5699234008789062,0.045478302985429764,16.975305557250977,2.3682711124420166,4242.338829402075,40.202125549316406,20.20404052734375,50.25615096092224,0.1271984875202179,0.06392506510019302
10.3,1300,2.565232038497925,0.04552661255002022,16.975265502929688,2.373414993286133,4242.224009368668,40.28934860229492,20.22495460510254,50.19925832748413,0.12683500349521637,0.06367022544145584
10.4,1300,2.558110475540161,0.045595988631248474,16.9752140045166,2.3773245811462402,4242.050322211534,40.355594635009766,20.254945755004883,50.19116997718811,0.12629559636116028,0.06338924169540405
10.5,1300,2.552639961242676,0.045727573335170746,16.9752197265625,2.3850982189178467,4241.990289402189,40.48756790161133,20.3131103515625,50.17123222351074,0.12566465139389038,0.06304750591516495
10.6,1300,2.548326015472412,0.04569384455680847,16.97528839111328,2.3830718994140625,4242.383708298382,40.453330993652344,20.300010681152344,50.18130540847778,0.12553323805332184,0.06299421936273575
10.7,1300,2.5424699783325195,0.04555471986532211,16.975337982177734,2.3822295665740967,4242.573132211363,40.439151763916016,20.239107131958008,50.0482976436615,0.12562164664268494,0.06287149339914322
10.8,1300,2.540062665939331,0.04541901499032974,16.975332260131836,2.380878448486328,4242.683289502297,40.416202545166016,20.179338455200195,49.92883503437042,0.12587441504001617,0.06284762918949127
10.9,1300,2.5430524349212646,0.04536227509379387,16.975261688232422,2.387550115585327,4242.742448047428,40.52928924560547,20.15441131591797,49.728018045425415,0.12617845833301544,0.06274604052305222
11,1350,2.5466835498809814,0.04514475166797638,16.975297927856445,2.3809938430786133,4242.602565773226,40.4180793762207,20.057104110717773,49.624091386795044,0.12697164714336395,0.06300852447748184
11.1,1350,2.5787360668182373,0.050658732652664185,16.972185134887695,2.5811078548431396,4261.887377221785,43.80704116821289,22.60918426513672,51.61084532737732,0.1140570119023323,0.05886578932404518
11.2,1350,2.7665131092071533,0.06533695757389069,16.967845916748047,3.197650194168091,4404.422169048199,54.25723648071289,30.135366439819336,55.54165244102478,0.09180287271738052,0.05098883435130119
11.3,1350,3.0601847171783447,0.06968269497156143,16.97203254699707,3.508636474609375,4623.303249026966,59.54869079589844,33.73695755004883,56.65440559387207,0.0907071903347969,0.05138961970806122
11.4,1350,3.3018133640289307,0.0685078427195549,16.97544288635254,3.558734893798828,4792.988024590343,60.411102294921875,34.385494232177734,56.91916346549988,0.09602344036102295,0.054655738174915314
11.5,1350,3.5042455196380615,0.06716347485780716,16.97686004638672,3.5234198570251465,4894.680106563859,59.81660461425781,34.425960540771484,57.5525164604187,0.10179077833890915,0.058583155274391174
11.6,1350,3.578233480453491,0.0655626654624939,16.977087020874023,3.507187604904175,4947.3929930684035,59.54182815551758,33.96734619140625,57.047873735427856,0.10534333437681198,0.0600961297750473
11.7,1350,3.6040680408477783,0.06448201835155487,16.977127075195312,3.4720280170440674,4972.490204431454,58.94506072998047,33.57694625854492,56.96311593055725,0.1073375791311264,0.06114283204078674
11.8,1350,3.658552408218384,0.06474020332098007,16.977088928222656,3.4517173767089844,4982.400863558655,58.60011291503906,33.7785758972168,57.64251351356506,0.10830984264612198,0.06243251636624336
11.9,1350,3.6463799476623535,0.06410958617925644,16.97703742980957,3.4407155513763428,4985.463119678058,58.41315841674805,33.47010803222656,57.29891657829285,0.1089443787932396,0.0624239481985569
12,1350,3.62438702583313,0.06375007331371307,16.97692108154297,3.4417171478271484,4985.854790045823,58.42975997924805,33.28502655029297,56.96588158607483,0.10888940840959549,0.06202981248497963
12.1,1350,3.655817747116089,0.06425097584724426,16.97683334350586,3.436922788619995,4985.419989310179,58.34806442260742,33.54363250732422,57.488852739334106,0.10898693650960922,0.06265533715486526
12.2,1350,3.644611120223999,0.06399849057197571,16.976879119873047,3.4387922286987305,4985.260290380465,58.37995910644531,33.41074752807617,57.229822874069214,0.10908499360084534,0.06242914870381355
12.3,1350,3.616924524307251,0.06319041550159454,16.976943969726562,3.4405837059020996,4984.597598106434,58.41059494018555,32.984500885009766,56.47006630897522,0.10965526849031448,0.061922404915094376
12.4,1350,3.6397769451141357,0.06391310691833496,16.976837158203125,3.4373481273651123,4983.030333792564,58.35530090332031,33.35124588012695,57.15204477310181,0.10913465917110443,0.062372688204050064
12.5,1350,3.6434946060180664,0.06400003284215927,16.976863861083984,3.434021234512329,4983.074047003252,58.298912048339844,33.39690017700195,57.28563070297241,0.10909678786993027,0.06249678507447243
12.6,1350,3.6110987663269043,0.06312697380781174,16.97688102722168,3.436943531036377,4983.102023458092,58.34858322143555,32.94150161743164,56.45638704299927,0.109621562063694,0.061888374388217926
12.7,1350,3.623511791229248,0.06392285227775574,16.976886749267578,3.441054582595825,4983.707014294016,58.418392181396484,33.360862731933594,57.1067750453949,0.10861565172672272,0.06202689930796623
12.8,1350,3.642554759979248,0.06406007707118988,16.97690773010254,3.4439351558685303,4983.818337270568,58.467369079589844,33.433223724365234,57.182711362838745,0.10895014554262161,0.06230064481496811
12.9,1350,3.6151483058929443,0.06321120262145996,16.9769287109375,3.442140579223633,4983.904598006326,58.436973571777344,32.99076461791992,56.4552903175354,0.1095806136727333,0.06186405569314957
13,1350,3.613095998764038,0.06366433203220367,16.976932525634766,3.4428389072418213,4983.522835966316,58.44884490966797,33.22471618652344,56.84409141540527,0.10874723643064499,0.06181637942790985
13.1,1350,3.6413583755493164,0.064046211540699,16.976844787597656,3.4504916667938232,4983.272213558372,58.578460693359375,33.422325134277344,57.05565810203552,0.10894987732172012,0.062162067741155624
13.2,1350,3.6168694496154785,0.06349557638168335,16.97688865661621,3.444044828414917,4983.556058006439,58.46916580200195,33.13686752319336,56.674087047576904,0.10914941132068634,0.061859432607889175
13.3,1350,3.60113787651062,0.06337343156337738,16.97686195373535,3.434962511062622,4983.517007538225,58.314884185791016,33.07286071777344,56.71427249908447,0.10888497531414032,0.061753321439027786
13.4,1350,3.631852626800537,0.0639161616563797,16.976886749267578,3.4382660388946533,4983.283870414555,58.37105178833008,33.35453796386719,57.14225769042969,0.10888630896806717,0.062220096588134766
13.5,1350,3.6188578605651855,0.06361400336027145,16.976886749267578,3.4322798252105713,4983.129999912932,58.26942443847656,33.195831298828125,56.96955323219299,0.10901542752981186,0.06210560351610184
13.6,1350,3.5970523357391357,0.06309632211923599,16.97687530517578,3.427107095718384,4983.220340548355,58.18156814575195,32.92628479003906,56.59229755401611,0.10924561321735382,0.061824601143598557
13.7,1350,3.625737428665161,0.06377261877059937,16.976919174194336,3.433565139770508,4983.084538173817,58.291358947753906,33.27830123901367,57.08959102630615,0.10895200818777084,0.06220025569200516
13.8,1350,3.6258206367492676,0.06371563673019409,16.97693634033203,3.4347164630889893,4982.984872053448,58.31096267700195,33.24789810180664,57.01826810836792,0.10905412584543228,0.0621807724237442
13.9,1350,3.5952908992767334,0.06288273632526398,16.976957321166992,3.4356627464294434,4983.293778742311,58.32709884643555,32.815311431884766,56.26083016395569,0.10956138372421265,0.061640143394470215
14,1350,3.614305257797241,0.06366342306137085,16.97687339782715,3.4456989765167236,4983.658055498045,58.497196197509766,33.22514343261719,56.79783821105957,0.10878223925828934,0.06178595870733261
14.1,1350,3.624274969100952,0.06376828253269196,16.976869583129883,3.4432249069213867,4983.863216166874,58.45518112182617,33.28123474121094,56.934624910354614,0.10889844596385956,0.06200091913342476
14.2,1350,3.58892822265625,0.06293623894453049,16.976882934570312,3.437947988510132,4984.1872767687755,58.365638732910156,32.84912109375,56.28160834312439,0.10925492644309998,0.06149042770266533
14.3,1350,3.591054916381836,0.06352822482585907,16.976900100708008,3.4206995964050293,4984.077119477841,58.0728759765625,33.157371520996094,57.09614157676697,0.10830336809158325,0.06183704361319542
14.4,1350,3.6148338317871094,0.06385412812232971,16.976863861083984,3.434357166290283,4983.997852855793,58.30461502075195,33.32693862915039,57.16003775596619,0.10846582055091858,0.06199910491704941
14.5,1350,3.5838911533355713,0.06304779648780823,16.97688102722168,3.433880090713501,4984.208259109905,58.296573638916016,32.90748596191406,56.44840598106384,0.10890807956457138,0.061476875096559525
14.6,1350,3.576968193054199,0.06318017840385437,16.976638793945312,3.4308321475982666,4984.07070820694,58.24399948120117,32.97567367553711,56.61643147468567,0.10847294330596924,0.06141350790858269
14.7,1350,3.615546703338623,0.06369484961032867,16.97597885131836,3.442892074584961,4983.582285932852,58.44646453857422,33.24103546142578,56.87433481216431,0.108767569065094,0.0618608295917511
14.8,1350,3.6066017150878906,0.06345339119434357,16.975635528564453,3.4380033016204834,4982.534917404766,58.36228942871094,33.10806655883789,56.72852396965027,0.10893423110246658,0.06179678067564964
14.9,1350,3.5924952030181885,0.06313857436180115,16.97542953491211,3.437049627304077,4981.9736397795305,58.345394134521484,32.940093994140625,56.45705461502075,0.10906147956848145,0.06157290190458298
15,1350,3.6403236389160156,0.06387139111757278,16.975313186645508,3.440110921859741,4981.055079512272,58.3969612121582,33.31626892089844,57.05137252807617,0.10926564782857895,0.06233755499124527
15.1,1350,3.649850845336914,0.06401785463094711,16.97541618347168,3.4494471549987793,4980.432603392073,58.55580139160156,33.388492584228516,57.01995491981506,0.10931463539600372,0.06233115866780281
15.2,1350,3.628892421722412,0.06352587789297104,16.97604751586914,3.4454338550567627,4980.428523492409,58.48984909057617,33.131874084472656,56.64551258087158,0.10952874273061752,0.06204311549663544
15.3,1350,3.6538188457489014,0.06434479355812073,16.97638511657715,3.4601941108703613,4980.249590749992,58.7415885925293,33.55777359008789,57.1277916431427,0.10888144373893738,0.062201566994190216
15.4,1350,3.671215295791626,0.06459774076938629,16.976581573486328,3.4508347511291504,4980.7520012515015,58.583377838134766,33.693092346191406,57.51305818557739,0.10896047204732895,0.06266649812459946
15.5,1350,3.63645339012146,0.06379161030054092,16.97675895690918,3.445420026779175,4981.347666602477,58.4920654296875,33.276607513427734,56.89080357551575,0.1092795729637146,0.06217002868652344
15.6,1350,3.638679027557373,0.06431995332241058,16.976760864257812,3.4458858966827393,4982.582127672309,58.49998092651367,33.56052780151367,57.36844539642334,0.10842138528823853,0.0621996633708477
15.7,1350,3.6621837615966797,0.06454356014728546,16.9760799407959,3.454010486602783,4983.9570538591515,58.63555908203125,33.68649673461914,57.45062828063965,0.10871370881795883,0.062456704676151276
15.8,1350,3.6342108249664307,0.0639120414853096,16.97572898864746,3.454838991165161,4983.7303280063825,58.64841079711914,33.355377197265625,56.87345266342163,0.10895427316427231,0.06196605786681175
15.9,1350,3.623852252960205,0.0640704408288002,16.97551727294922,3.457005500793457,4983.85155931069,58.68445587158203,33.43885803222656,56.98077082633972,0.10837248712778091,0.061751484870910645
16,1400,3.6561968326568604,0.06457000225782394,16.975332260131836,3.4594428539276123,4983.674957939511,58.72519302368164,33.698387145996094,57.38319158554077,0.10849767923355103,0.062259428203105927
16.1,1400,3.6598527431488037,0.06858135014772415,16.97183609008789,3.651928424835205,4996.129725928759,61.97993087768555,35.881317138671875,57.89182782173157,0.10199884325265884,0.05904899537563324
16.2,1400,3.8705108165740967,0.08295010775327682,16.965993881225586,4.363565444946289,5121.99113351312,74.0322265625,44.492252349853516,60.09849309921265,0.08699291944503784,0.05228143185377121
16.3,1400,4.180068492889404,0.08888522535562515,16.970212936401367,4.784992218017578,5335.977791001845,81.20233917236328,49.66748809814453,61.16510033607483,0.08416105806827545,0.05147719383239746
16.4,1400,4.438866138458252,0.08809328079223633,16.974456787109375,4.893080711364746,5508.728902584288,83.05738830566406,50.81861114501953,61.18494272232056,0.08734725415706635,0.053443364799022675
16.5,1400,4.597833156585693,0.08672074973583221,16.97623634338379,4.888598918914795,5615.8833873653875,82.9900131225586,50.99994659423828,61.453115940093994,0.09015368670225143,0.0554022490978241
16.6,1400,4.700310707092285,0.08493795245885849,16.97682762145996,4.876883506774902,5674.201473165762,82.79401397705078,50.47021484375,60.95877289772034,0.09313038736581802,0.05677114427089691
16.7,1400,4.7323384284973145,0.08432470262050629,16.976940155029297,4.87658166885376,5703.647274728062,82.78943634033203,50.365840911865234,60.83607077598572,0.09395928680896759,0.05716113746166229
16.8,1400,4.755077838897705,0.0835506021976471,16.977001190185547,4.860663414001465,5717.891952984285,82.51948547363281,50.028114318847656,60.625821352005005,0.09504810720682144,0.05762369558215141
16.9,1400,4.751687049865723,0.08312629163265228,16.976255416870117,4.845374584197998,5722.975507965904,82.25631713867188,49.818302154541016,60.5647087097168,0.09538035094738007,0.057766836136579514
17,1400,4.759514331817627,0.08309435099363327,16.975744247436523,4.824013710021973,5725.169911142447,81.89122009277344,49.81825256347656,60.834670066833496,0.09553755819797516,0.05811995640397072
17.1,1400,4.765700340270996,0.08298023790121078,16.975446701049805,4.824893474578857,5724.99097840003,81.90472412109375,49.74828338623047,60.73921322822571,0.09579627960920334,0.05818590521812439
17.2,1400,4.767390251159668,0.08318664133548737,16.975324630737305,4.818144798278809,5724.707716794771,81.7895736694336,49.86956024169922,60.9730064868927,0.09559720009565353,0.05828848481178284
17.3,1400,4.7797160148620605,0.08296860754489899,16.97527313232422,4.8252644538879395,5723.579915959019,81.9101791381836,49.72904968261719,60.711681842803955,0.09611516445875168,0.05835313722491264
17.4,1400,4.773301124572754,0.08334196358919144,16.97528839111328,4.835590839385986,5723.301317096233,82.0855484008789,49.95039749145508,60.85163354873657,0.09556081891059875,0.05815032124519348
17.5,1400,4.772380828857422,0.08285285532474518,16.975305557250977,4.841855049133301,5723.067597129754,82.19197082519531,49.65522766113281,60.413724184036255,0.09611034393310547,0.05806383490562439
17.6,1400,4.745670795440674,0.08312926441431046,16.975305557250977,4.837349891662598,5724.729281978711,82.11549377441406,49.835350036621094,60.68933606147766,0.09522699564695358,0.05779263749718666
17.7,1400,4.742424011230469,0.08261137455701828,16.975343704223633,4.832780361175537,5726.743586727217,82.0381088256836,49.54230499267578,60.389381647109985,0.09572473913431168,0.05780757591128349
17.8,1400,4.733439922332764,0.08271317929029465,16.9753360748291,4.825557708740234,5727.212775188603,81.91546630859375,49.607421875,60.559284687042236,0.09541798382997513,0.05778444930911064
17.9,1400,4.740940093994141,0.08251257985830307,16.975269317626953,4.824770450592041,5726.358327630353,81.90177917480469,49.47972869873047,60.41349768638611,0.09581580758094788,0.057885680347681046
18,1400,4.740341663360596,0.08257229626178741,16.9752197265625,4.840819835662842,5725.220618466845,82.17398071289062,49.505699157714844,60.244983434677124,0.09575345367193222,0.05768664926290512
18.1,1400,4.754008769989014,0.08273468166589737,16.97516632080078,4.840763568878174,5723.547859604514,82.17276763916016,49.588565826416016,60.34671664237976,0.09586905688047409,0.0578538253903389
18.2,1400,4.769365310668945,0.082822285592556,16.9750919342041,4.845031261444092,5721.903660039833,82.2448501586914,49.62681198120117,60.34032702445984,0.09610460698604584,0.05798983573913574
18.3,1400,4.784497261047363,0.0832553580403328,16.975082397460938,4.8362202644348145,5720.729231779346,82.0952377319336,49.876068115234375,60.75391173362732,0.09592771530151367,0.05827983841300011
18.4,1400,4.799408435821533,0.08330933749675751,16.975078582763672,4.842206954956055,5720.39526284969,82.19684600830078,49.90549087524414,60.71460843086243,0.09616994857788086,0.05838920548558235
18.5,1400,4.7898640632629395,0.08373486995697021,16.97513198852539,4.844322204589844,5720.524071110517,82.2330093383789,50.161529541015625,60.99926829338074,0.09548879414796829,0.058247461915016174
18.6,1400,4.8000593185424805,0.0834006816148758,16.97515106201172,4.845062732696533,5721.680431243919,82.24567413330078,49.971435546875,60.758739709854126,0.09605606645345688,0.0583624541759491
18.7,1400,4.787505149841309,0.08372596651315689,16.975250244140625,4.845047473907471,5722.853693818787,82.24589538574219,50.1766242980957,61.00805997848511,0.09541305899620056,0.05820965766906738
18.8,1400,4.784285545349121,0.08324915170669556,16.9759464263916,4.849008560180664,5723.932535858569,82.31651306152344,49.90027618408203,60.620009899139404,0.09587693959474564,0.05812060832977295
18.9,1400,4.757917404174805,0.08320862799882889,16.976430892944336,4.837883472442627,5726.034267028452,82.12999725341797,49.8942985534668,60.75040102005005,0.09535994380712509,0.05793154239654541
19,1400,4.755483627319336,0.08281555026769638,16.976686477661133,4.826382637023926,5727.332840807293,81.93598175048828,49.66986083984375,60.620325803756714,0.09574183821678162,0.05803901329636574
19.1,1400,4.748752117156982,0.08269155770540237,16.976776123046875,4.829359531402588,5726.528517730632,81.98695373535156,49.58852767944336,60.48343777656555,0.09576311707496643,0.057920824736356735
19.2,1400,4.760246276855469,0.08284568041563034,16.97669792175293,4.845597267150879,5725.053342580612,82.26223754882812,49.668155670166016,60.377830266952515,0.09584101289510727,0.05786672234535217
19.3,1400,4.768584728240967,0.08284095674753189,16.97677993774414,4.83465576171875,5722.762187497747,82.07688903808594,49.64544677734375,60.48651337623596,0.09605281054973602,0.05809899419546127
19.4,1400,4.774864196777344,0.08316752314567566,16.976707458496094,4.839033126831055,5720.891844923106,82.15084838867188,49.82486343383789,60.650455951690674,0.095832958817482,0.05812312662601471
19.5,1400,4.767327308654785,0.08301552385091782,16.976211547851562,4.844351291656494,5721.530640641961,82.23873138427734,49.739356994628906,60.48166751861572,0.09584618359804153,0.05796936899423599
19.6,1400,4.751255035400391,0.08326322585344315,16.975831985473633,4.838852882385254,5723.461016025947,82.1435546875,49.904598236083984,60.75291037559509,0.09520675241947174,0.057840876281261444
19.7,1400,4.749340534210205,0.08269160240888596,16.97564697265625,4.82911491394043,5725.52719378447,81.97734832763672,49.57988357543945,60.47998070716858,0.09579168260097504,0.05793479084968567
19.8,1400,4.734460353851318,0.08289967477321625,16.975488662719727,4.841817855834961,5726.363573215635,82.19222259521484,49.71189880371094,60.482484102249146,0.09523797035217285,0.05760229006409645
19.9,1400,4.740603923797607,0.08232792466878891,16.975387573242188,4.830963134765625,5725.660081944962,82.0074691772461,49.36297607421875,60.193270444869995,0.09603561460971832,0.05780697613954544
20,1400,4.742709159851074,0.08277931809425354,16.97515869140625,4.835860729217529,5723.186497062826,82.0895004272461,49.612186431884766,60.43669581413269,0.09559565037488937,0.0577748566865921
20.1,1400,4.759158611297607,0.08276477456092834,16.975120544433594,4.838168144226074,5721.234556494901,82.12848663330078,49.586551666259766,60.3767991065979,0.0959767997264862,0.05794772133231163
20.2,1400,4.762345790863037,0.0830884575843811,16.975534439086914,4.853607177734375,5719.495936395134,82.392578125,49.765350341796875,60.400283336639404,0.09569601714611053,0.057800665497779846
20.3,1400,4.778337001800537,0.08323666453361511,16.976037979125977,4.857850074768066,5719.349642850031,82.46704864501953,49.85284423828125,60.45183539390564,0.09584883600473404,0.057942379266023636
20.4,1400,4.793155193328857,0.08336322754621506,16.976303100585938,4.861392021179199,5719.153224823339,82.5284652709961,49.92692947387695,60.49662232398987,0.09600339829921722,0.05807881057262421
20.5,1400,4.814718246459961,0.08365140110254288,16.976465225219727,4.8750410079956055,5719.026747933748,82.7609634399414,50.098411560058594,60.53386926651001,0.09610520303249359,0.0581761971116066
20.6,1400,4.816234111785889,0.08359604328870773,16.976642608642578,4.886669635772705,5719.814751411752,82.95924377441406,50.07215881347656,60.35754084587097,0.09618587046861649,0.05805542320013046
20.7,1400,4.7985734939575195,0.0835559144616127,16.976978302001953,4.867341995239258,5722.406653384151,82.63275909423828,50.07080078125,60.59436798095703,0.09583576768636703,0.0580710805952549
20.8,1400,4.776661396026611,0.08311865478754044,16.97690773010254,4.853460788726807,5724.174415624377,82.39675903320312,49.82415771484375,60.46859622001648,0.09587038308382034,0.05797147378325462
20.9,1400,4.752299785614014,0.08326881378889084,16.9769229888916,4.843479633331299,5725.875733784356,82.22737884521484,49.92900466918945,60.72065830230713,0.09518114477396011,0.057794615626335144
21,1450,4.750728607177734,0.08259032666683197,16.976896286010742,4.8445725440979,5725.876316627166,82.24580383300781,49.52218246459961,60.21240949630737,0.09593132883310318,0.05776256322860718
21.1,1450,4.762243747711182,0.08826496452093124,16.971925735473633,5.11912727355957,5745.521616353199,86.8814468383789,53.106346130371094,61.12506985664368,0.0896737203001976,0.05481312423944473
21.2,1450,4.992452621459961,0.1027686670422554,16.9650936126709,5.949284076690674,5884.372841625631,100.93016052246094,63.32708740234375,62.743473052978516,0.07883597165346146,0.049464426934719086
21.3,1450,5.354133129119873,0.10818257927894592,16.969688415527344,6.420170307159424,6092.276951557811,108.94828796386719,69.01850891113281,63.34978938102722,0.07757531851530075,0.049143802374601364
21.4,1450,5.643460750579834,0.10842622071504593,16.97378921508789,6.572871208190918,6253.022084114071,111.5665283203125,70.99910736083984,63.6383593082428,0.07948636263608932,0.05058381333947182
21.5,1450,5.798062324523926,0.10749740898609161,16.975669860839844,6.616517543792725,6352.160731740593,112.31981658935547,71.50691986083984,63.663673400878906,0.08108393102884293,0.05162100866436958
21.6,1450,5.889862537384033,0.10641911625862122,16.976308822631836,6.617502689361572,6406.681596639197,112.34076690673828,71.3972396850586,63.55416178703308,0.08249426633119583,0.05242853984236717
21.7,1450,5.961880683898926,0.10593561828136444,16.97648811340332,6.6130900382995605,6436.285348602783,112.26704406738281,71.4012680053711,63.599491119384766,0.08349824696779251,0.0531044602394104
21.8,1450,6.006994247436523,0.10514400154352188,16.976652145385742,6.59403657913208,6451.597212042605,111.94466400146484,71.03630828857422,63.45662474632263,0.08456230908632278,0.05366038903594017
21.9,1450,6.013670444488525,0.10510759800672531,16.976585388183594,6.59515380859375,6459.139780836132,111.96318817138672,71.09473419189453,63.49830627441406,0.0845867246389389,0.05371113866567612
22,1450,6.001401424407959,0.10537280142307281,16.97661781311035,6.583336353302002,6463.166641804717,111.76278686523438,71.31855010986328,63.81242871284485,0.08414923399686813,0.05369767174124718
22.1,1450,5.993276119232178,0.10517384111881256,16.97620391845703,6.594618797302246,6465.359879295641,111.95159149169922,71.20804595947266,63.606101274490356,0.08416571468114853,0.053534530103206635
22.2,1450,6.004064559936523,0.10501260310411453,16.975603103637695,6.582116603851318,6466.330312572916,111.73539733886719,71.10955047607422,63.64102363586426,0.08443401008844376,0.0537346675992012
22.3,1450,6.032390594482422,0.10512082278728485,16.975265502929688,6.584946632385254,6465.885603509516,111.78121948242188,71.17793273925781,63.67611289024353,0.08475085347890854,0.05396604910492897
22.4,1450,6.026423931121826,0.10507836937904358,16.975133895874023,6.588816165924072,6463.055318828165,111.84603881835938,71.11804962158203,63.585662841796875,0.08473832160234451,0.05388142541050911
22.5,1450,6.009515762329102,0.10540330410003662,16.974937438964844,6.609071731567383,6461.310287457497,112.1885757446289,71.3187026977539,63.570380210876465,0.08426283299922943,0.05356619879603386
22.6,1450,6.0142927169799805,0.10516918450593948,16.97516441345215,6.5953569412231445,6462.695121972095,111.95726776123047,71.17554473876953,63.57384920120239,0.08449942618608475,0.05371953919529915
22.7,1450,6.031437873840332,0.10462498664855957,16.975034713745117,6.607961654663086,6463.39744755715,112.17037963867188,70.81494140625,63.13158869743347,0.08517182618379593,0.05377032607793808
22.8,1450,6.0301833152771,0.10483943670988083,16.974985122680664,6.6066131591796875,6463.278547624079,112.14716339111328,70.95878601074219,63.27292323112488,0.08498149365186691,0.0537702739238739
22.9,1450,6.013590335845947,0.10512485355138779,16.97504997253418,6.587998390197754,6464.801515884452,111.83160400390625,71.16873168945312,63.63919377326965,0.08449764549732208,0.05377362295985222
23,1450,6.012649059295654,0.10493958741426468,16.975067138671875,6.5861687660217285,6465.904837322219,111.8006591796875,71.05542755126953,63.55546712875366,0.08461913466453552,0.05378008633852005
23.1,1450,6.033177852630615,0.10477504134178162,16.974960327148438,6.583298206329346,6465.899008894127,111.75122833251953,70.94395446777344,63.48382234573364,0.08504147082567215,0.05398757755756378
23.2,1450,6.036844253540039,0.10486456006765366,16.97490119934082,6.589025020599365,6464.781116386131,111.8480453491211,70.9922866821289,63.47208619117737,0.08503521233797073,0.05397362262010574
23.3,1450,6.011651039123535,0.10511593520641327,16.9748477935791,6.60647439956665,6462.9789664201635,112.1438980102539,71.14263153076172,63.43870162963867,0.08450138568878174,0.053606580942869186
23.4,1450,5.9949188232421875,0.1052955836057663,16.97490692138672,6.6042561531066895,6462.650825918598,112.10663604736328,71.2605972290039,63.56501579284668,0.08412669599056244,0.05347514897584915
23.5,1450,5.998445510864258,0.10544432699680328,16.974834442138672,6.608047008514404,6462.521434814961,112.17050170898438,71.35983276367188,63.6172890663147,0.08405912667512894,0.05347613990306854
23.6,1450,6.029241561889648,0.10515360534191132,16.974864959716797,6.60191011428833,6463.345574547134,112.06653594970703,71.17216491699219,63.50884437561035,0.08471348136663437,0.0538005530834198
23.7,1450,6.045403957366943,0.1051430031657219,16.97486114501953,6.59965705871582,6464.254226486637,112.02825927734375,71.17498779296875,63.53306770324707,0.0849371924996376,0.053963202983140945
23.8,1450,6.042000770568848,0.10546997934579849,16.97482681274414,6.593775749206543,6463.065227155921,111.9281997680664,71.3832015991211,63.77588510513306,0.08464177697896957,0.05398103967308998
23.9,1450,6.036079406738281,0.10546085238456726,16.974863052368164,6.590353965759277,6463.050073242883,111.87035369873047,71.3768539428711,63.80318999290466,0.08456633985042572,0.05395602062344551
24,1450,6.034851551055908,0.10517194867134094,16.974987030029297,6.598077774047852,6464.864462907843,112.00228118896484,71.20130920410156,63.571298122406006,0.08475759625434875,0.05388150364160538
24.1,1450,6.0378499031066895,0.1049727275967598,16.97507095336914,6.591094493865967,6467.249455682984,111.8843002319336,71.0926513671875,63.541221618652344,0.08492930978536606,0.05396512523293495
24.2,1450,6.02072811126709,0.10464046150445938,16.975126266479492,6.5634942054748535,6468.738619060425,111.41614532470703,70.88394165039062,63.62088918685913,0.08493782579898834,0.05403820425271988
24.3,1450,5.987653732299805,0.1048564687371254,16.975128173828125,6.561991214752197,6467.345041903689,111.39064025878906,71.01496124267578,63.75308036804199,0.08431538194417953,0.053753651678562164
24.4,1450,5.984899997711182,0.1051727831363678,16.975017547607422,6.565436840057373,6465.241562205379,111.44840240478516,71.20602416992188,63.891470432281494,0.08405046910047531,0.05370108410716057
24.5,1450,6.005135536193848,0.104880690574646,16.97504425048828,6.571525573730469,6464.732740432969,111.55194091796875,71.00267791748047,63.64988088607788,0.08457618206739426,0.05383264273405075
24.6,1450,6.011268138885498,0.10495281964540482,16.975021362304688,6.580462455749512,6464.813755583445,111.7034912109375,71.05239868164062,63.60803842544556,0.08460330963134766,0.05381450429558754
24.7,1450,5.987907886505127,0.10515889525413513,16.974964141845703,6.584479331970215,6463.9196747141705,111.77130126953125,71.18206787109375,63.68545889854431,0.08412101864814758,0.05357285588979721
24.8,1450,6.009266376495361,0.10545653849840164,16.974895477294922,6.584988117218018,6462.435756922013,111.77948760986328,71.36714935302734,63.84637951850891,0.08420213311910629,0.05376001074910164
24.9,1450,6.037210941314697,0.10532871633768082,16.974767684936523,6.5920634269714355,6460.202303277256,111.89874267578125,71.25601196289062,63.679009675979614,0.08472563326358795,0.05395244434475899
25,1450,6.053904056549072,0.10580769926309586,16.974899291992188,6.608157157897949,6458.90780939808,112.17280578613281,71.56571197509766,63.7995183467865,0.08459224551916122,0.05396944656968117
25.1,1450,6.04072380065918,0.1058015525341034,16.975732803344727,6.614563941955566,6459.219630300988,112.28707122802734,71.56500244140625,63.733971118927,0.08440890908241272,0.05379714444279671
25.2,1450,6.013281345367432,0.10586630553007126,16.976232528686523,6.610755443572998,6462.029515484018,112.22572326660156,71.63995361328125,63.83559703826904,0.08393753319978714,0.053582023829221725
25.3,1450,5.9956583976745605,0.10538414120674133,16.976642608642578,6.5961713790893555,6464.901764847629,111.98084259033203,71.34537506103516,63.712120056152344,0.08403710275888443,0.053541820496320724
25.4,1450,5.98128080368042,0.10448967665433884,16.976776123046875,6.583406925201416,6468.232711502062,111.76502227783203,70.7762680053711,63.32595348358154,0.0845097005367279,0.05351657047867775
25.5,1450,5.964605808258057,0.10417056828737259,16.976972579956055,6.567761421203613,6471.817777621293,111.50070190429688,70.59922790527344,63.3172869682312,0.08448542654514313,0.05349388346076012
25.6,1450,5.947962760925293,0.10403631627559662,16.976966857910156,6.538390159606934,6473.552317821396,111.00202941894531,70.52713775634766,63.53679895401001,0.0843358039855957,0.0535842701792717
25.7,1450,5.929891586303711,0.10373616963624954,16.97665786743164,6.522502899169922,6471.228523541218,110.73030090332031,70.29841613769531,63.486164808273315,0.08435312658548355,0.05355256423354149
25.8,1450,5.937168121337891,0.10384560376405716,16.975862503051758,6.51327657699585,6468.688494578836,110.56848907470703,70.34495544433594,63.6211633682251,0.08440076559782028,0.05369674786925316
25.9,1450,5.9513115882873535,0.10387467592954636,16.975332260131836,6.537539482116699,6465.681608526305,110.9769058227539,70.33193969726562,63.37529420852661,0.084617480635643,0.05362657830119133
26,1500,5.958224296569824,0.1039949432015419,16.97515106201172,6.54302978515625,6463.011605617477,111.06891632080078,70.3843002319336,63.369929790496826,0.08465275168418884,0.053644388914108276
26.1,1500,5.983068943023682,0.10816437751054764,16.97202491760254,6.750552177429199,6469.628620030034,114.57054138183594,73.28114318847656,63.961589336395264,0.0816454142332077,0.05222170427441597
26.2,1500,6.221504211425781,0.12262260913848877,16.96302032470703,7.677000045776367,6576.091270396643,130.22511291503906,84.44364929199219,64.84436988830566,0.07367639988660812,0.04777499660849571
26.3,1500,6.618954658508301,0.13140259683132172,16.9660587310791,8.399860382080078,6776.646898190752,142.5125274658203,93.24969482421875,65.4326319694519,0.0709809809923172,0.04644472151994705
26.4,1500,6.978109836578369,0.1329221874475479,16.971195220947266,8.683557510375977,6946.202282650493,147.37034606933594,96.6882095336914,65.60899615287781,0.07217125594615936,0.04735083878040314
26.5,1500,7.235307693481445,0.13282246887683868,16.97368621826172,8.782397270202637,7056.469148032583,149.0696563720703,98.1493911743164,65.84129333496094,0.07371729612350464,0.04853642359375954
26.6,1500,7.375821113586426,0.1327425092458725,16.974714279174805,8.847064971923828,7120.9298141988465,150.17640686035156,98.98635864257812,65.91339111328125,0.0745135098695755,0.04911438375711441
26.7,1500,7.464657783508301,0.13247734308242798,16.975317001342773,8.883564949035645,7156.766487163745,150.80133056640625,99.28578186035156,65.83880186080933,0.07518354803323746,0.04949994757771492
26.8,1500,7.517937183380127,0.1327083706855774,16.975223541259766,8.91043758392334,7174.627122208086,151.2566680908203,99.70714569091797,65.91917276382446,0.07540018856525421,0.04970317706465721
26.9,1500,7.566067695617676,0.1327693611383438,16.975528717041016,8.928582191467285,7185.620703274733,151.56739807128906,99.90581512451172,65.91510772705078,0.07573200762271881,0.04991883039474487
27,1500,7.576292514801025,0.13289996981620789,16.975500106811523,8.946385383605957,7191.848961533572,151.86936950683594,100.09077453613281,65.90583920478821,0.07569421082735062,0.049886904656887054
27.1,1500,7.591710567474365,0.132897287607193,16.97566032409668,8.944331169128418,7196.8602440068535,151.83592224121094,100.15850067138672,65.96495509147644,0.07579696923494339,0.049999434500932693
27.2,1500,7.601541996002197,0.13306178152561188,16.975664138793945,8.957653045654297,7199.793691865429,152.06210327148438,100.3233413696289,65.97524285316467,0.07577042281627655,0.049989718943834305
27.3,1500,7.600883483886719,0.13311195373535156,16.975690841674805,8.977361679077148,7200.920327015562,152.39691162109375,100.37687683105469,65.8654272556305,0.07572344690561295,0.04987557232379913
27.4,1500,7.61509895324707,0.13315190374851227,16.975711822509766,8.982229232788086,7201.5626197912725,152.479736328125,100.41596221923828,65.85528254508972,0.07583554834127426,0.049941711127758026
27.5,1500,7.6442742347717285,0.13316234946250916,16.975801467895508,8.979604721069336,7201.057877918527,152.4359893798828,100.41680145263672,65.87473154067993,0.07612545043230057,0.05014743655920029
27.6,1500,7.650201320648193,0.13355040550231934,16.97484016418457,9.001801490783691,7198.956729591454,152.80413818359375,100.68004608154297,65.88829755783081,0.07598528265953064,0.050065405666828156
27.7,1500,7.672265529632568,0.13404960930347443,16.974388122558594,9.032025337219238,7197.762484675455,153.3131103515625,101.03961181640625,65.90409874916077,0.07593324035406113,0.05004311725497246
27.8,1500,7.67225980758667,0.1342504918575287,16.97418975830078,9.053241729736328,7196.6807284216275,153.67144775390625,101.17581939697266,65.83905220031738,0.07583095878362656,0.049926385283470154
27.9,1500,7.652553558349609,0.13418863713741302,16.974393844604492,9.05117416381836,7201.672194239397,153.63819885253906,101.19934844970703,65.8686101436615,0.07561860978603363,0.04980892688035965
28,1500,7.623001575469971,0.13364356756210327,16.97469139099121,9.029131889343262,7208.496700692021,153.2667236328125,100.8837890625,65.82236886024475,0.07556220889091492,0.049736831337213516
28.1,1500,7.596688747406006,0.13310982286930084,16.974760055541992,8.98944091796875,7211.767614537108,152.59359741210938,100.52647399902344,65.87856411933899,0.0755690336227417,0.049783796072006226
28.2,1500,7.579512119293213,0.1327129602432251,16.97471809387207,8.977166175842285,7213.3477013927795,152.38487243652344,100.24871826171875,65.78652858734131,0.07560707628726959,0.04973927140235901
28.3,1500,7.555856227874756,0.13238446414470673,16.974634170532227,8.961053848266602,7213.164688750699,152.11061096191406,99.99803924560547,65.74034690856934,0.07556004077196121,0.04967343434691429
28.4,1500,7.556959629058838,0.13232414424419403,16.9744815826416,8.946810722351074,7211.188268784788,151.8674774169922,99.92508697509766,65.79755544662476,0.07562624663114548,0.04976022616028786
28.5,1500,7.561333656311035,0.13233983516693115,16.974321365356445,8.95273208618164,7208.422679655256,151.966552734375,99.89861297607422,65.73723554611206,0.07569007575511932,0.04975656419992447
28.6,1500,7.579267501831055,0.13253355026245117,16.9742374420166,8.960049629211426,7205.551595977262,152.0900115966797,100.00498962402344,65.75382351875305,0.07578889280557632,0.04983409121632576
28.7,1500,7.5814738273620605,0.13254258036613464,16.974328994750977,8.952861785888672,7205.796389957116,151.9688262939453,100.01520538330078,65.81297516822815,0.07580321282148361,0.04988835006952286
28.8,1500,7.588189125061035,0.1324627548456192,16.97428321838379,8.939726829528809,7205.346435308433,151.74545288085938,99.94873046875,65.86604118347168,0.07592082023620605,0.050006039440631866
28.9,1500,7.569465637207031,0.1326921284198761,16.97426414489746,8.943888664245605,7204.589322499315,151.81593322753906,100.11128234863281,65.94253778457642,0.07561051845550537,0.04985949397087097
29,1500,7.566713809967041,0.13264335691928864,16.974401473999023,8.952374458312988,7205.071333502503,151.96119689941406,100.0811767578125,65.8596932888031,0.07560576498508453,0.04979372397065163
29.1,1500,7.54784631729126,0.13253572583198547,16.974424362182617,8.953378677368164,7206.031275609213,151.97845458984375,100.01329040527344,65.80755114555359,0.07546842843294144,0.04966392368078232
29.2,1500,7.52960205078125,0.13228696584701538,16.974529266357422,8.947985649108887,7208.616766310711,151.88784790039062,99.86138916015625,65.74679613113403,0.07540053129196167,0.04957343265414238
29.3,1500,7.523353099822998,0.13204723596572876,16.974536895751953,8.930096626281738,7209.8669641363895,151.58425903320312,99.69770812988281,65.77049493789673,0.07546164095401764,0.04963149502873421
29.4,1500,7.530488014221191,0.1320655345916748,16.974346160888672,8.923202514648438,7207.659738418046,151.4655303955078,99.68099975585938,65.81101417541504,0.07554586976766586,0.049717504531145096
29.5,1500,7.535640716552734,0.1321793496608734,16.9742488861084,8.948175430297852,7204.758346913976,151.8885498046875,99.72674560546875,65.65784215927124,0.07556288689374924,0.04961295798420906
29.6,1500,7.546952724456787,0.1324605792760849,16.97414779663086,8.961470603942871,7202.549372667205,152.1133270263672,99.90828704833984,65.68016409873962,0.07553880661725998,0.049614012241363525
29.7,1500,7.568735122680664,0.13261312246322632,16.974069595336914,8.967145919799805,7201.760786346392,152.20895385742188,100.01239013671875,65.70729613304138,0.07567797601222992,0.04972594976425171
29.8,1500,7.582078456878662,0.13296344876289368,16.97398567199707,8.980600357055664,7200.476200794971,152.43658447265625,100.25871276855469,65.7707691192627,0.07562513649463654,0.049739230424165726
29.9,1500,7.6013102531433105,0.13324689865112305,16.973907470703125,9.006510734558105,7198.886205611544,152.8756866455078,100.45025634765625,65.70715308189392,0.07567238807678223,0.04972216859459877
30,1500,7.6096510887146,0.13344253599643707,16.974037170410156,9.017303466796875,7197.946080160345,153.06004333496094,100.58460235595703,65.71577787399292,0.07565423846244812,0.0497167706489563
30.1,1500,7.6185712814331055,0.13352347910404205,16.97466278076172,9.019211769104004,7200.30775922312,153.09808349609375,100.67863464355469,65.76087474822998,0.07567217200994492,0.04976268485188484
30.2,1500,7.620752334594727,0.13296298682689667,16.975584030151367,8.987106323242188,7205.569664104347,152.56138610839844,100.32928466796875,65.76322317123413,0.07595741003751755,0.04995204135775566
30.3,1500,7.628117084503174,0.13284334540367126,16.975601196289062,8.976241111755371,7207.203372498462,152.37709045410156,100.26173400878906,65.79843163490295,0.07608204334974289,0.05006078630685806
30.4,1500,7.613104343414307,0.13277184963226318,16.975696563720703,8.971227645874023,7207.2511656088145,152.29283142089844,100.20843505859375,65.79983234405518,0.07597269117832184,0.04998990520834923
30.5,1500,7.573718547821045,0.13274560868740082,16.97580337524414,8.982878684997559,7207.3508317291835,152.4915771484375,100.19001770019531,65.70199728012085,0.07559354603290558,0.04966646805405617
30.6,1500,7.559120178222656,0.1325318068265915,16.975908279418945,8.969922065734863,7209.294612497781,152.27256774902344,100.05562591552734,65.70823788642883,0.0755491778254509,0.049642033874988556
30.7,1500,7.529703140258789,0.1321467161178589,16.975955963134766,8.953177452087402,7210.514502497383,151.98873901367188,99.78177642822266,65.6507670879364,0.07546170055866241,0.04954119026660919
30.8,1500,7.540982246398926,0.13189800083637238,16.97594451904297,8.937267303466797,7208.207027815861,151.7185516357422,99.5621109008789,65.62289595603943,0.0757414922118187,0.04970375820994377
30.9,1500,7.546280384063721,0.13211750984191895,16.975605010986328,8.955297470092773,7204.016970860706,152.02159118652344,99.66983032226562,65.56294560432434,0.07571278512477875,0.04963953047990799
31,1550,7.5675530433654785,0.13242454826831818,16.975610733032227,8.973794937133789,7201.010084808176,152.3356475830078,99.8597640991211,65.55246114730835,0.07578179985284805,0.04967683553695679
31.1,1550,7.613033294677734,0.13826611638069153,16.969165802001953,9.354677200317383,7216.449007980396,158.74107360839844,104.48836517333984,65.82314372062683,0.07286010682582855,0.04795881360769272
31.2,1550,7.897104740142822,0.15320909023284912,16.959857940673828,10.48620891571045,7347.539681248671,177.84461975097656,117.88406372070312,66.28486514091492,0.0669904351234436,0.0444045215845108
31.3,1550,8.345108985900879,0.1603946089744568,16.96451759338379,11.20311450958252,7544.18443379322,190.05543518066406,126.71577453613281,66.67305827140808,0.06585690379142761,0.04390881583094597
31.4,1550,8.699480056762695,0.16210733354091644,16.969486236572266,11.511995315551758,7699.85300548157,195.35264587402344,130.7114715576172,66.91052317619324,0.06655482947826385,0.044532183557748795
31.5,1550,8.948421478271484,0.16271114349365234,16.97189712524414,11.66675090789795,7799.738857589455,198.00689697265625,132.90029907226562,67.11902618408203,0.06733183562755585,0.045192472636699677
31.6,1550,9.074166297912598,0.16251018643379211,16.973270416259766,11.730791091918945,7859.715714024739,199.10989379882812,133.75685119628906,67.17740297317505,0.06784075498580933,0.04557365924119949
31.7,1550,9.136563301086426,0.16211780905723572,16.973691940307617,11.764901161193848,7895.394436588352,199.6938018798828,134.03961181640625,67.12257266044617,0.06816315650939941,0.045752860605716705
31.8,1550,9.178826332092285,0.16194328665733337,16.974241256713867,11.763175964355469,7916.247386614994,199.67098999023438,134.24896240234375,67.2350823879242,0.06837167590856552,0.045969754457473755
31.9,1550,9.214048385620117,0.16244210302829742,16.973960876464844,11.782206535339355,7925.799597414553,199.99070739746094,134.82496643066406,67.4156129360199,0.06834081560373306,0.04607238247990608
32,1550,9.239158630371094,0.16273318231105804,16.97395133972168,11.803899765014648,7931.277736977984,200.35882568359375,135.159912109375,67.45892763137817,0.06835724413394928,0.046113062649965286
32.1,1550,9.271326065063477,0.16268573701381683,16.973896026611328,11.841775894165039,7933.864976207909,201.00106811523438,135.16458129882812,67.24570393562317,0.068592868745327,0.046125754714012146
32.2,1550,9.30926513671875,0.1627645492553711,16.97400665283203,11.869576454162598,7934.707184067166,201.47427368164062,135.24441528320312,67.12738871574402,0.0688328966498375,0.04620572552084923
32.3,1550,9.326802253723145,0.16354823112487793,16.97399139404297,11.898508071899414,7935.160635772704,201.96517944335938,135.9033660888672,67.2904908657074,0.06862819194793701,0.046180251985788345
32.4,1550,9.350854873657227,0.1638651043176651,16.97406768798828,11.898709297180176,7934.64132282973,201.96949768066406,136.1577606201172,67.41501092910767,0.06867662072181702,0.046298351138830185
32.5,1550,9.3577241897583,0.16375450789928436,16.97396469116211,11.917499542236328,7935.6379840334175,202.28721618652344,136.0829620361328,67.27214455604553,0.06876485049724579,0.04625959321856499
32.6,1550,9.340014457702637,0.16353416442871094,16.974119186401367,11.926413536071777,7939.691072928416,202.44036865234375,135.96925354003906,67.16508865356445,0.06869210302829742,0.046137116849422455
32.7,1550,9.295105934143066,0.16347439587116241,16.974567413330078,11.901443481445312,7944.043160184522,202.0218505859375,135.9940643310547,67.31650829315186,0.06834934651851654,0.046010397374629974
32.8,1550,9.239946365356445,0.16306689381599426,16.974769592285156,11.863397598266602,7948.021645199947,201.37843322753906,135.72300720214844,67.39698648452759,0.06807944178581238,0.04588349163532257
32.9,1550,9.223715782165527,0.1621657907962799,16.97490882873535,11.820855140686035,7952.743837639878,200.65794372558594,135.05319213867188,67.30518341064453,0.06829690933227539,0.045967359095811844
33,1550,9.173785209655762,0.1613464653491974,16.974882125854492,11.773458480834961,7954.4457386426675,199.8530731201172,134.3996124267578,67.24920868873596,0.06825753301382065,0.04590264707803726
33.1,1550,9.1206693649292,0.16109280288219452,16.97508430480957,11.737106323242188,7955.896434394703,199.23837280273438,134.21278381347656,67.36291646957397,0.06795679032802582,0.04577767476439476
33.2,1550,9.100275039672852,0.16083675622940063,16.974885940551758,11.719801902770996,7956.362125799233,198.9423065185547,134.00730895996094,67.35988259315491,0.06790880113840103,0.04574328660964966
33.3,1550,9.108855247497559,0.1600692719221115,16.97466278076172,11.709269523620605,7954.136831953805,198.76089477539062,133.33053588867188,67.08086729049683,0.06831784546375275,0.0458282046020031
33.4,1550,9.113523483276367,0.16039426624774933,16.97406578063965,11.719320297241211,7948.765352624453,198.9245147705078,133.5110321044922,67.11642742156982,0.06826045364141464,0.04581397771835327
33.5,1550,9.150581359863281,0.16085387766361237,16.97339630126953,11.722256660461426,7943.730173595995,198.9665069580078,133.8087921142578,67.25191473960876,0.06838550418615341,0.045990560203790665
33.6,1550,9.186873435974121,0.1613561362028122,16.972726821899414,11.744013786315918,7939.522631356565,199.32794189453125,134.15550231933594,67.30391383171082,0.06847928464412689,0.04608924314379692
33.7,1550,9.215782165527344,0.16145142912864685,16.9726505279541,11.773639678955078,7936.240643498104,199.82986450195312,134.1792449951172,67.14674234390259,0.06868261843919754,0.04611814022064209
33.8,1550,9.21534252166748,0.16186830401420593,16.972448348999023,11.799758911132812,7935.122168147299,200.2707977294922,134.50674438476562,67.16243624687195,0.06851212680339813,0.04601440951228142
33.9,1550,9.214550971984863,0.16225329041481018,16.97298240661621,11.792933464050293,7936.504671290661,200.1612548828125,134.8501434326172,67.37075448036194,0.06833178550004959,0.04603563994169235
34,1550,9.216835975646973,0.16260957717895508,16.973730087280273,11.806227684020996,7939.3215505874,200.39572143554688,135.19422912597656,67.46362447738647,0.06817477941513062,0.04599317908287048
34.1,1550,9.229948043823242,0.16206695139408112,16.974246978759766,11.796417236328125,7941.667492894328,200.2353057861328,134.78289794921875,67.31225252151489,0.06848011165857315,0.046095509082078934
34.2,1550,9.223923683166504,0.16182292997837067,16.97418975830078,11.802249908447266,7943.36706252588,200.33363342285156,134.60874938964844,67.19229221343994,0.06852395087480545,0.04604281112551689
34.3,1550,9.208785057067871,0.16209077835083008,16.973621368408203,11.793167114257812,7941.992136339038,200.17276000976562,134.8082275390625,67.34594106674194,0.06831026077270508,0.04600418731570244
34.4,1550,9.226152420043945,0.1625337153673172,16.973127365112305,11.81790542602539,7939.358852527187,200.58680725097656,135.1317901611328,67.36822724342346,0.06827522069215775,0.0459958054125309
34.5,1550,9.24791145324707,0.1626271903514862,16.972867965698242,11.830085754394531,7937.543880019418,200.7904815673828,135.1785888671875,67.32320785522461,0.06841254234313965,0.04605751857161522
34.6,1550,9.27406120300293,0.16265073418617249,16.9726619720459,11.85814380645752,7934.363306809753,201.26426696777344,135.14398193359375,67.14752912521362,0.06862355768680573,0.04607902467250824
34.7,1550,9.265231132507324,0.1633228361606598,16.972492218017578,11.896479606628418,7934.824335471811,201.91290283203125,135.71031188964844,67.21230149269104,0.06827212125062943,0.04588726535439491
34.8,1550,9.27122688293457,0.16373246908187866,16.972747802734375,11.892146110534668,7938.0235596513685,201.84239196777344,136.1055450439453,67.43159294128418,0.06811792403459549,0.04593300074338913
34.9,1550,9.266802787780762,0.16355207562446594,16.97307777404785,11.895769119262695,7942.360492994436,201.90782165527344,136.0298614501953,67.37226247787476,0.06812329590320587,0.04589620605111122
35,1550,9.271167755126953,0.16298462450504303,16.973814010620117,11.891870498657227,7945.264798712552,201.85040283203125,135.6074676513672,67.18217134475708,0.06836767494678497,0.0459308885037899
35.1,1550,9.263836860656738,0.16287343204021454,16.974285125732422,11.888465881347656,7945.628492625477,201.79820251464844,135.5211639404297,67.15677380561829,0.06835712492465973,0.0459064356982708
35.2,1550,9.268387794494629,0.1631578952074051,16.974252700805664,11.892828941345215,7944.688367174278,201.87188720703125,135.74179077148438,67.2415554523468,0.06827954202890396,0.045912228524684906
35.3,1550,9.292224884033203,0.16296744346618652,16.97447967529297,11.886669158935547,7945.576036772651,201.77001953125,135.59849548339844,67.20447540283203,0.06852749735116959,0.04605354368686676
35.4,1550,9.32690143585205,0.16293321549892426,16.974172592163086,11.904935836791992,7941.985725068136,202.07643127441406,135.50875854492188,67.05816388130188,0.0688287764787674,0.04615531489253044
35.5,1550,9.348471641540527,0.16361986100673676,16.973955154418945,11.931687355041504,7938.631464701338,202.52792358398438,136.02235412597656,67.16226935386658,0.06872746348381042,0.04615892469882965
35.6,1550,9.384458541870117,0.16457292437553406,16.97381591796875,11.976824760437012,7935.4386517926805,203.29241943359375,136.7596435546875,67.27237701416016,0.06862008571624756,0.04616236314177513
35.7,1550,9.427902221679688,0.1651255488395691,16.97384262084961,12.006014823913574,7935.2556391506,203.7882080078125,137.2156982421875,67.33250617980957,0.0687086209654808,0.04626323655247688
35.8,1550,9.447671890258789,0.16530853509902954,16.97382354736328,12.047043800354004,7934.44315627461,204.48439025878906,137.35369873046875,67.17074513435364,0.06878352910280228,0.0462024100124836
35.9,1550,9.42919635772705,0.16520923376083374,16.974172592163086,12.065436363220215,7937.009413163405,204.80079650878906,137.31558227539062,67.0483648777008,0.06866807490587234,0.046040818095207214
36,1600,9.382246971130371,0.16524991393089294,16.97455596923828,12.041325569152832,7940.671997376257,204.39614868164062,137.41278076171875,67.22865104675293,0.06827783584594727,0.04590226709842682
36.1,1600,9.401067733764648,0.17025212943553925,16.96755599975586,12.424873352050781,7964.741656866733,210.81973266601562,142.00148010253906,67.35682487487793,0.0662040114402771,0.04459292069077492
36.2,1600,9.671594619750977,0.18396826088428497,16.95707893371582,13.655369758605957,8099.06419351188,231.55517578125,156.0293731689453,67.3832356929779,0.06198573112487793,0.041767992079257965
36.3,1600,10.141209602355957,0.19106005132198334,16.961776733398438,14.441023826599121,8290.72389150956,244.94541931152344,165.8788299560547,67.72072911262512,0.06113624945282936,0.04140191525220871
36.4,1600,10.509492874145508,0.19220879673957825,16.967082977294922,14.789935111999512,8439.024164404327,250.9420623779297,169.86117553710938,67.68940091133118,0.06187107414007187,0.041880156844854355
36.5,1600,10.695886611938477,0.19299818575382233,16.96950340270996,14.988682746887207,8534.543358185878,254.3505096435547,172.48928833007812,67.81558990478516,0.06200898811221123,0.042051762342453
36.6,1600,10.87475299835205,0.19408975541591644,16.970800399780273,15.097192764282227,8590.082449472107,256.2114562988281,174.5937042236328,68.14438104629517,0.06228605657815933,0.04244444519281387
36.7,1600,10.978181838989258,0.19399408996105194,16.971187591552734,15.196696281433105,8623.660606551455,257.9059753417969,175.18978881835938,67.92777180671692,0.06266450881958008,0.042566604912281036
36.8,1600,11.064207077026367,0.19507308304309845,16.971731185913086,15.260488510131836,8644.832371594715,258.9969177246094,176.5966796875,68.18485856056213,0.06265240907669067,0.04271945729851723
36.9,1600,11.089103698730469,0.19423027336597443,16.972139358520508,15.304802894592285,8659.145242459612,259.7552490234375,176.12481689453125,67.80414581298828,0.06296161562204361,0.04269058629870415
37,1600,11.10188102722168,0.19526194036006927,16.972496032714844,15.314070701599121,8669.286707339248,259.9179992675781,177.26768493652344,68.20138692855835,0.06262777745723724,0.04271301254630089
37.1,1600,11.096997261047363,0.19383636116981506,16.972753524780273,15.28865909576416,8677.31886409248,259.4906311035156,176.1365203857422,67.87779331207275,0.06300225108861923,0.042764537036418915
37.2,1600,11.138195991516113,0.19479995965957642,16.97245979309082,15.284867286682129,8679.614681917818,259.4217834472656,177.0589599609375,68.25138330459595,0.06290670484304428,0.04293469712138176
37.3,1600,11.205410957336426,0.19427429139614105,16.97214698791504,15.32142162322998,8674.684414595013,260.03741455078125,176.48086547851562,67.86748766899109,0.06349363178014755,0.043091531842947006
37.4,1600,11.23473834991455,0.1958475261926651,16.971742630004883,15.387130737304688,8668.926510483177,261.14642333984375,177.79193115234375,68.0813193321228,0.06319037824869156,0.04302084073424339
37.5,1600,11.293366432189941,0.19637714326381683,16.971567153930664,15.476758003234863,8664.469511521422,262.6648254394531,178.18106079101562,67.83590316772461,0.06338141113519669,0.04299534857273102
37.6,1600,11.2568359375,0.1969594806432724,16.9719181060791,15.51015567779541,8665.449853126453,263.2370910644531,178.7296600341797,67.89683699607849,0.062982477247715,0.042763106524944305
37.7,1600,11.312981605529785,0.19757142663002014,16.971891403198242,15.55968952178955,8668.8198502491,264.0773620605469,179.3546905517578,67.91747808456421,0.06307602673768997,0.0428396500647068
37.8,1600,11.296001434326172,0.19737572968006134,16.97222328186035,15.57481575012207,8671.690351084282,264.3392639160156,179.23635864257812,67.80542731285095,0.06302293390035629,0.04273296892642975
37.9,1600,11.33276653289795,0.19832584261894226,16.972131729125977,15.603062629699707,8674.858101752146,264.8172302246094,180.16494750976562,68.03369522094727,0.06290217489004135,0.04279467090964317
38,1600,11.312736511230469,0.19760236144065857,16.972335815429688,15.600971221923828,8676.515706701437,264.784912109375,179.54202270507812,67.80673861503601,0.0630088523030281,0.04272424802184105
38.1,1600,11.333418846130371,0.19832973182201385,16.972747802734375,15.595684051513672,8680.297190847361,264.70159912109375,180.2814483642578,68.10742616653442,0.06286514550447464,0.04281582683324814
38.2,1600,11.295326232910156,0.19671036303043365,16.97304344177246,15.559585571289062,8687.066327233113,264.0935363769531,178.94888305664062,67.75966286659241,0.06312040239572525,0.042770177125930786
38.3,1600,11.285760879516602,0.19685538113117218,16.973329544067383,15.50721549987793,8692.762450007174,263.2090759277344,179.19822692871094,68.0820882320404,0.06297919899225235,0.042877551168203354
38.4,1600,11.231670379638672,0.19545207917690277,16.973247528076172,15.462305068969727,8693.505574588873,262.4455261230469,177.93600463867188,67.79921650886536,0.0631219670176506,0.042796194553375244
38.5,1600,11.244511604309082,0.19596388936042786,16.972936630249023,15.444735527038574,8691.72906970651,262.14251708984375,178.36549377441406,68.04141998291016,0.06304196268320084,0.042894650250673294
38.6,1600,11.28174114227295,0.19506517052650452,16.972665786743164,15.462120056152344,8688.670310643962,262.43341064453125,177.48500061035156,67.63049364089966,0.0635644719004631,0.04298897087574005
38.7,1600,11.331547737121582,0.19685964286327362,16.971296310424805,15.502837181091309,8680.145651716975,263.1032409667969,178.9420166015625,68.01208853721619,0.06332524865865707,0.04306882619857788
38.8,1600,11.31291675567627,0.1964867264032364,16.971006393432617,15.528797149658203,8674.624964628476,263.539306640625,178.48944091796875,67.7278220653534,0.06338143348693848,0.04292686656117439
38.9,1600,11.280807495117188,0.19776132702827454,16.970985412597656,15.566126823425293,8675.878076668201,264.1725158691406,179.67324829101562,68.01360845565796,0.06278512626886368,0.04270242899656296
39,1600,11.29384994506836,0.19688759744167328,16.971046447753906,15.563332557678223,8677.907535329747,264.12603759765625,178.92127990722656,67.74086952209473,0.06312189251184464,0.04275932163000107
39.1,1600,11.292192459106445,0.1977774053812027,16.97089195251465,15.573282241821289,8678.532342821181,264.29248046875,179.74282836914062,68.00905466079712,0.06282415986061096,0.04272611811757088
39.2,1600,11.334741592407227,0.19717556238174438,16.97073745727539,15.583301544189453,8678.8447465669,264.4601135253906,179.2023162841797,67.76156425476074,0.0632510855793953,0.04285992681980133
39.3,1600,11.299590110778809,0.19775746762752533,16.970632553100586,15.58957290649414,8676.579236567637,264.5649108886719,179.68426513671875,67.91689395904541,0.06288580596446991,0.0427100844681263
39.4,1600,11.299793243408203,0.1978747546672821,16.97068977355957,15.610098838806152,8678.453076199134,264.9141540527344,179.8296661376953,67.882239818573,0.06283609569072723,0.04265454784035683
39.5,1600,11.264512062072754,0.1979931741952896,16.97079086303711,15.609435081481934,8681.9577100107,264.9044494628906,180.00994873046875,67.95278191566467,0.06257716566324234,0.04252292215824127
39.6,1600,11.269002914428711,0.19765950739383698,16.971721649169922,15.600954055786133,8684.785663320814,264.7750549316406,179.76512145996094,67.89352893829346,0.06268737465143204,0.04256066679954529
39.7,1600,11.191488265991211,0.19729284942150116,16.972270965576172,15.578961372375488,8688.416774021971,264.41033935546875,179.50668334960938,67.88942813873291,0.06234580650925636,0.04232621192932129
39.8,1600,11.19967269897461,0.19638016819953918,16.972986221313477,15.524351119995117,8692.542718268116,263.4945983886719,178.76112365722656,67.84242391586304,0.0626516118645668,0.04250437393784523
39.9,1600,11.112686157226562,0.1953546404838562,16.973424911499023,15.45408821105957,8698.981382781067,262.3088073730469,177.95932006835938,67.8434431552887,0.06244508922100067,0.042364899069070816
40,1600,11.088835716247559,0.1943359673023224,16.973541259765625,15.367205619812012,8702.467948465548,260.8359069824219,177.10231018066406,67.89798140525818,0.06261259317398071,0.0425126887857914
40.1,1600,11.066568374633789,0.193791463971138,16.9727840423584,15.31301212310791,8699.631252513296,259.9044494628906,176.54852294921875,67.92824268341064,0.0626828670501709,0.042579371482133865
40.2,1600,11.135357856750488,0.1937875747680664,16.97149085998535,15.322961807250977,8692.025736696378,260.0534973144531,176.39064025878906,67.82859563827515,0.06312895566225052,0.042819488793611526
40.3,1600,11.0919189453125,0.19429704546928406,16.970935821533203,15.353321075439453,8683.689918839566,260.56024169921875,176.6847686767578,67.80956983566284,0.06277801096439362,0.04256950318813324
40.4,1600,11.088484764099121,0.19468705356121063,16.971574783325195,15.367374420166016,8681.614415596096,260.80853271484375,176.9971160888672,67.86476969718933,0.06264782696962357,0.04251580312848091
40.5,1600,11.069167137145996,0.19432038068771362,16.97210121154785,15.35270881652832,8682.942714358203,260.5677185058594,176.69078063964844,67.8099274635315,0.06264711171388626,0.0424809604883194
40.6,1600,11.13107681274414,0.19442221522331238,16.972383499145508,15.33433723449707,8683.230055863127,260.26025390625,176.7892303466797,67.92786717414856,0.06296241283416748,0.04276902228593826
40.7,1600,11.083596229553223,0.19404779374599457,16.97245979309082,15.34303092956543,8684.938950979627,260.4089660644531,176.48348999023438,67.7716612815857,0.06280244886875153,0.04256226494908333
40.8,1600,11.135974884033203,0.19445253908634186,16.972545623779297,15.327220916748047,8684.74603000979,260.1419677734375,176.84767150878906,67.98121929168701,0.06296930462121964,0.04280729964375496
40.9,1600,11.144834518432617,0.193679541349411,16.972763061523438,15.308600425720215,8683.053454491946,259.8292541503906,176.11033630371094,67.77925491333008,0.06328324973583221,0.04289291799068451
41,1650,11.143372535705566,0.1945285201072693,16.972753524780273,15.314708709716797,8682.980016297992,259.9327697753906,176.88079833984375,68.04867386817932,0.06299933046102524,0.042870208621025085
41.1,1650,11.1013822555542,0.1986040323972702,16.96461296081543,15.756102561950684,8705.982490604869,267.2961730957031,181.0649871826172,67.73945689201355,0.061311591416597366,0.04153214022517204
41.2,1650,11.377937316894531,0.21213950216770172,16.952743530273438,17.130207061767578,8837.820951197315,290.40399169921875,196.3339385986328,67.60717034339905,0.05795196443796158,0.03917968273162842
41.3,1650,11.87386417388916,0.22078658640384674,16.95768165588379,18.068639755249023,9021.261399900017,306.4022521972656,208.57803344726562,68.07327270507812,0.05692768096923828,0.038752537220716476
41.4,1650,12.240294456481934,0.22215473651885986,16.963272094726562,18.5418758392334,9161.44442099141,314.5308837890625,213.13174438476562,67.76178479194641,0.05743064731359482,0.03891603276133537
41.5,1650,12.544463157653809,0.22573703527450562,16.966087341308594,18.844985961914062,9254.212013870849,319.7256774902344,218.76148986816406,68.42162013053894,0.05734310299158096,0.039235081523656845
41.6,1650,12.666752815246582,0.2251453697681427,16.967721939086914,19.034347534179688,9311.543929638101,322.9695129394531,219.5398406982422,67.97540187835693,0.05769683048129082,0.039219655096530914
41.7,1650,12.822672843933105,0.2260434329509735,16.968826293945312,19.164470672607422,9350.007475143948,325.1985778808594,221.32601928710938,68.05872917175293,0.0579356774687767,0.03943028673529625
41.8,1650,12.923909187316895,0.22804872691631317,16.969280242919922,19.264432907104492,9374.166309584227,326.903564453125,223.8664093017578,68.48087310791016,0.057730454951524734,0.0395343191921711
41.9,1650,12.919395446777344,0.226926788687706,16.969820022583008,19.32598114013672,9388.821309178109,327.95843505859375,223.11329650878906,68.03097128868103,0.05790508911013603,0.03939339518547058
42,1650,12.919478416442871,0.2264956682920456,16.97039794921875,19.32998275756836,9402.945338972833,328.0375061035156,223.02442932128906,67.98747777938843,0.05792853608727455,0.0393841527402401
42.1,1650,12.919086456298828,0.22747547924518585,16.97089195251465,19.29110336303711,9414.345744320284,327.3872375488281,224.2607879638672,68.50016713142395,0.05760742351412773,0.039461180567741394
42.2,1650,12.857877731323242,0.22671648859977722,16.971107482910156,19.261356353759766,9421.13469736155,326.88653564453125,223.6737060546875,68.42548251152039,0.05748497694730759,0.03933437541127205
42.3,1650,12.816648483276367,0.2252790331840515,16.971162796020508,19.225160598754883,9424.531505253417,326.2733154296875,222.33567810058594,68.14399361610413,0.057645488530397415,0.0392819382250309
42.4,1650,12.824617385864258,0.22585296630859375,16.971233367919922,19.20438003540039,9427.400840402983,325.9220275878906,222.969970703125,68.41206550598145,0.05751723796129227,0.03934872895479202
42.5,1650,12.817564010620117,0.22675679624080658,16.971424102783203,19.173927307128906,9429.440790235092,325.4088439941406,223.91070556640625,68.80903840065002,0.057244084775447845,0.03938910737633705
42.6,1650,12.753711700439453,0.22510996460914612,16.971166610717773,19.16144371032715,9428.888255251995,325.1920471191406,222.2715301513672,68.35084557533264,0.05737897381186485,0.03921901434659958
42.7,1650,12.785902976989746,0.22477395832538605,16.970991134643555,19.158414840698242,9427.137395453236,325.1372985839844,221.89854431152344,68.24764609336853,0.057620491832494736,0.039324626326560974
42.8,1650,12.811029434204102,0.2260179966688156,16.970924377441406,19.146203994750977,9424.670804684809,324.92877197265625,223.0682830810547,68.65143775939941,0.05743097513914108,0.03942719101905823
42.9,1650,12.769586563110352,0.22584615647792816,16.970829010009766,19.13243293762207,9424.866639868693,324.6932373046875,222.9033203125,68.65043044090271,0.0572875551879406,0.03932815417647362
43,1650,12.76422119140625,0.22429727017879486,16.970842361450195,19.1279296875,9423.347751507983,324.6170654296875,221.3389434814453,68.18462610244751,0.05766821280121803,0.03932085633277893
43.1,1650,12.793231010437012,0.22468817234039307,16.970726013183594,19.12638282775879,9422.634934752363,324.5885925292969,221.70791625976562,68.3042824268341,0.057703085243701935,0.039413679391145706
43.2,1650,12.779067039489746,0.22633524239063263,16.970624923706055,19.141233444213867,9420.495318799884,324.83868408203125,223.2824249267578,68.73639822006226,0.057232748717069626,0.03933973237872124
43.3,1650,12.753058433532715,0.22472254931926727,16.970354080200195,19.181936264038086,9416.153139871534,325.5242614746094,221.58929443359375,68.07152032852173,0.057552680373191833,0.03917698562145233
43.4,1650,12.83579158782959,0.22543519735336304,16.96992301940918,19.23093605041504,9411.174496595566,326.3475036621094,222.1744842529297,68.07910799980164,0.05777347460389137,0.03933166712522507
43.5,1650,12.927176475524902,0.2279702126979828,16.9696044921875,19.30141258239746,9404.60585813617,327.5373229980469,224.51600646972656,68.54669451713562,0.05757797136902809,0.03946779668331146
43.6,1650,12.903421401977539,0.22739648818969727,16.96978759765625,19.365018844604492,9403.147585427616,328.6202697753906,223.916259765625,68.13830137252808,0.05762610211968422,0.03926544636487961
43.7,1650,12.954964637756348,0.22753794491291046,16.970075607299805,19.402498245239258,9406.501262951606,329.2618713378906,224.1354522705078,68.07209849357605,0.05779971182346344,0.039345476776361465
43.8,1650,13.02163314819336,0.22946298122406006,16.970109939575195,19.432661056518555,9409.544868101115,329.7743835449219,226.10484313964844,68.56349110603333,0.05759112909436226,0.039486490190029144
43.9,1650,12.997396469116211,0.2287357598543167,16.97010612487793,19.45110321044922,9412.595467364334,330.0872802734375,225.46133422851562,68.30354928970337,0.057648006826639175,0.03937563672661781
44,1650,13.019454956054688,0.2279771864414215,16.969396591186523,19.470462799072266,9413.755324554591,330.4020080566406,224.74131774902344,68.02056431770325,0.057930849492549896,0.039404891431331635
44.1,1650,13.084341049194336,0.2295749932527542,16.96889305114746,19.5092830657959,9412.051675023375,331.0509338378906,226.27548217773438,68.35065484046936,0.05782482773065567,0.0395236499607563
44.2,1650,13.105201721191406,0.23029950261116028,16.968809127807617,19.533239364624023,9411.813292314422,331.455810546875,226.98382568359375,68.48087310791016,0.05773627758026123,0.03953830897808075
44.3,1650,13.125321388244629,0.22929689288139343,16.968406677246094,19.59808921813965,9409.782667967258,332.54833984375,225.9468994140625,67.94407367706299,0.058090291917324066,0.0394689105451107
44.4,1650,13.166813850402832,0.23040837049484253,16.968568801879883,19.628923416137695,9412.227110708936,333.0747375488281,227.1011199951172,68.18323135375977,0.05797775834798813,0.03953110799193382
44.5,1650,13.159555435180664,0.23144428431987762,16.96925926208496,19.603126525878906,9419.890327963962,332.6505432128906,228.30789184570312,68.63295435905457,0.05763951316475868,0.03955969959497452
44.6,1650,13.089298248291016,0.2295580357313156,16.969602584838867,19.569700241088867,9425.445402778203,332.09002685546875,226.58074951171875,68.22870969772339,0.0577688030898571,0.0394149087369442
44.7,1650,13.073040008544922,0.22831109166145325,16.969663619995117,19.52001190185547,9430.710221873474,331.248046875,225.47584533691406,68.0685818195343,0.057979781180620193,0.0394660159945488
44.8,1650,13.161151885986328,0.2297271341085434,16.969131469726562,19.511621475219727,9426.550472744397,331.09527587890625,226.77423095703125,68.4921383857727,0.05803636461496353,0.0397503487765789
44.9,1650,13.185869216918945,0.23049309849739075,16.96822738647461,19.569202423095703,9416.526159269406,332.0546875,227.28839111328125,68.44908595085144,0.05801382660865784,0.03970993310213089
45,1650,13.213446617126465,0.23027421534061432,16.96784019470215,19.653621673583984,9407.436725660331,333.4795227050781,226.85336303710938,68.02617907524109,0.058246638625860214,0.039622962474823
45.1,1650,13.303297996520996,0.23256932199001312,16.968658447265625,19.74236488342285,9404.245078437292,335.0014343261719,229.03665161132812,68.36885213851929,0.058083709329366684,0.03971116617321968
45.2,1650,13.29733943939209,0.2339129000902176,16.969141006469727,19.800134658813477,9403.576557735169,335.99127197265625,230.34344482421875,68.55637431144714,0.05772831663489342,0.039576441049575806
45.3,1650,13.23355770111084,0.23268786072731018,16.969707489013672,19.837177276611328,9407.594093218808,336.631103515625,229.23500061035156,68.09679865837097,0.057729221880435944,0.03931175172328949
45.4,1650,13.235573768615723,0.23267121613025665,16.970754623413086,19.801475524902344,9419.3401243521,336.0459899902344,229.50479125976562,68.29565167427063,0.057670142501592636,0.03938619792461395
45.5,1650,13.252105712890625,0.23316995799541473,16.971054077148438,19.744144439697266,9428.887089566377,335.0789489746094,230.2298583984375,68.70914101600647,0.05756032466888428,0.03954920545220375
45.6,1650,13.23943042755127,0.23209722340106964,16.97053337097168,19.737628936767578,9427.828064182107,334.9580993652344,229.14491271972656,68.41002702713013,0.05777754634618759,0.039525631815195084
45.7,1650,13.24354076385498,0.23135459423065186,16.970428466796875,19.749670028686523,9424.69178702594,335.1603698730469,228.3357391357422,68.1273102760315,0.05800029635429382,0.03951404243707657
45.8,1650,13.260307312011719,0.2326718270778656,16.97042465209961,19.75242805480957,9422.93393311347,335.20709228515625,229.59295654296875,68.49287152290344,0.0577557235956192,0.03955855220556259
45.9,1650,13.19389533996582,0.23269064724445343,16.97066307067871,19.719093322753906,9425.069469166285,334.6460876464844,229.66357421875,68.62879395484924,0.057448796927928925,0.03942641243338585
46,1700,13.143183708190918,0.23060770332813263,16.970834732055664,19.6906681060791,9426.856465219214,334.1670837402344,227.65087890625,68.1248664855957,0.05773394927382469,0.03933117538690567
46.1,1700,13.226662635803223,0.2363051027059555,16.961387634277344,20.220111846923828,9443.178395247334,342.9611511230469,233.6791229248047,68.13573837280273,0.056601814925670624,0.038566067814826965
46.2,1700,13.484101295471191,0.25085029006004333,16.947418212890625,21.827655792236328,9562.956672432341,369.92242431640625,251.20912170410156,67.90859699249268,0.0536767952144146,0.03645116090774536
46.3,1700,14.054059982299805,0.26078271865844727,16.9525146484375,22.949573516845703,9741.645203711845,389.052978515625,266.03558349609375,68.38029623031616,0.05282774567604065,0.036123767495155334
46.4,1700,14.415205955505371,0.26195046305656433,16.95844841003418,23.56940269470215,9881.548460254837,399.70050048828125,271.0646057128906,67.81692504882812,0.053179968148469925,0.03606501966714859
46.5,1700,14.647485733032227,0.2643638849258423,16.962007522583008,23.95603370666504,9976.273239287482,406.3424377441406,276.1843566894531,67.96838045120239,0.05303517356514931,0.03604714944958687
46.6,1700,14.898038864135742,0.26554009318351746,16.963964462280273,24.203880310058594,10037.005460003456,410.5937805175781,279.1019592285156,67.97520518302917,0.05337848141789436,0.03628413379192352
46.7,1700,15.12109088897705,0.26809415221214294,16.964597702026367,24.432666778564453,10070.171547216718,414.4903564453125,282.71759033203125,68.2084858417511,0.05348479002714157,0.036481164395809174
46.8,1700,15.255701065063477,0.2701426148414612,16.965017318725586,24.621479034423828,10091.331072560986,417.7038269042969,285.47637939453125,68.34421157836914,0.05343945324420929,0.036522772163152695
46.9,1700,15.306225776672363,0.270868182182312,16.965797424316406,24.752065658569336,10108.698622588765,419.93853759765625,286.7357482910156,68.28041076660156,0.05338094383478165,0.036448728293180466
47,1700,15.26106071472168,0.2698749303817749,16.967071533203125,24.80415916442871,10129.018854287822,420.85394287109375,286.25860595703125,68.01851391792297,0.05331214889883995,0.03626213222742081
47.1,1700,15.227385520935059,0.26864176988601685,16.967737197875977,24.79134178161621,10145.326796088522,420.6529846191406,285.40936279296875,67.84912347793579,0.05335279181599617,0.03619940206408501
47.2,1700,15.208221435546875,0.2684238851070404,16.967884063720703,24.77634620666504,10155.284082640459,420.40216064453125,285.457763671875,67.90111660957336,0.053276609629392624,0.03617541119456291
47.3,1700,15.187538146972656,0.2679174244403839,16.967836380004883,24.7612361907959,10158.367321100992,420.14459228515625,285.00567626953125,67.835134267807,0.053288549184799194,0.03614835813641548
47.4,1700,15.211567878723145,0.2681382894515991,16.96744155883789,24.789813995361328,10156.692230867424,420.6197204589844,285.1935729980469,67.8031861782074,0.053337693214416504,0.03616465628147125
47.5,1700,15.255877494812012,0.26902422308921814,16.966962814331055,24.839086532592773,10152.255631403988,421.44384765625,286.0108642578125,67.86452531814575,0.05334020033478737,0.03619907423853874
47.6,1700,15.34045124053955,0.2703045606613159,16.966339111328125,24.939268112182617,10143.721646992057,423.1280822753906,287.1304931640625,67.85899996757507,0.05342675745487213,0.03625486418604851
47.7,1700,15.444565773010254,0.2720608711242676,16.965715408325195,25.07293701171875,10134.836791209002,425.38031005859375,288.7430114746094,67.8787887096405,0.053488969802856445,0.03630766645073891
47.8,1700,15.522039413452148,0.27380916476249695,16.965717315673828,25.21126365661621,10130.775542514675,427.7271728515625,290.4820556640625,67.91293025016785,0.05343545228242874,0.036289580166339874
47.9,1700,15.559778213500977,0.27544480562210083,16.966121673583984,25.3140926361084,10133.015990273141,429.4819641113281,292.28192138671875,68.05452108383179,0.05323551595211029,0.036229174584150314
48,1700,15.630154609680176,0.27663278579711914,16.966344833374023,25.373106002807617,10137.707874886995,430.4888610839844,293.6784362792969,68.21975111961365,0.05322200432419777,0.0363079197704792
48.1,1700,15.691763877868652,0.277473121881485,16.966188430786133,25.447935104370117,10139.246579903216,431.75445556640625,294.6152648925781,68.23675632476807,0.0532618872821331,0.03634418547153473
48.2,1700,15.668622016906738,0.27733659744262695,16.966827392578125,25.474998474121094,10146.473830736979,432.2298889160156,294.68017578125,68.1767225265503,0.05317161604762077,0.03625066578388214
48.3,1700,15.638992309570312,0.27572718262672424,16.967336654663086,25.46250343322754,10154.17434993179,432.0308532714844,293.1924743652344,67.86378026008606,0.0533403605222702,0.03619878366589546
48.4,1700,15.626197814941406,0.2750546634197235,16.96724510192871,25.46841049194336,10159.41993521436,432.1287536621094,292.6284484863281,67.71788001060486,0.05339944735169411,0.03616097569465637
48.5,1700,15.639361381530762,0.27399981021881104,16.967592239379883,25.441303253173828,10163.8821797614,431.67767333984375,291.6342468261719,67.55833625793457,0.05362663045525551,0.03622925654053688
48.6,1700,15.583962440490723,0.27335572242736816,16.967594146728516,25.424428939819336,10164.76460377449,431.3913879394531,290.97393798828125,67.45010614395142,0.053557928651571274,0.036124881356954575
48.7,1700,15.523691177368164,0.2725970447063446,16.968212127685547,25.363677978515625,10170.275965378043,430.37628173828125,290.3236999511719,67.45811104774475,0.05347028374671936,0.036070045083761215
48.8,1700,15.513015747070312,0.27313122153282166,16.96791648864746,25.332015991210938,10169.823679358124,429.83154296875,290.8796691894531,67.67295002937317,0.05333138257265091,0.036090921610593796
48.9,1700,15.527514457702637,0.2724556028842926,16.967411041259766,25.325773239135742,10165.038539894802,429.7127990722656,290.02362060546875,67.4924373626709,0.053538788110017776,0.03613463416695595
49,1700,15.568021774291992,0.2727675437927246,16.966751098632812,25.370683670043945,10156.771497489472,430.45806884765625,290.1195373535156,67.39786267280579,0.053660713136196136,0.036166172474622726
49.1,1700,15.597238540649414,0.2732662856578827,16.966583251953125,25.430335998535156,10151.717084648311,431.4659118652344,290.50537109375,67.32985377311707,0.05369001626968384,0.036149412393569946
49.2,1700,15.607547760009766,0.27380502223968506,16.96687126159668,25.475744247436523,10153.410825851772,432.2436828613281,291.1266784667969,67.35244393348694,0.053610850125551224,0.036108214408159256
49.3,1700,15.571744918823242,0.27337005734443665,16.96762466430664,25.443016052246094,10160.863054009877,431.7075500488281,290.8775329589844,67.37837195396423,0.053533684462308884,0.03607012331485748
49.4,1700,15.601919174194336,0.2735028564929962,16.967708587646484,25.403427124023438,10164.534963707676,431.0379333496094,291.1239929199219,67.54022240638733,0.0535920076072216,0.036196161061525345
49.5,1700,15.594079971313477,0.2734178304672241,16.96776580810547,25.359249114990234,10167.034193673415,430.289794921875,291.10504150390625,67.6532506942749,0.05356856435537338,0.03624087944626808
49.6,1700,15.579590797424316,0.2727627456188202,16.96795654296875,25.312610626220703,10171.467296079996,429.5032653808594,290.5342102050781,67.64423847198486,0.05362394452095032,0.03627350926399231
49.7,1700,15.60704517364502,0.2731363773345947,16.967676162719727,25.277006149291992,10170.554564240829,428.8920593261719,290.90606689453125,67.82734394073486,0.053649771958589554,0.03638921678066254
49.8,1700,15.651141166687012,0.27456220984458923,16.966983795166016,25.284555435180664,10162.110337621509,429.0026550292969,292.181884765625,68.1072473526001,0.05356643348932266,0.03648262098431587
49.9,1700,15.62471866607666,0.27459827065467834,16.966903686523438,25.316364288330078,10157.538518626345,429.5403137207031,292.08880615234375,68.00032258033752,0.05349304527044296,0.036375440657138824
50,1700,15.572656631469727,0.2737860381603241,16.967430114746094,25.309858322143555,10160.849065782457,429.4432373046875,291.3197326660156,67.83660650253296,0.053455550223588943,0.036262430250644684
50.1,1700,15.575735092163086,0.2733032703399658,16.967613220214844,25.294166564941406,10163.385597687984,429.181640625,290.878662109375,67.77518391609192,0.05354719236493111,0.036291711032390594
50.2,1700,15.55837631225586,0.27304038405418396,16.967363357543945,25.2930908203125,10163.097673340251,429.1570739746094,290.59063720703125,67.71195530891418,0.05354053154587746,0.03625333681702614
50.3,1700,15.512103080749512,0.2723180949687958,16.967388153076172,25.29657745361328,10163.187431132865,429.21685791015625,289.824462890625,67.52402186393738,0.05352240428328514,0.036140479147434235
50.4,1700,15.468731880187988,0.2716149389743805,16.967500686645508,25.285005569458008,10164.625887185906,429.0233459472656,289.1170349121094,67.389577627182,0.053503356873989105,0.03605568781495094
50.5,1700,15.437975883483887,0.27198660373687744,16.967689514160156,25.254220962524414,10166.341776416117,428.5057678222656,289.5615234375,67.57470369338989,0.05331501364707947,0.0360274612903595
50.6,1700,15.378071784973145,0.2716675400733948,16.96790313720703,25.226558685302734,10168.743088789915,428.04180908203125,289.2901611328125,67.58455634117126,0.053157951682806015,0.035926565527915955
50.7,1700,15.313943862915039,0.27106863260269165,16.9682674407959,25.16353416442871,10173.725229122738,426.9815673828125,288.7938232421875,67.63613224029541,0.053027257323265076,0.03586558625102043
50.8,1700,15.267668724060059,0.27000871300697327,16.96840476989746,25.09561538696289,10177.72702785053,425.8325500488281,287.7777404785156,67.58002042770386,0.053053680807352066,0.03585369139909744
50.9,1700,15.263256072998047,0.26975342631340027,16.968088150024414,25.047748565673828,10175.72787701506,425.0124206542969,287.4491882324219,67.63312816619873,0.053098972886800766,0.035912495106458664
51,1750,15.2703857421875,0.27007293701171875,16.967636108398438,25.034894943237305,10171.284283437915,424.7829895019531,287.6639709472656,67.72022247314453,0.0530841089785099,0.035948675125837326
51.1,1750,15.289144515991211,0.27496954798698425,16.95725440979004,25.6097469329834,10186.024378081936,434.27099609375,293.303955078125,67.53938794136047,0.052127301692962646,0.03520645946264267
51.2,1750,15.707796096801758,0.29050642251968384,16.941577911376953,27.41089630126953,10305.630716638238,464.38385009765625,313.51544189453125,67.51213669776917,0.05010214447975159,0.03382502868771553
51.3,1750,16.137052536010742,0.29879865050315857,16.94652557373047,28.69025993347168,10474.256466817344,486.2002258300781,327.7407531738281,67.40859746932983,0.04923724755644798,0.03319013863801956
51.4,1750,16.631656646728516,0.3041280508041382,16.951711654663086,29.526357650756836,10600.261253732762,500.5223083496094,337.5993957519531,67.4494206905365,0.04926447197794914,0.03322860226035118
51.5,1750,17.046558380126953,0.3081373870372772,16.954866409301758,30.155920028686523,10682.446752568829,511.2895812988281,344.70196533203125,67.41814613342285,0.04945303499698639,0.033340319991111755
51.6,1750,17.323041915893555,0.3112713396549225,16.957035064697266,30.619455337524414,10738.674764055504,519.2151489257812,350.0406188964844,67.41725206375122,0.04948866367340088,0.03336389735341072
51.7,1750,17.501253128051758,0.313401997089386,16.958887100219727,30.942035675048828,10781.069584309233,524.7424926757812,353.8280334472656,67.42888689041138,0.04946259781718254,0.033352080732584
51.8,1750,17.654630661010742,0.314695805311203,16.960357666015625,31.16507911682129,10813.980386372075,528.5708618164062,356.373291015625,67.42204427719116,0.0495397113263607,0.03340068832039833
51.9,1750,17.80949592590332,0.3158486485481262,16.961328506469727,31.33416175842285,10837.217163488242,531.468994140625,358.4473876953125,67.44464635848999,0.04968510568141937,0.03350994363427162
52,1750,17.982769012451172,0.31710657477378845,16.96150779724121,31.48941993713379,10850.56076676148,534.1080322265625,360.3180847167969,67.46164560317993,0.04990804195404053,0.03366878628730774
52.1,1750,18.159326553344727,0.31881022453308105,16.96139144897461,31.632516860961914,10856.374040940187,536.531494140625,362.4479675292969,67.55390167236328,0.05010188743472099,0.03384577855467796
52.2,1750,18.2012882232666,0.3200300335884094,16.9612979888916,31.800809860229492,10859.87342916647,539.3829956054688,363.9519958496094,67.47561693191528,0.050010133534669876,0.03374464437365532
52.3,1750,18.238033294677734,0.3207191228866577,16.961578369140625,31.924402236938477,10865.242577124585,541.4882202148438,364.9159851074219,67.3913061618805,0.04997871816158295,0.03368131071329117
52.4,1750,18.203960418701172,0.3213176429271698,16.961734771728516,32.047054290771484,10868.455206688754,543.5736083984375,365.7051086425781,67.27793216705322,0.04977770522236824,0.0334894098341465
52.5,1750,18.166879653930664,0.3215484619140625,16.962549209594727,32.110958099365234,10876.33057872632,544.6837158203125,366.23297119140625,67.2377347946167,0.04960470646619797,0.03335307911038399
52.6,1750,18.2001895904541,0.32173681259155273,16.962974548339844,32.1605110168457,10885.03475323853,545.5379028320312,366.74078369140625,67.22553372383118,0.049626849591732025,0.03336191549897194
52.7,1750,18.308658599853516,0.3221030831336975,16.963394165039062,32.162139892578125,10893.417198520076,545.5790405273438,367.4410095214844,67.34881401062012,0.04982747510075569,0.03355821222066879
52.8,1750,18.38434410095215,0.32170775532722473,16.963623046875,32.15209197998047,10898.036810625594,545.4159545898438,367.14569091796875,67.31480360031128,0.05007370561361313,0.033707015216350555
52.9,1750,18.264047622680664,0.32068145275115967,16.964054107666016,32.11753845214844,10904.520354034848,544.8436889648438,366.192138671875,67.21050143241882,0.04987558349967003,0.0335216298699379
53,1750,18.025781631469727,0.3191350996494293,16.96528434753418,31.99419593811035,10917.053805803336,542.7906494140625,364.84521484375,67.21656322479248,0.04940665513277054,0.03320945426821709
53.1,1750,17.981884002685547,0.3185568153858185,16.96504020690918,31.89424705505371,10920.309565735384,541.087158203125,364.2926940917969,67.32606291770935,0.04936108738183975,0.033232878893613815
53.2,1750,18.042530059814453,0.31821954250335693,16.965049743652344,31.80970001220703,10921.460097440695,539.6531372070312,363.9453430175781,67.44060516357422,0.0495748333632946,0.033433567732572556
53.3,1750,17.97084617614746,0.31689974665641785,16.965272903442383,31.697006225585938,10923.614284463403,537.7483520507812,362.50738525390625,67.4120843410492,0.049573738127946854,0.0334186889231205
53.4,1750,17.781187057495117,0.31515204906463623,16.9654483795166,31.566619873046875,10926.957470816827,535.5418701171875,360.6184997558594,67.33712553977966,0.04930747300386429,0.03320223465561867
53.5,1750,17.67015838623047,0.31493911147117615,16.964927673339844,31.485918045043945,10922.830943727873,534.1563110351562,360.2387390136719,67.44070053100586,0.04905124381184578,0.03308049961924553
53.6,1750,17.689926147460938,0.3153402805328369,16.96454429626465,31.44567108154297,10918.020159180947,533.4614868164062,360.53875732421875,67.58477687835693,0.049065254628658295,0.03316064551472664
53.7,1750,17.812551498413086,0.3167790472507477,16.96394920349121,31.43943214416504,10910.862849484285,533.3369140625,361.9463195800781,67.86447763442993,0.049213241785764694,0.033398307859897614
53.8,1750,17.898765563964844,0.3163089454174042,16.96371841430664,31.442602157592773,10904.913190088233,533.3834228515625,361.21209716796875,67.72090792655945,0.04955195263028145,0.03355703130364418
53.9,1750,17.78296661376953,0.3152015507221222,16.96397590637207,31.440532684326172,10903.843090690589,533.3564453125,359.9122009277344,67.48061180114746,0.049409180879592896,0.03334161639213562
54,1750,17.58216094970703,0.31411683559417725,16.964807510375977,31.380645751953125,10910.373261524579,532.3666381835938,358.888427734375,67.41377115249634,0.048990607261657715,0.03302641585469246
54.1,1750,17.5322322845459,0.31295546889305115,16.965389251708984,31.288732528686523,10918.104088545468,530.8255004882812,357.81488037109375,67.40725040435791,0.04899805411696434,0.03302823752164841
54.2,1750,17.645126342773438,0.31292855739593506,16.965085983276367,31.213926315307617,10919.619479849322,529.5469360351562,357.8337707519531,67.57357120513916,0.04931095987558365,0.03332117572426796
54.3,1750,17.68743896484375,0.3127761781215668,16.964317321777344,31.19333839416504,10912.82236700873,529.1737060546875,357.4368896484375,67.54623055458069,0.04948408901691437,0.03342463821172714
54.4,1750,17.479110717773438,0.31072404980659485,16.964967727661133,31.133012771606445,10916.328749348722,528.1705322265625,355.2058410644531,67.25211143493652,0.049208398908376694,0.033093687146902084
54.5,1750,17.374048233032227,0.31004390120506287,16.964841842651367,31.07782554626465,10916.178375903955,527.2304077148438,354.4234313964844,67.22363829612732,0.04902059584856033,0.032953426241874695
54.6,1750,17.410104751586914,0.31003427505493164,16.96448516845703,31.05106544494629,10911.448023664696,526.7653198242188,354.25885009765625,67.25174188613892,0.04914515092968941,0.03305096924304962
54.7,1750,17.52119255065918,0.3105393350124359,16.964200973510742,31.041608810424805,10908.199257846358,526.5960693359375,354.7303161621094,67.36288070678711,0.04939299449324608,0.03327254578471184
54.8,1750,17.54629135131836,0.3105648458003998,16.96402931213379,31.034053802490234,10904.898036175195,526.4625854492188,354.652099609375,67.36510396003723,0.04947466030716896,0.03332865610718727
54.9,1750,17.522018432617188,0.30963224172592163,16.963823318481445,31.034608840942383,10902.438439520478,526.4656372070312,353.5073547363281,67.14727878570557,0.04956620931625366,0.033282361924648285
55,1750,17.394649505615234,0.30923712253570557,16.963918685913086,31.04129981994629,10900.953356042703,526.5820922851562,353.0081481933594,67.03763008117676,0.04927549138665199,0.03303312137722969
55.1,1750,17.291492462158203,0.3090580999851227,16.96460723876953,30.997543334960938,10906.582451893708,525.8611450195312,352.9859619140625,67.12531447410583,0.048986345529556274,0.032882239669561386
55.2,1750,17.318382263183594,0.30896276235580444,16.964994430541992,30.9400577545166,10913.000716908336,524.8978881835938,353.0847473144531,67.26731657981873,0.04904880002140999,0.03299381211400032
55.3,1750,17.39229965209961,0.30875152349472046,16.965030670166016,30.85258674621582,10915.527923328917,523.4151000976562,352.925048828125,67.42737293243408,0.04928043484687805,0.03322850167751312
55.4,1750,17.371829986572266,0.3078880310058594,16.964468002319336,30.825170516967773,10910.576090822171,522.9326171875,351.7783508300781,67.27030277252197,0.04938288405537605,0.033220015466213226
55.5,1750,17.320430755615234,0.307762086391449,16.96384620666504,30.848066329956055,10903.499213433175,523.3018798828125,351.4063720703125,67.1517550945282,0.04928889125585556,0.03309835493564606
55.6,1750,17.314428329467773,0.30891382694244385,16.96358299255371,30.903223037719727,10897.837478384856,524.2293701171875,352.5382995605469,67.24886298179626,0.04911361262202263,0.033028341829776764
55.7,1750,17.394287109375,0.3099028468132019,16.96335792541504,30.953142166137695,10895.029341730253,525.0692138671875,353.5758361816406,67.33890175819397,0.04919534921646118,0.03312760591506958
55.8,1750,17.525049209594727,0.31092873215675354,16.96331024169922,31.000614166259766,10892.04518654728,525.873046875,354.6491394042969,67.44006872177124,0.04941517487168312,0.03332562744617462
55.9,1750,17.665470123291016,0.31226903200149536,16.962690353393555,31.083049774169922,10885.596613706573,527.2521362304688,355.967041015625,67.51362085342407,0.049626704305410385,0.03350478410720825
56,1800,17.697423934936523,0.3128400146961212,16.962657928466797,31.16846466064453,10883.241928757509,528.7000122070312,356.540771484375,67.43725538253784,0.049636464565992355,0.03347346931695938
56.1,1800,17.568309783935547,0.3173699676990509,16.95189666748047,31.859834671020508,10904.401454101777,540.0845947265625,362.40673828125,67.10184812545776,0.048476774245500565,0.03252881020307541
56.2,1800,17.894119262695312,0.33263200521469116,16.934528350830078,33.88078689575195,11026.321678610502,573.755126953125,384.0814208984375,66.94169640541077,0.04658938944339752,0.03118772804737091
56.3,1800,18.435556411743164,0.3415565490722656,16.939516067504883,35.38412094116211,11194.09181554574,599.389892578125,400.3871154785156,66.79911017417908,0.046044327318668365,0.030757203698158264
56.4,1800,19.02713966369629,0.3467833399772644,16.945348739624023,36.36220932006836,11320.107093631723,616.1702880859375,411.0904541015625,66.71701669692993,0.04628456011414528,0.030879676342010498
56.5,1800,19.527877807617188,0.3512459993362427,16.94791030883789,37.139591217041016,11397.620524509448,629.4384765625,419.2317810058594,66.60409569740295,0.04658014699816704,0.031024284660816193
56.6,1800,19.788497924804688,0.3547303080558777,16.950077056884766,37.780086517333984,11451.071872853216,640.3753662109375,425.3760681152344,66.42605066299438,0.04652000591158867,0.030901404097676277
56.7,1800,19.926000595092773,0.35814252495765686,16.95195960998535,38.282875061035156,11492.76378467908,648.9697265625,431.031494140625,66.41780734062195,0.046228643506765366,0.03070405125617981
56.8,1800,20.05717658996582,0.3614490330219269,16.953340530395508,38.687950134277344,11523.79317015391,655.8900146484375,436.1854248046875,66.50283336639404,0.04598314315080643,0.03058009222149849
56.9,1800,20.219242095947266,0.3621886670589447,16.95523452758789,38.93250274658203,11554.51714599673,660.1097412109375,438.2432861328125,66.38946533203125,0.04613702744245529,0.030630122870206833
57,1800,20.226659774780273,0.36240217089653015,16.956464767456055,39.093238830566406,11577.715455487489,662.8831176757812,439.38201904296875,66.28348231315613,0.04603433609008789,0.030513161793351173
57.1,1800,20.318021774291992,0.36430054903030396,16.9571590423584,39.227752685546875,11594.254203040622,665.1912231445312,442.3145751953125,66.4943516254425,0.045935679227113724,0.03054463304579258
57.2,1800,20.472177505493164,0.3645038604736328,16.957000732421875,39.377960205078125,11601.502436215516,667.7321166992188,442.8381042480469,66.31972789764404,0.04622948542237282,0.03065926767885685
57.3,1800,20.387277603149414,0.3649245500564575,16.957595825195312,39.484092712402344,11608.987303570933,669.5552978515625,443.6352233886719,66.25819206237793,0.04595504701137543,0.03044898249208927
57.4,1800,20.44730567932129,0.36602580547332764,16.958032608032227,39.56430435180664,11617.450181160146,670.9327392578125,445.29840087890625,66.3700520992279,0.045918211340904236,0.030475938692688942
57.5,1800,20.400096893310547,0.3640892505645752,16.95906639099121,39.55896759033203,11629.03942757777,670.8831787109375,443.3843078613281,66.08964800834656,0.04600996524095535,0.030407823622226715
57.6,1800,20.379295349121094,0.3650374710559845,16.959745407104492,39.51580047607422,11640.053990985549,670.1779174804688,444.9600830078125,66.39432311058044,0.04580027610063553,0.03040878288447857
57.7,1800,20.354650497436523,0.36259138584136963,16.960691452026367,39.42829895019531,11651.41243165074,668.731201171875,442.40972900390625,66.15658402442932,0.04600859433412552,0.030437715351581573
57.8,1800,20.23008918762207,0.3622265160083771,16.961149215698242,39.29256057739258,11660.63883331997,666.4469604492188,442.31451416015625,66.36905074119568,0.0457368865609169,0.030355136841535568
57.9,1800,20.29950714111328,0.3613162934780121,16.960369110107422,39.235511779785156,11658.715452049695,665.4487915039062,441.1302795410156,66.29064679145813,0.046017035841941833,0.030504988506436348
58,1800,20.213674545288086,0.36163562536239624,16.959712982177734,39.22162628173828,11651.238744493607,665.1875,441.23699951171875,66.33272171020508,0.045811377465724945,0.030387934297323227
58.1,1800,20.269147872924805,0.36263370513916016,16.959407806396484,39.22473907470703,11646.1878287093,665.2283325195312,442.2629699707031,66.48287773132324,0.045830532908439636,0.030469458550214767
58.2,1800,20.338022232055664,0.3615860641002655,16.95873260498047,39.28554153442383,11638.21104202294,666.2329711914062,440.6832275390625,66.14551544189453,0.046151112765073776,0.030526891350746155
58.3,1800,20.40169334411621,0.3644123077392578,16.95783805847168,39.391849517822266,11627.737356742075,668.0006103515625,443.72802734375,66.42629504203796,0.04597792401909828,0.030541429296135902
58.4,1800,20.49774742126465,0.36474287509918213,16.95775604248047,39.50230026245117,11622.24114905156,669.870361328125,443.9206237792969,66.26963019371033,0.04617435485124588,0.030599573627114296
58.5,1800,20.409770965576172,0.3647219240665436,16.958036422729492,39.593101501464844,11622.130408917817,671.4212646484375,443.8908996582031,66.11213088035583,0.045979250222444534,0.030397862195968628
58.6,1800,20.485736846923828,0.3661448061466217,16.958372116088867,39.64603805541992,11625.598323632405,672.332275390625,445.755615234375,66.29989743232727,0.045957330614328384,0.030469661578536034
58.7,1800,20.634382247924805,0.3655143678188324,16.957754135131836,39.73088073730469,11623.276277880654,673.7465209960938,444.8992004394531,66.03361964225769,0.04637990519404411,0.03062632866203785
58.8,1800,20.577537536621094,0.36662182211875916,16.957849502563477,39.8117790222168,11622.40317935251,675.1221313476562,446.2136535644531,66.09376668930054,0.04611588269472122,0.03047972545027733
58.9,1800,20.68122673034668,0.3673689663410187,16.958221435546875,39.8784065246582,11625.92005286307,676.266845703125,447.25830078125,66.13636612892151,0.046240005642175674,0.030581459403038025
59,1800,20.674894332885742,0.3673872649669647,16.9578857421875,39.949954986572266,11624.04912744562,677.466796875,447.2086181640625,66.01188778877258,0.0462309867143631,0.0305179450660944
59.1,1800,20.704113006591797,0.3695717751979828,16.95738983154297,40.076480865478516,11619.062324370323,679.592529296875,449.67474365234375,66.16829037666321,0.04604241997003555,0.03046548180282116
59.2,1800,20.7701473236084,0.36964353919029236,16.957366943359375,40.19068908691406,11618.867654872058,681.5282592773438,449.7545166015625,65.99205732345581,0.046181075274944305,0.030475841835141182
59.3,1800,20.539588928222656,0.3695455491542816,16.958955764770508,40.19527053833008,11631.106188179103,681.6697998046875,450.1089172363281,66.03034138679504,0.045632485300302505,0.03013128787279129
59.4,1800,20.63640594482422,0.36872607469558716,16.960044860839844,40.08980178833008,11645.219143960452,679.9248657226562,449.6557312011719,66.13315343856812,0.04589379206299782,0.03035101108253002
59.5,1800,20.553865432739258,0.3670414090156555,16.960086822509766,40.01674270629883,11651.836741215819,678.6874389648438,447.85565185546875,65.98849892616272,0.04589394852519035,0.030284728854894638
59.6,1800,20.605484008789062,0.36819988489151,16.9598388671875,39.964073181152344,11651.569799209217,677.7842407226562,449.2589111328125,66.28347039222717,0.045865498483181,0.03040124475955963
59.7,1800,20.63265037536621,0.36684221029281616,16.95931625366211,39.95766830444336,11647.62045633425,677.6547241210938,447.45062255859375,66.029292345047,0.0461115688085556,0.03044714219868183
59.8,1800,20.533763885498047,0.36809250712394714,16.95964813232422,39.93581771850586,11648.14268349127,677.2974243164062,448.99578857421875,66.29226207733154,0.045732639729976654,0.03031720407307148
59.9,1800,20.64763641357422,0.36733248829841614,16.959684371948242,39.89443588256836,11649.360824962447,676.5970458984375,448.1156005859375,66.23079180717468,0.04607658460736275,0.030516888946294785
60,1800,20.540678024291992,0.36746102571487427,16.959259033203125,39.88750457763672,11645.223806702927,676.4625244140625,448.1131896972656,66.24361276626587,0.045838143676519394,0.03036484308540821
60.1,1800,20.655797958374023,0.36864009499549866,16.95854949951172,39.92473220825195,11638.635351588018,677.0655517578125,449.2967224121094,66.3594126701355,0.04597362130880356,0.030507825314998627
60.2,1800,20.6929988861084,0.36806631088256836,16.95805549621582,40.013465881347656,11631.876706372832,678.5505981445312,448.3368835449219,66.0727322101593,0.04615502059459686,0.030495882034301758
60.3,1800,20.700572967529297,0.37046322226524353,16.957347869873047,40.137081146240234,11622.343729385975,680.6184692382812,450.88671875,66.24661684036255,0.04591080918908119,0.030414357781410217
60.4,1800,20.818666458129883,0.3712001442909241,16.95690155029297,40.28742980957031,11615.151449120762,683.1499633789062,451.5040283203125,66.0914957523346,0.04610959067940712,0.03047451749444008
60.5,1800,20.711406707763672,0.3701953887939453,16.9580078125,40.36807632446289,11620.65231955375,684.5621337890625,450.4951477050781,65.80778360366821,0.04597476124763489,0.030254969373345375
60.6,1800,20.723766326904297,0.37051835656166077,16.959444046020508,40.33036804199219,11635.820220819705,683.9805908203125,451.4767150878906,66.0072386264801,0.045902181416749954,0.030298762023448944
60.7,1800,20.6603946685791,0.36799192428588867,16.960189819335938,40.255924224853516,11648.470241150028,682.7481079101562,448.8857421875,65.74690341949463,0.04602595418691635,0.030260639265179634
60.8,1800,20.544635772705078,0.36805012822151184,16.960819244384766,40.1334342956543,11657.477493923008,680.6959228515625,449.30389404296875,66.00654721260071,0.04572547972202301,0.03018181025981903
60.9,1800,20.5601806640625,0.3664013743400574,16.960460662841797,40.0527229309082,11658.357586564862,679.3126220703125,447.3249206542969,65.84963798522949,0.04596251994371414,0.030266154557466507
61,1850,20.373014450073242,0.36613592505455017,16.960857391357422,39.9517822265625,11661.39536328628,677.616455078125,447.1173095703125,65.9838318824768,0.04556525498628616,0.03006570041179657
61.1,1850,20.456012725830078,0.3695206344127655,16.948200225830078,40.565731048583984,11682.922079600328,687.51611328125,452.0836486816406,65.75607657432556,0.04524829238653183,0.02975350245833397
61.2,1850,20.793685913085938,0.3840767443180084,16.92758560180664,42.77730178833008,11792.958139229984,724.116455078125,474.3177490234375,65.50296545028687,0.043839145451784134,0.028715942054986954
61.3,1850,21.36580467224121,0.39237305521965027,16.931732177734375,44.49372863769531,11941.919938713165,753.3558959960938,490.6840515136719,65.13310074806213,0.04354289546608925,0.028360838070511818
61.4,1850,21.7445068359375,0.39749252796173096,16.938425064086914,45.58616256713867,12060.498142554083,772.1577758789062,502.0220947265625,65.01547694206238,0.04331384226679802,0.02816070429980755
61.5,1850,22.11855125427246,0.40284019708633423,16.9428653717041,46.37300109863281,12144.013688680685,785.6915283203125,512.2991943359375,65.20360708236694,0.043175067752599716,0.028151698410511017
61.6,1850,22.339963912963867,0.40461641550064087,16.945554733276367,46.9795036315918,12203.175730868745,796.09375,517.0648193359375,64.95023965835571,0.043205346912145615,0.02806197665631771
61.7,1850,22.581546783447266,0.40902259945869446,16.946914672851562,47.49772262573242,12239.689667177903,804.9398803710938,524.259521484375,65.13027548789978,0.043073222041130066,0.028053706511855125
61.8,1850,22.6824951171875,0.40933164954185486,16.9487361907959,47.893272399902344,12267.816495463043,811.73046875,525.861328125,64.78275060653687,0.04313398897647858,0.027943383902311325
61.9,1850,22.754812240600586,0.41291651129722595,16.949678421020508,48.213993072509766,12292.195644485191,817.211669921875,531.5208740234375,65.04078507423401,0.04281076043844223,0.02784445323050022
62,1850,22.716297149658203,0.4120365381240845,16.951345443725586,48.408294677734375,12316.276377989041,820.5857543945312,531.4271850585938,64.7619366645813,0.04274583235383034,0.02768302708864212
62.1,1850,22.880447387695312,0.41326743364334106,16.95250701904297,48.528865814208984,12336.359975507574,822.6859130859375,533.8839111328125,64.8952305316925,0.042856596410274506,0.027811886742711067
62.2,1850,22.924100875854492,0.4140000343322754,16.951736450195312,48.71568298339844,12339.957281325798,825.8154296875,534.9862670898438,64.78279232978821,0.04284988343715668,0.027759352698922157
62.3,1850,23.119096755981445,0.4145010709762573,16.951244354248047,48.92873001098633,12339.103999453166,829.40283203125,535.5966796875,64.57618474960327,0.04316512122750282,0.027874387800693512
62.4,1850,23.175235748291016,0.4171290397644043,16.95113182067871,49.1278190612793,12337.742478650935,832.7721557617188,538.9329833984375,64.71553444862366,0.04300207644701004,0.027829023078083992
62.5,1850,23.26759147644043,0.4167582392692566,16.951251983642578,49.327816009521484,12339.106330824403,836.168212890625,538.513427734375,64.4025206565857,0.0432070791721344,0.027826447039842606
62.6,1850,23.487579345703125,0.41991597414016724,16.950706481933594,49.56095504760742,12336.187454036057,840.0932006835938,542.46533203125,64.57204222679138,0.043297845870256424,0.027958301827311516
62.7,1850,23.480566024780273,0.4203215539455414,16.950551986694336,49.8020133972168,12335.092875240429,844.171630859375,542.9411010742188,64.3164336681366,0.04324698820710182,0.027814919129014015
62.8,1850,23.620189666748047,0.42197832465171814,16.950956344604492,50.005592346191406,12337.332157313276,847.6426391601562,545.1801147460938,64.31721448898315,0.043325476348400116,0.027865741401910782
62.9,1850,23.584949493408203,0.4231196343898773,16.951412200927734,50.16339874267578,12340.40024186077,850.3404541015625,546.7905883789062,64.30255174636841,0.04313342273235321,0.027735890820622444
63,1850,23.677162170410156,0.42323315143585205,16.951305389404297,50.324310302734375,12344.983717712117,853.062744140625,547.1404418945312,64.13835883140564,0.043274376541376114,0.02775547467172146
63.1,1850,23.763473510742188,0.4259226322174072,16.951446533203125,50.47404861450195,12347.200851758218,855.608154296875,550.7161865234375,64.36547040939331,0.043150126934051514,0.0277737807482481
63.2,1850,23.732433319091797,0.4252864122390747,16.95156478881836,50.625850677490234,12350.586002793903,858.1873779296875,550.0443115234375,64.0937328338623,0.04314640164375305,0.027654139325022697
63.3,1850,23.812580108642578,0.42712709307670593,16.95200538635254,50.726966857910156,12355.140336504792,859.923828125,552.628662109375,64.26483988761902,0.04308965802192688,0.027691500261425972
63.4,1850,23.780677795410156,0.4280228316783905,16.952266693115234,50.82102584838867,12358.964951018594,861.5315551757812,553.9590454101562,64.29933309555054,0.042928583920001984,0.027602793648838997
63.5,1850,23.847543716430664,0.4276925325393677,16.952505111694336,50.898189544677734,12362.227705064352,862.851806640625,553.6776733398438,64.16833996772766,0.043071165680885315,0.02763805165886879
63.6,1850,23.856470108032227,0.4293667674064636,16.953283309936523,50.92572784423828,12370.117065329337,863.3582763671875,556.1998291015625,64.42282795906067,0.04289190471172333,0.027632178738713264
63.7,1850,23.81521987915039,0.4281599521636963,16.953350067138672,50.917442321777344,12374.11769837151,863.2212524414062,554.81591796875,64.27273750305176,0.04292454570531845,0.027588779106736183
63.8,1850,23.810203552246094,0.4278552532196045,16.953510284423828,50.93982696533203,12377.269712283525,863.60888671875,554.5623168945312,64.21452164649963,0.04293512925505638,0.027570586651563644
63.9,1850,23.693817138671875,0.42834559082984924,16.954557418823242,50.88290786743164,12385.492458635359,862.6972045898438,555.5667114257812,64.39880728721619,0.04264801740646362,0.027464812621474266
64,1850,23.554594039916992,0.42618104815483093,16.95521354675293,50.78211975097656,12393.269913080981,861.0216674804688,553.1063842773438,64.23838138580322,0.042586009949445724,0.02735656313598156
64.1,1850,23.557336807250977,0.424557626247406,16.955488204956055,50.663970947265625,12399.033062778099,859.0323486328125,551.2556762695312,64.171701669693,0.04273395612835884,0.027423107996582985
64.2,1850,23.511381149291992,0.42471742630004883,16.956077575683594,50.52227783203125,12406.242828327586,856.65966796875,551.7838134765625,64.4110918045044,0.042609766125679016,0.027445416897535324
64.3,1850,23.417823791503906,0.4234408736228943,16.956205368041992,50.37288284301758,12408.218665450688,854.1329345703125,550.2129516601562,64.41771984100342,0.042561378329992294,0.027417071163654327
64.4,1850,23.457984924316406,0.4218375086784363,16.955232620239258,50.309715270996094,12402.077833613226,853.012939453125,547.8583374023438,64.22626376152039,0.0428176112473011,0.027500152587890625
64.5,1850,23.587100982666016,0.42347681522369385,16.953868865966797,50.34004592895508,12388.828650875073,853.4585571289062,549.3997802734375,64.37334418296814,0.04293248802423477,0.02763707935810089
64.6,1850,23.614015579223633,0.4235701262950897,16.95252799987793,50.46518325805664,12373.587311415162,855.512451171875,548.8447875976562,64.15392756462097,0.043024942278862,0.027602188289165497
64.7,1850,23.678852081298828,0.42376118898391724,16.952939987182617,50.543190002441406,12370.034301650434,856.8556518554688,548.9346923828125,64.06384706497192,0.04313600808382034,0.02763458713889122
64.8,1850,23.49288558959961,0.424119770526886,16.95541763305664,50.45618438720703,12386.2956160264,855.5056762695312,550.1214599609375,64.30366039276123,0.042704906314611435,0.027460817247629166
64.9,1850,23.398494720458984,0.4208526313304901,16.956512451171875,50.28188705444336,12402.109307124922,852.60546875,546.5806274414062,64.10709619522095,0.04280886426568031,0.027443520724773407
65,1850,23.433149337768555,0.4195171594619751,16.95600128173828,50.151206970214844,12404.58056063582,850.3639526367188,544.9547119140625,64.08488154411316,0.043000176548957825,0.027556613087654114
65.1,1850,23.333999633789062,0.4201117753982544,16.955820083618164,50.06657791137695,12403.210880034261,848.9198608398438,545.6668701171875,64.27778601646423,0.042762354016304016,0.027486693114042282
65.2,1850,23.143537521362305,0.4183465242385864,16.95703125,49.89508819580078,12411.306566653693,846.0725708007812,543.728759765625,64.26502466201782,0.04256449267268181,0.027354080229997635
65.3,1850,23.24492835998535,0.4167553782463074,16.9560604095459,49.78955841064453,12406.92475441432,844.2347412109375,541.469482421875,64.13730978965759,0.04292934387922287,0.027533724904060364
65.4,1850,23.300477981567383,0.41808459162712097,16.95517349243164,49.75217819213867,12398.38960431677,843.5568237304688,542.82275390625,64.34928178787231,0.04292465001344681,0.02762170508503914
65.5,1850,23.160808563232422,0.4169297218322754,16.956130981445312,49.654510498046875,12401.426215352569,841.9483642578125,541.4559326171875,64.30987119674683,0.04277505725622177,0.027508584782481194
65.6,1850,23.15776824951172,0.41487905383110046,16.955820083618164,49.5640869140625,12399.789592744408,840.3997192382812,538.7216796875,64.10302519798279,0.042986515909433365,0.027555659413337708
65.7,1850,23.204294204711914,0.4161524474620819,16.95511245727539,49.561763763427734,12394.280562512091,840.3252563476562,540.1350708007812,64.27690386772156,0.042960166931152344,0.02761346660554409
65.8,1850,23.16307258605957,0.4165954291820526,16.954418182373047,49.58989334106445,12386.64299034067,840.7677612304688,540.3768310546875,64.27183151245117,0.042864665389060974,0.027549905702471733
65.9,1850,23.23592758178711,0.4161613881587982,16.95399284362793,49.624717712402344,12379.69433836969,841.3370971679688,539.5110473632812,64.12543058395386,0.04306849464774132,0.027617856860160828
66,1900,23.283308029174805,0.4187479615211487,16.953651428222656,49.68864059448242,12373.579151615833,842.4038696289062,542.5960693359375,64.41044211387634,0.04291094094514847,0.027639126405119896
66.1,1900,23.382694244384766,0.42324408888816833,16.938474655151367,50.636505126953125,12379.175608269526,857.7051391601562,548.6700439453125,63.9695405960083,0.04261704161763191,0.027261925861239433
66.2,1900,23.84550666809082,0.43858155608177185,16.914287567138672,53.410831451416016,12469.892760146287,903.4061889648438,572.7191162109375,63.395529985427856,0.041635602712631226,0.02639511227607727
66.3,1900,24.49599266052246,0.4512113630771637,16.91744613647461,55.72800827026367,12603.614385855175,942.7755737304688,595.5301513671875,63.1677508354187,0.0411330871284008,0.025982845574617386
66.4,1900,25.04505157470703,0.4586330056190491,16.924015045166016,57.40304183959961,12713.571178862785,971.4899291992188,610.6065673828125,62.85259127616882,0.041016675531864166,0.02578004263341427
66.5,1900,25.33299446105957,0.46476835012435913,16.929933547973633,58.64408493041992,12804.29299348202,992.8404541015625,623.1904296875,62.76843547821045,0.04065048694610596,0.02551567554473877
66.6,1900,25.523672103881836,0.4674069583415985,16.935197830200195,59.49039840698242,12882.151467302776,1007.481689453125,630.5393676757812,62.5856876373291,0.040479112416505814,0.025334130972623825
66.7,1900,25.599958419799805,0.46961408853530884,16.940196990966797,60.00848388671875,12951.880449621167,1016.5555419921875,636.9459228515625,62.65726685523987,0.04019172862172127,0.025183038786053658
66.8,1900,25.612581253051758,0.4701694846153259,16.94355010986328,60.3205451965332,13005.828380038352,1022.044189453125,640.3554077148438,62.65437602996826,0.03999744728207588,0.025060150772333145
66.9,1900,25.65571403503418,0.4703204035758972,16.945119857788086,60.528953552246094,13041.906349926248,1025.67041015625,642.3378295898438,62.62614727020264,0.039941150695085526,0.025013605132699013
67,1900,25.757335662841797,0.4705435037612915,16.945528030395508,60.7277717590332,13061.618093732528,1029.064208984375,643.6138305664062,62.543606758117676,0.04001985862851143,0.02502986416220665
67.1,1900,26.02140235900879,0.4727780520915985,16.943344116210938,61.09207534790039,13057.906550723705,1035.10400390625,646.4865112304688,62.45619058609009,0.040250495076179504,0.02513892389833927
67.2,1900,26.197784423828125,0.47655510902404785,16.9423885345459,61.501747131347656,13051.032502632303,1041.9864501953125,651.3082885742188,62.506407499313354,0.04022332280874252,0.025142153725028038
67.3,1900,26.244972229003906,0.47884485125541687,16.942209243774414,61.9246940612793,13048.233691462647,1049.14111328125,654.29736328125,62.36504912376404,0.040111690759658813,0.02501567453145981
67.4,1900,26.228492736816406,0.47916337847709656,16.943981170654297,62.19059371948242,13059.393965572719,1053.7562255859375,655.2926025390625,62.18635439872742,0.04002562165260315,0.0248904749751091
67.5,1900,26.199121475219727,0.4787416458129883,16.946563720703125,62.28404235839844,13081.23541700372,1055.50048828125,655.8108520507812,62.132686376571655,0.0399492047727108,0.024821514263749123
67.6,1900,26.137479782104492,0.4779646396636963,16.948593139648438,62.23995590209961,13105.21823291563,1054.879638671875,655.9468383789062,62.182146310806274,0.03984694927930832,0.024777688086032867
67.7,1900,26.072294235229492,0.4771413505077362,16.94977378845215,62.13322830200195,13123.19193946495,1053.1441650390625,655.7150268554688,62.26261258125305,0.03976162150502205,0.024756623432040215
67.8,1900,26.007009506225586,0.4761057496070862,16.95045280456543,61.96215057373047,13135.31390421016,1050.2864990234375,654.896240234375,62.354058027267456,0.03971164673566818,0.024761823937296867
67.9,1900,25.94953155517578,0.47540587186813354,16.950227737426758,61.852413177490234,13140.005788824014,1048.4124755859375,654.1671142578125,62.39596605300903,0.039668045938014984,0.02475126087665558
68,1900,25.93121337890625,0.47529593110084534,16.949804306030273,61.76365661621094,13137.937862537063,1046.8818359375,653.9129028320312,62.46291399002075,0.03965545445680618,0.024769950658082962
68.1,1900,25.899906158447266,0.47537752985954285,16.94955062866211,61.709022521972656,13135.197335648325,1045.940185546875,653.8887329101562,62.51683831214905,0.039609041064977646,0.024762319400906563
68.2,1900,25.912633895874023,0.47522369027137756,16.9486141204834,61.71097946166992,13129.623027021382,1045.91552734375,653.3997192382812,62.471556663513184,0.039658162742853165,0.024775072932243347
68.3,1900,25.930831909179688,0.4749108552932739,16.947771072387695,61.7733268737793,13119.236768161893,1046.920166015625,652.4530639648438,62.32118606567383,0.03974359482526779,0.024768680334091187
68.4,1900,25.97672462463379,0.47549670934677124,16.94684600830078,61.89242172241211,13109.960242011073,1048.88134765625,652.7960205078125,62.23735809326172,0.039793018251657486,0.024766122922301292
68.5,1900,26.05449104309082,0.4762154519557953,16.946439743041992,62.033329010009766,13102.631576528514,1051.2440185546875,653.4172973632812,62.15657591819763,0.03987419977784157,0.02478443644940853
68.6,1900,26.194019317626953,0.4776955544948578,16.946001052856445,62.185455322265625,13097.264759941636,1053.7947998046875,655.1796875,62.17336654663086,0.039979901164770126,0.024856850504875183
68.7,1900,26.312484741210938,0.4796697795391083,16.945161819458008,62.388572692871094,13088.249347369325,1057.1844482421875,657.4345703125,62.18730807304382,0.04002297297120094,0.024889208376407623
68.8,1900,26.341745376586914,0.4804687201976776,16.944705963134766,62.64390563964844,13082.659884829343,1061.4825439453125,658.2483520507812,62.01217174530029,0.04001794382929802,0.02481599524617195
68.9,1900,26.456079483032227,0.4814639985561371,16.944164276123047,62.913917541503906,13077.093736001727,1066.0238037109375,659.331298828125,61.84958219528198,0.04012562707066536,0.024817531928420067
69,1900,26.57227897644043,0.48300474882125854,16.944007873535156,63.19563674926758,13073.865952524518,1070.787353515625,661.2779541015625,61.75623536109924,0.04018322378396988,0.024815645068883896
69.1,1900,26.59120750427246,0.484317421913147,16.94550132751465,63.3630485534668,13082.746145565101,1073.7186279296875,663.5255126953125,61.79696321487427,0.0400756374001503,0.02476552687585354
69.2,1900,26.60463523864746,0.48492711782455444,16.946640014648438,63.42203903198242,13096.03263024304,1074.7904052734375,665.0355224609375,61.875832080841064,0.04000483453273773,0.024753322824835777
69.3,1900,26.60268783569336,0.4858035445213318,16.94626808166504,63.54205322265625,13099.414284221872,1076.8006591796875,666.4094848632812,61.887913942337036,0.03991943225264549,0.024705303832888603
69.4,1900,26.515806198120117,0.48480746150016785,16.947917938232422,63.52693557739258,13112.219340739433,1076.6492919921875,665.6931762695312,61.83008551597595,0.039831873029470444,0.024628080427646637
69.5,1900,26.479496002197266,0.4839370846748352,16.948463439941406,63.47688293457031,13121.414268896968,1075.8355712890625,664.9640502929688,61.80907487869263,0.039820943027734756,0.02461295761168003
69.6,1900,26.47434425354004,0.4834107458591461,16.948415756225586,63.437965393066406,13125.212072641549,1075.1729736328125,664.43310546875,61.79777979850769,0.03984501212835312,0.024623334407806396
69.7,1900,26.546648025512695,0.4836726784706116,16.94684410095215,63.516273498535156,13117.080249767947,1076.400390625,664.3812255859375,61.72249913215637,0.0399569496512413,0.024662429466843605
69.8,1900,26.620206832885742,0.4846561849117279,16.945968627929688,63.65549850463867,13107.274502346398,1078.7041015625,665.2344970703125,61.66978478431702,0.04001627489924431,0.024677950888872147
69.9,1900,26.683448791503906,0.4855499863624573,16.94651222229004,63.73868942260742,13105.694998333534,1080.1484375,666.3810424804688,61.69346570968628,0.04004232957959175,0.024703500792384148
70,1900,26.70464324951172,0.4862407445907593,16.946332931518555,63.82837677001953,13105.774264955582,1081.656982421875,667.3330688476562,61.69544458389282,0.040016964077949524,0.02468864433467388
70.1,1900,26.652481079101562,0.48606473207473755,16.94740104675293,63.8504524230957,13111.151572713025,1082.0992431640625,667.365234375,61.67320013046265,0.03993687406182289,0.0246303491294384
70.2,1900,26.637792587280273,0.48558953404426575,16.947952270507812,63.83213806152344,13119.049092777339,1081.823974609375,667.1143798828125,61.6657018661499,0.03992987424135208,0.02462303638458252
70.3,1900,26.5312442779541,0.4846535325050354,16.948524475097656,63.789180755615234,13125.561778327054,1081.1324462890625,666.1589965820312,61.61677837371826,0.039827194064855576,0.024540234357118607
70.4,1900,26.472415924072266,0.4830741882324219,16.94915771484375,63.6919059753418,13132.18636969613,1079.524169921875,664.3233032226562,61.53852939605713,0.039848692715168,0.02452230080962181
70.5,1900,26.425935745239258,0.48272275924682617,16.94947624206543,63.59806823730469,13136.58450153416,1077.9539794921875,664.0623779296875,61.60396337509155,0.03979435935616493,0.024514902383089066
70.6,1900,26.37770652770996,0.4819731116294861,16.949913024902344,63.48640441894531,13140.472063071355,1076.0889892578125,663.227294921875,61.63312792778015,0.03977174311876297,0.02451256848871708
70.7,1900,26.40163803100586,0.48152098059654236,16.94965934753418,63.37821578979492,13141.316019459038,1074.2391357421875,662.647705078125,61.68530583381653,0.039842646569013596,0.024577056989073753
70.8,1900,26.47442626953125,0.4819371998310089,16.948774337768555,63.343990325927734,13135.464277654926,1073.60302734375,662.9251708984375,61.74769997596741,0.039935771375894547,0.024659419432282448
70.9,1900,26.498279571533203,0.4826776385307312,16.9479923248291,63.36030960083008,13126.628380667842,1073.830078125,663.4970092773438,61.78790330886841,0.039937298744916916,0.02467641793191433
71,1950,26.477718353271484,0.48329076170921326,16.947946548461914,63.3797492980957,13122.900518060364,1074.1566162109375,664.1511840820312,61.83001399040222,0.03986700624227524,0.02464977465569973
71.1,1950,26.492977142333984,0.48643314838409424,16.936111450195312,64.02980041503906,13122.787446555383,1084.4158935546875,668.4637451171875,61.64275407791138,0.03963262960314751,0.024430643767118454
71.2,1950,26.805435180664062,0.49915388226509094,16.906524658203125,66.7938461303711,13198.023127734854,1129.2518310546875,689.87744140625,61.091554164886475,0.038855358958244324,0.023737341165542603
71.3,1950,27.339740753173828,0.5097818970680237,16.90471649169922,69.51699829101562,13325.247221807065,1175.1651611328125,711.358154296875,60.53261160850525,0.03843316063284874,0.02326459437608719
71.4,1950,27.786170959472656,0.5183190703392029,16.912179946899414,71.4392318725586,13439.956515080683,1208.193115234375,729.4972534179688,60.37919521331787,0.03808948025107384,0.02299812063574791
71.5,1950,28.044532775878906,0.5237632393836975,16.919147491455078,72.82282257080078,13531.774074181167,1232.10009765625,742.1956176757812,60.23825407028198,0.037785906344652176,0.022761570289731026
71.6,1950,28.326208114624023,0.5274841785430908,16.922388076782227,73.96955871582031,13598.227479911997,1251.7415771484375,751.1390991210938,60.00751852989197,0.037711001932621,0.02262943796813488
71.7,1950,28.517738342285156,0.5308393836021423,16.925336837768555,74.90087890625,13649.855695948669,1267.72265625,758.786865234375,59.854328632354736,0.037583332508802414,0.022495251148939133
71.8,1950,28.6036376953125,0.5332331657409668,16.928932189941406,75.5466079711914,13697.943724762412,1278.9234619140625,764.893798828125,59.807634353637695,0.03739556670188904,0.022365402430295944
71.9,1950,28.668458938598633,0.5345154404640198,16.931884765625,76.00387573242188,13737.495437792988,1286.888916015625,768.947021484375,59.75240468978882,0.03728274628520012,0.022277338430285454
72,1950,28.716445922851562,0.5352492332458496,16.933841705322266,76.33445739746094,13769.626396177156,1292.6356201171875,771.8036499023438,59.707748889923096,0.03720693290233612,0.022215422242879868
72.1,1950,28.769548416137695,0.5364630222320557,16.93398666381836,76.65315246582031,13787.363468545953,1298.04345703125,774.55029296875,59.670597314834595,0.03714355081319809,0.02216377854347229
72.2,1950,28.755630493164062,0.5372697710990906,16.935340881347656,76.88333892822266,13805.59362593131,1302.0455322265625,776.7407836914062,59.65542197227478,0.037020884454250336,0.02208496443927288
72.3,1950,28.826990127563477,0.5382136702537537,16.935583114624023,77.06509399414062,13814.400380777935,1305.142333984375,778.6017456054688,59.65646505355835,0.03702405095100403,0.02208723872900009
72.4,1950,28.92523765563965,0.5396470427513123,16.93496322631836,77.32132720947266,13816.096453352633,1309.433837890625,780.7711791992188,59.62662100791931,0.03704700991511345,0.02208988182246685
72.5,1950,28.87836456298828,0.5404125452041626,16.935985565185547,77.49788665771484,13824.017287129313,1312.5030517578125,782.3269653320312,59.60572361946106,0.036913421005010605,0.022002512589097023
72.6,1950,28.8742733001709,0.5407336354255676,16.937406539916992,77.56049346923828,13836.96688866355,1313.673583984375,783.5250854492188,59.64381694793701,0.036851752549409866,0.021979792043566704
72.7,1950,28.864715576171875,0.5413602590560913,16.93792724609375,77.59952545166016,13843.46325461461,1314.3751220703125,784.8013305664062,59.709084033966064,0.03677964583039284,0.02196078933775425
72.8,1950,28.8557071685791,0.5408379435539246,16.938383102416992,77.62039184570312,13852.42154859162,1314.763916015625,784.551513671875,59.6724271774292,0.03677987679839134,0.02194744348526001
72.9,1950,28.8597412109375,0.540113091468811,16.93854522705078,77.62423706054688,13856.31027581443,1314.8416748046875,783.719970703125,59.60565805435181,0.036824047565460205,0.02194921486079693
73,1950,28.880414962768555,0.5399478673934937,16.93782615661621,77.68309020996094,13854.476652336769,1315.78271484375,783.3765869140625,59.536927938461304,0.036866579204797745,0.021949227899312973
73.1,1950,28.88058090209961,0.5395625233650208,16.938241958618164,77.70459747314453,13855.18189213587,1316.1793212890625,782.8573608398438,59.47953462600708,0.03689124435186386,0.0219427403062582
73.2,1950,29.026033401489258,0.5407230854034424,16.935998916625977,77.88705444335938,13842.481747323958,1319.0950927734375,783.8220825195312,59.42119359970093,0.03703140467405319,0.02200450375676155
73.3,1950,29.112977981567383,0.542106032371521,16.934526443481445,78.16165924072266,13829.209250873439,1323.6307373046875,785.0733032226562,59.312111139297485,0.037083134055137634,0.02199479006230831
73.4,1950,29.221532821655273,0.543510377407074,16.933639526367188,78.45848846435547,13820.011991344667,1328.5877685546875,786.5835571289062,59.20448899269104,0.03714993968605995,0.02199443243443966
73.5,1950,29.13568878173828,0.5442039966583252,16.935121536254883,78.6497573852539,13824.989468935017,1331.9432373046875,787.87109375,59.15200114250183,0.0369802750647068,0.021874573081731796
73.6,1950,29.087892532348633,0.5441260933876038,16.937456130981445,78.6672134399414,13842.035289732132,1332.4224853515625,788.7295532226562,59.195154905319214,0.03687942400574684,0.021830832585692406
73.7,1950,29.11497688293457,0.5443757772445679,16.937997817993164,78.65892028808594,13851.082175816136,1332.3245849609375,789.6072387695312,59.26538109779358,0.036872733384370804,0.0218527652323246
73.8,1950,29.14223289489746,0.5450042486190796,16.93653106689453,78.75984954833984,13847.744817890803,1333.9185791015625,790.328369140625,59.24861431121826,0.036873575299978256,0.021847084164619446
73.9,1950,29.12409019470215,0.5452355146408081,16.936920166015625,78.8539047241211,13848.250725449167,1335.542236328125,790.6925659179688,59.2038631439209,0.03683364391326904,0.02180694043636322
74,1950,29.123708724975586,0.5445495247840881,16.938034057617188,78.83119201660156,13855.635343841408,1335.245361328125,790.118896484375,59.174054861068726,0.0368599072098732,0.021811502054333687
74.1,1950,29.153860092163086,0.5437939167022705,16.93772315979004,78.84668731689453,13858.675451934061,1335.4833984375,789.1956787109375,59.09438133239746,0.03694123402237892,0.02183019369840622
74.2,1950,29.252105712890625,0.5438812375068665,16.936555862426758,78.95416259765625,13853.985898691444,1337.2115478515625,789.0552978515625,59.00751352310181,0.0370723158121109,0.021875450387597084
74.3,1950,29.35457992553711,0.5455338954925537,16.93511962890625,79.11528015136719,13843.358342908958,1339.8267822265625,790.8458251953125,59.02597904205322,0.03711795434355736,0.021909235045313835
74.4,1950,29.329002380371094,0.5455119013786316,16.935091018676758,79.29037475585938,13838.749221974005,1342.7896728515625,790.5505981445312,58.873748779296875,0.03709946200251579,0.02184184268116951
74.5,1950,29.36147689819336,0.5461974143981934,16.935346603393555,79.4008560180664,13840.686591471702,1344.6810302734375,791.6549072265625,58.87306332588196,0.03708873316645622,0.021835273131728172
74.6,1950,29.420114517211914,0.5468598008155823,16.93439483642578,79.58052062988281,13834.659996824837,1347.64794921875,792.2698364257812,58.78908038139343,0.03713395819067955,0.021830711513757706
74.7,1950,29.428531646728516,0.5479990243911743,16.93423843383789,79.77454376220703,13832.485993146618,1350.921142578125,793.7955322265625,58.759576082229614,0.03707319125533104,0.021784048527479172
74.8,1950,29.434919357299805,0.548652708530426,16.934452056884766,79.93720245361328,13834.431522443641,1353.6927490234375,794.8541870117188,58.717477321624756,0.03703184798359871,0.02174416556954384
74.9,1950,29.523469924926758,0.5497228503227234,16.933578491210938,80.14450073242188,13830.590588331183,1357.1331787109375,796.1834106445312,58.66656303405762,0.037081241607666016,0.021754290908575058
75,1950,29.53765296936035,0.5508835315704346,16.933610916137695,80.35393524169922,13829.719821174276,1360.6822509765625,797.8142700195312,58.63339900970459,0.03702322021126747,0.021707972511649132
75.1,1950,29.55347442626953,0.5511714816093445,16.93476104736328,80.46073913574219,13837.483287392479,1362.5833740234375,798.6793823242188,58.61508250236511,0.03700292855501175,0.021689295768737793
75.2,1950,29.535438537597656,0.5510900616645813,16.93587303161621,80.49394226074219,13847.72733260653,1363.2352294921875,799.152587890625,58.62177014350891,0.036958448588848114,0.021665696054697037
75.3,1950,29.44667625427246,0.550105094909668,16.937944412231445,80.40673828125,13862.705227116694,1361.9248046875,798.5870971679688,58.63664746284485,0.0368734709918499,0.02162136696279049
75.4,1950,29.371170043945312,0.548141598701477,16.93956756591797,80.18009185791016,13877.578209921207,1358.216064453125,796.5903930664062,58.64975452423096,0.036871109157800674,0.021624814718961716
75.5,1950,29.29566764831543,0.5469150543212891,16.939172744750977,80.04301452636719,13883.47075072196,1355.8624267578125,795.1453857421875,58.6449921131134,0.036843158304691315,0.02160666696727276
75.6,1950,29.164430618286133,0.5462594628334045,16.939748764038086,79.88549041748047,13887.336164232403,1353.2401123046875,794.4133911132812,58.70453715324402,0.036711908876895905,0.021551556885242462
75.7,1950,29.216310501098633,0.5465412735939026,16.938762664794922,79.79126739501953,13884.918532259948,1351.5653076171875,794.684814453125,58.79736542701721,0.03676465153694153,0.021616647019982338
75.8,1950,29.237049102783203,0.5471682548522949,16.937667846679688,79.78801727294922,13874.803878149536,1351.4229736328125,795.0169067382812,58.82813334465027,0.0367753803730011,0.021634269505739212
75.9,1950,29.128803253173828,0.5462325811386108,16.938980102539062,79.6926040649414,13878.92341112478,1349.911376953125,793.89306640625,58.810752630233765,0.0366910919547081,0.021578306332230568
76,2000,29.145727157592773,0.5447395443916321,16.939285278320312,79.55159759521484,13880.804827712796,1347.5472412109375,791.8303833007812,58.76086354255676,0.03680804371833801,0.02162872441112995
76.1,2000,29.32330894470215,0.5491161942481995,16.91740608215332,80.68956756591797,13881.536878281118,1365.0582275390625,798.234375,58.47621560096741,0.036735210567712784,0.021481361240148544
76.2,2000,29.791122436523438,0.5651273727416992,16.87725830078125,84.47321319580078,13943.015137792836,1425.67626953125,825.1476440429688,57.87762999534607,0.0361039899289608,0.02089613489806652
76.3,2000,30.55933952331543,0.583750307559967,16.850303649902344,89.4637451171875,14070.34997199879,1507.4912109375,860.1231689453125,57.056593894958496,0.03552902862429619,0.020271653309464455
76.4,2000,31.24790382385254,0.5961946249008179,16.859725952148438,93.03229522705078,14209.861558174018,1568.4990234375,887.1693115234375,56.561678647994995,0.03522202745079994,0.019922170788049698
76.5,2000,31.68743324279785,0.604092001914978,16.872716903686523,95.44120788574219,14315.90514456083,1610.3525390625,905.62939453125,56.23795986175537,0.034989405423402786,0.019677327945828438
76.6,2000,31.91336441040039,0.6091458201408386,16.883813858032227,97.02677917480469,14398.361082460353,1638.18212890625,918.4656982421875,56.066155433654785,0.03474638611078262,0.019480962306261063
76.7,2000,31.943416595458984,0.6120633482933044,16.892980575561523,97.97273254394531,14464.955536151005,1655.051513671875,927.1331176757812,56.01838827133179,0.034453969448804855,0.019300557672977448
76.8,2000,32.00397491455078,0.6122941970825195,16.898590087890625,98.5197525024414,14515.258367639612,1664.844970703125,930.7081909179688,55.90359568595886,0.03438669070601463,0.019223397597670555
76.9,2000,32.091224670410156,0.6115844249725342,16.900007247924805,98.98735809326172,14542.55289639325,1672.8870849609375,931.3773803710938,55.674850940704346,0.03445566073060036,0.019183138385415077
77,2000,32.1636848449707,0.6136500239372253,16.899869918823242,99.4211196899414,14550.916690704904,1680.2039794921875,935.060546875,55.65160512924194,0.0343974344432354,0.019142726436257362
77.1,2000,32.250919342041016,0.6131771206855774,16.86298942565918,99.42510223388672,14539.77157050787,1676.6044921875,933.624267578125,55.6854248046875,0.03454378619790077,0.019235854968428612
77.2,2000,32.20401382446289,0.6112805008888245,16.805580139160156,99.20130157470703,14511.271722824858,1667.1353759765625,928.912109375,55.719053745269775,0.03466852381825447,0.01931697502732277
77.3,2000,32.23959732055664,0.6102848052978516,16.75362777709961,99.07698059082031,14477.288489993136,1659.8988037109375,925.2272338867188,55.73997497558594,0.034845057874917984,0.019422627985477448
77.4,2000,32.23924255371094,0.6091989278793335,16.702495574951172,99.00505828857422,14435.30748813392,1653.631591796875,920.9027709960938,55.689722299575806,0.035008300095796585,0.019496025517582893
77.5,2000,32.1055793762207,0.6080238223075867,16.681394577026367,98.97015380859375,14419.065990413466,1650.960205078125,918.09228515625,55.60959577560425,0.03496988117694855,0.019446609541773796
77.6,2000,31.841960906982422,0.6062050461769104,16.7043399810791,98.9573974609375,14443.90558525486,1653.01806640625,916.9228515625,55.4696261882782,0.03472697734832764,0.019262924790382385
77.7,2000,31.63729476928711,0.6049294471740723,16.759035110473633,98.95124053955078,14497.2217140669,1658.3272705078125,918.3709106445312,55.37935495376587,0.034449364989995956,0.019077835604548454
77.8,2000,31.589393615722656,0.6060240864753723,16.813228607177734,98.94444274902344,14547.236621207776,1663.5755615234375,923.2068481445312,55.495333671569824,0.034217026084661484,0.018988855183124542
77.9,2000,31.858245849609375,0.605343222618103,16.82476234436035,98.9372787475586,14555.465195987701,1664.59619140625,922.6912231445312,55.43033480644226,0.034527525305747986,0.019138723611831665
78,2000,32.02939987182617,0.6050809025764465,16.792848587036133,98.94135284423828,14522.15806081462,1661.5072021484375,920.180908203125,55.38230538368225,0.0348077192902565,0.019277317449450493
78.1,2000,32.13471221923828,0.6055180430412292,16.749921798706055,98.94429779052734,14476.888659826041,1657.3092041015625,917.9751586914062,55.38949370384216,0.0350060798227787,0.019389688968658447
78.2,2000,32.08497619628906,0.6049079895019531,16.720088958740234,98.9302749633789,14440.747742914755,1654.123046875,914.760986328125,55.30186891555786,0.035074710845947266,0.01939697191119194
78.3,2000,32.06716537475586,0.6057036519050598,16.71002197265625,98.92639923095703,14422.606177636391,1653.062255859375,914.8134765625,55.34053444862366,0.035053227096796036,0.0193986427038908
78.4,2000,32.067073822021484,0.606135904788971,16.69941520690918,98.9381103515625,14410.063400382958,1652.2086181640625,914.670166015625,55.36045432090759,0.03505862131714821,0.019408611580729485
78.5,2000,32.07640838623047,0.6063969135284424,16.686416625976562,98.9366226196289,14395.093665672122,1650.897705078125,914.1134643554688,55.37068843841553,0.03509018197655678,0.019429676234722137
78.6,2000,31.86543846130371,0.6061320900917053,16.698869705200195,98.93486785888672,14405.626800919521,1652.1004638671875,914.3828125,55.34668564796448,0.034849122166633606,0.01928783394396305
78.7,2000,31.71377182006836,0.605720579624176,16.739013671875,98.93730163574219,14446.50389849816,1656.11279296875,916.3549194335938,55.33167123794556,0.034608613699674606,0.019149523228406906
78.8,2000,31.792680740356445,0.6056004762649536,16.76569938659668,98.92717742919922,14469.916694142697,1658.5833740234375,917.6580200195312,55.327820777893066,0.034645456820726395,0.01916857622563839
78.9,2000,31.87289810180664,0.6057828068733215,16.768457412719727,98.94136047363281,14466.381169662245,1659.093994140625,917.7100219726562,55.31392693519592,0.034730903804302216,0.019211025908589363
79,2000,31.834829330444336,0.6052513718605042,16.76337242126465,98.95333862304688,14457.53944424707,1658.7916259765625,916.3445434570312,55.24168610572815,0.0347411148250103,0.019191578030586243
79.1,2000,31.855722427368164,0.6045749187469482,16.76522445678711,98.94346618652344,14457.30514143778,1658.8094482421875,915.3055419921875,55.17846345901489,0.034803375601768494,0.019203968346118927
79.2,2000,31.879348754882812,0.6038883924484253,16.764480590820312,98.93773651123047,14453.848883579376,1658.6397705078125,914.047607421875,55.108267068862915,0.034877121448516846,0.019220177084207535
79.3,2000,31.88650131225586,0.6031894087791443,16.771638870239258,98.94715118408203,14457.611716755408,1659.505859375,913.227294921875,55.03007173538208,0.03491628170013428,0.019214455038309097
79.4,2000,31.834550857543945,0.6028903126716614,16.782733917236328,98.94391632080078,14465.278431067287,1660.5494384765625,913.2584838867188,54.99736666679382,0.034858204424381256,0.01917109452188015
79.5,2000,31.792924880981445,0.6039446592330933,16.79277992248535,98.9543228149414,14473.07686785404,1661.7181396484375,915.3488159179688,55.08447885513306,0.0347331240773201,0.01913256198167801
79.6,2000,31.787567138671875,0.6047279238700867,16.80270004272461,98.9565200805664,14479.736429791668,1662.7366943359375,916.9577026367188,55.14749884605408,0.03466634079813957,0.01911761984229088
79.7,2000,31.80905532836914,0.6056762337684631,16.807085037231445,98.96744537353516,14480.36356865434,1663.354248046875,918.4354248046875,55.21585941314697,0.03463396057486534,0.019123440608382225
79.8,2000,31.73405647277832,0.6057195663452148,16.81523323059082,98.96765899658203,14486.113895809654,1664.164306640625,918.8658447265625,55.21485209465027,0.03453611582517624,0.019069064408540726
79.9,2000,31.810575485229492,0.6047217845916748,16.82388687133789,98.9548110961914,14492.209265908,1664.8045654296875,917.7382202148438,55.12588620185852,0.034661926329135895,0.019107693806290627
80,2000,31.927932739257812,0.6041408777236938,16.81659507751465,98.94763946533203,14480.44166959077,1663.96240234375,916.1121826171875,55.05605936050415,0.0348515547811985,0.019187893718481064
80.1,2000,32.09461975097656,0.6042418479919434,16.783300399780273,98.93193817138672,14443.565205054303,1660.4044189453125,913.931884765625,55.042725801467896,0.03511708229780197,0.01932939887046814
80.2,2000,32.193267822265625,0.6045604348182678,16.741783142089844,98.93191528320312,14398.041684600927,1656.296630859375,911.5316772460938,55.034321546554565,0.03531777113676071,0.019436897709965706
80.3,2000,32.2948112487793,0.6053194999694824,16.69216537475586,98.92460632324219,14342.572534451796,1651.265869140625,909.1600341796875,55.05836606025696,0.03552159294486046,0.019557608291506767
80.4,2000,32.212310791015625,0.6064420938491821,16.643198013305664,98.93274688720703,14289.331009519332,1646.5572509765625,907.4649658203125,55.112868547439575,0.0354970321059227,0.019563430920243263
80.5,1000,32.08134078979492,0.6055988073348999,16.625934600830078,98.93695831298828,14269.179802234934,1644.91943359375,904.9251098632812,55.01334071159363,0.03545193001627922,0.019503289833664894
80.6,1000,32.003597259521484,0.6046304106712341,16.63449478149414,98.94944763183594,14275.431374206139,1645.97412109375,903.8739013671875,54.91422414779663,0.03540714830160141,0.019443560391664505
80.7,1000,31.936716079711914,0.6043833494186401,16.6645565032959,98.94477844238281,14300.466804231417,1648.870849609375,905.0890502929688,54.891449213027954,0.03528571501374245,0.019368840381503105
80.8,1000,31.98534393310547,0.604427695274353,16.68600845336914,98.93849182128906,14319.508278807147,1650.8885498046875,906.3607177734375,54.90139126777649,0.035289861261844635,0.019374623894691467
80.9,1000,31.96713638305664,0.6050029993057251,16.69609832763672,98.93167877197266,14323.109081682225,1651.7730712890625,907.4515380859375,54.93803024291992,0.03522737696766853,0.019353225827217102
81,1000,31.908851623535156,0.6052322387695312,16.751388549804688,98.92755126953125,14338.941423750639,1657.173828125,908.798828125,54.84028458595276,0.035111017525196075,0.019254980608820915
81.1,1000,31.788742065429688,0.5973120331764221,17.03510284423828,95.30780029296875,14349.53750602143,1623.578125,897.56884765625,55.283379554748535,0.03541649505496025,0.019579434767365456
81.2,1000,30.895811080932617,0.5638731718063354,17.116987228393555,86.95397186279297,14200.231829280838,1488.3900146484375,838.504638671875,56.336355209350586,0.03684632107615471,0.020757872611284256
81.3,1000,29.385814666748047,0.5206705927848816,17.13853645324707,76.45996856689453,13887.246406439792,1310.4119873046875,757.1951293945312,57.78298377990723,0.03880877420306206,0.022424867376685143
81.4,1000,27.33570098876953,0.47187644243240356,17.138233184814453,65.60733032226562,13457.891754004599,1124.3936767578125,665.0188598632812,59.1446578502655,0.041105154901742935,0.024311503395438194
81.5,1000,26.708168029785156,0.4528384804725647,17.13494873046875,62.66998291015625,13290.273156199744,1073.846923828125,630.2398071289062,58.68991017341614,0.042377784848213196,0.02487148530781269
81.6,1000,26.708168029785156,0.4528384804725647,17.13494873046875,62.66998291015625,13290.273156199744,1073.846923828125,630.2398071289062,58.68991017341614,0.042377784848213196,0.02487148530781269
81.7,1000,26.708168029785156,0.4528384804725647,17.13494873046875,62.66998291015625,13290.273156199744,1073.846923828125,630.2398071289062,58.68991017341614,0.042377784848213196,0.02487148530781269
81.8,1000,26.708168029785156,0.4528384804725647,17.13494873046875,62.66998291015625,13290.273156199744,1073.846923828125,630.2398071289062,58.68991017341614,0.042377784848213196,0.02487148530781269
81.9,1000,26.708168029785156,0.4528384804725647,17.13494873046875,62.66998291015625,13290.273156199744,1073.846923828125,630.2398071289062,58.68991017341614,0.042377784848213196,0.02487148530781269
82,1000,26.708168029785156,0.4528384804725647,17.13494873046875,62.66998291015625,13290.273156199744,1073.846923828125,630.2398071289062,58.68991017341614,0.042377784848213196,0.02487148530781269
