Time (s),Powertrain 1 - ESC throttle (μs),Powertrain 1 - force Fz (thrust) (N),Powertrain 1 - torque MZ (torque) (N⋅m),Powertrain 1 - voltage (V),Powertrain 1 - current (A),Powertrain 1 - rotation speed (rpm),Powertrain 1 - electrical power (W),Powertrain 1 - mechanical power (W),Powertrain 1 - motor & ESC efficiency (%),Powertrain 1 - propeller efficiency (N/W),Powertrain 1 - powertrain efficiency (N/W)
0,1000,-0.04312628507614136,0.0038832707796245813,16.992265701293945,0.05158708989620209,0,0.8765815496444702,0,0,0,-0.04919825866818428
0.1,1000,-0.022433875128626823,0.002055103424936533,16.992185592651367,0.0309036523103714,0,0.5251206159591675,0,0,0,-0.042721375823020935
0.2,1000,-0.011556081473827362,0.001051815110258758,16.99216079711914,0.01977974735200405,0,0.33610063791275024,0,0,0,-0.03438280150294304
0.3,1000,-0.004939210135489702,0.0005181927117519081,16.99212646484375,-0.002469173865392804,0,-0.04195651412010193,0,0,0,0.11772212386131287
0.4,1000,-0.00249921134673059,0.00025730417110025883,16.992116928100586,0.0002724742516875267,2.9336009686487574,0.004629914183169603,0.00007904537778813392,1.7072752118110657,-5,-0.5397964715957642
0.5,1000,-0.0014762351056560874,0.00011957382957916707,16.992145538330078,-0.00763841113075614,46.011441846926395,-0.1297929883003235,0.0005761433858424425,-0.4438940901309252,-2.562270164489746,0.011373765766620636
0.6,1000,-0.0001631004415685311,0.00006327900337055326,16.992145538330078,-0.0026925012934952974,89.08929012457563,-0.04575137421488762,0.0005903556593693793,-1.2903561815619469,-0.2762748599052429,0.003564929822459817
0.7,1000,-0.00019127578707411885,0.00004376724609755911,16.99213409423828,-0.007295503746718168,132.16713840222488,-0.12396617978811264,0.0006057610153220594,-0.48865024000406265,-0.31576111912727356,0.0015429675113409758
0.8,1000,-0.00008921220432966948,-0.00002774561107798945,16.99212646484375,-0.00855956319719553,175.2449866798741,-0.14544518291950226,-0.0005091766943223774,0.3500815248116851,0.17520873248577118,0.0006133734132163227
0.9,1000,-0.00015835197700653225,-0.00005211719326325692,16.99213218688965,-0.011539534665644169,218.32282585060443,-0.19608129560947418,-0.0011915403883904219,0.6076767109334469,0.13289685547351837,0.0008075832738541067
1,1250,0.0008247410878539085,-0.00007529870345024392,16.992128372192383,-0.004497924819588661,261.40066502133476,-0.07642931491136551,-0.002061212668195367,2.6968875899910927,-0.4001242220401764,-0.010790899395942688
1.1,1250,0.007407693192362785,0.007954143919050694,16.991840362548828,0.013620229437947273,304.47852240590294,0.23143276572227478,0.25361722707748413,109.585702419281,0.029208164662122726,0.03200796991586685
1.2,1250,0.029694346711039543,0.020060529932379723,16.99080467224121,0.09144650399684906,347.5563433627955,1.553749680519104,0.7301233410835266,46.991053223609924,0.04067031666636467,0.019111409783363342
1.3,1250,0.07036509364843369,0.02936946414411068,16.989591598510742,0.2517165541648865,548.3905335920145,4.276561260223389,1.6866097450256348,39.43845331668854,0.041719842702150345,0.016453661024570465
1.4,1250,0.15626169741153717,0.03630366176366806,16.988624572753906,0.504873514175415,948.2895489925014,8.577106475830078,3.6051223278045654,42.03191697597504,0.04334435239434242,0.01821846328675747
1.5,1250,0.3104199469089508,0.04217183589935303,16.987770080566406,0.8200408816337585,1402.4707551612341,13.930665969848633,6.193625450134277,44.460368156433105,0.05011926218867302,0.02228320948779583
1.6,1250,0.5292035341262817,0.04793984070420265,16.987157821655273,1.1728827953338623,1880.9740646121668,19.9239444732666,9.442956924438477,47.39501476287842,0.0560421422123909,0.026561181992292404
1.7,1250,0.832963764667511,0.05352657660841942,16.986547470092773,1.5761873722076416,2368.325365038474,26.77398109436035,13.275150299072266,49.58227872848511,0.0627460852265358,0.031110940501093864
1.8,1250,1.1923402547836304,0.056015580892562866,16.987899780273438,1.9114303588867188,2845.204000158833,32.471187591552734,16.689790725708008,51.398766040802,0.07144130021333694,0.036719948053359985
1.9,1250,1.475663185119629,0.04784143716096878,16.992359161376953,1.8916966915130615,3197.6808117997057,32.14439010620117,16.020200729370117,49.838247895240784,0.09211265295743942,0.04590733349323273
2,1250,1.634671688079834,0.04009991139173508,16.99365234375,1.7724254131317139,3390.6489919039823,30.11998176574707,14.238192558288574,47.27158546447754,0.11480893194675446,0.05427200347185135
2.1,1250,1.7035222053527832,0.035293228924274445,16.99347496032715,1.68943190574646,3478.052973831992,28.709318161010742,12.854530334472656,44.77476477622986,0.13252310454845428,0.05933690816164017
2.2,1250,1.7257977724075317,0.03278317674994469,16.993083953857422,1.6398355960845947,3510.1498359118227,27.865863800048828,12.050506591796875,43.24468970298767,0.14321370422840118,0.06193232536315918
2.3,1250,1.7242964506149292,0.03164031356573105,16.992778778076172,1.5993207693099976,3517.478501394382,27.176904678344727,11.654693603515625,42.88455247879028,0.14794868230819702,0.06344712525606155
2.4,1250,1.716460108757019,0.031154703348875046,16.99258041381836,1.59429132938385,3516.0718102744395,27.091123580932617,11.471229553222656,42.343130707740784,0.14963173866271973,0.06335876137018204
2.5,1250,1.707141637802124,0.031118782237172127,16.99249839782715,1.5825304985046387,3512.222424941247,26.89114761352539,11.445459365844727,42.56218373775482,0.14915448427200317,0.06348340958356857
2.6,1250,1.703866958618164,0.031144313514232635,16.992414474487305,1.5816012620925903,3508.6018054106557,26.875225067138672,11.44304084777832,42.578402161598206,0.1488998383283615,0.06339917331933975
2.7,1250,1.7041943073272705,0.031238211318850517,16.992372512817383,1.5937755107879639,3506.288210879638,27.082027435302734,11.469972610473633,42.35271215438843,0.14857876300811768,0.06292713433504105
2.8,1250,1.7042207717895508,0.03123953938484192,16.992359161376953,1.5880494117736816,3504.3998001779128,26.98470687866211,11.464282989501953,42.48436987400055,0.14865480363368988,0.06315506249666214
2.9,1250,1.7030688524246216,0.031196022406220436,16.992406845092773,1.590171456336975,3503.053141867315,27.02083969116211,11.443913459777832,42.35217571258545,0.1488187462091446,0.06302797794342041
3,1250,1.7006677389144897,0.031204989179968834,16.992448806762695,1.5897908210754395,3502.3476106468097,27.01443862915039,11.444897651672363,42.36585199832916,0.1485961526632309,0.06295403093099594
3.1,1250,1.6982510089874268,0.03123362734913826,16.99249267578125,1.5906623601913452,3502.0430752790157,27.02931785583496,11.454404830932617,42.37770438194275,0.14826183021068573,0.06282996386289597
3.2,1250,1.6996523141860962,0.03125980123877525,16.99245834350586,1.5743480920791626,3502.0608519846955,26.752044677734375,11.464061737060547,42.85303056240082,0.14825917780399323,0.06353355199098587
3.3,1250,1.7045832872390747,0.03138565272092819,16.992406845092773,1.5829225778579712,3503.200018255227,26.89766502380371,11.513959884643555,42.80654191970825,0.1480449140071869,0.0633729100227356
3.4,1250,1.7083810567855835,0.03135665878653526,16.992395401000977,1.581552267074585,3503.195064091349,26.874361038208008,11.503307342529297,42.80402064323425,0.14851216971874237,0.06356918066740036
3.5,1250,1.7088332176208496,0.031241197139024734,16.992450714111328,1.5797475576400757,3502.7089731884976,26.843782424926758,11.459359169006348,42.689064145088196,0.14912118017673492,0.06365843862295151
3.6,1250,1.705531120300293,0.031170034781098366,16.992454528808594,1.5775184631347656,3502.0299613158095,26.805910110473633,11.43104076385498,42.64373183250427,0.14920173585414886,0.06362518668174744
3.7,1250,1.703265905380249,0.03109649382531643,16.9924373626709,1.590089201927185,3501.88133639947,27.01949119567871,11.403586387634277,42.20503866672516,0.14936229586601257,0.0630384162068367
3.8,1250,1.7018961906433105,0.03111344762146473,16.992450714111328,1.5769518613815308,3501.8944503626763,26.796276092529297,11.409846305847168,42.5799697637558,0.14916031062602997,0.0635124146938324
3.9,1250,1.7037731409072876,0.031256791204214096,16.99240493774414,1.582576036453247,3502.2488187906542,26.891773223876953,11.463573455810547,42.62855052947998,0.1486249566078186,0.0633566677570343
4,1250,1.7052013874053955,0.031295254826545715,16.99240493774414,1.596561312675476,3502.2269621853106,27.12941551208496,11.477608680725098,42.30687618255615,0.14856766164302826,0.0628543347120285
4.1,1250,1.7059520483016968,0.03120386227965355,16.992406845092773,1.5991793870925903,3502.208311215417,27.173906326293945,11.444028854370117,42.11403727531433,0.1490691900253296,0.06277904659509659
4.2,1250,1.705536127090454,0.03112637810409069,16.992412567138672,1.59907865524292,3502.064640462955,27.172204971313477,11.415143013000488,42.01036989688873,0.1494099646806717,0.06276767700910568
4.3,1250,1.7009276151657104,0.03106972575187683,16.992416381835938,1.594735860824585,3501.687249744015,27.09841537475586,11.393138885498047,42.04356074333191,0.14929403364658356,0.06276852637529373
4.4,1250,1.6991398334503174,0.031199203804135323,16.99245834350586,1.5847464799880981,3501.847531516538,26.92873764038086,11.441142082214355,42.486733198165894,0.1485113948583603,0.06309764087200165
4.5,1250,1.7000693082809448,0.03127225488424301,16.992429733276367,1.5815180540084839,3501.905232954646,26.87383460998535,11.468119621276855,42.67392158508301,0.14824308454990387,0.06326113641262054
4.6,1250,1.7023165225982666,0.031350091099739075,16.99238395690918,1.5793746709823608,3501.8874562489664,26.83734130859375,11.496604919433594,42.838093638420105,0.14807124435901642,0.06343089044094086
4.7,1250,1.7047741413116455,0.031249523162841797,16.99240493774414,1.5853583812713623,3501.838206031591,26.939050674438477,11.459564208984375,42.538854479789734,0.14876431226730347,0.06328263133764267
4.8,1250,1.7038532495498657,0.03121917136013508,16.99245262145996,1.5996860265731812,3502.2228822856464,27.182588577270508,11.449690818786621,42.121416330337524,0.1488121598958969,0.06268178671598434
4.9,1250,1.7003659009933472,0.031160764396190643,16.992456436157227,1.596848964691162,3502.2645555465024,27.13438606262207,11.42840576171875,42.11779832839966,0.14878416061401367,0.06266461312770844
5,1250,1.6995807886123657,0.031088991090655327,16.992450714111328,1.5980335474014282,3502.2721325030216,27.15450668334961,11.402107238769531,41.98974370956421,0.1490584760904312,0.06258927285671234
5.1,1250,1.700863242149353,0.031222911551594734,16.992412567138672,1.593491554260254,3502.0730916836883,27.077266693115234,11.450572967529297,42.288511991500854,0.14853957295417786,0.06281517446041107
5.2,1250,1.7058695554733276,0.03131043165922165,16.99235725402832,1.5906260013580322,3501.8250920683845,27.028484344482422,11.481856346130371,42.480579018592834,0.14857088029384613,0.06311377137899399
5.3,1250,1.70765221118927,0.031219590455293655,16.992353439331055,1.6045118570327759,3501.8621025867674,27.264432907104492,11.448665618896484,41.991209983825684,0.14915731549263,0.0626329630613327
5.4,1250,1.708357334136963,0.031152760609984398,16.99241065979004,1.6129871606826782,3501.7397055968404,27.408540725708008,11.423758506774902,41.67955815792084,0.14954423904418945,0.062329381704330444
5.5,1250,1.7056243419647217,0.031168190762400627,16.99243927001953,1.6099618673324585,3501.6324625199527,27.357179641723633,11.42906665802002,41.7772114276886,0.14923566579818726,0.06234649941325188
5.6,1250,1.7050070762634277,0.031155001372098923,16.99247169494629,1.619878888130188,3501.6581076035563,27.525745391845703,11.424314498901367,41.50410294532776,0.14924371242523193,0.061942264437675476
5.7,1250,1.705848217010498,0.031295422464609146,16.99244499206543,1.6177030801773071,3501.7356256971766,27.488731384277344,11.476059913635254,41.74823462963104,0.1486440747976303,0.062056273221969604
5.8,1250,1.7085627317428589,0.03133566677570343,16.992345809936523,1.623120665550232,3501.956814543258,27.58062744140625,11.49154281616211,41.665270924568176,0.14868001639842987,0.06194792687892914
5.9,1250,1.7107133865356445,0.03135088458657265,16.99237060546875,1.6110836267471313,3502.10369093117,27.376129150390625,11.49760627746582,41.99865162372589,0.1487886607646942,0.062489233911037445
6,1300,1.7097550630569458,0.03130850940942764,16.99241065979004,1.6217212677001953,3502.1409928709572,27.55695343017578,11.482187271118164,41.667115688323975,0.14890499413013458,0.0620444156229496
6.1,1300,1.741076946258545,0.03946873918175697,16.988317489624023,1.8608367443084717,3536.3011184952657,31.612485885620117,14.616086959838867,46.23517096042633,0.11912059783935547,0.05507561191916466
6.2,1300,1.9290342330932617,0.05438975244760513,16.985151290893555,2.3950300216674805,3717.4961652756233,40.67994689941406,21.173673629760742,52.049416303634644,0.09110531210899353,0.04741978272795677
6.3,1300,2.1780803203582764,0.05557062849402428,16.989845275878906,2.554513454437256,3946.6652951005326,43.400787353515625,22.966997146606445,52.918386459350586,0.09483522176742554,0.050185270607471466
6.4,1300,2.3402082920074463,0.05278690904378891,16.992380142211914,2.52693247795105,4100.813812742556,42.9385986328125,22.668611526489258,52.79308557510376,0.1032356321811676,0.05450127646327019
6.5,1300,2.4338228702545166,0.050124313682317734,16.99289894104004,2.4875235557556152,4183.570497531614,42.27023696899414,21.959585189819336,51.95046663284302,0.11083190888166428,0.057577695697546005
6.6,1300,2.48032546043396,0.04803790524601936,16.992801666259766,2.4500880241394043,4222.798149960289,41.63386154174805,21.242860794067383,51.02304220199585,0.11676042526960373,0.05957471951842308
6.7,1300,2.4920945167541504,0.046630654484033585,16.992664337158203,2.4127519130706787,4239.053927329568,40.99908447265625,20.699939727783203,50.48878788948059,0.12039139121770859,0.06078415364027023
6.8,1300,2.489217758178711,0.045871276408433914,16.992467880249023,2.406312942504883,4244.437063515104,40.88919448852539,20.388700485229492,49.86329674720764,0.12208810448646545,0.060877151787281036
6.9,1300,2.4844679832458496,0.04545364901423454,16.99237632751465,2.4008963108062744,4245.715820638432,40.796932220458984,20.20916175842285,49.53598082065582,0.12293770909309387,0.06089840084314346
7,1300,2.4833149909973145,0.04528089612722397,16.99233627319336,2.3974976539611816,4244.958999250719,40.73908615112305,20.128765106201172,49.40897524356842,0.12337145209312439,0.060956571251153946
7.1,1300,2.4839954376220703,0.045551806688308716,16.992290496826172,2.3863675594329834,4244.2919356556185,40.54985046386719,20.24601173400879,49.9286949634552,0.1226906105875969,0.06125782057642937
7.2,1300,2.4871582984924316,0.045764461159706116,16.992334365844727,2.395603895187378,4242.6640556895945,40.70690155029297,20.332725524902344,49.9490886926651,0.12232290953397751,0.061099179089069366
7.3,1300,2.489704132080078,0.04619187116622925,16.992231369018555,2.406003713607788,4241.508569820407,40.88337326049805,20.517030715942383,50.18429160118103,0.12134816497564316,0.060897719115018845
7.4,1300,2.4933836460113525,0.04662170633673668,16.992298126220703,2.4111382961273193,4242.168639301796,40.97077941894531,20.71117401123047,50.55108666419983,0.12038832902908325,0.06085760518908501
7.5,1300,2.4952900409698486,0.04704580083489418,16.992403030395508,2.4127306938171387,4242.31435000409,40.99809265136719,20.900291442871094,50.97869038581848,0.11939020454883575,0.060863565653562546
7.6,1300,2.495316505432129,0.0469767302274704,16.992446899414062,2.4116694927215576,4242.37088575658,40.980167388916016,20.869884490966797,50.92679262161255,0.11956541985273361,0.06089083477854729
7.7,1300,2.4938414096832275,0.04692399129271507,16.99244499206543,2.3937113285064697,4242.549527077592,40.67500686645508,20.847332000732422,51.25342011451721,0.11962401121854782,0.06131139397621155
7.8,1300,2.492708921432495,0.046646106988191605,16.99239730834961,2.399963140487671,4242.680666709656,40.7811279296875,20.72451400756836,50.81888437271118,0.12027827650308609,0.061124082654714584
7.9,1300,2.490774393081665,0.0462847575545311,16.992328643798828,2.390087604522705,4242.74507084007,40.613155364990234,20.564281463623047,50.634533166885376,0.12112139165401459,0.061329253017902374
8,1300,2.484487295150757,0.04587855190038681,16.992290496826172,2.3850131034851074,4242.816469084194,40.52683639526367,20.38414764404297,50.2979040145874,0.12188330292701721,0.06130474433302879
8.1,1300,2.476062297821045,0.04571546986699104,16.992258071899414,2.3792338371276855,4242.71651154242,40.42855453491211,20.31121063232422,50.239765644073486,0.12190618366003036,0.0612453818321228
8.2,1300,2.4722023010253906,0.04528108611702919,16.992311477661133,2.3756678104400635,4242.720591442085,40.36808776855469,20.118234634399414,49.83697831630707,0.12288365513086319,0.061241500079631805
8.3,1300,2.4695944786071777,0.04529301077127457,16.992183685302734,2.395498752593994,4241.2209368940785,40.70475387573242,20.11642074584961,49.420320987701416,0.12276510149240494,0.06067090854048729
8.4,1300,2.468937635421753,0.0454530343413353,16.99216079711914,2.412860631942749,4241.8256363085975,40.999717712402344,20.190372467041016,49.24514889717102,0.12228292226791382,0.060218408703804016
8.5,1300,2.475743055343628,0.04580136016011238,16.992177963256836,2.4125263690948486,4242.107149385429,40.994075775146484,20.34644889831543,49.63265657424927,0.12167936563491821,0.060392700135707855
8.6,1300,2.480786085128784,0.04607556760311127,16.99219512939453,2.419395685195923,4242.212643933889,41.110843658447266,20.468769073486328,49.789223074913025,0.12119859457015991,0.06034383922815323
8.7,1300,2.4838860034942627,0.046359315514564514,16.992225646972656,2.420950412750244,4242.474923198018,41.13733673095703,20.59609603881836,50.06667375564575,0.12059984356164932,0.06038033217191696
8.8,1300,2.486340045928955,0.04676467180252075,16.992246627807617,2.430128335952759,4242.479294519087,41.293338775634766,20.77620506286621,50.31369924545288,0.11967247724533081,0.06021164730191231
8.9,1300,2.4883759021759033,0.04692240059375763,16.992279052734375,2.4246184825897217,4242.883496007249,41.19979476928711,20.8482666015625,50.6028413772583,0.11935649067163467,0.06039777398109436
9,1300,2.4903724193573,0.046857986599206924,16.99228858947754,2.404845714569092,4242.787326943735,40.86383056640625,20.81917381286621,50.947678089141846,0.11961917579174042,0.06094319373369217
9.1,1300,2.49104380607605,0.046862296760082245,16.992271423339844,2.410372734069824,4242.791115421995,40.957706451416016,20.821107864379883,50.83562731742859,0.1196403056383133,0.060819901525974274
9.2,1300,2.4918041229248047,0.046549826860427856,16.992191314697266,2.4132308959960938,4242.617428264861,41.006080627441406,20.681428909301758,50.435030460357666,0.1204850971698761,0.06076669692993164
9.3,1300,2.488947868347168,0.04605882614850998,16.9921932220459,2.405254364013672,4242.709226007306,40.870548248291016,20.463727951049805,50.069618225097656,0.12162729352712631,0.060898326337337494
9.4,1300,2.4838812351226807,0.045793429017066956,16.992185592651367,2.403703451156616,4242.743322311642,40.844173431396484,20.345975875854492,49.81365501880646,0.1220821812748909,0.060813598334789276
9.5,1300,2.47869873046875,0.04554871469736099,16.99216651916504,2.4161667823791504,4242.768967395245,41.055908203125,20.23737335205078,49.2922306060791,0.12248124927282333,0.060373738408088684
9.6,1300,2.4742085933685303,0.045380719006061554,16.992183685302734,2.4198999404907227,4242.821714669476,41.119384765625,20.162982940673828,49.03522431850433,0.1227104440331459,0.06017134338617325
9.7,1300,2.4703917503356934,0.04530985280871391,16.99212646484375,2.428771495819092,4242.654438783243,41.26999282836914,20.13070297241211,48.77806305885315,0.12271761149168015,0.059859272092580795
9.8,1300,2.472904920578003,0.045676350593566895,16.99210548400879,2.418914556503296,4242.569052311699,41.10245132446289,20.29312515258789,49.37205612659454,0.12185924500226974,0.06016441434621811
9.9,1300,2.47586989402771,0.04596295952796936,16.992109298706055,2.42545223236084,4243.155683599133,41.21355056762695,20.42328453063965,49.55478012561798,0.12122780829668045,0.06007417291402817
10,1300,2.4767005443573,0.04615741968154907,16.992155075073242,2.4262266159057617,4243.032120923588,41.2268180847168,20.509092330932617,49.74696934223175,0.12076109647750854,0.06007498502731323
10.1,1300,2.4777088165283203,0.04661131277680397,16.99216651916504,2.4269344806671143,4243.113427495468,41.23887634277344,20.71116828918457,50.22243857383728,0.11963153630495071,0.06008187308907509
10.2,1300,2.4771180152893066,0.04695480316877365,16.992198944091797,2.4306814670562744,4243.037657930276,41.3026237487793,20.863420486450195,50.51354765892029,0.11873019486665726,0.05997483432292938
10.3,1300,2.475649118423462,0.046806808561086655,16.992229461669922,2.418646812438965,4243.241070070677,41.098201751708984,20.798660278320312,50.60722827911377,0.11902926117181778,0.06023740768432617
10.4,1300,2.4742414951324463,0.04672105982899666,16.992210388183594,2.409271001815796,4243.170546090767,40.938838958740234,20.760211944580078,50.71030855178833,0.11918189376592636,0.060437507927417755
10.5,1300,2.4712369441986084,0.046504806727170944,16.99217414855957,2.4147462844848633,4243.001813097511,41.03178787231445,20.663299560546875,50.359249114990234,0.11959546059370041,0.060227375477552414
10.6,1300,2.466278076171875,0.04608864337205887,16.99217414855957,2.405087471008301,4243.138198314858,40.8676643371582,20.479045867919922,50.1106321811676,0.12042934447526932,0.06034790724515915
10.7,1300,2.4599344730377197,0.04538806155323982,16.99221420288086,2.4017364978790283,4242.202444184728,40.810821533203125,20.163301467895508,49.4067519903183,0.12200058251619339,0.06027652323246002
10.8,1300,2.454341411590576,0.04530017822980881,16.992130279541016,2.4047882556915283,4241.474764937474,40.86247634887695,20.120807647705078,49.24030601978302,0.12198026478290558,0.06006345525383949
10.9,1300,2.45019268989563,0.04516217112541199,16.99212646484375,2.405858278274536,4241.94715903431,40.88064956665039,20.061744689941406,49.07393753528595,0.12213258445262909,0.05993527173995972
11,1350,2.4487240314483643,0.045088112354278564,16.992143630981445,2.395421028137207,4242.3711771779845,40.703338623046875,20.030847549438477,49.21180605888367,0.12224764376878738,0.06016027554869652
11.1,1350,2.4888758659362793,0.05360213667154312,16.98719596862793,2.706012487411499,4276.52926285246,45.96756362915039,24.00502586364746,52.22166180610657,0.10368145257234573,0.05414417386054993
11.2,1350,2.7444894313812256,0.0697813630104065,16.98351287841797,3.35597825050354,4456.644593328823,56.996299743652344,32.566871643066406,57.13857412338257,0.08427242934703827,0.04815206304192543
11.3,1350,3.0880022048950195,0.0720067024230957,16.988914489746094,3.566438913345337,4682.001056917517,60.58992385864258,35.30474090576172,58.268338441848755,0.08746706694364548,0.050965603440999985
11.4,1350,3.454631805419922,0.06964541971683502,16.99185562133789,3.565861701965332,4832.850101416804,60.590606689453125,35.247188568115234,58.17269682884216,0.0980115532875061,0.05701596289873123
11.5,1350,3.7312216758728027,0.07082074135541916,16.99254035949707,3.5312259197235107,4914.732230570696,60.00449752807617,36.44927978515625,60.74424386024475,0.10236749798059464,0.06218236684799194
11.6,1350,3.7874855995178223,0.07070052623748779,16.992416381835938,3.5124948024749756,4954.661625741617,59.68577575683594,36.68303680419922,61.46026849746704,0.1032489687204361,0.06345709413290024
11.7,1350,3.9391307830810547,0.06813503056764603,16.99241828918457,3.50652813911438,4972.379464297711,59.58439254760742,35.47834396362305,59.54301357269287,0.11102916300296783,0.06611011177301407
11.8,1350,3.9807024002075195,0.0708884447813034,16.992328643798828,3.5112805366516113,4979.71512389398,59.664833068847656,36.96651840209961,61.956965923309326,0.10768399387598038,0.0667177364230156
11.9,1350,3.9154324531555176,0.07106997817754745,16.992223739624023,3.497629165649414,4982.897445632072,59.432498931884766,37.084869384765625,62.39830255508423,0.10558032244443893,0.06588032841682434
12,1350,3.9728074073791504,0.06763646006584167,16.99236297607422,3.489652395248413,4983.985030313992,59.29743957519531,35.300933837890625,59.53197479248047,0.11254113912582397,0.0669979602098465
12.1,1350,4.0088067054748535,0.07001633197069168,16.992496490478516,3.4769248962402344,4983.348565966373,59.081634521484375,36.53837585449219,61.843883991241455,0.10971496999263763,0.06785199791193008
12.2,1350,3.9239838123321533,0.07200973480939865,16.992197036743164,3.488739252090454,4982.505192421498,59.28134536743164,37.57228469848633,63.37960958480835,0.10443826019763947,0.06619255989789963
12.3,1350,3.927259683609009,0.06754792481660843,16.992389678955078,3.4764931201934814,4982.607189913103,59.07392501831055,35.24497985839844,59.66249704360962,0.11142748594284058,0.06648042798042297
12.4,1350,4.01596212387085,0.06790231168270111,16.99236488342285,3.4663901329040527,4981.869310916689,58.902164459228516,35.424644470214844,60.14149785041809,0.11336633563041687,0.06818021088838577
12.5,1350,3.9258954524993896,0.07237520813941956,16.99227523803711,3.475278615951538,4982.4544850971,59.05289077758789,37.76259231567383,63.9470636844635,0.10396255552768707,0.06648100167512894
12.6,1350,3.8962976932525635,0.069671630859375,16.99220085144043,3.4729983806610107,4982.942324528379,59.013885498046875,36.35552978515625,61.60504221916199,0.10717208683490753,0.06602340191602707
12.7,1350,4.026401042938232,0.06756825000047684,16.992294311523438,3.4689998626708984,4983.330497839289,58.946266174316406,35.260704040527344,59.8183810710907,0.11418946832418442,0.06830629706382751
12.8,1350,3.9423694610595703,0.07127444446086884,16.992206573486328,3.473147392272949,4983.59044573218,59.01643753051758,37.19673538208008,63.027751445770264,0.10598698258399963,0.06680121272802353
12.9,1350,3.8906922340393066,0.06984981149435043,16.992143630981445,3.482797861099243,4984.133072387522,59.18020248413086,36.45721435546875,61.603736877441406,0.10671940445899963,0.06574314087629318
13,1350,3.9983503818511963,0.06771727651357651,16.992313385009766,3.474515199661255,4984.439647705148,59.0400505065918,35.34634017944336,59.868407249450684,0.1131192222237587,0.06772267818450928
13.1,1350,3.9441726207733154,0.07048462331295013,16.992372512817383,3.4577395915985107,4985.556957370335,58.75519943237305,36.79905700683594,62.63114809989929,0.1071813553571701,0.06712891161441803
13.2,1350,3.8740124702453613,0.06968384981155396,16.99222183227539,3.468360424041748,4985.484102019188,58.935150146484375,36.38045120239258,61.729633808135986,0.10648610442876816,0.06573347747325897
13.3,1350,3.9589459896087646,0.06706003099679947,16.992290496826172,3.4598779678344727,4984.7164980395055,58.79125213623047,35.00522232055664,59.5415472984314,0.11309587210416794,0.06733903288841248
13.4,1350,3.9620954990386963,0.06937208771705627,16.992252349853516,3.458622694015503,4984.408174193452,58.76979064941406,36.20987319946289,61.61307096481323,0.10942031443119049,0.067417211830616
13.5,1350,3.887827157974243,0.07129150629043579,16.992116928100586,3.464097738265991,4983.799686300674,58.86235427856445,37.20719909667969,63.210517168045044,0.10449125617742538,0.0660494714975357
13.6,1350,3.926464080810547,0.06713609397411346,16.99220085144043,3.4592885971069336,4982.87121770566,58.78092575073242,35.031951904296875,59.5974862575531,0.11208236217498779,0.06679826974868774
13.7,1350,3.9972190856933594,0.06862103939056396,16.99231719970703,3.4461138248443604,4982.1041965687855,58.55746078491211,35.801292419433594,61.13874316215515,0.11165013164281845,0.06826148182153702
13.8,1350,3.904773712158203,0.07171604037284851,16.992286682128906,3.4588510990142822,4982.111773525305,58.77378845214844,37.41608810424805,63.661181926727295,0.10436081886291504,0.06643733382225037
13.9,1350,3.8935487270355225,0.06866985559463501,16.99222755432129,3.4677093029022217,4982.566973759271,58.92410659790039,35.8300895690918,60.80718636512756,0.10866700857877731,0.0660773515701294
14,1350,4.006236553192139,0.06745178252458572,16.99233055114746,3.4730000495910645,4982.566390916461,59.014366149902344,35.19452667236328,59.63722467422485,0.11383123695850372,0.06788578629493713
14.1,1350,3.9254965782165527,0.07167331129312515,16.992280960083008,3.470625638961792,4982.773300113718,58.973846435546875,37.39876174926758,63.41584324836731,0.1049632802605629,0.06656334549188614
14.2,1350,3.876572847366333,0.06952133029699326,16.992231369018555,3.4720475673675537,4982.870052020041,58.99783706665039,36.276573181152344,61.48797273635864,0.10686160624027252,0.06570703536272049
14.3,1350,3.995779514312744,0.06805184483528137,16.99232292175293,3.4671576023101807,4983.11076610023,58.915061950683594,35.511505126953125,60.275763273239136,0.11252070963382721,0.06782271713018417
14.4,1350,3.9333243370056152,0.0711764320731163,16.992351531982422,3.4615895748138428,4983.4493977723605,58.8205451965332,37.14453125,63.14890384674072,0.10589241981506348,0.06686990708112717
14.5,1350,3.8768739700317383,0.06998321413993835,16.991575241088867,3.463826894760132,4983.67612362513,58.85587692260742,36.523494720458984,62.055814266204834,0.106147401034832,0.06587063521146774
14.6,1350,3.975050210952759,0.06821414083242416,16.991209030151367,3.4451534748077393,4983.095612187191,58.537322998046875,35.59608459472656,60.80921292304993,0.11167099326848984,0.06790625303983688
14.7,1350,3.9705889225006104,0.07045658677816391,16.991029739379883,3.4396657943725586,4983.276293458035,58.44346237182617,36.76759338378906,62.91138529777527,0.1079915389418602,0.06793897598981857
14.8,1350,3.9029664993286133,0.07149854302406311,16.990859985351562,3.4373819828033447,4982.730169745839,58.404075622558594,37.30724334716797,63.877809047698975,0.10461685061454773,0.0668269544839859
14.9,1350,3.955423355102539,0.06773662567138672,16.9907283782959,3.4482550621032715,4982.6608114515475,58.58836364746094,35.34382247924805,60.32566428184509,0.11191272735595703,0.06751209497451782
15,1350,4.017042636871338,0.06845635175704956,16.990747451782227,3.446688652038574,4982.480130180703,58.56181716918945,35.71806716918945,60.99207401275635,0.1124652847647667,0.06859491020441055
15.1,1350,3.929277181625366,0.07262995094060898,16.9906005859375,3.4522879123687744,4982.768637371245,58.65644454956055,37.89789581298828,64.60994482040405,0.10368061810731888,0.06698798388242722
15.2,1350,3.9216861724853516,0.06878484040498734,16.99060821533203,3.465977191925049,4982.6281722542335,58.889060974121094,35.890525817871094,60.94599962234497,0.10926800221204758,0.06659447401762009
15.3,1350,4.038096904754639,0.06773174554109573,16.990697860717773,3.4616241455078125,4982.861892220712,58.81541061401367,35.34270095825195,60.09088754653931,0.11425547301769257,0.06865712255239487
15.4,1350,3.947950839996338,0.07211320847272873,16.990650177001953,3.4742918014526367,4983.5455668358745,59.03047561645508,37.63412857055664,63.753730058670044,0.10490347445011139,0.06687987595796585
15.5,1350,3.915518045425415,0.06903228908777237,16.990615844726562,3.4875996112823486,4983.568880548241,59.256465911865234,36.02643966674805,60.79748272895813,0.10868456214666367,0.06607748568058014
15.6,1350,4.039739608764648,0.06715412437915802,16.99090003967285,3.4795734882354736,4983.057727404595,59.12108612060547,35.04267120361328,59.27271842956543,0.11528057605028152,0.06832993030548096
15.7,1350,3.971595525741577,0.07097919285297394,16.99074935913086,3.4751222133636475,4981.798786936778,59.04492950439453,37.02933120727539,62.71381974220276,0.10725539922714233,0.06726395338773727
15.8,1350,3.9248433113098145,0.06945948302745819,16.99068260192871,3.4795427322387695,4981.354077873379,59.11980438232422,36.233272552490234,61.28787398338318,0.10832151770591736,0.06638795882463455
15.9,1350,4.018832683563232,0.0682036429643631,16.990642547607422,3.469212532043457,4980.290389746635,58.944149017333984,35.57057189941406,60.3462278842926,0.11298195272684097,0.06818034499883652
16,1400,3.997661828994751,0.07033047825098038,16.990671157836914,3.4729719161987305,4980.57598272313,59.00812530517578,36.6818962097168,62.164145708084106,0.10898187756538391,0.06774765253067017
16.1,1400,3.973721981048584,0.07962597161531448,16.98470115661621,3.8164052963256836,5014.966039835658,64.82050323486328,41.81685256958008,64.5117700099945,0.09502680599689484,0.06130347400903702
16.2,1400,4.2856316566467285,0.09170136600732803,16.980093002319336,4.599956035614014,5192.15899646682,78.10768127441406,49.860015869140625,63.8349711894989,0.08595327287912369,0.054868247359991074
16.3,1400,4.426919937133789,0.09299559146165848,16.986530303955078,4.86128044128418,5416.6811205741815,82.57628631591797,52.75021743774414,63.88058662414551,0.08392231166362762,0.05361006408929825
16.4,1400,4.554667949676514,0.08811530470848083,16.99012565612793,4.864256381988525,5570.237469922084,82.64432525634766,51.39888381958008,62.192875146865845,0.08861414343118668,0.055111683905124664
16.5,1400,4.673684597015381,0.08500728756189346,16.991100311279297,4.828095436096191,5653.6836577543945,82.03465270996094,50.328765869140625,61.350613832473755,0.09286309033632278,0.05697207525372505
16.6,1400,4.6553053855896,0.08350903540849686,16.991107940673828,4.787626266479492,5695.383729379588,81.34707641601562,49.806392669677734,61.22702360153198,0.09346803277730942,0.05722769349813461
16.7,1400,4.71648645401001,0.08203620463609695,16.99101448059082,4.744213581085205,5713.901811112677,80.60900115966797,49.08705139160156,60.895246267318726,0.0960841253399849,0.0585106685757637
16.8,1400,4.669431209564209,0.08177933096885681,16.990869522094727,4.733360290527344,5722.581506226903,80.42390441894531,49.00768280029297,60.93670725822449,0.09527957439422607,0.058060240000486374
16.9,1400,4.705397605895996,0.08107151091098785,16.99079132080078,4.72286319732666,5725.995216560237,80.24518585205078,48.612491607666016,60.579949617385864,0.0967940017580986,0.05863775685429573
17,1400,4.677131652832031,0.08117527514696121,16.99075698852539,4.715577125549316,5726.287220807634,80.12122344970703,48.67719268798828,60.754430294036865,0.09608466178178787,0.05837568640708923
17.1,1400,4.675933361053467,0.08082178980112076,16.990676879882812,4.724637508392334,5725.865825456601,80.27478790283203,48.46165466308594,60.36970615386963,0.09648728370666504,0.0582490898668766
17.2,1400,4.672262668609619,0.08096717298030853,16.99078941345215,4.72824239730835,5725.220618466845,80.3365707397461,48.543357849121094,60.424983501434326,0.09624926745891571,0.05815860256552696
17.3,1400,4.652060031890869,0.0806860402226448,16.990676879882812,4.729509353637695,5723.857349136186,80.3575668334961,48.36328887939453,60.185110569000244,0.09618990123271942,0.05789199844002724
17.4,1400,4.667764186859131,0.0806833803653717,16.99073028564453,4.7211079597473145,5724.338194453755,80.21507263183594,48.36575698852539,60.29509902000427,0.09650968760251999,0.058190613985061646
17.5,1400,4.6152424812316895,0.08060704171657562,16.99072265625,4.727479457855225,5723.986740239822,80.32329559326172,48.3170280456543,60.1531982421875,0.09551999717950821,0.05745833367109299
17.6,1400,4.651246070861816,0.08030316978693008,16.99077606201172,4.711517333984375,5724.2845729153105,80.05233764648438,48.137386322021484,60.13239622116089,0.09662439674139023,0.0581025667488575
17.7,1400,4.600311279296875,0.08060508966445923,16.99064064025879,4.705047607421875,5724.502556125942,79.9417724609375,48.320213317871094,60.44425964355469,0.09520469605922699,0.057545773684978485
17.8,1400,4.636441230773926,0.08047329634428024,16.990617752075195,4.706777572631836,5723.933118701379,79.97106170654297,48.23640823364258,60.31733155250549,0.09611912071704865,0.05797648802399635
17.9,1400,4.586237907409668,0.08079316467046738,16.990633010864258,4.711096286773682,5724.015882380281,80.04450988769531,48.42884063720703,60.502392053604126,0.09470055252313614,0.05729609727859497
18,1400,4.638249397277832,0.08046098053455353,16.990636825561523,4.69559383392334,5723.958763784982,79.7811279296875,48.22924041748047,60.451942682266235,0.09617089480161667,0.05813717469573021
18.1,1400,4.597829818725586,0.0809650644659996,16.990507125854492,4.7117533683776855,5720.60683478942,80.0550765991211,48.50297546386719,60.58700680732727,0.09479479491710663,0.05743332952260971
18.2,1400,4.6248860359191895,0.08094628155231476,16.99041748046875,4.734889030456543,5719.68885736497,80.44773864746094,48.483943939208984,60.26762127876282,0.09539005905389786,0.05748932063579559
18.3,1400,4.629825592041016,0.08097747713327408,16.99074363708496,4.715189456939697,5720.824818000051,80.11457824707031,48.51226043701172,60.553598403930664,0.09543619304895401,0.05779005214571953
18.4,1400,4.615078449249268,0.08068070560693741,16.99060821533203,4.711910247802734,5723.5414483336135,80.05821990966797,48.357421875,60.40281653404236,0.09543681889772415,0.057646527886390686
18.5,1400,4.634972095489502,0.08045165240764618,16.990766525268555,4.720682144165039,5726.3385109748415,80.2080078125,48.24369812011719,60.14823317527771,0.09607414156198502,0.05778690055012703
18.6,1400,4.586668968200684,0.080333411693573,16.990707397460938,4.710208892822266,5726.979638064933,80.02977752685547,48.17818832397461,60.2003276348114,0.09520218521356583,0.057312026619911194
18.7,1400,4.634410381317139,0.07987277209758759,16.990808486938477,4.708487033843994,5726.8007053225165,80.0009994506836,47.90043258666992,59.87479090690613,0.096750907599926,0.05792940407991409
18.8,1400,4.593855857849121,0.08006847649812698,16.990705490112305,4.708820819854736,5726.250501710656,80.00618743896484,48.013187408447266,60.011839866638184,0.09567904472351074,0.05741875618696213
18.9,1400,4.6474289894104,0.07969749718904495,16.99066734313965,4.707093238830566,5725.434521777812,79.97665405273438,47.78391647338867,59.74733233451843,0.0972592681646347,0.058109819889068604
19,1400,4.608427047729492,0.0800929144024849,16.990541458129883,4.700819492340088,5724.376079236351,79.86946868896484,48.01211929321289,60.1132333278656,0.09598466008901596,0.05769948288798332
19.1,1400,4.661120891571045,0.07992850989103317,16.990509033203125,4.695855140686035,5723.238370072842,79.78496551513672,47.9040412902832,60.04143953323364,0.09730120003223419,0.05842104181647301
19.2,1400,4.647587776184082,0.08049449324607849,16.99048614501953,4.700132846832275,5722.037713885943,79.8575439453125,48.23313522338867,60.398972034454346,0.09635674208402634,0.058198481798172
19.3,1400,4.6690192222595215,0.08028355240821838,16.990497589111328,4.707191467285156,5722.204989772176,79.97752380371094,48.10814666748047,60.15207767486572,0.09705257415771484,0.05837913975119591
19.4,1400,4.658656597137451,0.08058604598045349,16.9905948638916,4.715762615203857,5723.573504688118,80.12361145019531,48.30095672607422,60.28304696083069,0.09645060449838638,0.05814336612820625
19.5,1400,4.624416828155518,0.08046256750822067,16.990510940551758,4.714299201965332,5723.620132112852,80.09835052490234,48.22734069824219,60.210150480270386,0.09588786959648132,0.057734232395887375
19.6,1400,4.637633800506592,0.08044038712978363,16.99065589904785,4.7269511222839355,5724.538692380111,80.31400299072266,48.22178268432617,60.04156470298767,0.0961730033159256,0.057743776589632034
19.7,1400,4.597242832183838,0.08033159375190735,16.990629196166992,4.720823764801025,5724.1161313434595,80.20976257324219,48.153011322021484,60.03384590148926,0.09547156095504761,0.05731524899601936
19.8,1400,4.643044948577881,0.08045368641614914,16.990493774414062,4.710773468017578,5722.492331277099,80.03836822509766,48.2125129699707,60.23675203323364,0.09630373120307922,0.05801023915410042
19.9,1400,4.606314182281494,0.08073516935110092,16.990562438964844,4.730644702911377,5721.629723919521,80.37631225585938,48.3739013671875,60.18427610397339,0.09522312134504318,0.0573093481361866
20,1400,4.661235809326172,0.08063095808029175,16.990507125854492,4.739380359649658,5720.127738000278,80.52447509765625,48.29878234863281,59.98024940490723,0.09650835394859314,0.057885948568582535
20.1,1400,4.617953300476074,0.08101381361484528,16.990535736083984,4.73617696762085,5721.136056060151,80.47018432617188,48.53667068481445,60.31634211540222,0.09514359384775162,0.05738713592290878
20.2,1400,4.661920547485352,0.08084297925233841,16.990514755249023,4.737126350402832,5720.314247699214,80.48621368408203,48.42736053466797,60.168516635894775,0.0962662473320961,0.05792197585105896
20.3,1400,4.631493091583252,0.08138994127511978,16.990554809570312,4.734605312347412,5720.4179937192475,80.44357299804688,48.75589370727539,60.60881018638611,0.09499350190162659,0.05757443606853485
20.4,1400,4.667613983154297,0.08106523007154465,16.990591049194336,4.740935325622559,5721.632638133567,80.5512924194336,48.57168960571289,60.29908061027527,0.0960974171757698,0.0579458586871624
20.5,1400,4.6489787101745605,0.08139853179454803,16.990642547607422,4.746838092803955,5722.141459905976,80.6518325805664,48.77573013305664,60.47690510749817,0.09531336277723312,0.05764257162809372
20.6,1400,4.657312870025635,0.08110501617193222,16.990577697753906,4.740793228149414,5723.009895691646,80.54881286621094,48.60722351074219,60.34505367279053,0.09581524133682251,0.057819757610559464
20.7,1400,4.668642997741699,0.08127033710479736,16.99064826965332,4.74935245513916,5724.1161313434595,80.694580078125,48.71571731567383,60.37049889564514,0.09583442658185959,0.057855721563100815
20.8,1400,4.638622760772705,0.08112695813179016,16.990589141845703,4.752074718475342,5724.43319783165,80.74054718017578,48.63246536254883,60.233014822006226,0.09538119286298752,0.05745096877217293
20.9,1400,4.681254863739014,0.08098902553319931,16.990772247314453,4.755458831787109,5725.729440239254,80.79891967773438,48.56077575683594,60.100775957107544,0.09639991819858551,0.05793709680438042
21,1450,4.63167667388916,0.08107204735279083,16.990646362304688,4.7475666999816895,5725.505628600531,80.66423034667969,48.6086540222168,60.2604866027832,0.09528502076864243,0.05741921439766884
21.1,1450,4.721648216247559,0.08930807560682297,16.98371696472168,5.161749362945557,5758.339495412562,87.66568756103516,53.85383224487305,61.43091320991516,0.08767525106668472,0.05385970324277878
21.2,1450,5.015155792236328,0.10463239252567291,16.978214263916016,6.067694187164307,5933.110740171604,103.01861572265625,65.00955963134766,63.10467720031738,0.07714489847421646,0.048682037740945816
21.3,1450,5.440643310546875,0.1078980565071106,16.985031127929688,6.411189556121826,6149.256247425512,108.89425659179688,69.48080444335938,63.80575895309448,0.07830426841974258,0.04996262863278389
21.4,1450,5.66728401184082,0.10683688521385193,16.988704681396484,6.468999862670898,6294.674362628912,109.8999252319336,70.42439270019531,64.08047080039978,0.08047331124544144,0.0515676774084568
21.5,1450,5.814046382904053,0.105278380215168,16.989839553833008,6.483144283294678,6378.115887718749,110.1475830078125,70.31697845458984,63.83888125419617,0.08268339186906815,0.05278414860367775
21.6,1450,5.931241035461426,0.10386378318071365,16.990215301513672,6.456610679626465,6420.900046969006,109.69920349121094,69.83749389648438,63.6627197265625,0.08492917567491531,0.054068222641944885
21.7,1450,5.995070457458496,0.10341023653745651,16.990320205688477,6.446665287017822,6443.43274997169,109.5309066772461,69.77654266357422,63.70489001274109,0.0859181359410286,0.05473405122756958
21.8,1450,6.004598140716553,0.10365570336580276,16.99030876159668,6.446043491363525,6454.109264550147,109.52027130126953,70.05806732177734,63.968127965927124,0.08570887893438339,0.054826363921165466
21.9,1450,5.980456352233887,0.10384251922369003,16.990154266357422,6.456803321838379,6459.212053344469,109.70208740234375,70.23981475830078,64.02778625488281,0.08514339476823807,0.054515428841114044
22,1450,5.997935771942139,0.10350769758224487,16.99010467529297,6.478182792663574,6461.2514203337705,110.06500244140625,70.03544616699219,63.63098621368408,0.08564142882823944,0.05449448525905609
22.1,1450,6.039585590362549,0.10338035970926285,16.99020767211914,6.488967418670654,6462.6636484604,110.2489013671875,69.9645767211914,63.460564613342285,0.08632347732782364,0.054781366139650345
22.2,1450,6.046658039093018,0.10360309481620789,16.990333557128906,6.480424404144287,6463.656229764424,110.10456848144531,70.12608337402344,63.690441846847534,0.08622551709413528,0.054917410016059875
22.3,1450,5.996779918670654,0.10373839735984802,16.990354537963867,6.481377601623535,6464.975203041586,110.12090301513672,70.23199462890625,63.777172565460205,0.08538530021905899,0.054456327110528946
22.4,1450,5.957210540771484,0.10341860353946686,16.99044418334961,6.464762210845947,6465.4968473557965,109.83917999267578,70.0211410522461,63.74878287315369,0.08507730811834335,0.054235752671957016
22.5,1450,5.975297927856445,0.10280610620975494,16.99030303955078,6.467055797576904,6465.654797757083,109.87723541259766,69.60813903808594,63.35083246231079,0.08584193885326385,0.054381582885980606
22.6,1450,6.007081031799316,0.10274183005094528,16.99036407470703,6.438963890075684,6466.154294044545,109.40033721923828,69.56999969482422,63.59211802482605,0.0863458588719368,0.05490916222333908
22.7,1450,5.985950469970703,0.10310903191566467,16.990392684936523,6.4466400146484375,6466.224818024455,109.53094482421875,69.81940460205078,63.74399662017822,0.0857347697019577,0.054650768637657166
22.8,1450,5.943595886230469,0.10315272212028503,16.990306854248047,6.4454851150512695,6466.288347890655,109.51077270507812,69.84967041015625,63.7833833694458,0.0850912481546402,0.054274074733257294
22.9,1450,5.943130016326904,0.10277124494314194,16.990209579467773,6.44314432144165,6466.411327723391,109.47037506103516,69.59268188476562,63.57216238975525,0.08539877831935883,0.05428984761238098
23,1450,5.9850263595581055,0.10250017791986465,16.990192413330078,6.447824954986572,6465.204260265591,109.54978942871094,69.39616394042969,63.34669589996338,0.08624433726072311,0.05463293567299843
23.1,1450,6.004335880279541,0.10276012122631073,16.990262985229492,6.446877956390381,6464.1807882926805,109.53414916992188,69.56114196777344,63.50635290145874,0.08631738275289536,0.054817020893096924
23.2,1450,5.966951847076416,0.10310502350330353,16.990394592285156,6.437180995941162,6462.910190968681,109.37024688720703,69.78089904785156,63.80245089530945,0.08550981432199478,0.05455736070871353
23.3,1450,5.9438652992248535,0.10330753028392792,16.99006462097168,6.44362211227417,6462.066817423805,109.47755432128906,69.90882873535156,63.85676860809326,0.08502309769392014,0.05429300293326378
23.4,1450,5.96718168258667,0.10288161784410477,16.990121841430664,6.453611850738525,6462.540085784854,109.64765167236328,69.6257095336914,63.49950432777405,0.08570370823144913,0.054421428591012955
23.5,1450,6.012297630310059,0.10301236063241959,16.990266799926758,6.4664387702941895,6462.594290166108,109.86652374267578,69.71477508544922,63.45406770706177,0.08624136447906494,0.05472365766763687
23.6,1450,6.002562999725342,0.10359244793653488,16.990293502807617,6.463223457336426,6462.992371804774,109.81206512451172,70.11167907714844,63.84696960449219,0.08561430871486664,0.05466214567422867
23.7,1450,5.9639153480529785,0.10375051945447922,16.990283966064453,6.4662275314331055,6463.497696520329,109.86304473876953,70.22415161132812,63.91972303390503,0.08492684364318848,0.05428500100970268
23.8,1450,5.952284336090088,0.10338203608989716,16.990257263183594,6.4642333984375,6464.543899362797,109.82898712158203,69.98606872558594,63.72276544570923,0.08504956215620041,0.05419593304395676
23.9,1450,5.996603488922119,0.10275979340076447,16.9903507232666,6.448469161987305,6465.249722004707,109.56175231933594,69.57242584228516,63.500648736953735,0.08619224280118942,0.054732635617256165
24,1450,6.012783527374268,0.10285069048404694,16.990503311157227,6.443456172943115,6464.941981001462,109.4775619506836,69.63065338134766,63.602668046951294,0.08635253459215164,0.05492251738905907
24.1,1450,5.955365180969238,0.10327491164207458,16.990325927734375,6.44019079208374,6463.653315550378,109.42094421386719,69.90391540527344,63.885319232940674,0.08519358187913895,0.05442619323730469
24.2,1450,5.896092414855957,0.103056900203228,16.990415573120117,6.438816547393799,6466.118740633186,109.3981704711914,69.782958984375,63.788050413131714,0.08449187129735947,0.05389571562409401
24.3,1450,5.877236843109131,0.10198228061199188,16.990543365478516,6.415327548980713,6468.84761066574,108.9999008178711,69.08444213867188,63.38028311729431,0.08507323265075684,0.053919654339551926
24.4,1450,5.889617443084717,0.10129473358392715,16.990638732910156,6.380136489868164,6471.715780129688,108.40259552001953,68.64910888671875,63.32792043685913,0.08579306304454803,0.054330963641405106
24.5,1450,5.873449325561523,0.10111735761165619,16.990650177001953,6.364748001098633,6471.702957587886,108.14120483398438,68.52876281738281,63.36970329284668,0.08570779114961624,0.054312776774168015
24.6,1450,5.818171501159668,0.10103961080312729,16.990507125854492,6.368010997772217,6470.572242538087,108.19573974609375,68.464111328125,63.278013467788696,0.08498133718967438,0.05377449840307236
24.7,1450,5.79229736328125,0.1009523868560791,16.99036979675293,6.37165641784668,6468.98224735466,108.25679779052734,68.38819885253906,63.172197341918945,0.08469732105731964,0.05350515991449356
24.8,1450,5.835382461547852,0.10070963203907013,16.990262985229492,6.36713171005249,6466.540135984219,108.17924499511719,68.197998046875,63.04166316986084,0.08556530624628067,0.053941793739795685
24.9,1450,5.878125190734863,0.10068859159946442,16.99022102355957,6.36659574508667,6463.705188560394,108.16986846923828,68.15385437011719,63.00632357597351,0.08624787628650665,0.05434161424636841
25,1450,5.851749897003174,0.10134945809841156,16.990293502807617,6.37630558013916,6463.682457690837,108.3353042602539,68.60093688964844,63.32279443740845,0.08530130982398987,0.05401517078280449
25.1,1450,5.807037353515625,0.10133665055036545,16.990327835083008,6.362243175506592,6463.4411607678385,108.09659576416016,68.58970642089844,63.45223784446716,0.08466339111328125,0.05372081696987152
25.2,1450,5.805287837982178,0.10083034634590149,16.99024772644043,6.35875129699707,6464.713506620266,108.03675842285156,68.26045227050781,63.182616233825684,0.08504613488912582,0.05373437702655792
25.3,1450,5.834315776824951,0.10047930479049683,16.99039077758789,6.342584609985352,6466.206749897371,107.76299285888672,68.03851318359375,63.1371796131134,0.08575019240379333,0.054140254855155945
25.4,1450,5.829751968383789,0.10067178308963776,16.990478515625,6.321329116821289,6466.987759261665,107.40240478515625,68.17708587646484,63.478171825408936,0.08550896495580673,0.05427952855825424
25.5,1450,5.774692058563232,0.1010434478521347,16.99038314819336,6.324077606201172,6466.81465494734,107.44850158691406,68.42694854736328,63.683485984802246,0.08439207077026367,0.053743813186883926
25.6,1450,5.7296247482299805,0.10076973587274551,16.990299224853516,6.330437660217285,6467.098499395408,107.5560302734375,68.24459075927734,63.4502649307251,0.08395720273256302,0.05327107012271881
25.7,1450,5.735243797302246,0.09993039816617966,16.990360260009766,6.316781997680664,6466.490011502629,107.32440185546875,67.66979217529297,63.05163502693176,0.0847533792257309,0.053438395261764526
25.8,1450,5.751719951629639,0.09965759515762329,16.99040985107422,6.311717510223389,6466.268531235143,107.2386703491211,67.48274993896484,62.92762756347656,0.0852324515581131,0.05363475903868675
25.9,1450,5.740609645843506,0.10018984228372574,16.990373611450195,6.295483112335205,6466.052879395749,106.96260833740234,67.84089660644531,63.424867391586304,0.0846187174320221,0.05366931110620499
26,1500,5.700408458709717,0.10037519037723541,16.990266799926758,6.3126020431518555,6465.507921369171,107.25279235839844,67.9606704711914,63.364940881729126,0.0838780477643013,0.053149279206991196
26.1,1500,5.76522159576416,0.10859444737434387,16.982372283935547,6.778590202331543,6497.5905038001765,115.11653900146484,73.89049530029297,64.18755650520325,0.07802385836839676,0.050081606954336166
26.2,1500,6.17258882522583,0.12444266676902771,16.97576904296875,7.845617771148682,6666.081034447556,133.18539428710938,86.86973571777344,65.22467136383057,0.07105568796396255,0.04634583741426468
26.3,1500,6.5784687995910645,0.12902528047561646,16.982791900634766,8.307441711425781,6875.898034479446,141.08355712890625,92.9036636352539,65.85010290145874,0.07080957293510437,0.04662817716598511
26.4,1500,6.881028175354004,0.12879061698913574,16.98703956604004,8.429964065551758,7021.061447375237,143.20013427734375,94.6925048828125,66.12598896026611,0.07266708463430405,0.048051826655864716
26.5,1500,7.062347888946533,0.128010556101799,16.98875617980957,8.473999977111816,7104.510549421594,143.9627227783203,95.23762512207031,66.15436673164368,0.07415501773357391,0.04905678331851959
26.6,1500,7.150417804718018,0.12762868404388428,16.98917007446289,8.495988845825195,7150.789434155661,144.3397979736328,95.57205200195312,66.21323227882385,0.07481703907251358,0.04953878000378609
26.7,1500,7.202383518218994,0.1272238790988922,16.989587783813477,8.480253219604492,7176.206626220948,144.0760040283203,95.60755157470703,66.35910272598267,0.07533279061317444,0.04999016597867012
26.8,1500,7.218096733093262,0.1269313246011734,16.98952865600586,8.490263938903809,7189.731493607841,144.24557495117188,95.56747436523438,66.25331044197083,0.07552880048751831,0.05004033073782921
26.9,1500,7.216995716094971,0.126623272895813,16.989702224731445,8.477819442749023,7199.571045912324,144.03562927246094,95.46601104736328,66.27944111824036,0.07559753954410553,0.05010562762618065
27,1500,7.206461429595947,0.12614287436008453,16.98983383178711,8.467551231384277,7204.852184606253,143.86228942871094,95.173583984375,66.15602970123291,0.07571913301944733,0.050092775374650955
27.1,1500,7.193911552429199,0.12566594779491425,16.989938735961914,8.44345474243164,7208.009444103551,143.4537811279297,94.85529327392578,66.12254977226257,0.07584090530872345,0.05014793947339058
27.2,1500,7.187371730804443,0.12525813281536102,16.9898681640625,8.428866386413574,7208.876131360793,143.205322265625,94.558837890625,66.03025197982788,0.07600951939821243,0.05018927529454231
27.3,1500,7.179696559906006,0.12501448392868042,16.990001678466797,8.421998023986816,7207.672560959848,143.0897674560547,94.35914611816406,65.94402194023132,0.0760890394449234,0.05017617344856262
27.4,1500,7.18328332901001,0.12511005997657776,16.989736557006836,8.417611122131348,7206.370490124153,143.01300048828125,94.41422271728516,66.01793169975281,0.07608263939619064,0.05022818595170975
27.5,1500,7.198853969573975,0.1251586377620697,16.98980140686035,8.42222785949707,7205.029951663051,143.09197998046875,94.43331146240234,65.99483489990234,0.07623214274644852,0.050309278070926666
27.6,1500,7.2099223136901855,0.1252823770046234,16.98956871032715,8.415894508361816,7202.727139724003,142.982421875,94.49646759033203,66.08957052230835,0.07629832625389099,0.05042523518204689
27.7,1500,7.226271629333496,0.1253410279750824,16.989517211914062,8.426395416259766,7202.176353269333,143.16038513183594,94.53347778320312,66.03326201438904,0.07644140720367432,0.05047675222158432
27.8,1500,7.245360374450684,0.12533682584762573,16.98961067199707,8.435467720031738,7202.526058954838,143.3153076171875,94.53489685058594,65.9628689289093,0.07664217799901962,0.050555381923913956
27.9,1500,7.254152297973633,0.12533921003341675,16.989683151245117,8.440342903137207,7203.724966613309,143.3987579345703,94.55242919921875,65.93672037124634,0.0767209529876709,0.05058727785944939
28,1500,7.284953594207764,0.1254301518201828,16.989574432373047,8.457067489624023,7203.25169825226,143.68197631835938,94.61481475830078,65.85016250610352,0.07699590921401978,0.05070193111896515
28.1,1500,7.315062999725342,0.1256408393383026,16.989561080932617,8.461736679077148,7201.376110092337,143.7611846923828,94.74906921386719,65.90726375579834,0.07720459252595901,0.05088343471288681
28.2,1500,7.331452369689941,0.12593452632427216,16.989532470703125,8.479503631591797,7201.064289189429,144.06280517578125,94.9664306640625,65.92016220092773,0.07720046490430832,0.05089066922664642
28.3,1500,7.324580669403076,0.12587213516235352,16.989736557006836,8.491539001464844,7202.890335710572,144.26901245117188,94.94345092773438,65.81001281738281,0.07714676856994629,0.05077029764652252
28.4,1500,7.298793315887451,0.1256423443555832,16.989885330200195,8.479044914245605,7204.93902818482,144.05799865722656,94.79708099365234,65.80479741096497,0.07699386030435562,0.050665657967329025
28.5,1500,7.275828838348389,0.12552864849567413,16.9899845123291,8.46865177154541,7207.080392665727,143.88226318359375,94.73944854736328,65.84511995315552,0.07679830491542816,0.05056793615221977
28.6,1500,7.263873100280762,0.12529493868350983,16.98996353149414,8.456877708435059,7208.071225441323,143.68203735351562,94.57605743408203,65.82315564155579,0.07680456340312958,0.050555191934108734
28.7,1500,7.287777423858643,0.12551645934581757,16.989622116088867,8.464373588562012,7205.467083769932,143.80650329589844,94.70903778076172,65.85866212844849,0.0769491195678711,0.05067766085267067
28.8,1500,7.310121059417725,0.12591488659381866,16.989416122436523,8.495223045349121,7201.86802942328,144.32887268066406,94.96221923828125,65.7957136631012,0.07697925716638565,0.05064905434846878
28.9,1500,7.326330661773682,0.12599053978919983,16.989582061767578,8.501548767089844,7202.038802366368,144.43775939941406,95.02153015136719,65.78717827796936,0.07710179686546326,0.05072309821844101
29,1500,7.335340976715088,0.12604589760303497,16.989559173583984,8.50236701965332,7200.986771095808,144.4514617919922,95.04939270019531,65.8002257347107,0.07717399299144745,0.05078066140413284
29.1,1500,7.356381416320801,0.12632009387016296,16.989459991455078,8.51794719696045,7200.785690326643,144.71531677246094,95.25350189208984,65.8212959766388,0.07722951471805573,0.05083346739411354
29.2,1500,7.373465061187744,0.1263454258441925,16.989482879638672,8.52908992767334,7199.579788554461,144.9048309326172,95.25664520263672,65.737384557724,0.07740630209445953,0.05088488385081291
29.3,1500,7.388627529144287,0.1265839785337448,16.98943328857422,8.544055938720703,7200.064130928885,145.15866088867188,95.44292449951172,65.75075387954712,0.07741409540176392,0.050900354981422424
29.4,1500,7.411414623260498,0.1268095076084137,16.98937225341797,8.55015754699707,7200.120083838566,145.26181030273438,95.61370849609375,65.82164168357849,0.07751414179801941,0.05102108046412468
29.5,1500,7.44366455078125,0.12715885043144226,16.989238739013672,8.575336456298828,7199.006271230233,145.6884307861328,95.8622817993164,65.79951047897339,0.0776495635509491,0.05109303444623947
29.6,1500,7.474212169647217,0.12762877345085144,16.98915672302246,8.601737976074219,7197.402870662195,146.1362762451172,96.19511413574219,65.82562327384949,0.07769845426082611,0.05114549398422241
29.7,1500,7.484525680541992,0.12794403731822968,16.989173889160156,8.629792213439941,7197.2047041070755,146.613037109375,96.4300765991211,65.7718300819397,0.07761608809232712,0.051049523055553436
29.8,1500,7.489928722381592,0.1281026154756546,16.989337921142578,8.632452964782715,7197.703034708919,146.65966796875,96.55628204345703,65.83697199821472,0.0775706022977829,0.051070135086774826
29.9,1500,7.493732929229736,0.12839463353157043,16.989389419555664,8.662799835205078,7199.831576648025,147.17567443847656,96.80500793457031,65.77513813972473,0.07741059362888336,0.05091692507266998
30,1500,7.499771595001221,0.12818469107151031,16.98966407775879,8.657575607299805,7201.3796071491915,147.08929443359375,96.66749572753906,65.72027802467346,0.0775831788778305,0.05098788067698479
30.1,1500,7.495723247528076,0.12817037105560303,16.98956871032715,8.652716636657715,7202.718979924674,147.00592041015625,96.67467498779297,65.7624363899231,0.07753553986549377,0.05098925903439522
30.2,1500,7.493062973022461,0.1280180811882019,16.9896297454834,8.642462730407715,7204.715216546097,146.83224487304688,96.5865707397461,65.78022241592407,0.07757872343063354,0.051031455397605896
30.3,1500,7.502053260803223,0.12804938852787018,16.98961639404297,8.630221366882324,7204.812551295229,146.6241455078125,96.61149597167969,65.89057445526123,0.07765176147222519,0.05116519331932068
30.4,1500,7.520639419555664,0.12823165953159332,16.989511489868164,8.628641128540039,7203.871260158412,146.59640502929688,96.73638153076172,65.98823666572571,0.07774364948272705,0.05130166560411453
30.5,1500,7.527668476104736,0.12846899032592773,16.98949432373047,8.64611530303955,7203.305902633513,146.89312744140625,96.9078140258789,65.97164273262024,0.07767865806818008,0.05124588683247566
30.6,1500,7.550177574157715,0.1286250799894333,16.9895076751709,8.668905258178711,7200.448224340131,147.28042602539062,96.987060546875,65.85196852684021,0.07784726470708847,0.0512639544904232
30.7,1500,7.585752010345459,0.1293540894985199,16.98909568786621,8.731426239013672,7197.050250762644,148.3390350341797,97.49073028564453,65.72155952453613,0.07780998200178146,0.05113793537020683
30.8,1500,7.612391948699951,0.1298939287662506,16.989208221435547,8.752947807312012,7194.714216783473,148.70565795898438,97.86581420898438,65.81176519393921,0.0777839720249176,0.05119100585579872
30.9,1500,7.627252578735352,0.13062123954296112,16.989112854003906,8.77365779876709,7194.726456482465,149.05665588378906,98.4139633178711,66.02452993392944,0.07750173658132553,0.05117015540599823
31,1550,7.625639915466309,0.1307869702577591,16.989383697509766,8.801311492919922,7198.307442702034,149.5288543701172,98.5878677368164,65.93233942985535,0.07734866440296173,0.0509977824985981
31.1,1550,7.643031597137451,0.13629299402236938,16.982955932617188,9.149548530578613,7219.2518990497165,155.38638305664062,103.03726959228516,66.31036400794983,0.0741773471236229,0.04918726906180382
31.2,1550,7.9270339012146,0.15355564653873444,16.97233009338379,10.357726097106934,7362.164373016475,175.79473876953125,118.38587951660156,67.34324097633362,0.06695928424596786,0.04509255290031433
31.3,1550,8.399343490600586,0.16008983552455902,16.978580474853516,11.057757377624512,7574.105835087807,187.74502563476562,126.97661590576172,67.63247847557068,0.06614874303340912,0.0447380356490612
31.4,1550,8.746853828430176,0.15976959466934204,16.984548568725586,11.286835670471191,7731.624932695286,191.70181274414062,129.3580780029297,67.47879385948181,0.06761737912893295,0.04562739282846451
31.5,1550,8.922740936279297,0.15826216340065002,16.986778259277344,11.363838195800781,7825.112919286863,193.03500366210938,129.6869659423828,67.18313694000244,0.06880214065313339,0.046223435550928116
31.6,1550,8.99627685546875,0.15824547410011292,16.987531661987305,11.38783073425293,7879.1261280986755,193.45114135742188,130.568359375,67.49423742294312,0.06890089064836502,0.04650413244962692
31.7,1550,9.074729919433594,0.158927783370018,16.987796783447266,11.40121841430664,7908.5911634736785,193.68157958984375,131.62171936035156,67.9577887058258,0.06894553452730179,0.04685386270284653
31.8,1550,9.149028778076172,0.15848876535892487,16.9880313873291,11.402755737304688,7924.87754009044,193.7103729248047,131.5284423828125,67.89953112602234,0.06955932080745697,0.04723045229911804
31.9,1550,9.199408531188965,0.15777982771396637,16.987735748291016,11.428750991821289,7929.321716510394,194.1486053466797,131.01351928710938,67.4810528755188,0.07021724432706833,0.04738333821296692
32,1550,9.203566551208496,0.15892499685287476,16.98738670349121,11.499188423156738,7930.785234804232,195.34115600585938,131.98878479003906,67.56834387779236,0.06972991675138474,0.047115348279476166
32.1,1550,9.211061477661133,0.16040684282779694,16.98762321472168,11.537302017211914,7933.960562428614,195.9913330078125,133.27281188964844,67.99933314323425,0.0691143348813057,0.04699728637933731
32.2,1550,9.254045486450195,0.16019760072231293,16.98807716369629,11.53591537475586,7936.394513999726,195.9730224609375,133.13978576660156,67.93781518936157,0.06950623542070389,0.04722101613879204
32.3,1550,9.269052505493164,0.1596532166004181,16.987899780273438,11.547874450683594,7937.4144889157815,196.17413330078125,132.70440673828125,67.64622926712036,0.06984736025333405,0.04724910482764244
32.4,1550,9.241710662841797,0.1596640795469284,16.98797607421875,11.559581756591797,7940.039612928303,196.3739013671875,132.75732421875,67.6043689250946,0.06961356103420258,0.04706180840730667
32.5,1550,9.226917266845703,0.16070584952831268,16.987972259521484,11.567845344543457,7941.074741757397,196.5142364501953,133.64096069335938,68.00574064254761,0.06904258579015732,0.04695292189717293
32.6,1550,9.278179168701172,0.16086216270923615,16.988126754760742,11.564138412475586,7939.974334533676,196.4530487060547,133.75241088867188,68.08364987373352,0.06936831027269363,0.047228481620550156
32.7,1550,9.323731422424316,0.16033443808555603,16.987821578979492,11.59588623046875,7939.073259550692,196.9888458251953,133.29849243164062,67.66803860664368,0.06994625926017761,0.04733126610517502
32.8,1550,9.290265083312988,0.1602444350719452,16.987945556640625,11.609574317932129,7941.068913329305,197.22280883789062,133.2571563720703,67.56680607795715,0.06971681863069534,0.04710542783141136
32.9,1550,9.250117301940918,0.16100721061229706,16.9884090423584,11.578747749328613,7944.996691020331,196.70449829101562,133.9576873779297,68.1009829044342,0.06905252486467361,0.047025445848703384
33,1550,9.261246681213379,0.161190927028656,16.98832893371582,11.57681655883789,7945.577202458269,196.67076110839844,134.12034606933594,68.19536089897156,0.06905176490545273,0.04709010198712349
33.1,1550,9.23422908782959,0.15944665670394897,16.988487243652344,11.546998023986816,7947.378769581427,196.16603088378906,132.6990966796875,67.64631271362305,0.06958773732185364,0.04707353934645653
33.2,1550,9.186290740966797,0.1586131751537323,16.988380432128906,11.523027420043945,7948.9693476076645,195.757568359375,132.03184509277344,67.4466073513031,0.06957632303237915,0.046926870942115784
33.3,1550,9.15018367767334,0.15908053517341614,16.988597869873047,11.490119934082031,7948.607985065976,195.20103454589844,132.4148712158203,67.83512830734253,0.06910239160060883,0.046875692903995514
33.4,1550,9.18758773803711,0.15935024619102478,16.98822784423828,11.484871864318848,7947.022069782212,195.1076202392578,132.61289978027344,67.96910166740417,0.06928125023841858,0.047089844942092896
33.5,1550,9.217351913452148,0.15855222940444946,16.988147735595703,11.491283416748047,7945.448977040251,195.2156219482422,131.92266845703125,67.57792234420776,0.06986936181783676,0.0472162626683712
33.6,1550,9.219677925109863,0.1586683988571167,16.98799705505371,11.504678726196289,7941.85575112169,195.4414520263672,131.95962524414062,67.51874685287476,0.06986741721630096,0.04717360809445381
33.7,1550,9.209187507629395,0.15998712182044983,16.9879093170166,11.541291236877441,7939.983077175813,196.06240844726562,133.0249786376953,67.84828901290894,0.06922900676727295,0.04697069525718689
33.8,1550,9.233162879943848,0.16031596064567566,16.988178253173828,11.545363426208496,7942.254998445975,196.1346893310547,133.3365478515625,67.98213124275208,0.0692470520734787,0.04707562178373337
33.9,1550,9.239717483520508,0.15939395129680634,16.98841667175293,11.528825759887695,7944.116015535669,195.8564910888672,132.60076904296875,67.70302057266235,0.06968072801828384,0.04717595502734184
34,1550,9.218877792358398,0.15882286429405212,16.988107681274414,11.531664848327637,7943.566394766617,195.9011688232422,132.1165313720703,67.44040250778198,0.06977838277816772,0.047058820724487305
34.1,1550,9.204994201660156,0.15988542139530182,16.988101959228516,11.546448707580566,7942.042260820626,196.15225219726562,132.9748992919922,67.79167652130127,0.0692235454916954,0.0469278022646904
34.2,1550,9.240434646606445,0.16061140596866608,16.988000869750977,11.579917907714844,7941.394722459633,196.7196502685547,133.56781005859375,67.89754033088684,0.06918159872293472,0.04697260633111
34.3,1550,9.264402389526367,0.15972788631916046,16.988353729248047,11.568376541137695,7941.18489904833,196.52767944335938,132.8295440673828,67.588210105896,0.06974655389785767,0.047140445560216904
34.4,1550,9.247888565063477,0.15924514830112457,16.98800277709961,11.594194412231445,7941.878481991248,196.9622039794922,132.43966674804688,67.2411561012268,0.06982718408107758,0.04695260524749756
34.5,1550,9.211795806884766,0.16009832918643951,16.988027572631836,11.583773612976074,7943.511607542555,196.78546142578125,133.17660522460938,67.67603754997253,0.0691697746515274,0.046811364591121674
34.6,1550,9.220593452453613,0.16027745604515076,16.988449096679688,11.56413745880127,7945.331242792798,196.45675659179688,133.3561553955078,67.88066625595093,0.06914261728525162,0.04693446680903435
34.7,1550,9.23902416229248,0.1592891365289688,16.98832130432129,11.556802749633789,7945.523580919825,196.33067321777344,132.53704833984375,67.50705242156982,0.06970899552106857,0.04705848544836044
34.8,1550,9.2090482711792,0.15838146209716797,16.988317489624023,11.544739723205566,7947.104833461115,196.12570190429688,131.80804443359375,67.20589995384216,0.06986711919307709,0.04695482552051544
34.9,1550,9.162277221679688,0.15922726690769196,16.988536834716797,11.506916999816895,7948.784586437156,195.48568725585938,132.53994750976562,67.80033111572266,0.06912842392921448,0.04686930030584335
35,1550,9.156383514404297,0.15939030051231384,16.98843765258789,11.495549201965332,7949.089413226355,195.2914276123047,132.6807403564453,67.93987154960632,0.0690106451511383,0.046885743737220764
35.1,1550,9.134390830993652,0.15755215287208557,16.988985061645508,11.455644607543945,7952.323607974463,194.61978149414062,131.2039794921875,67.41554141044617,0.06961976736783981,0.046934545040130615
35.2,1550,9.056010246276855,0.15614457428455353,16.98899269104004,11.409682273864746,7953.522515632935,193.83900451660156,130.05140686035156,67.09247827529907,0.0696340873837471,0.04671923443675041
35.3,1550,9.014747619628906,0.1568794846534729,16.98860740661621,11.387704849243164,7952.543339713522,193.46124267578125,130.6474151611328,67.53156781196594,0.06900057941675186,0.04659717530012131
35.4,1550,9.028289794921875,0.15696002542972565,16.988555908203125,11.35306453704834,7952.1435095464285,192.87217712402344,130.70791625976562,67.76919364929199,0.06907224655151367,0.04680970683693886
35.5,1550,9.039743423461914,0.15594451129436493,16.98843765258789,11.341791152954102,7950.166506737709,192.67930603027344,129.82997131347656,67.38137006759644,0.0696275606751442,0.04691600427031517
35.6,1550,9.003352165222168,0.1557329297065735,16.98823356628418,11.346765518188477,7948.260610751709,192.76150512695312,129.6227264404297,67.24513173103333,0.06945812702178955,0.04670720919966698
35.7,1550,8.974069595336914,0.1567297875881195,16.98834228515625,11.34239673614502,7947.05237760829,192.6885223388672,130.43263244628906,67.69091486930847,0.06880233436822891,0.046572934836149216
35.8,1550,8.980889320373535,0.15693923830986023,16.98845100402832,11.316028594970703,7946.653713126814,192.24179077148438,130.6003875732422,67.93547868728638,0.06876617670059204,0.04671663045883179
35.9,1550,8.970747947692871,0.15561725199222565,16.988574981689453,11.291940689086914,7945.653554866271,191.833984375,129.4839630126953,67.49792695045471,0.06928076595067978,0.04676308110356331
36,1600,8.933859825134277,0.15530019998550415,16.98822021484375,11.29805850982666,7944.076382224645,191.93389892578125,129.1945037841797,67.31197834014893,0.06915046274662018,0.04654654487967491
36.1,1600,8.98939037322998,0.16502745449543,16.977989196777344,11.941262245178223,7978.361527631521,202.73861694335938,137.87913513183594,68.00832152366638,0.06519761681556702,0.044339802116155624
36.2,1600,9.344514846801758,0.18032380938529968,16.96904754638672,13.337231636047363,8142.485982795374,226.3201141357422,153.7583465576172,67.93843507766724,0.06077403202652931,0.04128892719745636
36.3,1600,9.84594440460205,0.18735677003860474,16.97665786743164,14.016128540039062,8341.47667764685,237.947021484375,163.65939331054688,68.77976655960083,0.06016119197010994,0.041378725320100784
36.4,1600,10.198466300964355,0.1843201071023941,16.98197364807129,14.277477264404297,8481.175356363821,242.45974731445312,163.70327758789062,67.51771569252014,0.062298484146595,0.042062513530254364
36.5,1600,10.370635032653809,0.18827539682388306,16.984111785888672,14.4217529296875,8563.089833293621,244.94065856933594,168.83119201660156,68.92738342285156,0.061426058411598206,0.04233937710523605
36.6,1600,10.605847358703613,0.1867348700761795,16.984756469726562,14.545982360839844,8608.844159499433,247.05996704101562,168.344482421875,68.1391179561615,0.06300085783004761,0.04292823001742363
36.7,1600,10.65739917755127,0.1887264847755432,16.98472785949707,14.650250434875488,8634.04220266847,248.8305206298828,170.63795471191406,68.57597827911377,0.06245620548725128,0.042829953134059906
36.8,1600,10.807390213012695,0.18962757289409637,16.985401153564453,14.71792221069336,8648.22568242973,249.98980712890625,171.7343292236328,68.696528673172,0.0629308670759201,0.04323132336139679
36.9,1600,10.777656555175781,0.18881066143512726,16.985437393188477,14.780669212341309,8659.595197108296,251.05613708496094,171.21929931640625,68.19961071014404,0.06294650584459305,0.0429292693734169
37,1600,10.847405433654785,0.19121108949184418,16.98625946044922,14.775664329528809,8668.941664396216,250.98326110839844,173.58323669433594,69.16127800941467,0.06249108910560608,0.043219637125730515
37.1,1600,10.762540817260742,0.18749035894870758,16.986473083496094,14.774469375610352,8676.595556166294,250.96612548828125,170.3557891845703,67.87999272346497,0.06317684054374695,0.04288443550467491
37.2,1600,10.778023719787598,0.19111944735050201,16.986774444580078,14.739659309387207,8684.660352116842,250.3792724609375,173.81463623046875,69.42054033279419,0.06200872361660004,0.04304679110646248
37.3,1600,10.720492362976074,0.1867578625679016,16.986963272094727,14.71310806274414,8687.60429114598,249.9310302734375,169.90554809570312,67.98097491264343,0.0630967766046524,0.04289380460977554
37.4,1600,10.72605037689209,0.19001096487045288,16.9868106842041,14.697148323059082,8688.23317853708,249.6576690673828,172.8776092529297,69.24586296081543,0.062044184654951096,0.04296303167939186
37.5,1600,10.677831649780273,0.1855728030204773,16.986743927001953,14.674221992492676,8689.440828837689,249.2672576904297,168.8631134033203,67.74380207061768,0.06323365867137909,0.042836882174015045
37.6,1600,10.706841468811035,0.18923847377300262,16.986927032470703,14.646674156188965,8688.13467810233,248.80198669433594,172.17282104492188,69.20074224472046,0.0621865950524807,0.04303358495235443
37.7,1600,10.651742935180664,0.18544290959835052,16.98674201965332,14.626749992370605,8686.619869641285,248.46083068847656,168.69012451171875,67.89405345916748,0.06314384192228317,0.042870912700891495
37.8,1600,10.658326148986816,0.18969255685806274,16.98663902282715,14.630592346191406,8686.787145527518,248.52459716796875,172.55918884277344,69.43344473838806,0.06176620349287987,0.0428864061832428
37.9,1600,10.613356590270996,0.18480879068374634,16.98691177368164,14.602668762207031,8686.402469273464,248.0542449951172,168.1090850830078,67.7711009979248,0.06313374638557434,0.042786434292793274
38,1600,10.603497505187988,0.18938107788562775,16.98653221130371,14.612682342529297,8685.958343052873,248.2187957763672,172.2593994140625,69.39821243286133,0.0615554042160511,0.042718350887298584
38.1,1600,10.61510944366455,0.18467317521572113,16.986745834350586,14.600523948669434,8685.46525803631,248.01539611816406,167.9676055908203,67.72466897964478,0.06319735944271088,0.04280020296573639
38.2,1600,10.600565910339355,0.18936622142791748,16.98663902282715,14.597676277160645,8683.95569516055,247.9654541015625,172.2061767578125,69.44764852523804,0.061557408422231674,0.042750172317028046
38.3,1600,10.692291259765625,0.18580079078674316,16.9862003326416,14.639762878417969,8681.545057301804,248.6739501953125,168.91693115234375,67.92707443237305,0.06329910457134247,0.04299723356962204
38.4,1600,10.646598815917969,0.18931171298027039,16.986494064331055,14.645466804504395,8682.407081816573,248.77513122558594,172.12591552734375,69.18935179710388,0.061853550374507904,0.042796071618795395
38.5,1600,10.6875,0.18536661565303802,16.98665428161621,14.630764961242676,8680.950557636446,248.52774047851562,168.51068115234375,67.80356764793396,0.0634232833981514,0.04300324618816376
38.6,1600,10.635563850402832,0.18920646607875824,16.986234664916992,14.65876293182373,8681.353302017586,248.9971923828125,172.00933837890625,69.0808355808258,0.06183131784200668,0.04271358996629715
38.7,1600,10.727059364318848,0.18647034466266632,16.98638153076172,14.681355476379395,8679.776712218769,249.3831024169922,169.49111938476562,67.96415448188782,0.06328979879617691,0.04301437735557556
38.8,1600,10.651934623718262,0.18912480771541595,16.98586654663086,14.723077774047852,8677.323526834953,250.084228515625,171.85528564453125,68.71896386146545,0.06198199838399887,0.04259338602423668
38.9,1600,10.768665313720703,0.18893945217132568,16.985986709594727,14.763335227966309,8676.756420781627,250.7698211669922,171.67564392089844,68.45945119857788,0.06272681057453156,0.04294243082404137
39,1600,10.703166007995605,0.18948040902614594,16.986225128173828,14.765015602111816,8676.777985965566,250.8018798828125,172.1676025390625,68.64685416221619,0.06216713413596153,0.04267578199505806
39.1,1600,10.795123100280762,0.19044367969036102,16.986188888549805,14.770059585571289,8678.184968506914,250.88702392578125,173.07090759277344,68.98360252380371,0.06237398833036423,0.04302782565355301
39.2,1600,10.742643356323242,0.1888880729675293,16.986392974853516,14.773735046386719,8680.995436532752,250.9524688720703,171.71279907226562,68.42443346977234,0.06256169080734253,0.042807482182979584
39.3,1600,10.841440200805664,0.19082221388816833,16.986265182495117,14.794629096984863,8680.941814994309,251.3054962158203,173.47000122070312,69.02754306793213,0.062497492879629135,0.043140482157468796
39.4,1600,10.789606094360352,0.1882684826850891,16.986347198486328,14.795141220092773,8683.171188739401,251.31539916992188,171.19244384765625,68.11856627464294,0.06302618235349655,0.042932529002428055
39.5,1600,10.839232444763184,0.1909046769142151,16.986719131469727,14.764726638793945,8684.106651448126,250.80426025390625,173.60824584960938,69.2206084728241,0.06243501231074333,0.043217893689870834
39.6,1600,10.767045021057129,0.18743237853050232,16.986637115478516,14.765885353088379,8686.894971447216,250.82273864746094,170.50526428222656,67.97839403152466,0.06314787268638611,0.042926911264657974
39.7,1600,10.785090446472168,0.18994592130184174,16.987180709838867,14.720365524291992,8689.903023185365,250.05751037597656,172.8516387939453,69.12475824356079,0.06239506974816322,0.04313043877482414
39.8,1600,10.711348533630371,0.18578919768333435,16.987144470214844,14.677287101745605,8690.34423519191,249.3251953125,169.0775909423828,67.81408190727234,0.06335167586803436,0.04296135529875755
39.9,1600,10.726733207702637,0.1887517273426056,16.98668670654297,14.66081714630127,8689.594699339312,249.03871154785156,171.7588348388672,68.96873116493225,0.0624522939324379,0.04307255521416664
40,1600,10.70430850982666,0.185345858335495,16.986682891845703,14.633358001708984,8687.12519435684,248.57220458984375,168.6116485595703,67.8320586681366,0.06348498910665512,0.043063174933195114
40.1,1600,10.750463485717773,0.189463809132576,16.98615264892578,14.656011581420898,8683.067442719368,248.94924926757812,172.2772979736328,69.20177340507507,0.062402088195085526,0.043183352798223495
40.2,1600,10.768132209777832,0.1854313760995865,16.986164093017578,14.670507431030273,8679.171721382845,249.19564819335938,168.53500366210938,67.63160228729248,0.06389255821704865,0.04321155697107315
40.3,1600,10.782482147216797,0.19065314531326294,16.985647201538086,14.724967002868652,8675.883905096292,250.11309814453125,173.21533203125,69.25480365753174,0.06224900484085083,0.043110426515340805
40.4,1600,10.823281288146973,0.18642859160900116,16.986087799072266,14.750252723693848,8677.224443557394,250.54908752441406,169.40333557128906,67.61283278465271,0.06389059871435165,0.043198246508836746
40.5,1600,10.769935607910156,0.19109396636486053,16.985855102539062,14.789620399475098,8677.545589945248,251.21435546875,173.64907836914062,69.12387013435364,0.06202126294374466,0.04287149757146835
40.6,1600,10.824249267578125,0.18750685453414917,16.985477447509766,14.807196617126465,8679.763889676968,251.50730895996094,170.43299865722656,67.7646279335022,0.06351029127836227,0.04303751513361931
40.7,1600,10.77644157409668,0.19057221710681915,16.985366821289062,14.789299011230469,8681.873197803368,251.20167541503906,173.26133728027344,68.97299885749817,0.06219761446118355,0.042899563908576965
40.8,1600,10.86912727355957,0.18719854950904846,16.98482894897461,14.794351577758789,8681.465207836947,251.27952575683594,170.1861114501953,67.72780418395996,0.06386612355709076,0.04325512424111366
40.9,1600,10.816019058227539,0.19047406315803528,16.98468017578125,14.804265975952148,8680.370046198508,251.4457244873047,173.14210510253906,68.8586413860321,0.06246902793645859,0.04301532357931137
41,1650,10.9238862991333,0.18956252932548523,16.984209060668945,14.840210914611816,8676.713290413747,252.0492401123047,172.24093627929688,68.33621859550476,0.06342212855815887,0.0433402843773365
41.1,1650,10.925505638122559,0.1973130702972412,16.97565460205078,15.356429100036621,8692.78634656235,260.6854248046875,179.6153564453125,68.90118718147278,0.06082723289728165,0.04191068559885025
41.2,1650,11.272096633911133,0.20909523963928223,16.961671829223633,16.981340408325195,8827.26217086631,288.03192138671875,193.2852783203125,67.10550785064697,0.05831844359636307,0.03913488611578941
41.3,1650,11.879246711730957,0.22312235832214355,16.968576431274414,18.00005531311035,9027.229710265963,305.435302734375,210.92410278320312,69.05688047409058,0.056320007890462875,0.03889283910393715
41.4,1650,12.173336029052734,0.22032234072685242,16.975345611572266,18.445934295654297,9176.87168730745,313.1260986328125,211.72972106933594,67.61803030967712,0.057494696229696274,0.03887678310275078
41.5,1650,12.495638847351074,0.22640389204025269,16.978641510009766,18.679521560668945,9272.529014834774,317.15289306640625,219.84202575683594,69.31735873222351,0.05683917552232742,0.039399415254592896
41.6,1650,12.650627136230469,0.22551244497299194,16.9803409576416,18.83281707763672,9331.09947157152,319.78765869140625,220.35958862304688,68.90809535980225,0.05740901455283165,0.039559461176395416
41.7,1650,12.680981636047363,0.22311373054981232,16.981159210205078,18.913896560668945,9365.659718784327,321.1799011230469,218.8231658935547,68.13102960586548,0.05795082077383995,0.039482489228248596
41.8,1650,12.809869766235352,0.22730299830436707,16.98178482055664,18.985843658447266,9386.948635232231,322.41351318359375,223.43861389160156,69.30187344551086,0.057330600917339325,0.03973118215799332
41.9,1650,12.844461441040039,0.2272176593542099,16.982473373413086,18.991382598876953,9402.70695626388,322.5206604003906,223.72967529296875,69.36910152435303,0.057410627603530884,0.03982523828744888
42,1650,12.715425491333008,0.22301943600177765,16.982736587524414,18.967708587646484,9416.015006125761,322.12359619140625,219.90670776367188,68.26780438423157,0.057821907103061676,0.039473745971918106
42.1,1650,12.666767120361328,0.22293534874916077,16.98343276977539,18.894739151000977,9425.22100829667,320.89752197265625,220.03871154785156,68.56977343559265,0.0575660839676857,0.03947293385863304
42.2,1650,12.721210479736328,0.2256406545639038,16.983264923095703,18.853199005126953,9426.86579070416,320.1888732910156,222.7477264404297,69.56760287284851,0.057110391557216644,0.03973033279180527
42.3,1650,12.71558952331543,0.22358614206314087,16.9829044342041,18.844070434570312,9425.964715721177,320.02703857421875,220.69847106933594,68.96244287490845,0.057615216821432114,0.039732858538627625
42.4,1650,12.652985572814941,0.22107964754104614,16.982576370239258,18.854658126831055,9423.000377193715,320.20068359375,218.1557159423828,68.13093423843384,0.05799978971481323,0.03951580077409744
42.5,1650,12.713207244873047,0.2252257764339447,16.982683181762695,18.863046646118164,9420.857847027191,320.34515380859375,222.19647216796875,69.36158537864685,0.057216063141822815,0.039685968309640884
42.6,1650,12.756755828857422,0.225586399435997,16.982637405395508,18.87977409362793,9419.462521342028,320.62835693359375,222.519287109375,69.40100193023682,0.05732876434922218,0.03978673741221428
42.7,1650,12.680659294128418,0.2223203182220459,16.982364654541016,18.91510772705078,9418.9589451549,321.2232666015625,219.285888671875,68.26587915420532,0.057827066630125046,0.03947615623474121
42.8,1650,12.688261032104492,0.2236863076686859,16.982641220092773,18.894691467285156,9419.097078900675,320.88177490234375,220.63645935058594,68.75942945480347,0.05750754475593567,0.039541859179735184
42.9,1650,12.756265640258789,0.22671444714069366,16.98253059387207,18.9061279296875,9420.780911776379,321.0738830566406,223.66329956054688,69.66100335121155,0.057033345103263855,0.039729997515678406
43,1650,12.741990089416504,0.223586305975914,16.982690811157227,18.912687301635742,9421.42320455209,321.1883239746094,220.59228515625,68.6800479888916,0.05776262655854225,0.0396713986992836
43.1,1650,12.73355770111084,0.2226293832063675,16.982131958007812,18.945655822753906,9416.93356639302,321.7376403808594,219.54351806640625,68.23681592941284,0.05800015479326248,0.039577458053827286
43.2,1650,12.822952270507812,0.2270858883857727,16.982463836669922,18.95566749572754,9416.041816894982,321.9139404296875,223.9170379638672,69.55804228782654,0.05726653337478638,0.03983347862958908
43.3,1650,12.82995891571045,0.22537854313850403,16.9826717376709,18.947940826416016,9418.597582613213,321.7866516113281,222.29383850097656,69.08112168312073,0.057716213166713715,0.039871010929346085
43.4,1650,12.762932777404785,0.22225096821784973,16.98246192932129,18.97081756591797,9419.194413649806,322.1711730957031,219.22296142578125,68.04549098014832,0.05821895971894264,0.03961537778377533
43.5,1650,12.771710395812988,0.22516193985939026,16.982770919799805,18.963268280029297,9419.461355656409,322.048828125,222.10057067871094,68.9648687839508,0.05750417709350586,0.03965768218040466
43.6,1650,12.840814590454102,0.22714726626873016,16.982616424560547,18.97939109802246,9419.454944385508,322.3197326660156,224.05874633789062,69.51444149017334,0.05731003358960152,0.039838749915361404
43.7,1650,12.810752868652344,0.22379527986049652,16.982084274291992,19.01858139038086,9416.376951510258,322.97515869140625,220.68020629882812,68.32730174064636,0.0580512098968029,0.039664823561906815
43.8,1650,12.881856918334961,0.2259664386510849,16.981571197509766,19.09320640563965,9410.322963251363,324.2326354980469,222.67788696289062,68.67842674255371,0.057849735021591187,0.039730288088321686
43.9,1650,12.975831985473633,0.22995784878730774,16.98175621032715,19.154468536376953,9408.78658960638,325.2765197753906,226.57420349121094,69.65587735176086,0.05726967751979828,0.039891697466373444
44,1650,12.882875442504883,0.22646577656269073,16.982574462890625,19.16422462463379,9415.58486813259,325.4578857421875,223.29473876953125,68.60941648483276,0.057694487273693085,0.039583850651979446
44.1,1650,12.7728271484375,0.22366389632225037,16.983224868774414,19.108545303344727,9423.264987829081,324.52471923828125,220.71197509765625,68.0108368396759,0.0578710176050663,0.03935856372117996
44.2,1650,12.811769485473633,0.2265397161245346,16.983421325683594,19.06075096130371,9426.792935353014,323.7167663574219,223.633544921875,69.08308863639832,0.05728912353515625,0.039577096700668335
44.3,1650,12.83114242553711,0.22659042477607727,16.983379364013672,19.02105140686035,9428.700579867442,323.0417175292969,223.72886657714844,69.25695538520813,0.057351306080818176,0.03971976786851883
44.4,1650,12.742637634277344,0.22258102893829346,16.98330307006836,18.986675262451172,9429.395328495977,322.4564514160156,219.7863006591797,68.15999150276184,0.05797739699482918,0.039517391473054886
44.5,1650,12.724064826965332,0.22292973101139069,16.9830379486084,18.950145721435547,9427.54363689123,321.8310546875,220.08738708496094,68.38600635528564,0.05781369283795357,0.039536476135253906
44.6,1650,12.819597244262695,0.22660058736801147,16.98272132873535,18.967466354370117,9425.430831707972,322.11920166015625,223.6613006591797,69.43433284759521,0.057317011058330536,0.03979768231511116
44.7,1650,12.818948745727539,0.22446660697460175,16.98256492614746,18.974895477294922,9421.872576357962,322.2424011230469,221.47137451171875,68.72819066047668,0.057880841195583344,0.039780452847480774
44.8,1650,12.744821548461914,0.22214488685131073,16.982574462890625,18.99066162109375,9421.750179368037,322.51031494140625,219.1777801513672,67.95992851257324,0.058148328214883804,0.039517562836408615
44.9,1650,12.787656784057617,0.22562968730926514,16.983030319213867,18.969762802124023,9423.217194718729,322.1640625,222.65069580078125,69.11096572875977,0.05743371695280075,0.03969299793243408
45,1650,12.797253608703613,0.2261466681957245,16.98311424255371,18.941665649414062,9425.181957828456,321.6884765625,223.20738220214844,69.38619017601013,0.05733346939086914,0.03978151082992554
45.1,1650,12.700937271118164,0.22197771072387695,16.983144760131836,18.917722702026367,9426.44206398189,321.28240966796875,219.1219024658203,68.20226907730103,0.05796288326382637,0.039532002061605453
45.2,1650,12.676094055175781,0.2224869281053543,16.982845306396484,18.91611671447754,9424.483129300255,321.2494812011719,219.5789337158203,68.35152506828308,0.05772910267114639,0.03945872187614441
45.3,1650,12.72695541381836,0.22588008642196655,16.983243942260742,18.889646530151367,9425.18603772812,320.8074645996094,222.94436645507812,69.49475407600403,0.0570857934653759,0.039671629667282104
45.4,1650,12.660099029541016,0.22328558564186096,16.983478546142578,18.8471622467041,9430.270175552549,320.0903625488281,220.50245666503906,68.88756155967712,0.05741477385163307,0.039551638066768646
45.5,1650,12.521078109741211,0.2191341072320938,16.983896255493164,18.762012481689453,9434.044665584763,318.6520690917969,216.48934936523438,67.93909668922424,0.057836927473545074,0.039293885231018066
45.6,1650,12.498510360717773,0.2205396145582199,16.983823776245117,18.69240379333496,9435.610181370204,317.468505859375,217.91404724121094,68.64115595817566,0.057355232536792755,0.03936929255723953
45.7,1650,12.552352905273438,0.22243613004684448,16.983705520629883,18.648765563964844,9434.042334213525,316.7251281738281,219.75146484375,69.38238739967346,0.057120680809020996,0.039631690829992294
45.8,1650,12.51134967803955,0.21944265067577362,16.983083724975586,18.645137786865234,9428.198752208742,316.6519470214844,216.65982055664062,68.42207312583923,0.057746514678001404,0.039511363953351974
45.9,1650,12.473719596862793,0.21850818395614624,16.982799530029297,18.65268325805664,9423.755158631597,316.7747802734375,215.63552856445312,68.07218790054321,0.0578463077545166,0.03937724977731705
46,1700,12.558311462402344,0.22269445657730103,16.9831485748291,18.642505645751953,9422.367992745762,316.6084289550781,219.7344207763672,69.40257549285889,0.05715222656726837,0.03966511785984039
46.1,1700,12.671124458312988,0.23038046061992645,16.96999168395996,19.436100006103516,9453.829264742188,329.8304443359375,228.0772705078125,69.14985179901123,0.0555562786757946,0.038417086005210876
46.2,1700,13.072650909423828,0.24566933512687683,16.957609176635742,21.239688873291016,9607.835568738772,360.1743469238281,247.1753387451172,68.62658262252808,0.0528881698846817,0.036295343190431595
46.3,1700,13.638138771057129,0.2538006901741028,16.965898513793945,22.26180648803711,9792.519221153443,377.6915588378906,260.2650451660156,68.90941858291626,0.05240096151828766,0.03610919788479805
46.4,1700,13.852821350097656,0.2529923915863037,16.9719181060791,22.811054229736328,9923.545781712708,387.1473388671875,262.9075012207031,67.90889501571655,0.052690859884023666,0.03578178212046623
46.5,1700,14.076581954956055,0.2544127404689789,16.975019454956055,23.143056869506836,10006.717450581898,392.8538513183594,266.599365234375,67.86222457885742,0.052800506353378296,0.035831600427627563
46.6,1700,14.312337875366211,0.2572052478790283,16.9769287109375,23.34889793395996,10059.324842537982,396.392578125,270.9425964355469,68.35208535194397,0.052824243903160095,0.036106474697589874
46.7,1700,14.42704963684082,0.2584748864173889,16.978290557861328,23.485328674316406,10094.9213842655,398.74072265625,273.2435607910156,68.52661967277527,0.05279923230409622,0.036181528121232986
46.8,1700,14.587821006774902,0.26007500290870667,16.97882652282715,23.585607528686523,10116.022625328851,400.4559326171875,275.5097961425781,68.79902482032776,0.052948467433452606,0.03642803058028221
46.9,1700,14.740887641906738,0.26199498772621155,16.978897094726562,23.6953067779541,10127.203881780053,402.3201904296875,277.8504943847656,69.06203031539917,0.05305330827832222,0.03663969412446022
47,1700,14.843917846679688,0.2636895477771759,16.9783878326416,23.825878143310547,10129.129594421565,404.5249938964844,279.7007751464844,69.14300918579102,0.053070709109306335,0.036694686859846115
47.1,1700,14.849177360534668,0.2632226049900055,16.97859764099121,23.947498321533203,10132.397011209798,406.5949401855469,279.2955322265625,68.69134902954102,0.05316653847694397,0.036520812660455704
47.2,1700,14.800575256347656,0.2623903751373291,16.97905921936035,24.026050567626953,10139.016939836401,407.9397277832031,278.5943908691406,68.29302906990051,0.05312589183449745,0.0362812802195549
47.3,1700,14.76451301574707,0.2612604796886444,16.979591369628906,24.06814193725586,10145.599566523217,408.6672058105469,277.5747985839844,67.9219663143158,0.053191110491752625,0.0361284501850605
47.4,1700,14.738070487976074,0.26032018661499023,16.979598999023438,24.098041534423828,10151.509592608245,409.1750793457031,276.7369079589844,67.63288378715515,0.05325661227107048,0.0360189825296402
47.5,1700,14.70338249206543,0.2598787546157837,16.97989845275879,24.09073257446289,10154.421475282881,409.0581970214844,276.3468933105469,67.55686402320862,0.05320625379681587,0.03594447672367096
47.6,1700,14.696412086486816,0.25976163148880005,16.98027801513672,24.088945388793945,10158.300877020745,409.0369873046875,276.327880859375,67.55571961402893,0.053184688091278076,0.035929299890995026
47.7,1700,14.787656784057617,0.26096343994140625,16.979684829711914,24.115947723388672,10156.3285369545,409.481201171875,277.55242919921875,67.78148412704468,0.053278788924217224,0.036113154143095016
47.8,1700,14.887554168701172,0.2630161643028259,16.97920036315918,24.19756317138672,10151.269461370865,410.85528564453125,279.5962829589844,68.0522620677948,0.05324660614132881,0.036235518753528595
47.9,1700,15.014751434326172,0.2654409110546112,16.978660583496094,24.30892562866211,10146.705802175029,412.7330017089844,282.0470275878906,68.33643913269043,0.05323491990566254,0.03637884929776192
48,1700,15.118378639221191,0.26715102791786194,16.979171752929688,24.36453628540039,10146.192900502956,413.68963623046875,283.84979248046875,68.61419081687927,0.053261898458004,0.03654521703720093
48.1,1700,15.23029613494873,0.2690669894218445,16.97892189025879,24.456478118896484,10145.327961774141,415.24462890625,285.86114501953125,68.84162425994873,0.05327865108847618,0.03667788952589035
48.2,1700,15.249273300170898,0.2707967162132263,16.978883743286133,24.538557052612305,10144.243874149077,416.6372985839844,287.6680908203125,69.04520988464355,0.05300995707511902,0.036600835621356964
48.3,1700,15.213865280151367,0.2710810601711273,16.97886085510254,24.61313819885254,10144.080678162509,417.9030456542969,287.96551513671875,68.90725493431091,0.05283224582672119,0.03640525043010712
48.4,1700,15.188679695129395,0.27159035205841064,16.97876739501953,24.704221725463867,10144.203075152434,419.4472351074219,288.510009765625,68.7833845615387,0.052645243704319,0.03621118143200874
48.5,1700,15.150090217590332,0.271205872297287,16.978713989257812,24.7784366607666,10144.200743781197,420.70599365234375,288.10150146484375,68.48048567771912,0.052585944533348083,0.03601111099123955
48.6,1700,15.072834014892578,0.27056804299354553,16.97896385192871,24.84598731994629,10146.750098228527,421.859130859375,287.4961853027344,68.1498110294342,0.05242794379591942,0.0357295423746109
48.7,1700,15.041136741638184,0.2693907618522644,16.980239868164062,24.82490348815918,10157.11887180374,421.5328063964844,286.5377502441406,67.97519326210022,0.05249268561601639,0.03568200767040253
48.8,1700,15.027679443359375,0.2678273618221283,16.980863571166992,24.75450897216797,10167.626361967536,420.3529357910156,285.1695556640625,67.84050464630127,0.05269734933972359,0.035750146955251694
48.9,1700,15.014142036437988,0.26694121956825256,16.980863571166992,24.677095413208008,10171.827492936065,419.03839111328125,284.3434753417969,67.85618662834167,0.05280283838510513,0.03582999110221863
49,1700,14.976271629333496,0.26581698656082153,16.980981826782227,24.599956512451172,10173.585346848535,417.7314147949219,283.1948547363281,67.79353022575378,0.05288327485322952,0.03585143759846687
49.1,1700,14.92237377166748,0.2649717628955841,16.98063850402832,24.545312881469727,10172.268122099802,416.7950744628906,282.2578430175781,67.72100925445557,0.05286788195371628,0.03580266237258911
49.2,1700,14.920092582702637,0.26481935381889343,16.980398178100586,24.52559471130371,10169.209363037255,416.4543762207031,282.0106506347656,67.71706342697144,0.05290612950921059,0.03582647815346718
49.3,1700,14.942639350891113,0.2651321291923523,16.980384826660156,24.499629974365234,10168.368903706425,416.0131530761719,282.3204040527344,67.86333918571472,0.05292794480919838,0.035918671637773514
49.4,1700,14.958403587341309,0.2649588882923126,16.980649948120117,24.458993911743164,10169.12776504397,415.3296203613281,282.156982421875,67.93568134307861,0.053014472126960754,0.036015741527080536
49.5,1700,14.97982406616211,0.26509764790534973,16.980560302734375,24.4262752532959,10168.35141842215,414.7718505859375,282.283203125,68.05746555328369,0.05306664854288101,0.03611581772565842
49.6,1700,14.987211227416992,0.2653842568397522,16.980594635009766,24.38892364501953,10167.308129793728,414.138427734375,282.55938720703125,68.22825074195862,0.053040921688079834,0.036188893020153046
49.7,1700,14.967214584350586,0.265522301197052,16.980838775634766,24.348522186279297,10169.041504308212,413.4583435058594,282.75457763671875,68.38768124580383,0.05293358862400055,0.03620005398988724
49.8,1700,14.937228202819824,0.2649323046207428,16.981351852416992,24.2498722076416,10172.999006982505,411.7956237792969,282.236083984375,68.53790283203125,0.052924588322639465,0.036273401230573654
49.9,1700,14.982977867126465,0.26526349782943726,16.981035232543945,24.19855308532715,10173.021155009255,410.9164733886719,282.58953857421875,68.77055168151855,0.05302028730511665,0.036462344229221344
50,1700,15.015768051147461,0.26574087142944336,16.98049545288086,24.184532165527344,10168.705786850127,410.66534423828125,282.9779968261719,68.90720129013062,0.05306337773799896,0.03656448796391487
50.1,1700,15.024109840393066,0.26642686128616333,16.98007583618164,24.211475372314453,10163.393757487313,411.1127014160156,283.5602722167969,68.97385716438293,0.052983831614255905,0.03654499351978302
50.2,1700,15.01572036743164,0.26698172092437744,16.98040199279785,24.19710922241211,10163.073193942266,410.87664794921875,284.141845703125,69.15502548217773,0.05284586176276207,0.03654556721448898
50.3,1700,14.999641418457031,0.2673195004463196,16.980424880981445,24.20096778869629,10163.593089728049,410.9427185058594,284.5158996582031,69.23492550849915,0.05271987244486809,0.03650056570768356
50.4,1700,14.908145904541016,0.2662757635116577,16.980796813964844,24.151504516601562,10167.153093606486,410.1117858886719,283.5042724609375,69.12853717803955,0.052585259079933167,0.03635141998529434
50.5,1700,14.901544570922852,0.26585760712623596,16.981088638305664,24.079774856567383,10168.924935746378,408.9007873535156,283.1083984375,69.2364513874054,0.052635472267866135,0.03644293546676636
50.6,1700,14.850702285766602,0.26499128341674805,16.98053550720215,24.086179733276367,10167.198555345602,408.9962158203125,282.137939453125,68.98301839828491,0.05263631418347359,0.03631012141704559
50.7,1700,14.78862476348877,0.26385247707366943,16.98056983947754,24.06741714477539,10165.96525996139,408.678466796875,280.8913879394531,68.7316358089447,0.05264890938997269,0.03618645668029785
50.8,1700,14.724055290222168,0.2622460424900055,16.980573654174805,24.053483963012695,10166.126124576722,408.44195556640625,279.1856384277344,68.35380792617798,0.052739303559064865,0.03604932129383087
50.9,1700,14.652896881103516,0.260867178440094,16.98046112060547,24.025270462036133,10166.435031265584,407.9601745605469,277.72613525390625,68.07677745819092,0.05276023969054222,0.03591746836900711
51,1750,14.60793399810791,0.26048851013183594,16.98029899597168,24.024730682373047,10165.424381834475,407.9471130371094,277.29541015625,67.97337532043457,0.052680037915706635,0.03580840304493904
51.1,1750,14.674671173095703,0.2691689431667328,16.965417861938477,24.933475494384766,10194.132887243171,423.0068359375,287.34515380859375,67.92919635772705,0.051069844514131546,0.03469133377075195
51.2,1750,15.341785430908203,0.2885923385620117,16.9515323638916,26.97715187072754,10343.20192980324,457.3040771484375,312.585205078125,68.3539092540741,0.04908033087849617,0.033548325300216675
51.3,1750,15.885998725891113,0.29601535201072693,16.960426330566406,28.16212272644043,10523.700188005228,477.6416015625,326.2205505371094,68.29818487167358,0.04869711026549339,0.03325924277305603
51.4,1750,16.308624267578125,0.29944825172424316,16.96714210510254,28.811176300048828,10653.74174421699,488.84332275390625,334.08160400390625,68.34124326705933,0.048816289752721786,0.033361658453941345
51.5,1750,16.57671356201172,0.301402747631073,16.970815658569336,29.227216720581055,10737.714239105984,496.00970458984375,338.9125671386719,68.32780838012695,0.04891147464513779,0.0334201380610466
51.6,1750,16.687400817871094,0.3014598786830902,16.973499298095703,29.47986602783203,10795.23383025779,500.3764953613281,340.7926330566406,68.10724139213562,0.048966437578201294,0.03334968909621239
51.7,1750,16.797826766967773,0.3016388416290283,16.974626541137695,29.645244598388672,10831.223208038693,503.2169494628906,342.1317443847656,67.98891425132751,0.049097537994384766,0.03338088467717171
51.8,1750,16.83706283569336,0.3014320135116577,16.97510528564453,29.776836395263672,10854.16156963656,505.4649353027344,342.6212463378906,67.78338551521301,0.049141913652420044,0.03331005200743675
51.9,1750,16.832515716552734,0.3010941445827484,16.975601196289062,29.857707977294922,10869.159280802238,506.8525390625,342.7100830078125,67.61534214019775,0.04911590367555618,0.03320988640189171
52,1750,16.913951873779297,0.30212315917015076,16.975631713867188,29.937875747680664,10876.597520732921,508.21435546875,344.1166687011719,67.71093010902405,0.04915179684758186,0.03328113630414009
52.1,1750,17.008527755737305,0.3047429919242859,16.975406646728516,30.042354583740234,10877.69326521417,509.9811706542969,347.1355895996094,68.06831359863281,0.048996783792972565,0.03335128352046013
52.2,1750,17.112260818481445,0.3064923882484436,16.974721908569336,30.206789016723633,10873.77423016528,512.7518310546875,349.0025634765625,68.06461215019226,0.049031905829906464,0.033373378217220306
52.3,1750,17.149019241333008,0.307792067527771,16.974763870239258,30.360963821411133,10872.89180615219,515.3701782226562,350.4540710449219,68.00045371055603,0.048933714628219604,0.033275146037340164
52.4,1750,17.179555892944336,0.30766159296035767,16.975570678710938,30.449092864990234,10880.24844808959,516.8907470703125,350.54254150390625,67.81753301620483,0.04900847747921944,0.033236339688301086
52.5,1750,17.192941665649414,0.30729663372039795,16.975727081298828,30.477558135986328,10885.439246148097,517.3787231445312,350.2937316894531,67.70548224449158,0.04908149689435959,0.03323086351156235
52.6,1750,17.292316436767578,0.3079061508178711,16.97491455078125,30.584375381469727,10882.93768481112,519.1671752929688,350.90789794921875,67.59054064750671,0.04927879199385643,0.03330780193209648
52.7,1750,17.365602493286133,0.30915403366088867,16.974746704101562,30.711807250976562,10880.781166417175,521.3251342773438,352.2602233886719,67.57015585899353,0.04929765313863754,0.033310502767562866
52.8,1750,17.424198150634766,0.3112078905105591,16.975677490234375,30.76228904724121,10884.469395713631,522.210693359375,354.72064208984375,67.92672872543335,0.04912089928984642,0.03336622193455696
52.9,1750,17.52906036376953,0.31205233931541443,16.9762020111084,30.791099548339844,10890.480836447456,522.7159423828125,355.8796081542969,68.08279752731323,0.04925559088587761,0.03353458270430565
53,1750,17.51734733581543,0.31190067529678345,16.97589111328125,30.856412887573242,10890.934288152994,523.8151245117188,355.7214660644531,67.90973544120789,0.049244560301303864,0.033441852778196335
53.1,1750,17.466501235961914,0.31149378418922424,16.97590446472168,30.889251708984375,10892.013713035585,524.3729858398438,355.2926025390625,67.75570511817932,0.04916089028120041,0.03330930694937706
53.2,1750,17.408538818359375,0.3104745149612427,16.9763240814209,30.88036346435547,10896.586697716368,524.2350463867188,354.2787170410156,67.58012771606445,0.04913797602057457,0.03320750594139099
53.3,1750,17.424598693847656,0.31063520908355713,16.977035522460938,30.82386589050293,10902.602801192665,523.2978515625,354.65777587890625,67.77359247207642,0.04913073778152466,0.033297669142484665
53.4,1750,17.40374755859375,0.31119805574417114,16.97784996032715,30.729717254638672,10910.419888949313,521.7245483398438,355.5551452636719,68.14997792243958,0.048948097974061966,0.03335811570286751
53.5,1750,17.377683639526367,0.30963215231895447,16.978225708007812,30.626609802246094,10916.505933562712,519.9854736328125,353.96337890625,68.07177662849426,0.04909458011388779,0.03341955319046974
53.6,1750,17.295055389404297,0.30812087655067444,16.97756004333496,30.558551788330078,10915.848486873963,518.8096313476562,352.2145080566406,67.88896918296814,0.0491037555038929,0.033336032181978226
53.7,1750,17.225975036621094,0.3075372278690338,16.9765625,30.54835319519043,10909.656364869294,518.6060180664062,351.3479309082031,67.74852275848389,0.04902825504541397,0.03321591764688492
53.8,1750,17.208805084228516,0.30838313698768616,16.976757049560547,30.55510711669922,10907.037069284865,518.7266235351562,352.229736328125,67.90276765823364,0.04885676130652428,0.03317509591579437
53.9,1750,17.163818359375,0.3089088201522827,16.977540969848633,30.490493774414062,10910.931624935767,517.6536254882812,352.9561462402344,68.18385124206543,0.048628754913806915,0.03315695747733116
54,1750,17.243059158325195,0.3082889914512634,16.977489471435547,30.41778564453125,10910.848861256865,516.4176635742188,352.2452697753906,68.20937991142273,0.048951853066682816,0.03338975831866264
54.1,1750,17.331886291503906,0.30870237946510315,16.97572135925293,30.485567092895508,10900.193329019537,517.5144653320312,352.3731384277344,68.0895209312439,0.04918617382645607,0.0334906280040741
54.2,1750,17.348054885864258,0.3093854784965515,16.974685668945312,30.61188316345215,10889.455033103308,519.6270751953125,352.8049621582031,67.8957998752594,0.049171797931194305,0.033385585993528366
54.3,1750,17.358530044555664,0.31007272005081177,16.974515914916992,30.72138786315918,10884.268897787275,521.480712890625,353.4202575683594,67.7724540233612,0.04911583289504051,0.03328700363636017
54.4,1750,17.377601623535156,0.3117271959781647,16.97420883178711,30.853708267211914,10880.542200865413,523.71728515625,355.18438720703125,67.81986951828003,0.04892558231949806,0.033181264996528625
54.5,1750,17.390684127807617,0.3137161433696747,16.974794387817383,30.97637367248535,10880.64244982859,525.8175659179688,357.4538879394531,67.98058748245239,0.048651546239852905,0.033073607832193375
54.6,1750,17.44900894165039,0.3147450387477875,16.975645065307617,31.012805938720703,10887.430237184237,526.46240234375,358.8499450683594,68.16250681877136,0.048624806106090546,0.03314388543367386
54.7,1750,17.43479347229004,0.31381261348724365,16.976560592651367,30.990556716918945,10895.226342599753,526.113037109375,358.0430603027344,68.05439591407776,0.048694681376218796,0.03313887119293213
54.8,1750,17.29958152770996,0.31170159578323364,16.97704315185547,30.92704200744629,10904.940000857454,525.0497436523438,355.9515686035156,67.79388189315796,0.0486009418964386,0.032948464155197144
54.9,1750,17.18867301940918,0.3096151351928711,16.977319717407227,30.83393669128418,10912.658005336543,523.4776000976562,353.81915283203125,67.59012341499329,0.048580389469861984,0.032835546880960464
55,1750,17.13597869873047,0.3099479079246521,16.977630615234375,30.73984718322754,10915.742409482693,521.8897705078125,354.299560546875,67.8878128528595,0.048365794122219086,0.032834477722644806
55.1,1750,17.1259765625,0.31005585193634033,16.977867126464844,30.62586784362793,10918.275444331366,519.9619140625,354.50518798828125,68.17907094955444,0.04830952361226082,0.032936982810497284
55.2,1750,17.110734939575195,0.3086620569229126,16.977495193481445,30.561569213867188,10916.601519783417,518.85888671875,352.85748291015625,68.00644397735596,0.04849191755056381,0.0329776257276535
55.3,1750,17.04459571838379,0.3074314594268799,16.97687530517578,30.543378829956055,10913.293303998542,518.5311279296875,351.34417724609375,67.75758266448975,0.0485125333070755,0.03287092223763466
55.4,1750,16.961366653442383,0.30623507499694824,16.976869583129883,30.479263305664062,10912.274494768106,517.4425048828125,349.9442138671875,67.62958765029907,0.04846877232193947,0.032779231667518616
55.5,1750,17.008621215820312,0.30745747685432434,16.97699737548828,30.433666229248047,10910.642534902418,516.6722412109375,351.2885437011719,67.99059510231018,0.04841780662536621,0.03291955590248108
55.6,1750,17.09996795654297,0.30828380584716797,16.976619720458984,30.419727325439453,10907.501012160967,516.4241333007812,352.1312561035156,68.18644404411316,0.04856134578585625,0.03311225399374962
55.7,1750,17.171907424926758,0.3080565333366394,16.976215362548828,30.44658088684082,10902.967660791208,516.8677368164062,351.7254333496094,68.04940700531006,0.048821911215782166,0.033223021775484085
55.8,1750,17.1422176361084,0.30699676275253296,16.97618865966797,30.4803466796875,10901.297233300114,517.4401245117188,350.46173095703125,67.72990822792053,0.04891323670744896,0.03312889114022255
55.9,1750,17.06172752380371,0.30614766478538513,16.97613525390625,30.477216720581055,10902.355675841576,517.3853759765625,349.5263366699219,67.55629181861877,0.04881385341286659,0.03297682851552963
56,1800,17.085493087768555,0.3057088255882263,16.9765625,30.442283630371094,10904.120523867756,516.8053588867188,349.0818176269531,67.5460934638977,0.04894409328699112,0.033059824258089066
56.1,1800,17.308134078979492,0.31653308868408203,16.95958709716797,31.462587356567383,10931.895315096153,533.5924682617188,362.3624572753906,67.90996193885803,0.047764699906110764,0.03243698924779892
56.2,1800,17.630538940429688,0.3319717049598694,16.9426326751709,33.8347282409668,11074.427192708521,573.2493896484375,384.9913330078125,67.15948581695557,0.04579463601112366,0.03075544349849224
56.3,1800,18.148534774780273,0.33957844972610474,16.95221710205078,35.23338317871094,11251.0367236877,597.283935546875,400.0932922363281,66.98544025421143,0.0453607551753521,0.030385103076696396
56.4,1800,18.67443084716797,0.3438735902309418,16.960100173950195,36.01594543457031,11380.735568327666,610.8340454101562,409.8243713378906,67.09258556365967,0.04556691274046898,0.03057202138006687
56.5,1800,19.076684951782227,0.3475574553012848,16.96272087097168,36.658897399902344,11457.410871245796,621.8346557617188,417.00543212890625,67.06050038337708,0.04574684798717499,0.030678067356348038
56.6,1800,19.320354461669922,0.35056397318840027,16.963865280151367,37.191993713378906,11501.877114843332,630.9199829101562,422.2451171875,66.92530512809753,0.045756254345178604,0.030622512102127075
56.7,1800,19.506383895874023,0.353617787361145,16.964990615844727,37.6399040222168,11531.34681296081,638.5606079101562,427.0146179199219,66.87143445014954,0.045680832117795944,0.030547427013516426
56.8,1800,19.68651580810547,0.3565787374973297,16.96695899963379,37.95565414428711,11556.657344792018,643.9920043945312,431.5352783203125,67.00941324234009,0.04561971500515938,0.03056950308382511
56.9,1800,19.663070678710938,0.3564150929450989,16.968700408935547,38.13490676879883,11583.773523646048,647.0997924804688,432.34930419921875,66.81338548660278,0.04547959566116333,0.030386457219719887
57,1800,19.632095336914062,0.35705167055130005,16.96979522705078,38.220359802246094,11603.446799826921,648.5916748046875,433.8570861816406,66.89217686653137,0.045250143855810165,0.030268805101513863
57.1,1800,19.715356826782227,0.35750529170036316,16.970752716064453,38.26429748535156,11616.74960410352,649.3739013671875,434.90631103515625,66.97317361831665,0.045332420617341995,0.03036056086421013
57.2,1800,19.66071319580078,0.3563661575317383,16.97166633605957,38.2392692565918,11630.64923941671,648.984130859375,434.0392761230469,66.87979698181152,0.045297082513570786,0.030294599011540413
57.3,1800,19.825393676757812,0.35662660002708435,16.971960067749023,38.21841812133789,11637.102474999889,648.6414794921875,434.59747314453125,67.00118780136108,0.045617830008268356,0.030564486980438232
57.4,1800,19.806333541870117,0.3560250401496887,16.971031188964844,38.25203323364258,11637.92078630397,649.1764526367188,433.8949279785156,66.83774590492249,0.045647766441106796,0.030509939417243004
57.5,1800,19.795223236083984,0.35650256276130676,16.970861434936523,38.284420013427734,11636.737615401345,649.7196044921875,434.4327087402344,66.86464548110962,0.045565683394670486,0.030467333272099495
57.6,1800,19.769424438476562,0.35619649291038513,16.971904754638672,38.24565124511719,11641.21734523266,649.1015625,434.2268371582031,66.89659357070923,0.045527875423431396,0.030456596985459328
57.7,1800,19.702552795410156,0.3549882471561432,16.972530364990234,38.160614013671875,11648.655585163346,647.6821899414062,433.0304260253906,66.85847043991089,0.04549923539161682,0.03042009472846985
57.8,1800,19.8498592376709,0.3559463322162628,16.971561431884766,38.17481994628906,11642.982193258842,647.8862915039062,433.9876403808594,66.9851541519165,0.045738305896520615,0.030637875199317932
57.9,1800,19.80464744567871,0.3563929498195648,16.970237731933594,38.25330352783203,11637.290150384444,649.1676635742188,434.31976318359375,66.90409779548645,0.045599233359098434,0.030507754534482956
58,1800,19.91681671142578,0.35783499479293823,16.969680786132812,38.36751937866211,11629.125688313528,651.0845336914062,435.77117919921875,66.93004369735718,0.045704759657382965,0.03059021569788456
58.1,1800,19.97597885131836,0.35883113741874695,16.96977424621582,38.47817611694336,11625.50973152541,652.9659423828125,436.848388671875,66.90216660499573,0.04572748765349388,0.030592679977416992
58.2,1800,19.919025421142578,0.35937535762786865,16.969497680664062,38.601348876953125,11623.134064235215,655.0454711914062,437.4215393066406,66.77727699279785,0.04553736746311188,0.03040861338376999
58.3,1800,20.051740646362305,0.3605179190635681,16.97064971923828,38.65172576904297,11627.067087511525,655.9448852539062,438.9607238769531,66.92036390304565,0.04568003490567207,0.030569246038794518
58.4,1800,20.026859283447266,0.3602171838283539,16.970731735229492,38.6743049621582,11633.639223027774,656.3312377929688,438.84246826171875,66.862952709198,0.0456356480717659,0.0305133406072855
58.5,1800,20.02538299560547,0.3605870306491852,16.970783233642578,38.72002029418945,11635.803901221048,657.1090698242188,439.374755859375,66.86481833457947,0.045576997101306915,0.03047497570514679
58.6,1800,19.973264694213867,0.359769344329834,16.971553802490234,38.68585968017578,11640.883959145813,656.5591430664062,438.56982421875,66.79821610450745,0.04554181545972824,0.030421119183301926
58.7,1800,19.775794982910156,0.35873138904571533,16.972137451171875,38.61229705810547,11648.500548976104,655.3331909179688,437.59063720703125,66.7737603187561,0.045192454010248184,0.03017670102417469
58.8,1800,19.922443389892578,0.35887545347213745,16.972198486328125,38.53252410888672,11650.55098997878,653.9816284179688,437.84344482421875,66.9504165649414,0.04550129547715187,0.030463306233286858
58.9,1800,19.859588623046875,0.35828113555908203,16.970670700073242,38.56790542602539,11645.060610716357,654.523193359375,436.912353515625,66.75276160240173,0.04545440152287483,0.030342068523168564
59,1800,19.929916381835938,0.3594444692134857,16.970361709594727,38.60575866699219,11639.621521621142,655.1536865234375,438.1262512207031,66.87381267547607,0.045488979667425156,0.03042021580040455
59.1,1800,19.911664962768555,0.36027854681015015,16.96923828125,38.7388801574707,11629.337843096067,657.3692626953125,438.7549133300781,66.74405932426453,0.04538220167160034,0.030289921909570694
59.2,1800,19.86733627319336,0.3610211908817291,16.969623565673828,38.81557846069336,11628.968320755052,658.6857299804688,439.6453552246094,66.74584150314331,0.04518945887684822,0.030162086710333824
59.3,1800,19.998071670532227,0.3623805046081543,16.969928741455078,38.87212371826172,11629.487050855216,659.6571655273438,441.3204040527344,66.90148115158081,0.04531417787075043,0.030315855517983437
59.4,1800,19.848581314086914,0.3610261380672455,16.970415115356445,38.89680480957031,11634.879512525698,660.0949096679688,439.8748779296875,66.63812398910522,0.04512324556708336,0.03006928414106369
59.5,1800,19.84449005126953,0.3607184886932373,16.971559524536133,38.841678619384766,11641.838655667241,659.203857421875,439.7629089355469,66.71121716499329,0.04512542858719826,0.03010372258722782
59.6,1800,19.79474639892578,0.35959237813949585,16.971895217895508,38.775108337402344,11647.91887185255,658.0870971679688,438.6189880371094,66.65059924125671,0.04512970522046089,0.030079221352934837
59.7,1800,19.771108627319336,0.3588929772377014,16.97207260131836,38.69660949707031,11651.792445162322,656.7616577148438,437.9114685058594,66.6773796081543,0.04514864459633827,0.030103933066129684
59.8,1800,19.88869285583496,0.35925015807151794,16.971708297729492,38.65448760986328,11650.307361684545,656.03271484375,438.2914123535156,66.80938601493835,0.045377783477306366,0.03031661920249462
59.9,1800,19.852310180664062,0.3595609664916992,16.97021484375,38.711299896240234,11643.790013392358,656.9390869140625,438.4252014160156,66.73757433891296,0.04528094828128815,0.030219407752156258
60,1800,20.07033348083496,0.36191853880882263,16.968379974365234,38.893733978271484,11627.39464517028,659.9636840820312,440.6784973144531,66.77314639091492,0.04554416239261627,0.03041127137839794
60.1,1800,20.01615333557129,0.36345574259757996,16.967967987060547,39.08637237548828,11618.448008049452,663.21630859375,442.209716796875,66.67654514312744,0.04526393860578537,0.03018043003976345
60.2,1800,20.02682876586914,0.3637113869190216,16.969425201416016,39.14840316772461,11623.753043298559,664.325927734375,442.7228088378906,66.64240956306458,0.04523559287190437,0.03014609031379223
60.3,1800,20.193506240844727,0.3656715452671051,16.968772888183594,39.27033996582031,11621.812176744008,666.3695068359375,445.0344543457031,66.78494215011597,0.04537515342235565,0.030303768813610077
60.4,1800,20.151674270629883,0.36552712321281433,16.968910217285156,39.38163375854492,11624.555035003983,668.263427734375,444.96368408203125,66.58507585525513,0.04528835788369179,0.030155286192893982
60.5,1800,20.193910598754883,0.36580169200897217,16.969942092895508,39.39788818359375,11631.092199951683,668.5798950195312,445.54833984375,66.64100289344788,0.045323725789785385,0.030204184353351593
60.6,1800,20.210798263549805,0.3660871386528015,16.96953010559082,39.45928192138672,11631.395278212454,669.60546875,445.9076232910156,66.5925920009613,0.04532507807016373,0.03018314391374588
60.7,1800,20.09654998779297,0.3657017946243286,16.97014617919922,39.45417785644531,11636.995231923001,669.5431518554688,445.6527099609375,66.56071543693542,0.04509464278817177,0.030015315860509872
60.8,1800,20.05999183654785,0.36515867710113525,16.971450805664062,39.35503387451172,11646.816133257591,667.9120483398438,445.3664245605469,66.68040156364441,0.04504154622554779,0.030033882707357407
60.9,1800,19.914045333862305,0.3635018467903137,16.971601486206055,39.2597541809082,11653.099178740491,666.3009033203125,443.5848388671875,66.57425165176392,0.04489343240857124,0.02988746576011181
61,1850,19.964202880859375,0.36327412724494934,16.972225189208984,39.14391326904297,11657.785234926254,664.3593139648438,443.4851989746094,66.75381660461426,0.04501661658287048,0.030050309374928474
61.1,1850,19.871854782104492,0.3679603040218353,16.956010818481445,39.9481315612793,11683.33006956675,677.3609619140625,450.1903991699219,66.46240949630737,0.044141001999378204,0.029337171465158463
61.2,1850,20.247163772583008,0.3835253417491913,16.933841705322266,42.458709716796875,11811.60677775233,718.9890747070312,474.3857727050781,65.97955226898193,0.04268079996109009,0.02816059999167919
61.3,1850,20.702592849731445,0.39225900173187256,16.942100524902344,44.12711715698242,11979.427039169157,747.6060791015625,492.0821228027344,65.82104563713074,0.04207141697406769,0.02769184671342373
61.4,1850,21.1281795501709,0.39659857749938965,16.950511932373047,45.119354248046875,12104.793030365721,764.796142578125,502.7326965332031,65.73420763015747,0.042026665061712265,0.02762589603662491
61.5,1850,21.26063346862793,0.39878737926483154,16.955806732177734,45.7448616027832,12195.978787861059,775.6410522460938,509.31524658203125,65.66378474235535,0.04174356162548065,0.02741040289402008
61.6,1850,21.482702255249023,0.40007835626602173,16.959566116333008,46.103214263916016,12256.752973259294,781.8905029296875,513.51025390625,65.67546725273132,0.0418350026011467,0.027475332841277122
61.7,1850,21.635196685791016,0.40223804116249084,16.959980010986328,46.46519088745117,12290.0997417434,788.0487060546875,517.6868896484375,65.6922459602356,0.04179205000400543,0.027454135939478874
61.8,1850,21.77220916748047,0.4031238257884979,16.96086883544922,46.73163604736328,12312.751344679154,792.609130859375,519.7831420898438,65.5787467956543,0.04188710078597069,0.027469035238027573
61.9,1850,21.86034393310547,0.40475213527679443,16.962100982666016,46.95079040527344,12329.53605189776,796.384033203125,522.5941162109375,65.62086343765259,0.04183044657111168,0.02744949981570244
62,1850,21.776784896850586,0.4045807421207428,16.963354110717773,47.06599044799805,12346.171551357216,798.3970336914062,523.07763671875,65.51597118377686,0.0416320338845253,0.027275633066892624
62.1,1850,21.908361434936523,0.40450671315193176,16.964290618896484,47.129364013671875,12357.376121520785,799.5162353515625,523.45654296875,65.47165513038635,0.04185326024889946,0.02740202285349369
62.2,1850,21.855144500732422,0.4051820933818817,16.96428108215332,47.19783020019531,12364.46115870911,800.67724609375,524.631103515625,65.52342176437378,0.04165811464190483,0.027295822277665138
62.3,1850,21.815006256103516,0.4040706157684326,16.965309143066406,47.1844596862793,12373.926525930101,800.4989624023438,523.592529296875,65.4082715511322,0.04166409373283386,0.02725176140666008
62.4,1850,21.80684471130371,0.40311190485954285,16.966611862182617,47.1085090637207,12383.802214488753,799.2717895507812,522.76708984375,65.40542244911194,0.04171426221728325,0.02728339098393917
62.5,1850,21.673072814941406,0.40249231457710266,16.96685791015625,47.00797653198242,12391.613473817308,797.57763671875,522.2928466796875,65.48488736152649,0.04149601608514786,0.027173621580004692
62.6,1850,21.584657669067383,0.4015927016735077,16.966533660888672,46.91583251953125,12395.58030197655,795.9990234375,521.2922973632812,65.48905968666077,0.0414060577750206,0.027116436511278152
62.7,1850,21.715373992919922,0.40125173330307007,16.966264724731445,46.857704162597656,12392.484240974214,795.0001831054688,520.7196044921875,65.49929976463318,0.041702624410390854,0.02731492929160595
62.8,1850,21.7485294342041,0.401798278093338,16.964723587036133,46.90406036376953,12384.39671415411,795.7144165039062,521.0885620117188,65.48688411712646,0.041736721992492676,0.02733207866549492
62.9,1850,21.81732940673828,0.40198850631713867,16.964954376220703,46.936492919921875,12382.37191823504,796.2754516601562,521.2500610351562,65.46102166175842,0.04185578599572182,0.027399223297834396
63,1850,21.8980712890625,0.401867151260376,16.966014862060547,46.88792037963867,12385.163735290984,795.5011596679688,521.2101440429688,65.5197262763977,0.042013898491859436,0.02752739004790783
63.1,1850,21.77016258239746,0.4027214050292969,16.964597702026367,46.923831939697266,12379.651208001813,796.0439453125,522.0856323242188,65.58502912521362,0.04169845208525658,0.02734794095158577
63.2,1850,21.890348434448242,0.40384212136268616,16.963302612304688,47.072391510009766,12369.772022386305,798.5032348632812,523.1207275390625,65.51266312599182,0.041845690459012985,0.02741422690451145
63.3,1850,21.91061782836914,0.4044712781906128,16.964136123657227,47.16222381591797,12369.855951750827,800.06640625,523.9392700195312,65.48697352409363,0.041819002479314804,0.027386000379920006
63.4,1850,21.818037033081055,0.40400663018226624,16.964611053466797,47.20029067993164,12375.16331837117,800.7345581054688,523.5618896484375,65.38520455360413,0.04167231544852257,0.027247527614235878
63.5,1850,21.97173500061035,0.40362656116485596,16.965354919433594,47.20421600341797,12377.162469206638,800.8363037109375,523.1538696289062,65.32594561576843,0.04199860990047455,0.027435988187789917
63.6,1850,21.989667892456055,0.4056832492351532,16.96271324157715,47.391971588134766,12365.790040314027,803.8964233398438,525.3364868164062,65.34878015518188,0.0418582521378994,0.027353856712579727
63.7,1850,22.0432186126709,0.4063858389854431,16.96278953552246,47.557735443115234,12361.56559563313,806.7118530273438,526.0665283203125,65.2112066745758,0.04190196096897125,0.027324773371219635
63.8,1850,22.164134979248047,0.40788960456848145,16.96284294128418,47.693824768066406,12359.561782055189,809.0228881835938,527.9275512695312,65.25496244430542,0.041983287781476974,0.027396179735660553
63.9,1850,22.308279037475586,0.4102775752544403,16.961055755615234,47.956729888916016,12351.069762325516,813.3967895507812,530.6534423828125,65.23918509483337,0.04203926399350166,0.02742607332766056
64,1850,22.477235794067383,0.4132264256477356,16.96005630493164,48.30403137207031,12338.613245807841,819.2390747070312,533.928466796875,65.17370343208313,0.04209784418344498,0.027436722069978714
64.1,1850,22.464990615844727,0.41583555936813354,16.959545135498047,48.62690734863281,12333.289559588842,824.6902465820312,537.06787109375,65.12358784675598,0.04182896018028259,0.02724052034318447
64.2,1850,22.509815216064453,0.4166852831840515,16.96147918701172,48.831199645996094,12340.207903733743,828.2493896484375,538.4672241210938,65.01269340515137,0.041803501546382904,0.027177581563591957
64.3,1850,22.384431838989258,0.4160475432872772,16.96434783935547,48.803855895996094,12362.85018118455,827.9255981445312,538.6295776367188,65.05772471427917,0.041558120399713516,0.027036767452955246
64.4,1850,22.356342315673828,0.4148073196411133,16.964900970458984,48.7398796081543,12377.538985661364,826.8672485351562,537.6619873046875,65.02398252487183,0.04158066213130951,0.027037402614951134
64.5,1850,22.458538055419922,0.4142020642757416,16.96492576599121,48.7125244140625,12383.053844321772,826.4043579101562,537.11669921875,64.99441266059875,0.04181314632296562,0.027176208794116974
64.6,1850,22.422832489013672,0.4143833816051483,16.96509552001953,48.66537857055664,12387.091779303733,825.61279296875,537.5270385742188,65.10643362998962,0.04171479865908623,0.02715901844203472
64.7,1850,22.304323196411133,0.4136727452278137,16.965736389160156,48.572872161865234,12392.375832211708,824.0745239257812,536.8341064453125,65.14387726783752,0.04154788702726364,0.027065904811024666
64.8,1850,22.30963897705078,0.41255423426628113,16.966495513916016,48.4506950378418,12395.95448706004,822.0385131835938,535.5371704101562,65.14745950698853,0.0416584312915802,0.027139408513903618
64.9,1850,22.267118453979492,0.412146657705307,16.966236114501953,48.33442306518555,12398.353468062602,820.05322265625,535.1116333007812,65.25328159332275,0.04161209613084793,0.0271532591432333
65,1850,22.245136260986328,0.4125560522079468,16.964458465576172,48.37342834472656,12387.971871945587,820.6290283203125,535.1947021484375,65.21761417388916,0.041564568877220154,0.027107421308755875
65.1,1850,22.374622344970703,0.41279175877571106,16.9639892578125,48.44274139404297,12379.68151582789,821.7821655273438,535.14208984375,65.11970162391663,0.041810620576143265,0.027226950973272324
65.2,1850,22.371679306030273,0.41385209560394287,16.963336944580078,48.55792999267578,12371.543864526197,823.7045288085938,536.1640014648438,65.09178876876831,0.041725438088178635,0.027159836143255234
65.3,1850,22.44861602783203,0.41460752487182617,16.962858200073242,48.6902961730957,12367.4336570359,825.9265747070312,536.9642944335938,65.01355767250061,0.04180653765797615,0.027179917320609093
65.4,1850,22.58400535583496,0.41602814197540283,16.962547302246094,48.827293395996094,12364.865651618677,828.2352905273438,538.6922607421875,65.04096984863281,0.04192376136779785,0.027267619967460632
65.5,1850,22.365415573120117,0.4098706841468811,16.97044563293457,48.170166015625,12417.365800497872,817.4691772460938,532.97265625,65.19789099693298,0.04196353256702423,0.027359338477253914
65.6,1850,22.381608963012695,0.41384023427963257,16.961782455444336,48.52830123901367,12378.38877047714,823.12646484375,536.4453125,65.17167091369629,0.041722070425748825,0.02719097211956978
65.7,1850,22.328765869140625,0.41466426849365234,16.962425231933594,48.69185256958008,12368.058464527334,825.931884765625,537.0648803710938,65.02532362937927,0.04157554730772972,0.027034632861614227
65.8,1850,22.397798538208008,0.41507092118263245,16.964126586914062,48.750221252441406,12372.167506332013,827.0049438476562,537.7702026367188,65.02623558044434,0.041649386286735535,0.027083029970526695
65.9,1850,22.2357234954834,0.4150733947753906,16.965608596801758,48.693267822265625,12383.912954622496,826.1109008789062,538.283935546875,65.1587963104248,0.04130854085087776,0.026916148141026497
66,1900,22.297149658203125,0.41338399052619934,16.965993881225586,48.613037109375,12389.406830941774,824.7684936523438,536.3308715820312,65.02804756164551,0.04157349839806557,0.02703443355858326
66.1,1900,22.47125244140625,0.4191959798336029,16.948383331298828,49.52284622192383,12393.85741863263,839.3321533203125,544.0667724609375,64.82139229774475,0.041302379220724106,0.02677277661859989
66.2,1900,22.929487228393555,0.437235563993454,16.918670654296875,52.63994598388672,12489.05896308318,890.597900390625,571.8390502929688,64.20844197273254,0.04009779915213585,0.025746172294020653
66.3,1900,23.47347640991211,0.4495944380760193,16.92536163330078,55.03450393676758,12646.884636008284,931.4788818359375,595.4332885742188,63.92343044281006,0.03942251205444336,0.025200223550200462
66.4,1900,24.029359817504883,0.4563015103340149,16.935787200927734,56.5202522277832,12778.448577637608,957.2149658203125,610.6026000976562,63.789498805999756,0.039353515952825546,0.025103410705924034
66.5,1900,24.34358024597168,0.46061474084854126,16.94245719909668,57.52976989746094,12873.57202115173,974.6956787109375,620.9627075195312,63.70837092399597,0.039202965795993805,0.024975569918751717
66.6,1900,24.555910110473633,0.46270933747291565,16.94660186767578,58.286617279052734,12939.215275377808,987.7600708007812,626.9672241210938,63.47362995147705,0.039166178554296494,0.024860195815563202
66.7,1900,24.593326568603516,0.4635579586029053,16.951711654663086,58.67804718017578,12999.223605324787,994.693359375,631.0300903320312,63.439661264419556,0.03897330164909363,0.024724531918764114
66.8,1900,24.659950256347656,0.4644184708595276,16.95450210571289,58.869361877441406,13042.103350795749,998.1007080078125,634.2869262695312,63.54938745498657,0.03887822851538658,0.024706875905394554
66.9,1900,24.672821044921875,0.4652085602283478,16.955289840698242,59.03974914550781,13067.629534466352,1001.0360717773438,636.6094970703125,63.595062494277954,0.0387566015124321,0.024647284299135208
67,1900,24.685033798217773,0.465383917093277,16.955286026000977,59.25901412963867,13078.776986034623,1004.7535400390625,637.3927612304688,63.437724113464355,0.03872813656926155,0.02456824854016304
67.1,1900,24.675201416015625,0.46455809473991394,16.957414627075195,59.318119049072266,13095.325059072704,1005.8819580078125,637.0667114257812,63.33414912223816,0.03873252123594284,0.024530911818146706
67.2,1900,24.713336944580078,0.4635028839111328,16.9583683013916,59.27509307861328,13109.190889502963,1005.2088623046875,636.292724609375,63.29955458641052,0.03883957117795944,0.02458527497947216
67.3,1900,24.72463035583496,0.4634476900100708,16.957839965820312,59.31818771362305,13112.825497260974,1005.9083251953125,636.393310546875,63.26553821563721,0.03885117918252945,0.024579407647252083
67.4,1900,24.764812469482422,0.4636836051940918,16.95758628845215,59.352210998535156,13114.70691384899,1006.47021484375,636.8086547851562,63.27148079872131,0.03888893872499466,0.024605607613921165
67.5,1900,24.73165512084961,0.4638972580432892,16.958112716674805,59.35791778564453,13118.372995118696,1006.5982666015625,637.2801513671875,63.310277462005615,0.03880813717842102,0.024569539353251457
67.6,1900,24.72876739501953,0.46464288234710693,16.95742416381836,59.425987243652344,13116.363353112663,1007.711669921875,638.2066650390625,63.332271575927734,0.03874726966023445,0.0245395265519619
67.7,1900,24.754226684570312,0.4642220437526703,16.95796775817871,59.43610382080078,13118.719203747345,1007.91552734375,637.7431640625,63.27347159385681,0.03881535306572914,0.02455982193350792
67.8,1900,24.797454833984375,0.4650019109249115,16.957582473754883,59.51637268066406,13114.492427695213,1009.2537841796875,638.6087036132812,63.27533721923828,0.038830436766147614,0.02457008883357048
67.9,1900,24.7958984375,0.4650401473045349,16.957643508911133,59.60260772705078,13113.914247628512,1010.7197875976562,638.633056640625,63.18596601486206,0.03882651776075363,0.02453291043639183
68,1900,24.751811981201172,0.46385762095451355,16.95899200439453,59.57661819458008,13120.500371372184,1010.359375,637.3290405273438,63.07944059371948,0.03883678466081619,0.024498026818037033
68.1,1900,24.806316375732422,0.4633779525756836,16.959238052368164,59.50973892211914,13125.702826286873,1009.2398071289062,636.9224243164062,63.10912370681763,0.038947153836488724,0.024579208344221115
68.2,1900,24.948585510253906,0.4652163088321686,16.957122802734375,59.60763168334961,13116.61280983499,1010.77392578125,639.0064697265625,63.219523429870605,0.039042774587869644,0.024682655930519104
68.3,1900,24.888704299926758,0.46708327531814575,16.956350326538086,59.7626953125,13109.507955991154,1013.357177734375,641.2233276367188,63.27713131904602,0.03881440684199333,0.02456064336001873
68.4,1900,24.776901245117188,0.4665909707546234,16.95868682861328,59.73723220825195,13119.607456188527,1013.0650024414062,641.0409545898438,63.2773756980896,0.03865104168653488,0.02445736527442932
68.5,1900,24.722698211669922,0.4655601680278778,16.960641860961914,59.59713363647461,13131.152406552656,1010.8056640625,640.1876220703125,63.33439350128174,0.03861789405345917,0.02445841021835804
68.6,1900,24.568145751953125,0.46358972787857056,16.96173858642578,59.41024398803711,13140.890544208341,1007.7010498046875,637.9508666992188,63.30755352973938,0.03851103410124779,0.024380391463637352
68.7,1900,24.472131729125977,0.4611817002296448,16.962495803833008,59.175662994384766,13148.375411563758,1003.7669067382812,634.9985961914062,63.26155662536621,0.03853887319564819,0.024380292743444443
68.8,1900,24.535493850708008,0.4601377248764038,16.960174560546875,59.111000061035156,13140.064073104932,1002.5328979492188,633.1607055664062,63.15610408782959,0.03875081613659859,0.024473505094647408
68.9,1900,24.460927963256836,0.4601592421531677,16.95975685119629,59.031837463378906,13139.307543138622,1001.1655883789062,633.1538696289062,63.24166655540466,0.03863346576690674,0.02443244867026806
69,1900,24.54166030883789,0.4596148431301117,16.959247589111328,58.95013427734375,13137.004148356766,999.7499389648438,632.2938842773438,63.24520707130432,0.03881369158625603,0.024547798559069633
69.1,1900,24.484878540039062,0.45932328701019287,16.958581924438477,58.92436218261719,13134.528232103394,999.2736206054688,631.7737426757812,63.22329640388489,0.03875577077269554,0.024502675980329514
69.2,1900,24.365711212158203,0.4589885473251343,16.959712982177734,58.79052734375,13138.527699459948,997.0704956054688,631.5055541992188,63.336098194122314,0.038583528250455856,0.024437300860881805
69.3,1900,24.29123306274414,0.45912885665893555,16.9588680267334,58.699127197265625,13138.903050229057,995.4707641601562,631.7166137695312,63.459086418151855,0.03845273703336716,0.024401754140853882
69.4,1900,24.32421875,0.4598408341407776,16.958011627197266,58.68136978149414,13133.250640665683,995.1193237304688,632.424072265625,63.55258226394653,0.03846187889575958,0.02444351837038994
69.5,1900,24.35779571533203,0.4610864222049713,16.95701026916504,58.773345947265625,13122.59277705712,996.6202392578125,633.6224975585938,63.57712745666504,0.03844212368130684,0.024440398439764977
69.6,1900,24.304271697998047,0.461203008890152,16.95740509033203,58.84495162963867,13116.382004082556,997.857666015625,633.4827880859375,63.48428130149841,0.03836611285805702,0.024356450885534286
69.7,1900,24.394977569580078,0.460385262966156,16.957380294799805,58.893341064453125,13116.636123547356,998.6767578125,632.371826171875,63.32097053527832,0.03857695311307907,0.024427300319075584
69.8,1900,24.600204467773438,0.4612220227718353,16.9549503326416,59.1037712097168,13105.004912447472,1002.1015014648438,632.9594116210938,63.16320300102234,0.03886537626385689,0.024548616260290146
69.9,1900,24.912813186645508,0.46399933099746704,16.952226638793945,59.45919418334961,13085.727969376838,1007.9657592773438,635.8341674804688,63.08093070983887,0.03918130695819855,0.024715932086110115
70,1900,25.127531051635742,0.46860793232917786,16.95032501220703,59.975765228271484,13066.705145771002,1016.6087036132812,641.2160034179688,63.0740225315094,0.03918731212615967,0.02471701242029667
70.1,1900,25.27140998840332,0.4721260368824005,16.94968032836914,60.52960968017578,13053.77302952104,1025.95751953125,645.3905639648438,62.90616989135742,0.03915676847100258,0.02463202364742756
70.2,1900,25.425172805786133,0.4734064042568207,16.950634002685547,60.98051834106445,13053.25779647773,1033.658447265625,647.1152954101562,62.60436177253723,0.03929001837968826,0.02459726668894291
70.3,1900,25.404685974121094,0.4747447967529297,16.952516555786133,61.28546142578125,13065.74695219272,1038.9427490234375,649.565673828125,62.52179741859436,0.03911026567220688,0.024452440440654755
70.4,1900,25.348468780517578,0.47529762983322144,16.955598831176758,61.34143829345703,13090.286965830199,1040.080810546875,651.5435180664062,62.64354586601257,0.03890525922179222,0.024371633306145668
70.5,1900,25.24225425720215,0.47510504722595215,16.957876205444336,61.24746322631836,13112.222837796287,1038.626953125,652.3709106445312,62.81089782714844,0.038693103939294815,0.024303486570715904
70.6,1900,25.307191848754883,0.4740358889102936,16.958675384521484,61.10432052612305,13124.960284547986,1036.248291015625,651.53515625,62.87441849708557,0.03884240612387657,0.02442193776369095
70.7,1900,25.306365966796875,0.47397223114967346,16.957826614379883,61.0792121887207,13124.814573845691,1035.7706298828125,651.4404296875,62.894266843795776,0.03884678706526756,0.024432402104139328
70.8,1900,25.213464736938477,0.47275564074516296,16.95863151550293,61.05021286010742,13126.944281470416,1035.3280029296875,649.8737182617188,62.76983618736267,0.03879748284816742,0.024353116750717163
70.9,1900,25.119007110595703,0.47120481729507446,16.959964752197266,60.88143539428711,13137.659263674277,1032.5469970703125,648.2706298828125,62.78364062309265,0.03874771669507027,0.02432722970843315
71,1950,25.03434181213379,0.4698736369609833,16.960205078125,60.72602081298828,13142.718339257912,1029.92578125,646.6881713867188,62.78977990150452,0.03871161490678787,0.02430693805217743
71.1,1950,25.079349517822266,0.47495806217193604,16.939693450927734,61.74061965942383,13161.118686743548,1045.8671875,654.6010131835938,62.589311599731445,0.03831242024898529,0.02397947944700718
71.2,1950,25.485103607177734,0.49128884077072144,16.90985679626465,65.0013656616211,13271.120941490273,1099.163818359375,682.7679443359375,62.11703419685364,0.037326157093048096,0.02318590134382248
71.3,1950,26.055147171020508,0.499700129032135,16.91655921936035,67.43974304199219,13416.205670606825,1140.848388671875,702.049560546875,61.537498235702515,0.037112973630428314,0.022838395088911057
71.4,1950,26.17757225036621,0.5001854300498962,16.936582565307617,68.04375457763672,13593.60786780648,1152.4287109375,712.0236206054688,61.78461313247681,0.03676503524184227,0.022715134546160698
71.5,1950,26.54417610168457,0.5069975256919861,16.930757522583008,69.53334045410156,13630.212727593871,1177.2520751953125,723.6641845703125,61.470621824264526,0.03668024018406868,0.02254757098853588
71.6,1950,26.91532325744629,0.5129072070121765,16.9317569732666,70.78642272949219,13657.63431607991,1198.5384521484375,733.572265625,61.20556592941284,0.036690760403871536,0.022456785663962364
71.7,1950,27.19392967224121,0.517569899559021,16.93393898010254,71.84109497070312,13684.068568847206,1216.552734375,741.6737060546875,60.96519231796265,0.036665625870227814,0.022353269159793854
71.8,1950,27.455472946166992,0.5222963690757751,16.935285568237305,72.75181579589844,13705.447243087725,1232.07275390625,749.615966796875,60.84185838699341,0.03662605211138725,0.022283969447016716
71.9,1950,27.668291091918945,0.5265191793441772,16.936279296875,73.56478881835938,13721.798315256303,1245.913818359375,756.5782470703125,60.72476506233215,0.03657029569149017,0.02220722660422325
72,1950,27.788997650146484,0.5297608375549316,16.937776565551758,74.287353515625,13741.586994313393,1258.2625732421875,762.3341064453125,60.58624982833862,0.036452516913414,0.022085214033722878
72.1,1950,27.928470611572266,0.5318637490272522,16.940080642700195,74.8128433227539,13760.704238454315,1267.3355712890625,766.4249877929688,60.47530174255371,0.0364399254322052,0.02203715406358242
72.2,1950,27.988182067871094,0.5335533022880554,16.941421508789062,75.27133178710938,13779.446131826127,1275.203369140625,769.9068603515625,60.37521958351135,0.03635268658399582,0.021948015317320824
72.3,1950,27.915000915527344,0.5328112840652466,16.945438385009766,75.4278564453125,13807.790943321897,1278.1580810546875,770.4176635742188,60.2756142616272,0.03623359277844429,0.02184002287685871
72.4,1950,28.057470321655273,0.5328400135040283,16.946643829345703,75.51631164550781,13827.742818365556,1279.748046875,771.572509765625,60.29096841812134,0.03636401146650314,0.02192421443760395
72.5,1950,28.020349502563477,0.5326905846595764,16.947561264038086,75.59248352050781,13839.759871405115,1281.1082763671875,772.0264892578125,60.262393951416016,0.036294545978307724,0.021871961653232574
72.6,1950,27.974517822265625,0.5321326851844788,16.948843002319336,75.569580078125,13853.827365447349,1280.81689453125,772.0018310546875,60.27417182922363,0.03623633831739426,0.021841151639819145
72.7,1950,27.776382446289062,0.5309057831764221,16.95162010192871,75.33523559570312,13871.16577333467,1277.0543212890625,771.185791015625,60.38786768913269,0.036017756909132004,0.021750353276729584
72.8,1950,27.785179138183594,0.5296285152435303,16.951534271240234,75.151611328125,13879.436312796854,1273.93505859375,769.7891845703125,60.42609214782715,0.036094531416893005,0.021810512989759445
72.9,1950,27.858991622924805,0.5290515422821045,16.949867248535156,75.10601806640625,13874.155756945735,1273.0369873046875,768.6580200195312,60.379862785339355,0.03624367341399193,0.021883880719542503
73,1950,27.820053100585938,0.5281838178634644,16.9497127532959,75.09818267822266,13870.430225709491,1272.892578125,767.1912231445312,60.27148365974426,0.03626221418380737,0.021855773404240608
73.1,1950,27.726694107055664,0.5275039672851562,16.950294494628906,75.05226135253906,13871.351117347986,1272.157958984375,766.254638671875,60.23266315460205,0.03618469834327698,0.021795010194182396
73.2,1950,27.622516632080078,0.5270029306411743,16.950660705566406,74.98849487304688,13873.96691587556,1271.1044921875,765.6712036132812,60.23668050765991,0.03607621416449547,0.021731114014983177
73.3,1950,27.566234588623047,0.5262314677238464,16.952438354492188,74.78001403808594,13879.324406977492,1267.70361328125,764.8455810546875,60.33315658569336,0.03604156896471977,0.021745016798377037
73.4,1950,27.499048233032227,0.5257323980331421,16.951383590698242,74.68270111083984,13879.31275012131,1265.97509765625,764.1195678710938,60.358184576034546,0.035987887531518936,0.02172163501381874
73.5,1950,27.658170700073242,0.5265849232673645,16.94917869567871,74.73823547363281,13867.848232064849,1266.751708984375,764.7264404296875,60.369086265563965,0.03616740554571152,0.021833932027220726
73.6,1950,27.77709197998047,0.5279490947723389,16.94736671447754,74.93646240234375,13854.13743782183,1269.9757080078125,765.9495239257812,60.31213998794556,0.03626491129398346,0.0218721441924572
73.7,1950,27.780677795410156,0.5287997722625732,16.94792366027832,75.0928955078125,13847.75414337575,1272.668701171875,766.8302001953125,60.253721475601196,0.036227937787771225,0.021828681230545044
73.8,1950,27.763837814331055,0.5289775133132935,16.948434829711914,75.21989440917969,13848.25655387726,1274.8594970703125,767.1157836914062,60.17257571220398,0.03619249910116196,0.021777959540486336
73.9,1950,27.771265029907227,0.5288912653923035,16.94910430908203,75.28646087646484,13853.665335146397,1276.0380859375,767.290283203125,60.13067364692688,0.03619394823908806,0.021763665601611137
74,1950,27.733070373535156,0.5284292101860046,16.950576782226562,75.2456283569336,13862.249444039919,1275.456787109375,767.094970703125,60.14276742935181,0.03615337237715721,0.021743638440966606
74.1,1950,27.672903060913086,0.5271114110946655,16.95247459411621,75.06517791748047,13872.5844127322,1272.54052734375,765.7525024414062,60.17509698867798,0.03613818436861038,0.021746186539530754
74.2,1950,27.625797271728516,0.526423990726471,16.951791763305664,74.9527587890625,13875.799373667605,1270.5836181640625,764.9310913085938,60.203129053115845,0.036115407943725586,0.021742606535553932
74.3,1950,27.664960861206055,0.5266457796096802,16.950498580932617,74.95350646972656,13871.232217414914,1270.499267578125,765.00146484375,60.21266579627991,0.03616327792406082,0.02177487313747406
74.4,1950,27.77566909790039,0.5285722613334656,16.947633743286133,75.13597106933594,13855.860321165748,1273.376953125,766.948974609375,60.22953391075134,0.03621579706668854,0.02181260660290718
74.5,1950,27.83539581298828,0.5306049585342407,16.94622802734375,75.42005157470703,13840.870769799401,1278.08544921875,769.0654907226562,60.17324924468994,0.03619379177689552,0.021778980270028114
74.6,1950,27.78261375427246,0.5303797721862793,16.949357986450195,75.48751068115234,13847.597941502892,1279.46484375,769.1127319335938,60.112065076828,0.036122940480709076,0.02171424590051174
74.7,1950,27.704875946044922,0.5284439921379089,16.95220375061035,75.32633209228516,13864.943343503923,1276.9473876953125,767.2655029296875,60.08591651916504,0.0361085906624794,0.0216961782425642
74.8,1950,27.586538314819336,0.5267021656036377,16.953102111816406,75.13970947265625,13877.128255272522,1273.8511962890625,765.4085693359375,60.08618474006653,0.036041583865880966,0.021656014025211334
74.9,1950,27.63762664794922,0.5258477330207825,16.95233917236328,75.02398681640625,13880.297754468815,1271.83203125,764.3414306640625,60.097670555114746,0.03615874424576759,0.021730562672019005
75,1950,27.618703842163086,0.5260133147239685,16.951187133789062,75.0011215209961,13874.90645848395,1271.3580322265625,764.28515625,60.115647315979004,0.036136649549007416,0.021723780781030655
75.1,1950,27.699602127075195,0.5267706513404846,16.949321746826172,75.09063720703125,13862.537368387651,1272.7353515625,764.7032470703125,60.08344292640686,0.036222681403160095,0.021763835102319717
75.2,1950,27.852542877197266,0.5284773707389832,16.946870803833008,75.35139465332031,13845.914691469996,1276.9703369140625,766.2609252929688,60.00615954399109,0.03634864091873169,0.02181142568588257
75.3,1950,27.96964454650879,0.5309997200965881,16.94460678100586,75.77220153808594,13828.399099368688,1283.93017578125,768.9441528320312,59.88987684249878,0.03637408837676048,0.021784396842122078
75.4,1950,27.907323837280273,0.531955897808075,16.9477481842041,75.93687438964844,13834.606375286394,1286.958984375,770.6746215820312,59.88338589668274,0.03621155023574829,0.02168470248579979
75.5,1950,28.033979415893555,0.5332573056221008,16.946992874145508,76.15130615234375,13833.425535755006,1290.53564453125,772.4940795898438,59.85840559005737,0.03629021719098091,0.02172274701297283
75.6,1950,28.194549560546875,0.5354960560798645,16.944482803344727,76.53897857666016,13821.840952079856,1296.9134521484375,775.0875854492188,59.76402163505554,0.036375951021909714,0.02173973247408867
75.7,1950,28.322790145874023,0.5384135246276855,16.942590713500977,77.04901885986328,13808.949634826537,1305.4100341796875,778.5835571289062,59.642839431762695,0.036377329379320145,0.02169647067785263
75.8,1950,28.36900520324707,0.5408292412757874,16.942888259887695,77.5101547241211,13806.071557034833,1313.245849609375,781.913818359375,59.54055190086365,0.03628149628639221,0.0216022040694952
75.9,1950,28.363821029663086,0.5415927767753601,16.946338653564453,77.69058227539062,13820.952699638674,1316.5709228515625,783.8617553710938,59.53813195228577,0.03618472442030907,0.021543709561228752
76,2000,28.323963165283203,0.5415557622909546,16.948379516601562,77.7312240600586,13838.275953612956,1317.4183349609375,784.7905883789062,59.57034230232239,0.03609110787510872,0.021499598398804665
76.1,2000,28.280027389526367,0.5434457659721375,16.93504524230957,78.44000244140625,13865.26274136335,1328.385009765625,789.0652465820312,59.400343894958496,0.035839907824993134,0.021289030089974403
76.2,2000,28.56244468688965,0.5565409064292908,16.89620018005371,81.86721801757812,13965.146844942808,1383.244873046875,813.9003295898438,58.83992910385132,0.03509329631924629,0.02064887061715126
76.3,2000,29.082239151000977,0.5717902779579163,16.872331619262695,86.47319793701172,14147.8179411374,1459.0045166015625,847.1393432617188,58.06283354759216,0.034329935908317566,0.019932933151721954
76.4,2000,29.72739601135254,0.583687424659729,16.884183883666992,89.70951080322266,14330.674381345309,1514.671875,875.9424438476562,57.83051252365112,0.03393761068582535,0.019626295194029808
76.5,2000,30.164281845092773,0.5886568427085876,16.897422790527344,91.808837890625,14453.438562241718,1551.332763671875,890.9677734375,57.43240714073181,0.033855635672807693,0.01944410800933838
76.6,2000,30.61909294128418,0.5925456285476685,16.90413475036621,93.35503387451172,14524.405502686795,1578.0860595703125,901.2572631835938,57.110780477523804,0.033973753452301025,0.019402675330638885
76.7,2000,30.916336059570312,0.5995298624038696,16.9084415435791,94.49610137939453,14560.910113511009,1597.7818603515625,914.172119140625,57.21507668495178,0.03381894528865814,0.019349535927176476
76.8,2000,31.00664710998535,0.6003654599189758,16.914234161376953,95.1581039428711,14584.91857450652,1609.5264892578125,916.9556274414062,56.97052478790283,0.033814772963523865,0.019264454022049904
76.9,2000,31.062917709350586,0.601923942565918,16.916812896728516,95.62195587158203,14604.60117617234,1617.6187744140625,920.5765991210938,56.90937042236328,0.03374289348721504,0.01920286752283573
77,2000,31.180124282836914,0.6045146584510803,16.918964385986328,95.90034484863281,14612.934662657917,1622.5345458984375,925.06640625,57.01366662979126,0.03370582312345505,0.019216924905776978
77.1,2000,31.19392204284668,0.6030407547950745,16.91948699951172,96.12269592285156,14613.121172356852,1626.3466796875,922.8226928710938,56.74206614494324,0.03380272537469864,0.019180364906787872
77.2,2000,31.148221969604492,0.6056668162345886,16.92164421081543,96.21692657470703,14619.892640113841,1628.1485595703125,927.2708129882812,56.95246458053589,0.033591289073228836,0.019131068140268326
77.3,2000,30.930654525756836,0.6017727255821228,16.92620277404785,95.9815673828125,14643.159725056084,1624.603515625,922.7752075195312,56.80002570152283,0.033519163727760315,0.019038895145058632
77.4,2000,30.897655487060547,0.5993266105651855,16.92718505859375,95.70915985107422,14663.998686855306,1620.086669921875,920.3321533203125,56.807589530944824,0.03357228636741638,0.019071606919169426
77.5,2000,31.16438102722168,0.600043535232544,16.922157287597656,95.81431579589844,14649.3739950875,1621.3848876953125,920.5140991210938,56.77332282066345,0.03385540843009949,0.01922084018588066
77.6,2000,31.34894371032715,0.6017869710922241,16.91681671142578,96.2705078125,14607.980498779934,1628.590576171875,920.580078125,56.52618408203125,0.03405346721410751,0.019249126315116882
77.7,2000,31.366558074951172,0.6048847436904907,16.918560028076172,96.57575225830078,14588.478578384958,1633.922607421875,924.0835571289062,56.55614137649536,0.03394342213869095,0.019197087734937668
77.8,2000,31.34004020690918,0.6058363914489746,16.92123031616211,96.63968658447266,14586.651949021005,1635.262451171875,925.4215087890625,56.59162402153015,0.03386569023132324,0.019165145233273506
77.9,2000,31.203598022460938,0.6020330190658569,16.924745559692383,96.50120544433594,14597.926460321676,1633.25830078125,920.3226318359375,56.34887218475342,0.033905062824487686,0.01910512149333954
78,2000,31.13176727294922,0.6027324795722961,16.926481246948242,96.26390075683594,14613.374126136034,1629.4090576171875,922.366943359375,56.60744905471802,0.033752042800188065,0.019106170162558556
78.1,2000,31.010038375854492,0.6004742383956909,16.927515029907227,95.9847412109375,14623.68461543033,1624.783203125,919.5594482421875,56.595826148986816,0.033722713589668274,0.01908564753830433
78.2,2000,30.88072395324707,0.5977481007575989,16.92716407775879,95.82019805908203,14634.45788191511,1621.9642333984375,916.0590209960938,56.47837519645691,0.033710408955812454,0.0190390907227993
78.3,2000,30.85321807861328,0.5993857383728027,16.92726707458496,95.63919067382812,14640.87498124412,1618.91015625,918.9714965820312,56.76482915878296,0.033573638647794724,0.019058017060160637
78.4,2000,30.821441650390625,0.5967651605606079,16.92584800720215,95.62796783447266,14640.249008067067,1618.58447265625,914.91455078125,56.52559995651245,0.0336877815425396,0.01904221996665001
78.5,2000,30.768030166625977,0.5987535715103149,16.926679611206055,95.5738754272461,14643.589863049254,1617.7484130859375,918.1725463867188,56.75620436668396,0.03351007401943207,0.019019044935703278
78.6,2000,30.735857009887695,0.5952735543251038,16.92701530456543,95.48851013183594,14647.427300104859,1616.33544921875,913.0751953125,56.4904510974884,0.03366190940141678,0.01901576668024063
78.7,2000,30.934701919555664,0.5964294075965881,16.924396514892578,95.56470489501953,14633.754973487245,1617.375,913.9942016601562,56.51096701622009,0.03384562209248543,0.019126487895846367
78.8,2000,31.138137817382812,0.6002587080001831,16.920833587646484,95.91215515136719,14607.595822525878,1622.91357421875,918.2180786132812,56.578367948532104,0.033911485224962234,0.019186565652489662
78.9,2000,31.09776496887207,0.5998730063438416,16.922260284423828,96.10437774658203,14592.272885072683,1626.3033447265625,916.6654663085938,56.36497735977173,0.033924877643585205,0.019121749326586723
79,2000,30.921646118164062,0.5979430079460144,16.927316665649414,95.94856262207031,14604.0521382461,1624.1517333984375,914.453857421875,56.303471326828,0.033814333379268646,0.019038643687963486
79.1,2000,30.92068099975586,0.5984277129173279,16.928176879882812,95.72859954833984,14615.534141586835,1620.5106201171875,915.9146728515625,56.52012228965759,0.03375934809446335,0.01908082515001297
79.2,2000,30.90455436706543,0.5951389074325562,16.926420211791992,95.69518280029297,14610.921523595029,1619.77685546875,910.5935668945312,56.21722340583801,0.03393891081213951,0.01907951384782791
79.3,2000,30.930328369140625,0.5968987345695496,16.92598533630371,95.68563079833984,14609.143853027046,1619.5736083984375,913.175048828125,56.38366937637329,0.03387119248509407,0.019097821786999702
79.4,2000,31.072898864746094,0.5988121628761292,16.922718048095703,95.89262390136719,14590.923021126635,1622.7637939453125,914.9597778320312,56.38280510902405,0.03396094590425491,0.01914813369512558
79.5,2000,30.937944412231445,0.5963993072509766,16.925289154052734,95.91409301757812,14587.924877716243,1623.373779296875,911.0857543945312,56.12298250198364,0.03395722433924675,0.019057806581258774
79.6,2000,30.770309448242188,0.5962320566177368,16.928157806396484,95.7193374633789,14600.1960502206,1620.35205078125,911.596435546875,56.25916123390198,0.03375431150197983,0.018989890813827515
79.7,1000,30.768165588378906,0.5961235165596008,16.928224563598633,95.5797119140625,14609.276741187537,1617.994873046875,911.9973754882812,56.36590123176575,0.033737119287252426,0.01901623234152794
79.8,1000,30.65266227722168,0.5923229455947876,16.928295135498047,95.47010040283203,14610.26407690628,1616.14599609375,906.2442016601562,56.07439875602722,0.03382384404540062,0.018966518342494965
79.9,1000,30.733701705932617,0.5947134494781494,16.928085327148438,95.36112213134766,14615.808077707146,1614.28125,910.2468872070312,56.38713240623474,0.03376413881778717,0.019038628786802292
80,1000,30.728857040405273,0.5940946340560913,16.9272403717041,95.38900756835938,14610.006460384624,1614.672607421875,908.9388427734375,56.29245042800903,0.03380739688873291,0.019031014293432236
80.1,1000,30.662813186645508,0.5919367671012878,16.927412033081055,95.3851547241211,14611.140672491278,1614.623779296875,905.7077026367188,56.09403848648071,0.03385508805513382,0.018990686163306236
80.2,1000,30.654312133789062,0.5938374996185303,16.928354263305664,95.30825805664062,14617.78274914463,1613.4119873046875,909.0289916992188,56.3420295715332,0.03372203931212425,0.018999680876731873
80.3,1000,30.51688575744629,0.5901314616203308,16.9320068359375,95.10275268554688,14624.997177436591,1610.280517578125,903.8017578125,56.126976013183594,0.033765021711587906,0.018951285630464554
80.4,1000,30.102649688720703,0.573962390422821,17.005970001220703,90.84341430664062,14603.897102058858,1544.88037109375,877.7701416015625,56.818002462387085,0.034294456243515015,0.01948542520403862
80.5,1000,28.81447410583496,0.528078556060791,17.104228973388672,79.6402587890625,14348.884722075156,1362.1851806640625,793.4970092773438,58.251768350601196,0.03631327301263809,0.021153124049305916
80.6,1000,26.854557037353516,0.4709622859954834,17.14303970336914,66.9649887084961,13870.413906110834,1147.9835205078125,684.07568359375,59.58933234214783,0.03925670310854912,0.023392807692289352
80.7,1000,25.567495346069336,0.4512569010257721,17.14670181274414,62.883914947509766,13665.932831996935,1078.251708984375,645.7906494140625,59.892380237579346,0.039590995758771896,0.02371199056506157
80.8,1000,25.567495346069336,0.4512569010257721,17.14670181274414,62.883914947509766,13665.932831996935,1078.251708984375,645.7906494140625,59.892380237579346,0.039590995758771896,0.02371199056506157
80.9,1000,25.567495346069336,0.4512569010257721,17.14670181274414,62.883914947509766,13665.932831996935,1078.251708984375,645.7906494140625,59.892380237579346,0.039590995758771896,0.02371199056506157
81,1000,25.567495346069336,0.4512569010257721,17.14670181274414,62.883914947509766,13665.932831996935,1078.251708984375,645.7906494140625,59.892380237579346,0.039590995758771896,0.02371199056506157
81.1,1000,25.567495346069336,0.4512569010257721,17.14670181274414,62.883914947509766,13665.932831996935,1078.251708984375,645.7906494140625,59.892380237579346,0.039590995758771896,0.02371199056506157
81.2,1000,25.567495346069336,0.4512569010257721,17.14670181274414,62.883914947509766,13665.932831996935,1078.251708984375,645.7906494140625,59.892380237579346,0.039590995758771896,0.02371199056506157
81.3,1000,25.567495346069336,0.4512569010257721,17.14670181274414,62.883914947509766,13665.932831996935,1078.251708984375,645.7906494140625,59.892380237579346,0.039590995758771896,0.02371199056506157
81.4,1000,25.567495346069336,0.4512569010257721,17.14670181274414,62.883914947509766,13665.932831996935,1078.251708984375,645.7906494140625,59.892380237579346,0.039590995758771896,0.02371199056506157
81.5,1000,25.567495346069336,0.4512569010257721,17.14670181274414,62.883914947509766,13665.932831996935,1078.251708984375,645.7906494140625,59.892380237579346,0.039590995758771896,0.02371199056506157
81.6,1000,25.567495346069336,0.4512569010257721,17.14670181274414,62.883914947509766,13665.932831996935,1078.251708984375,645.7906494140625,59.892380237579346,0.039590995758771896,0.02371199056506157
81.7,1000,25.567495346069336,0.4512569010257721,17.14670181274414,62.883914947509766,13665.932831996935,1078.251708984375,645.7906494140625,59.892380237579346,0.039590995758771896,0.02371199056506157
81.8,1000,25.567495346069336,0.4512569010257721,17.14670181274414,62.883914947509766,13665.932831996935,1078.251708984375,645.7906494140625,59.892380237579346,0.039590995758771896,0.02371199056506157
81.9,1000,25.567495346069336,0.4512569010257721,17.14670181274414,62.883914947509766,13665.932831996935,1078.251708984375,645.7906494140625,59.892380237579346,0.039590995758771896,0.02371199056506157
82,1000,25.567495346069336,0.4512569010257721,17.14670181274414,62.883914947509766,13665.932831996935,1078.251708984375,645.7906494140625,59.892380237579346,0.039590995758771896,0.02371199056506157
