Time (s),Powertrain 1 - ESC throttle (μs),Powertrain 1 - force Fz (thrust) (N),Powertrain 1 - torque MZ (torque) (N⋅m),Powertrain 1 - voltage (V),Powertrain 1 - current (A),Powertrain 1 - rotation speed (rpm),Powertrain 1 - electrical power (W),Powertrain 1 - mechanical power (W),Powertrain 1 - motor & ESC efficiency (%),Powertrain 1 - propeller efficiency (N/W),Powertrain 1 - powertrain efficiency (N/W)
0,1000,0.009770270437002182,-0.0005652348627336323,16.975051879882812,0.10985638201236725,0,1.86481773853302,0,0,0,0.0052392627112567425
0.1,1000,0.0071643320843577385,-0.0003615280147641897,16.975032806396484,0.0467369481921196,0,0.793361246585846,0,0,0,0.009030353277921677
0.2,1000,0.0048857987858355045,-0.00019373142276890576,16.975046157836914,0.017156684771180153,0,0.2912355065345764,0,0,0,0.016776109114289284
0.3,1000,0.00398959219455719,-0.00010634055070113391,16.97504997253418,0.010361578315496445,0,0.1758883148431778,0,0,0,0.02268253266811371
0.4,1000,0.003211896400898695,-0.00002834393126249779,16.975069046020508,0.0011849550064653158,0,0.02011469379067421,0,0,0,0.159679114818573
0.5,1000,0.003041967051103711,-0.000007449548320437316,16.9751033782959,-0.00014863707474432886,0,-0.0025231298059225082,0,0,0,-1.2056324481964111
0.6,1000,0.00272037903778255,-0.000015068568245624192,16.97509002685547,-0.009944979101419449,42.50337472693781,-0.16881690919399261,-0.00006706934073008597,0.03972903941757977,-5,-0.0161143746227026
0.7,1000,0.0017754327272996306,0.00003131695484626107,16.97508430480957,-0.019536742940545082,267.0883001469878,-0.3316378593444824,0.0008759170887060463,-0.26411854196339846,2.0269415378570557,-0.005353528540581465
0.8,1000,0.0016842982731759548,-0.000010649097021087073,16.97507667541504,-0.009225609712302685,491.67326199471336,-0.15660543739795685,-0.0005482996930368245,0.350115355104208,-3.071857213973999,-0.010755043476819992
0.9,1000,0.0019007258815690875,0.000003973575985583011,16.975061416625977,-0.0014659921871498227,716.258223842439,-0.024885307997465134,0.0002980435674544424,-1.1976688168942928,5,-0.0763794407248497
1,1250,0.002066024113446474,-0.00006105746433604509,16.975059509277344,0.003153648227453232,940.843149262489,0.053533367812633514,-0.0060156784020364285,-11.23725026845932,-0.3434399366378784,0.03859320282936096
1.1,1250,0.0008328979020006955,0.006154816597700119,16.918119430541992,3.126176595687866,1165.4280746825389,52.88903045654297,0.751154363155365,1.4202461577951908,0.0011088238097727299,0.0000157480280904565
1.2,1250,0.019357528537511826,0.049738120287656784,16.924482345581055,6.92577600479126,1390.01307295794,117.21517181396484,7.23997163772583,6.176650524139404,0.0026737023144960403,0.00016514524759259075
1.3,1250,0.36485055088996887,0.09211751073598862,16.978979110717773,6.104353427886963,1842.5007564892655,103.64569091796875,17.773725509643555,17.148543894290924,0.020527521148324013,0.0035201709251850843
1.4,1250,0.8993585109710693,0.08340255171060562,16.9888858795166,4.951201438903809,2534.922385109547,84.11539459228516,22.139745712280273,26.320680975914,0.04062189906835556,0.010691960342228413
1.5,1250,1.233451247215271,0.05360236391425133,16.99477767944336,3.506478786468506,2967.5663109383154,59.591827392578125,16.657621383666992,27.952861785888672,0.0740472599864006,0.02069832943379879
1.6,1250,1.3571280241012573,0.04349000006914139,16.98421859741211,2.8739984035491943,3135.6115496794846,48.812618255615234,14.280397415161133,29.255545139312744,0.09503433108329773,0.027802811935544014
1.7,1250,1.442947268486023,0.03700904920697212,16.98225975036621,2.5027735233306885,3243.3083696945205,42.502750396728516,12.569696426391602,29.573842883110046,0.11479571461677551,0.03394950181245804
1.8,1250,1.4620335102081299,0.03608590364456177,16.976577758789062,2.395385980606079,3283.5918418720153,40.66545486450195,12.408388137817383,30.51333725452423,0.11782622337341309,0.03595271334052086
1.9,1250,1.5242327451705933,0.034567978233098984,16.97743034362793,2.317629098892212,3345.9169719854635,39.34738540649414,12.112052917480469,30.78235685825348,0.1258442997932434,0.038737840950489044
2,1250,1.5360251665115356,0.03167208656668663,16.977352142333984,2.1909661293029785,3365.113191327028,37.19680404663086,11.16104793548584,30.00539541244507,0.13762374222278595,0.04129454866051674
2.1,1250,1.5357462167739868,0.03054015152156353,16.977140426635742,2.136751174926758,3366.1544400056177,36.27592468261719,10.765491485595703,29.676681756973267,0.14265453815460205,0.042335137724876404
2.2,1250,1.5245351791381836,0.030966520309448242,16.975828170776367,2.1382017135620117,3348.8475056299926,36.29774475097656,10.859663963317871,29.918289184570312,0.14038510620594025,0.042000822722911835
2.3,1250,1.5294955968856812,0.032199639827013016,16.97531509399414,2.1936957836151123,3359.896456763512,37.238677978515625,11.329363822937012,30.423647165298462,0.13500277698040009,0.041072770953178406
2.4,1250,1.5331664085388184,0.035608939826488495,16.971834182739258,2.304210901260376,3357.226745276089,39.106685638427734,12.518962860107422,32.01233446598053,0.1224675327539444,0.039204712957143784
2.5,1250,1.560180425643921,0.029402470216155052,16.978601455688477,2.140103816986084,3389.408702406059,36.335968017578125,10.436055183410645,28.721004724502563,0.1494990587234497,0.04293762892484665
2.6,1250,1.5286986827850342,0.029106704518198967,16.977283477783203,2.1139535903930664,3368.89205268031,35.889190673828125,10.26854133605957,28.611794114112854,0.14887204766273499,0.04259496182203293
2.7,1250,1.54538893699646,0.03553006798028946,16.973039627075195,2.3536839485168457,3375.2633988488005,39.94916915893555,12.558342933654785,31.435802578926086,0.12305676192045212,0.03868388012051582
2.8,1250,1.5214399099349976,0.02904360182583332,16.977527618408203,2.1174821853637695,3361.3701748065096,35.94961166381836,10.22340202331543,28.43814194202423,0.14881934225559235,0.04232145473361015
2.9,1250,1.5103341341018677,0.03404828533530235,16.972707748413086,2.2652339935302734,3342.9639988927815,38.4471549987793,11.919431686401367,31.002116203308105,0.1267119199037552,0.039283379912376404
3,1250,1.5110843181610107,0.03185540437698364,16.975160598754883,2.1870641708374023,3343.490305949466,37.12576675415039,11.15351676940918,30.04252314567566,0.13548053801059723,0.040701769292354584
3.1,1250,1.5247355699539185,0.031549643725156784,16.97585105895996,2.191274404525757,3357.2480190386236,37.19874954223633,11.091914176940918,29.81797754764557,0.13746370375156403,0.040988896042108536
3.2,1250,1.5471121072769165,0.03495797514915466,16.973623275756836,2.330552577972412,3370.6778830476205,39.55792236328125,12.339345932006836,31.19311034679413,0.12538039684295654,0.03911004588007927
3.3,1250,1.6017265319824219,0.040975432842969894,16.970815658569336,2.6132724285125732,3433.4605447662707,44.349365234375,14.73276424407959,33.21978449821472,0.10871867090463638,0.0361161082983017
3.4,1250,1.660744309425354,0.03622516617178917,16.976362228393555,2.504127025604248,3495.2692761507906,42.51096725463867,13.259270668029785,31.190234422683716,0.12525156140327454,0.03906625509262085
3.5,1250,1.669417381286621,0.03533201292157173,16.975589752197266,2.4699676036834717,3507.5996072002804,41.92915725708008,12.977977752685547,30.952155590057373,0.12863463163375854,0.03981519117951393
3.6,1250,1.6611601114273071,0.03610934689640999,16.97376823425293,2.5018041133880615,3504.823235478778,42.46504211425781,13.253005027770996,31.2092125415802,0.12534214556217194,0.03911829739809036
3.7,1250,1.6849106550216675,0.03612658008933067,16.974977493286133,2.527616262435913,3525.6479176291755,42.90623092651367,13.338113784790039,31.08665943145752,0.12632301449775696,0.03926960378885269
3.8,1250,1.6925084590911865,0.03692879155278206,16.9736270904541,2.5615291595458984,3528.247105136689,43.47843933105469,13.6443452835083,31.381863355636597,0.12404467910528183,0.038927532732486725
3.9,1250,1.7134453058242798,0.0365254171192646,16.974781036376953,2.5701026916503906,3546.5687688430867,43.626930236816406,13.565386772155762,31.0940682888031,0.1263100951910019,0.039274945855140686
4,1250,1.7392538785934448,0.03598541021347046,16.976322174072266,2.579110860824585,3571.062737898642,43.783817291259766,13.457133293151855,30.735403299331665,0.12924401462078094,0.03972366824746132
4.1,1250,1.725766658782959,0.034297969192266464,16.976165771484375,2.4884226322174072,3558.0988567155796,42.243873596191406,12.779534339904785,30.251803994178772,0.13504143059253693,0.04085247218608856
4.2,1250,1.706791877746582,0.03431263193488121,16.975141525268555,2.4624826908111572,3536.7373763379323,41.80099105834961,12.70824146270752,30.401769280433655,0.1343059092760086,0.040831372141838074
4.3,1250,1.7117549180984497,0.03639333322644234,16.974199295043945,2.5541675090789795,3541.1885468715977,43.354949951171875,13.495826721191406,31.128689646720886,0.1268358677625656,0.039482343941926956
4.4,1250,1.7087035179138184,0.03503698855638504,16.97509002685547,2.5142598152160645,3541.0961662863433,42.679786682128906,12.992511749267578,30.44183850288391,0.13151448965072632,0.0400354266166687
4.5,1250,1.6901862621307373,0.03214442729949951,16.977176666259766,2.37565016746521,3526.110403398255,40.33183288574219,11.869440078735352,29.42945659160614,0.1423981487751007,0.04190700501203537
4.6,1250,1.6863912343978882,0.0354825034737587,16.97517204284668,2.488088846206665,3526.1616935654624,42.23573684692383,13.102226257324219,31.021660566329956,0.1287102848291397,0.03992806375026703
4.7,1250,1.6944979429244995,0.03556754067540169,16.975162506103516,2.5149598121643066,3535.7520805690233,42.69185256958008,13.169347763061523,30.847451090812683,0.1286698430776596,0.039691366255283356
4.8,1250,1.6870810985565186,0.03389042615890503,16.975818634033203,2.4360203742980957,3527.325630655384,41.35343933105469,12.518468856811523,30.27189075946808,0.13476736843585968,0.040796633809804916
4.9,1250,1.6853344440460205,0.034693509340286255,16.975187301635742,2.4634201526641846,3520.994500640727,41.8170166015625,12.792110443115234,30.590680241584778,0.13174796104431152,0.04030259698629379
5,1250,1.6802374124526978,0.034756019711494446,16.974607467651367,2.4683029651641846,3514.2411010108226,41.898475646972656,12.790578842163086,30.52755296230316,0.13136523962020874,0.04010259360074997
5.1,1250,1.6870492696762085,0.03728566691279411,16.97295379638672,2.5848021507263184,3523.7198736164264,43.871726989746094,13.758525848388672,31.360802054405212,0.12261845916509628,0.03845413401722908
5.2,1250,1.7065949440002441,0.03592013195157051,16.975204467773438,2.5591468811035156,3544.644804730002,43.44204330444336,13.333349227905273,30.692273378372192,0.12799446284770966,0.03928440809249878
5.3,1250,1.7012497186660767,0.035836976021528244,16.974395751953125,2.530796766281128,3542.1403291789793,42.958744049072266,13.293083190917969,30.94383478164673,0.1279800683259964,0.03960194066166878
5.4,1250,1.7049787044525146,0.034585028886795044,16.975862503051758,2.4912452697753906,3546.741581736007,42.291038513183594,12.84536075592041,30.373719334602356,0.13273108005523682,0.04031536728143692
5.5,1250,1.696572184562683,0.03443249687552452,16.9755916595459,2.4691598415374756,3539.507045367129,41.91545104980469,12.762621879577637,30.448493361473083,0.1329328864812851,0.040476057678461075
5.6,1250,1.7033474445343018,0.035159580409526825,16.975341796875,2.511660575866699,3544.810623509212,42.636295318603516,13.051647186279297,30.611589550971985,0.13050822913646698,0.039950642734766006
5.7,1250,1.694273591041565,0.034336157143116,16.975374221801758,2.4863595962524414,3538.1793294478302,42.206886291503906,12.722139358520508,30.14233112335205,0.13317520916461945,0.04014211520552635
5.8,1250,1.6863516569137573,0.03559722378849983,16.974332809448242,2.506354331970215,3530.193800119331,42.54369354248047,13.159618377685547,30.93200922012329,0.12814593315124512,0.03963811323046684
5.9,1250,1.6855363845825195,0.03582536056637764,16.973773956298828,2.5054874420166016,3527.8321210565564,42.5275764465332,13.235095977783203,31.121209263801575,0.12735354900360107,0.039633963257074356
6,1300,1.6806119680404663,0.03388248756527901,16.975513458251953,2.4278564453125,3520.7992482996533,41.214111328125,12.492379188537598,30.31092882156372,0.13453097641468048,0.04077758640050888
6.1,1300,1.9196828603744507,0.07306903600692749,16.952789306640625,4.119354248046875,3733.7892445846896,69.83454132080078,28.57010269165039,40.91113209724426,0.06719201803207397,0.027489015832543373
6.2,1300,2.4303183555603027,0.07782869040966034,16.965824127197266,4.735208988189697,4181.731337047264,80.33672332763672,34.08195114135742,42.423877120018005,0.07130807638168335,0.030251648277044296
6.3,1300,2.895841121673584,0.07197200506925583,16.973339080810547,4.768584251403809,4494.059313199561,80.93879699707031,33.87123489379883,41.84795916080475,0.08549559116363525,0.03577815741300583
6.4,1300,3.2069091796875,0.06854365766048431,16.974889755249023,4.734436988830566,4670.494574178796,80.36654663085938,33.524227142333984,41.71415567398071,0.09565945714712143,0.03990353271365166
6.5,1300,3.3388242721557617,0.06730690598487854,16.97512435913086,4.710914611816406,4767.580158010002,79.9683609008789,33.603633880615234,42.02116131782532,0.09935902059078217,0.04175181686878204
6.6,1300,3.3809003829956055,0.06738175451755524,16.97469711303711,4.733614444732666,4823.419121921554,80.35166931152344,34.03501510620117,42.35756695270538,0.09933594614267349,0.042076293379068375
6.7,1300,3.432455062866211,0.06669101864099503,16.975067138671875,4.728414058685303,4857.896896876861,80.26514434814453,33.92690658569336,42.26854145526886,0.1011720597743988,0.042763955891132355
6.8,1300,3.4644901752471924,0.06554762274026871,16.975202560424805,4.730040073394775,4876.7865409008,80.29338836669922,33.47490310668945,41.690731048583984,0.10349515825510025,0.04314788803458214
6.9,1300,3.521876335144043,0.0649624913930893,16.975000381469727,4.727712631225586,4885.701995931337,80.25292205810547,33.23672866821289,41.41497611999512,0.10596338659524918,0.04388470947742462
7,1300,3.5613045692443848,0.06420121341943741,16.974842071533203,4.686018943786621,4881.73866482895,79.54443359375,32.82059097290039,41.260701417922974,0.10850824415683746,0.044771261513233185
7.1,1300,3.566039800643921,0.06526787579059601,16.974910736083984,4.701686382293701,4886.184589777333,79.81070709228516,33.396270751953125,41.84434711933136,0.10677958279848099,0.04468122124671936
7.2,1300,3.5372300148010254,0.06610380113124847,16.975046157836914,4.706912040710449,4890.814693053415,79.9000473022461,33.856048583984375,42.37299859523773,0.10447853058576584,0.04427068680524826
7.3,1300,3.5281143188476562,0.06647767126560211,16.975099563598633,4.696347236633301,4893.160052517533,79.72096252441406,34.06385803222656,42.728859186172485,0.10357353836297989,0.04425579309463501
7.4,1300,3.5153558254241943,0.06635135412216187,16.974992752075195,4.710230350494385,4896.088837633633,79.95612335205078,34.01948165893555,42.54768788814545,0.10333360731601715,0.043966058641672134
7.5,1300,3.5159733295440674,0.06520924717187881,16.974985122680664,4.7104315757751465,4895.818981412986,79.95950317382812,33.43206024169922,41.81123971939087,0.10516770929098129,0.04397192597389221
7.6,1300,3.576753616333008,0.0644911453127861,16.974985122680664,4.723669052124023,4895.962360744043,80.18421173095703,33.06486511230469,41.23613238334656,0.10817383974790573,0.044606707990169525
7.7,1300,3.6033060550689697,0.065289206802845,16.975034713745117,4.706423759460449,4896.042793051709,79.89170837402344,33.474586486816406,41.89995229244232,0.10764303803443909,0.045102380216121674
7.8,1300,3.556274652481079,0.0658259391784668,16.975187301635742,4.665750026702881,4890.636925996616,79.20198059082031,33.7125129699707,42.56523847579956,0.10548827797174454,0.04490133374929428
7.9,1300,3.5252082347869873,0.06664152443408966,16.974727630615234,4.692898750305176,4891.965224758725,79.66067504882812,34.13948059082031,42.85612404346466,0.10325898975133896,0.044252801686525345
8,1300,3.500368356704712,0.06540235131978989,16.975303649902344,4.669499397277832,4887.751562669799,79.26616668701172,33.47581100463867,42.232152819633484,0.1045641079545021,0.044159676879644394
8.1,1300,3.492252826690674,0.06496069580316544,16.974809646606445,4.721779823303223,4890.666068137075,80.15131378173828,33.26957702636719,41.50846302509308,0.1049683541059494,0.04357074946165085
8.2,1300,3.5277082920074463,0.06461525708436966,16.975004196166992,4.727643013000488,4893.311008805109,80.25176239013672,33.110557556152344,41.2583589553833,0.10654330253601074,0.043958019465208054
8.3,1300,3.5707671642303467,0.0651036724448204,16.975038528442383,4.727726459503174,4894.273865125865,80.25334167480469,33.367401123046875,41.5775865316391,0.10701364278793335,0.04449369013309479
8.4,1300,3.5613152980804443,0.06609859317541122,16.97528648376465,4.720103740692139,4895.3223993395695,80.12511444091797,33.88458251953125,42.28959083557129,0.10510134696960449,0.044446930289268494
8.5,1300,3.536147356033325,0.06684064865112305,16.975204467773438,4.728308200836182,4896.28234144628,80.26399993896484,34.271705627441406,42.698729038238525,0.10317979007959366,0.04405645653605461
8.6,1300,3.5211052894592285,0.06634613871574402,16.975133895874023,4.728113174438477,4896.051535693847,80.2603530883789,34.01654815673828,42.38275587558746,0.10351153463125229,0.043871041387319565
8.7,1300,3.506561756134033,0.06544342637062073,16.974838256835938,4.746253490447998,4896.489833486346,80.56688690185547,33.55672073364258,41.65076017379761,0.1044965609908104,0.04352360963821411
8.8,1300,3.5165162086486816,0.06470738351345062,16.974878311157227,4.715898036956787,4888.950178906865,80.05179595947266,33.12821578979492,41.38347804546356,0.10614866763353348,0.04392801225185394
8.9,1300,3.538635730743408,0.06531132012605667,16.974620819091797,4.746585845947266,4890.926598872776,80.57149505615234,33.450931549072266,41.51707887649536,0.10578586161136627,0.04391920194029808
9,1300,3.5574142932891846,0.06594006717205048,16.97504234313965,4.720402717590332,4893.790688437059,80.12903594970703,33.79273986816406,42.17289984226227,0.10527155548334122,0.04439606890082359
9.1,1300,3.5342798233032227,0.06674594432115555,16.97517967224121,4.722256183624268,4895.10266760051,80.16114807128906,34.214900970458984,42.682650685310364,0.10329650342464447,0.04408968612551689
9.2,1300,3.506784200668335,0.06615448743104935,16.975299835205078,4.679801940917969,4886.6916630213145,79.4410400390625,33.85344314575195,42.61455237865448,0.10358721762895584,0.044143229722976685
9.3,1300,3.489103317260742,0.06608366966247559,16.97469711303711,4.732510089874268,4886.615310613312,80.33292388916016,33.81667709350586,42.09566116333008,0.10317700356245041,0.043433040380477905
9.4,1300,3.501915693283081,0.06463328003883362,16.97602653503418,4.727062702178955,4892.959554591176,80.24674224853516,33.11741638183594,41.26948416233063,0.10574241727590561,0.043639350682497025
9.5,1300,3.574733257293701,0.06349198520183563,16.977031707763672,4.6898345947265625,4889.189144458627,79.61946868896484,32.50756072998047,40.828654170036316,0.1099662184715271,0.04489772766828537
9.6,1300,3.5636489391326904,0.06455115973949432,16.976642608642578,4.681681156158447,4882.576792788544,79.4792251586914,33.00515365600586,41.52676463127136,0.10797250270843506,0.04483748972415924
9.7,1300,3.5022027492523193,0.06613501161336899,16.9760684967041,4.742069721221924,4883.253473289995,80.50170135498047,33.81966781616211,42.0111209154129,0.10355520993471146,0.04350470378994942
9.8,1300,3.4921059608459473,0.0665985643863678,16.97663116455078,4.7452287673950195,4889.563329542117,80.55799865722656,34.1007194519043,42.33064651489258,0.10240563750267029,0.04334896802902222
9.9,1300,3.4950664043426514,0.0657784566283226,16.976337432861328,4.675070762634277,4886.260942185335,79.3655776977539,33.658050537109375,42.40887761116028,0.1038404330611229,0.044037558138370514
10,1300,3.4957399368286133,0.0655764788389206,16.97516441345215,4.722525119781494,4887.07575643256,80.16564178466797,33.56029510498047,41.86369180679321,0.10416296869516373,0.043606460094451904
10.1,1300,3.526573657989502,0.06510043889284134,16.97501564025879,4.728421688079834,4892.132500644958,80.26502990722656,33.35114288330078,41.55127704143524,0.10574071109294891,0.04393661394715309
10.2,1300,3.595900774002075,0.06496373564004898,16.974939346313477,4.750978469848633,4894.153216664366,80.64756774902344,33.294857025146484,41.28439128398895,0.10800168663263321,0.04458783566951752
10.3,1300,3.603015661239624,0.06604477763175964,16.975046157836914,4.752859592437744,4896.6221388040285,80.68000793457031,33.86598205566406,41.975679993629456,0.10639040172100067,0.04465809464454651
10.4,1300,3.5598208904266357,0.06699103116989136,16.975032806396484,4.742126941680908,4896.87509258321,80.49775695800781,34.352970123291016,42.67568588256836,0.10362483561038971,0.04422260820865631
10.5,1300,3.525545120239258,0.06667730957269669,16.975175857543945,4.743615627288818,4896.7888318474525,80.52371215820312,34.19149398803711,42.461398243904114,0.10311176627874374,0.04378269612789154
10.6,1300,3.512113332748413,0.06562763452529907,16.975284576416016,4.730778217315674,4897.244032081418,80.30630493164062,33.65635681152344,41.90998077392578,0.10435215383768082,0.04373396560549736
10.7,1300,3.5388216972351074,0.06484735012054443,16.975032806396484,4.7412872314453125,4896.874509740401,80.48350524902344,33.25368881225586,41.317394375801086,0.1064189225435257,0.04396952688694
10.8,1300,3.588390588760376,0.06460461765527725,16.975561141967773,4.752559661865234,4897.181667900836,80.6773681640625,33.13129425048828,41.066405177116394,0.10830819606781006,0.04447828233242035
10.9,1300,3.590223789215088,0.06598782539367676,16.975961685180664,4.755161285400391,4899.003051679506,80.72343444824219,33.853233337402344,41.93730354309082,0.10605261474847794,0.04447560757398605
11,1350,3.5398151874542236,0.0669654905796051,16.97630500793457,4.751108169555664,4898.916790943748,80.65625762939453,34.354190826416016,42.59333610534668,0.10303881764411926,0.0438876673579216
11.1,1350,3.795145034790039,0.09946119040250778,16.95405387878418,6.480141639709473,5083.07763335859,109.86466979980469,52.943058013916016,48.18933606147766,0.07168352603912354,0.03454381600022316
11.2,1350,4.334498882293701,0.10144028067588806,16.96691131591797,7.025998115539551,5422.61271184315,119.20948791503906,57.603336334228516,48.32110106945038,0.07524735480546951,0.036360353231430054
11.3,1350,4.605503559112549,0.09784455597400665,16.973478317260742,7.108865261077881,5647.069557555883,120.66217041015625,57.861331939697266,47.95316755771637,0.07959553599357605,0.03816857933998108
11.4,1350,4.804502010345459,0.09515643119812012,16.975231170654297,7.128650665283203,5778.415515974576,121.01049041748047,57.58051300048828,47.58307337760925,0.08343972265720367,0.039703186601400375
11.5,1350,4.905248641967773,0.09318261593580246,16.975919723510742,7.115434169769287,5852.431307154445,120.7910385131836,57.10837936401367,47.27865755558014,0.0858936756849289,0.04060937464237213
11.6,1350,4.894372940063477,0.0923084169626236,16.97534942626953,7.0981926918029785,5881.546636843944,120.49430084228516,56.85405731201172,47.18402326107025,0.08608660846948624,0.040619123727083206
11.7,1350,4.898321628570557,0.09235675632953644,16.974740982055664,7.141483306884766,5902.711407773494,121.2248306274414,57.08852767944336,47.09309637546539,0.08580220490694046,0.04040691629052162
11.8,1350,4.89931583404541,0.09209168702363968,16.97453498840332,7.1524882316589355,5915.735030344497,121.41016387939453,57.05027770996094,46.989706158638,0.08587715774774551,0.04035342484712601
11.9,1350,4.9055070877075195,0.09192902594804764,16.974342346191406,7.171500205993652,5922.868443485982,121.73149871826172,57.01818084716797,46.83929979801178,0.08603408187627792,0.04029776155948639
12,1350,4.922245979309082,0.09167903661727905,16.974313735961914,7.169839859008789,5926.107883819374,121.70310974121094,56.894229888916016,46.74837589263916,0.08651573210954666,0.04044470191001892
12.1,1350,4.950401782989502,0.0916130468249321,16.974369049072266,7.172514915466309,5930.056061008721,121.74891662597656,56.89115524291992,46.728262305259705,0.0870153158903122,0.04066074639558792
12.2,1350,4.987435817718506,0.09094534814357758,16.974637985229492,7.135684967041016,5933.925554418831,121.12567138671875,56.513370513916016,46.656808257102966,0.08825232088565826,0.041175711899995804
12.3,1350,5.006953239440918,0.0907459706068039,16.97454833984375,7.133626461029053,5937.114870270633,121.090087890625,56.41978454589844,46.593230962753296,0.0887446403503418,0.04134899377822876
12.4,1350,5.012482643127441,0.0904553011059761,16.974550247192383,7.11652946472168,5938.190798096369,120.79988861083984,56.2492561340332,46.563997864723206,0.08911197632551193,0.04149410128593445
12.5,1350,4.980791091918945,0.09067806601524353,16.974367141723633,7.110864639282227,5936.825197394473,120.70243072509766,56.374813079833984,46.705618500709534,0.08835135400295258,0.04126504436135292
12.6,1350,4.966538429260254,0.09094870835542679,16.974328994750977,7.115624904632568,5936.324535421392,120.782958984375,56.538307189941406,46.809837222099304,0.08784377574920654,0.0411195307970047
12.7,1350,4.932499885559082,0.0911661759018898,16.974285125732422,7.113437652587891,5934.557938866785,120.74552154541016,56.6566276550293,46.92234396934509,0.08705953508615494,0.04085037484765053
12.8,1350,4.910704612731934,0.09134350717067719,16.97422218322754,7.125160217285156,5932.701001676755,120.94405364990234,56.74907302856445,46.921753883361816,0.08653365820646286,0.04060310870409012
12.9,1350,4.902327060699463,0.09128877520561218,16.97416114807129,7.119910717010498,5932.081439770603,120.8545150756836,56.709144592285156,46.9234824180603,0.0864468514919281,0.04056387394666672
13,1350,4.911953926086426,0.09113408625125885,16.97433853149414,7.128012657165527,5932.522068934339,120.99330139160156,56.61725616455078,46.79371118545532,0.08675718307495117,0.04059690982103348
13.1,1350,4.933938980102539,0.09105519950389862,16.974353790283203,7.136687278747559,5932.779685455994,121.14065551757812,56.57070541381836,46.69836461544037,0.08721721172332764,0.04072900861501694
13.2,1350,4.974987506866455,0.09088799357414246,16.974327087402344,7.138373374938965,5933.923805890403,121.16908264160156,56.47771453857422,46.61066234111786,0.08808762580156326,0.04105822369456291
13.3,1350,4.984635353088379,0.09071813523769379,16.974397659301758,7.12920618057251,5935.101731207745,121.01397705078125,56.38335418701172,46.59242928028107,0.08840615302324295,0.04119057580828667
13.4,1350,4.96585750579834,0.09116166830062866,16.974199295043945,7.1307549476623535,5933.410321375521,121.03885650634766,56.64287185668945,46.797263622283936,0.08766959607601166,0.041026968508958817
13.5,1350,4.93031644821167,0.09134653210639954,16.974315643310547,7.12503719329834,5931.809252178718,120.942626953125,56.7424201965332,46.91680669784546,0.08688943088054657,0.04076574370265007
13.6,1350,4.911909580230713,0.09154175966978073,16.97434425354004,7.1419854164123535,5932.509246392537,121.23052215576172,56.87040328979492,46.91096246242523,0.08637022972106934,0.04051710292696953
13.7,1350,4.900769233703613,0.091397725045681,16.97432518005371,7.138930797576904,5932.369946961144,121.17853546142578,56.77958679199219,46.856144070625305,0.08631216734647751,0.04044255241751671
13.8,1350,4.9118971824646,0.09134477376937866,16.974346160888672,7.148079872131348,5933.458114485873,121.333984375,56.75709915161133,46.77757918834686,0.08654242753982544,0.040482454001903534
13.9,1350,4.955886363983154,0.09082432091236115,16.974454879760742,7.127944469451904,5933.193503850508,120.99297332763672,56.43120193481445,46.64006531238556,0.08782174438238144,0.04096011817455292
14,1350,4.969101905822754,0.09117645770311356,16.974119186401367,7.152796268463135,5930.974621275981,121.41241455078125,56.628807067871094,46.64169251918793,0.08774866163730621,0.0409274622797966
14.1,1350,5.0043535232543945,0.09134870022535324,16.97412109375,7.156216144561768,5930.9046801388795,121.4704818725586,56.73511505126953,46.7069149017334,0.08820557594299316,0.04119810461997986
14.2,1350,5.005921840667725,0.09116563946008682,16.97439956665039,7.140824317932129,5931.521327830987,121.2112045288086,56.62730407714844,46.71787917613983,0.088401198387146,0.04129916802048683
14.3,1350,4.989807605743408,0.09113903343677521,16.974443435668945,7.139756679534912,5932.470778767131,121.19339752197266,56.619842529296875,46.71858549118042,0.08812825381755829,0.041172273457050323
14.4,1350,4.946674823760986,0.09054403007030487,16.974788665771484,7.0812482833862305,5923.775929739867,120.20269012451172,56.167755126953125,46.727535128593445,0.08806965500116348,0.04115277901291847
14.5,1350,4.932352542877197,0.09183257818222046,16.973709106445312,7.140204906463623,5922.304834489511,121.19576263427734,56.95294189453125,46.9925194978714,0.08660399913787842,0.040697403252124786
14.6,1350,4.9495015144348145,0.09151845425367355,16.974271774291992,7.147872447967529,5926.841682916125,121.3299331665039,56.801605224609375,46.81582450866699,0.0871366485953331,0.04079373925924301
14.7,1350,4.9579176902771,0.09150861948728561,16.974241256713867,7.145196437835693,5929.142163483936,121.28428649902344,56.81754684448242,46.84658646583557,0.08726032823324203,0.04087848216295242
14.8,1350,4.962825775146484,0.09117843955755234,16.97441291809082,7.146045684814453,5929.614266159368,121.2999267578125,56.61704635620117,46.67524993419647,0.08765603601932526,0.04091367498040199
14.9,1350,4.981227874755859,0.09140326082706451,16.974201202392578,7.163798809051514,5928.083138099666,121.59976196289062,56.74199295043945,46.662914752960205,0.08778732270002365,0.04096412658691406
15,1350,4.993159770965576,0.09148670732975006,16.974388122558594,7.161240100860596,5926.496639973094,121.55767059326172,56.77859878540039,46.70918583869934,0.08794087916612625,0.04107647016644478
15.1,1350,4.9913330078125,0.09210377931594849,16.974124908447266,7.182620048522949,5925.9866525150655,121.91869354248047,57.156646728515625,46.88095450401306,0.0873272567987442,0.040939852595329285
15.2,1350,4.982168197631836,0.09204278886318207,16.97451400756836,7.170001983642578,5925.989566729112,121.7072982788086,57.11882400512695,46.93130552768707,0.08722462505102158,0.04093565791845322
15.3,1350,4.976708889007568,0.09207463264465332,16.974639892578125,7.16912841796875,5928.378056561109,121.69337463378906,57.161617279052734,46.97183966636658,0.08706382662057877,0.040895480662584305
15.4,1350,4.95717191696167,0.09134993702173233,16.974851608276367,7.135385513305664,5930.571876894841,121.12210845947266,56.73270034790039,46.83925807476044,0.08737768232822418,0.040927059948444366
15.5,1350,4.952775478363037,0.09121928364038467,16.97459602355957,7.131934642791748,5932.519737563102,121.06170654296875,56.670162200927734,46.810972690582275,0.0873965248465538,0.04091116413474083
15.6,1350,4.95517110824585,0.09082896262407303,16.974651336669922,7.115758419036865,5934.6989868266055,120.78752136230469,56.448402404785156,46.733641624450684,0.08778230845928192,0.041023869067430496
15.7,1350,4.929910182952881,0.09072858095169067,16.97441291809082,7.126334190368652,5934.225135622746,120.96533966064453,56.38151550292969,46.60964608192444,0.08743841201066971,0.040754735469818115
15.8,1350,4.92800760269165,0.09046106785535812,16.974449157714844,7.125109672546387,5934.9181357228545,120.94480895996094,56.221839904785156,46.48553431034088,0.08765290677547455,0.040745921432971954
15.9,1350,4.942208766937256,0.09052111953496933,16.97437286376953,7.129543781280518,5936.667829835997,121.01953125,56.27574920654297,46.50137722492218,0.08782128989696503,0.04083810746669769
16,1400,4.97520637512207,0.09084058552980423,16.974117279052734,7.142735481262207,5936.053513515127,121.24163055419922,56.46851348876953,46.575185656547546,0.08810584992170334,0.04103546217083931
16.1,1400,5.254397392272949,0.12273716181516647,16.947172164916992,9.220294952392578,6106.642861118342,156.25791931152344,78.48871612548828,50.230228900909424,0.06694462150335312,0.033626437187194824
16.2,1400,5.867616653442383,0.12922877073287964,16.961074829101562,9.96288776397705,6416.870271786374,168.9812774658203,86.8382568359375,51.38927698135376,0.06756948679685593,0.034723471850156784
16.3,1400,6.319637298583984,0.12762337923049927,16.96879005432129,10.161528587341309,6628.545374693914,172.42884826660156,88.58844757080078,51.376813650131226,0.07133703678846359,0.03665069490671158
16.4,1400,6.501399993896484,0.1272028684616089,16.97087860107422,10.226205825805664,6747.067042782342,173.54769897460938,89.8753433227539,51.78711414337158,0.07233797013759613,0.037461746484041214
16.5,1400,6.670976638793945,0.12552493810653687,16.971778869628906,10.249330520629883,6810.15453129019,173.94937133789062,89.51908111572266,51.462721824645996,0.07452016323804855,0.03835010528564453
16.6,1400,6.6743316650390625,0.12548531591892242,16.972103118896484,10.249247550964355,6843.904044155434,173.9512939453125,89.93431854248047,51.700860261917114,0.07421340048313141,0.03836897015571594
16.7,1400,6.7824907302856445,0.12461751699447632,16.972402572631836,10.249293327331543,6865.446497225331,173.95513916015625,89.59349822998047,51.50379538536072,0.07570293545722961,0.03898988664150238
16.8,1400,6.7754926681518555,0.12313470989465714,16.97513198852539,10.124053001403809,6883.884729493563,171.8571319580078,88.76519012451172,51.65057182312012,0.0763305127620697,0.03942514583468437
16.9,1400,6.7982306480407715,0.12441819906234741,16.971220016479492,10.268312454223633,6893.852507216065,174.2657928466797,89.82030487060547,51.54213309288025,0.07568701356649399,0.03901069983839989
17,1400,6.785691738128662,0.12545433640480042,16.971723556518555,10.302000999450684,6909.940134434896,174.84271240234375,90.7796630859375,51.92075967788696,0.07474903017282486,0.03881026431918144
17.1,1400,6.82489538192749,0.12423822283744812,16.972064971923828,10.293252944946289,6922.548772925767,174.69775390625,90.063720703125,51.55401825904846,0.0757785215973854,0.039066873490810394
17.2,1400,6.786199569702148,0.12472240626811981,16.972143173217773,10.273185729980469,6926.955064563125,174.3579864501953,90.4722671508789,51.8887996673584,0.07500861585140228,0.03892107307910919
17.3,1400,6.768321514129639,0.12407965958118439,16.97197914123535,10.299128532409668,6928.422662756627,174.79660034179688,90.02509307861328,51.50277614593506,0.07518260926008224,0.038721129298210144
17.4,1400,6.804088115692139,0.12462960183620453,16.971797943115234,10.309651374816895,6927.123506134977,174.9733123779297,90.40714263916016,51.669102907180786,0.07526051253080368,0.038886431604623795
17.5,1400,6.770608425140381,0.124668650329113,16.971906661987305,10.330216407775879,6926.377467339234,175.32347106933594,90.42572784423828,51.576513051986694,0.07487479597330093,0.0386178083717823
17.6,1400,6.821900844573975,0.12474187463521957,16.971952438354492,10.343754768371582,6925.562070249199,175.5537109375,90.46819305419922,51.53305530548096,0.07540662586688995,0.03885933756828308
17.7,1400,6.759714603424072,0.12508738040924072,16.972225189208984,10.33758544921875,6926.8868719544525,175.4518280029297,90.73612213134766,51.71568989753723,0.07449860870838165,0.0385274663567543
17.8,1400,6.8144378662109375,0.12450969219207764,16.972230911254883,10.329192161560059,6926.349490884393,175.30943298339844,90.31006622314453,51.51466727256775,0.07545601576566696,0.0388709120452404
17.9,1400,6.750577449798584,0.12525124847888947,16.971965789794922,10.322375297546387,6928.821327238102,175.1909942626953,90.88036346435547,51.87501907348633,0.07427982985973358,0.03853267431259155
18,1400,6.773406028747559,0.12409785389900208,16.97218894958496,10.304368019104004,6931.451113993097,174.88768005371094,90.07765197753906,51.50600075721741,0.07519518584012985,0.038730036467313766
18.1,1400,6.730386734008789,0.12452251464128494,16.972400665283203,10.292908668518066,6934.303546701197,174.69537353515625,90.42308807373047,51.760441064834595,0.07443217188119888,0.03852641582489014
18.2,1400,6.694702625274658,0.12360309064388275,16.972206115722656,10.28076457977295,6937.139659810639,174.4872589111328,89.79215240478516,51.46058201789856,0.07455776631832123,0.038367860019207
18.3,1400,6.694268703460693,0.12356197834014893,16.972412109375,10.258971214294434,6938.964540646164,174.11949157714844,89.78589630126953,51.565682888031006,0.07455813139677048,0.03844640776515007
18.4,1400,6.639673233032227,0.12358666211366653,16.972007751464844,10.266678810119629,6939.513578572407,174.24615478515625,89.81094360351562,51.54256820678711,0.07392944395542145,0.038105133920907974
18.5,1400,6.721329212188721,0.12333105504512787,16.971847534179688,10.289583206176758,6940.828471949904,174.63323974609375,89.64217376708984,51.3316810131073,0.07497954368591309,0.03848825767636299
18.6,1400,6.701282024383545,0.12418345361948013,16.971759796142578,10.297118186950684,6940.7509538562845,174.76022338867188,90.26072692871094,51.648324728012085,0.07424361258745193,0.0383455827832222
18.7,1400,6.739414691925049,0.12346156686544418,16.97181510925293,10.294502258300781,6938.023249509348,174.7163848876953,89.70076751708984,51.3407826423645,0.07513218373060226,0.038573455065488815
18.8,1400,6.720078468322754,0.12442571669816971,16.971696853637695,10.297259330749512,6934.750004293024,174.761962890625,90.3586196899414,51.70382261276245,0.07437119632959366,0.03845275193452835
18.9,1400,6.741179466247559,0.12406102567911148,16.971982955932617,10.297979354858398,6933.673493624479,174.77713012695312,90.07978820800781,51.53980255126953,0.0748356431722641,0.03857014700770378
19,1400,6.7639360427856445,0.12464854121208191,16.971887588500977,10.312440872192383,6930.5069086422345,175.02159118652344,90.46504974365234,51.68793797492981,0.07476849853992462,0.03864629566669464
19.1,1400,6.740942478179932,0.12465395033359528,16.97191047668457,10.340984344482422,6927.977370850417,175.50625610351562,90.43595123291016,51.52862071990967,0.07453830540180206,0.0384085588157177
19.2,1400,6.793163776397705,0.12515556812286377,16.97198486328125,10.351910591125488,6927.522170616452,175.69247436523438,90.79390716552734,51.67774558067322,0.07481959462165833,0.038665082305669785
19.3,1400,6.731523036956787,0.12526622414588928,16.97193145751953,10.334880828857422,6926.259733091781,175.40289306640625,90.85762786865234,51.799386739730835,0.0740887001156807,0.03837749361991882
19.4,1400,6.809304714202881,0.12495659291744232,16.971967697143555,10.33380126953125,6927.993690449074,175.38494873046875,90.65573120117188,51.68957710266113,0.07511167973279953,0.038824912160634995
19.5,1400,6.76042366027832,0.12555921077728271,16.971805572509766,10.336373329162598,6928.321830950639,175.4269256591797,91.09724426269531,51.928889751434326,0.07421106845140457,0.038536980748176575
19.6,1400,6.7927775382995605,0.12393861263990402,16.9722900390625,10.271337509155273,6917.775873161438,174.328125,89.78457641601562,51.50321125984192,0.07565639913082123,0.03896547108888626
19.7,1400,6.7526044845581055,0.12575240433216095,16.97144317626953,10.327699661254883,6916.85673005137,175.27597045898438,91.08643341064453,51.96744203567505,0.07413402944803238,0.03852555900812149
19.8,1400,6.811203956604004,0.12437661737203598,16.972135543823242,10.313250541687012,6923.537274330127,175.0378875732422,90.17691802978516,51.51851773262024,0.07553156465291977,0.03891273960471153
19.9,1400,6.7715253829956055,0.12505801022052765,16.972131729125977,10.311049461364746,6929.214746134295,175.00048828125,90.74530029296875,51.85431241989136,0.07462122291326523,0.03869432210922241
20,1400,6.731512069702148,0.12414003908634186,16.9721736907959,10.28705883026123,6933.674659310097,174.59375,90.13717651367188,51.62680745124817,0.07468075305223465,0.03855528682470322
20.1,1400,6.76753044128418,0.12420760840177536,16.972293853759766,10.284215927124023,6935.563070011823,174.54673767089844,90.21080017089844,51.68289542198181,0.07501906901597977,0.03877202421426773
20.2,1400,6.690229892730713,0.12425588816404343,16.971832275390625,10.27130126953125,6935.618440078694,174.3227996826172,90.24658966064453,51.769810914993286,0.0741327777504921,0.03837839886546135
20.3,1400,6.727633953094482,0.12408744543790817,16.972013473510742,10.277351379394531,6936.647740479696,174.42735290527344,90.13762664794922,51.67631506919861,0.07463735342025757,0.03856983408331871
20.4,1400,6.67262601852417,0.12459772825241089,16.971908569335938,10.262859344482422,6936.709521817469,174.18031311035156,90.50910186767578,51.962876319885254,0.07372326403856277,0.038308728486299515
20.5,1400,6.727540969848633,0.12366148084402084,16.97193717956543,10.269376754760742,6935.256494694197,174.2912139892578,89.81018829345703,51.52880549430847,0.07490844279527664,0.03859942778944969
20.6,1400,6.761847496032715,0.12391936033964157,16.972511291503906,10.253108978271484,6937.91600643246,174.02101135253906,90.031982421875,51.736271381378174,0.07510495185852051,0.03885650262236595
20.7,1400,6.731193542480469,0.12350422143936157,16.971866607666016,10.279475212097168,6937.092449543096,174.46188354492188,89.71971893310547,51.42654776573181,0.07502468675374985,0.03858260437846184
20.8,1400,6.7403669357299805,0.12382649630308151,16.97226905822754,10.283727645874023,6937.216595061451,174.53819274902344,89.9554443359375,51.539117097854614,0.07493005692958832,0.0386182926595211
20.9,1400,6.65680456161499,0.12366271764039993,16.972108840942383,10.281957626342773,6937.6438188405755,174.50650024414062,89.84199523925781,51.48346424102783,0.07409457117319107,0.038146454840898514
21,1450,6.683349609375,0.12347175180912018,16.97208023071289,10.286895751953125,6940.611654424892,174.59002685546875,89.74163055419922,51.401352882385254,0.07447323203086853,0.03828024864196777
21.1,1450,7.00103759765625,0.15395790338516235,16.94191551208496,12.54061508178711,7106.12269263177,212.4620361328125,114.5679931640625,53.92398238182068,0.061108145862817764,0.032951947301626205
21.2,1450,7.712985038757324,0.1646551638841629,16.955461502075195,13.608057975769043,7442.044728542257,230.73089599609375,128.320556640625,55.614811182022095,0.060107164084911346,0.033428486436605453
21.3,1450,8.209943771362305,0.16589289903640747,16.96492576599121,13.906492233276367,7684.518411172191,235.922607421875,133.4974822998047,56.58528804779053,0.061498865485191345,0.03479930758476257
21.4,1450,8.528101921081543,0.16625624895095825,16.968915939331055,13.993064880371094,7829.161345439388,237.4471435546875,136.3081512451172,57.405686378479004,0.06256487220525742,0.0359157919883728
21.5,1450,8.74211311340332,0.16433951258659363,16.970256805419922,14.013851165771484,7906.101258992886,237.8186492919922,136.060791015625,57.21198916435242,0.06425152719020844,0.03675957769155502
21.6,1450,8.79205322265625,0.16378284990787506,16.970529556274414,14.026866912841797,7944.340410017201,238.04336547851562,136.25576782226562,57.239896059036255,0.06452610343694687,0.03693467006087303
21.7,1450,8.855562210083008,0.16565687954425812,16.970294952392578,14.075345039367676,7963.6237643587365,238.86276245117188,138.1493377685547,57.83628225326538,0.06410136818885803,0.03707385063171387
21.8,1450,8.918981552124023,0.16495440900325775,16.970489501953125,14.082795143127441,7974.188955960642,238.99192810058594,137.7460174560547,57.6362669467926,0.06474946439266205,0.03731917589902878
21.9,1450,8.904338836669922,0.16449835896492004,16.970605850219727,14.081743240356445,7978.0718547553615,238.9757080078125,137.4320831298828,57.50880837440491,0.06479083001613617,0.03726043552160263
22,1450,8.900264739990234,0.16605281829833984,16.970977783203125,14.090959548950195,7980.637528801348,239.13735961914062,138.775390625,58.03166627883911,0.06413431465625763,0.037218209356069565
22.1,1450,8.92778205871582,0.1652616262435913,16.970861434936523,14.09424877166748,7978.1715208757305,239.19154357910156,138.0714874267578,57.7242374420166,0.06466057896614075,0.037324823439121246
22.2,1450,8.894363403320312,0.16427679359912872,16.970640182495117,14.097367286682129,7978.125476293806,239.24134826660156,137.24789428710938,57.36796855926514,0.06480509787797928,0.03717736527323723
22.3,1450,8.856353759765625,0.16562478244304657,16.970821380615234,14.093334197998047,7982.698460974588,239.1754608154297,138.4534149169922,57.88779854774475,0.0639663115143776,0.03702868893742561
22.4,1450,8.919560432434082,0.1656041145324707,16.970670700073242,14.087567329406738,7984.127591542684,239.07546997070312,138.46092224121094,57.91515111923218,0.06441933661699295,0.03730855509638786
22.5,1450,8.931756019592285,0.1644023358821869,16.970529556274414,14.107429504394531,7984.823505856838,239.41055297851562,137.4680938720703,57.41940140724182,0.06497330218553543,0.03730727732181549
22.6,1450,8.898813247680664,0.1655798703432083,16.9708194732666,14.100695610046387,7986.834896391299,239.30035400390625,138.4875946044922,57.87187218666077,0.06425711512565613,0.037186793982982635
22.7,1450,8.923312187194824,0.16540203988552094,16.97119903564453,14.086788177490234,7988.371270036283,239.06968688964844,138.36546325683594,57.87662863731384,0.0644908919930458,0.03732515126466751
22.8,1450,8.894010543823242,0.16393719613552094,16.97089195251465,14.085736274719238,7991.925445486629,239.04751586914062,137.20108032226562,57.394903898239136,0.06482464075088501,0.03720603883266449
22.9,1450,8.803909301757812,0.16440382599830627,16.971370697021484,14.038687705993652,7997.959617090011,238.25576782226562,137.69549560546875,57.79314041137695,0.06393752247095108,0.03695150464773178
23,1450,8.836451530456543,0.1644062101840973,16.971332550048828,14.021759986877441,8001.969575617131,237.96795654296875,137.76654052734375,57.89289474487305,0.06414076685905457,0.03713294863700867
23.1,1450,8.848441123962402,0.16286109387874603,16.97121238708496,14.024201393127441,8001.886229095419,238.00770568847656,136.47036743164062,57.33863115310669,0.06483782082796097,0.03717711940407753
23.2,1450,8.805279731750488,0.16529721021652222,16.969938278198242,14.085386276245117,8001.678154212544,239.02813720703125,138.50811767578125,57.94636607170105,0.06357230246067047,0.03683783859014511
23.3,1450,8.859885215759277,0.165208101272583,16.970666885375977,14.110130310058594,8008.80457324032,239.4583282470703,138.55673217773438,57.86256790161133,0.06394409388303757,0.036999695003032684
23.4,1450,8.821744918823242,0.16419470310211182,16.970901489257812,14.103683471679688,8014.638829760155,239.3522186279297,137.80714416503906,57.57504105567932,0.06401515007019043,0.036856748163700104
23.5,1450,8.822381019592285,0.1662384569644928,16.970659255981445,14.106853485107422,8017.511661966576,239.40260314941406,139.57244873046875,58.300310373306274,0.06321004033088684,0.03685165196657181
23.6,1450,8.898892402648926,0.16507157683372498,16.971057891845703,14.096221923828125,8017.097260729253,239.22779846191406,138.58558654785156,57.93038606643677,0.06421224772930145,0.03719840571284294
23.7,1450,8.869691848754883,0.16529066860675812,16.97059440612793,14.139041900634766,8012.211289459944,239.9479522705078,138.68495178222656,57.797932624816895,0.06395568698644638,0.03696506842970848
23.8,1450,8.890121459960938,0.16719843447208405,16.970882415771484,14.147295951843262,8010.375917453854,240.09210205078125,140.25350952148438,58.416545391082764,0.06338609009981155,0.03702796250581741
23.9,1450,8.942997932434082,0.16525933146476746,16.971309661865234,14.128106117248535,8012.784806784171,239.7724609375,138.6685791015625,57.83340930938721,0.0644918829202652,0.03729785233736038
24,1450,8.853937149047852,0.16564711928367615,16.971004486083984,14.1080322265625,8016.417666013756,239.42747497558594,139.05699157714844,58.078962564468384,0.0636712834239006,0.03697961941361427
24.1,1450,8.874505996704102,0.16593283414840698,16.971332550048828,14.098249435424805,8017.793175043407,239.26608276367188,139.3207550048828,58.228373527526855,0.06369838118553162,0.03709053248167038
24.2,1450,8.86868667602539,0.16486841440200806,16.970726013183594,14.112516403198242,8014.202280496084,239.49964904785156,138.3650360107422,57.772547006607056,0.06409629434347153,0.03703005984425545
24.3,1450,8.848862648010254,0.16690528392791748,16.970504760742188,14.130504608154297,8009.931791233263,239.80178833007812,139.9998321533203,58.3814799785614,0.06320623308420181,0.03690073639154434
24.4,1450,8.951651573181152,0.16667528450489044,16.97079849243164,14.139232635498047,8009.727213407243,239.95407104492188,139.8033447265625,58.26254487037659,0.06403031200170517,0.03730568662285805
24.5,1450,8.960601806640625,0.1658908575773239,16.970529556274414,14.169816970825195,8006.357216284597,240.46929931640625,139.0868377685547,57.83975124359131,0.06442451477050781,0.03726297616958618
24.6,1450,8.972068786621094,0.16804321110248566,16.97014617919922,14.228166580200195,8002.9650711352015,241.45407104492188,140.83172607421875,58.32650661468506,0.06370772421360016,0.03715848922729492
24.7,1450,9.034029960632324,0.1679152399301529,16.97054100036621,14.233078956604004,7998.8735146147965,241.5430450439453,140.65252685546875,58.23083519935608,0.06422941386699677,0.03740132600069046
24.8,1450,9.047956466674805,0.16716720163822174,16.97039031982422,14.267026901245117,7994.980124649512,242.1170196533203,139.95779418945312,57.805848121643066,0.06464774906635284,0.03737017884850502
24.9,1450,9.07161808013916,0.1688041388988495,16.97054100036621,14.28600025177002,7989.060773079536,242.44114685058594,141.22364807128906,58.25069546699524,0.06423582881689072,0.03741781413555145
25,1450,9.164437294006348,0.16964752972126007,16.97026252746582,14.325328826904297,7979.831457196259,243.10458374023438,141.76527404785156,58.31452012062073,0.06464514881372452,0.03769750893115997
25.1,1450,9.197809219360352,0.16879433393478394,16.97042465209961,14.351168632507324,7974.058982014196,243.54542541503906,140.9502716064453,57.87432789802551,0.06525570154190063,0.03776630014181137
25.2,1450,9.13747787475586,0.16924838721752167,16.970600128173828,14.360941886901855,7972.137932115157,243.71380615234375,141.29537963867188,57.975947856903076,0.06466933339834213,0.03749265521764755
25.3,1450,9.144360542297363,0.16982612013816833,16.97139549255371,14.339142799377441,7974.725754187892,243.3552703857422,141.82371520996094,58.278465270996094,0.06447695195674896,0.03757617622613907
25.4,1450,9.151979446411133,0.16905055940151215,16.970918655395508,14.329381942749023,7976.2137518797135,243.18276977539062,141.20237731933594,58.06429982185364,0.06481462717056274,0.03763416036963463
25.5,1450,9.097367286682129,0.16771189868450165,16.971105575561523,14.295472145080566,7980.333284854958,242.60997009277344,140.15658569335938,57.77033567428589,0.06490859389305115,0.03749791160225868
25.6,1450,9.077032089233398,0.16884426772594452,16.97117805480957,14.263214111328125,7986.201929100535,242.0635528564453,141.20668029785156,58.33454728126526,0.0642818883061409,0.03749854862689972
25.7,1450,9.10169506072998,0.16773110628128052,16.971256256103516,14.243474960327148,7989.665763915459,241.7296600341797,140.33656311035156,58.05516839027405,0.06485619395971298,0.03765236958861351
25.8,1450,9.013019561767578,0.16702018678188324,16.970998764038086,14.236135482788086,7995.4184224420105,241.6014404296875,139.84237670898438,57.88143277168274,0.06445127725601196,0.0373053215444088
25.9,1450,8.9583158493042,0.16773532330989838,16.971500396728516,14.203361511230469,8003.437173810632,241.05235290527344,140.5819854736328,58.32010507583618,0.06372307240962982,0.03716336190700531
26,1500,8.965230941772461,0.16571377217769623,16.971221923828125,14.174161911010742,8005.556973107599,240.55284118652344,138.9244842529297,57.75216817855835,0.06453312933444977,0.03726927936077118
26.1,1500,9.292703628540039,0.19585826992988586,16.938570022583008,16.55135726928711,8150.73437423081,280.3563232421875,167.17343139648438,59.628915786743164,0.055587202310562134,0.03314604610204697
26.2,1500,10.031146049499512,0.206839919090271,16.948335647583008,18.023082733154297,8450.786515136277,305.46124267578125,183.0459442138672,59.92444157600403,0.054801248013973236,0.0328393392264843
26.3,1500,10.67402172088623,0.20885641872882843,16.959197998046875,18.599376678466797,8671.049806837,315.4305114746094,189.64793395996094,60.12352108955383,0.05628335103392601,0.03383953496813774
26.4,1500,11.057337760925293,0.21012760698795319,16.96384048461914,18.88205337524414,8802.262877095201,320.3121337890625,193.6894989013672,60.46898365020752,0.05708795785903931,0.034520506858825684
26.5,1500,11.277642250061035,0.21073664724826813,16.96635627746582,19.006959915161133,8876.68782392711,322.4788513183594,195.89332580566406,60.746097564697266,0.05757032334804535,0.034971725195646286
26.6,1500,11.404995918273926,0.21186338365077972,16.967138290405273,19.092802047729492,8918.734687023762,323.9502258300781,197.87356567382812,61.081475019454956,0.05763779580593109,0.03520601615309715
26.7,1500,11.47414779663086,0.212299644947052,16.968364715576172,19.097721099853516,8940.998116648607,324.0570983886719,198.77597045898438,61.3398015499115,0.05772401764988899,0.03540779650211334
26.8,1500,11.524736404418945,0.21306626498699188,16.96867561340332,19.109851837158203,8950.75956801666,324.2688903808594,199.71156311035156,61.58825755119324,0.05770690739154816,0.03554068133234978
26.9,1500,11.579249382019043,0.21445788443088531,16.968355178833008,19.139080047607422,8951.447322531485,324.7586975097656,201.03140258789062,61.901772022247314,0.05759920924901962,0.035654932260513306
27,1500,11.613823890686035,0.2160254567861557,16.96805191040039,19.195356369018555,8950.16681687973,325.7077941894531,202.47186279296875,62.16365098953247,0.05736018717288971,0.035657186061143875
27.1,1500,11.62147045135498,0.21672962605953217,16.968538284301758,19.187870025634766,8948.5639991545,325.5901184082031,203.09547424316406,62.37765550613403,0.05722171068191528,0.03569355979561806
27.2,1500,11.609983444213867,0.21649934351444244,16.96822166442871,19.23917579650879,8945.849117349366,326.45458984375,202.81813049316406,62.12751269340515,0.05724332109093666,0.03556385263800621
27.3,1500,11.58455753326416,0.21572819352149963,16.968490600585938,19.238815307617188,8944.383267684292,326.4536437988281,202.06259155273438,61.89625859260559,0.05733152851462364,0.035486072301864624
27.4,1500,11.49609088897705,0.21407164633274078,16.96949577331543,19.174070358276367,8949.782140625675,325.3742980957031,200.63201904296875,61.66191101074219,0.057299382984638214,0.03533189371228218
27.5,1500,11.411023139953613,0.21263402700424194,16.969255447387695,19.13091278076172,8960.115943632338,324.6373596191406,199.51475524902344,61.45773530006409,0.05719388276338577,0.035150062292814255
27.6,1500,11.348627090454102,0.21110494434833527,16.969327926635742,19.112594604492188,8971.366558377831,324.327880859375,198.32872009277344,61.15068793296814,0.057221297174692154,0.03499121591448784
27.7,1500,11.298823356628418,0.20974063873291016,16.969463348388672,19.06216812133789,8978.849677204822,323.4747619628906,197.2113494873047,60.96653342247009,0.05729296803474426,0.034929536283016205
27.8,1500,11.315320014953613,0.2097535878419876,16.96898078918457,19.051424026489258,8982.794940180123,323.2832336425781,197.3101806640625,61.03322505950928,0.05734787508845329,0.035001255571842194
27.9,1500,11.391085624694824,0.21018236875534058,16.968605041503906,19.08146858215332,8979.320614194634,323.7859191894531,197.63705444335938,61.03942394256592,0.057636383920907974,0.035180918872356415
28,1500,11.483013153076172,0.21065859496593475,16.9680233001709,19.132020950317383,8967.743607476003,324.632568359375,197.8294677734375,60.939496755599976,0.05804500728845596,0.03537233918905258
28.1,1500,11.501070022583008,0.21096909046173096,16.967771530151367,19.192930221557617,8961.862140688623,325.6612548828125,197.99111938476562,60.7966423034668,0.058088816702365875,0.03531605377793312
28.2,1500,11.522661209106445,0.2111167460680008,16.968746185302734,19.180761337280273,8959.903788849797,325.4734802246094,198.08639526367188,60.860997438430786,0.05816987529397011,0.03540276736021042
28.3,1500,11.481669425964355,0.21098583936691284,16.968868255615234,19.1791934967041,8961.897111257174,325.44921875,198.0076141357422,60.84132194519043,0.057986002415418625,0.03527945280075073
28.4,1500,11.48253059387207,0.21104402840137482,16.969003677368164,19.146137237548828,8965.687920888044,324.890869140625,198.14599609375,60.98847985267639,0.05794984847307205,0.035342730581760406
28.5,1500,11.488871574401855,0.21172930300235748,16.968931198120117,19.140968322753906,8966.201988245737,324.8017883300781,198.80079650878906,61.20680570602417,0.05779087543487549,0.03537194803357124
28.6,1500,11.49002456665039,0.2123832106590271,16.96877670288086,19.149944305419922,8968.489646271746,324.9511413574219,199.4656524658203,61.38327717781067,0.057604026049375534,0.03535923734307289
28.7,1500,11.446996688842773,0.2126954197883606,16.968719482421875,19.15949821472168,8971.40152894638,325.1121520996094,199.82373046875,61.46301627159119,0.05728547275066376,0.035209380090236664
28.8,1500,11.34294605255127,0.2125951647758484,16.96938705444336,19.121023178100586,8982.533243758804,324.4720458984375,199.97735595703125,61.631613969802856,0.05672115087509155,0.034958161413669586
28.9,1500,11.255760192871094,0.2108794003725052,16.97018051147461,19.032791137695312,8996.88749646315,322.9898986816406,198.680419921875,61.512887477874756,0.05665259063243866,0.0348486453294754
29,1500,11.237186431884766,0.20970074832439423,16.96939468383789,19.009199142456055,9003.438649638272,322.5746154785156,197.71380615234375,61.29242777824402,0.05683561787009239,0.03483593091368675
29.1,1500,11.254656791687012,0.20926691591739655,16.968902587890625,19.00096893310547,9003.68635783217,322.42559814453125,197.31021118164062,61.195576190948486,0.057040419429540634,0.03490621596574783
29.2,1500,11.275030136108398,0.2095879167318344,16.96871566772461,19.0145206451416,9000.0861377999,322.6520080566406,197.53384399414062,61.2219512462616,0.057078976184129715,0.034944865852594376
29.3,1500,11.338611602783203,0.21012915670871735,16.968849182128906,19.013198852539062,8994.518823286666,322.6321105957031,197.92144775390625,61.345863342285156,0.05728844180703163,0.03514409065246582
29.4,1500,11.419156074523926,0.2117210179567337,16.968107223510742,19.06482696533203,8984.84479833999,323.4940185546875,199.2063446044922,61.57960295677185,0.05732325464487076,0.03529943525791168
29.5,1500,11.466781616210938,0.21341948211193085,16.968154907226562,19.109092712402344,8974.959201453581,324.24603271484375,200.58348083496094,61.86150312423706,0.05716712772846222,0.03536444529891014
29.6,1500,11.5253267288208,0.2151673585176468,16.967620849609375,19.181068420410156,8966.763848713781,325.45709228515625,202.04156494140625,62.079328298568726,0.05704433470964432,0.0354127362370491
29.7,1500,11.554428100585938,0.21621638536453247,16.96816635131836,19.201129913330078,8957.524624502748,325.8079528808594,202.81741333007812,62.25059628486633,0.05696960538625717,0.03546392172574997
29.8,1500,11.536225318908691,0.2163993865251541,16.96843910217285,19.222421646118164,8954.081772028954,326.17449951171875,202.9110565185547,62.20935583114624,0.056853607296943665,0.035368263721466064
29.9,1500,11.476613998413086,0.21568262577056885,16.968942642211914,19.20630645751953,8956.44228540611,325.91070556640625,202.2922821044922,62.06984519958496,0.05673283338546753,0.035213980823755264
30,1500,11.440052032470703,0.21514464914798737,16.968870162963867,19.18979263305664,8958.82844386687,325.62908935546875,201.84146118164062,61.98508143424988,0.0566784031689167,0.03513215482234955
30.1,1500,11.436579704284668,0.21205785870552063,16.972055435180664,18.989683151245117,8954.682100122403,322.2939453125,198.8534698486328,61.699408292770386,0.05751259997487068,0.035484932363033295
30.2,1500,11.444554328918457,0.21239298582077026,16.96769142150879,19.144683837890625,8944.160621731187,324.8410949707031,198.93370056152344,61.240315437316895,0.05752948671579361,0.03523124009370804
30.3,1500,11.497069358825684,0.21208205819129944,16.967668533325195,19.219181060791016,8942.051896447594,326.1047058105469,198.5956573486328,60.89935302734375,0.0578918494284153,0.035255759954452515
30.4,1500,11.517858505249023,0.21185775101184845,16.96826171875,19.223676681518555,8940.010780929866,326.1923828125,198.34031677246094,60.80470681190491,0.05807118862867355,0.03531001880764961
30.5,1500,11.571807861328125,0.2124224752187729,16.968358993530273,19.256587982177734,8942.47096042739,326.752685546875,198.92373657226562,60.87899208068848,0.0581720806658268,0.03541457653045654
30.6,1500,11.603436470031738,0.21360568702220917,16.968427658081055,19.264270782470703,8945.292502466604,326.8843994140625,200.09487915039062,61.21273636817932,0.05798967182636261,0.035497065633535385
30.7,1500,11.611196517944336,0.21437926590442657,16.969215393066406,19.249502182006836,8950.405782431491,326.6489562988281,200.934326171875,61.51384115219116,0.05778602883219719,0.03554640710353851
30.8,1500,11.584030151367188,0.21478034555912018,16.96916961669922,19.202224731445312,8954.98867544003,325.8457946777344,201.413330078125,61.81246638298035,0.05751372501254082,0.03555065020918846
30.9,1500,11.533574104309082,0.21521632373332977,16.969287872314453,19.167741775512695,8961.374884100154,325.262939453125,201.96609497070312,62.093180418014526,0.057106487452983856,0.035459235310554504
31,1550,11.534820556640625,0.21518220007419586,16.969192504882812,19.147228240966797,8966.935787342487,324.9129943847656,202.05938720703125,62.18876242637634,0.057086288928985596,0.03550126031041145
31.1,1550,11.864636421203613,0.23747316002845764,16.936260223388672,21.48651695251465,9079.708293961217,363.9012451171875,225.79537963867188,62.04853057861328,0.05254596844315529,0.032604001462459564
31.2,1550,12.586066246032715,0.2502342462539673,16.946245193481445,22.886396408081055,9312.021277898813,387.8384704589844,244.01657104492188,62.917059659957886,0.05157873407006264,0.032451823353767395
31.3,1550,13.051450729370117,0.25260478258132935,16.955448150634766,23.57309913635254,9488.704829914757,399.6924743652344,251.00196838378906,62.79877424240112,0.05199740454554558,0.03265373408794403
31.4,1550,13.317474365234375,0.251761794090271,16.96059226989746,23.89199447631836,9598.41216620004,405.2223815917969,253.05670166015625,62.44884729385376,0.05262644588947296,0.032864607870578766
31.5,1550,13.521289825439453,0.2544592618942261,16.96347427368164,24.060636520385742,9664.862657716825,408.1519775390625,257.5387268066406,63.098734617233276,0.05250196531414986,0.033128075301647186
31.6,1550,13.647293090820312,0.25548964738845825,16.964962005615234,24.146827697753906,9709.677441314247,409.6500244140625,259.7806091308594,63.41525912284851,0.052533917129039764,0.03331451863050461
31.7,1550,13.513879776000977,0.25284117460250854,16.965864181518555,24.136606216430664,9742.751439363657,409.4983825683594,257.96337890625,62.9949688911438,0.0523868165910244,0.03300105780363083
31.8,1550,13.512563705444336,0.25168028473854065,16.965925216674805,24.141477584838867,9764.779400493597,409.5824890136719,257.3595275878906,62.83460259437561,0.05250461772084236,0.032991066575050354
31.9,1550,13.679248809814453,0.25438040494918823,16.966400146484375,24.12009048461914,9776.039923566846,409.2311096191406,260.4205322265625,63.636547327041626,0.0525275319814682,0.03342670947313309
32,1550,13.608644485473633,0.2526191473007202,16.966217041015625,24.125673294067383,9781.058200153839,409.3214111328125,258.7502136230469,63.21443319320679,0.05259374901652336,0.03324684128165245
32.1,1550,13.511520385742188,0.25044357776641846,16.96598243713379,24.14287757873535,9787.168724165223,409.6076354980469,256.6820983886719,62.665361166000366,0.05263911932706833,0.03298649564385414
32.2,1550,13.666906356811523,0.2542887032032013,16.966373443603516,24.12138557434082,9791.241629715734,409.25244140625,260.7314758300781,63.70920538902283,0.05241755396127701,0.03339480608701706
32.3,1550,13.557292938232422,0.25202518701553345,16.96639633178711,24.117477416992188,9795.404293058857,409.1866760253906,258.5204772949219,63.179099559783936,0.052441854029893875,0.033132292330265045
32.4,1550,13.481318473815918,0.25045114755630493,16.9665470123291,24.09689712524414,9800.142805097445,408.84112548828125,257.0301513671875,62.86797523498535,0.05245034024119377,0.03297446668148041
32.5,1550,13.58121395111084,0.2528349757194519,16.96658706665039,24.0733699798584,9808.764215930752,408.44293212890625,259.7048645019531,63.58412504196167,0.05229480192065239,0.033251192420721054
32.6,1550,13.456114768981934,0.2499692440032959,16.966514587402344,24.056888580322266,9814.275577534307,408.16156005859375,256.905517578125,62.94211745262146,0.05237767845392227,0.032967619597911835
32.7,1550,13.537569046020508,0.25160926580429077,16.9661922454834,24.062814712524414,9809.139566699861,408.25433349609375,258.4557189941406,63.30752968788147,0.05237867683172226,0.03315964341163635
32.8,1550,13.686545372009277,0.253419429063797,16.96605110168457,24.08275604248047,9800.631227371534,408.5892639160156,260.08935546875,63.65545392036438,0.0526224747300148,0.033497076481580734
32.9,1550,13.620028495788574,0.2513517141342163,16.9658203125,24.134416580200195,9789.71924429817,409.4601745605469,257.67999267578125,62.931638956069946,0.05285636708140373,0.03326337784528732
33,1550,13.653736114501953,0.25212299823760986,16.966039657592773,24.149688720703125,9776.583715907806,409.7245788574219,258.1239013671875,62.99936771392822,0.052896056324243546,0.03332418203353882
33.1,1550,13.791507720947266,0.25544941425323486,16.965835571289062,24.179107666015625,9768.345815642935,410.21875,261.3091125488281,63.69994282722473,0.052778519690036774,0.03361988440155983
33.2,1550,13.789639472961426,0.2547469437122345,16.966123580932617,24.19870376586914,9761.916476614932,410.5581970214844,260.41900634765625,63.43047618865967,0.052951738238334656,0.033587537705898285
33.3,1550,13.735298156738281,0.2526094913482666,16.965749740600586,24.21626091003418,9753.148189393713,410.8470153808594,258.00201416015625,62.79758810997009,0.053237173706293106,0.03343166038393974
33.4,1550,13.826925277709961,0.25407272577285767,16.965869903564453,24.246498107910156,9743.48523846041,411.3629455566406,259.2393798828125,63.01962733268738,0.05333651229739189,0.03361247107386589
33.5,1550,13.956718444824219,0.25731614232063293,16.96586799621582,24.289979934692383,9732.792987126104,412.1005859375,262.2606506347656,63.639962673187256,0.053216975182294846,0.03386726230382919
33.6,1550,13.995134353637695,0.25779539346694946,16.966020584106445,24.29633140563965,9723.758340741091,412.2120666503906,262.5052185058594,63.68207931518555,0.053313739597797394,0.0339512974023819
33.7,1550,13.906709671020508,0.25719279050827026,16.965787887573242,24.334972381591797,9717.019512181418,412.8619689941406,261.7101135253906,63.38924765586853,0.05313784256577492,0.03368367627263069
33.8,1550,13.752422332763672,0.25413575768470764,16.96603775024414,24.33382797241211,9714.731854155407,412.8486328125,258.5384826660156,62.62307167053223,0.05319293960928917,0.03331105038523674
33.9,1550,13.766926765441895,0.25572681427001953,16.966394424438477,24.316692352294922,9719.038479672397,412.56658935546875,260.2724304199219,63.08616399765015,0.05289429426193237,0.03336898237466812
34,1550,13.821320533752441,0.25800278782844543,16.966489791870117,24.29598617553711,9729.239394518569,412.21759033203125,262.8644714355469,63.768380880355835,0.052579641342163086,0.03352918475866318
34.1,1550,13.740071296691895,0.25641539692878723,16.96673011779785,24.250778198242188,9744.798966152288,411.4564208984375,261.66497802734375,63.59482407569885,0.05251016467809677,0.033393748104572296
34.2,1550,13.550762176513672,0.25214117765426636,16.966800689697266,24.21211814880371,9761.873346247054,410.80218505859375,257.75408935546875,62.7440869808197,0.05257244408130646,0.032986100763082504
34.3,1550,13.65771770477295,0.2548314332962036,16.966543197631836,24.185070037841797,9772.292827146664,410.3370361328125,260.78228759765625,63.55319023132324,0.05237210541963577,0.03328414633870125
34.4,1550,13.74419116973877,0.2550382614135742,16.966083526611328,24.187843322753906,9772.265433534632,410.3729553222656,260.99322509765625,63.59902620315552,0.05266110599040985,0.03349195048213005
34.5,1550,13.693949699401855,0.25346365571022034,16.9655704498291,24.222393035888672,9761.678676748788,410.94671630859375,259.100830078125,63.049739599227905,0.05285181477665901,0.033322934061288834
34.6,1550,13.734721183776855,0.25361016392707825,16.965665817260742,24.257421493530273,9747.732414010863,411.5433044433594,258.8802185058594,62.904733419418335,0.05305434763431549,0.033373694866895676
34.7,1550,13.858710289001465,0.2569725811481476,16.96588134765625,24.265207290649414,9734.820697259222,411.6806335449219,261.9650573730469,63.6330783367157,0.05290289595723152,0.03366374224424362
34.8,1550,13.943259239196777,0.2577938735485077,16.965831756591797,24.289087295532227,9725.024858165427,412.0845642089844,262.537841796875,63.70970010757446,0.05310951918363571,0.033835917711257935
34.9,1550,13.863603591918945,0.2573170065879822,16.965927124023438,24.288389205932617,9718.748223953427,412.0750427246094,261.8830871582031,63.55227828025818,0.05293814092874527,0.03364339470863342
35,1550,13.726143836975098,0.25505727529525757,16.96630859375,24.280744552612305,9720.243215758961,411.95458984375,259.6231689453125,63.02227973937988,0.05286948382854462,0.03331955522298813
35.1,1550,13.721512794494629,0.2549284100532532,16.96613311767578,24.282638549804688,9725.294131543265,411.98248291015625,259.6268615722656,63.018906116485596,0.05285090208053589,0.0333060584962368
35.2,1550,13.83134937286377,0.25754818320274353,16.966327667236328,24.26527214050293,9727.207021642977,411.69256591796875,262.34649658203125,63.723886013031006,0.05272168666124344,0.033596307039260864
35.3,1550,13.849108695983887,0.25739040970802307,16.96627426147461,24.265411376953125,9728.486944451923,411.6936340332031,262.22027587890625,63.69306445121765,0.0528147891163826,0.03363935649394989
35.4,1550,13.737028121948242,0.25548702478408813,16.966144561767578,24.271955490112305,9730.862611742119,411.801513671875,260.3447265625,63.220930099487305,0.052764762192964554,0.0333583727478981
35.5,1550,13.655631065368652,0.2531771659851074,16.966510772705078,24.261268615722656,9736.886875017746,411.62908935546875,258.15069580078125,62.7143919467926,0.05289790779352188,0.033174604177474976
35.6,1550,13.729461669921875,0.25627315044403076,16.966386795043945,24.233806610107422,9743.424039965446,411.1601257324219,261.48291015625,63.596367835998535,0.05250614881515503,0.033392004668712616
35.7,1550,13.759187698364258,0.25624555349349976,16.96642303466797,24.204862594604492,9751.24987036423,410.6699523925781,261.6647644042969,63.71656060218811,0.05258326604962349,0.03350424766540527
35.8,1550,13.68635082244873,0.25372323393821716,16.966310501098633,24.20244026184082,9753.789899326614,410.6261291503906,259.1565856933594,63.112545013427734,0.05281112343072891,0.03333044424653053
35.9,1550,13.681957244873047,0.25313350558280945,16.965965270996094,24.227928161621094,9749.18136123447,411.0502014160156,258.43206787109375,62.87117004394531,0.0529421791434288,0.033285368233919144
36,1600,13.799756050109863,0.2570464015007019,16.965951919555664,24.236276626586914,9746.99220364321,411.1914978027344,262.3679504394531,63.806748390197754,0.052596960216760635,0.033560410141944885
36.1,1600,13.98456859588623,0.28052932024002075,16.925268173217773,27.210025787353516,9878.444239453174,460.5369873046875,290.19866943359375,63.01311254501343,0.04818963631987572,0.03036578930914402
36.2,1600,14.835152626037598,0.2936484217643738,16.94085693359375,28.75079345703125,10134.339043449967,487.0630798339844,311.6389465332031,63.98327946662903,0.047603655606508255,0.03045838139951229
36.3,1600,15.282943725585938,0.2942434847354889,16.953752517700195,29.297786712646484,10309.750249613482,496.7074279785156,317.6754150390625,63.95624876022339,0.048108674585819244,0.0307685025036335
36.4,1600,15.601905822753906,0.29682886600494385,16.95929718017578,29.552385330200195,10413.07196008145,501.18768310546875,323.6783142089844,64.58225846290588,0.04820188507437706,0.0311298668384552
36.5,1600,15.550373077392578,0.293767511844635,16.96108627319336,29.64676856994629,10472.252653239402,502.8414001464844,322.16064453125,64.06804323196411,0.04826900362968445,0.030925005674362183
36.6,1600,15.808649063110352,0.29616016149520874,16.962467193603516,29.689218521118164,10507.999568411688,503.6023864746094,325.8931884765625,64.71239924430847,0.04850868135690689,0.03139113262295723
36.7,1600,15.64436149597168,0.29383957386016846,16.962953567504883,29.70986557006836,10526.669189275164,503.9670715332031,323.91412353515625,64.27287459373474,0.04829786717891693,0.03104242868721485
36.8,1600,15.869586944580078,0.29498010873794556,16.96274185180664,29.771469116210938,10533.992026329632,505.0057373046875,325.3975830078125,64.43443298339844,0.048769835382699966,0.031424567103385925
36.9,1600,15.783644676208496,0.29552599787712097,16.96329116821289,29.75958251953125,10539.968496494905,504.8204650878906,326.1847229003906,64.61400389671326,0.04838866740465164,0.03126585856080055
37,1600,15.699158668518066,0.2934233546257019,16.963701248168945,29.733585357666016,10547.044208198284,504.39166259765625,324.08135986328125,64.25192952156067,0.04844202846288681,0.031124936416745186
37.1,1600,15.848697662353516,0.2957831919193268,16.963504791259766,29.716733932495117,10554.800680302777,504.0999450683594,326.9280090332031,64.85381126403809,0.04847763478755951,0.03143959492444992
37.2,1600,15.641107559204102,0.2930220365524292,16.963960647583008,29.700498580932617,10559.719873612208,503.8381042480469,324.0270690917969,64.31174874305725,0.04827098920941353,0.031043916940689087
37.3,1600,15.82304573059082,0.2934705913066864,16.96375274658203,29.689481735229492,10560.75616812692,503.64501953125,324.554931640625,64.4412100315094,0.048753056675195694,0.031417060643434525
37.4,1600,15.792755126953125,0.2950011193752289,16.96350860595703,29.713346481323242,10556.218154014688,504.0426025390625,326.1073913574219,64.6983802318573,0.04842808097600937,0.03133218362927437
37.5,1600,15.722187995910645,0.2931460440158844,16.962875366210938,29.725122451782227,10548.003567462183,504.2235412597656,323.8045349121094,64.21844959259033,0.048554565757513046,0.031180987134575844
37.6,1600,15.88235855102539,0.29644668102264404,16.962533950805664,29.802064895629883,10539.970827866142,505.5185241699219,327.20098876953125,64.72581624984741,0.04854006692767143,0.031417954713106155
37.7,1600,15.537013053894043,0.2926805913448334,16.963748931884766,29.790571212768555,10544.98444171066,505.3597717285156,323.1978759765625,63.95401358604431,0.04807275906205177,0.030744459480047226
37.8,1600,15.755976676940918,0.29442599415779114,16.96436309814453,29.72393798828125,10552.536918831942,504.2476806640625,325.3581237792969,64.5234763622284,0.04842656850814819,0.031246503815054893
37.9,1600,15.61916446685791,0.2944313585758209,16.964168548583984,29.698572158813477,10558.062268662916,503.81158447265625,325.534423828125,64.61431384086609,0.04798007383942604,0.031001996248960495
38,1600,15.59643268585205,0.29239705204963684,16.96388053894043,29.668807983398438,10559.904051939908,503.2981262207031,323.3415832519531,64.24455046653748,0.04823515564203262,0.030988458544015884
38.1,1600,15.828751564025879,0.29531368613243103,16.963281631469727,29.671070098876953,10556.23097655649,503.3187255859375,326.45330810546875,64.86015915870667,0.04848702996969223,0.031448762863874435
38.2,1600,15.617372512817383,0.29260262846946716,16.963167190551758,29.697738647460938,10553.376212477155,503.7677001953125,323.368896484375,64.19008374214172,0.04829583689570427,0.03100113943219185
38.3,1600,15.973675727844238,0.2954500615596771,16.962923049926758,29.73227882385254,10546.950953348814,504.3463439941406,326.31695556640625,64.70096111297607,0.0489514134824276,0.03167203441262245
38.4,1600,15.83617877960205,0.29538729786872864,16.963153839111328,29.76203727722168,10537.181342181433,504.8580017089844,325.9454345703125,64.56180214881897,0.04858537018299103,0.03136758878827095
38.5,1600,15.938102722167969,0.295633465051651,16.96176528930664,29.865747451782227,10532.43233897228,506.5758056640625,326.0700378417969,64.36747312545776,0.048879384994506836,0.031462423503398895
38.6,1600,15.965169906616211,0.29767125844955444,16.96182632446289,29.949857711791992,10530.759580109949,508.0042724609375,328.2654724121094,64.61864709854126,0.048634935170412064,0.031427234411239624
38.7,1600,15.951105117797852,0.2965075373649597,16.962032318115234,30.03110694885254,10528.671837167487,509.38861083984375,326.9173278808594,64.17837738990784,0.04879247397184372,0.031314216554164886
38.8,1600,16.158660888671875,0.3001273572444916,16.962339401245117,30.088565826416016,10527.453695696313,510.3724670410156,330.8701171875,64.82914686203003,0.04883687198162079,0.0316605269908905
38.9,1600,15.968006134033203,0.2962706387042999,16.96383285522461,30.015134811401367,10521.031933624829,509.1717224121094,326.4190979003906,64.10785913467407,0.048918724060058594,0.031360749155282974
39,1600,16.171602249145508,0.29909712076187134,16.96455955505371,30.003183364868164,10516.146545198328,508.99078369140625,329.38018798828125,64.71240520477295,0.04909706860780716,0.03177189454436302
39.1,1600,15.951489448547363,0.2965414822101593,16.964332580566406,30.02025604248047,10512.541079580775,509.27362060546875,326.4538269042969,64.10185694694519,0.04886292666196823,0.031322043389081955
39.2,1600,16.17106056213379,0.2993029057979584,16.964874267578125,30.01911163330078,10513.457308476798,509.27044677734375,329.52252197265625,64.70481753349304,0.049074217677116394,0.031753383576869965
39.3,1600,15.8729248046875,0.2965398132801056,16.963096618652344,30.048044204711914,10517.779670749635,509.7078857421875,326.61468505859375,64.07879590988159,0.04859831929206848,0.031141219660639763
39.4,1600,16.127235412597656,0.2980389893054962,16.963117599487305,30.067874908447266,10522.452904393596,510.0448913574219,328.4117431640625,64.38879370689392,0.04910675436258316,0.031619247049093246
39.5,1600,15.89506721496582,0.29603588581085205,16.96373176574707,30.01764488220215,10524.508008138744,509.2112731933594,326.2682189941406,64.07325267791748,0.048717789351940155,0.03121507354080677
39.6,1600,15.973255157470703,0.29529741406440735,16.963804244995117,29.98929214477539,10527.135463522503,508.73248291015625,325.53558349609375,63.98954391479492,0.04906761646270752,0.031398143619298935
39.7,1600,15.876572608947754,0.29573899507522583,16.965011596679688,29.851778030395508,10529.55192980934,506.4357604980469,326.09722900390625,64.39064145088196,0.04868662357330322,0.031349629163742065
39.8,1600,15.791424751281738,0.29340851306915283,16.96434211730957,29.80059051513672,10535.808164523018,505.54742431640625,323.7197265625,64.03350830078125,0.04878116026520729,0.03123628906905651
39.9,1600,15.998987197875977,0.2972070872783661,16.963075637817383,29.81741714477539,10539.453263451594,505.79510498046875,328.024169921875,64.85317349433899,0.04877380281686783,0.031631361693143845
40,1600,15.81806755065918,0.29386603832244873,16.963550567626953,29.793872833251953,10533.220342450284,505.4098815917969,324.1448974609375,64.13505673408508,0.04879937320947647,0.031297504901885986
40.1,1600,16.106359481811523,0.2975349724292755,16.962387084960938,29.876073837280273,10524.26437984451,506.76953125,327.9128112792969,64.70649838447571,0.049117811024188995,0.03178241476416588
40.2,1600,15.860780715942383,0.2955392599105835,16.962730407714844,29.919910430908203,10519.56200406009,507.52337646484375,325.56781005859375,64.14833664894104,0.04871728643774986,0.03125132992863655
40.3,1600,16.044811248779297,0.29712778329849243,16.962940216064453,29.936668395996094,10523.948479041937,507.81390380859375,327.4542236328125,64.4831120967865,0.0489986389875412,0.03159584850072861
40.4,1600,15.821444511413574,0.29586946964263916,16.964113235473633,29.898603439331055,10529.035531080412,507.20330810546875,326.22509765625,64.31840658187866,0.04849855229258537,0.03119349665939808
40.5,1600,15.873085975646973,0.2946079969406128,16.964130401611328,29.83881378173828,10528.550605863178,506.18951416015625,324.8192443847656,64.16949033737183,0.048867445439100266,0.031357988715171814
40.6,1600,15.81559944152832,0.29605036973953247,16.96415138244629,29.808984756469727,10536.265113285412,505.68414306640625,326.648681640625,64.59540128707886,0.04841776564717293,0.03127564862370491
40.7,1600,15.695245742797852,0.29319286346435547,16.964139938354492,29.774545669555664,10543.914342313015,505.09954833984375,323.7306823730469,64.09245133399963,0.048482414335012436,0.031073568388819695
40.8,1600,15.926197052001953,0.2958435118198395,16.963634490966797,29.752058029174805,10542.03409141062,504.7030334472656,326.59918212890625,64.71115946769714,0.04876374080777168,0.031555578112602234
40.9,1600,15.692954063415527,0.2935718297958374,16.963699340820312,29.764392852783203,10540.320533551647,504.9142150878906,324.0386657714844,64.17697072029114,0.04842926561832428,0.03108043596148491
41,1650,15.904023170471191,0.29517579078674316,16.963294982910156,29.79519271850586,10542.498034286722,505.4246520996094,325.8763732910156,64.47575688362122,0.04880385473370552,0.03146665543317795
41.1,1650,16.300111770629883,0.3244142234325409,16.912940979003906,33.41088104248047,10685.950803537586,565.0762329101562,363.029296875,64.24430012702942,0.04490026459097862,0.028845861554145813
41.2,1650,17.182109832763672,0.3377102315425873,16.929908752441406,35.46858215332031,10961.339368130028,600.4798583984375,387.64703369140625,64.55621123313904,0.0443241111934185,0.028613965958356857
41.3,1650,17.85413932800293,0.34194910526275635,16.9448184967041,36.33685302734375,11139.983020513224,615.7213745117188,398.90972900390625,64.78737592697144,0.04475734382867813,0.028997108340263367
41.4,1650,18.23954200744629,0.3440508246421814,16.951414108276367,36.794918060302734,11237.372556869414,623.7258911132812,404.870361328125,64.91158604621887,0.045050326734781265,0.029242880642414093
41.5,1650,18.410429000854492,0.3444795310497284,16.955528259277344,37.02586364746094,11289.93681845762,627.7930908203125,407.27105712890625,64.87345695495605,0.04520436376333237,0.029325632378458977
41.6,1650,18.49950408935547,0.34549587965011597,16.957508087158203,37.129234313964844,11321.498922260032,629.6192626953125,409.6145935058594,65.0575041770935,0.045163195580244064,0.029382048174738884
41.7,1650,18.490877151489258,0.3442927300930023,16.958791732788086,37.14992141723633,11341.141890614828,630.0177612304688,408.8963623046875,64.90235328674316,0.04522142559289932,0.02934977039694786
41.8,1650,18.4949893951416,0.3436419665813446,16.95903778076172,37.13932800292969,11351.037395828991,629.8472900390625,408.4795837402344,64.85375165939331,0.045277632772922516,0.029364245012402534
41.9,1650,18.541566848754883,0.34365314245224,16.959253311157227,37.15950012207031,11353.543619908442,630.1973876953125,408.58306884765625,64.8341417312622,0.04538016393780708,0.029421839863061905
42,1650,18.557199478149414,0.34381479024887085,16.95900535583496,37.20167922973633,11353.666016898369,630.9035034179688,408.7796630859375,64.79274034500122,0.045396581292152405,0.02941369079053402
42.1,1650,18.604902267456055,0.34375685453414917,16.959468841552734,37.205204010009766,11356.925273887271,630.98046875,408.828125,64.79251384735107,0.04550788551568985,0.02948570065200329
42.2,1650,18.57307243347168,0.34308478236198425,16.960140228271484,37.17295455932617,11364.57217154364,630.45849609375,408.3035583496094,64.76295590400696,0.045488391071558,0.029459625482559204
42.3,1650,18.53721046447754,0.34263795614242554,16.959701538085938,37.14131164550781,11368.21493910098,629.9055786132812,407.9024963378906,64.75613713264465,0.04544520005583763,0.029428554698824883
42.4,1650,18.57831382751465,0.3434351980686188,16.958585739135742,37.214683532714844,11370.87736505329,631.1083984375,408.9473571777344,64.79827165603638,0.04542959854006767,0.02943759597837925
42.5,1650,18.61861801147461,0.34431612491607666,16.958518981933594,37.26778030395508,11372.765775755015,632.00634765625,410.06439208984375,64.88295793533325,0.04540413245558739,0.02945954166352749
42.6,1650,18.6520938873291,0.3451753556728363,16.958906173706055,37.305599212646484,11373.15045200907,632.6621704101562,411.10162353515625,64.97964262962341,0.045371007174253464,0.0294819176197052
42.7,1650,18.64885902404785,0.34604543447494507,16.95940589904785,37.31311798095703,11374.141284784666,632.8082885742188,412.17376708984375,65.1340663433075,0.04524513706564903,0.029469996690750122
42.8,1650,18.561098098754883,0.3449259400367737,16.959997177124023,37.26681137084961,11379.081460435229,632.0450439453125,411.018798828125,65.02998471260071,0.045158758759498596,0.029366733506321907
42.9,1650,18.589298248291016,0.34531527757644653,16.9591007232666,37.2867317199707,11379.509267057163,632.3494262695312,411.4981994628906,65.07449746131897,0.045174676924943924,0.02939719334244728
43,1650,18.60596466064453,0.34581562876701355,16.95933723449707,37.31011199951172,11378.490457826725,632.7547607421875,412.05755615234375,65.12120962142944,0.04515380039811134,0.02940469980239868
43.1,1650,18.59702491760254,0.3461582660675049,16.959306716918945,37.308143615722656,11381.334730735496,632.7202758789062,412.5689392089844,65.20558595657349,0.0450761653482914,0.029392175376415253
43.2,1650,18.514915466308594,0.345386803150177,16.960052490234375,37.24690628051758,11386.849589395904,631.70947265625,411.84893798828125,65.19593596458435,0.044955600053071976,0.0293092243373394
43.3,1650,18.456493377685547,0.34460848569869995,16.960620880126953,37.16413497924805,11393.533630731517,630.3267822265625,411.16204833984375,65.22998213768005,0.044888611882925034,0.029280832037329674
43.4,1650,18.536128997802734,0.3451050817966461,16.959569931030273,37.161354064941406,11391.51932598301,630.2406005859375,411.6817626953125,65.32136797904968,0.045025382190942764,0.02941119484603405
43.5,1650,18.62858772277832,0.34623274207115173,16.958515167236328,37.24314880371094,11380.57004096986,631.5885009765625,412.6299743652344,65.33209085464478,0.04514598846435547,0.029494818300008774
43.6,1650,18.658897399902344,0.3469904065132141,16.958782196044922,37.30108642578125,11372.850870805154,632.5809936523438,413.25244140625,65.32799005508423,0.04515133053064346,0.029496455565094948
43.7,1650,18.648719787597656,0.34706076979637146,16.95908546447754,37.322998046875,11366.959495690018,632.9639282226562,413.12213134765625,65.26787877082825,0.045140936970710754,0.029462533071637154
43.8,1650,18.644153594970703,0.3464333415031433,16.959299087524414,37.337684631347656,11365.861419837534,633.220947265625,412.3354187011719,65.11715054512024,0.04521598666906357,0.02944336086511612
43.9,1650,18.664020538330078,0.3465203046798706,16.959030151367188,37.38663864135742,11363.236295825012,634.0411376953125,412.34368896484375,65.03421664237976,0.04526326432824135,0.029436608776450157
44,1650,18.616275787353516,0.3462978005409241,16.959516525268555,37.40229415893555,11363.624469135922,634.3248291015625,412.0929870605469,64.96561169624329,0.045174937695264816,0.02934817411005497
44.1,1650,18.62254524230957,0.34615111351013184,16.95932388305664,37.3944091796875,11363.223473283211,634.1838989257812,411.9039001464844,64.95022773742676,0.04521089792251587,0.029364582151174545
44.2,1650,18.636201858520508,0.34631088376045227,16.958789825439453,37.44099426269531,11360.727740374326,634.9539794921875,412.0035095214844,64.88714814186096,0.045233115553855896,0.02935047820210457
44.3,1650,18.664827346801758,0.3465898036956787,16.959108352661133,37.46480178833008,11355.462338436244,635.36962890625,412.14422607421875,64.86684083938599,0.045287124812603,0.029376329854130745
44.4,1650,18.725807189941406,0.34668031334877014,16.958860397338867,37.5015869140625,11349.631578973263,635.9841918945312,412.0401611328125,64.78780508041382,0.04544655606150627,0.029443824663758278
44.5,1650,18.801532745361328,0.34718388319015503,16.9588623046875,37.53659439086914,11342.809986734686,636.5779418945312,412.3906555175781,64.78243470191956,0.045591555535793304,0.02953531965613365
44.6,1650,18.7756290435791,0.3473101854324341,16.959577560424805,37.509124755859375,11343.656274493607,636.138916015625,412.57147216796875,64.85556364059448,0.045508790761232376,0.029514983296394348
44.7,1650,18.730802536010742,0.34676259756088257,16.96013832092285,37.46049880981445,11353.810561915043,635.3352661132812,412.28973388671875,64.89325761795044,0.045431166887283325,0.029481763020157814
44.8,1650,18.71442413330078,0.3460266888141632,16.960826873779297,37.36119079589844,11363.352864386847,633.6766967773438,411.7605285644531,64.97958898544312,0.04544977843761444,0.029533078894019127
44.9,1650,18.65414810180664,0.3451105058193207,16.9600830078125,37.334228515625,11368.75232017104,633.1915893554688,410.86541748046875,64.88800644874573,0.04540208727121353,0.02946051023900509
45,1650,18.67732048034668,0.34539785981178284,16.959545135498047,37.32462692260742,11369.257062043784,633.0086669921875,411.2257995605469,64.96368646621704,0.04541864991188049,0.02950563095510006
45.1,1650,18.696332931518555,0.34655219316482544,16.958921432495117,37.37589645385742,11365.051268332782,633.8549194335938,412.4474792480469,65.06970524787903,0.045330215245485306,0.02949623577296734
45.2,1650,18.665653228759766,0.3466518223285675,16.959407806396484,37.358238220214844,11363.991660105703,633.5736083984375,412.527587890625,65.11123776435852,0.04524704068899155,0.029460906982421875
45.3,1650,18.6304988861084,0.34656044840812683,16.959716796875,37.334468841552734,11366.446594017945,633.1820068359375,412.5079650878906,65.14840126037598,0.04516397416591644,0.029423607513308525
45.4,1650,18.54545021057129,0.346295565366745,16.959989547729492,37.30044937133789,11373.784584985451,632.615234375,412.4587707519531,65.19899368286133,0.04496316239237785,0.029315529391169548
45.5,1650,18.413084030151367,0.34390467405319214,16.9610538482666,37.183998107910156,11388.008280900543,630.6798095703125,410.1233215332031,65.02877473831177,0.044896457344293594,0.029195614159107208
45.6,1650,18.386362075805664,0.34326255321502686,16.960546493530273,37.08732223510742,11399.536911666013,629.021240234375,409.77197265625,65.14437794685364,0.044869739562273026,0.029230112209916115
45.7,1650,18.36865234375,0.3429190218448639,16.960262298583984,37.0495719909668,11402.98500972509,628.3704833984375,409.4857177734375,65.16628861427307,0.04485785961151123,0.029232202097773552
45.8,1650,18.345653533935547,0.34249791502952576,16.959918975830078,37.02799606323242,11404.203151196265,627.9918212890625,409.02655029296875,65.13246297836304,0.044851988554000854,0.029213204979896545
45.9,1650,18.37087631225586,0.3429262042045593,16.959829330444336,37.020050048828125,11404.62279801887,627.853759765625,409.5531005859375,65.23065567016602,0.044855907559394836,0.029259802773594856
46,1700,18.37830924987793,0.34289780259132385,16.959627151489258,37.012393951416016,11404.171677684568,627.7164306640625,409.50299072265625,65.23694396018982,0.044879548251628876,0.029278045520186424
46.1,1700,18.735620498657227,0.36918342113494873,16.90635871887207,40.82054901123047,11533.35179222437,690.1268310546875,445.8885803222656,64.60965275764465,0.04201861470937729,0.027148082852363586
46.2,1700,19.626197814941406,0.3830403685569763,16.922945022583008,43.04899597167969,11779.4210321441,728.5158081054688,472.494873046875,64.85719084739685,0.04153737798333168,0.02693997509777546
46.3,1700,20.266141891479492,0.3890308439731598,16.937849044799805,44.05665969848633,11941.550416372149,746.2250366210938,486.4893798828125,65.19338488578796,0.041657932102680206,0.027158217504620552
46.4,1700,20.657384872436523,0.3923608958721161,16.946006774902344,44.585548400878906,12035.820578013638,755.5469970703125,494.52703857421875,65.45284986495972,0.04177200421690941,0.0273409653455019
46.5,1700,20.83702278137207,0.3928013741970062,16.950550079345703,44.86224365234375,12089.527211507824,760.439697265625,497.2913818359375,65.3952419757843,0.041901033371686935,0.027401281520724297
46.6,1700,20.837730407714844,0.3914530873298645,16.954023361206055,44.87073516845703,12117.230895913503,760.739501953125,496.7200927734375,65.29437303543091,0.04195065051317215,0.02739141322672367
46.7,1700,20.894678115844727,0.39190804958343506,16.955232620239258,44.848514556884766,12131.072246945776,760.4169921875,497.8654479980469,65.47268629074097,0.04196852445602417,0.027477920055389404
46.8,1700,20.959457397460938,0.3922576308250427,16.955503463745117,44.8704948425293,12139.100323799345,760.8018188476562,498.6393127441406,65.54128527641296,0.042033303529024124,0.027549168094992638
46.9,1700,20.93387794494629,0.3910530209541321,16.95673942565918,44.877628326416016,12142.757079584106,760.978271484375,497.25775146484375,65.34454226493835,0.042098645120859146,0.027509167790412903
47,1700,20.974077224731445,0.3917093276977539,16.955217361450195,44.99446487426758,12140.74860326369,762.8909301757812,498.0099182128906,65.27931094169617,0.04211578145623207,0.027492890134453773
47.1,1700,21.040544509887695,0.39380815625190735,16.95545768737793,45.09028625488281,12139.397573632024,764.5264282226562,500.62261962890625,65.48140048980713,0.0420287549495697,0.02752101607620716
47.2,1700,21.076396942138672,0.39533373713493347,16.95649528503418,45.10293960571289,12139.86035082251,764.7877807617188,502.5811462402344,65.71511030197144,0.04193630814552307,0.02755849063396454
47.3,1700,21.051305770874023,0.39465197920799255,16.956228256225586,45.14165115356445,12141.55409202597,765.43212890625,501.784423828125,65.55570363998413,0.04195288568735123,0.02750251069664955
47.4,1700,21.019638061523438,0.3945108652114868,16.95668601989746,45.1788444519043,12143.761900587122,766.08349609375,501.69622802734375,65.48845171928406,0.04189714416861534,0.027437791228294373
47.5,1700,21.10817527770996,0.39576953649520874,16.9554443359375,45.27378463745117,12141.934105537552,767.6371459960938,503.2210998535156,65.55455327033997,0.04194612428545952,0.02749759517610073
47.6,1700,21.219219207763672,0.3972453474998474,16.955827713012695,45.35966491699219,12137.125652361863,769.1106567382812,504.8975830078125,65.64693450927734,0.04202678054571152,0.02758929319679737
47.7,1700,21.203323364257812,0.3966309130191803,16.95685577392578,45.35926055908203,12138.058200856542,769.1504516601562,504.1553649902344,65.54704308509827,0.04205712303519249,0.027567198500037193
47.8,1700,21.15903091430664,0.3963804841041565,16.956018447875977,45.409847259521484,12142.222029885284,769.97021484375,504.0098876953125,65.45836329460144,0.04198138043284416,0.02748032473027706
47.9,1700,21.135143280029297,0.3965560793876648,16.95720100402832,45.36940002441406,12145.937069950962,769.3380126953125,504.3874206542969,65.56122303009033,0.04190259799361229,0.02747185528278351
48,1700,21.105186462402344,0.39613378047943115,16.957788467407227,45.29420852661133,12153.031432624233,768.089599609375,504.14459228515625,65.63616991043091,0.04186335951089859,0.027477504685521126
48.1,1700,21.03618049621582,0.3936821222305298,16.958023071289062,45.16361999511719,12160.715632220388,765.8856811523438,501.34124755859375,65.45901894569397,0.04195980355143547,0.02746647410094738
48.2,1700,20.98200225830078,0.39300432801246643,16.95713996887207,45.13139343261719,12161.459339644894,765.2993774414062,500.50872802734375,65.40038585662842,0.04192135110497475,0.02741672471165657
48.3,1700,21.166725158691406,0.39460915327072144,16.955705642700195,45.22298812866211,12151.457757039461,766.7876586914062,502.13922119140625,65.48608541488647,0.04215310141444206,0.027604414150118828
48.4,1700,21.348228454589844,0.3969404101371765,16.954391479492188,45.409934997558594,12132.995628216053,769.8978271484375,504.33831787109375,65.50717949867249,0.04232918098568916,0.027728652581572533
48.5,1700,21.436704635620117,0.3979725241661072,16.95426368713379,45.578392028808594,12116.402093438857,772.748046875,504.9581604003906,65.34576416015625,0.04245243966579437,0.027740871533751488
48.6,1700,21.480051040649414,0.39817941188812256,16.955434799194336,45.65670394897461,12106.525239194587,774.1292724609375,504.8088073730469,65.20988345146179,0.042550861835479736,0.027747370302677155
48.7,1700,21.475112915039062,0.39866194128990173,16.955638885498047,45.71272659301758,12099.753771437598,775.0885009765625,505.13787841796875,65.1716411113739,0.042513370513916016,0.027706660330295563
48.8,1700,21.458242416381836,0.3992456793785095,16.95664405822754,45.713531494140625,12097.835052909797,775.1480712890625,505.79730224609375,65.2517020702362,0.04242458939552307,0.02768276445567608
48.9,1700,21.413843154907227,0.3997361361980438,16.957138061523438,45.67338562011719,12104.710266686818,774.4899291992188,506.7064514160156,65.4245376586914,0.042260847985744476,0.027648963034152985
49,1700,21.424001693725586,0.39895179867744446,16.957731246948242,45.587589263916016,12111.862913641005,773.0620727539062,506.01104736328125,65.45541882514954,0.04233900085091591,0.027713170275092125
49.1,1700,21.41770362854004,0.3983250558376312,16.95646095275879,45.6043815612793,12112.231270296405,773.2889404296875,505.2314758300781,65.33541083335876,0.04239186272025108,0.027696896344423294
49.2,1700,21.46624755859375,0.3984284996986389,16.955781936645508,45.66102981567383,12105.6684602651,774.2184448242188,505.0888671875,65.23854732513428,0.04249994084239006,0.027726344764232635
49.3,1700,21.466842651367188,0.3991472125053406,16.955842971801758,45.712947845458984,12098.498328026637,775.1015625,505.7002868652344,65.24309515953064,0.04244973510503769,0.02769552171230316
49.4,1700,21.477405548095703,0.40006598830223083,16.95665740966797,45.7045783996582,12096.117997993968,774.9968872070312,506.76458740234375,65.3892457485199,0.04238142445683479,0.02771289274096489
49.5,1700,21.454381942749023,0.40008869767189026,16.957077026367188,45.671363830566406,12099.554439196861,774.4528198242188,506.9373474121094,65.45748114585876,0.04232156649231911,0.027702631428837776
49.6,1700,21.406551361083984,0.3990994095802307,16.957122802734375,45.63307189941406,12103.460651703948,773.8056030273438,505.84710693359375,65.37134051322937,0.04231822490692139,0.02766399085521698
49.7,1700,21.34425926208496,0.3976304233074188,16.957231521606445,45.59564208984375,12107.340053441812,773.1758422851562,504.146728515625,65.20466804504395,0.04233739525079727,0.02760595642030239
49.8,1700,21.268585205078125,0.3969748616218567,16.95760726928711,45.54132843017578,12113.790957653755,772.27197265625,503.583740234375,65.20808339118958,0.042234454303979874,0.027540279552340508
49.9,1700,21.329038619995117,0.3977866768836975,16.9571475982666,45.514404296875,12114.454232770595,771.7944946289062,504.6412048339844,65.38543701171875,0.04226575046777725,0.027635645121335983
50,1700,21.390308380126953,0.39821383357048035,16.95598793029785,45.50212478637695,12111.974819460367,771.5335083007812,505.0797119140625,65.46439528465271,0.04235036298632622,0.027724407613277435
50.1,1700,21.429121017456055,0.3986123204231262,16.955101013183594,45.542144775390625,12108.79599477913,772.1716918945312,505.45245361328125,65.4585599899292,0.04239591956138611,0.027751758694648743
50.2,1700,21.39594268798828,0.39758336544036865,16.955204010009766,45.55097579956055,12108.440460665533,772.3261108398438,504.1329040527344,65.27461409568787,0.042441077530384064,0.02770324982702732
50.3,1700,21.36007308959961,0.3970016539096832,16.955120086669922,45.54014205932617,12107.524231769512,772.1385498046875,503.3572082519531,65.1900053024292,0.04243522137403488,0.027663523331284523
50.4,1700,21.33707618713379,0.3976209759712219,16.955181121826172,45.55384826660156,12105.48544762302,772.3737182617188,504.0575256347656,65.2608335018158,0.04233063757419586,0.027625326067209244
50.5,1700,21.365217208862305,0.3986899256706238,16.95531463623047,45.53699493408203,12109.004652504815,772.0940551757812,505.5595703125,65.47901034355164,0.042260535061359406,0.027671780437231064
50.6,1700,21.42030906677246,0.39849525690078735,16.95499038696289,45.53313446044922,12108.480093976557,772.0138549804688,505.29083251953125,65.45100212097168,0.04239204153418541,0.027746016159653664
50.7,1700,21.40778923034668,0.39776623249053955,16.955032348632812,45.54523849487305,12103.808026018216,772.2210083007812,504.17181396484375,65.2885377407074,0.042461298406124115,0.02772236056625843
50.8,1700,21.40053939819336,0.39795318245887756,16.954862594604492,45.62627029418945,12097.034226889991,773.587158203125,504.12646484375,65.16737937927246,0.04245073348283768,0.027664031833410263
50.9,1700,21.36375617980957,0.398303747177124,16.95543098449707,45.63466262817383,12094.819424215128,773.75537109375,504.4781799316406,65.19866585731506,0.0423482246696949,0.027610478922724724
51,1750,21.34730339050293,0.39869585633277893,16.95547866821289,45.613338470458984,12098.231386020036,773.39599609375,505.1172790527344,65.311598777771,0.04226207360625267,0.02760203555226326
51.1,1750,21.84943389892578,0.42576292157173157,16.89838981628418,49.63138961791992,12216.325830329339,838.6905517578125,544.6744995117188,64.94344472885132,0.04011465981602669,0.0260518416762352
51.2,1750,22.680744171142578,0.4394632875919342,16.91531753540039,52.09322738647461,12443.09248209483,881.1734619140625,572.63720703125,64.98574614524841,0.03960752859711647,0.02573924884200096
51.3,1750,23.207950592041016,0.44412729144096375,16.93404197692871,53.11846160888672,12602.765766725019,899.51025390625,586.1408081054688,65.16221165657043,0.03959449753165245,0.02580065093934536
51.4,1750,23.519392013549805,0.4459677040576935,16.943342208862305,53.555057525634766,12691.238973786458,907.4016723632812,592.7015380859375,65.31854271888733,0.039681680500507355,0.025919493287801743
51.5,1750,23.547138214111328,0.44525837898254395,16.94827651977539,53.74915313720703,12742.527975308189,910.9555053710938,594.1502685546875,65.22275805473328,0.039631620049476624,0.025848833844065666
51.6,1750,23.655118942260742,0.44554153084754944,16.94942283630371,53.877899169921875,12769.007689814602,913.1992797851562,595.7636108398438,65.23916721343994,0.0397055447101593,0.025903567671775818
51.7,1750,23.786645889282227,0.4462137222290039,16.950286865234375,53.97392654418945,12776.721031551215,914.87353515625,597.0228271484375,65.25741815567017,0.03984210267663002,0.025999927893280983
51.8,1750,23.888357162475586,0.4474763870239258,16.948850631713867,54.18121337890625,12770.887940716999,918.3092651367188,598.4389038085938,65.16746878623962,0.03991778567433357,0.026013411581516266
51.9,1750,23.90848731994629,0.4490700960159302,16.94915771484375,54.37112045288086,12769.860971687232,921.544677734375,600.52197265625,65.164715051651,0.0398128405213356,0.025943925604224205
52,1750,23.891950607299805,0.44922056794166565,16.952049255371094,54.35160446166992,12782.219570612968,921.37109375,601.3046264648438,65.26193618774414,0.03973352536559105,0.025930866599082947
52.1,1750,23.88373565673828,0.44788751006126404,16.952404022216797,54.26979064941406,12790.045983854561,920.00341796875,599.8873291015625,65.20490050315857,0.039813704788684845,0.025960486382246017
52.2,1750,23.88711166381836,0.4476630389690399,16.95166778564453,54.28521728515625,12792.174525793665,920.2249755859375,599.6864624023438,65.16737341880798,0.039832670241594315,0.025957904756069183
52.3,1750,23.88230323791504,0.44726699590682983,16.953144073486328,54.194358825683594,12798.39229288194,918.7647705078125,599.4471435546875,65.24489521980286,0.03984054923057556,0.02599392645061016
52.4,1750,23.795364379882812,0.4464280307292938,16.95289421081543,54.13401794433594,12804.160105321529,917.728271484375,598.5923461914062,65.22544622421265,0.03975220024585724,0.025928551331162453
52.5,1750,23.832324981689453,0.4463542699813843,16.95162582397461,54.09346389770508,12807.285308464323,916.97216796875,598.6395263671875,65.2843713760376,0.03981081023812294,0.025990238413214684
52.6,1750,23.73993492126465,0.4462081789970398,16.952545166015625,54.028202056884766,12816.924362842448,915.91552734375,598.8939819335938,65.38746953010559,0.03963962569832802,0.025919349864125252
52.7,1750,23.591148376464844,0.4443257451057434,16.952850341796875,53.89303207397461,12829.39719895878,913.6405029296875,596.9478149414062,65.33727049827576,0.039519619196653366,0.025821039453148842
52.8,1750,23.639745712280273,0.44404372572898865,16.952198028564453,53.82283401489258,12834.80015179983,912.4153442382812,596.8201293945312,65.41101336479187,0.03960949927568436,0.025908974930644035
52.9,1750,23.595203399658203,0.4435149133205414,16.952125549316406,53.76863098144531,12835.810801230937,911.4925537109375,596.1563110351562,65.40440917015076,0.0395788848400116,0.025886336341500282
53,1750,23.58154296875,0.44333457946777344,16.95128631591797,53.72194290161133,12836.594141966467,910.656005859375,595.9503173828125,65.44186472892761,0.03956964612007141,0.025895114988088608
53.1,1750,23.49853515625,0.44226059317588806,16.951982498168945,53.6436653137207,12840.903681697502,909.366455078125,594.7061767578125,65.39785861968994,0.03951285034418106,0.025840556249022484
53.2,1750,23.46358299255371,0.44158124923706055,16.951398849487305,53.622657775878906,12841.455050994982,908.9790649414062,593.8181762695312,65.32803773880005,0.03951307758688927,0.025813117623329163
53.3,1750,23.563613891601562,0.4426814615726471,16.950117111206055,53.700042724609375,12836.608130193887,910.2219848632812,595.072998046875,65.37668704986572,0.039597854018211365,0.025887764990329742
53.4,1750,23.529245376586914,0.44233205914497375,16.95025634765625,53.72544860839844,12834.10656885691,910.66015625,594.4874267578125,65.28093218803406,0.03957904502749443,0.025837570428848267
53.5,1750,23.585302352905273,0.4427279233932495,16.950267791748047,53.731876373291016,12832.16570230236,910.7697143554688,594.9295043945312,65.32161831855774,0.03964386135339737,0.025896010920405388
53.6,1750,23.603389739990234,0.44302695989608765,16.950254440307617,53.75118637084961,12831.116585245845,911.0963134765625,595.2826538085938,65.3369665145874,0.039650727063417435,0.025906581431627274
53.7,1750,23.495332717895508,0.443145751953125,16.951204299926758,53.72932052612305,12834.390996147788,910.7766723632812,595.59423828125,65.39409756660461,0.03944855555891991,0.025797029957175255
53.8,1750,23.450313568115234,0.44294238090515137,16.951932907104492,53.6427001953125,12842.11949179744,909.3474731445312,595.6793823242188,65.50624370574951,0.03936734050512314,0.025788066908717155
53.9,1750,23.29384994506836,0.4409365952014923,16.952312469482422,53.53742218017578,12852.112914603546,907.5831298828125,593.443359375,65.38722515106201,0.03925201669335365,0.025665802881121635
54,1750,23.435693740844727,0.4411260485649109,16.95137596130371,53.53951644897461,12851.77020303175,907.5684814453125,593.6825561523438,65.41462540626526,0.039475128054618835,0.025822507217526436
54.1,1750,23.51885223388672,0.4417458772659302,16.950462341308594,53.63467788696289,12841.78144296812,909.132568359375,594.0546264648438,65.3430163860321,0.03959038481116295,0.025869552046060562
54.2,1750,23.585573196411133,0.4425436854362488,16.949546813964844,53.73672103881836,12831.320580229058,910.8130493164062,594.6427612304688,65.2870237827301,0.03966343402862549,0.025895075872540474
54.3,1750,23.694629669189453,0.4436205327510834,16.949493408203125,53.81930923461914,12823.179431870509,912.2100219726562,595.7114868164062,65.30420184135437,0.03977534547448158,0.025974972173571587
54.4,1750,23.685855865478516,0.443663626909256,16.950214385986328,53.856929779052734,12817.563158561305,912.8865356445312,595.5084228515625,65.23356437683105,0.039774175733327866,0.025946112349629402
54.5,1750,23.760921478271484,0.4440154433250427,16.949447631835938,53.91829299926758,12811.125076891163,913.88525390625,595.6812744140625,65.18118977546692,0.039888646453619,0.025999894365668297
54.6,1750,23.9104061126709,0.44573432207107544,16.94861602783203,54.04375076293945,12795.086408468302,915.966796875,597.2386474609375,65.20309448242188,0.04003492742776871,0.02610401064157486
54.7,1750,23.94175148010254,0.44701316952705383,16.94790267944336,54.18425369262695,12779.134000781198,918.3094482421875,598.2054443359375,65.14202952384949,0.04002262279391289,0.02607155032455921
54.8,1750,23.940841674804688,0.4474155604839325,16.94929313659668,54.229793548583984,12775.181160849377,919.1566772460938,598.5587158203125,65.12042284011841,0.03999748080968857,0.026046529412269592
54.9,1750,23.86467933654785,0.44714686274528503,16.95118522644043,54.16252136230469,12779.090870413318,918.1189575195312,598.38232421875,65.17481803894043,0.03988199308514595,0.025993015617132187
55,1750,23.6651554107666,0.44488784670829773,16.952239990234375,54.0484733581543,12793.462608401942,916.24267578125,596.02880859375,65.05141258239746,0.03970471769571304,0.02582847885787487
55.1,1750,23.688899993896484,0.4441429376602173,16.951662063598633,53.96925354003906,12801.278530472971,914.8685302734375,595.3943481445312,65.07977247238159,0.03978690505027771,0.025893228128552437
55.2,1750,23.738786697387695,0.4443836510181427,16.95085906982422,53.931549072265625,12801.458046058196,914.1860961914062,595.7254028320312,65.16456604003906,0.039848536252975464,0.025967126712203026
55.3,1750,23.78042221069336,0.44457486271858215,16.949951171875,53.97865295410156,12795.356847531759,914.935546875,595.6976928710938,65.10816216468811,0.03992028534412384,0.02599136345088482
55.4,1750,23.895097732543945,0.44589996337890625,16.94938087463379,54.087852478027344,12782.816401649561,916.755615234375,596.8876953125,65.10869860649109,0.040032822638750076,0.026064850389957428
55.5,1750,23.869699478149414,0.446819931268692,16.9500789642334,54.11231231689453,12781.813912017782,917.2079467773438,598.072265625,65.2057409286499,0.03991106525063515,0.02602430433034897
55.6,1750,23.797332763671875,0.44594806432724,16.951501846313477,54.02581024169922,12789.738242851317,915.818603515625,597.2753295898438,65.21764397621155,0.039843156933784485,0.025984765961766243
55.7,1750,23.72090721130371,0.44525018334388733,16.951221466064453,53.99029541015625,12795.698393417935,915.2014770507812,596.6185302734375,65.18985629081726,0.039758920669555664,0.025918781757354736
55.8,1750,23.685579299926758,0.4451805353164673,16.951446533203125,53.91737365722656,12800.549976961503,913.9774780273438,596.7513427734375,65.29169082641602,0.03969086706638336,0.025914838537573814
55.9,1750,23.566801071166992,0.44369447231292725,16.951833724975586,53.83799362182617,12806.371410939537,912.6527099609375,595.0298461914062,65.19783735275269,0.03960608318448067,0.025822309777140617
56,1800,23.574024200439453,0.44327133893966675,16.951379776000977,53.784996032714844,12811.71374812843,911.7299194335938,594.7103271484375,65.22878408432007,0.03963950648903847,0.025856368243694305
56.1,1800,23.98979949951172,0.46925076842308044,16.890289306640625,57.891265869140625,12923.209246152259,977.8002319335938,635.0442504882812,64.94621634483337,0.03777657821774483,0.02453445829451084
56.2,1800,24.813732147216797,0.483463317155838,16.905614852905273,60.610843658447266,13138.259591767728,1024.66357421875,665.1658935546875,64.91554379463196,0.037304576486349106,0.024216467514634132
56.3,1800,25.370817184448242,0.48764413595199585,16.924665451049805,61.784515380859375,13292.062483623911,1045.6822509765625,678.7720947265625,64.91189002990723,0.03737751767039299,0.024262454360723495
56.4,1800,25.648550033569336,0.49150097370147705,16.93401336669922,62.38287353515625,13373.645322995291,1056.3924560546875,688.3396606445312,65.15946984291077,0.0372614711523056,0.02427937649190426
56.5,1800,26.005449295043945,0.49354255199432373,16.938051223754883,62.77096939086914,13408.950443318223,1063.2178955078125,693.0235595703125,65.18170833587646,0.03752462565898895,0.024459190666675568
56.6,1800,26.011737823486328,0.494754433631897,16.940778732299805,62.990596771240234,13426.50333735932,1067.1097412109375,695.6347045898438,65.18867611885071,0.037392813712358475,0.024375878274440765
56.7,1800,26.082595825195312,0.49533066153526306,16.942546844482422,63.103092193603516,13436.977022640183,1069.1270751953125,696.9881591796875,65.19226431846619,0.03742186352610588,0.02439616061747074
56.8,1800,26.11237144470215,0.4959796965122223,16.943119049072266,63.20022201538086,13439.747857355,1070.808837890625,698.0453491210938,65.18860459327698,0.03740784525871277,0.02438565157353878
56.9,1800,26.239498138427734,0.4966282248497009,16.941696166992188,63.33401870727539,13427.125813479517,1072.9857177734375,698.3016357421875,65.08023738861084,0.03757616505026817,0.02445465698838234
57,1800,26.528030395507812,0.49909642338752747,16.94038963317871,63.567413330078125,13406.311331078281,1076.856689453125,700.6842651367188,65.06754755973816,0.03786017745733261,0.02463468909263611
57.1,1800,26.593891143798828,0.4971642792224884,16.940753936767578,63.79267120361328,13386.034229747103,1080.6959228515625,696.9160766601562,64.48770761489868,0.038159389048814774,0.02460811659693718
57.2,1800,26.550678253173828,0.5011143684387207,16.941444396972656,63.89950180053711,13376.627146807028,1082.5498046875,701.9595336914062,64.84315991401672,0.03782365843653679,0.02452605590224266
57.3,1800,26.640222549438477,0.5012075901031494,16.942575454711914,63.94882583618164,13370.909458849026,1083.457763671875,701.7900390625,64.77317810058594,0.03796038776636124,0.024588149040937424
57.4,1800,26.616846084594727,0.5010155439376831,16.943559646606445,63.91474914550781,13371.576231022722,1082.943359375,701.55615234375,64.78234529495239,0.03793972358107567,0.024578243494033813
57.5,1800,26.49636459350586,0.5014784932136536,16.944629669189453,63.83102798461914,13380.52869657164,1081.5931396484375,702.6744995117188,64.96661901473999,0.03770787641406059,0.024497533217072487
57.6,1800,26.51064682006836,0.5010855793952942,16.944612503051758,63.785160064697266,13383.458064530552,1080.8148193359375,702.2776489257812,64.97668623924255,0.0377495214343071,0.024528389796614647
57.7,1800,26.457752227783203,0.4984503388404846,16.945392608642578,63.68593215942383,13392.051498909019,1079.18310546875,699.0328979492188,64.77426290512085,0.03784907981753349,0.024516461417078972
57.8,1800,26.35192108154297,0.49881309270858765,16.944915771484375,63.636966705322266,13398.41264532835,1078.322998046875,699.8739013671875,64.90392088890076,0.037652384489774704,0.02443787269294262
57.9,1800,26.446277618408203,0.498794823884964,16.944631576538086,63.61894607543945,13397.052290211735,1077.9996337890625,699.7772216796875,64.91442322731018,0.037792421877384186,0.024532733485102654
58,1800,26.57147216796875,0.4990098774433136,16.94278335571289,63.72813415527344,13384.896520583594,1079.73193359375,699.4437255859375,64.77938294410706,0.037989433854818344,0.024609321728348732
58.1,1800,26.566701889038086,0.5020156502723694,16.942115783691406,63.861793518066406,13371.164743999445,1081.953857421875,702.9349365234375,64.96902704238892,0.037793971598148346,0.024554375559091568
58.2,1800,26.52595329284668,0.4996297359466553,16.94255828857422,63.92692947387695,13365.484357981231,1083.085693359375,699.296875,64.56524133682251,0.037932321429252625,0.024491092190146446
58.3,1800,26.457626342773438,0.4994681477546692,16.945371627807617,63.82670593261719,13373.905270888183,1081.5672607421875,699.5111694335938,64.67570066452026,0.03782302141189575,0.024462303146719933
58.4,1800,26.30084991455078,0.49738067388534546,16.946168899536133,63.64508819580078,13389.380913157382,1078.5404052734375,697.3936767578125,64.66087698936462,0.03771305829286575,0.024385595694184303
58.5,1800,26.171628952026367,0.49848344922065735,16.946264266967773,63.496070861816406,13404.383287065531,1076.021240234375,699.7230834960938,65.02874493598938,0.037402838468551636,0.024322595447301865
58.6,1800,26.299962997436523,0.49572694301605225,16.945165634155273,63.44488525390625,13409.60206157888,1075.0841064453125,696.1246948242188,64.75071907043457,0.037780534476041794,0.024463167414069176
58.7,1800,26.347957611083984,0.4995518624782562,16.943157196044922,63.537418365478516,13396.155877971225,1076.5244140625,700.7924194335938,65.09767770767212,0.037597376853227615,0.024475019425153732
58.8,1800,26.3716983795166,0.4988161623477936,16.943584442138672,63.62567901611328,13384.554974697417,1078.047119140625,699.1543579101562,64.85378742218018,0.037719421088695526,0.024462474510073662
58.9,1800,26.378183364868164,0.49885094165802,16.944631576538086,63.609230041503906,13386.617072556277,1077.8349609375,699.3108520507812,64.88106846809387,0.03772025555372238,0.02447330392897129
59,1800,26.20559310913086,0.4972684383392334,16.94576072692871,63.49580764770508,13399.377833020342,1075.9847412109375,697.7568969726562,64.84821438789368,0.037556909024715424,0.024354984983801842
59.1,1800,26.112003326416016,0.49681606888771057,16.94744300842285,63.360565185546875,13416.785016359145,1073.799560546875,698.0277709960938,65.00540971755981,0.0374082587659359,0.024317391216754913
59.2,1800,25.955659866333008,0.4943760931491852,16.949087142944336,63.11699295043945,13438.117063174928,1069.775390625,695.7039794921875,65.03271460533142,0.037308480590581894,0.024262718856334686
59.3,1800,25.864383697509766,0.4933778643608093,16.94806671142578,62.974422454833984,13450.460508187625,1067.294677734375,694.93701171875,65.11200666427612,0.03721831366419792,0.024233590811491013
59.4,1800,26.015796661376953,0.4925629198551178,16.94645881652832,62.99018478393555,13445.1414847111,1067.4605712890625,693.5147705078125,64.96865153312683,0.037512969225645065,0.024371670559048653
59.5,1800,26.112043380737305,0.4945570230484009,16.944307327270508,63.11748504638672,13427.154955619977,1069.4820556640625,695.390869140625,65.02127647399902,0.03755016624927521,0.024415597319602966
59.6,1800,26.232559204101562,0.49656152725219727,16.944297790527344,63.29734802246094,13408.625217030703,1072.5291748046875,697.245849609375,65.00950455665588,0.03762311115860939,0.024458598345518112
59.7,1800,26.30820655822754,0.4960553050041199,16.944698333740234,63.412628173828125,13398.866097033886,1074.5078125,696.028076171875,64.77645635604858,0.03779762238264084,0.02448396012187004
59.8,1800,26.19526481628418,0.4977331757545471,16.945911407470703,63.39744567871094,13397.424143923989,1074.3275146484375,698.3071899414062,64.99947309494019,0.03751252219080925,0.02438294142484665
59.9,1800,26.261369705200195,0.49873337149620056,16.944477081298828,63.470802307128906,13389.3692563012,1075.4796142578125,699.2897338867188,65.0212049484253,0.03755434602499008,0.024418288841843605
60,1800,26.393178939819336,0.49945613741874695,16.944583892822266,63.5377311706543,13378.972506271146,1076.620361328125,699.7593994140625,64.99592661857605,0.03771750628948212,0.02451484091579914
60.1,1800,26.22589683532715,0.4973559081554413,16.94729232788086,63.469112396240234,13387.424892689793,1075.629638671875,697.257080078125,64.82316255569458,0.037612952291965485,0.024381903931498528
60.2,1800,26.321449279785156,0.4991900324821472,16.946086883544922,63.46287155151367,13385.325492891146,1075.4473876953125,699.7186889648438,65.06303548812866,0.037617187947034836,0.024474885314702988
60.3,1800,26.50022315979004,0.49788782000541687,16.944332122802734,63.60420227050781,13368.575756241093,1077.730712890625,697.02001953125,64.67478275299072,0.03801931440830231,0.02458890900015831
60.4,1800,26.555593490600586,0.5009425282478333,16.94369888305664,63.735103607177734,13358.126550358213,1079.908447265625,700.7483520507812,64.88960981369019,0.0378960482776165,0.024590598419308662
60.5,1800,26.51079750061035,0.4993210732936859,16.94434356689453,63.793128967285156,13351.147590561159,1080.9327392578125,698.115234375,64.58452343940735,0.03797481581568718,0.024525854736566544
60.6,1800,26.461746215820312,0.49934548139572144,16.945600509643555,63.80253601074219,13350.606712434244,1081.1722412109375,698.12109375,64.57074880599976,0.03790423646569252,0.02447505109012127
60.7,1800,26.476835250854492,0.49976208806037903,16.94625473022461,63.75752258300781,13353.434665744358,1080.451171875,698.8515014648438,64.68145251274109,0.03788620978593826,0.02450535073876381
60.8,1800,26.363431930541992,0.4980729818344116,16.9465389251709,63.69504165649414,13358.63012654534,1079.4105224609375,696.760498046875,64.55009579658508,0.03783715143799782,0.024423915892839432
60.9,1800,26.235179901123047,0.5007656216621399,16.9466552734375,63.61240768432617,13364.26388513882,1078.017578125,700.8226928710938,65.01032710075378,0.03743483126163483,0.02433650568127632
61,1850,26.445880889892578,0.49770498275756836,16.945425033569336,63.59730911254883,13362.967642731215,1077.6834716796875,696.4718017578125,64.62674736976624,0.037971217185258865,0.024539563804864883
61.1,1850,26.912973403930664,0.5237325429916382,16.881866455078125,68.00721740722656,13451.010711799485,1148.0887451171875,737.7225952148438,64.25658464431763,0.03648115694522858,0.02344154380261898
61.2,1850,27.76251792907715,0.5403200387954712,16.895435333251953,71.06011962890625,13634.101454816684,1200.5916748046875,771.4472045898438,64.25558924674988,0.035987578332424164,0.023124029859900475
61.3,1850,28.227853775024414,0.5471848845481873,16.916576385498047,72.45796966552734,13770.127640993047,1225.74072265625,789.0430297851562,64.37274813652039,0.035774797201156616,0.02302921935915947
61.4,1850,28.50884246826172,0.5482690930366516,16.929147720336914,73.03944396972656,13858.940062569427,1236.4954833984375,795.70556640625,64.35167193412781,0.03582838177680969,0.023056162521243095
61.5,1850,28.77562713623047,0.5507053136825562,16.93327522277832,73.40106964111328,13893.619209715305,1242.9205322265625,801.2412109375,64.46439623832703,0.03591381385922432,0.023151623085141182
61.6,1850,28.87268829345703,0.5542057156562805,16.934917449951172,73.71739196777344,13903.156849444635,1248.39794921875,806.8875732421875,64.63384628295898,0.03578278794884682,0.02312779240310192
61.7,1850,28.817737579345703,0.5554214715957642,16.936187744140625,73.93925476074219,13903.281577805797,1252.2491455078125,808.6649169921875,64.5770013332367,0.035636190325021744,0.023012783378362656
61.8,1850,28.83220863342285,0.5547760725021362,16.937952041625977,74.01223754882812,13905.407788373666,1253.61572265625,807.8487548828125,64.4415020942688,0.03569010645151138,0.022999240085482597
61.9,1850,28.892879486083984,0.5548807382583618,16.9378662109375,74.12511444091797,13902.231295063666,1255.521240234375,807.8165893554688,64.34113383293152,0.03576663136482239,0.023012656718492508
62,1850,28.886167526245117,0.5550351142883301,16.939023971557617,74.16838836669922,13899.515247572914,1256.340087890625,807.8834838867188,64.304518699646,0.03575536236166954,0.022992314770817757
62.1,1850,28.756587982177734,0.5546101331710815,16.94138526916504,74.05396270751953,13910.837551983936,1254.57666015625,807.9224853515625,64.39801454544067,0.03559325262904167,0.022921346127986908
62.2,1850,28.560819625854492,0.5532146096229553,16.9429988861084,73.83475494384766,13929.288023951161,1250.982177734375,806.9584350585938,64.50599431991577,0.03539317101240158,0.022830717265605927
62.3,1850,28.453855514526367,0.5502626895904541,16.94395637512207,73.5833969116211,13950.737805014398,1246.7938232421875,803.8886108398438,64.47646021842957,0.03539527207612991,0.022821620106697083
62.4,1850,28.368043899536133,0.54774010181427,16.94462776184082,73.31229400634766,13975.596050825687,1242.24951171875,801.629150390625,64.53044414520264,0.03538798913359642,0.022836027666926384
62.5,1850,28.192533493041992,0.5460674166679382,16.944507598876953,73.06851196289062,13993.918297374894,1238.1099853515625,800.2288818359375,64.63310122489929,0.03523058816790581,0.02277062088251114
62.6,1850,28.152673721313477,0.5418773889541626,16.945087432861328,72.81236267089844,14017.371892016072,1233.8118896484375,795.4194946289062,64.46846127510071,0.03539349138736725,0.022817639634013176
62.7,1850,28.086931228637695,0.5424623489379883,16.94285011291504,72.67521667480469,14021.534555359196,1231.3253173828125,796.5146484375,64.68758583068848,0.03526229038834572,0.022810325026512146
62.8,1850,28.218463897705078,0.5429109334945679,16.94062614440918,72.71249389648438,14012.05753128202,1231.795166015625,796.634521484375,64.67264294624329,0.03542209416627884,0.0229084063321352
62.9,1850,28.35040283203125,0.5426954030990601,16.939908981323242,72.81849670410156,14001.291258910951,1233.5386962890625,795.7064208984375,64.50599431991577,0.03562922403216362,0.022982986643910408
63,1850,28.314037322998047,0.5441684126853943,16.940937042236328,72.84078216552734,13998.402689948682,1233.9910888671875,797.7015380859375,64.64402675628662,0.035494524985551834,0.022945091128349304
63.1,1850,28.370460510253906,0.5445276498794556,16.940223693847656,72.89970397949219,13993.716633762919,1234.937255859375,797.9609375,64.61549997329712,0.0355536974966526,0.0229731984436512
63.2,1850,28.575607299804688,0.5441601872444153,16.939584732055664,72.9835433959961,13982.264938248261,1236.3109130859375,796.7698974609375,64.44737315177917,0.035864315927028656,0.023113608360290527
63.3,1850,28.725114822387695,0.546504020690918,16.937728881835938,73.22581481933594,13958.473294777761,1240.279052734375,798.8401489257812,64.40810561180115,0.03595852479338646,0.02316020429134369
63.4,1850,28.640483856201172,0.5487838983535767,16.937625885009766,73.4322280883789,13957.290123875136,1243.767578125,802.104736328125,64.48991894721985,0.03570666164159775,0.023027198389172554
63.5,1850,28.722564697265625,0.5490682721138,16.93852424621582,73.57726287841797,13960.752210161632,1246.290283203125,802.7194213867188,64.40870761871338,0.03578157350420952,0.023046448826789856
63.6,1850,28.650930404663086,0.547452449798584,16.94098472595215,73.53754425048828,13971.92996955598,1245.7984619140625,800.9979858398438,64.29595351219177,0.03576904162764549,0.02299804612994194
63.7,1850,28.563262939453125,0.5475136041641235,16.941972732543945,73.44357299804688,13983.919046140698,1244.279052734375,801.7748413085938,64.43690061569214,0.03562504053115845,0.022955672815442085
63.8,1850,28.46150016784668,0.5465006232261658,16.942903518676758,73.31424713134766,13995.235522123628,1242.15625,800.9390869140625,64.47973847389221,0.03553516045212746,0.022912979125976562
63.9,1850,28.375370025634766,0.5444269180297852,16.942909240722656,73.16108703613281,14008.51268131662,1239.5616455078125,798.6568603515625,64.43058848381042,0.03552886098623276,0.02289145439863205
64,1850,28.287376403808594,0.5451349020004272,16.942087173461914,73.11708068847656,14011.049213222148,1238.7559814453125,799.8402709960938,64.56802487373352,0.03536628186702728,0.02283531054854393
64.1,1850,28.34569549560547,0.5439272522926331,16.940868377685547,73.1366195678711,14011.499167870832,1238.997802734375,798.093994140625,64.41447734832764,0.03551673889160156,0.022877922281622887
64.2,1850,28.265859603881836,0.5445366501808167,16.941179275512695,73.14527130126953,14008.235248139454,1239.1671142578125,798.802001953125,64.46281671524048,0.035385314375162125,0.02281036786735058
64.3,1850,28.255529403686523,0.5451098680496216,16.94126319885254,73.13228607177734,14009.78444432624,1238.9532470703125,799.7313232421875,64.5489513874054,0.035331275314092636,0.022805968299508095
64.4,1850,28.440021514892578,0.5441261529922485,16.940500259399414,73.15701293945312,14005.564662387816,1239.31640625,798.0476684570312,64.39418196678162,0.03563699498772621,0.02294815145432949
64.5,1850,28.39113998413086,0.5455237030982971,16.941184997558594,73.13676452636719,14000.633812222202,1239.0234375,799.8157348632812,64.55210447311401,0.03549710288643837,0.02291412651538849
64.6,1850,28.387983322143555,0.5452295541763306,16.94127655029297,73.1172103881836,14000.52190640284,1238.6988525390625,799.3780517578125,64.53368663787842,0.03551258519291878,0.022917581722140312
64.7,1850,28.654279708862305,0.5449656844139099,16.938932418823242,73.24691772460938,13986.425270220148,1240.724609375,798.1867065429688,64.33230638504028,0.035899218171834946,0.023094795644283295
64.8,1850,28.793004989624023,0.5476772785186768,16.937240600585938,73.51290130615234,13956.856488825111,1245.105712890625,800.4624633789062,64.28871154785156,0.03597046434879303,0.023124948143959045
64.9,1850,28.74657440185547,0.549820601940155,16.938518524169922,73.66310119628906,13945.308041404129,1247.7437744140625,802.9301147460938,64.35055732727051,0.03580208867788315,0.023038843646645546
65,1850,28.758176803588867,0.5499638319015503,16.94032096862793,73.68035888671875,13944.474576187009,1248.1689453125,803.0912475585938,64.34155106544495,0.03580934926867485,0.023040292784571648
65.1,1850,28.690462112426758,0.5475682616233826,16.94192886352539,73.568359375,13950.6935089609,1246.389892578125,799.94970703125,64.1813337802887,0.035865332931280136,0.0230188500136137
65.2,1850,28.497581481933594,0.5463870763778687,16.94251823425293,73.46755981445312,13959.54572554664,1244.7254638671875,798.7305908203125,64.16921615600586,0.03567859157919884,0.02289467118680477
65.3,1850,28.39914894104004,0.5456781983375549,16.943525314331055,73.2808609008789,13976.792044270112,1241.6361083984375,798.6798706054688,64.3247902393341,0.03555761277675629,0.022872360423207283
65.4,1850,28.50479507446289,0.5440059900283813,16.94219207763672,73.20848083496094,13978.851810757735,1240.3121337890625,796.3496704101562,64.2055869102478,0.035794321447610855,0.022981952875852585
65.5,1850,28.770063400268555,0.5443428158760071,16.938108444213867,73.39994812011719,13959.957212569918,1243.2562255859375,795.7656860351562,64.00656700134277,0.03615393862128258,0.02314089611172676
65.6,1850,28.805744171142578,0.5476657748222351,16.938297271728516,73.58338165283203,13943.36484347834,1246.377197265625,799.671875,64.15969729423523,0.03602195531129837,0.023111578077077866
65.7,1850,28.783048629760742,0.5495014190673828,16.938196182250977,73.7345199584961,13926.868060607469,1248.9298095703125,801.4028930664062,64.16717171669006,0.03591582924127579,0.02304617129266262
65.8,1850,28.80564308166504,0.5503435730934143,16.93803596496582,73.88825988769531,13910.413242418856,1251.52197265625,801.6827392578125,64.05662894248962,0.03593147173523903,0.023016490042209625
65.9,1850,28.714834213256836,0.5506792068481445,16.938873291015625,73.97187805175781,13905.13734931021,1253.000244140625,801.867431640625,63.99579048156738,0.0358099527657032,0.02291686274111271
66,1900,28.791732788085938,0.5511445999145508,16.940454483032227,73.94206237792969,13908.263718138622,1252.6121826171875,802.7255859375,64.08412456512451,0.035867467522621155,0.02298535406589508
66.1,1900,29.023677825927734,0.5757612586021423,16.874549865722656,78.3654556274414,14019.193858637553,1322.3818359375,845.267333984375,63.92006874084473,0.03433668240904808,0.021948032081127167
66.2,1900,29.674901962280273,0.5875087380409241,16.888389587402344,81.4115982055664,14246.57016398144,1374.9107666015625,876.5027465820312,63.74979019165039,0.03385603055357933,0.02158314734697342
66.3,1900,30.190704345703125,0.5912861227989197,16.90970230102539,82.76754760742188,14414.465029277842,1399.5745849609375,892.5341186523438,63.7718141078949,0.0338258258998394,0.021571343764662743
66.4,1900,30.436784744262695,0.5957013964653015,16.920883178710938,83.4173583984375,14510.379973326822,1411.495361328125,905.1822509765625,64.12931084632874,0.0336250364780426,0.02156350389122963
66.5,1900,30.55689239501953,0.5951305627822876,16.925582885742188,83.81275939941406,14550.875891708261,1418.579833984375,906.838623046875,63.9258086681366,0.03369606286287308,0.021540481597185135
66.6,1900,30.795381546020508,0.5949185490608215,16.928159713745117,84.06403350830078,14571.587793775083,1423.0494384765625,907.805908203125,63.79300355911255,0.033922869712114334,0.021640416234731674
66.7,1900,30.99823570251465,0.5993570685386658,16.928518295288086,84.30120086669922,14571.119188156506,1427.0943603515625,914.5493774414062,64.08471465110779,0.03389454632997513,0.02172122336924076
66.8,1900,31.12311553955078,0.6005145907402039,16.928674697875977,84.55384826660156,14559.183733110232,1431.3846435546875,915.5650634765625,63.963598012924194,0.03399334102869034,0.02174336276948452
66.9,1900,31.170310974121094,0.599211573600769,16.931026458740234,84.60065460205078,14559.986890501275,1432.3759765625,913.6288452148438,63.7841522693634,0.034117039293050766,0.02176126465201378
67,1900,31.089004516601562,0.6006171107292175,16.932863235473633,84.56871032714844,14566.747867087699,1431.9903564453125,916.1971435546875,63.980674743652344,0.03393265977501869,0.021710343658924103
67.1,1900,30.922636032104492,0.5999683737754822,16.935270309448242,84.37031555175781,14585.15987142952,1428.8341064453125,916.3643188476562,64.13370966911316,0.03374491631984711,0.021641865372657776
67.2,1900,30.97000503540039,0.5952937006950378,16.93454933166504,84.2541275024414,14592.184292965689,1426.8056640625,909.662353515625,63.75516653060913,0.03404560685157776,0.021705832332372665
67.3,1900,31.04288101196289,0.5977743268013,16.932424545288086,84.31661987304688,14583.242318587334,1427.684814453125,912.8931884765625,63.94220590591431,0.03400494158267975,0.02174351178109646
67.4,1900,31.096288681030273,0.6002604961395264,16.931177139282227,84.42735290527344,14569.277404879516,1429.4544677734375,915.8121337890625,64.0672504901886,0.03395487740635872,0.021753955632448196
67.5,1900,31.126708984375,0.5994582772254944,16.931201934814453,84.54460144042969,14558.84801565215,1431.4417724609375,913.9334716796875,63.84706497192383,0.03405795991420746,0.02174500562250614
67.6,1900,31.070964813232422,0.5986535549163818,16.932798385620117,84.52198791503906,14560.469484347272,1431.1937255859375,912.8082885742188,63.77950310707092,0.03403887152671814,0.021709823980927467
67.7,1900,30.910314559936523,0.5991643667221069,16.935693740844727,84.31004333496094,14577.397570896934,1427.84912109375,914.6492919921875,64.05783891677856,0.033794719725847244,0.021648166701197624
67.8,1900,30.87322998046875,0.596188485622406,16.935007095336914,84.185791015625,14586.155366947589,1425.68701171875,910.6532592773438,63.8746976852417,0.03390229120850563,0.02165498584508896
67.9,1900,31.015390396118164,0.5957826375961304,16.933021545410156,84.19772338867188,14580.145091899381,1425.721923828125,909.6583251953125,63.80335092544556,0.034095648676157,0.02175416611135006
68,1900,31.244171142578125,0.6000984311103821,16.929031372070312,84.49278259277344,14547.99548254532,1430.3809814453125,914.2274780273438,63.914960622787476,0.03417548909783363,0.02184325084090233
68.1,1900,31.23760414123535,0.6030429005622864,16.92943000793457,84.73700714111328,14526.243788906932,1434.5491943359375,917.339599609375,63.94619345664978,0.03405238687992096,0.021775204688310623
68.2,1900,31.163179397583008,0.6008501648902893,16.93222999572754,84.72440338134766,14527.037620813027,1434.5731201171875,914.0540161132812,63.71610164642334,0.03409336879849434,0.021722963079810143
68.3,1900,31.130783081054688,0.5974255800247192,16.93410301208496,84.62403869628906,14536.549615458754,1433.0322265625,909.4393920898438,63.462597131729126,0.03423073887825012,0.021723715588450432
68.4,1900,31.065107345581055,0.5983787775039673,16.93520164489746,84.45598602294922,14549.688058063164,1430.2791748046875,911.7136840820312,63.74375820159912,0.03407331556081772,0.021719612181186676
68.5,1900,31.046424865722656,0.6001154780387878,16.93391227722168,84.40262603759766,14550.91202796243,1429.2667236328125,914.4367065429688,63.979434967041016,0.033951420336961746,0.02172192558646202
68.6,1900,30.972890853881836,0.5979210138320923,16.93425941467285,84.328857421875,14556.335963144607,1428.0467529296875,911.4324951171875,63.82371783256531,0.03398264944553375,0.02168899029493332
68.7,1900,30.880455017089844,0.5958697199821472,16.935636520385742,84.14961242675781,14569.038439327755,1425.127197265625,909.0982666015625,63.79067301750183,0.03396822512149811,0.021668558940291405
68.8,1900,30.71351432800293,0.5967507362365723,16.936302185058594,83.94670867919922,14585.777684807244,1421.746826171875,911.4884643554688,64.11046385765076,0.033695999532938004,0.021602660417556763
68.9,1900,30.62145233154297,0.5941450595855713,16.936237335205078,83.77685546875,14597.244534234942,1418.86474609375,908.221923828125,64.01047110557556,0.03371582552790642,0.021581657230854034
69,1900,30.61122703552246,0.5928320288658142,16.93548583984375,83.67255401611328,14602.298947076102,1417.035400390625,906.5286254882812,63.97360563278198,0.03376752510666847,0.02160230278968811
69.1,1900,30.576087951660156,0.5954370498657227,16.93246078491211,83.76835632324219,14588.525205809692,1418.4044189453125,909.6531982421875,64.13214802742004,0.03361290693283081,0.021556679159402847
69.2,1900,30.678028106689453,0.5950453281402588,16.930564880371094,83.98384094238281,14566.431966285127,1421.8939208984375,907.6781005859375,63.83585333824158,0.03379835560917854,0.02157546952366829
69.3,1900,30.787076950073242,0.595603883266449,16.92959213256836,84.24103546142578,14542.612346359787,1426.1663818359375,907.04443359375,63.60018253326416,0.033942192792892456,0.021587297320365906
69.4,1900,30.891088485717773,0.5970382690429688,16.930667877197266,84.39464569091797,14527.290574592209,1428.857666015625,908.2709350585938,63.56622576713562,0.0340108759701252,0.02161942981183529
69.5,1900,30.97544288635254,0.6000959873199463,16.932031631469727,84.44505310058594,14524.841469108058,1429.8262939453125,912.7686767578125,63.837730884552,0.03393569588661194,0.021663779392838478
69.6,1900,31.071895599365234,0.6007660627365112,16.932472229003906,84.4471435546875,14521.516933724526,1429.89892578125,913.5787353515625,63.89114260673523,0.03401118516921997,0.02173013426363468
69.7,1900,31.053462982177734,0.598972499370575,16.932897567749023,84.45293426513672,14520.755741015746,1430.0328369140625,910.8035888671875,63.691091537475586,0.03409457951784134,0.021715208888053894
69.8,1900,31.054302215576172,0.5968004465103149,16.933618545532227,84.38189697265625,14524.313413522947,1428.890869140625,907.7230834960938,63.52640986442566,0.034211207181215286,0.021733151748776436
69.9,1900,30.993627548217773,0.599338948726654,16.93337631225586,84.36547088623047,14523.505593389431,1428.59228515625,911.5333862304688,63.806408643722534,0.03400163725018501,0.021695222705602646
70,1900,30.85378646850586,0.6013198494911194,16.932632446289062,84.39363098144531,14517.814716200652,1429.00634765625,914.187744140625,63.97366523742676,0.03374994546175003,0.021591076627373695
70.1,1900,30.82388687133789,0.6020026803016663,16.931819915771484,84.47573852539062,14510.71335941367,1430.3280029296875,914.7781982421875,63.95583152770996,0.03369547426700592,0.021550223231315613
70.2,1900,30.741649627685547,0.6002471446990967,16.933252334594727,84.45024108886719,14512.741652389597,1430.0172119140625,912.238037109375,63.79210352897644,0.0336991511285305,0.021497398614883423
70.3,1900,30.70863151550293,0.5968046188354492,16.935636520385742,84.25712585449219,14528.783817869313,1426.947998046875,908.0087890625,63.63292336463928,0.03381974995136261,0.021520497277379036
70.4,1900,30.796979904174805,0.5986654162406921,16.93496322631836,84.11092376708984,14539.027863083364,1424.4154052734375,911.4821166992188,63.98990750312805,0.0337878055870533,0.02162078581750393
70.5,1900,30.83527374267578,0.6000947952270508,16.93152618408203,84.23003387451172,14521.840994326429,1426.14306640625,912.5783081054688,63.9892578125,0.03378918021917343,0.021621445193886757
70.6,1900,30.796222686767578,0.6002652049064636,16.931516647338867,84.349609375,14512.310348710807,1428.1668701171875,912.2384033203125,63.874781131744385,0.03375896438956261,0.021563462913036346
70.7,1900,30.80143165588379,0.5980561375617981,16.933330535888672,84.3388671875,14514.301339746948,1428.137939453125,909.0059204101562,63.649725914001465,0.033884741365909576,0.02156754769384861
70.8,1900,30.949867248535156,0.5973275303840637,16.933990478515625,84.2496109008789,14519.529439745242,1426.68212890625,908.2255249023438,63.65997791290283,0.034077294170856476,0.021693596616387367
70.9,1900,30.76874542236328,0.5981606245040894,16.935670852661133,84.09201049804688,14532.90335084456,1424.1546630859375,910.3299560546875,63.920724391937256,0.03379955515265465,0.02160491980612278
71,1950,30.73188018798828,0.594732940196991,16.93593406677246,83.91668701171875,14546.688748967152,1421.20751953125,905.9719848632812,63.74663710594177,0.03392144665122032,0.021623780950903893
71.1,1950,31.078943252563477,0.6152739524841309,16.86142349243164,88.6065673828125,14647.213979636701,1494.0328369140625,943.7395629882812,63.167256116867065,0.03293169289827347,0.020802047103643417
71.2,1950,31.87616729736328,0.63187575340271,16.87135887145996,92.08267974853516,14835.101518973404,1553.5599365234375,981.6367797851562,63.18628191947937,0.03247246518731117,0.020518144592642784
71.3,1950,32.40724563598633,0.6413501501083374,16.890047073364258,93.88014221191406,14956.254722345255,1585.6400146484375,1004.492431640625,63.34933638572693,0.03226231038570404,0.02043795958161354
71.4,1950,32.63822555541992,0.6461827754974365,16.90150260925293,94.89547729492188,15017.09185476688,1603.8760986328125,1016.1781005859375,63.35763931274414,0.03211860731244087,0.020349591970443726
71.5,1950,32.78889465332031,0.6476563215255737,16.90834617614746,95.47225952148438,15045.806188603668,1614.2779541015625,1020.44287109375,63.21357488632202,0.03213202580809593,0.02031180076301098
71.6,1950,32.95862579345703,0.6472225785255432,16.912822723388672,95.73838806152344,15063.950085253267,1619.2064208984375,1020.9891967773438,63.05491328239441,0.032281070947647095,0.020354801788926125
71.7,1950,33.127933502197266,0.6468186974525452,16.91351318359375,95.96954345703125,15072.0457718727,1623.18212890625,1020.9004516601562,62.894999980926514,0.032449718564748764,0.020409252494573593
71.8,1950,33.3260498046875,0.64936363697052,16.91305923461914,96.23780822753906,15066.76521602158,1627.67578125,1024.55810546875,62.94608116149902,0.032527241855859756,0.020474623888731003
71.9,1950,33.42133331298828,0.6519840955734253,16.91383171081543,96.44384002685547,15057.900176894036,1631.23486328125,1028.08740234375,63.02509903907776,0.03250826150178909,0.02048836275935173
72,1950,33.50756072998047,0.6541579961776733,16.915040969848633,96.55897521972656,15050.599487866319,1633.299072265625,1031.0152587890625,63.124704360961914,0.03249957785010338,0.020515264943242073
72.1,1950,33.37480545043945,0.6548256278038025,16.91535758972168,96.6772232055664,15044.979717500259,1635.329833984375,1031.68212890625,63.08709383010864,0.03234989196062088,0.02040860801935196
72.2,1950,33.340782165527344,0.6570872664451599,16.915515899658203,96.68751525878906,15046.155894289172,1635.5191650390625,1035.3262939453125,63.30260634422302,0.03220316395163536,0.020385442301630974
72.3,1950,33.54726791381836,0.658890962600708,16.911584854125977,96.96963500976562,15016.5976040647,1639.91015625,1036.128662109375,63.18203806877136,0.03237751126289368,0.020456770434975624
72.4,1950,33.56267166137695,0.6603383421897888,16.911767959594727,97.21167755126953,14995.083710292454,1644.0213623046875,1036.9171142578125,63.071995973587036,0.03236774727702141,0.020414985716342926
72.5,1950,33.45705795288086,0.6607868671417236,16.915557861328125,97.18451690673828,15000.661515976253,1643.9302978515625,1038.00732421875,63.14181089401245,0.03223200514912605,0.020351871848106384
72.6,1950,33.210323333740234,0.6594133973121643,16.91935920715332,96.96721649169922,15021.717295300488,1640.6231689453125,1037.3038330078125,63.22620511054993,0.032016005367040634,0.02024250477552414
72.7,1950,33.209171295166016,0.659850001335144,16.919370651245117,96.78028106689453,15034.340504861588,1637.46142578125,1038.8629150390625,63.44349980354309,0.03196684643626213,0.020280888304114342
72.8,1950,33.26188278198242,0.6587216258049011,16.916885375976562,96.81793975830078,15025.890449814178,1637.8580322265625,1036.50341796875,63.28408718109131,0.03209047019481659,0.02030816115438938
72.9,1950,33.318389892578125,0.658539891242981,16.915979385375977,96.87371063232422,15017.820408278349,1638.7137451171875,1035.6610107421875,63.19962739944458,0.032171137630939484,0.020332038402557373
73,1950,33.303951263427734,0.6578977704048157,16.916379928588867,96.8962631225586,15015.068224533426,1639.134033203125,1034.4615478515625,63.11025023460388,0.032194480299949646,0.020318016409873962
73.1,1950,33.399192810058594,0.6577216982841492,16.916297912597656,96.920166015625,15011.77632834721,1639.5303955078125,1033.9578857421875,63.064271211624146,0.03230227530002594,0.020371194928884506
73.2,1950,33.41450500488281,0.6570243239402771,16.917667388916016,96.84129333496094,15015.87021623885,1638.3287353515625,1033.143310546875,63.06080222129822,0.032342564314603806,0.02039548195898533
73.3,1950,33.40997314453125,0.6545149087905884,16.917911529541016,96.73206329345703,15022.395724330368,1636.5045166015625,1029.6446533203125,62.91730999946594,0.03244806081056595,0.020415447652339935
73.4,1950,33.36434555053711,0.6540288329124451,16.916812896728516,96.7262191772461,15018.896336104084,1636.29931640625,1028.6402587890625,62.86382079124451,0.03243538737297058,0.02039012312889099
73.5,1950,33.3254508972168,0.6548613905906677,16.915691375732422,96.8186264038086,15006.705595907393,1637.7540283203125,1029.11376953125,62.836891412734985,0.032382670789957047,0.020348263904452324
73.6,1950,33.29462814331055,0.654325008392334,16.91685676574707,96.80990600585938,15008.703581057242,1637.7193603515625,1028.40771484375,62.795114517211914,0.03237492963671684,0.020329874008893967
73.7,1950,33.24972152709961,0.6530841588973999,16.917879104614258,96.71503448486328,15012.437272092813,1636.2132568359375,1026.7127685546875,62.74932622909546,0.032384637743234634,0.020321141928434372
73.8,1950,33.20338821411133,0.6529321670532227,16.918609619140625,96.60877227783203,15020.102820719076,1634.486083984375,1026.9979248046875,62.83308267593384,0.032330527901649475,0.02031426690518856
73.9,1950,33.1870231628418,0.6539115905761719,16.917781829833984,96.55876159667969,15019.631883729262,1633.56005859375,1028.5062255859375,62.96103000640869,0.03226720541715622,0.02031576633453369
74,1950,33.33955001831055,0.6540461182594299,16.91588020324707,96.63341522216797,15009.34004540486,1634.6392822265625,1028.012939453125,62.889283895492554,0.03243105858564377,0.020395662635564804
74.1,1950,33.298892974853516,0.6547588109970093,16.915536880493164,96.73944854736328,14997.982770425288,1636.399658203125,1028.3543701171875,62.84249424934387,0.03238075599074364,0.02034887485206127
74.2,1950,33.206268310546875,0.6535422801971436,16.917753219604492,96.66631317138672,15004.51177557366,1635.3768310546875,1026.890625,62.79228925704956,0.03233671560883522,0.0203049648553133
74.3,1950,33.116477966308594,0.6528320908546448,16.919479370117188,96.51471710205078,15014.688211021845,1632.978759765625,1026.470458984375,62.85877227783203,0.03226247802376747,0.020279796794056892
74.4,1950,33.10212326049805,0.6517954468727112,16.918516159057617,96.38858795166016,15023.504291353418,1630.7518310546875,1025.442138671875,62.88155913352966,0.032280828803777695,0.020298687741160393
74.5,1950,33.09478759765625,0.6519765257835388,16.918447494506836,96.32189178466797,15024.827344530244,1629.6168212890625,1025.8173828125,62.94838190078735,0.03226187080144882,0.020308325067162514
74.6,1950,33.001708984375,0.6518290638923645,16.918685913085938,96.25376892089844,15031.187325263954,1628.4873046875,1026.01953125,63.00445199012756,0.0321647971868515,0.020265255123376846
74.7,1950,32.89704132080078,0.6512296199798584,16.920719146728516,96.04346466064453,15046.213012884471,1625.12451171875,1026.1007080078125,63.13982009887695,0.03206024691462517,0.020242782309651375
74.8,1950,33.054412841796875,0.653115451335907,16.91591453552246,96.16769409179688,15024.752740650669,1626.7645263671875,1027.604248046875,63.16859722137451,0.032166481018066406,0.02031911350786686
74.9,1950,33.17972183227539,0.6556658148765564,16.913612365722656,96.44546508789062,14997.9454684855,1631.2412109375,1029.7763671875,63.12839388847351,0.03222031891345978,0.020340168848633766
75,1950,33.13755798339844,0.6556968092918396,16.915224075317383,96.5823745727539,14987.261959793334,1633.7125244140625,1029.0914306640625,62.99097537994385,0.03220078721642494,0.020283592864871025
75.1,1950,33.052494049072266,0.6545162200927734,16.917879104614258,96.50521850585938,14995.105858319203,1632.66357421875,1027.7762451171875,62.95088529586792,0.0321592316031456,0.020244522020220757
75.2,1950,33.02183532714844,0.6533491015434265,16.91861915588379,96.39300537109375,15003.0849763768,1630.8365478515625,1026.4893798828125,62.94251084327698,0.03216967731714249,0.020248401910066605
75.3,1950,33.08475112915039,0.6536730527877808,16.917217254638672,96.3924789428711,14999.083177649009,1630.6925048828125,1026.7244873046875,62.96248435974121,0.032223593443632126,0.020288772881031036
75.4,1950,33.21156692504883,0.654424786567688,16.915197372436523,96.53919982910156,14982.201718524082,1632.9796142578125,1026.748291015625,62.87575960159302,0.03234635666012764,0.020338017493486404
75.5,1950,33.26383590698242,0.654013991355896,16.914642333984375,96.6869125366211,14967.057130970494,1635.424560546875,1025.0665283203125,62.678927183151245,0.032450415194034576,0.020339572802186012
75.6,1950,33.303340911865234,0.6547839641571045,16.915552139282227,96.76663208007812,14960.34627886566,1636.8609619140625,1025.813232421875,62.66953945159912,0.03246530517935753,0.020345857366919518
75.7,1950,33.271766662597656,0.6552368402481079,16.915821075439453,96.825927734375,14955.154315121534,1637.8900146484375,1026.16650390625,62.651729583740234,0.032423362135887146,0.020313797518610954
75.8,1950,33.23786163330078,0.6543869972229004,16.91688346862793,96.79664611816406,14957.568450037134,1637.49755859375,1025.0009765625,62.59557008743286,0.03242715075612068,0.020297961309552193
75.9,1950,33.20526885986328,0.6530975699424744,16.918405532836914,96.677978515625,14967.086273110952,1635.63720703125,1023.6322021484375,62.58308291435242,0.032438669353723526,0.02030112035572529
76,2000,33.32440948486328,0.651654064655304,16.91752052307129,96.64512634277344,14966.688774315095,1634.995849609375,1021.3425903320312,62.46759295463562,0.03262804076075554,0.020381953567266464
76.1,2000,33.48006057739258,0.6582760214805603,16.670564651489258,98.74937438964844,15017.020747944161,1646.2078857421875,1035.19091796875,62.88336515426636,0.03234191983938217,0.02033768780529499
76.2,2000,33.30401611328125,0.6512273550033569,16.361677169799805,98.91814422607422,15010.524381993104,1618.466796875,1023.6632690429688,63.248950242996216,0.0325341522693634,0.020577510818839073
76.3,2000,33.08039474487305,0.648014485836029,16.200654983520508,98.99822235107422,15010.88691022041,1603.8360595703125,1018.6375732421875,63.51257562637329,0.03247513622045517,0.020625796169042587
76.4,2000,33.11185073852539,0.6456875801086426,16.107051849365234,99.02823638916016,15000.310644605132,1595.052978515625,1014.2647094726562,63.588154315948486,0.032646164298057556,0.020759092643857002
76.5,2000,33.280033111572266,0.6430355310440063,16.037227630615234,99.03246307373047,14966.752887024104,1588.2061767578125,1007.8390502929688,63.45769762992859,0.03302117809653282,0.020954478532075882
76.6,2000,33.228675842285156,0.6408036947250366,15.980728149414062,99.02425384521484,14924.32659325868,1582.479736328125,1001.4940185546875,63.286375999450684,0.03317910432815552,0.020997853949666023
76.7,2000,33.13783645629883,0.6421730518341064,15.949390411376953,99.0386734008789,14898.774764504473,1579.6064453125,1001.9158325195312,63.42819333076477,0.03307447209954262,0.020978540182113647
76.8,2000,33.0954704284668,0.643840491771698,15.930237770080566,99.03397369384766,14880.377914075692,1577.634765625,1003.2770385742188,63.59374523162842,0.03298737108707428,0.02097790315747261
76.9,2000,33.26491165161133,0.6425589323043823,15.902474403381348,99.03174591064453,14847.000837765509,1574.849853515625,999.0341186523438,63.43678832054138,0.03329707309603691,0.02112259343266487
77,2000,33.26240921020508,0.6420205235481262,15.858901977539062,99.03005981445312,14790.792642934346,1570.508056640625,994.4180297851562,63.31824064254761,0.033449120819568634,0.02117939479649067
77.1,2000,33.14973068237305,0.643774688243866,15.81829833984375,99.03804779052734,14739.690151111552,1566.6134033203125,993.6898803710938,63.42917084693909,0.03336023911833763,0.021160122007131577
77.2,2000,33.05413055419922,0.6439210772514343,15.795892715454102,99.02491760253906,14709.414964231795,1564.18701171875,991.8743286132812,63.411498069763184,0.033324915915727615,0.02113182842731476
77.3,2000,33.0518798828125,0.6436029672622681,15.784588813781738,99.03948211669922,14693.840238685036,1563.2974853515625,990.3346557617188,63.34908604621887,0.03337445482611656,0.02114241197705269
77.4,2000,33.0154914855957,0.6438084244728088,15.780158042907715,99.04711151123047,14686.67243781781,1562.9791259765625,990.1675415039062,63.35129737854004,0.03334333747625351,0.021123437210917473
77.5,2000,32.90176010131836,0.6430913805961609,15.782875061035156,99.05747985839844,14688.978163970904,1563.411865234375,989.2200317382812,63.2731556892395,0.03326030448079109,0.021044844761490822
77.6,2000,32.76986312866211,0.6426001787185669,15.80588150024414,99.06263732910156,14718.598235533147,1565.7723388671875,990.4576416015625,63.25681209564209,0.03308557718992233,0.02092888206243515
77.7,2000,32.66973876953125,0.6467792987823486,15.83778190612793,99.05718231201172,14757.752449767866,1568.8460693359375,999.5509643554688,63.71249556541443,0.03268441557884216,0.02082405611872673
77.8,2000,32.685218811035156,0.6436066031455994,15.87489128112793,99.0617904663086,14803.818014033777,1572.5950927734375,997.7525634765625,63.44624161720276,0.032758843153715134,0.020784255117177963
77.9,2000,32.66708755493164,0.6418644785881042,15.905797958374023,99.05440521240234,14842.272816897486,1575.539306640625,997.6365966796875,63.32032084465027,0.032744474709033966,0.02073390781879425
78,2000,32.63995361328125,0.6413648128509521,15.934334754943848,99.04927825927734,14876.733980832732,1578.2843017578125,999.1744995117188,63.307636976242065,0.032666921615600586,0.020680654793977737
78.1,2000,32.61168670654297,0.6416181921958923,15.955806732177734,99.05074310302734,14902.670485840996,1580.4345703125,1001.3118896484375,63.35675120353699,0.03256895765662193,0.02063463255763054
78.2,2000,32.69419479370117,0.6430681347846985,15.968287467956543,99.05801391601562,14916.10850964932,1581.786865234375,1004.4796752929688,63.50284218788147,0.032548390328884125,0.020669152960181236
78.3,2000,32.7468147277832,0.6460448503494263,15.967649459838867,99.04934692382812,14912.941341824266,1581.585205078125,1008.9150390625,63.79137635231018,0.03245745599269867,0.020705057308077812
78.4,2000,32.72172927856445,0.6449605822563171,15.967742919921875,99.04438781738281,14910.75684697548,1581.515380859375,1007.07421875,63.67780566215515,0.03249187394976616,0.020690111443400383
78.5,2000,32.74761962890625,0.6430203318595886,15.964668273925781,99.03897857666016,14905.069466843557,1581.1243896484375,1003.66162109375,63.477712869644165,0.032628148794174194,0.02071160078048706
78.6,2000,32.72697448730469,0.6413198709487915,15.962977409362793,99.04744720458984,14901.686647179109,1581.0921630859375,1000.7802734375,63.29677104949951,0.032701458781957626,0.020698966458439827
78.7,2000,32.81004333496094,0.6412458419799805,15.958550453186035,99.04329681396484,14892.58497387104,1580.58740234375,1000.0535888671875,63.27100396156311,0.03280828520655632,0.02075813151896
78.8,2000,32.87150192260742,0.6444078683853149,15.939287185668945,99.03910064697266,14865.654139030328,1578.6126708984375,1003.1675415039062,63.54741454124451,0.03276770934462547,0.020823031663894653
78.9,2000,32.75166702270508,0.6461606025695801,15.933671951293945,99.03777313232422,14858.192585387276,1578.035400390625,1005.3911743164062,63.71157169342041,0.03257604315876961,0.020754709839820862
79,2000,32.657569885253906,0.6443319916725159,15.9480562210083,99.03933715820312,14875.551975615728,1579.48486328125,1003.71728515625,63.547128438949585,0.032536622136831284,0.020676087588071823
79.1,2000,32.431365966796875,0.6438145041465759,15.985212326049805,99.04010772705078,14922.833349981574,1583.1771240234375,1006.098876953125,63.549357652664185,0.03223476931452751,0.020484989508986473
79.2,2000,32.282840728759766,0.6453267931938171,16.038557052612305,99.04552459716797,14989.539709491588,1588.5472412109375,1012.9700927734375,63.767069578170776,0.03186948969960213,0.020322240889072418
79.3,2000,32.34813690185547,0.6469601392745972,16.07097816467285,99.04100036621094,15029.565856568832,1591.685791015625,1018.2456665039062,63.97278308868408,0.03176850080490112,0.020323192700743675
79.4,2000,32.25762939453125,0.6449388861656189,16.094223022460938,99.03656005859375,15058.691677428897,1593.91650390625,1017.0315551757812,63.80707621574402,0.03171743080019951,0.020237967371940613
79.5,2000,32.19995880126953,0.6414524912834167,16.120010375976562,99.03581237792969,15090.398326247985,1596.4583740234375,1013.6635131835938,63.49451541900635,0.03176592290401459,0.02016962133347988
79.6,2000,32.301815032958984,0.6408565044403076,16.138532638549805,99.04243469238281,15112.932194936286,1598.3995361328125,1014.2339477539062,63.45309019088745,0.0318484865128994,0.020208848640322685
79.7,2000,32.49248123168945,0.6425892114639282,16.13480567932129,99.04873657226562,15105.456653065814,1598.132080078125,1016.47314453125,63.60382437705994,0.03196590393781662,0.02033153548836708
79.8,2000,32.62620544433594,0.6438062787055969,16.113460540771484,99.04068756103516,15075.553319898312,1595.88818359375,1016.3822631835938,63.68756294250488,0.03210032731294632,0.02044391632080078
79.9,2000,32.552734375,0.6435710191726685,16.092565536499023,99.04559326171875,15046.51842251648,1593.897705078125,1014.0540771484375,63.621026277542114,0.032101575285196304,0.02042335271835327
80,2000,32.64955139160156,0.6427919864654541,16.080562591552734,99.04513549804688,15028.418821920377,1592.7015380859375,1011.6082763671875,63.51524591445923,0.03227489814162254,0.02049947902560234
80.1,2000,32.85359191894531,0.6423401236534119,16.044069290161133,99.03712463378906,14978.34096775611,1588.95849609375,1007.5286254882812,63.40811252593994,0.03260809928178787,0.020676180720329285
80.2,2000,32.763084411621094,0.640485942363739,16.01004409790039,99.0515365600586,14932.16932609893,1585.8194580078125,1001.5234375,63.15494775772095,0.03271324560046196,0.0206600334495306
80.3,2000,32.63839340209961,0.6397164463996887,16.007400512695312,99.04408264160156,14926.309424495492,1585.4383544921875,999.9276123046875,63.06947469711304,0.03264075517654419,0.020586352795362473
80.4,2000,32.66083908081055,0.6389638185501099,16.011337280273438,99.02780151367188,14929.342538474435,1585.5675048828125,998.9541625976562,63.002943992614746,0.03269503265619278,0.02059883251786232
80.5,2000,32.47003936767578,0.6387389302253723,16.0248966217041,99.03661346435547,14945.27279813479,1587.051513671875,999.6681518554688,62.989020347595215,0.032480817288160324,0.02045934833586216
80.6,2000,32.354652404785156,0.6390313506126404,16.0551700592041,99.03961181640625,14984.519101533358,1590.0977783203125,1002.7521362304688,63.0622923374176,0.03226585313677788,0.020347585901618004
80.7,2000,32.49276351928711,0.6390194892883301,16.07402801513672,99.03469848632812,15006.584364603084,1591.886474609375,1004.2100830078125,63.083016872406006,0.032356541603803635,0.020411482080817223
80.8,1000,27.530956268310547,0.3586042523384094,17.263442993164062,57.84095764160156,13745.530508760268,998.5340576171875,516.1852416992188,51.69430375099182,0.05333542078733444,0.02757137455046177
80.9,1000,19.112932205200195,0.16384635865688324,17.340911865234375,30.3470458984375,11182.91522183701,526.2454223632812,191.8759002685547,36.46129667758942,0.09961090236902237,0.03631942346692085
81,1000,12.32662582397461,0.05915048345923424,17.212141036987305,15.83167552947998,8661.212003060946,272.4970397949219,53.64949035644531,19.68809962272644,0.2297622263431549,0.04523581638932228
81.1,1000,7.716757297515869,0.007573974318802357,17.110395431518555,8.263185501098633,6584.02900661479,141.38636779785156,5.222087860107422,3.6934874951839447,1.4777148962020874,0.05457921698689461
81.2,1000,4.667904376983643,-0.01570768654346466,17.050273895263672,4.32723331451416,4963.247483163565,73.78050994873047,-8.164071083068848,-11.065348982810974,-0.5717618465423584,0.06326743960380554
81.3,1000,2.75492787361145,-0.025776078924536705,17.01718521118164,2.2578749656677246,3719.201271913863,38.42267608642578,-10.039108276367188,-26.12808346748352,-0.2744195759296417,0.0717005729675293
81.4,1000,1.5979183912277222,-0.02767852135002613,16.99928092956543,1.1637686491012573,2771.103405350229,19.78322982788086,-8.032010078430176,-40.6000941991806,-0.19894377887248993,0.08077135682106018
81.5,1000,0.8977859616279602,-0.02540343627333641,16.989648818969727,0.5873458981513977,2048.102637325207,9.978800773620605,-5.4484477043151855,-54.60022687911987,-0.16477829217910767,0.08996932953596115
81.6,1000,0.4831755459308624,-0.02155352383852005,16.98444938659668,0.28189656138420105,1622.2846750560848,4.787858009338379,-3.661625862121582,-76.47733092308044,-0.1319565623998642,0.10091685503721237
81.7,1000,0.3585011959075928,-0.0187092125415802,16.982234954833984,0.15337605774402618,1622.2846750560848,2.604668140411377,-3.178419351577759,-122.02780246734619,-0.11279229074716568,0.1376379430294037
81.8,1000,0.3585011959075928,-0.0187092125415802,16.982234954833984,0.15337605774402618,1622.2846750560848,2.604668140411377,-3.178419351577759,-122.02780246734619,-0.11279229074716568,0.1376379430294037
81.9,1000,0.3585011959075928,-0.0187092125415802,16.982234954833984,0.15337605774402618,1622.2846750560848,2.604668140411377,-3.178419351577759,-122.02780246734619,-0.11279229074716568,0.1376379430294037
82,1000,0.3585011959075928,-0.0187092125415802,16.982234954833984,0.15337605774402618,1622.2846750560848,2.604668140411377,-3.178419351577759,-122.02780246734619,-0.11279229074716568,0.1376379430294037
