Time (s),Powertrain 1 - ESC throttle (μs),Powertrain 1 - force Fz (thrust) (N),Powertrain 1 - torque MZ (torque) (N⋅m),Powertrain 1 - voltage (V),Powertrain 1 - current (A),Powertrain 1 - rotation speed (rpm),Powertrain 1 - electrical power (W),Powertrain 1 - mechanical power (W),Powertrain 1 - motor & ESC efficiency (%),Powertrain 1 - propeller efficiency (N/W),Powertrain 1 - powertrain efficiency (N/W)
0,1002,0.12706488370895386,0.014049721881747246,16.973299026489258,-0.02789292484521866,0,-0.4734349548816681,0,0,0,-0.2683893144130707
0.1,1002,0.0681014209985733,0.00750469695776701,16.973312377929688,-0.0058792391791939735,0,-0.09979016333818436,0,0,0,-0.6824462413787842
0.2,1002,0.03658625856041908,0.003981591202318668,16.97328758239746,0.019241638481616974,21.390857021267358,0.32659387588500977,0.008918944746255875,2.7308978140354156,4.102083683013916,0.1120237186551094
0.3,1002,0.02021544985473156,0.0020945954602211714,16.973289489746094,0.02482352778315544,108.09461023229737,0.42133691906929016,0.023710068315267563,5.627341940999031,0.8526103496551514,0.04797929897904396
0.4,1002,0.010741177015006542,0.0010628136806190014,16.973268508911133,0.018654726445674896,194.79837938043545,0.3166316747665405,0.021680589765310287,6.847258657217026,0.49542826414108276,0.033923253417015076
0.5,1002,0.006473433692008257,0.0006041694432497025,16.973264694213867,0.007094713859260082,281.5021485285735,0.12042045593261719,0.017810212448239326,14.790022373199463,0.3634675145149231,0.05375692620873451
0.6,1002,0.0032679960131645203,0.00037204509135335684,16.97319793701172,0.019545162096619606,368.20588124903605,0.33174389600753784,0.014345474541187286,4.324261844158173,0.22780676186084747,0.009850960224866867
0.7,1002,0.0024431508500128984,0.0002022332337219268,16.9732608795166,0.012055713683366776,454.9096503971741,0.20462477207183838,0.009633991867303848,4.708126187324524,0.2535969316959381,0.01193966343998909
0.8,1002,0.00248165731318295,0.00014268573431763798,16.973222732543945,0.017769580706954002,541.6133831176367,0.30160704255104065,0.008092795498669147,2.6832249015569687,0.30665019154548645,0.008228114806115627
0.9,1002,0.0017356214812025428,0.00009011890506371856,16.97319984436035,0.0092544537037611,628.3171522657747,0.15707768499851227,0.005929573439061642,3.774930164217949,0.2927059531211853,0.01104944571852684
1,1250,0.001741778920404613,0.00006461980228777975,16.97319984436035,0.024456242099404335,715.0209214139128,0.41510069370269775,0.004838524851948023,1.1656268499791622,0.35998138785362244,0.004196039400994778
1.1,1250,0.000841562170535326,-0.005457630380988121,16.934120178222656,1.8414033651351929,801.7246905620509,31.182546615600586,-0.4582030773162842,-1.4694216661155224,-0.0018366576405242085,0.000026988243917003274
1.2,1250,-0.0036767672281712294,0.053014207631349564,16.95189094543457,4.248022556304932,1370.8876690176905,72.01201629638672,7.610667705535889,10.568608343601227,-0.00048310705460608006,-0.000051057690143352374
1.3,1250,-0.005600074306130409,0.034747492522001266,16.980791091918945,3.3134443759918213,2553.152833916309,56.26490783691406,9.290282249450684,16.51168167591095,-0.0006027884082868695,-0.0000995305017568171
1.4,1250,-0.004004019312560558,0.018550293520092964,16.98196029663086,2.628678560256958,3236.6036374391824,44.640113830566406,6.2873687744140625,14.084570109844208,-0.0006368354661390185,-0.00008969553891802207
1.5,1250,-0.004032630007714033,0.010015832260251045,16.978500366210938,2.2895798683166504,3606.343670244992,38.873634338378906,3.7825334072113037,9.730331599712372,-0.00106611882802099,-0.00010373690020060167
1.6,1250,-0.005198528058826923,0.0055497316643595695,16.976181030273438,2.1075210571289062,3802.776850849811,35.77766036987305,2.2100467681884766,6.17716945707798,-0.002352225361391902,-0.00014530096086673439
1.7,1250,-0.0034938908647745848,0.002962809521704912,16.974950790405273,2.0174977779388428,3908.728930915583,34.246925354003906,1.2127405405044556,3.5411663353443146,-0.0028809879440814257,-0.00010202056728303432
1.8,1250,-0.001709820469841361,0.0016565481200814247,16.97425079345703,1.960099458694458,3966.528578037197,33.27122116088867,0.6880868673324585,2.0681142807006836,-0.0024848903995007277,-0.0000513903760293033
1.9,1250,-0.0029136911034584045,0.0008503808057866991,16.973915100097656,1.9257148504257202,3995.18550185728,32.686920166015625,0.35577794909477234,1.0884412564337254,-0.008189634419977665,-0.00008913935744203627
2,1250,-0.004308519419282675,0.0004478491027839482,16.973730087280273,1.910476803779602,4009.779885799008,32.42791748046875,0.18805325031280518,0.5799116101115942,-0.02291116677224636,-0.00013286451576277614
2.1,1250,-0.004096086136996746,0.00023624461027793586,16.973642349243164,1.8950263261795044,4016.465092820238,32.16550064086914,0.0993652492761612,0.3089187201112509,-0.04122252017259598,-0.00012734408664982766
2.2,1250,-0.004543992690742016,0.0003574072034098208,16.973499298095703,1.9023174047470093,4019.7829255114634,32.28898239135742,0.15045081079006195,0.46595088206231594,-0.030202515423297882,-0.0001407288946211338
2.3,1250,-0.004029071424156427,0.00043375269160605967,16.973308563232422,1.9040675163269043,4023.9691939883587,32.31832504272461,0.18277864158153534,0.565557274967432,-0.022043447941541672,-0.00012466832413338125
2.4,1250,-0.00490976357832551,0.00034422081080265343,16.973358154296875,1.9029172658920288,4024.334053586902,32.29889678955078,0.14506404101848602,0.44913003221154213,-0.03384549170732498,-0.00015201025235000998
2.5,1250,-0.0036159511655569077,0.0002461198018863797,16.973356246948242,1.8951666355133057,4024.716689891125,32.16733932495117,0.10373146086931229,0.322474492713809,-0.03485877066850662,-0.00011241064203204587
2.6,1250,-0.004138080403208733,0.000034776465327013284,16.973546981811523,1.8709577322006226,4024.9247647740003,31.75678825378418,0.014657902531325817,0.046156751341186464,-0.2823105454444885,-0.00013030537229496986
2.7,1250,-0.0045013222843408585,0.00014036791981197894,16.973356246948242,1.8813869953155518,4024.143463988302,31.933452606201172,0.05915207043290138,0.18523543840274215,-0.07609745860099792,-0.00014095946971792728
2.8,1250,-0.002070726826786995,0.00011521298438310623,16.973480224609375,1.8909369707107544,4027.4758677497566,32.09577941894531,0.04859180003404617,0.15139621682465076,-0.04261473938822746,-0.00006451710214605555
2.9,1250,-0.0022807412315160036,0.00018901992007158697,16.973310470581055,1.9033277034759521,4028.838845659011,32.30577087402344,0.07974731922149658,0.2468516118824482,-0.02859959751367569,-0.00007059856579871848
3,1250,-0.0033800515811890364,-0.00010192461922997609,16.973434448242188,1.9037991762161255,4026.469298218313,32.31401062011719,-0.042976606637239456,-0.13299682177603245,0.078648641705513,-0.00010460018529556692
3.1,1250,-0.0033144450280815363,0.00004840747715206817,16.973337173461914,1.8935143947601318,4023.309707349778,32.139259338378906,0.02039503864943981,0.06345833535306156,-0.16251231729984283,-0.00010312761150998995
3.2,1250,-0.0025484105572104454,0.00009511373355053365,16.973318099975586,1.897176742553711,4022.202014590942,32.201385498046875,0.04006228595972061,0.12441169237717986,-0.06361120939254761,-0.00007913978333817795
3.3,1250,-0.004415515810251236,0.000210239872103557,16.973247528076172,1.8967540264129639,4024.0117415134287,32.19407653808594,0.08859372138977051,0.27518640272319317,-0.0498400554060936,-0.00013715305249206722
3.4,1250,-0.005005151033401489,-0.000043936161091551185,16.9732666015625,1.887750506401062,4025.1363367137305,32.04129409790039,-0.018519587814807892,-0.057799130445346236,0.27026253938674927,-0.0001562093966640532
3.5,1250,-0.0038683018647134304,-0.0001174143108073622,16.97340202331543,1.8947697877883911,4025.5475323156033,32.16069030761719,-0.04949651286005974,-0.1539037679322064,0.07815301418304443,-0.0001202804414788261
3.6,1250,-0.0032561924308538437,0.0003017078270204365,16.973241806030273,1.9146658182144165,4026.994731010783,32.498085021972656,0.12723197042942047,0.39150603115558624,-0.025592563673853874,-0.00010019643377745524
3.7,1250,-0.004365056753158569,0.00008395210898015648,16.973360061645508,1.9030944108963013,4029.418482832735,32.30190658569336,0.035424407571554184,0.10966662084683776,-0.12322172522544861,-0.00013513310113921762
3.8,1250,-0.004560478962957859,0.00005601120938081294,16.973485946655273,1.905704140663147,4029.1591177826526,32.34644317626953,0.023632952943444252,0.073061982402578,-0.19297118484973907,-0.000140988573548384
3.9,1250,-0.004046241752803326,0.00015798599633853883,16.973312377929688,1.892404317855835,4025.8634331181756,32.12036895751953,0.06660491228103638,0.20736034493893385,-0.060749899595975876,-0.00012597120075952262
4,1250,-0.005628973711282015,0.00021905265748500824,16.973478317260742,1.892236351966858,4027.307426177905,32.11783218383789,0.09238297492265701,0.28763762675225735,-0.06093085929751396,-0.00017526008014101535
4.1,1250,-0.005819729994982481,0.0002420262899249792,16.97354507446289,1.8916335105895996,4029.019526929855,32.10772705078125,0.10211523622274399,0.31803944148123264,-0.05699178948998451,-0.00018125637143384665
4.2,1250,-0.005296472460031509,0.0002572455850895494,16.973430633544922,1.8932794332504272,4026.682327265066,32.13544845581055,0.10847356915473938,0.3375511383637786,-0.04882730916142464,-0.00016481714555993676
4.3,1250,-0.004475906956940889,0.0005724000511690974,16.973289489746094,1.8985521793365479,4026.04411438902,32.224674224853516,0.24132749438285828,0.7488904055207968,-0.018547024577856064,-0.00013889688125345856
4.4,1250,-0.005560068879276514,0.0003656861081253737,16.973302841186523,1.8954203128814697,4025.5819200413443,32.17154312133789,0.15415789186954498,0.4791746847331524,-0.03606736660003662,-0.00017282567569054663
4.5,1250,-0.006154565140604973,0.0003043312462978065,16.97340202331543,1.8990392684936523,4026.9749143552713,32.233158111572266,0.12833765149116516,0.39815413765609264,-0.047956038266420364,-0.00019093895389232785
4.6,1250,-0.005188982002437115,0.00017079034296330065,16.973478317260742,1.9014431238174438,4028.0345225823503,32.274105072021484,0.07204189151525497,0.22321888245642185,-0.072027288377285,-0.0001607784943189472
4.7,1250,-0.0058144135400652885,0.0003356953675393015,16.973365783691406,1.897029161453247,4027.341522482242,32.198970794677734,0.14157691597938538,0.43969391845166683,-0.04106894135475159,-0.00018057762645184994
4.8,1250,-0.0066731758415699005,0.0004428415559232235,16.973236083984375,1.8968361616134644,4028.1566281508726,32.19544982910156,0.18680277466773987,0.5802148953080177,-0.03572310879826546,-0.0002072707866318524
4.9,1250,-0.0044164638966321945,0.00043587794061750174,16.97318458557129,1.8941980600357056,4027.172206646177,32.15057373046875,0.18382039666175842,0.5717484280467033,-0.024025972932577133,-0.00013736812979914248
5,1250,-0.0038571094628423452,0.0003185080422554165,16.97333335876465,1.8940025568008423,4028.7831841707352,32.14753723144531,0.1343763768672943,0.4179989919066429,-0.028703777119517326,-0.00011998149420833215
5.1,1250,-0.005736404098570347,0.0000888648719410412,16.973466873168945,1.8924728631973267,4028.185187448522,32.121826171875,0.03748591989278793,0.11669922387227416,-0.1530282348394394,-0.00017858276260085404
5.2,1250,-0.005601899232715368,0.0004064844979438931,16.97330665588379,1.9009071588516235,4028.1677021642467,32.264678955078125,0.17146684229373932,0.5314382258802652,-0.03267045319080353,-0.00017362326616421342
5.3,1250,-0.00479113170877099,0.00010180145181948319,16.973520278930664,1.89169442653656,4026.6528937032026,32.10871505737305,0.04292662814259529,0.13369153020903468,-0.11161211133003235,-0.00014921593538019806
5.4,1250,-0.006385031156241894,0.0002961809514090419,16.973440170288086,1.8841720819473267,4024.67822226572,31.98088264465332,0.12482940405607224,0.39032509084790945,-0.05115005746483803,-0.0001996515056816861
5.5,1250,-0.006891803815960884,0.00021548282529693097,16.97347068786621,1.8733409643173218,4023.8671964967534,31.79709815979004,0.09079980850219727,0.28556003235280514,-0.0759010836482048,-0.00021674316667485982
5.6,1250,-0.005375123582780361,0.0002575579273980111,16.973447799682617,1.880710244178772,4025.6136849744444,31.922136306762695,0.1085764467716217,0.34012901596724987,-0.04950542747974396,-0.00016838232113514096
5.7,1250,-0.005532445851713419,0.00044608907774090767,16.97330093383789,1.8890950679779053,4026.6901956429897,32.064178466796875,0.18810416758060455,0.5866489373147488,-0.02941160649061203,-0.00017254288832191378
5.8,1250,-0.006749317515641451,0.00029655545949935913,16.97327995300293,1.8887836933135986,4027.002599388707,32.05885314941406,0.12505942583084106,0.3900932613760233,-0.0539688803255558,-0.00021052896045148373
5.9,1250,-0.0060476078651845455,-0.00018384998838882893,16.97382164001465,1.8542495965957642,4022.1416903601926,31.47370147705078,-0.07743719220161438,-0.2460377523675561,0.07809694111347198,-0.00019214797066524625
6,1300,-0.004483373370021582,0.000026393616280984133,16.9732666015625,1.8753037452697754,4016.989651348495,31.83003044128418,0.011102690361440182,0.03488117945380509,-0.40380963683128357,-0.00014085357543081045
6.1,1300,-0.00887768529355526,0.01922462321817875,16.96402931213379,2.7453393936157227,4364.245648526188,46.572017669677734,8.786089897155762,18.865598738193512,-0.0010104250395670533,-0.0001906227262225002
6.2,1300,-0.009198573417961597,0.011319894343614578,16.972808837890625,2.6745400428771973,4820.3052842135385,45.39445877075195,5.714069843292236,12.587593495845795,-0.0016098112100735307,-0.0002026364963967353
6.3,1300,-0.007913333363831043,0.006262319162487984,16.973913192749023,2.6076650619506836,5069.598810553623,44.26227951049805,3.324584722518921,7.51110166311264,-0.002380247227847576,-0.00017878277867566794
6.4,1300,-0.006185673642903566,0.0034392448142170906,16.97442626953125,2.5759670734405518,5201.817284657649,43.725563049316406,1.8734703063964844,4.2846109718084335,-0.003301719669252634,-0.000141465847264044
6.5,1300,-0.005865747574716806,0.0019484428921714425,16.974803924560547,2.555022716522217,5273.89745486825,43.371009826660156,1.0760884284973145,2.4811238050460815,-0.005450990051031113,-0.00013524582027457654
6.6,1300,-0.0033582572359591722,0.0010176508221775293,16.974889755249023,2.5400562286376953,5308.056706228344,43.1171760559082,0.5656697750091553,1.311936043202877,-0.005936780478805304,-0.00007788676157360896
6.7,1300,-0.00312223844230175,0.0010065227979794145,16.97433090209961,2.5496978759765625,5331.129121672323,43.279415130615234,0.5619160532951355,1.298344787210226,-0.005556414369493723,-0.00007214141805889085
6.8,1300,-0.0030559981241822243,0.0007153592887334526,16.97403907775879,2.5350279808044434,5351.699392936515,43.0296630859375,0.40090784430503845,0.9317010641098022,-0.0076226950623095036,-0.00007102073141140863
6.9,1300,-0.003203961532562971,0.00041225983295589685,16.973894119262695,2.5139055252075195,5363.759576343953,42.6707649230957,0.23156288266181946,0.5426733754575253,-0.013836248777806759,-0.00007508563430747017
7,1300,-0.003330737818032503,0.0002640207821968943,16.97366714477539,2.5214619636535645,5366.729160456696,42.79845428466797,0.1483803540468216,0.3466955851763487,-0.022447295486927032,-0.00007782378088450059
7.1,1300,-0.004705321509391069,0.00022696996165905148,16.973573684692383,2.5273351669311523,5369.95985814795,42.897911071777344,0.12763449549674988,0.2975307870656252,-0.03686559572815895,-0.00010968650167342275
7.2,1300,-0.0042999680154025555,0.00030482548754662275,16.97347640991211,2.5348103046417236,5372.631609585206,43.02454376220703,0.17150111496448517,0.39861230179667473,-0.025072535499930382,-0.00009994221181841567
7.3,1300,-0.0037226849235594273,0.0003116843872703612,16.973339080810547,2.5402450561523438,5372.182820622142,43.11643981933594,0.17534543573856354,0.4066788125783205,-0.021230578422546387,-0.00008634026744402945
7.4,1300,-0.005003488156944513,0.00021108344662934542,16.973459243774414,2.5325613021850586,5374.037426440935,42.986324310302734,0.11879098415374756,0.2763459924608469,-0.04212009906768799,-0.0001163972046924755
7.5,1300,-0.005609903484582901,0.000044249849452171475,16.973522186279297,2.532304286956787,5373.8485853707625,42.98212432861328,0.02490151859819889,0.05793459713459015,-0.22528357803821564,-0.00013051713176537305
7.6,1300,-0.006435959134250879,0.0003157004830427468,16.97339630126953,2.548003673553467,5373.4097047354535,43.24827575683594,0.17764534056186676,0.41075702756643295,-0.03622926026582718,-0.000148814229760319
7.7,1300,-0.0068615879863500595,0.00016198688535951078,16.973438262939453,2.54243803024292,5374.248998380665,43.15391540527344,0.09116460382938385,0.21125455386936665,-0.07526592165231705,-0.0001590026804478839
7.8,1300,-0.007519980892539024,0.00014707035734318197,16.973451614379883,2.5421805381774902,5375.7066882464105,43.14957809448242,0.08279218524694443,0.19187252037227154,-0.09082960337400436,-0.00017427704005967826
7.9,1300,-0.00831523910164833,0.00001915626671689097,16.973468780517578,2.5417323112487793,5374.484466875571,43.14201354980469,0.010781428776681423,0.024990554084070027,-0.7712557911872864,-0.00019274109217803925
8,1300,-0.008757228963077068,0.00005957932444289327,16.97353172302246,2.541050910949707,5372.997052026558,43.13060760498047,0.0335228405892849,0.07772401440888643,-0.2612317204475403,-0.00020303977362345904
8.1,1300,-0.008856360800564289,0.00018897662812378258,16.973495483398438,2.5394127368927,5372.518538080226,43.10271072387695,0.10631991922855377,0.24666644167155027,-0.0832991674542427,-0.00020547109306789935
8.2,1300,-0.008380357176065445,0.00022357144916895777,16.973508834838867,2.5301220417022705,5373.182978882685,42.94504928588867,0.12579882144927979,0.292929750867188,-0.06661713123321533,-0.0001951414014911279
8.3,1300,-0.008216937072575092,0.0001594757050042972,16.973575592041016,2.5379714965820312,5373.666738414299,43.07844924926758,0.08974161744117737,0.2083213534206152,-0.0915621742606163,-0.00019074356532655656
8.4,1300,-0.009100545197725296,0.00017838053463492543,16.97345542907715,2.557168483734131,5373.03843386601,43.40398406982422,0.10036817193031311,0.23124183062464,-0.09067162126302719,-0.00020967073214706033
8.5,1300,-0.007993685081601143,0.00004359524609753862,16.973594665527344,2.5583856105804443,5372.517955237417,43.42499923706055,0.024527067318558693,0.056481442879885435,-0.32591280341148376,-0.0001840802578954026
8.6,1300,-0.008075292222201824,0.00011029729648726061,16.973512649536133,2.554966926574707,5372.122204969987,43.366764068603516,0.06204965338110924,0.14308112440630794,-0.1301424205303192,-0.00018620924674905837
8.7,1300,-0.008371362462639809,0.00019432167755439878,16.97347640991211,2.5490529537200928,5372.597804702274,43.26628875732422,0.10932870209217072,0.2526879543438554,-0.07657058537006378,-0.00019348463683854789
8.8,1300,-0.006763999350368977,0.00015797944797668606,16.97346305847168,2.5511484146118164,5372.865912394494,43.301822662353516,0.08888638019561768,0.20527166780084372,-0.07609713822603226,-0.00015620587510056794
8.9,1300,-0.006493180058896542,0.0002965802850667387,16.97342872619629,2.5533742904663086,5372.595473331037,43.339515686035156,0.16686107218265533,0.38500907830893993,-0.03891368955373764,-0.0001498212368460372
9,1300,-0.005899688694626093,0.00028808097704313695,16.97369956970215,2.54670786857605,5374.468147276914,43.227054595947266,0.16213572025299072,0.37507927045226097,-0.03638734668493271,-0.00013648139429278672
9.1,1300,-0.005204961635172367,0.00005740066262660548,16.974475860595703,2.546520709991455,5373.318198414413,43.225852966308594,0.03229892626404762,0.0747213140130043,-0.16114968061447144,-0.00012041315494570881
9.2,1300,-0.0043366760946810246,0.00035064242547377944,16.974531173706055,2.5630440711975098,5372.061589317834,43.5064697265625,0.19725774228572845,0.453398609533906,-0.021984821185469627,-0.00009967887308448553
9.3,1300,-0.004610838368535042,0.0004099816724192351,16.974716186523438,2.5656299591064453,5375.031756273386,43.55084228515625,0.23076720535755157,0.5298800300806761,-0.019980475306510925,-0.0001058725465554744
9.4,1300,-0.004681981168687344,0.0002836437488440424,16.974889755249023,2.5668511390686035,5376.888693463416,43.57201385498047,0.15971028804779053,0.36654325667768717,-0.029315464198589325,-0.00010745385952759534
9.5,1300,-0.004152359440922737,0.00018423167057335377,16.974641799926758,2.5646567344665527,5374.420354166562,43.53413009643555,0.10368705540895462,0.23817417677491903,-0.04004703834652901,-0.00009538170706946403
9.6,1300,-0.005111057311296463,0.0001364329655189067,16.974098205566406,2.5549521446228027,5373.769901591523,43.36800765991211,0.07677626609802246,0.17703433986753225,-0.06657079607248306,-0.00011785316746681929
9.7,1300,-0.005613856017589569,0.00016197319200728089,16.973737716674805,2.557516574859619,5373.80778637412,43.410614013671875,0.09114941209554672,0.209970329888165,-0.061589598655700684,-0.0001293198874918744
9.8,1300,-0.005756500642746687,-0.000001510093170509208,16.97362518310547,2.5416982173919678,5371.9106330302575,43.1418342590332,-0.000849495641887188,-0.0019690764020197093,5,-0.00013343199680093676
9.9,1300,-0.00614569615572691,0.00019641112885437906,16.97337532043457,2.550105333328247,5372.118125070323,43.28389358520508,0.11049439758062363,0.2552783116698265,-0.055619977414608,-0.00014198574353940785
10,1300,-0.007021677680313587,0.00009457330452278256,16.97342872619629,2.5579144954681396,5371.048608515488,43.41658020019531,0.053193219006061554,0.12251822045072913,-0.13200324773788452,-0.00016172802133951336
10.1,1300,-0.00820251926779747,0.0001321275340160355,16.973398208618164,2.5473597049713135,5370.307815305027,43.23735046386719,0.07430552691221237,0.17185495235025883,-0.11038908362388611,-0.00018970911332871765
10.2,1300,-0.008903245441615582,0.00009311490430263802,16.973522186279297,2.558943033218384,5374.399371825432,43.43427658081055,0.05240560695528984,0.12065495830029249,-0.1698910892009735,-0.00020498201774898916
10.3,1300,-0.009424416348338127,0.00006647237023571506,16.9733829498291,2.5556280612945557,5374.13942393254,43.377655029296875,0.0374092236161232,0.08624077308923006,-0.25192761421203613,-0.00021726431441493332
10.4,1300,-0.009885072708129883,0.0000026929455998470075,16.973440170288086,2.554994583129883,5374.397623297004,43.36704635620117,0.0015156049048528075,0.003494830525596626,-5,-0.00022793971584178507
10.5,1300,-0.010280639864504337,0.00004310754593461752,16.973438262939453,2.5580239295959473,5376.802432727658,43.418460845947266,0.024272024631500244,0.055902544409036636,-0.4235592186450958,-0.00023678038269281387
10.6,1300,-0.010436846874654293,0.00008085426816251129,16.97340202331543,2.5613372325897217,5375.408855570922,43.474605560302734,0.04551379755139351,0.10469052940607071,-0.2293117195367813,-0.00024006766034290195
10.7,1300,-0.011331198737025261,0.00018032584921456873,16.97337532043457,2.5599050521850586,5373.269239618443,43.45022964477539,0.1014670878648758,0.23352487478405237,-0.11167363077402115,-0.0002607857168186456
10.8,1300,-0.011013263836503029,0.000043682979594450444,16.973573684692383,2.5640761852264404,5373.6871379126205,43.52153778076172,0.024581775069236755,0.0564818677958101,-0.44802555441856384,-0.0002530532074160874
10.9,1300,-0.010600315406918526,0.0001367432123515755,16.973424911499023,2.5714056491851807,5374.128932761975,43.64556121826172,0.07695599645376205,0.17632032977417111,-0.13774514198303223,-0.00024287270207423717
11,1350,-0.01077177468687296,0.00008556999819120392,16.97345542907715,2.5653467178344727,5375.672883363478,43.54279708862305,0.048170700669288635,0.11062839766964316,-0.22361673414707184,-0.0002473836066201329
11.1,1350,-0.011091225780546665,0.018076367676258087,16.962791442871094,3.5605623722076416,5700.76919693636,60.39707565307617,10.791287422180176,17.867234349250793,-0.0010277945548295975,-0.00018363844719715416
11.2,1350,-0.011731392703950405,0.01117878220975399,16.972755432128906,3.487950563430786,6149.2970464221535,59.200130462646484,7.198608875274658,12.159785628318787,-0.001629674923606217,-0.00019816496933344752
11.3,1350,-0.010869903489947319,0.006202961318194866,16.974918365478516,3.3821334838867188,6403.1559804865,57.41143798828125,4.1593146324157715,7.244748622179031,-0.0026133882347494364,-0.00018933341198135167
11.4,1350,-0.008521966636180878,0.0032878376077860594,16.975133895874023,3.311330795288086,6539.315637666165,56.21028518676758,2.2514965534210205,4.005488753318787,-0.003785023232921958,-0.00015160867769736797
11.5,1350,-0.007740991190075874,0.0017792426515370607,16.97490119934082,3.30027174949646,6611.006468880237,56.021785736083984,1.2317750453948975,2.19874270260334,-0.006284419912844896,-0.00013817822036799043
11.6,1350,-0.008130361326038837,0.0009776826482266188,16.974084854125977,3.267782688140869,6649.418141376068,55.467620849609375,0.6807852983474731,1.2273562140762806,-0.011942621320486069,-0.0001465785171603784
11.7,1350,-0.009622756391763687,0.0005796770565211773,16.973691940307617,3.2575724124908447,6670.735034278813,55.29302978515625,0.40493789315223694,0.7323489058762789,-0.023763535544276237,-0.0001740320003591478
11.8,1350,-0.0118974968791008,0.0003905339108314365,16.973472595214844,3.2580316066741943,6681.465753238524,55.30010986328125,0.2732493281364441,0.49412078224122524,-0.04354080930352211,-0.00021514417312573642
11.9,1350,-0.011446318589150906,0.0002247313386760652,16.973318099975586,3.259338617324829,6686.535319992722,55.32179260253906,0.15735965967178345,0.28444426134228706,-0.0727398544549942,-0.00020690434030257165
12,1350,-0.008697847835719585,0.00004897848702967167,16.97319984436035,3.2526261806488037,6689.482173235909,55.20747375488281,0.03431045636534691,0.062148208962753415,-0.25350430607795715,-0.00015754837659187615
12.1,1350,-0.006802923046052456,0.00002380660589551553,16.973112106323242,3.265270471572876,6691.623537716815,55.42180252075195,0.01668236404657364,0.030100723961368203,-0.40779128670692444,-0.00012274814071133733
12.2,1350,-0.007561699021607637,-0.00006562680209754035,16.97320556640625,3.269510507583618,6693.218195642717,55.494075775146484,-0.045998625457286835,-0.08288925746455789,0.1643896847963333,-0.00013626138388644904
12.3,1350,-0.009257283993065357,0.000022971004000282846,16.973859786987305,3.268186092376709,6693.379060258048,55.473731994628906,0.016101043671369553,0.029024624382145703,-0.574949324131012,-0.00016687689640093595
12.4,1350,-0.010921107605099678,0.00005987537952023558,16.97416877746582,3.2551469802856445,6694.8565667793055,55.253414154052734,0.0419776551425457,0.07597295916639268,-0.2601647973060608,-0.0001976548956008628
12.5,1350,-0.011056588962674141,0.00012987595982849598,16.974485397338867,3.2670884132385254,6697.189103701622,55.45714569091797,0.09108565002679825,0.16424510395154357,-0.12138672918081284,-0.0001993717742152512
12.6,1350,-0.008932848460972309,0.000029017530323471874,16.973846435546875,3.247831344604492,6696.016423969563,55.12818908691406,0.020347243174910545,0.0369089626474306,-0.4390200972557068,-0.00016203775885514915
12.7,1350,-0.007860926911234856,-0.0000018736079709924525,16.9735164642334,3.2456438541412354,6694.955067214056,55.089988708496094,-0.0013135754270479083,-0.0023844175302656367,5,-0.00014269247185438871
12.8,1350,-0.008381891064345837,0.0001159248931799084,16.97330093383789,3.2600390911102295,6694.009696177575,55.33362579345703,0.08126277476549149,0.1468596630729735,-0.10314551740884781,-0.0001514791656518355
12.9,1350,-0.011815027333796024,0.0000686630664858967,16.973283767700195,3.2634072303771973,6695.774544203756,55.3907356262207,0.04814516007900238,0.08691915427334607,-0.24540425837039948,-0.00021330331219360232
13,1350,-0.013522231951355934,0.0001653799117775634,16.97307777404785,3.2728476524353027,6696.705927012817,55.550296783447266,0.1159771978855133,0.2087787026539445,-0.11659388989210129,-0.00024342321557924151
13.1,1350,-0.012882268987596035,-0.000006885631592012942,16.97318458557129,3.258328676223755,6695.8718789528875,55.30421447753906,-0.0048281364142894745,-0.008730142144486308,2.668165922164917,-0.00023293467529583722
13.2,1350,-0.010249135084450245,-0.00016066622629296035,16.973180770874023,3.2713613510131836,6695.139245541755,55.52540588378906,-0.1126452311873436,-0.20287150982767344,0.09098596125841141,-0.00018458459817338735
13.3,1350,-0.009349416010081768,-0.00013386126374825835,16.973854064941406,3.264652967453003,6695.466220357702,55.41374206542969,-0.09385649859905243,-0.16937404870986938,0.09961394220590591,-0.00016872017295099795
13.4,1350,-0.008860759437084198,-0.00010318798740627244,16.97416877746582,3.2667500972747803,6694.33142540824,55.45036697387695,-0.07233774662017822,-0.13045493979007006,0.1224915087223053,-0.0001597962254891172
13.5,1350,-0.011225479654967785,-0.000014760527847101912,16.97443199157715,3.2703232765197754,6694.877549120436,55.511878967285156,-0.010348398238420486,-0.018641773203853518,1.084755301475525,-0.00020221760496497154
13.6,1350,-0.012528658844530582,-0.000008169278771674726,16.973953247070312,3.266488790512085,6694.280718083842,55.445228576660156,-0.005726855713874102,-0.010328852658858523,2.1877028942108154,-0.00022596459893975407
13.7,1350,-0.012299515306949615,-0.0000463337819383014,16.973602294921875,3.257169485092163,6695.350234638677,55.2859001159668,-0.03248625621199608,-0.05876047653146088,0.37860673666000366,-0.0002224711060989648
13.8,1350,-0.010384992696344852,-0.00005319310002960265,16.973289489746094,3.255221366882324,6690.025382734059,55.25181579589844,-0.03726590424776077,-0.06744738784618676,0.2786727547645569,-0.00018795749929267913
13.9,1350,-0.00873509794473648,-0.000047928784624673426,16.973159790039062,3.2619314193725586,6691.614795074677,55.36528396606445,-0.033585820347070694,-0.06066223722882569,0.2600829005241394,-0.0001577721122885123
14,1350,-0.008955874480307102,-0.00008709239773452282,16.973167419433594,3.266433000564575,6691.119961529688,55.441715240478516,-0.0610249862074852,-0.11007052380591631,0.14675749838352203,-0.0001615367509657517
14.1,1350,-0.010972531512379646,0.000042769945139298216,16.97309684753418,3.259889602661133,6693.425687682782,55.330421447753906,0.029978904873132706,0.05418159416876733,-0.3660084307193756,-0.00019830919336527586
14.2,1350,-0.01229456439614296,-0.000002519853296689689,16.973133087158203,3.259141206741333,6694.581464973376,55.31783676147461,-0.0017665555933490396,-0.003193464726791717,5,-0.00022225316206458956
14.3,1350,-0.01272489968687296,-0.00003116012521786615,16.973726272583008,3.2641894817352295,6694.480050324579,55.405460357666016,-0.02184462919831276,-0.03942685143556446,0.582518458366394,-0.00022966870164964348
14.4,1350,-0.011039277538657188,-0.00003894738256349228,16.9742374420166,3.266117572784424,6695.624753601797,55.43985366821289,-0.0273085106164217,-0.04925790126435459,0.404243141412735,-0.0001991216850001365
14.5,1350,-0.008913484402000904,-0.000048750291171018034,16.974529266357422,3.2672455310821533,6694.57097380281,55.45995330810547,-0.034176576882600784,-0.06162388599477708,0.2608067989349365,-0.00016071928257588297
14.6,1350,-0.009387023746967316,-0.00009084996418096125,16.97406005859375,3.277280807495117,6692.823611060905,55.628761291503906,-0.06367409229278564,-0.11446253629401326,0.14742296934127808,-0.00016874406719580293
14.7,1350,-0.010809019207954407,-0.00011509806790854782,16.97362518310547,3.280289888381958,6692.5671602248685,55.678409576416016,-0.08066578954458237,-0.1448780414648354,0.13399755954742432,-0.00019413304107729346
14.8,1350,-0.01324007660150528,-0.00013967034465167671,16.973461151123047,3.2780938148498535,6692.10030313472,55.64059829711914,-0.0978802964091301,-0.17591523937880993,0.13526804745197296,-0.00023795712331775576
14.9,1350,-0.013783672824501991,-0.000012390653864713386,16.973878860473633,3.2648117542266846,6692.871404171257,55.41651916503906,-0.008684310130774975,-0.015670977882109582,1.5871926546096802,-0.00024872858193702996
15,1350,-0.012061882764101028,-0.00007596868090331554,16.974328994750977,3.2733333110809326,6691.889314037799,55.56263732910156,-0.05323680117726326,-0.09581402991898358,0.22657038271427155,-0.00021708621352445334
15.1,1350,-0.010798408649861813,-0.00007127140270313248,16.974571228027344,3.2661054134368896,6693.296296579146,55.440738677978516,-0.0499555766582489,-0.09010626235976815,0.21616022288799286,-0.0001947738928720355
15.2,1350,-0.00968673825263977,-0.00015667035768274218,16.97473907470703,3.260124444961548,6693.530016545625,55.33976364135742,-0.109817273914814,-0.19844190683215857,0.08820778131484985,-0.00017504120478406549
15.3,1350,-0.010964461602270603,0.0000501934191561304,16.974637985229492,3.269317865371704,6692.627775877023,55.495487213134766,0.03517807647585869,0.06338907405734062,-0.3116845190525055,-0.00019757392874453217
15.4,1350,-0.01334603875875473,0.000023009350115898997,16.9742431640625,3.266400098800659,6694.220102431687,55.44466781616211,0.01612994819879532,0.029091970645822585,-0.8274074196815491,-0.0002407091378699988
15.5,1350,-0.015208698809146881,-0.00004773338514496572,16.973800659179688,3.2731943130493164,6694.212525475168,55.55854797363281,-0.033461879938840866,-0.06022814195603132,0.4545081853866577,-0.0002737418399192393
15.6,1350,-0.01358202937990427,-0.00010203834972344339,16.973512649536133,3.267951011657715,6693.370317615911,55.46860885620117,-0.07152154296636581,-0.12894058600068092,0.1899012327194214,-0.00024485975154675543
15.7,1350,-0.011587337590754032,-0.00019244547002017498,16.973493576049805,3.2542974948883057,6695.514013468054,55.23679733276367,-0.13493363559246063,-0.2442821627482772,0.08587434142827988,-0.00020977569511160254
15.8,1350,-0.010779624804854393,-0.0002661415783222765,16.973506927490234,3.246279001235962,6695.129337213999,55.100738525390625,-0.1865951418876648,-0.3386436263099313,0.057770129293203354,-0.0001956348423846066
15.9,1350,-0.010954312048852444,-0.00022936314053367823,16.973743438720703,3.270627021789551,6694.471307682442,55.51478576660156,-0.1607935130596161,-0.28964090161025524,0.06812658160924911,-0.0001973224279936403
16,1400,-0.013835947960615158,-0.00018164802168030292,16.97431755065918,3.2741475105285645,6695.379376779135,55.576419830322266,-0.12736041843891144,-0.22916269954293966,0.10863617062568665,-0.0002489535545464605
16.1,1400,-0.016319533810019493,0.019412999972701073,16.96158790588379,4.42805290222168,7024.341103862461,75.1068115234375,14.279955863952637,19.01286393404007,-0.0011428280267864466,-0.00021728435240220279
16.2,1400,-0.011504086665809155,0.012834998778998852,16.97529411315918,4.260336399078369,7537.302225902488,72.32046508789062,10.130721092224121,14.008098840713501,-0.0011355644091963768,-0.00015907097258605063
16.3,1400,-0.015891974791884422,0.007064290810376406,16.976991653442383,4.053308963775635,7836.373442360113,68.81299591064453,5.797120094299316,8.424455672502518,-0.00274135684594512,-0.00023094439529813826
16.4,1400,-0.014021582901477814,0.0038746236823499203,16.97644805908203,3.9383347034454346,8004.106277355565,66.85893249511719,3.2476632595062256,4.857485741376877,-0.004317437298595905,-0.00020971891353838146
16.5,1400,-0.01173915434628725,0.001976905157789588,16.9758243560791,3.859071969985962,8096.93914862963,65.51092529296875,1.676236629486084,2.5587130337953568,-0.007003279868513346,-0.00017919384117703885
16.6,1400,-0.013105248101055622,0.0010053841397166252,16.97528076171875,3.8098390102386475,8140.430296207416,64.67308807373047,0.8570536375045776,1.3252091594040394,-0.015291047282516956,-0.00020263835904188454
16.7,1400,-0.011250365525484085,0.00029257091227918863,16.97477149963379,3.789712429046631,8166.578955998217,64.32950592041016,0.2502072751522064,0.38894638419151306,-0.04496418312191963,-0.00017488656158093363
16.8,1400,-0.009394438937306404,0.000053336818382376805,16.974124908447266,3.7867467403411865,8179.213239572691,64.2767105102539,0.0456843301653862,0.07107446435838938,-0.2056381106376648,-0.0001461561769247055
16.9,1400,-0.013306359760463238,0.00006900149310240522,16.97372055053711,3.7761800289154053,8186.583286894702,64.0958251953125,0.05915477126836777,0.09229115094058216,-0.2249414324760437,-0.00020760104234796017
17,1400,-0.011163432151079178,0.00007180619286373258,16.973478317260742,3.777278184890747,8191.666841876321,64.1135482788086,0.06159745901823044,0.09607557440176606,-0.1812320202589035,-0.00017411970475222915
17.1,1400,-0.009617006406188011,-0.00015660971985198557,16.973539352416992,3.7673280239105225,8194.334513413913,63.944889068603516,-0.13438816368579865,-0.21016248501837254,0.07156141102313995,-0.0001503952225903049
17.2,1400,-0.014339543879032135,-0.000060954353102715686,16.97335433959961,3.7718515396118164,8195.205863413628,64.0209732055664,-0.05231102183461189,-0.08170919609256089,0.27412089705467224,-0.00022398197324946523
17.3,1400,-0.012720013037323952,-0.00004446043385541998,16.97317886352539,3.768479824066162,8196.08770458391,63.96308135986328,-0.0381600484251976,-0.059659488033503294,0.33333325386047363,-0.00019886491645593196
17.4,1400,-0.011161662638187408,-0.00015562800399493426,16.973285675048828,3.7612884044647217,8199.61681779346,63.84142303466797,-0.13363182544708252,-0.2093183808028698,0.08352547883987427,-0.0001748341746861115
17.5,1400,-0.014503804966807365,-0.00024072392261587083,16.973360061645508,3.7605178356170654,8197.691687994757,63.8286247253418,-0.20665192604064941,-0.3237605793401599,0.07018470764160156,-0.00022723042638972402
17.6,1400,-0.012725374661386013,-0.0002929971378762275,16.973297119140625,3.751565933227539,8196.896690403044,63.67644500732422,-0.25150200724601746,-0.3949686884880066,0.05059750750660896,-0.00019984430400654674
17.7,1400,-0.010442373342812061,-0.00013610697351396084,16.973129272460938,3.7695164680480957,8197.244647560121,63.980491638183594,-0.1168360561132431,-0.18261200748384,0.0893762931227684,-0.00016321183647960424
17.8,1400,-0.01456649973988533,-0.0002225511852884665,16.9732723236084,3.7630152702331543,8198.05713043611,63.87068176269531,-0.191059872508049,-0.299135479144752,0.07624050229787827,-0.00022806237393524498
17.9,1400,-0.01366454642266035,-0.0002156696718884632,16.973224639892578,3.7591238021850586,8197.01908739297,63.80445098876953,-0.18512865900993347,-0.2901500556617975,0.07381108403205872,-0.00021416289382614195
18,1400,-0.010696529410779476,-0.0003397790133021772,16.97309684753418,3.770233392715454,8195.266479065782,63.99253463745117,-0.2916004955768585,-0.45567890629172325,0.0366821363568306,-0.00016715277160983533
18.1,1400,-0.01414681226015091,-0.0002253448183182627,16.97310447692871,3.7709696292877197,8195.497284818215,64.00505828857422,-0.19339779019355774,-0.3021601587533951,0.07314877957105637,-0.0002210264647146687
18.2,1400,-0.013201876543462276,-0.0001917208865052089,16.973073959350586,3.7697231769561768,8196.679290035221,63.98379135131836,-0.16456443071365356,-0.25719706900417805,0.08022314310073853,-0.00020633157691918314
18.3,1400,-0.010346447117626667,-0.00025995809119194746,16.973236083984375,3.76182222366333,8196.211850102263,63.85029602050781,-0.22312340140342712,-0.3494477132335305,0.046370960772037506,-0.00016204226994886994
18.4,1400,-0.01562257669866085,-0.00022025819635018706,16.97324562072754,3.769888162612915,8195.641246992082,63.98723602294922,-0.18903560936450958,-0.295427069067955,0.08264356106519699,-0.0002441514516249299
18.5,1400,-0.0135671840980649,-0.0003687629068735987,16.973224639892578,3.7587692737579346,8193.274905186834,63.79843521118164,-0.3163977265357971,-0.4959333688020706,0.04288015514612198,-0.00021265700343064964
18.6,1400,-0.011316138319671154,-0.00020862203382421285,16.97315788269043,3.7699575424194336,8193.935848932437,63.98808288574219,-0.17901167273521423,-0.2797578228637576,0.06321452558040619,-0.00017684759222902358
18.7,1400,-0.014857384376227856,-0.00021452733199112117,16.97321891784668,3.7607452869415283,8195.971136022074,63.83195495605469,-0.18412454426288605,-0.2884519984945655,0.08069203794002533,-0.00023275779676623642
18.8,1400,-0.013296368531882763,-0.00011644279584288597,16.97308349609375,3.7762956619262695,8196.073133513679,64.09538269042969,-0.09994177520275116,-0.15592664713039994,0.1330411434173584,-0.0002074465883197263
18.9,1400,-0.010640669614076614,-0.00011979704140685499,16.973108291625977,3.778482437133789,8198.382356723629,64.1325912475586,-0.10284966230392456,-0.16037035966292024,0.1034584790468216,-0.00016591673193033785
19,1400,-0.01431522611528635,-0.00032526618451811373,16.9732666015625,3.7710981369018555,8197.440482744003,64.00785064697266,-0.27921953797340393,-0.43622697703540325,0.05126871168613434,-0.00022364796313922852
19.1,1400,-0.013021133840084076,-0.0002478781680110842,16.97322654724121,3.778923749923706,8196.264305955088,64.1405258178711,-0.21275649964809418,-0.3317036898806691,0.061202049255371094,-0.00020300946198403835
19.2,1400,-0.011404906399548054,-0.0002510646008886397,16.97322654724121,3.7704310417175293,8196.506185720897,63.99637985229492,-0.21549782156944275,-0.3367343917489052,0.0529235377907753,-0.0001782117469701916
19.3,1400,-0.015294612385332584,-0.00022656911460217088,16.973180770874023,3.777193069458008,8197.476036155362,64.11097717285156,-0.19449546933174133,-0.3033730899915099,0.07863736897706985,-0.00023856463667470962
19.4,1400,-0.01381396222859621,-0.00017989487969316542,16.973201751708984,3.7831077575683594,8199.676850602806,64.2114486694336,-0.15446999669075012,-0.24056457914412022,0.0894281193614006,-0.0002151323715224862
19.5,1400,-0.012260234914720058,-0.0002549509226810187,16.973155975341797,3.7683560848236084,8200.123891037441,63.96089553833008,-0.2189301699399948,-0.34228754229843616,0.056000664830207825,-0.0001916832843562588
19.6,1400,-0.015474310144782066,-0.00024444761220365763,16.973024368286133,3.7648112773895264,8199.022318128102,63.90023422241211,-0.20988261699676514,-0.32845360692590475,0.07372839748859406,-0.00024216358724515885
19.7,1400,-0.015197680331766605,-0.00028129422571510077,16.973127365112305,3.7663581371307373,8198.500090971082,63.926876068115234,-0.2415037304162979,-0.3777812235057354,0.06292938441038132,-0.0002377353812335059
19.8,1400,-0.012859176844358444,3.4301046980544925e-7,16.972822189331055,3.7795703411102295,8198.262873947748,64.14997863769531,0.00029448137502186,0.0004590514436131343,-5,-0.000200454902369529
19.9,1400,-0.016101056709885597,-0.0001076973567251116,16.97303009033203,3.7706079483032227,8200.93753959905,63.99864196777344,-0.09249050915241241,-0.14451948227360845,0.17408333718776703,-0.00025158433709293604
20,1400,-0.016004029661417007,-0.0003487525973469019,16.973312377929688,3.7799715995788574,8201.483663311246,64.15863800048828,-0.29952874779701233,-0.4668564535677433,0.053430698812007904,-0.00024944465258158743
20.1,1400,-0.012147404253482819,-0.0003414142120163888,16.97307014465332,3.7838151454925537,8198.189435753791,64.22296142578125,-0.29310834407806396,-0.4563918337225914,0.04144339635968208,-0.00018914426618721336
20.2,1400,-0.015582291409373283,-0.00043996749445796013,16.9732666015625,3.7716360092163086,8200.06793812776,64.01698303222656,-0.37780410051345825,-0.5901623051613569,0.04124436900019646,-0.00024340870731975883
20.3,1400,-0.015817977488040924,-0.0003143140347674489,16.97314453125,3.776986598968506,8198.964033847185,64.10733795166016,-0.26986798644065857,-0.420962693169713,0.05861375853419304,-0.00024674207088537514
20.4,1400,-0.011904777958989143,-0.0003997422754764557,16.973129272460938,3.7810916900634766,8198.905749566267,64.17695617675781,-0.34321367740631104,-0.534792710095644,0.03468620032072067,-0.00018549925880506635
20.5,1400,-0.01591796614229679,-0.00029417540645226836,16.973114013671875,3.7910842895507812,8200.348285518974,64.34650421142578,-0.25261974334716797,-0.39259279146790504,0.06301157176494598,-0.0002473788626957685
20.6,1400,-0.016456305980682373,-0.0003742502594832331,16.97336196899414,3.7853658199310303,8200.776092140908,64.25038146972656,-0.32139986753463745,-0.5002302583307028,0.051201969385147095,-0.00025612773606553674
20.7,1400,-0.012277315370738506,-0.00035734500852413476,16.97389793395996,3.784266710281372,8202.286237859478,64.23375701904297,-0.30693840980529785,-0.4778459668159485,0.03999927639961243,-0.0001911349390866235
20.8,1400,-0.0149486493319273,-0.0005015743663534522,16.974472045898438,3.774796485900879,8202.869663511463,64.07518005371094,-0.43085363507270813,-0.6724189501255751,0.034695424139499664,-0.00023329860414378345
20.9,1400,-0.016913244500756264,-0.00028469396056607366,16.97420883178711,3.774134874343872,8201.359517792891,64.06295013427734,-0.2445078045129776,-0.38166800513863564,0.06917261332273483,-0.0002640097518451512
21,1450,-0.012912863865494728,-0.00034008515649475157,16.973793029785156,3.781606674194336,8201.831620468323,64.1882095336914,-0.2920970320701599,-0.4550633952021599,0.04420744627714157,-0.0002011719043366611
21.1,1450,-0.013271492905914783,0.019847221672534943,16.958335876464844,5.159922122955322,8545.253094804457,87.50369262695312,17.760421752929688,20.296767354011536,-0.0007472510333172977,-0.00015166780212894082
21.2,1450,-0.011623844504356384,0.012929611839354038,16.974103927612305,4.928333282470703,9070.369986472626,83.65404510498047,12.28115177154541,14.680883288383484,-0.0009464783361181617,-0.0001389513781759888
21.3,1450,-0.014362407848238945,0.006843261420726776,16.976083755493164,4.667900085449219,9371.648428648594,79.24266052246094,6.715954303741455,8.475174754858017,-0.002138550626114011,-0.00018124590860679746
21.4,1450,-0.017963772639632225,0.003467291360720992,16.975223541259766,4.52909517288208,9533.523110569035,76.88240051269531,3.461564064025879,4.502414166927338,-0.0051894960924983025,-0.0002336525940336287
21.5,1450,-0.015863390639424324,0.0016321352450177073,16.974990844726562,4.444105625152588,9619.749458601107,75.43865203857422,1.6441768407821655,2.1794885396957397,-0.009648226201534271,-0.0002102819998981431
21.6,1450,-0.012632166966795921,0.0008260362665168941,16.97401237487793,4.403277397155762,9664.637680392483,74.74128723144531,0.8360135555267334,1.1185431852936745,-0.01511000283062458,-0.00016901190974749625
21.7,1450,-0.011283393017947674,0.00025102199288085103,16.97360610961914,4.388399124145508,9689.782684865886,74.4869613647461,0.2547149360179901,0.341959111392498,-0.044298119843006134,-0.00015148146485444158
21.8,1450,-0.014588508754968643,0.000040952487324830145,16.973176956176758,4.365417957305908,9701.954191249877,74.09500885009766,0.04160716384649277,0.05615379777736962,-0.3506249189376831,-0.00019688921747729182
21.9,1450,-0.017382536083459854,-0.0001532522583147511,16.9731388092041,4.3584418296813965,9709.221658237473,73.9764404296875,-0.15581881999969482,-0.210633035749197,0.11155607551336288,-0.0002349739515921101
22,1450,-0.01537586934864521,-0.0003353710053488612,16.973403930664062,4.359743595123291,9712.929121346631,73.99968719482422,-0.3411177694797516,-0.4609718918800354,0.045074958354234695,-0.00020778289763256907
22.1,1450,-0.01228109747171402,-0.00040578629705123603,16.973899841308594,4.345643043518066,9713.528283754462,73.76251220703125,-0.41276514530181885,-0.5595866125077009,0.02975323423743248,-0.00016649511235300452
22.2,1450,-0.01112015638500452,-0.0002520335547160357,16.974111557006836,4.368052005767822,9715.350250375941,74.143798828125,-0.2564162015914917,-0.3458363236859441,0.04336760565638542,-0.0001499809295637533
22.3,1450,-0.013833895325660706,-0.0003777898964472115,16.974340438842773,4.368043899536133,9715.912110843985,74.14466094970703,-0.38438156247138977,-0.5184210371226072,0.03599000722169876,-0.00018657978216651827
22.4,1450,-0.017219077795743942,-0.00034109290572814643,16.974393844604492,4.366962432861328,9717.16522288371,74.12654113769531,-0.347089022397995,-0.46823853626847267,0.04960997402667999,-0.00023229302314575762
22.5,1450,-0.015342149883508682,-0.00031940743792802095,16.974361419677734,4.365897178649902,9716.824259840343,74.10831451416016,-0.3250109553337097,-0.4385620355606079,0.04720502346754074,-0.00020702331676147878
22.6,1450,-0.011792070232331753,-0.0005018363590352237,16.974559783935547,4.353652000427246,9717.219427264963,73.90132904052734,-0.5106610655784607,-0.6910039111971855,0.023091774433851242,-0.0001595650683157146
22.7,1450,-0.01099635474383831,-0.00041732442332431674,16.9744815826416,4.3587117195129395,9718.2953550907,73.98686981201172,-0.4247100353240967,-0.5740343127399683,0.025891441851854324,-0.0001486257533542812
22.8,1450,-0.013811208307743073,-0.0003259369404986501,16.97360610961914,4.365726947784424,9717.106355759985,74.10212707519531,-0.3316646218299866,-0.4475777503103018,0.04164208844304085,-0.00018638072651810944
22.9,1450,-0.01873546838760376,-0.0003979621978942305,16.973295211791992,4.359083652496338,9716.834751010909,73.9880142211914,-0.4049442708492279,-0.5473106168210506,0.04626678302884102,-0.00025322302826680243
23,1450,-0.01611250638961792,-0.0005146742332726717,16.9733829498291,4.346108913421631,9715.368901345835,73.76817321777344,-0.5236249566078186,-0.7098250556737185,0.030771082267165184,-0.000218420842429623
23.1,1450,-0.011750277131795883,-0.00021043226297479123,16.973731994628906,4.3628973960876465,9715.621855125017,74.05464935302734,-0.21409747004508972,-0.28910739347338676,0.05488283932209015,-0.00015867034380789846
23.2,1450,-0.010766969993710518,-0.00041330468957312405,16.97421646118164,4.375523567199707,9717.224672850247,74.27108764648438,-0.42057281732559204,-0.5662672221660614,0.025600727647542953,-0.00014496853691525757
23.3,1450,-0.015600125305354595,-0.0004621751722879708,16.97431182861328,4.37278413772583,9716.312523853889,74.2249984741211,-0.47025856375694275,-0.633558165282011,0.03317350521683693,-0.00021017345716245472
23.4,1450,-0.01871132291853428,-0.0002667829394340515,16.97437286376953,4.3707475662231445,9716.273473385674,74.1906967163086,-0.2714478373527527,-0.36587854847311974,0.06893155723810196,-0.0002522057911846787
23.5,1450,-0.016714435070753098,-0.00023453817993868142,16.974224090576172,4.356897830963135,9713.70663365407,73.95496368408203,-0.23857621848583221,-0.32259663566946983,0.07005909830331802,-0.00022600829834118485
23.6,1450,-0.01300451997667551,-0.0002970134373754263,16.97368621826172,4.355495929718018,9715.502372349136,73.92881774902344,-0.30218297243118286,-0.4087485373020172,0.043035250157117844,-0.00017590595234651119
23.7,1450,-0.012389502488076687,-0.0003406967443879694,16.97325897216797,4.356722831726074,9717.239826763285,73.94778442382812,-0.34668856859207153,-0.4688288550823927,0.03573669120669365,-0.00016754392709117383
23.8,1450,-0.0158162210136652,-0.00038995163049548864,16.97309112548828,4.354643821716309,9717.050402850304,73.9117660522461,-0.39680197834968567,-0.5368589889258146,0.03985923156142235,-0.00021398786338977516
23.9,1450,-0.01922907494008541,-0.00035640649730339646,16.973007202148438,4.35330867767334,9717.837240642688,73.88874053955078,-0.36269691586494446,-0.49086897633969784,0.05301692709326744,-0.00026024365797638893
24,1450,-0.01690211333334446,-0.00033819960663095117,16.97284698486328,4.34830904006958,9717.303939472295,73.80318450927734,-0.34414979815483093,-0.4663074854761362,0.04911266639828682,-0.00022901604825165123
24.1,1450,-0.012528867460787296,-0.0002939079131465405,16.972883224487305,4.352910995483398,9717.963717532279,73.8814468383789,-0.2990991473197937,-0.40483660995960236,0.04188867658376694,-0.0001695806859061122
24.2,1450,-0.013053123839199543,-0.0003760507970582694,16.972976684570312,4.352094650268555,9718.700430843075,73.86800384521484,-0.3827219009399414,-0.5181159824132919,0.03410602733492851,-0.00017670876695774496
24.3,1450,-0.01739499904215336,-0.000349512993125245,16.972843170166016,4.351897716522217,9718.558800040446,73.86407470703125,-0.35570815205574036,-0.48157121054828167,0.048902448266744614,-0.00023550011974293739
24.4,1450,-0.019583482295274734,-0.00039409869350492954,16.972871780395508,4.35650634765625,9717.591280977216,73.94242095947266,-0.40104418992996216,-0.5423736292868853,0.04883123189210892,-0.00026484770933166146
24.5,1450,-0.016654763370752335,-0.0003760933468583971,16.97279167175293,4.360555648803711,9717.478792315047,74.01080322265625,-0.382717102766037,-0.5171097815036774,0.04351716488599777,-0.00022503151558339596
24.6,1450,-0.011757699772715569,-0.00037709108437411487,16.972942352294922,4.360558032989502,9717.858805826629,74.0114974975586,-0.3837474286556244,-0.5184970330446959,0.03063916228711605,-0.0001588631421327591
24.7,1450,-0.012052148580551147,-0.0004732459783554077,16.973026275634766,4.36351203918457,9718.37287318432,74.06200408935547,-0.48162510991096497,-0.6502998527139425,0.025023922324180603,-0.00016273051733151078
24.8,1450,-0.016164524480700493,-0.00040194689063355327,16.97272491455078,4.374412536621094,9716.262982215108,74.24569702148438,-0.4089747965335846,-0.5508397240191698,0.03952449932694435,-0.00021771664614789188
24.9,1450,-0.01781598851084709,-0.00041558442171663046,16.97279167175293,4.372453212738037,9716.835916696527,74.21273803710938,-0.42287570238113403,-0.5698155611753464,0.04213055595755577,-0.000240066452533938
25,1450,-0.01630973257124424,-0.00040794271626509726,16.97298812866211,4.357564926147461,9718.504595659193,73.96089935302734,-0.41517123579978943,-0.5613388027995825,0.0392843522131443,-0.00022051831183489412
25.1,1450,-0.011790897697210312,-0.0003142838831990957,16.97276496887207,4.356720924377441,9717.396611478953,73.94560241699219,-0.31981635093688965,-0.4325021989643574,0.036867715418338776,-0.00015945367340464145
25.2,1450,-0.012915784493088722,-0.0004342769389040768,16.972915649414062,4.342121124267578,9717.950894990478,73.69845581054688,-0.4419468939304352,-0.5996691528707743,0.02922474406659603,-0.00017525177099741995
25.3,1450,-0.016173474490642548,-0.0003956230648327619,16.97279167175293,4.343569755554199,9716.456486027755,73.72250366210938,-0.4025484323501587,-0.5460319574922323,0.040177710354328156,-0.00021938314603175968
25.4,1450,-0.01742534339427948,-0.0004237706307321787,16.972824096679688,4.350283145904541,9715.219110743878,73.83659362792969,-0.43113380670547485,-0.5839026533067226,0.04041748493909836,-0.0002359987556701526
25.5,1450,-0.014420867897570133,-0.0005817199707962573,16.973064422607422,4.3532538414001465,9716.098037700112,73.8880615234375,-0.5918810963630676,-0.8010511286556721,0.024364467710256577,-0.00019517182954587042
25.6,1450,-0.013190054334700108,-0.0003013367240782827,16.972890853881836,4.374764442443848,9715.251749941192,74.25239562988281,-0.3065735995769501,-0.4128803964704275,0.043024104088544846,-0.00017763809591997415
25.7,1450,-0.014860138297080994,-0.00031420448794960976,16.972959518432617,4.366214275360107,9718.660214689242,74.10757446289062,-0.31977713108062744,-0.4315039608627558,0.04647029563784599,-0.000200521171791479
25.8,1450,-0.01815136708319187,-0.00048318656627088785,16.973026275634766,4.357287883758545,9718.830404789522,73.95635986328125,-0.4917648434638977,-0.6649392191320658,0.03691066429018974,-0.000245433475356549
25.9,1450,-0.019257407635450363,-0.0004005611117463559,16.972820281982422,4.378259658813477,9718.291275191035,74.31141662597656,-0.4076498746871948,-0.5485696718096733,0.04724006727337837,-0.0002591446682345122
26,1500,-0.015801547095179558,-0.00048508349573239684,16.97293472290039,4.365842342376709,9718.324497231159,74.10115814208984,-0.4936697483062744,-0.6662105675786734,0.0320083349943161,-0.0002132429217454046
26.1,1500,-0.011855755001306534,0.01893472671508789,16.956148147583008,5.869586944580078,10041.172786089053,99.52558898925781,19.910037994384766,20.004944503307343,-0.0005954661755822599,-0.00011912268382729962
26.2,1500,-0.024845760315656662,0.012278792448341846,16.974090576171875,5.573724269866943,10546.55928298105,94.60890197753906,13.561104774475098,14.333857595920563,-0.0018321339739486575,-0.00026261547463946044
26.3,1500,-0.010219879448413849,0.00619086716324091,16.9765682220459,5.245326995849609,10835.145740144437,89.04765319824219,7.024490833282471,7.888463139533997,-0.0014548925682902336,-0.00011476865620352328
26.4,1500,-0.032532937824726105,0.0031099505722522736,16.97536277770996,5.076159954071045,10989.39275822121,86.1696548461914,3.578951358795166,4.153377935290337,-0.009090075269341469,-0.00037754516233690083
26.5,1500,-0.008072354830801487,0.0015715695917606354,16.973968505859375,4.991623401641846,11070.054705954095,84.7276611328125,1.8218474388122559,2.150239236652851,-0.00443086214363575,-0.00009527413931209594
26.6,1500,-0.017912982031702995,0.0008741897181607783,16.97340202331543,4.941822528839111,11118.993685269234,83.8795394897461,1.0178875923156738,1.2135110795497894,-0.017598193138837814,-0.00021355603530537337
26.7,1500,-0.02874605357646942,0.0002936897217296064,16.973203659057617,4.915181636810303,11149.858709071876,83.42637634277344,0.34291520714759827,0.4110393114387989,-0.08382846415042877,-0.00034456790308468044
26.8,1500,-0.004393275361508131,-0.0001136213104473427,16.972963333129883,4.898934364318848,11164.622117428264,83.1494369506836,-0.132841095328331,-0.15976186841726303,0.03307165950536728,-0.00005283590144244954
26.9,1500,-0.018918737769126892,-0.0002773969026748091,16.973041534423828,4.9011077880859375,11176.94341441421,83.18670654296875,-0.32467830181121826,-0.3903007134795189,0.05826917663216591,-0.00022742501460015774
27,1500,-0.026014920324087143,-0.0003888689388986677,16.972694396972656,4.908298015594482,11182.194828124871,83.30704498291016,-0.45536425709724426,-0.5466095637530088,0.05712991580367088,-0.0003122775524388999
27.1,1500,-0.0030764848925173283,-0.00045116370893083513,16.973064422607422,4.9066057205200195,11189.458215212804,83.28013610839844,-0.5286543965339661,-0.6347904913127422,0.005819463636726141,-0.00003694140104926191
27.2,1500,-0.021734939888119698,-0.00040197453927248716,16.97275733947754,4.9036784172058105,11194.379739893473,83.22894287109375,-0.47122377157211304,-0.5661777686327696,0.04612445458769798,-0.0002611464005894959
27.3,1500,-0.030114375054836273,-0.0005174092366360128,16.97287940979004,4.903925895690918,11197.140083437722,83.2337417602539,-0.6066942811012268,-0.7289042696356773,0.04963681846857071,-0.00036180487950332463
27.4,1500,-0.0056619904935359955,-0.0006116594304330647,16.972631454467773,4.896692752838135,11194.41004771955,83.1097640991211,-0.7170336246490479,-0.862754974514246,0.00789640937000513,-0.00006812666106270626
27.5,1500,-0.020381532609462738,-0.000569949159398675,16.972963333129883,4.892667293548584,11195.154920829675,83.04306030273438,-0.6681821346282959,-0.804621260613203,0.030502960085868835,-0.0002454333007335663
27.6,1500,-0.028040308505296707,-0.0004864033544436097,16.972591400146484,4.913400173187256,11191.552952268976,83.39313507080078,-0.5700533986091614,-0.6835735403001308,0.04918891564011574,-0.0003362424031365663
27.7,1500,-0.00019124594109598547,-0.000340731639880687,16.972675323486328,4.9091033935546875,11196.87314143112,83.32061767578125,-0.3995193839073181,-0.4794964101165533,0.0004786900244653225,-0.000002295301555932383
27.8,1500,-0.012775045819580555,-0.0005953488871455193,16.972993850708008,4.880265235900879,11192.944780897285,82.83271026611328,-0.6978217959403992,-0.8424471132457256,0.0183070320636034,-0.00015422706201206893
27.9,1500,-0.016814380884170532,-0.0005148519994691014,16.972740173339844,4.886891841888428,11189.054887988856,82.9439468383789,-0.6032598614692688,-0.727310311049223,0.027872534468770027,-0.0002027198061114177
28,1500,0.002260292414575815,-0.0004678853147197515,16.973142623901367,4.893721580505371,11188.335659962333,83.06183624267578,-0.5481930375099182,-0.659981882199645,-0.004123168531805277,0.000027212165150558576
28.1,1500,-0.01815824955701828,-0.0002811994927469641,16.973270416259766,4.904130935668945,11193.104479827,83.23914337158203,-0.3296049237251282,-0.39597349241375923,0.055090952664613724,-0.000218145563849248
28.2,1500,-0.023515962064266205,-0.0005126571631990373,16.97338104248047,4.887572765350342,11196.721602300735,82.95863342285156,-0.6010997295379639,-0.7245776243507862,0.039121564477682114,-0.000283466128166765
28.3,1500,-0.000573689874727279,-0.000674423819873482,16.97332191467285,4.87439489364624,11195.351921699175,82.73467254638672,-0.7906773090362549,-0.9556782431900501,0.0007255676318891346,-0.00000693409265295486
28.4,1500,-0.02281525358557701,-0.00043393945088610053,16.97295570373535,4.888617992401123,11193.97174992705,82.97429656982422,-0.5086768269538879,-0.6130535155534744,0.044852156192064285,-0.00027496772236190736
28.5,1500,-0.021176697686314583,-0.0006439737044274807,16.973190307617188,4.875027656555176,11192.060025512958,82.7447738647461,-0.7547563910484314,-0.912149902433157,0.028057660907506943,-0.0002559279091656208
28.6,1500,-0.0010996509809046984,-0.0004857902822550386,16.972904205322266,4.883477210998535,11192.212730328962,82.88678741455078,-0.5693684220314026,-0.6869230419397354,0.0019313521916046739,-0.000013266902897157706
28.7,1500,-0.021133679896593094,-0.0003808189067058265,16.97264289855957,4.902196884155273,11194.322621298174,83.20323944091797,-0.4464213252067566,-0.5365432240068913,0.047340210527181625,-0.00025400068261660635
28.8,1500,-0.025730647146701813,-0.0004276848630979657,16.972890853881836,4.8872222900390625,11197.313770594856,82.95028686523438,-0.5014947056770325,-0.6045725662261248,0.05130791291594505,-0.00031019357265904546
28.9,1500,-0.006976074539124966,-0.0006553297280333936,16.973098754882812,4.863001346588135,11197.84066049435,82.54019927978516,-0.7684626579284668,-0.93101616948843,0.009077961556613445,-0.00008451729081571102
29,1500,-0.02500050701200962,-0.0005369582213461399,16.972885131835938,4.866071701049805,11198.501604239955,82.59127807617188,-0.6296932101249695,-0.7624209858477116,0.039702676236629486,-0.00030270154820755124
29.1,1500,-0.02434484101831913,-0.00041825094376690686,16.972707748413086,4.870543956756592,11197.13425500963,82.66632080078125,-0.4904248118400574,-0.5932583007961512,0.049640312790870667,-0.0002944952866528183
29.2,1500,-0.0026078717783093452,-0.0005176552222110331,16.972843170166016,4.854598522186279,11196.67614056162,82.3963394165039,-0.6069575548171997,-0.7366317324340343,0.004296629223972559,-0.00003165033558616415
29.3,1500,-0.021868659183382988,-0.000489666301291436,16.97237777709961,4.871736526489258,11189.685523908382,82.68495178222656,-0.5737817287445068,-0.6939372979104519,0.03811320289969444,-0.00026448172866366804
29.4,1500,-0.023634785786271095,-0.0004527752462308854,16.972789764404297,4.869518280029297,11192.4248851115,82.64930725097656,-0.5306833982467651,-0.6420905236154795,0.04453651234507561,-0.000285964721115306
29.5,1500,0.0019183347467333078,-0.000724757497664541,16.973064422607422,4.867306709289551,11193.793400027444,82.61311340332031,-0.8495689034461975,-1.0283705778419971,-0.002258009510114789,0.000023220705770654604
29.6,1500,-0.020140746608376503,-0.0004750886291731149,16.972900390625,4.8760294914245605,11189.912832603959,82.76036071777344,-0.5567111968994141,-0.6726785562932491,0.03617808595299721,-0.00024336222850251943
29.7,1500,-0.0211871936917305,-0.0005093371728435159,16.973731994628906,4.870732307434082,11194.186236080826,82.67450714111328,-0.5970717668533325,-0.7221957203000784,0.035485170781612396,-0.00025627241120673716
29.8,1500,-0.00045999838039278984,-0.0004865749797318131,16.974143981933594,4.865079879760742,11196.482636748973,82.58056640625,-0.5705057382583618,-0.6908474490046501,0.0008062993292696774,-0.00000557029807168874
29.9,1500,-0.022372810170054436,-0.0006808197940699756,16.974031448364258,4.860574245452881,11195.614200963304,82.5035400390625,-0.7981944680213928,-0.9674669243395329,0.028029272332787514,-0.00027117395075038075
30,1500,-0.022188324481248856,-0.0006127003580331802,16.973331451416016,4.8806281089782715,11192.225552870763,82.84051513671875,-0.7181136608123779,-0.8668628521263599,0.030898066237568855,-0.00026784386136569083
30.1,1500,-0.0004220823757350445,-0.0005656937719322741,16.97304344177246,4.898961544036865,11195.088476749428,83.15028381347656,-0.6631893515586853,-0.7975791580975056,0.0006364432047121227,-0.000005076138677395647
30.2,1500,-0.020316272974014282,-0.0009870121721178293,16.973426818847656,4.853397369384766,11194.60122016096,82.3787841796875,-1.157070279121399,-1.4045732095837593,0.017558373510837555,-0.0002466202131472528
30.3,1500,-0.02270399034023285,-0.0006279528024606407,16.97252082824707,4.885763645172119,11190.923482035068,82.9237289428711,-0.7359046339988708,-0.8874476887285709,0.030851809307932854,-0.0002737936738412827
30.4,1500,-0.0004177931696176529,-0.0007155794883146882,16.973060607910156,4.8722991943359375,11193.165095479153,82.69783020019531,-0.8387632966041565,-1.0142507031559944,0.0004981061792932451,-0.000005052045253250981
30.5,1500,-0.023562872782349586,-0.0006228230195119977,16.972951889038086,4.8560590744018555,11192.957603439087,82.4216537475586,-0.7300256490707397,-0.8857207372784615,0.03227677196264267,-0.0002858820662368089
30.6,1500,-0.014492327347397804,-0.0005074073560535908,16.972856521606445,4.870148658752441,11190.226402035296,82.66033172607422,-0.5945991277694702,-0.7193282246589661,0.02437327429652214,-0.00017532384663354605
30.7,1500,-0.0018974951235577464,-0.0005264149513095617,16.9736385345459,4.868113040924072,11195.427691264367,82.62959289550781,-0.6171596646308899,-0.746899051591754,0.00307456124573946,-0.00002296386992384214
30.8,1500,-0.022312534973025322,-0.000895027827937156,16.974252700805664,4.846104145050049,11193.320131666393,82.25899505615234,-1.0491173267364502,-1.275383122265339,0.021267911419272423,-0.00027124735061079264
30.9,1500,-0.023306868970394135,-0.0005447309231385589,16.9738826751709,4.882898807525635,11192.543785044572,82.88175201416016,-0.6384684443473816,-0.7703365758061409,0.036504339426755905,-0.0002812062739394605
31,1550,-0.0010095201432704926,-0.0005973452934995294,16.97425651550293,4.877419948577881,11196.758904240522,82.79058074951172,-0.7004004120826721,-0.8459905162453651,0.0014413471799343824,-0.000012193660040793475
31.1,1550,-0.023011863231658936,0.01840754598379135,16.956981658935547,6.4520673751831055,11512.808914572208,109.40758514404297,22.19247817993164,20.284222066402435,-0.0010369217488914728,-0.00021033150551375002
31.2,1550,-0.02272200398147106,0.011925995349884033,16.976816177368164,6.0694427490234375,12012.456741165071,103.03981018066406,15.002204895019531,14.559619128704071,-0.0015145776560530066,-0.00022051674022804946
31.3,1550,-0.02277851291000843,0.0062453048303723335,16.979158401489258,5.657924175262451,12301.510638261416,96.06678771972656,8.045271873474121,8.374664932489395,-0.0028312921058386564,-0.00023711120593361557
31.4,1550,-0.021390529349446297,0.0025748643092811108,16.97787857055664,5.397088527679443,12450.775516005368,91.63111114501953,3.3572165966033936,3.663839027285576,-0.006371506955474615,-0.00023344176588580012
31.5,1550,-0.021026097238063812,0.0011688093654811382,16.975814819335938,5.308588027954102,12526.357405813487,90.11760711669922,1.5331939458847046,1.7013255506753922,-0.013713918626308441,-0.00023331840930040926
31.6,1550,-0.01911940425634384,0.00018795726646203548,16.975284576416016,5.255466938018799,12569.19518660219,89.21304321289062,0.24739743769168854,0.27731084264814854,-0.0772821381688118,-0.00021431174536701292
31.7,1550,-0.017425483092665672,-0.00016329335630871356,16.974639892578125,5.241348743438721,12591.767522915896,88.97000885009766,-0.21531973779201508,-0.24201383348554373,0.08092840760946274,-0.00019585795234888792
31.8,1550,-0.014212737791240215,-0.00041382136987522244,16.974441528320312,5.2165303230285645,12602.200409200119,88.54769134521484,-0.5461198091506958,-0.6167521700263023,0.026024945080280304,-0.00016050941485445946
31.9,1550,-0.014780091121792793,-0.00034857430728152394,16.973873138427734,5.2247114181518555,12607.409858228519,88.68358612060547,-0.4602034389972687,-0.5189273972064257,0.03211642801761627,-0.00016666094597894698
32,1550,-0.014346335083246231,-0.0005905731813982129,16.973430633544922,5.2082200050354,12610.31124973259,88.40135955810547,-0.7798806428909302,-0.8822043426334858,0.018395552411675453,-0.00016228636377491057
32.1,1550,-0.013291602954268456,-0.000670236477162689,16.973955154418945,5.183991432189941,12612.343039765372,87.99283599853516,-0.8852224946022034,-1.0060166008770466,0.01501498557627201,-0.0001510532310931012
32.2,1550,-0.012760584242641926,-0.0004637709353119135,16.97276496887207,5.219654083251953,12615.554503643923,88.59196472167969,-0.6126867532730103,-0.6915827747434378,0.02082725614309311,-0.0001440377236576751
32.3,1550,-0.012431454844772816,-0.0005724958027713001,16.97281265258789,5.215001583099365,12618.248403107928,88.51324462890625,-0.7564844489097595,-0.8546567521989346,0.016433192417025566,-0.00014044740237295628
32.4,1550,-0.01221367996186018,-0.0007080257637426257,16.972843170166016,5.201369285583496,12617.828756285322,88.28202819824219,-0.9355399012565613,-1.0597173124551773,0.013055221177637577,-0.00013834843412041664
32.5,1550,-0.012694552540779114,-0.0006388883339241147,16.972536087036133,5.2177605628967285,12617.247079161765,88.55863189697266,-0.8441472053527832,-0.9532071650028229,0.015038316138088703,-0.00014334630395751446
32.6,1550,-0.01177898608148098,-0.0007139455992728472,16.9727783203125,5.217153072357178,12616.762153944532,88.5495834350586,-0.9432822465896606,-1.0652587749063969,0.01248723454773426,-0.00013302135630510747
32.7,1550,-0.011825277470052242,-0.0007536524208262563,16.972837448120117,5.215131759643555,12618.35214912796,88.51558685302734,-0.9958693385124207,-1.125077996402979,0.011874326504766941,-0.00013359542936086655
32.8,1550,-0.014077609404921532,-0.0007836146396584809,16.97287940979004,5.199942588806152,12617.86489253949,88.25799560546875,-1.0354211330413818,-1.1731754057109356,0.013596022501587868,-0.0001595052017364651
32.9,1550,-0.015642279759049416,-0.0007011129055172205,16.972597122192383,5.214657306671143,12619.477035749667,88.50627899169922,-0.9265267252922058,-1.046848576515913,0.01688270829617977,-0.0001767363864928484
33,1550,-0.017036866396665573,-0.001046211807988584,16.972925186157227,5.186921119689941,12616.828598024778,88.03722381591797,-1.3822877407073975,-1.57011728733778,0.012325123883783817,-0.00019351889204699546
33.1,1550,-0.01798997074365616,-0.0007661030977033079,16.972597122192383,5.215571880340576,12615.812120165578,88.52179718017578,-1.0121177434921265,-1.143354270607233,0.017774581909179688,-0.00020322644559200853
33.2,1550,-0.019284924492239952,-0.0008739292970858514,16.972827911376953,5.212863922119141,12618.35331481358,88.47704315185547,-1.1548022031784058,-1.3051997870206833,0.016699764877557755,-0.00021796529472339898
33.3,1550,-0.02107592485845089,-0.0007922101649455726,16.972726821899414,5.219661235809326,12621.85386872548,88.59188079833984,-1.0471097230911255,-1.1819476261734962,0.020127713680267334,-0.00023789904662407935
33.4,1550,-0.02213684283196926,-0.0008846843265928328,16.972932815551758,5.188169956207275,12619.52482886002,88.05845642089844,-1.169122338294983,-1.3276660814881325,0.01893458142876625,-0.00025138803175650537
33.5,1550,-0.021942799910902977,-0.0006216888432390988,16.97244644165039,5.201517105102539,12619.306845649387,88.282470703125,-0.821556031703949,-0.9305993095040321,0.026708828285336494,-0.0002485521836206317
33.6,1550,-0.022178882732987404,-0.000742710311897099,16.97297477722168,5.196761608123779,12621.300168056765,88.20450592041016,-0.9816398024559021,-1.1129135265946388,0.022593706846237183,-0.0002514484222047031
33.7,1550,-0.021966706961393356,-0.000829510681796819,16.972797393798828,5.198529243469238,12620.652046852962,88.23358154296875,-1.0963075160980225,-1.2425059452652931,0.02003699354827404,-0.0002489608305040747
33.8,1550,-0.023093579337000847,-0.0008072818745858967,16.973613739013672,5.209858417510986,12620.120494210996,88.43012237548828,-1.0668842792510986,-1.2064715847373009,0.021645814180374146,-0.00026115059154108167
33.9,1550,-0.02156454138457775,-0.0008683654014021158,16.97384262084961,5.213375091552734,12619.868706117431,88.49100494384766,-1.1475878953933716,-1.2968412600457668,0.018791189417243004,-0.00024369188759010285
34,1550,-0.020822521299123764,-0.0007974517648108304,16.973928451538086,5.22108793258667,12618.917506652859,88.62237548828125,-1.0537925958633423,-1.1890819296240807,0.01975960098206997,-0.0002349578426219523
34.1,1550,-0.019483093172311783,-0.0008825793047435582,16.973499298095703,5.204791069030762,12618.250734479163,88.34352111816406,-1.1662228107452393,-1.3201000168919563,0.016706150025129318,-0.0002205378987127915
34.2,1550,-0.018635066226124763,-0.0008010030724108219,16.97306251525879,5.2097015380859375,12619.362798559068,88.42459106445312,-1.0585228204727173,-1.1970910243690014,0.017604785040020943,-0.00021074528922326863
34.3,1550,-0.017440197989344597,-0.000754395208787173,16.973064422607422,5.196991920471191,12620.55529494664,88.20887756347656,-0.9970248937606812,-1.1302999220788479,0.01749223843216896,-0.0001977147621801123
34.4,1550,-0.015069416724145412,-0.0007332044187933207,16.9735050201416,5.2086381912231445,12621.157954411327,88.40884399414062,-0.9690649509429932,-1.0961176827549934,0.015550470910966396,-0.00017045145796146244
34.5,1550,-0.015175484120845795,-0.0006690601003356278,16.97317123413086,5.205951690673828,12621.1054985585,88.36151123046875,-0.8842827081680298,-1.0007555596530437,0.017161348834633827,-0.00017174315871670842
34.6,1550,-0.012835242785513401,-0.0007616826333105564,16.97295570373535,5.200076103210449,12619.791770866621,88.26065826416016,-1.006595253944397,-1.1404800228774548,0.012751146219670773,-0.00014542427379637957
34.7,1550,-0.012286227196455002,-0.0007355709676630795,16.97299575805664,5.1954345703125,12622.619724176735,88.18209075927734,-0.972305417060852,-1.10261095687747,0.012636180967092514,-0.00013932792353443801
34.8,1550,-0.011545784771442413,-0.0009494618861936033,16.973661422729492,5.183681011199951,12620.770946786033,87.98604583740234,-1.2548506259918213,-1.426192745566368,0.009200923144817352,-0.00013122289965394884
34.9,1550,-0.011524603702127934,-0.0007443314534612,16.97368812561035,5.224822044372559,12620.691680163985,88.68450164794922,-0.9837350249290466,-1.1092524975538254,0.011715150438249111,-0.00012995059660170227
35,1550,-0.013930615037679672,-0.0009009178029373288,16.973926544189453,5.218181610107422,12619.593604311502,88.57302856445312,-1.1905815601348877,-1.344180665910244,0.01170068047940731,-0.00015727829304523766
35.1,1550,-0.0148095041513443,-0.0010316044790670276,16.97422981262207,5.207841873168945,12619.64489447871,88.39910125732422,-1.3632922172546387,-1.5422014519572258,0.010863044299185276,-0.00016753003001213074
35.2,1550,-0.01678813248872757,-0.0011336170136928558,16.97440528869629,5.2012505531311035,12620.506336150669,88.28813171386719,-1.4982067346572876,-1.696951501071453,0.01120548415929079,-0.00019015162251889706
35.3,1550,-0.017549384385347366,-0.0011679248418658972,16.97429084777832,5.202149868011475,12620.960953541824,88.30280303955078,-1.5436041355133057,-1.748080551624298,0.011369096115231514,-0.00019874096324201673
35.4,1550,-0.01910763792693615,-0.0012760409153997898,16.974483489990234,5.193813800811768,12622.148787186923,88.16230773925781,-1.6866559982299805,-1.9131259992718697,0.011328711174428463,-0.00021673251467291266
35.5,1550,-0.02080126293003559,-0.0011573800584301353,16.973899841308594,5.196342468261719,12623.73178825664,88.20219421386719,-1.530003309249878,-1.7346544191241264,0.01359556708484888,-0.00023583610891364515
35.6,1550,-0.022565826773643494,-0.0012552565895020962,16.973400115966797,5.188173770904541,12623.471840363749,88.06095123291016,-1.6593574285507202,-1.8843283876776695,0.013599135912954807,-0.00025625235866755247
35.7,1550,-0.021703656762838364,-0.0011284264037385583,16.972747802734375,5.200979709625244,12622.682671200126,88.27491760253906,-1.491603970527649,-1.6897257417440414,0.014550548978149891,-0.00024586435756646097
35.8,1550,-0.02069837786257267,-0.0013241906417533755,16.973127365112305,5.189781188964844,12624.072168457198,88.0868148803711,-1.7505664825439453,-1.987319439649582,0.011823817156255245,-0.00023497702204622328
35.9,1550,-0.021872514858841896,-0.001378068933263421,16.972909927368164,5.188799858093262,12621.864359896044,88.06903076171875,-1.8214744329452515,-2.068234793841839,0.012008137069642544,-0.0002483564894646406
36,1600,-0.022314924746751785,-0.0011522616259753704,16.973209381103516,5.210475444793701,12621.300168056765,88.43849182128906,-1.5229436159133911,-1.7220370471477509,0.014652496203780174,-0.0002523214207030833
36.1,1600,-0.02106156386435032,0.01689193770289421,16.95583152770996,6.8356499671936035,12919.384631638457,115.90412902832031,22.853351593017578,19.717462360858917,-0.0009215962490998209,-0.00018171538249589503
36.2,1600,-0.01712169125676155,0.010663001798093319,16.977256774902344,6.350157737731934,13394.283786868158,107.80825805664062,14.95641803741455,13.873165845870972,-0.0011447721626609564,-0.00015881613944657147
36.3,1600,-0.01498805359005928,0.005065110977739096,16.979141235351562,5.897655963897705,13661.79115099494,100.13713073730469,7.246448516845703,7.2365254163742065,-0.002068330766633153,-0.0001496752811362967
36.4,1600,-0.019040359184145927,0.0019225700525566936,16.977375030517578,5.6486029624938965,13801.890242721816,95.89845275878906,2.7787492275238037,2.89759561419487,-0.006852132733911276,-0.00019854710262734443
36.5,1600,-0.019825484603643417,0.0005543823353946209,16.97545623779297,5.546278476715088,13875.28880336677,94.15060424804688,0.805526852607727,0.8555727079510689,-0.02461182326078415,-0.0002105720341205597
36.6,1600,-0.015889398753643036,-0.0001829828106565401,16.97466468811035,5.471456050872803,13913.58041024391,92.87612915039062,-0.26661086082458496,-0.28706067241728306,0.059597719460725784,-0.00017108161409851164
36.7,1600,-0.016061563044786453,-0.0006942491745576262,16.97439956665039,5.440911769866943,13936.462818932097,92.35620880126953,-1.0132031440734863,-1.0970601812005043,0.01585226319730282,-0.00017390886205248535
36.8,1600,-0.01861777901649475,-0.00103283254429698,16.974071502685547,5.4031267166137695,13944.059592106878,91.71305847167969,-1.508161187171936,-1.644434593617916,0.012344688177108765,-0.0002030003088293597
36.9,1600,-0.017538007348775864,-0.0011544107692316175,16.973798751831055,5.3955464363098145,13948.373794580386,91.58291625976562,-1.686213493347168,-1.8411878496408463,0.010400822386145592,-0.00019149866420775652
37,1600,-0.014326900243759155,-0.001126387738622725,16.973791122436523,5.391239643096924,13952.143621870126,91.50977325439453,-1.6457257270812988,-1.798415184020996,0.008705521002411842,-0.00015656142204534262
37.1,1600,-0.016610857099294662,-0.0012168000685051084,16.973024368286133,5.398423671722412,13954.815373307381,91.62757873535156,-1.7781645059585571,-1.9406434148550034,0.00934157520532608,-0.00018128665396943688
37.2,1600,-0.01913662627339363,-0.0012425391469150782,16.972858428955078,5.389481544494629,13959.735732302432,91.47490692138672,-1.8164184093475342,-1.985701359808445,0.010535362176597118,-0.0002092008217005059
37.3,1600,-0.01503857783973217,-0.0012773053022101521,16.972482681274414,5.385809421539307,13956.2713146447,91.41056060791016,-1.8667782545089722,-2.0421911031007767,0.008055899292230606,-0.0001645168667891994
37.4,1600,-0.013785751536488533,-0.0013503911904990673,16.972814559936523,5.375757217407227,13956.774890831826,91.24172973632812,-1.9736642837524414,-2.1631158888339996,0.006984851323068142,-0.0001510904257884249
37.5,1600,-0.01756998896598816,-0.0013174928026273847,16.972257614135742,5.378745079040527,13955.258333842354,91.28944396972656,-1.9253724813461304,-2.1090853959321976,0.009125501848757267,-0.0001924646203406155
37.6,1600,-0.018869902938604355,-0.0010676219826564193,16.9719181060791,5.402884483337402,13956.48346942724,91.69731140136719,-1.5603504180908203,-1.7016315832734108,0.01209337543696165,-0.00020578468684107065
37.7,1600,-0.01505724061280489,-0.0011859276564791799,16.972274780273438,5.398252010345459,13957.898611767914,91.62061309814453,-1.7334321737289429,-1.8919674679636955,0.008686373941600323,-0.0001643433643039316
37.8,1600,-0.016707347705960274,-0.0011986917816102505,16.971967697143555,5.404479503631592,13956.67347618303,91.72465515136719,-1.7519352436065674,-1.9099939614534378,0.009536509402096272,-0.00018214675947092474
37.9,1600,-0.019365448504686356,-0.001291600987315178,16.97223663330078,5.40543794631958,13957.066312236413,91.74237060546875,-1.887778878211975,-2.057695761322975,0.010258324444293976,-0.00021108510554768145
38,1600,-0.01854867674410343,-0.001314503257162869,16.972265243530273,5.40798282623291,13958.741402469981,91.78572082519531,-1.921483039855957,-2.0934443920850754,0.009653313085436821,-0.00020208673959132284
38.1,1600,-0.01408002246171236,-0.0012293221661821008,16.972259521484375,5.4099626541137695,13959.434985412898,91.81929016113281,-1.797058343887329,-1.9571686163544655,0.00783503893762827,-0.00015334492491092533
38.2,1600,-0.01724802330136299,-0.0013273657532408834,16.97238540649414,5.423334121704102,13963.060267685963,92.04691314697266,-1.9408851861953735,-2.108582481741905,0.008886679075658321,-0.00018738296057563275
38.3,1600,-0.01988239772617817,-0.0013671757187694311,16.972976684570312,5.41087532043457,13962.46926507746,91.83866119384766,-1.9990110397338867,-2.1766552701592445,0.009946117177605629,-0.00021649268455803394
38.4,1600,-0.017731331288814545,-0.001422755653038621,16.97361183166504,5.408340930938721,13960.889761064598,91.79907989501953,-2.0800416469573975,-2.2658633068203926,0.008524507284164429,-0.00019315369718242437
38.5,1600,-0.015065321698784828,-0.001414239639416337,16.973705291748047,5.409262657165527,13958.982699392978,91.81523132324219,-2.0673089027404785,-2.251596935093403,0.007287406828254461,-0.0001640830305404961
38.6,1600,-0.01888173259794712,-0.0014332955470308661,16.973112106323242,5.416213035583496,13960.23231437585,91.92999267578125,-2.0953521728515625,-2.2792911157011986,0.00901124533265829,-0.0002053925272775814
38.7,1600,-0.01906852051615715,-0.001321714255027473,16.972620010375977,5.404792308807373,13960.109917385922,91.73348236083984,-1.9322131872177124,-2.1063335239887238,0.009868745692074299,-0.00020786869572475553
38.8,1600,-0.015810947865247726,-0.0011645483318716288,16.97234535217285,5.402909278869629,13958.03616267088,91.70004272460938,-1.7021994590759277,-1.8562689423561096,0.009288540109992027,-0.0001724202884361148
38.9,1600,-0.0173932071775198,-0.001158260740339756,16.97273063659668,5.40964937210083,13957.323928758069,91.81652069091797,-1.692922592163086,-1.8438104540109634,0.010274071246385574,-0.0001894343877211213
39,1600,-0.02006607875227928,-0.0010103232925757766,16.97292137145996,5.443126201629639,13962.02513885687,92.38574981689453,-1.4771935939788818,-1.5989407896995544,0.01358391996473074,-0.0002171988453483209
39.1,1600,-0.018513059243559837,-0.0011900337412953377,16.97369956970215,5.408823490142822,13965.572320193505,91.80774688720703,-1.7403901815414429,-1.8956899642944336,0.010637303814291954,-0.00020165029854979366
39.2,1600,-0.01726500503718853,-0.0014475289499387145,16.973342895507812,5.392831325531006,13965.80196026032,91.53437805175781,-2.11700439453125,-2.3127971217036247,0.008155394345521927,-0.00018861771968659014
39.3,1600,-0.021063562482595444,-0.001433149678632617,16.97262191772461,5.4098029136657715,13962.760686482048,91.81854248046875,-2.0955183506011963,-2.2822387516498566,0.010051719844341278,-0.00022940423514228314
39.4,1600,-0.02196713536977768,-0.0014409000286832452,16.972333908081055,5.406374454498291,13960.325569225317,91.7587890625,-2.106483221054077,-2.2956745699048042,0.010428345762193203,-0.00023940087703522295
39.5,1600,-0.018591679632663727,-0.0012328168377280235,16.97210693359375,5.421138763427734,13961.765190963977,92.00814819335938,-1.802467703819275,-1.9590305164456367,0.010314569808542728,-0.0002020655811065808
39.6,1600,-0.01887008175253868,-0.0015877579571679235,16.972578048706055,5.400059223175049,13962.623135579082,91.65292358398438,-2.3215601444244385,-2.532990649342537,0.008128190413117409,-0.00020588630286511034
39.7,1600,-0.021369924768805504,-0.0017505035502836108,16.97262954711914,5.389822006225586,13959.34872467714,91.47945404052734,-2.558920383453369,-2.7972623705863953,0.008351149037480354,-0.0002336035540793091
39.8,1600,-0.0189773291349411,-0.0013701263815164566,16.972301483154297,5.415194034576416,13958.025671500314,91.9083023071289,-2.002687692642212,-2.179006300866604,0.009475930593907833,-0.00020648111240006983
39.9,1600,-0.01599251665174961,-0.0013094183523207903,16.97211456298828,5.4098663330078125,13958.19119885812,91.8168716430664,-1.913974642753601,-2.084556594491005,0.008355657570064068,-0.00017417840717826039
40,1600,-0.019059250131249428,-0.0012357154628261924,16.972137451171875,5.41415548324585,13959.628489225544,91.8897933959961,-1.8064292669296265,-1.965864934027195,0.0105507867410779,-0.0002074142248602584
40.1,1600,-0.02057996764779091,-0.0012898152926936746,16.972198486328125,5.413010120391846,13961.42481076342,91.87068176269531,-1.8857576847076416,-2.052621729671955,0.010913368314504623,-0.0002240101748611778
40.2,1600,-0.017726575955748558,-0.001466315588913858,16.972612380981445,5.394374370574951,13960.983015914066,91.55662536621094,-2.143739700317383,-2.3414360359311104,0.008268996141850948,-0.0001936132466653362
40.3,1600,-0.017547378316521645,-0.0012801463017240167,16.97268295288086,5.406337738037109,13962.069434910367,91.76005554199219,-1.8717076778411865,-2.039784751832485,0.009375063702464104,-0.00019123111269436777
40.4,1600,-0.021024033427238464,-0.0014875399647280574,16.973365783691406,5.400575637817383,13961.702243940586,91.66594696044922,-2.17488169670105,-2.3726169019937515,0.009666748344898224,-0.00022935488959774375
40.5,1600,-0.01990295760333538,-0.0014171669026836753,16.973779678344727,5.403235912322998,13962.283921064143,91.71333312988281,-2.072077989578247,-2.259298413991928,0.009605313651263714,-0.0002170126826968044
40.6,1600,-0.014984948560595512,-0.0015337176155298948,16.973793029785156,5.392486572265625,13964.43927377247,91.53095245361328,-2.2428359985351562,-2.450358122587204,0.006681249942630529,-0.0001637145469430834
40.7,1600,-0.018784815445542336,-0.0016367333009839058,16.974193572998047,5.373749256134033,13963.90305838803,91.21505737304688,-2.3933894634246826,-2.6238972321152687,0.00784862507134676,-0.0002059398393612355
40.8,1600,-0.020791007205843925,-0.0014911681646481156,16.97331428527832,5.3999505043029785,13962.303737719654,91.65505981445312,-2.1802802085876465,-2.3787887766957283,0.009535932913422585,-0.0002268397220177576
40.9,1600,-0.017858343198895454,-0.0014863885007798672,16.9726505279541,5.3925042152404785,13959.523577519893,91.52509307861328,-2.172858953475952,-2.3740584030747414,0.008218823000788689,-0.0001951196463778615
41,1650,-0.017158668488264084,-0.0013444230426102877,16.973051071166992,5.410907745361328,13963.517216448356,91.83961486816406,-1.9658907651901245,-2.1405695006251335,0.008728190325200558,-0.00018683297093957663
41.1,1650,-0.019885122776031494,0.01653255522251129,16.952848434448242,7.129018783569336,14248.626433412208,120.857177734375,24.66843605041504,20.411229133605957,-0.0008060958352871239,-0.00016453406715299934
41.2,1650,-0.02041732333600521,0.010818194597959518,16.976228713989258,6.637598991394043,14728.181337001593,112.681396484375,16.685243606567383,14.807450771331787,-0.0012236755574122071,-0.0001811951515264809
41.3,1650,-0.01922975666821003,0.00507919117808342,16.978883743286133,6.130163669586182,15003.314616443615,104.08333587646484,7.980137825012207,7.667065411806107,-0.0024097023997455835,-0.00018475345859769732
41.4,1650,-0.01816595159471035,0.0020651016384363174,16.97667694091797,5.844245433807373,15147.845644891451,99.21586608886719,3.2758266925811768,3.301716595888138,-0.005545455496758223,-0.00018309522420167923
41.5,1650,-0.020056720823049545,0.000395714130718261,16.97505760192871,5.69268798828125,15224.717948679085,96.63370513916016,0.6308984160423279,0.6528761237859726,-0.031790729612112045,-0.00020755408331751823
41.6,1650,-0.01720503158867359,-0.00044145307037979364,16.974069595336914,5.617513179779053,15265.417862043734,95.35205841064453,-0.7057028412818909,-0.7401023525744677,0.024379994720220566,-0.00018043690943159163
41.7,1650,-0.020993366837501526,-0.001147054717876017,16.973529815673828,5.574355125427246,15286.404865916487,94.61648559570312,-1.8361921310424805,-1.940668374300003,0.011433099396526814,-0.00022187853755895048
41.8,1650,-0.018814057111740112,-0.0011520113330334425,16.97296714782715,5.565905570983887,15297.636246849279,94.46993255615234,-1.845481514930725,-1.9535120576620102,0.010194660164415836,-0.00019915391749236733
41.9,1650,-0.02177165262401104,-0.0010802879696711898,16.973234176635742,5.56908655166626,15308.850142497795,94.5254135131836,-1.7318518161773682,-1.8321547657251358,0.012571313418447971,-0.00023032592434901744
42,1650,-0.018529698252677917,-0.0012830854393541813,16.974191665649414,5.542043209075928,15318.597605638428,94.07170104980469,-2.058274030685425,-2.187984250485897,0.00900254212319851,-0.00019697420066222548
42.1,1650,-0.020536066964268684,-0.00134633993729949,16.97410011291504,5.549605846405029,15325.216368579411,94.1995620727539,-2.160677671432495,-2.293723449110985,0.009504457004368305,-0.00021800596732646227
42.2,1650,-0.0191179271787405,-0.001402873545885086,16.973796844482422,5.530053615570068,15333.004314195601,93.86600494384766,-2.252549886703491,-2.399750240147114,0.008487238548696041,-0.00020367253455333412
42.3,1650,-0.01963385008275509,-0.001474576536566019,16.973201751708984,5.523481369018555,15333.70372556661,93.75116729736328,-2.3677890300750732,-2.525610290467739,0.0082920603454113,-0.0002094251394737512
42.4,1650,-0.01971426047384739,-0.0014968931209295988,16.972957611083984,5.528621196746826,15334.801801419095,93.83705139160156,-2.4037957191467285,-2.561670169234276,0.008201303891837597,-0.00021009036572650075
42.5,1650,-0.01848331280052662,-0.0013944999082013965,16.97296905517578,5.5293402671813965,15336.056079144439,93.84931945800781,-2.2395501136779785,-2.3863254114985466,0.008253136649727821,-0.00019694668299052864
42.6,1650,-0.02169921062886715,-0.0016901986673474312,16.972885131835938,5.519362449645996,15334.333195800518,93.67950439453125,-2.7141339778900146,-2.8972547501325607,0.00799489300698042,-0.00023163242440205067
42.7,1650,-0.017882244661450386,-0.001428203540854156,16.972675323486328,5.527698993682861,15335.445259880424,93.81983947753906,-2.293586492538452,-2.444671094417572,0.007796629797667265,-0.0001906019460875541
42.8,1650,-0.020999029278755188,-0.0015040086582303047,16.97276496887207,5.51677942276001,15337.175137338052,93.63500213623047,-2.4155962467193604,-2.5798004120588303,0.008693104609847069,-0.00022426474606618285
42.9,1650,-0.02036389522254467,-0.0015423125587403774,16.972867965698242,5.50345516204834,15335.751835198049,93.40941619873047,-2.47688627243042,-2.651645243167877,0.008221570402383804,-0.00021800686954520643
43,1650,-0.020401718094944954,-0.00146088982000947,16.972732543945312,5.515629768371582,15335.797296937164,93.61531066894531,-2.3461320400238037,-2.5061413645744324,0.008695894852280617,-0.00021793143241666257
43.1,1650,-0.02163241244852543,-0.0013913160655647516,16.973236083984375,5.52884578704834,15336.049085030727,93.8424072265625,-2.23443603515625,-2.381051518023014,0.00968137476593256,-0.00023051851894706488
43.2,1650,-0.01808708906173706,-0.0013484740629792213,16.973827362060547,5.521645545959473,15338.168301484886,93.72345733642578,-2.165931463241577,-2.3109812289476395,0.008350720629096031,-0.00019298358529340476
43.3,1650,-0.02095225267112255,-0.0014999961713328958,16.97412109375,5.519870758056641,15339.540313457683,93.69495391845703,-2.4095232486724854,-2.571668103337288,0.008695601485669613,-0.0002236219879705459
43.4,1650,-0.017818478867411613,-0.0013563183601945639,16.974225997924805,5.535624027252197,15340.189600347103,93.96293640136719,-2.1788182258605957,-2.318806014955044,0.008178047835826874,-0.0001896330650197342
43.5,1650,-0.020014071837067604,-0.0015406913589686155,16.97443199157715,5.524270534515381,15338.875872655224,93.77135467529297,-2.4747867584228516,-2.6391714811325073,0.008087189868092537,-0.00021343481785152107
43.6,1650,-0.019632358103990555,-0.0015919574070721865,16.974502563476562,5.515201091766357,15337.819761485,93.6177978515625,-2.5569586753845215,-2.7312740683555603,0.0076780118979513645,-0.0002097075484925881
43.7,1650,-0.01916239596903324,-0.0015820785192772746,16.97431182861328,5.519294738769531,15337.60877238808,93.68623352050781,-2.5410563945770264,-2.712305076420307,0.0075411139987409115,-0.00020453802426345646
43.8,1650,-0.021396836265921593,-0.0015367526793852448,16.973722457885742,5.535734176635742,15338.332663157073,93.9620132446289,-2.4683728218078613,-2.626989968121052,0.008668397553265095,-0.00022771793010178953
43.9,1650,-0.019140973687171936,-0.0015565025387331843,16.973474502563477,5.517348766326904,15337.060900147455,93.64857482910156,-2.4998881816864014,-2.669435366988182,0.007656731642782688,-0.00020439150102902204
44,1650,-0.022496428340673447,-0.0016276804963126779,16.973005294799805,5.515079021453857,15336.06890168624,93.60746765136719,-2.61403751373291,-2.79255248606205,0.008606008253991604,-0.00024032729561440647
44.1,1650,-0.019510354846715927,-0.0015456901164725423,16.973007202148438,5.510964393615723,15336.685549378346,93.53763580322266,-2.48246169090271,-2.653970941901207,0.007859277538955212,-0.00020858293282799423
44.2,1650,-0.02124941162765026,-0.0014914044877514243,16.972721099853516,5.528608798980713,15336.52002202054,93.83553314208984,-2.3952503204345703,-2.5526046752929688,0.008871478959918022,-0.00022645377612207085
44.3,1650,-0.019998373463749886,-0.0015889793867245317,16.972923278808594,5.533693790435791,15336.97230804046,93.92295837402344,-2.552034378051758,-2.717157080769539,0.00783624779433012,-0.00021292315796017647
44.4,1650,-0.019406871870160103,-0.0014994440134614706,16.972932815551758,5.544589042663574,15336.684383692727,94.10794067382812,-2.4081878662109375,-2.5589635595679283,0.008058703504502773,-0.00020621929434128106
44.5,1650,-0.022855181246995926,-0.001626830780878663,16.97286605834961,5.530297756195068,15338.2580592775,93.86500549316406,-2.6130459308624268,-2.7838340029120445,0.00874656718224287,-0.00024348990700673312
44.6,1650,-0.020227735862135887,-0.001617401372641325,16.97295570373535,5.529211521148682,15339.264045966134,93.84706115722656,-2.5980706214904785,-2.768409065902233,0.007785676047205925,-0.00021553935948759317
44.7,1650,-0.022256681695580482,-0.0016447963425889611,16.97294807434082,5.533823013305664,15337.763808575319,93.92529296875,-2.641817331314087,-2.81267948448658,0.008424761705100536,-0.0002369615394854918
44.8,1650,-0.019688257947564125,-0.0016040124464780092,16.972774505615234,5.530012130737305,15336.931509043818,93.85964965820312,-2.576171875,-2.7447065338492393,0.007642447482794523,-0.0002097627439070493
44.9,1650,-0.020630616694688797,-0.0016949530690908432,16.972871780395508,5.521549701690674,15337.130841284556,93.716552734375,-2.7222650051116943,-2.9047857969999313,0.007578474469482899,-0.00022013844863977283
45,1650,-0.020332183688879013,-0.0015898888232186437,16.972850799560547,5.519588470458984,15338.097194662167,93.68315124511719,-2.553682327270508,-2.725871466100216,0.007961908355355263,-0.00021703138190787286
45.1,1650,-0.01764438860118389,-0.0016448039095848799,16.972904205322266,5.519745349884033,15339.19527051465,93.68611145019531,-2.642076015472412,-2.820136398077011,0.006678228732198477,-0.00018833516514860094
45.2,1650,-0.02074996940791607,-0.001592483138665557,16.97254180908203,5.52717924118042,15337.836081083657,93.8102798461914,-2.5578057765960693,-2.7265729382634163,0.008112410083413124,-0.0002211907849414274
45.3,1650,-0.019322948530316353,-0.0015490708174183965,16.97279930114746,5.514820575714111,15336.86623064919,93.60194396972656,-2.4879205226898193,-2.657979726791382,0.00776670640334487,-0.00020643747120629996
45.4,1650,-0.022033855319023132,-0.0016612510662525892,16.97291374206543,5.498661518096924,15337.325510782819,93.32830810546875,-2.668170213699341,-2.8589077293872833,0.008258040063083172,-0.00023608973424416035
45.5,1650,-0.019085004925727844,-0.0015329732559621334,16.972944259643555,5.503809452056885,15338.22192302333,93.41584777832031,-2.4622843265533447,-2.6358313858509064,0.0077509344555437565,-0.00020430157019291073
45.6,1650,-0.019965408369898796,-0.0017062572296708822,16.972972869873047,5.511991024017334,15337.880377137153,93.55487060546875,-2.7405545711517334,-2.929355390369892,0.0072851707227528095,-0.00021340853709261864
45.7,1650,-0.020447516813874245,-0.001644251518882811,16.972759246826172,5.5249528884887695,15338.536658140285,93.77369689941406,-2.641075372695923,-2.816435322165489,0.007742117624729872,-0.00021805173309985548
45.8,1650,-0.01852359250187874,-0.0016684583388268948,16.97291374206543,5.517906188964844,15338.781452120138,93.65494537353516,-2.6800003051757812,-2.861568331718445,0.006911787670105696,-0.00019778552814386785
45.9,1650,-0.021932486444711685,-0.0016532976878806949,16.97271728515625,5.5226922035217285,15336.701868977003,93.73509216308594,-2.6552882194519043,-2.8327576816082,0.008259926922619343,-0.0002339837228646502
46,1700,-0.018463142216205597,-0.001496334676630795,16.97270965576172,5.528743267059326,15337.066728575546,93.83775329589844,-2.4032540321350098,-2.561073563992977,0.007682560011744499,-0.00019675600924529135
46.1,1700,-0.022256407886743546,0.015397701412439346,16.95261573791504,7.289259433746338,15602.90832795371,123.57201385498047,25.1588077545166,20.35963237285614,-0.0008846368291415274,-0.00018010880739893764
46.2,1700,-0.018979130312800407,0.010958141647279263,16.9755802154541,6.86322021484375,16073.264806328705,116.50714874267578,18.444616317749023,15.831318497657776,-0.001028979429975152,-0.0001629009930184111
46.3,1700,-0.01847081445157528,0.0050561316311359406,16.979551315307617,6.294710636138916,16359.468602088185,106.88136291503906,8.66196060180664,8.104275912046432,-0.002132405759766698,-0.00017281604232266545
46.4,1700,-0.020201144739985466,0.0018841746496036649,16.977352142333984,5.973852157592773,16509.108830601246,101.4201889038086,3.2574174404144287,3.2118037343025208,-0.006201583426445723,-0.00019918267207685858
46.5,1700,-0.022133639082312584,0.00007905751408543438,16.975183486938477,5.814121723175049,16586.573302683,98.69578552246094,0.13731831312179565,0.13913289876654744,-0.1611849069595337,-0.00022426123905461282
46.6,1700,-0.021554607897996902,-0.0006120286998338997,16.974056243896484,5.729794979095459,16627.52616982683,97.25786590576172,-1.0656830072402954,-1.0957294143736362,0.020226096734404564,-0.00022162329696584493
46.7,1700,-0.017484933137893677,-0.0010292938677594066,16.973453521728516,5.694187164306641,16651.50315731065,96.6500244140625,-1.7948222160339355,-1.8570324406027794,0.009741874411702156,-0.0001809097739169374
46.8,1700,-0.016825245693325996,-0.0013095519971102476,16.9732608795166,5.659329891204834,16663.345357507453,96.05728149414062,-2.2851438522338867,-2.3789387196302414,0.007362882141023874,-0.00017515846411697567
46.9,1700,-0.019362907856702805,-0.0014894308988004923,16.972965240478516,5.655900001525879,16669.448887405128,95.99739074707031,-2.5999813079833984,-2.7083873748779297,0.007447326090186834,-0.0002017024380620569
47,1700,-0.021061060950160027,-0.0016536761540919542,16.97309684753418,5.633127212524414,16673.494982186417,95.61161041259766,-2.8873918056488037,-3.019917570054531,0.007294147275388241,-0.00022027723025530577
47.1,1700,-0.02160082571208477,-0.0016521846409887075,16.972679138183594,5.642221450805664,16674.376240513888,95.76361083984375,-2.8849401473999023,-3.0125638470053673,0.007487443275749683,-0.00022556401381734759
47.2,1700,-0.018989088013768196,-0.001406169030815363,16.97277069091797,5.636528491973877,16677.72175823855,95.6675033569336,-2.4558558464050293,-2.5670742616057396,0.00773216737434268,-0.00019849046657327563
47.3,1700,-0.01692257449030876,-0.001548416563309729,16.973093032836914,5.620474338531494,16677.903605195013,95.39683532714844,-2.7043187618255615,-2.834809757769108,0.006257610861212015,-0.0001773913681972772
47.4,1700,-0.01914570853114128,-0.001653734128922224,16.972993850708008,5.620076656341553,16678.22533442568,95.3895263671875,-2.888312339782715,-3.027913346886635,0.006628683768212795,-0.00020071079779881984
47.5,1700,-0.02094462141394615,-0.0017476296052336693,16.972959518432617,5.627429962158203,16677.31959670022,95.5141372680664,-3.052138566970825,-3.195483610033989,0.006862277165055275,-0.00021928294154349715
47.6,1700,-0.021863464266061783,-0.001819798955693841,16.972755432128906,5.63432502746582,16677.163394827363,95.63002014160156,-3.1781487464904785,-3.3233795315027237,0.006879308260977268,-0.00022862553305458277
47.7,1700,-0.020589355379343033,-0.0016308159101754427,16.972789764404297,5.630392551422119,16677.577213221874,95.56346893310547,-2.8481740951538086,-2.980400435626507,0.007228966802358627,-0.00021545214985962957
47.8,1700,-0.019915632903575897,-0.0016638061497360468,16.972963333129883,5.630855083465576,16677.740409208443,95.57229614257812,-2.9058189392089844,-3.0404405668377876,0.006853707600384951,-0.0002083829022012651
47.9,1700,-0.01847328618168831,-0.0015173469437286258,16.97287368774414,5.630738735198975,16677.268306533013,95.56981658935547,-2.6499545574188232,-2.7727944776415825,0.006971171125769615,-0.00019329623319208622
48,1700,-0.020293064415454865,-0.0016847540391609073,16.97271728515625,5.64042854309082,16678.135576633063,95.7333984375,-2.942473888397217,-3.0736127868294716,0.0068965996615588665,-0.00021197476598899812
48.1,1700,-0.02264256775379181,-0.0017530007753521204,16.972824096679688,5.642740726470947,16679.357215161093,95.77324676513672,-3.0618932247161865,-3.197023645043373,0.007394956890493631,-0.00023641850566491485
48.2,1700,-0.02175702527165413,-0.0016143051907420158,16.972925186157227,5.641615867614746,16680.402835160752,95.75472259521484,-2.8198161125183105,-2.944832481443882,0.007715760264545679,-0.0002272162091685459
48.3,1700,-0.01936531439423561,-0.0016550017753615975,16.973106384277344,5.64359712600708,16678.399021582813,95.78937530517578,-2.8905563354492188,-3.017616830766201,0.00669951131567359,-0.00020216558186803013
48.4,1700,-0.021140461787581444,-0.0016152660828083754,16.973806381225586,5.636157989501953,16679.173036833396,95.66705322265625,-2.821286678314209,-2.949068136513233,0.007493198849260807,-0.0002209795347880572
48.5,1700,-0.021323945373296738,-0.0016372653190046549,16.974021911621094,5.645266532897949,16679.752382585713,95.8228759765625,-2.8598105907440186,-2.984475903213024,0.007456418592482805,-0.0002225350181106478
48.6,1700,-0.022665774449706078,-0.0018233226146548986,16.974233627319336,5.633212089538574,16680.89009174922,95.61946105957031,-3.185014009475708,-3.3309265971183777,0.007116381078958511,-0.00023704144405201077
48.7,1700,-0.02271091192960739,-0.0018253982998430729,16.974323272705078,5.621319770812988,16680.993837769256,95.41809844970703,-3.18865966796875,-3.341776505112648,0.0071224006824195385,-0.00023801471979822963
48.8,1700,-0.020336691290140152,-0.0016417511506006122,16.974205017089844,5.633257865905762,16680.70941047838,95.62007141113281,-2.8678104877471924,-2.9991721734404564,0.007091364823281765,-0.00021268223645165563
48.9,1700,-0.020330946892499924,-0.0017544151050969958,16.973520278930664,5.626217842102051,16678.71025964291,95.49671936035156,-3.0642447471618652,-3.2087434083223343,0.006634896621108055,-0.0002128968044416979
49,1700,-0.021400002762675285,-0.0016143511747941375,16.973186492919922,5.625767707824707,16678.983030077605,95.4872055053711,-2.8196563720703125,-2.9529154300689697,0.007589578162878752,-0.00022411382815334946
49.1,1700,-0.023076841607689857,-0.001746544847264886,16.972900390625,5.629218578338623,16678.54240091387,95.5441665649414,-3.0504679679870605,-3.1927306205034256,0.007565017323940992,-0.00024153062258847058
49.2,1700,-0.02315681055188179,-0.001712022814899683,16.972951889038086,5.605347633361816,16680.018158906696,95.13929748535156,-2.9904372692108154,-3.1432196497917175,0.007743620313704014,-0.00024339901574421674
49.3,1700,-0.021054847165942192,-0.0016844787169247866,16.97272491455078,5.614518165588379,16678.96554479333,95.29367065429688,-2.9421393871307373,-3.0874447897076607,0.007156305015087128,-0.0002209469530498609
49.4,1700,-0.018872439861297607,-0.001704914029687643,16.972875595092773,5.611281394958496,16678.46896271991,95.23957824707031,-2.97774338722229,-3.126581758260727,0.006337832659482956,-0.00019815753330476582
49.5,1700,-0.019290657714009285,-0.0016504903323948383,16.972745895385742,5.622960567474365,16679.174202519014,95.43708038330078,-2.8828108310699463,-3.0206402763724327,0.006691614165902138,-0.00020212958042975515
49.6,1700,-0.02168894372880459,-0.0017707449151203036,16.97288703918457,5.605766296386719,16681.29458465879,95.14604187011719,-3.093245267868042,-3.251050040125847,0.00701171113178134,-0.0002279542532050982
49.7,1700,-0.022372540086507797,-0.0018815540242940187,16.972835540771484,5.616913318634033,16681.762024591746,95.33494567871094,-3.286905527114868,-3.4477446228265762,0.006806565914303064,-0.00023467301798518747
49.8,1700,-0.021125352010130882,-0.001714593730866909,16.973278045654297,5.6187238693237305,16682.29008017686,95.3681640625,-2.995335817337036,-3.140813112258911,0.007052748929709196,-0.00022151367738842964
49.9,1700,-0.017981089651584625,-0.0016936499159783125,16.97416114807129,5.6107707023620605,16682.781999507803,95.23812866210938,-2.9588348865509033,-3.1067756935954094,0.006077084224671125,-0.00018880137940868735
50,1700,-0.019702505320310593,-0.0016687526367604733,16.973886489868164,5.619204044342041,16680.628978170713,95.37973022460938,-2.9149627685546875,-3.056165762245655,0.0067590936087071896,-0.00020656909327954054
50.1,1700,-0.0188621673732996,-0.0017240148736163974,16.973522186279297,5.626140594482422,16681.500911013238,95.49542236328125,-3.0116517543792725,-3.153713047504425,0.006263063754886389,-0.00019751906802412122
50.2,1700,-0.020308183506131172,-0.0018300358206033707,16.973398208618164,5.609029293060303,16681.79582947468,95.20428466796875,-3.1969144344329834,-3.3579520881175995,0.0063524325378239155,-0.00021331165044102818
50.3,1700,-0.02091217413544655,-0.0016623371047899127,16.972925186157227,5.6236467361450195,16681.718894223868,95.44973754882812,-2.9039459228515625,-3.042382374405861,0.007201296277344227,-0.0002190909581258893
50.4,1700,-0.01935693807899952,-0.0017462398391216993,16.972957611083984,5.618644714355469,16680.528729207534,95.36502075195312,-3.0502984523773193,-3.1985506415367126,0.006345916073769331,-0.00020297734590712935
50.5,1700,-0.012721361592411995,-0.0015223136870190501,16.972721099853516,5.6232686042785645,16681.659444257333,95.44216918945312,-2.6593286991119385,-2.786324732005596,0.004783674143254757,-0.0001332886895397678
50.6,1700,-0.017461268231272697,-0.001713942619971931,16.972942352294922,5.618589878082275,16682.341370344067,95.36399841308594,-2.9942076206207275,-3.139767050743103,0.005831682588905096,-0.00018310124869458377
50.7,1700,-0.021179670467972755,-0.0019098627381026745,16.97295379638672,5.630615234375,16682.414808538022,95.56816864013672,-3.336488962173462,-3.491213545203209,0.006347891874611378,-0.00022161845117807388
50.8,1700,-0.02087859809398651,-0.0019079947378486395,16.973892211914062,5.625325679779053,16683.550186330296,95.48367309570312,-3.3334524631500244,-3.4911230206489563,0.006263355724513531,-0.00021866144379600883
50.9,1700,-0.020444128662347794,-0.00181284686550498,16.97417449951172,5.621245384216309,16683.939525326823,95.41600036621094,-3.1672937870025635,-3.319457545876503,0.006454762537032366,-0.00021426311286631972
51,1750,-0.018146175891160965,-0.0016680475091561675,16.974193572998047,5.6093549728393555,16683.45576579521,95.21427917480469,-2.914224863052368,-3.0607014894485474,0.006226758938282728,-0.000190582504728809
51.1,1750,-0.019632253795862198,0.015789106488227844,16.952383041381836,7.4748311042785645,16947.255083970023,126.71620178222656,28.0211238861084,22.113291919231415,-0.0007006233790889382,-0.00015493089449591935
51.2,1750,-0.019010396674275398,0.011508770287036896,16.9788818359375,6.933449745178223,17440.722445414405,117.72222137451172,21.019481658935547,17.855152487754822,-0.0009044179460033774,-0.0001614851935300976
51.3,1750,-0.018569111824035645,0.005213106516748667,16.98322296142578,6.188665390014648,17737.664537090113,105.10348510742188,9.683260917663574,9.213073551654816,-0.001917650573886931,-0.00017667455540504307
51.4,1750,-0.01892748475074768,0.0020205085165798664,16.98000144958496,5.808810710906982,17891.60148279241,98.63361358642578,3.785633087158203,3.8380760699510574,-0.00499982014298439,-0.00019189690647181123
51.5,1750,-0.019519584253430367,0.0004484872333705425,16.977567672729492,5.599380970001221,17973.17732805008,95.0638656616211,0.8441187739372253,0.8879491128027439,-0.02312421426177025,-0.00020533126371446997
51.6,1750,-0.020046917721629143,-0.0007051242864690721,16.976318359375,5.495388031005859,18014.399468571748,93.29145812988281,-1.3301912546157837,-1.4258446171879768,0.015070703811943531,-0.00021488481434062123
51.7,1750,-0.02068687044084072,-0.0014288763049989939,16.975679397583008,5.437865257263184,18038.45805404885,92.31145477294922,-2.699122905731201,-2.923930622637272,0.0076642935164272785,-0.00022409862140193582
51.8,1750,-0.022173747420310974,-0.001645308337174356,16.97516632080078,5.409093856811523,18049.256965617235,91.82026672363281,-3.1098198890686035,-3.386855497956276,0.007130234967917204,-0.0002414907794445753
51.9,1750,-0.02154097706079483,-0.0017719001043587923,16.97471046447754,5.411378860473633,18055.735846284017,91.8565902709961,-3.350295066833496,-3.64731028676033,0.006429576314985752,-0.00023450660228263587
52,1750,-0.02056971937417984,-0.0017984104342758656,16.974533081054688,5.40396785736084,18058.523000597488,91.72982788085938,-3.4009454250335693,-3.7075676023960114,0.006048235576599836,-0.00022424242342822254
52.1,1750,-0.01949533447623253,-0.0018659415654838085,16.97467613220215,5.40257453918457,18060.680684677052,91.70695495605469,-3.52907395362854,-3.8482077419757843,0.005524206906557083,-0.00021258294873405248
52.2,1750,-0.018616177141666412,-0.001899441471323371,16.974653244018555,5.4113030433654785,18062.802232502447,91.85499572753906,-3.5928547382354736,-3.9114419370889664,0.005181444343179464,-0.00020266919455025345
52.3,1750,-0.017940741032361984,-0.0021059804130345583,16.974822998046875,5.38231086730957,18063.734780997125,91.36377716064453,-3.9837355613708496,-4.360301047563553,0.004503496922552586,-0.00019636601791717112
52.4,1750,-0.019603274762630463,-0.001987114083021879,16.97490882873535,5.372487545013428,18063.221879325054,91.1974868774414,-3.758777618408203,-4.121580347418785,0.005215332377701998,-0.00021495411056093872
52.5,1750,-0.0206343661993742,-0.001875569811090827,16.974912643432617,5.382138729095459,18064.02037397362,91.36133575439453,-3.5479400157928467,-3.883415088057518,0.005815872456878424,-0.0002258544700453058
52.6,1750,-0.02053486369550228,-0.0018917222041636705,16.97461700439453,5.39217472076416,18064.638187351346,91.53009796142578,-3.5786173343658447,-3.9097707718610764,0.0057382117956876755,-0.00022435093706008047
52.7,1750,-0.02091580629348755,-0.0020018508657813072,16.974714279174805,5.3795084953308105,18065.847003337574,91.31562042236328,-3.787203788757324,-4.147377610206604,0.005522757302969694,-0.00022904960496816784
52.8,1750,-0.019984649494290352,-0.0018790108151733875,16.97472381591797,5.384772777557373,18065.680310294152,91.405029296875,-3.5547757148742676,-3.8890372961759567,0.0056219156831502914,-0.0002186383935622871
52.9,1750,-0.01828925497829914,-0.0014171755174174905,16.974641799926758,5.382035255432129,18064.495973705907,91.35812377929688,-2.680884599685669,-2.934478595852852,0.006822097115218639,-0.00020019298244733363
53,1750,-0.017387770116329193,-0.0012933817924931645,16.974336624145508,5.381628036499023,18064.90512935795,91.34956359863281,-2.446758270263672,-2.6784563437104225,0.007106452248990536,-0.00019034321303479373
53.1,1750,-0.018839173018932343,-0.0012816617963835597,16.974506378173828,5.383716106414795,18064.951756782684,91.38592529296875,-2.424592971801758,-2.6531362906098366,0.007770034950226545,-0.00020614961977116764
53.2,1750,-0.020042365416884422,-0.0010745865292847157,16.97427749633789,5.381477355957031,18065.098633170594,91.34668731689453,-2.0328733921051025,-2.225448377430439,0.009859130717813969,-0.00021940986334811896
53.3,1750,-0.020762164145708084,-0.0012219264172017574,16.974349975585938,5.393494606018066,18064.171913104008,91.55106353759766,-2.311488389968872,-2.5248078629374504,0.008982161991298199,-0.00022678232926409692
53.4,1750,-0.021151233464479446,-0.0013348698848858476,16.97354507446289,5.395162582397461,18063.693982000485,91.57503509521484,-2.525074005126953,-2.7573825791478157,0.00837648008018732,-0.0002309716073796153
53.5,1750,-0.02056307904422283,-0.001680112211033702,16.97343635559082,5.3886332511901855,18064.185901331428,91.463623046875,-3.178229808807373,-3.4748565405607224,0.0064699784852564335,-0.00022482247732114047
53.6,1750,-0.019930390641093254,-0.001786283915862441,16.973360061645508,5.393517017364502,18064.52395016075,91.54610443115234,-3.3791356086730957,-3.6911845207214355,0.00589807378128171,-0.00021770877356175333
53.7,1750,-0.01958807185292244,-0.0018928386270999908,16.97333335876465,5.3784894943237305,18065.616197585143,91.2908935546875,-3.580923080444336,-3.9225414395332336,0.005470118019729853,-0.00021456764079630375
53.8,1750,-0.017788607627153397,-0.0018086276249960065,16.973073959350586,5.386113166809082,18063.550602669427,91.41889953613281,-3.4212191104888916,-3.7423543632030487,0.0051994938403368,-0.00019458348106127232
53.9,1750,-0.01818929985165596,-0.001435879385098815,16.972936630249023,5.404147624969482,18063.359430228018,91.72425842285156,-2.7160959243774414,-2.9611533507704735,0.006696854718029499,-0.00019830414385069162
54,1750,-0.018794938921928406,-0.0013652562629431486,16.973073959350586,5.397040843963623,18063.871166214474,91.6043701171875,-2.5825791358947754,-2.819274738430977,0.0072775851003825665,-0.0002051751216640696
54.1,1750,-0.020267434418201447,-0.0013955794274806976,16.973072052001953,5.401540756225586,18064.21970621436,91.68074035644531,-2.6399905681610107,-2.8795477002859116,0.007677085697650909,-0.0002210653474321589
54.2,1750,-0.020419541746377945,-0.0014627962373197079,16.97284698486328,5.404621601104736,18065.422693772496,91.73181915283203,-2.7673275470733643,-3.0167588964104652,0.007378794252872467,-0.0002226004289695993
54.3,1750,-0.020743584260344505,-0.0017853972967714071,16.973953247070312,5.390649795532227,18066.63384112996,91.50064086914062,-3.3778529167175293,-3.691616654396057,0.006141056306660175,-0.00022670425823889673
54.4,1750,-0.02031784877181053,-0.001963353017345071,16.974409103393555,5.3842692375183105,18067.462643604606,91.39479064941406,-3.7147037982940674,-4.064458981156349,0.0054695745930075645,-0.00022230861941352487
54.5,1750,-0.020039744675159454,-0.001846399623900652,16.974720001220703,5.37779426574707,18067.029008554582,91.28655242919922,-3.4933416843414307,-3.8267865777015686,0.005736554507166147,-0.000219525711145252
54.6,1750,-0.01955140009522438,-0.0017252994002774358,16.974681854248047,5.38366174697876,18067.828668888767,91.38594818115234,-3.2643675804138184,-3.5720672458410263,0.005989337805658579,-0.00021394318901002407
54.7,1750,-0.01938280463218689,-0.0015609305119141936,16.974660873413086,5.383093357086182,18068.214510828442,91.37618255615234,-2.953434944152832,-3.2321717590093613,0.006562800146639347,-0.00021212096908129752
54.8,1750,-0.019873972982168198,-0.0015324587002396584,16.974037170410156,5.376488208770752,18067.41834755111,91.26071166992188,-2.8994357585906982,-3.177091106772423,0.006854427512735128,-0.00021777140500489622
54.9,1750,-0.020600412040948868,-0.001644060481339693,16.973522186279297,5.385134220123291,18066.2106972505,91.40469360351562,-3.110380172729492,-3.402867168188095,0.006623116787523031,-0.0002253758575534448
55,1750,-0.02109657973051071,-0.001794025651179254,16.973388671875,5.379897117614746,18066.242170762194,91.3150863647461,-3.394103527069092,-3.7169143557548523,0.0062156557105481625,-0.00023103061539586633
55.1,1750,-0.019034255295991898,-0.0016365839401260018,16.97307777404785,5.397053241729736,18066.567397049716,91.60460662841797,-3.096296548843384,-3.380066528916359,0.006147426553070545,-0.00020778710313607007
55.2,1750,-0.018211718648672104,-0.0018680189969018102,16.973413467407227,5.367337226867676,18065.947252300753,91.10203552246094,-3.5340332984924316,-3.879203647375107,0.005153239239007235,-0.00019990463624708354
55.3,1750,-0.017267126590013504,-0.0017500229878351092,16.973716735839844,5.398504257202148,18066.51377551127,91.63268280029297,-3.3109049797058105,-3.6132361739873886,0.005215228535234928,-0.0001884385128505528
55.4,1750,-0.01668505370616913,-0.0016129814321175218,16.974050521850586,5.408757209777832,18066.468313772155,91.80851745605469,-3.0516254901885986,-3.3239025622606277,0.005467595066875219,-0.0001817375305108726
55.5,1750,-0.01739400252699852,-0.0015173401916399598,16.974225997924805,5.39263916015625,18066.363402066505,91.53587341308594,-2.870663642883301,-3.136107698082924,0.006059226579964161,-0.00019002388580702245
55.6,1750,-0.018786784261465073,-0.0014549545012414455,16.97429656982422,5.381207466125488,18066.46365102968,91.34220886230469,-2.7526512145996094,-3.0135586857795715,0.006824978161603212,-0.0002056747325696051
55.7,1750,-0.019220225512981415,-0.0013796854764223099,16.974271774291992,5.397650241851807,18068.4977724337,91.62118530273438,-2.6105425357818604,-2.849278226494789,0.007362540811300278,-0.00020977927488274872
55.8,1000,-0.01967122219502926,-0.002505018375813961,16.97992706298828,5.196095943450928,18066.334259926043,88.22933197021484,-4.7392497062683105,-5.371512472629547,0.004150704015046358,-0.00022295558301266283
55.9,1000,-0.019762005656957626,-0.028808895498514175,17.49713134765625,2.0573577880859375,17777.31766476949,35.997859954833984,-53.63168716430664,-148.98576736450195,0.0003684762923512608,-0.0005489772302098572
56,1000,-0.014930279925465584,-0.07022225111722946,24.04158592224121,-0.2914282977581024,16179.443612247245,-7.006398677825928,-118.97808074951172,200,0.00012548765516839921,0.002130949404090643
56.1,1000,-0.024385079741477966,-0.08102995157241821,26.933670043945312,-1.0471919775009155,13871.246205642336,-28.204723358154297,-117.70358276367188,200,0.0002071736380457878,0.0008645743364468217
56.2,1000,-0.016157524660229683,-0.08127082884311676,23.205127716064453,-1.4683878421783447,11428.419104231843,-34.074127197265625,-97.2634048461914,200,0.00016612131730653346,0.00047418748727068305
56.3,1000,-0.01949228160083294,-0.07468879222869873,20.07147789001465,-1.2635868787765503,9086.980423691288,-25.362056732177734,-71.07283782958984,200,0.0002742578217294067,0.0007685607997700572
56.4,1000,-0.019894326105713844,-0.06618936359882355,18.58092498779297,-0.8981629014015198,6989.0563830378505,-16.688697814941406,-48.443485260009766,200,0.00041067085112445056,0.00119208381511271
56.5,1000,-0.021528787910938263,-0.0580473318696022,17.82110595703125,-0.5807614922523499,5149.83528303581,-10.349812507629395,-31.3043155670166,200,0.000687725841999054,0.002080113859847188
56.6,1000,-0.021726015955209732,-0.049382515251636505,17.423263549804688,-0.34613198041915894,3571.3719360089085,-6.0307488441467285,-18.468725204467773,200,0.0011763679794967175,0.0036025403533130884
56.7,1000,-0.02204727940261364,-0.03821200504899025,17.2130126953125,-0.22152408957481384,2958.3582688175734,-3.8130970001220703,-11.838024139404297,200,0.0018624120857566595,0.005781987681984901
56.8,1000,-0.022007839754223824,-0.03183659911155701,17.133522033691406,-0.1946788877248764,2958.3582688175734,-3.3355350494384766,-9.862932205200195,200,0.0022313687950372696,0.006597993895411491
56.9,1000,-0.022007837891578674,-0.03183659911155701,17.133522033691406,-0.1946788877248764,2958.3582688175734,-3.3355350494384766,-9.862932205200195,200,0.002231368562206626,0.006597993429750204
57,1000,-0.022007837891578674,-0.03183659911155701,17.133522033691406,-0.1946788877248764,2958.3582688175734,-3.3355350494384766,-9.862932205200195,200,0.002231368562206626,0.006597993429750204
