Time (s),Powertrain 1 - ESC throttle (μs),Powertrain 1 - force Fz (thrust) (N),Powertrain 1 - torque MZ (torque) (N⋅m),Powertrain 1 - voltage (V),Powertrain 1 - current (A),Powertrain 1 - rotation speed (rpm),Powertrain 1 - electrical power (W),Powertrain 1 - mechanical power (W),Powertrain 1 - motor & ESC efficiency (%),Powertrain 1 - propeller efficiency (N/W),Powertrain 1 - powertrain efficiency (N/W)
0,1000,-0.01147683896124363,-0.0025453988928347826,16.96497344970703,0.012364234775304794,0,0.2097589075565338,0,0,0,-0.05471442639827728
0.1,1000,-0.005328841041773558,-0.0013746547047048807,16.964969635009766,-0.0006215681787580252,164.84719846106694,-0.010544884949922562,-0.023730332031846046,200,0.22455821931362152,0.5053483843803406
0.2,1000,-0.002797989174723625,-0.000747018086258322,16.964962005615234,-0.005857617128640413,329.6943969221339,-0.09937424957752228,-0.025791184976696968,25.953587889671326,0.10848625749349594,0.02815607748925686
0.3,1000,-0.001181113300845027,-0.0004235880624037236,16.9649658203125,0.009688935242593288,494.5416135970386,0.16437245905399323,-0.021936895325779915,-13.34584653377533,0.05384140461683273,-0.007185591384768486
0.4,1000,-0.00004403995626489632,-0.00024005878367461264,16.964962005615234,0.003279308322817087,659.3887938442678,0.055633340030908585,-0.016576306894421577,-29.795634746551514,0.0026568013709038496,-0.0007916108588688076
0.5,1000,0.00021503353491425514,-0.00017896256758831441,16.964984893798828,-0.019921405240893364,824.236046946848,-0.33796635270118713,-0.015446938574314117,4.570555314421654,-0.013920786790549755,-0.0006362572312355042
0.6,1000,0.0008274776046164334,-0.00006989982648519799,16.96501922607422,-0.024112626910209656,989.0832271940772,-0.4090711772441864,-0.0072399829514324665,1.7698589712381363,-0.11429275572299957,-0.0020228205248713493
0.7,1000,0.00017710862448439002,-0.000029257682399475016,16.964981079101562,-0.02182242088019848,1153.9304802966574,-0.370216965675354,-0.003535478375852108,0.9549747221171856,-0.05009467154741287,-0.00047839144826866686
0.8,1000,0.0016534606693312526,0.00002776101609924808,16.9649658203125,-0.014982817694544792,1318.7775876885355,-0.25418299436569214,0.0038338536396622658,-1.5083045698702335,0.4312790334224701,-0.006505001336336136
0.9,1000,0.0018876189133152366,-0.00002199141999881249,16.9649715423584,-0.018101448193192482,1483.624913646467,-0.30709055066108704,-0.003416693303734064,1.1126012541353703,-0.5524694919586182,-0.006146782543510199
1,1250,0.0017729797400534153,-0.000025506340534775518,16.964967727661133,-0.0068838647566735744,1648.472093893696,-0.11678454279899597,-0.0044030980207026005,3.770274668931961,-0.4026664197444916,-0.015181629918515682
1.1,1250,0.0038985598366707563,0.01399221457540989,16.90402603149414,1.0254967212677002,1813.3192741409252,17.335023880004883,2.6569864749908447,15.327274799346924,0.001467286259867251,0.00022489498951472342
1.2,1250,0.06895801424980164,0.07124069333076477,16.715837478637695,5.439473628997803,1978.1664543881543,90.92535400390625,14.757730484008789,16.230599582195282,0.004672670736908913,0.0007584024569950998
1.3,1250,0.4866425395011902,0.09166006743907928,16.780132293701172,4.96194314956665,2318.005048265591,83.2620620727539,22.249649047851562,26.722434163093567,0.021871918812394142,0.005844708997756243
1.4,1250,1.0095386505126953,0.07686838507652283,16.817848205566406,4.204782962799072,2830.5775598626005,70.71540069580078,22.785125732421875,32.220882177352905,0.0443069152534008,0.014276078902184963
1.5,1250,1.3692017793655396,0.05938967317342758,16.841115951538086,3.5731618404388428,3189.977669812252,60.17603302001953,19.839338302612305,32.96883702278137,0.06901448965072632,0.02275327406823635
1.6,1250,1.571552038192749,0.048805657774209976,16.85135269165039,3.19162917137146,3396.3389948285476,53.783267974853516,17.3584041595459,32.27473199367523,0.09053550660610199,0.029220091179013252
1.7,1250,1.687727928161621,0.04295121133327484,16.85603141784668,3.0036773681640625,3516.1606938028385,50.63008117675781,15.815129280090332,31.23662769794464,0.10671603679656982,0.03333448991179466
1.8,1250,1.7512801885604858,0.03951212763786316,16.85870933532715,2.8903486728668213,3584.4063411718807,48.72754669189453,14.831199645996094,30.436989665031433,0.11808082461357117,0.035940248519182205
1.9,1250,1.7855030298233032,0.03764703869819641,16.860145568847656,2.8234968185424805,3621.5214798387033,47.60456848144531,14.277444839477539,29.99175488948822,0.12505759298801422,0.03750696778297424
2,1250,1.80122709274292,0.03615881875157356,16.861814498901367,2.77962327003479,3639.56862458198,46.86949157714844,13.781381607055664,29.40373718738556,0.1307000368833542,0.03843069449067116
2.1,1250,1.8091830015182495,0.03577171266078949,16.861616134643555,2.7559194564819336,3647.254281285159,46.46925735473633,13.662632942199707,29.401445388793945,0.13241833448410034,0.03893290087580681
2.2,1250,1.8214242458343506,0.035902246832847595,16.861543655395508,2.7587058544158936,3654.8210380552655,46.51604080200195,13.740937232971191,29.54021394252777,0.13255459070205688,0.03915690630674362
2.3,1250,1.82840895652771,0.03551860898733139,16.862014770507812,2.7505249977111816,3658.5480263985314,46.37939453125,13.607969284057617,29.340550303459167,0.1343630999326706,0.03942287340760231
2.4,1250,1.8341096639633179,0.03577740490436554,16.86123275756836,2.7636213302612305,3659.97161995994,46.598060607910156,13.712453842163086,29.427090287208557,0.13375502824783325,0.03936021402478218
2.5,1250,1.8418312072753906,0.03542661666870117,16.861797332763672,2.7618796825408936,3662.836583788437,46.570255279541016,13.588635444641113,29.178786277770996,0.13554203510284424,0.03954951837658882
2.6,1250,1.8412854671478271,0.03523387014865875,16.86191177368164,2.7608728408813477,3663.1023601094203,46.553592681884766,13.515684127807617,29.032525420188904,0.13623324036598206,0.03955195099115372
2.7,1250,1.8395373821258545,0.035229094326496124,16.862009048461914,2.752410888671875,3663.495196162804,46.41117858886719,13.515300750732422,29.120787978172302,0.13610775768756866,0.03963565453886986
2.8,1250,1.834689736366272,0.035038430243730545,16.86210823059082,2.7477660179138184,3659.917998421496,46.3331298828125,13.42902946472168,28.983643651008606,0.13662117719650269,0.03959779441356659
2.9,1250,1.834185242652893,0.035831525921821594,16.86106300354004,2.7832698822021484,3660.737475411195,46.928890228271484,13.73607063293457,29.26996648311615,0.13353057205677032,0.03908435255289078
3,1250,1.8357094526290894,0.03538089990615845,16.86170768737793,2.771380662918091,3662.510191815299,46.73020935058594,13.569890022277832,29.038795828819275,0.1352781355381012,0.0392831414937973
3.1,1250,1.8358346223831177,0.03499520570039749,16.86226463317871,2.769890308380127,3662.242375544484,46.70662307739258,13.420980453491211,28.734642267227173,0.13678841292858124,0.039305660873651505
3.2,1250,1.838377594947815,0.0352444052696228,16.862016677856445,2.7769787311553955,3662.573721681499,46.825462341308594,13.517773628234863,28.868427872657776,0.13599707186222076,0.03926021233201027
3.3,1250,1.8427090644836426,0.0352841354906559,16.8616886138916,2.7804863452911377,3664.184990627462,46.88369369506836,13.538966178894043,28.87777090072632,0.13610412180423737,0.03930383548140526
3.4,1250,1.8420149087905884,0.035394180566072464,16.861854553222656,2.7659733295440674,3664.077747550574,46.63943862915039,13.580794334411621,29.11868989467621,0.13563381135463715,0.03949479013681412
3.5,1250,1.8409490585327148,0.03519656881690025,16.86176300048828,2.7575409412384033,3664.537027684203,46.49700164794922,13.50666332244873,29.048460721969604,0.13629932701587677,0.03959285467863083
3.6,1250,1.8354597091674805,0.03519245237112045,16.861995697021484,2.7438063621520996,3663.741738671085,46.26605224609375,13.502152442932129,29.18371558189392,0.13593830168247223,0.039671845734119415
3.7,1250,1.8206801414489746,0.03410589322447777,16.864347457885742,2.7035295963287354,3654.367586349728,45.59326171875,13.051795959472656,28.626587986946106,0.13949652016162872,0.03993309661746025
3.8,1250,1.8177541494369507,0.03550633788108826,16.86172103881836,2.7338156700134277,3651.806283624811,46.09683609008789,13.578201293945312,29.455819725990295,0.13387297093868256,0.03943338245153427
3.9,1250,1.8166887760162354,0.034437961876392365,16.864797592163086,2.682910203933716,3651.1599109494364,45.24673843383789,13.167305946350098,29.101115465164185,0.13796967267990112,0.0401507131755352
4,1250,1.8161273002624512,0.035718247294425964,16.86135482788086,2.749880313873291,3650.849547153551,46.36670684814453,13.655659675598145,29.451432824134827,0.13299447298049927,0.03916877880692482
4.1,1250,1.825762391090393,0.03541538864374161,16.86198616027832,2.745417833328247,3657.6900817834266,46.29319763183594,13.565241813659668,29.30288314819336,0.1345912218093872,0.03943910822272301
4.2,1250,1.8319147825241089,0.03540501371026039,16.86186981201172,2.759784460067749,3661.640007501202,46.535125732421875,13.575912475585938,29.17347252368927,0.13493861258029938,0.03936627879738808
4.3,1250,1.8361611366271973,0.03533206135034561,16.862049102783203,2.7739815711975098,3663.510641497247,46.7750129699707,13.55486011505127,28.978848457336426,0.1354614496231079,0.03925517201423645
4.4,1250,1.8349714279174805,0.03516295179724693,16.86216926574707,2.7635304927825928,3662.59091554437,46.599117279052734,13.48659610748291,28.941741585731506,0.13605889678001404,0.039377812296152115
4.5,1250,1.8303498029708862,0.03494246304035187,16.862213134765625,2.7574164867401123,3660.219910996648,46.49614334106445,13.393352508544922,28.80529761314392,0.13666105270385742,0.039365626871585846
4.6,1250,1.826650857925415,0.03492334485054016,16.862308502197266,2.772616147994995,3658.5952366660745,46.752708435058594,13.380083084106445,28.618839383125305,0.1365201473236084,0.039070483297109604
4.7,1250,1.82314133644104,0.03537977114319801,16.86170196533203,2.768795967102051,3658.2711760641737,46.68661117553711,13.553751945495605,29.03134524822235,0.13451193273067474,0.0390506237745285
4.8,1250,1.8232362270355225,0.035500217229127884,16.861154556274414,2.77898907661438,3662.5203915644597,46.856964111328125,13.615691184997559,29.05798852443695,0.1339069902896881,0.038910675793886185
4.9,1250,1.8250563144683838,0.035064056515693665,16.861907958984375,2.768629312515259,3663.9987723499307,46.68437194824219,13.453834533691406,28.818711638450623,0.13565324246883392,0.039093516767024994
5,1250,1.8280565738677979,0.035271987318992615,16.861787796020508,2.7588231563568115,3663.7600982195736,46.51869201660156,13.532734870910645,29.090961813926697,0.13508404791355133,0.03929724916815758
5.1,1250,1.8328144550323486,0.03524313494563103,16.862014770507812,2.7543156147003174,3664.56412987483,46.44330978393555,13.524632453918457,29.120734333992004,0.13551676273345947,0.03946347534656525
5.2,1250,1.8326936960220337,0.035107675939798355,16.862117767333984,2.7467172145843506,3661.760655962701,46.315467834472656,13.462343215942383,29.066622257232666,0.1361348181962967,0.03956979513168335
5.3,1250,1.8320823907852173,0.035252105444669724,16.86194610595703,2.762880802154541,3659.055973906727,46.587547302246094,13.50774097442627,28.99431586265564,0.13563203811645508,0.03932558000087738
5.4,1250,1.8340351581573486,0.03534534201025963,16.861719131469727,2.778630256652832,3659.637651030283,46.852481842041016,13.54561996459961,28.91121208667755,0.13539691269397736,0.039144888520240784
5.5,1250,1.8371785879135132,0.03508298844099045,16.862384796142578,2.7660160064697266,3661.3975448925853,46.641624450683594,13.451542854309082,28.840208053588867,0.1365775465965271,0.03938924893736839
5.6,1250,1.8326971530914307,0.03537385165691376,16.861909866333008,2.7654080390930176,3659.973951331177,46.630062103271484,13.557791709899902,29.075217247009277,0.1351766735315323,0.03930291160941124
5.7,1250,1.828826904296875,0.03487187623977661,16.862537384033203,2.7480335235595703,3659.060928070605,46.33881759643555,13.362064361572266,28.83557677268982,0.13686709105968475,0.039466410875320435
5.8,1250,1.8262027502059937,0.03512617200613022,16.861743927001953,2.7631094455718994,3657.440042218291,46.590843200683594,13.453542709350586,28.875938057899475,0.13574139773845673,0.03919660300016403
5.9,1250,1.8266304731369019,0.03496432676911354,16.862079620361328,2.759781837463379,3657.349701582869,46.53565979003906,13.391223907470703,28.77626121044159,0.13640503585338593,0.03925227373838425
6,1300,1.8267443180084229,0.03508150205016136,16.862197875976562,2.744150161743164,3656.2717338073007,46.272403717041016,13.432141304016113,29.028406739234924,0.13599799573421478,0.03947805240750313
6.1,1300,2.0531795024871826,0.07092272490262985,16.787036895751953,4.23803186416626,3865.138700060237,71.14399719238281,28.706424713134766,40.349751710891724,0.07152334600687027,0.028859490528702736
6.2,1300,2.540494918823242,0.07339213043451309,16.783483505249023,4.66530704498291,4258.007392641111,78.30010223388672,32.72536849975586,41.79479479789734,0.07763075083494186,0.03244561329483986
6.3,1300,2.8569045066833496,0.070456862449646,16.788375854492188,4.697797775268555,4528.099081783775,78.86839294433594,33.40933609008789,42.3608660697937,0.08551216125488281,0.03622369468212128
6.4,1300,3.0965471267700195,0.06635358184576035,16.79128646850586,4.666090488433838,4682.840641984133,78.34966278076172,32.53886413574219,41.530317068099976,0.09516457468271255,0.03952214866876602
6.5,1300,3.2210748195648193,0.06436610966920853,16.792299270629883,4.649844169616699,4767.8849847992005,78.08157348632812,32.13746643066406,41.15883708000183,0.10022802650928497,0.04125268757343292
6.6,1300,3.282536029815674,0.06327968835830688,16.793045043945312,4.602912902832031,4811.881457092541,77.29692077636719,31.886573791503906,41.25206172466278,0.10294414311647415,0.042466580867767334
6.7,1300,3.305877208709717,0.06329420208930969,16.793184280395508,4.588588237762451,4834.725980998132,77.0570068359375,32.04530334472656,41.58649146556854,0.10316260904073715,0.04290170595049858
6.8,1300,3.31083607673645,0.06352874636650085,16.79317855834961,4.601838111877441,4847.660720040736,77.27948760986328,32.25010299682617,41.73177778720856,0.10266125202178955,0.04284236580133438
6.9,1300,3.3262956142425537,0.06425592303276062,16.792936325073242,4.613002777099609,4854.175154118878,77.46585845947266,32.6630859375,42.1644926071167,0.10183653235435486,0.04293885827064514
7,1300,3.364661931991577,0.0639331191778183,16.793216705322266,4.6060261726379395,4859.333604401477,77.3499984741211,32.533531188964844,42.060160636901855,0.10342135280370712,0.043499186635017395
7.1,1300,3.376293659210205,0.06332611292600632,16.793678283691406,4.59973669052124,4859.095804535334,77.24649810791016,32.22306823730469,41.71460270881653,0.10477877408266068,0.04370804876089096
7.2,1300,3.3538143634796143,0.06162389740347862,16.7960205078125,4.558884620666504,4852.870751911946,76.57112121582031,31.316736221313477,40.8988893032074,0.10709335654973984,0.0437999926507473
7.3,1300,3.3344407081604004,0.06185481697320938,16.793428421020508,4.597226142883301,4852.248858634557,77.20318603515625,31.4300594329834,40.71083068847656,0.10609081387519836,0.043190453201532364
7.4,1300,3.348336935043335,0.062066979706287384,16.793027877807617,4.610232830047607,4856.380631308794,77.41976928710938,31.564720153808594,40.77087938785553,0.10607846081256866,0.04324912279844284
7.5,1300,3.3651719093322754,0.06202980503439903,16.793119430541992,4.6085100173950195,4857.641611726443,77.3912582397461,31.554006576538086,40.772053599357605,0.10664800554513931,0.04348258301615715
7.6,1300,3.355806589126587,0.06228364259004593,16.793344497680664,4.613058567047119,4859.335352929904,77.46868133544922,31.694177627563477,40.91224670410156,0.10588084906339645,0.043318234384059906
7.7,1300,3.3403656482696533,0.06308361142873764,16.793272018432617,4.610915184020996,4859.989885404607,77.4323501586914,32.1055793762207,41.462746262550354,0.104043148458004,0.043139148503541946
7.8,1300,3.331420421600342,0.06367407739162445,16.793010711669922,4.621243000030518,4862.4771670927585,77.60458374023438,32.42267608642578,41.779330372810364,0.10274970531463623,0.04292814061045647
7.9,1300,3.3415398597717285,0.06383165717124939,16.793432235717773,4.6050124168396,4863.577865737884,77.3339614868164,32.51027297973633,42.038801312446594,0.10278411954641342,0.04320921376347542
8,1300,3.3627617359161377,0.06331945955753326,16.79363441467285,4.60044527053833,4861.751819216741,77.25819396972656,32.23729705810547,41.726699471473694,0.10431277751922607,0.04352627694606781
8.1,1300,3.359987735748291,0.06281460076570511,16.793672561645508,4.601794719696045,4860.737964150182,77.28103637695312,31.97359275817871,41.37314260005951,0.10508634150028229,0.04347752034664154
8.2,1300,3.350844621658325,0.06184820085763931,16.793556213378906,4.6041035652160645,4860.625184066607,77.31927490234375,31.48094940185547,40.71552753448486,0.10644039511680603,0.04333776608109474
8.3,1300,3.3487653732299805,0.06140786036849022,16.79360008239746,4.609432220458984,4860.000085153767,77.4089584350586,31.25279426574707,40.37361443042755,0.10715091228485107,0.04326069355010986
8.4,1300,3.3538761138916016,0.061746686697006226,16.7933292388916,4.630349636077881,4861.251448665065,77.75898742675781,31.43332862854004,40.42404592037201,0.10669809579849243,0.04313168674707413
8.5,1300,3.353303909301758,0.06177085265517235,16.793270111083984,4.627939701080322,4860.976929701944,77.7182388305664,31.4438533782959,40.45878350734711,0.1066441759467125,0.04314693436026573
8.6,1300,3.3410935401916504,0.06235897168517113,16.79353904724121,4.618413925170898,4860.669771541508,77.55951690673828,31.74122428894043,40.92499017715454,0.10526038706302643,0.043077804148197174
8.7,1300,3.324878215789795,0.06310172379016876,16.793598175048828,4.602214336395264,4861.56880657466,77.28773498535156,32.1252326965332,41.565755009651184,0.10349740833044052,0.043019477277994156
8.8,1300,3.330791711807251,0.06374715268611908,16.793392181396484,4.613696098327637,4861.891992912348,77.47960662841797,32.45597839355469,41.88970625400543,0.10262490063905716,0.04298926889896393
8.9,1300,3.355182647705078,0.06376963108778,16.793094635009766,4.625519752502441,4861.775715771917,77.67678833007812,32.46664810180664,41.79710149765015,0.1033424437046051,0.04319414496421814
9,1300,3.3708090782165527,0.06334146857261658,16.79351234436035,4.63638162612915,4861.972425220014,77.86112976074219,32.24996566772461,41.419848799705505,0.10452132672071457,0.0432925783097744
9.1,1300,3.359884738922119,0.06261006742715836,16.793136596679688,4.642338752746582,4863.310340888474,77.95942687988281,31.8863468170166,40.90120792388916,0.10537064075469971,0.04309786111116409
9.2,1300,3.3542556762695312,0.06133688986301422,16.793743133544922,4.62723445892334,4863.421372443621,77.70858764648438,31.238651275634766,40.19974172115326,0.10737517476081848,0.04316454380750656
9.3,1300,3.3511273860931396,0.06164895370602608,16.793628692626953,4.630176067352295,4861.813309133109,77.75745391845703,31.387203216552734,40.36552011966705,0.10676731914281845,0.04309718310832977
9.4,1300,3.352757215499878,0.0618349090218544,16.793209075927734,4.6363911628723145,4862.494069534225,77.8598861694336,31.486286163330078,40.43967425823212,0.106483094394207,0.04306142032146454
9.5,1300,3.3487730026245117,0.0623026080429554,16.793378829956055,4.6380133628845215,4862.2099336647525,77.8879165649414,31.722583770751953,40.728506445884705,0.10556431859731674,0.042994771152734756
9.6,1300,3.333411693572998,0.06306782364845276,16.793243408203125,4.6283135414123535,4861.072515922649,77.72439575195312,32.10469436645508,41.30581617355347,0.10382941365242004,0.04288758710026741
9.7,1300,3.3352301120758057,0.06342261284589767,16.79326820373535,4.627490997314453,4861.003157628356,77.71070098876953,32.28483963012695,41.54491126537323,0.10330638289451599,0.04291854426264763
9.8,1300,3.3545897006988525,0.06383415311574936,16.793109893798828,4.6330766677856445,4859.448715856289,77.80376434326172,32.48394012451172,41.75111651420593,0.10326916724443436,0.04311603307723999
9.9,1300,3.377898693084717,0.06346841156482697,16.793123245239258,4.6308417320251465,4859.092016057074,77.76629638671875,32.29545211791992,41.52885377407074,0.10459363460540771,0.04343653842806816
10,1300,3.38907790184021,0.06309465318918228,16.79313850402832,4.636871814727783,4857.288700405488,77.86763000488281,32.093353271484375,41.21526777744293,0.10560061782598495,0.043523579835891724
10.1,1300,3.3814890384674072,0.06217927485704422,16.792821884155273,4.6442718505859375,4855.715024820717,77.99043273925781,31.617494583129883,40.54022431373596,0.10694993287324905,0.04335774481296539
10.2,1300,3.374117612838745,0.061760131269693375,16.792644500732422,4.643453598022461,4856.1941216098585,77.97586822509766,31.40746307373047,40.278440713882446,0.10743043571710587,0.04327130690217018
10.3,1300,3.379225254058838,0.062227144837379456,16.792509078979492,4.646007061004639,4857.6879477297725,78.01811218261719,31.654693603515625,40.573516488075256,0.10675273835659027,0.04331333935260773
10.4,1300,3.3826851844787598,0.06151503324508667,16.793031692504883,4.628543853759766,4858.095354853385,77.72728729248047,31.295068740844727,40.26265740394592,0.10809003561735153,0.043519921600818634
10.5,1300,3.373314380645752,0.06240741163492203,16.792701721191406,4.610677719116211,4857.509597830165,77.42573547363281,31.745227813720703,41.00087285041809,0.10626209527254105,0.043568387627601624
10.6,1300,3.3578944206237793,0.06335867196321487,16.792394638061523,4.630666255950928,4858.99584699356,77.75997161865234,32.238975524902344,41.45959913730621,0.10415636748075485,0.04318281263113022
10.7,1300,3.352487087249756,0.06355255842208862,16.7930908203125,4.611690998077393,4859.493011909785,77.44454956054688,32.340938568115234,41.760122776031494,0.10366078466176987,0.04328887164592743
10.8,1300,3.359208583831787,0.06366419792175293,16.79314422607422,4.6203389167785645,4858.990601408277,77.59001922607422,32.39440155029297,41.75073206424713,0.10369719564914703,0.04329434037208557
10.9,1300,3.3700649738311768,0.06324820965528488,16.79326629638672,4.615117073059082,4859.907121725704,77.50289154052734,32.188804626464844,41.53239130973816,0.10469681024551392,0.04348308965563774
11,1350,3.3589444160461426,0.0628211572766304,16.79329490661621,4.614750385284424,4860.356202110173,77.49686431884766,31.97441864013672,41.258981823921204,0.10505099594593048,0.04334297031164169
11.1,1350,3.673661708831787,0.09410594403743744,16.706745147705078,6.356029510498047,5054.698434137078,106.18856811523438,49.81279754638672,46.90975546836853,0.0737493559718132,0.03459564223885536
11.2,1350,4.186405181884766,0.09795930236577988,16.70184326171875,6.858495712280273,5386.054479480493,114.54952239990234,55.251625061035156,48.23383092880249,0.0757698118686676,0.03654668480157852
11.3,1350,4.525195121765137,0.09335107356309891,16.705801010131836,6.932069778442383,5608.1018530201,115.80577850341797,54.8231315612793,47.34058380126953,0.08254171162843704,0.03907572850584984
11.4,1350,4.6923651695251465,0.09083408862352371,16.706867218017578,6.934000015258789,5730.887599100448,115.84542083740234,54.512908935546875,47.05659747123718,0.08607805520296097,0.04050540179014206
11.5,1350,4.785031318664551,0.08942221105098724,16.70745086669922,6.943860054016113,5797.264652423277,116.01419830322266,54.28716278076172,46.79355025291443,0.08814296126365662,0.041245222091674805
11.6,1350,4.8243865966796875,0.0881146565079689,16.70804786682129,6.93366813659668,5832.8670225788865,115.84806060791016,53.821876525878906,46.459025144577026,0.08963616192340851,0.04164408519864082
11.7,1350,4.858220100402832,0.08779199421405792,16.70691680908203,6.943615436553955,5850.7503884927855,116.00640869140625,53.78920364379883,46.36744260787964,0.09031961858272552,0.041878893971443176
11.8,1350,4.879379749298096,0.08710997551679611,16.70725440979004,6.932290554046631,5860.2204184562515,115.81954193115234,53.45772171020508,46.15604877471924,0.09127548336982727,0.04212915897369385
11.9,1350,4.882506370544434,0.08729879558086395,16.70752716064453,6.942504405975342,5865.852428521304,115.99208068847656,53.62508773803711,46.23167812824249,0.09104892611503601,0.04209344461560249
12,1350,4.880108833312988,0.08750651031732559,16.707075119018555,6.944295883178711,5868.104533135954,116.01887512207031,53.7733154296875,46.34876549243927,0.09075335413217545,0.04206306114792824
12.1,1350,4.876293182373047,0.08725017309188843,16.707082748413086,6.941110134124756,5868.503780460239,115.9656982421875,53.619441986083984,46.2373286485672,0.0909426286816597,0.04204944148659706
12.2,1350,4.897310733795166,0.08722076565027237,16.706464767456055,6.953348636627197,5868.007781229631,116.1658706665039,53.596839904785156,46.13819718360901,0.09137312322854996,0.04215791076421738
12.3,1350,4.911290645599365,0.08705836534500122,16.70725440979004,6.956851959228516,5867.11894594564,116.22989654541016,53.48894500732422,46.01995348930359,0.09181880205869675,0.0422549694776535
12.4,1350,4.906060218811035,0.0873938724398613,16.707225799560547,6.9654364585876465,5867.913360694545,116.37312316894531,53.70235061645508,46.14669680595398,0.09135652333498001,0.04215801879763603
12.5,1350,4.892834186553955,0.0874936431646347,16.70720863342285,6.9666829109191895,5868.680381831418,116.3938217163086,53.770687103271484,46.19719684123993,0.0909944549202919,0.042036887258291245
12.6,1350,4.886361598968506,0.08737270534038544,16.706836700439453,6.963707447052002,5869.080794841321,116.34152221679688,53.70002365112305,46.15723192691803,0.09099365770816803,0.04200015217065811
12.7,1350,4.8803606033325195,0.08639082312583923,16.70903778076172,6.8989057540893555,5861.741055345387,115.27407836914062,53.0301513671875,46.00353538990021,0.09202992171049118,0.04233701899647713
12.8,1350,4.8829803466796875,0.08726388961076736,16.707294464111328,6.941734313964844,5865.715460461148,115.97760009765625,53.602394104003906,46.21788561344147,0.09109631180763245,0.042102787643671036
12.9,1350,4.877901554107666,0.08753909170627594,16.7070369720459,6.955430030822754,5868.830755276185,116.20462799072266,53.79999542236328,46.29763662815094,0.09066732227802277,0.04197682812809944
13,1350,4.861059665679932,0.08705300092697144,16.707866668701172,6.947287559509277,5869.684619991626,116.07435607910156,53.509037017822266,46.09892964363098,0.09084558486938477,0.041878841817379
13.1,1350,4.864442825317383,0.08720275014638901,16.70698356628418,6.969629764556885,5870.304181897778,116.44149017333984,53.60674285888672,46.03749215602875,0.09074311703443527,0.04177585616707802
13.2,1350,4.865448474884033,0.08615997433662415,16.709487915039062,6.923469543457031,5864.304980862946,115.68762969970703,52.91157913208008,45.73659300804138,0.0919543206691742,0.042056772857904434
13.3,1350,4.863917827606201,0.08748269826173782,16.7067928314209,6.961609363555908,5864.791071765798,116.30616760253906,53.728328704833984,46.19559943675995,0.09052799642086029,0.04181994870305061
13.4,1350,4.851828575134277,0.0874493271112442,16.70725440979004,6.951235294342041,5865.812212367471,116.13605499267578,53.717185974121094,46.253666281700134,0.09032171964645386,0.0417771078646183
13.5,1350,4.849050045013428,0.08695749193429947,16.7072696685791,6.96370267868042,5868.34058447367,116.3444595336914,53.43809127807617,45.930927991867065,0.09074145555496216,0.04167839139699936
13.6,1350,4.861647605895996,0.08644019067287445,16.707584381103516,6.945147514343262,5868.98287724938,116.03663635253906,53.126007080078125,45.78382074832916,0.09151162952184677,0.041897520422935486
13.7,1350,4.867528915405273,0.08681749552488327,16.706886291503906,6.952606201171875,5870.462715141874,116.15640258789062,53.37135314941406,45.947834849357605,0.09120115637779236,0.041904956102371216
13.8,1350,4.858322620391846,0.08652208000421524,16.708234786987305,6.926303863525391,5871.272866646626,115.72631072998047,53.197086334228516,45.968011021614075,0.09132685512304306,0.04198114201426506
13.9,1350,4.849246978759766,0.08698064088821411,16.707298278808594,6.948392868041992,5871.315414171696,116.08887481689453,53.47941207885742,46.067649126052856,0.09067501872777939,0.04177185148000717
14,1350,4.8527913093566895,0.08670355379581451,16.707317352294922,6.949136257171631,5871.3509675830555,116.10142517089844,53.30937194824219,45.91620862483978,0.09103073924779892,0.04179786145687103
14.1,1350,4.873208522796631,0.08708218485116959,16.70623207092285,6.9759521484375,5871.811996245113,116.54187774658203,53.5463752746582,45.94603776931763,0.09100911766290665,0.04181508719921112
14.2,1350,4.88625431060791,0.087419793009758,16.706436157226562,6.963911533355713,5870.662630225421,116.3421401977539,53.743446350097656,46.19430601596832,0.09091813862323761,0.041999004781246185
14.3,1350,4.883004665374756,0.08756430447101593,16.706844329833984,6.961781978607178,5870.428327416133,116.30941009521484,53.83013916015625,46.2818443775177,0.09071134775876999,0.04198288545012474
14.4,1350,4.882089614868164,0.08731625974178314,16.707530975341797,6.949657917022705,5869.719007717367,116.11162567138672,53.67116928100586,46.2237685918808,0.0909629836678505,0.04204651713371277
14.5,1350,4.895035743713379,0.0875554010272026,16.70644760131836,6.962846755981445,5868.339418788051,116.32443237304688,53.80551528930664,46.25469744205475,0.09097646921873093,0.04208089038729668
14.6,1350,4.918149471282959,0.08733422309160233,16.706628799438477,6.975820064544678,5867.330517885371,116.54243469238281,53.66036605834961,46.043628454208374,0.09165329486131668,0.04220050200819969
14.7,1350,4.915129661560059,0.08769166469573975,16.706411361694336,6.977309226989746,5866.516286480954,116.5657958984375,53.87250900268555,46.21639549732208,0.09123632311820984,0.04216613993048668
14.8,1350,4.902457237243652,0.08816025406122208,16.70594596862793,6.97445821762085,5866.37756989237,116.51492309570312,54.15910339355469,46.482545137405396,0.09051954001188278,0.04207579046487808
14.9,1350,4.897549152374268,0.08760099858045578,16.706600189208984,6.956494331359863,5866.453922300372,116.21936798095703,53.81623840332031,46.305739879608154,0.09100504219532013,0.04214055836200714
15,1350,4.909249305725098,0.08728067576885223,16.706951141357422,6.956650733947754,5866.994217584477,116.22442626953125,53.624393463134766,46.13865911960602,0.09154880791902542,0.042239394038915634
15.1,1350,4.913031101226807,0.0877995640039444,16.706127166748047,6.971561431884766,5865.911295645031,116.46778869628906,53.93323516845703,46.30742371082306,0.09109468758106232,0.04218360409140587
15.2,1350,4.90336275100708,0.08783193677663803,16.706491470336914,6.976118564605713,5865.1512686218675,116.54646301269531,53.946128845214844,46.28722965717316,0.0908936858177185,0.04207216948270798
15.3,1350,4.8939337730407715,0.08817528933286667,16.705970764160156,6.978365421295166,5865.3197101937185,116.58036804199219,54.158573150634766,46.45599722862244,0.090363048017025,0.04197905585169792
15.4,1350,4.904700756072998,0.08807209879159927,16.705493927001953,6.979299068450928,5864.00598250184,116.59263610839844,54.083072662353516,46.38635516166687,0.09068827331066132,0.04206698387861252
15.5,1350,4.921141147613525,0.0873582735657692,16.706811904907227,6.958520412445068,5864.328294575313,116.25469207763672,53.64767837524414,46.14667892456055,0.09173073619604111,0.04233068972826004
15.6,1350,4.90977144241333,0.0875554084777832,16.70734977722168,6.944676399230957,5863.430716649184,116.02713775634766,53.76051330566406,46.33442759513855,0.09132672101259232,0.04231571778655052
15.7,1350,4.893344402313232,0.08824928104877472,16.705995559692383,6.9640092849731445,5864.983409892825,116.34070587158203,54.20090866088867,46.58808708190918,0.09028159081935883,0.04206046462059021
15.8,1350,4.884418964385986,0.08807052671909332,16.705732345581055,6.976015090942383,5866.693470694943,116.53944396972656,54.106895446777344,46.42796814441681,0.09027350693941116,0.041912153363227844
15.9,1350,4.903040885925293,0.08742806315422058,16.70671844482422,6.969155788421631,5865.900221631657,116.43172454833984,53.70492935180664,46.125683188438416,0.09129592031240463,0.0421108677983284
16,1400,4.9279632568359375,0.08788766711950302,16.70601463317871,6.9756903648376465,5864.29507253519,116.5359878540039,53.97248077392578,46.31400406360626,0.09130511432886124,0.04228705167770386
16.1,1400,5.219948768615723,0.1180850937962532,16.606090545654297,8.985363006591797,6037.922196859823,149.2117462158203,74.66399383544922,50.03895163536072,0.06991253048181534,0.034983497112989426
16.2,1400,5.792190074920654,0.12346641719341278,16.59503746032715,9.677578926086426,6342.131755523129,160.5997772216797,81.99978637695312,51.058465242385864,0.07063664495944977,0.03606598824262619
16.3,1400,6.2231669425964355,0.12205599248409271,16.596235275268555,9.844457626342773,6541.877231812487,163.3809356689453,83.61614227294922,51.17864012718201,0.07442542910575867,0.038089919835329056
16.4,1400,6.467868804931641,0.11999359726905823,16.59710121154785,9.871498107910156,6653.711944351256,163.8382568359375,83.60855102539062,51.03115439414978,0.07735893875360489,0.0394771583378315
16.5,1400,6.560359477996826,0.1194964200258255,16.5968017578125,9.905410766601562,6712.164666840549,164.39813232421875,83.99358367919922,51.09156370162964,0.07810547947883606,0.03990531340241432
16.6,1400,6.6322922706604,0.1193440705537796,16.596712112426758,9.916776657104492,6743.55949475673,164.5858917236328,84.27886199951172,51.2066125869751,0.07869461178779602,0.04029684513807297
16.7,1400,6.692017555236816,0.11874745786190033,16.59613037109375,9.9405517578125,6760.816887493575,164.9746856689453,84.0721435546875,50.96063017845154,0.07959851622581482,0.040563903748989105
16.8,1400,6.693614482879639,0.11865389347076416,16.596092224121094,9.947895050048828,6770.703067222792,165.09617614746094,84.12873840332031,50.95741152763367,0.07956394553184509,0.040543727576732635
16.9,1400,6.7054924964904785,0.11921311914920807,16.596080780029297,9.94711685180664,6774.4146102316145,165.08316040039062,84.57157897949219,51.22968554496765,0.07928777486085892,0.04061887785792351
17,1400,6.743929386138916,0.11910580098628998,16.595834732055664,9.949950218200684,6775.25740093368,165.1277313232422,84.5059585571289,51.17611885070801,0.0798041895031929,0.04084068536758423
17.1,1400,6.727190971374512,0.11872285604476929,16.595951080322266,9.960001945495605,6776.716256485044,165.2957000732422,84.25239562988281,50.97070932388306,0.07984569668769836,0.040697917342185974
17.2,1400,6.700518608093262,0.1192227378487587,16.59593391418457,9.957794189453125,6777.740894143572,165.25889587402344,84.61993408203125,51.204466819763184,0.07918369024991989,0.04054558649659157
17.3,1400,6.729040622711182,0.11916469037532806,16.595703125,9.965177536010742,6780.048368825094,165.37913513183594,84.60752868652344,51.15973949432373,0.07953241467475891,0.04068857058882713
17.4,1400,6.736977577209473,0.11860736459493637,16.59585952758789,9.958796501159668,6779.33147216981,165.2747802734375,84.20291900634766,50.94722509384155,0.08000883460044861,0.0407622829079628
17.5,1400,6.7046356201171875,0.11909058690071106,16.595842361450195,9.964384078979492,6777.483860464727,165.36734008789062,84.52293395996094,51.11222267150879,0.07932327687740326,0.04054389148950577
17.6,1400,6.712033271789551,0.11939521133899689,16.595365524291992,9.975420951843262,6777.643559394441,165.54576110839844,84.74112701416016,51.18894577026367,0.07920632511377335,0.04054488241672516
17.7,1400,6.7121901512146,0.11865725368261337,16.595897674560547,9.948029518127441,6779.3600314674595,165.0964813232422,84.23869323730469,51.02391839027405,0.07968060672283173,0.04065616801381111
17.8,1400,6.670857906341553,0.11825831234455109,16.596399307250977,9.94436264038086,6782.132614710702,165.04061889648438,83.98980712890625,50.89038610458374,0.07942461222410202,0.04041949287056923
17.9,1400,6.6728434562683105,0.11854627728462219,16.59674835205078,9.953160285949707,6783.24934153308,165.19009399414062,84.20819091796875,50.97653269767761,0.07924221456050873,0.04039493575692177
18,1400,6.71095609664917,0.11835365742444992,16.59627342224121,9.96360969543457,6782.945097586691,165.35879516601562,84.06758880615234,50.83950757980347,0.07982809841632843,0.04058421030640602
18.1,1400,6.702660083770752,0.11819583922624588,16.596446990966797,9.960456848144531,6782.087152971586,165.30819702148438,83.94486999511719,50.780826807022095,0.07984597235918045,0.04054644703865051
18.2,1400,6.7017292976379395,0.11888527125120163,16.596237182617188,9.966257095336914,6781.314303406622,165.40235900878906,84.42489624023438,51.04213356971741,0.07938095927238464,0.04051773622632027
18.3,1400,6.734239101409912,0.11893586069345474,16.596086502075195,9.969223976135254,6779.963856617764,165.45010375976562,84.44400024414062,51.03895664215088,0.07974798232316971,0.04070253670215607
18.4,1400,6.7268147468566895,0.11861378699541092,16.59559440612793,9.97209358215332,6778.507332437637,165.49281311035156,84.1972427368164,50.87667107582092,0.07989352941513062,0.040647171437740326
18.5,1400,6.708465576171875,0.11924609541893005,16.59556770324707,9.971426963806152,6778.407083474459,165.4814910888672,84.64482879638672,51.15063190460205,0.07925428450107574,0.04053906723856926
18.6,1400,6.741064548492432,0.11939293146133423,16.595579147338867,9.980103492736816,6777.932066584982,165.62559509277344,84.74311828613281,51.16547346115112,0.07954704016447067,0.04070062190294266
18.7,1400,6.75929069519043,0.11882426589727402,16.595260620117188,9.979866981506348,6776.991358290975,165.61849975585938,84.3277816772461,50.91688632965088,0.08015496283769608,0.0408124141395092
18.8,1400,6.742205619812012,0.11911415308713913,16.595399856567383,9.966590881347656,6776.014513742798,165.39956665039062,84.52133178710938,51.10130310058594,0.07976928353309631,0.040763139724731445
18.9,1400,6.750438690185547,0.11936964094638824,16.59477996826172,9.973525047302246,6774.738087990706,165.50845336914062,84.68666076660156,51.167577505111694,0.07971076667308807,0.04078606516122818
19,1400,6.7716875076293945,0.1189587339758873,16.594900131225586,9.973740577697754,6774.583634646275,165.5132293701172,84.39321899414062,50.988805294036865,0.08023971319198608,0.04091326892375946
19.1,1400,6.738572597503662,0.11872559785842896,16.59531021118164,9.959814071655273,6775.3628954821415,165.2862091064453,84.23751831054688,50.964635610580444,0.07999490946531296,0.04076911881566048
19.2,1400,6.712251663208008,0.11928503215312958,16.595684051513672,9.958372116088867,6776.758804010114,165.2659912109375,84.6518783569336,51.22159123420715,0.0792924091219902,0.040614835917949677
19.3,1400,6.743310451507568,0.11906187236309052,16.595754623413086,9.960390090942383,6777.715249059969,165.30018615722656,84.50543212890625,51.1224091053009,0.07979735732078552,0.04079433158040047
19.4,1400,6.749793529510498,0.11875469982624054,16.595312118530273,9.964018821716309,6775.7796280907005,165.3560028076172,84.26334381103516,50.958746671676636,0.0801035538315773,0.040819767862558365
19.5,1400,6.730536460876465,0.11941123753786087,16.594961166381836,9.97204875946045,6773.225610900899,165.4857635498047,84.69725799560547,51.180994510650635,0.07946581393480301,0.040671393275260925
19.6,1400,6.7532958984375,0.11955185234546661,16.594778060913086,9.970945358276367,6773.046095315673,165.4656219482422,84.79474639892578,51.24614238739014,0.07964285463094711,0.04081388935446739
19.7,1400,6.756358623504639,0.11872547119855881,16.595312118530273,9.965462684631348,6773.57065384393,165.3799591064453,84.21514129638672,50.9222149848938,0.08022736012935638,0.04085354879498482
19.8,1400,6.702281951904297,0.11864417046308517,16.595306396484375,9.97519588470459,6776.794940264283,165.5414276123047,84.1975326538086,50.86190700531006,0.07960188388824463,0.04048703610897064
19.9,1400,6.695378303527832,0.11881851404905319,16.596391677856445,9.963126182556152,6780.7903277211735,165.35194396972656,84.3709716796875,51.025086641311646,0.07935641705989838,0.040491681545972824
20,1400,6.708579063415527,0.11805032193660736,16.596817016601562,9.937573432922363,6783.013290195365,164.9320831298828,83.85297393798828,50.84090828895569,0.08000406622886658,0.04067479446530342
20.1,1400,6.6778106689453125,0.11805560439825058,16.596742630004883,9.935169219970703,6784.0315165829925,164.89144897460938,83.86931610107422,50.86334943771362,0.07962162047624588,0.04049822315573692
20.2,1400,6.669351577758789,0.11868952214717865,16.596311569213867,9.955833435058594,6784.095629292002,165.23011779785156,84.3204574584961,51.032137870788574,0.07909529656171799,0.04036401957273483
20.3,1400,6.697931289672852,0.11823724210262299,16.596513748168945,9.953914642333984,6784.374228154787,165.20028686523438,84.00259399414062,50.84894299507141,0.07973481714725494,0.040544308722019196
20.4,1400,6.683019161224365,0.11821034550666809,16.595962524414062,9.951671600341797,6784.808446047622,165.15756225585938,83.98886108398438,50.853776931762695,0.07957030087709427,0.040464505553245544
20.5,1400,6.6619720458984375,0.11831698566675186,16.597482681274414,9.915007591247559,6786.644400896521,164.5641632080078,84.0873794555664,51.09701752662659,0.0792267769575119,0.040482521057128906
20.6,1400,6.671065330505371,0.11799179762601852,16.597698211669922,9.901345252990723,6787.96570554492,164.33953857421875,83.87259674072266,51.03616118431091,0.07953808456659317,0.040593184530735016
20.7,1400,6.640808582305908,0.11721514165401459,16.59859848022461,9.87707805633545,6789.762609925604,163.94564819335938,83.34257507324219,50.835490226745605,0.07968086749315262,0.04050615802407265
20.8,1400,6.60820198059082,0.11753694713115692,16.598909378051758,9.870283126831055,6790.942866614182,163.8359375,83.5859146118164,51.01805925369263,0.07905879616737366,0.04033426567912102
20.9,1400,6.6369428634643555,0.11729192733764648,16.599088668823242,9.86868667602539,6791.416717818041,163.8112030029297,83.41748809814453,50.922948122024536,0.0795629620552063,0.04051580652594566
21,1450,6.638754367828369,0.11705274879932404,16.599239349365234,9.854254722595215,6791.303063470253,163.57313537597656,83.2459945678711,50.892215967178345,0.07974863052368164,0.040585849434137344
21.1,1450,6.985756874084473,0.14725261926651,16.487173080444336,12.105779647827148,6954.434937330081,199.590087890625,107.23918151855469,53.72971296310425,0.06514183431863785,0.0350005216896534
21.2,1450,7.656980037689209,0.1583404392004013,16.462139129638672,13.126852035522461,7275.9724127101435,216.0960693359375,120.6456069946289,55.82961440086365,0.06346671283245087,0.035433221608400345
21.3,1450,8.168081283569336,0.15876257419586182,16.462356567382812,13.396102905273438,7508.777898821491,220.5314178466797,124.8377685546875,56.60770535469055,0.06542956829071045,0.0370381735265255
21.4,1450,8.465814590454102,0.15757127106189728,16.46341896057129,13.465181350708008,7643.670455734011,221.68292236328125,126.12686920166016,56.895166635513306,0.06712142378091812,0.03818884491920471
21.5,1450,8.623615264892578,0.1570666879415512,16.46259880065918,13.498287200927734,7715.106584640474,222.21688842773438,126.89795684814453,57.105451822280884,0.0679570809006691,0.03880720213055611
21.6,1450,8.710402488708496,0.1565413922071457,16.462764739990234,13.518884658813477,7754.264295932048,222.55821228027344,127.11547088623047,57.11560249328613,0.06852354109287262,0.03913763538002968
21.7,1450,8.761521339416504,0.156485453248024,16.462594985961914,13.518777847290039,7772.648323819028,222.55416870117188,127.37130737304688,57.23159909248352,0.06878724694252014,0.03936804085969925
21.8,1450,8.783018112182617,0.15671537816524506,16.46179962158203,13.547099113464355,7785.448134751307,223.00962829589844,127.76851654052734,57.2928249835968,0.06874164938926697,0.03938402980566025
21.9,1450,8.782697677612305,0.15626798570156097,16.462692260742188,13.522892951965332,7791.243340802928,222.62322998046875,127.49859619140625,57.271021604537964,0.06888466328382492,0.03945095092058182
22,1450,8.796032905578613,0.15703843533992767,16.459693908691406,13.584216117858887,7796.979679730823,223.592041015625,128.22154235839844,57.346200942993164,0.06860027462244034,0.03933965042233467
22.1,1450,8.795372009277344,0.15575501322746277,16.465126037597656,13.498220443725586,7799.801804612845,222.24990844726562,127.21965789794922,57.241714000701904,0.06913532316684723,0.03957424312829971
22.2,1450,8.784880638122559,0.1563483029603958,16.46144676208496,13.558954238891602,7798.929288927511,223.1999969482422,127.6899642944336,57.20876455307007,0.06879851967096329,0.03935878351330757
22.3,1450,8.811534881591797,0.15693077445030212,16.459936141967773,13.609855651855469,7804.114258557927,224.01734924316406,128.25088500976562,57.25042223930359,0.06870545446872711,0.03933416306972504
22.4,1450,8.836030960083008,0.15684932470321655,16.460403442382812,13.609017372131348,7809.848266114585,224.00991821289062,128.27850341796875,57.264649868011475,0.06888162344694138,0.03944481909275055
22.5,1450,8.849631309509277,0.15696224570274353,16.460119247436523,13.622509002685547,7813.041661866052,224.22811889648438,128.42333984375,57.27351903915405,0.06890983879566193,0.039467088878154755
22.6,1450,8.84434986114502,0.15679143369197845,16.46072769165039,13.596214294433594,7814.946392166434,223.80357360839844,128.3148651123047,57.33369588851929,0.06892693042755127,0.03951835632324219
22.7,1450,8.845473289489746,0.15661735832691193,16.460800170898438,13.583927154541016,7815.989097952047,223.60231018066406,128.1894989013672,57.32923746109009,0.06900310516357422,0.039558954536914825
22.8,1450,8.849166870117188,0.1565008908510208,16.460580825805664,13.595502853393555,7816.518902065586,223.7898712158203,128.1028594970703,57.24247097969055,0.06907860934734344,0.0395423024892807
22.9,1450,8.867025375366211,0.15616753697395325,16.46013641357422,13.591961860656738,7816.642464741131,223.7255401611328,127.83201599121094,57.13787078857422,0.06936466693878174,0.03963349387049675
23,1450,8.863092422485352,0.15655870735645294,16.459375381469727,13.611655235290527,7817.954443904583,224.03933715820312,128.17372131347656,57.21036195755005,0.06914906203746796,0.039560429751873016
23.1,1450,8.84433650970459,0.15599414706230164,16.46082305908203,13.579483985900879,7818.680083202005,223.52947998046875,127.7233657836914,57.139384746551514,0.06924603134393692,0.039566755294799805
23.2,1450,8.833889961242676,0.1560066193342209,16.46062469482422,13.576857566833496,7820.129030425613,223.48355102539062,127.75725555419922,57.166290283203125,0.06914589554071426,0.03952814266085625
23.3,1450,8.842375755310059,0.1560911387205124,16.459957122802734,13.584762573242188,7821.044093636016,223.6046142578125,127.84142303466797,57.1729838848114,0.06916674971580505,0.03954469412565231
23.4,1450,8.84152889251709,0.1558978408575058,16.460514068603516,13.595913887023926,7821.129188686156,223.7957305908203,127.68450164794922,57.05403685569763,0.0692451223731041,0.03950713947415352
23.5,1450,8.853523254394531,0.15627337992191315,16.459882736206055,13.61384391784668,7821.400210592422,224.082275390625,127.99651336669922,57.120317220687866,0.0691700354218483,0.03951014578342438
23.6,1450,8.872041702270508,0.1559346318244934,16.460824966430664,13.592803001403809,7816.19892136335,223.74874877929688,127.63412475585938,57.04350471496582,0.0695115178823471,0.03965180367231369
23.7,1450,8.873743057250977,0.1565995216369629,16.458759307861328,13.623007774353027,7809.968331733275,224.21780395507812,128.076171875,57.12131857872009,0.06928488612174988,0.039576441049575806
23.8,1450,8.867427825927734,0.15710262954235077,16.45697021484375,13.652145385742188,7809.419876649842,224.67294311523438,128.47862243652344,57.18472599983215,0.06901870667934418,0.03946815803647041
23.9,1450,8.85112476348877,0.15698370337486267,16.457536697387695,13.674285888671875,7813.759141364146,225.04505920410156,128.45269775390625,57.07865357398987,0.06890571862459183,0.03933045640587807
24,1450,8.817787170410156,0.15660345554351807,16.4588565826416,13.648090362548828,7814.135074976063,224.6319580078125,128.14772033691406,57.047855854034424,0.06880955398082733,0.03925437480211258
24.1,1450,8.78532600402832,0.15633311867713928,16.459203720092773,13.639059066772461,7816.828974440067,224.48805236816406,127.9706039428711,57.00553059577942,0.06865112483501434,0.03913493826985359
24.2,1450,8.755287170410156,0.15587779879570007,16.46039390563965,13.602051734924316,7820.3481793218625,223.89512634277344,127.65533447265625,57.01568126678467,0.0685853585600853,0.0391044095158577
24.3,1450,8.733494758605957,0.15589912235736847,16.460878372192383,13.591924667358398,7825.548885708125,223.73501586914062,127.75770568847656,57.10223913192749,0.06835982948541641,0.03903499245643616
24.4,1450,8.716544151306152,0.15573547780513763,16.461849212646484,13.566367149353027,7827.45186748008,223.32748413085938,127.65463256835938,57.16028809547424,0.06828223913908005,0.039030324667692184
24.5,1450,8.734672546386719,0.15591101348400116,16.461549758911133,13.564437866210938,7827.958357881253,223.2916717529297,127.8067855834961,57.237595319747925,0.06834279000759125,0.03911777213215828
24.6,1450,8.752202987670898,0.15630775690078735,16.460901260375977,13.57756519317627,7827.652948249245,223.49896240234375,128.12701416015625,57.327789068222046,0.06830880045890808,0.039159927517175674
24.7,1450,8.76144027709961,0.1562589704990387,16.461442947387695,13.569759368896484,7826.937800122389,223.37782287597656,128.0753173828125,57.33574032783508,0.06840849667787552,0.03922251611948013
24.8,1450,8.75285816192627,0.1559436023235321,16.46149444580078,13.556375503540039,7826.983261861504,223.158203125,127.81758117675781,57.27666616439819,0.06847929954528809,0.03922266140580177
24.9,1450,8.747858047485352,0.15588554739952087,16.461444854736328,13.55956745147705,7828.453191426242,223.21006774902344,127.79399108886719,57.25278854370117,0.06845281273126602,0.039191145449876785
25,1450,8.735326766967773,0.1552523672580719,16.462419509887695,13.55034065246582,7830.059506208327,223.07139587402344,127.301025390625,57.0673942565918,0.06861945241689682,0.03915933147072792
25.1,1450,8.731213569641113,0.15520265698432922,16.461734771728516,13.563573837280273,7832.792456140545,223.2799530029297,127.3046875,57.01572299003601,0.06858517229557037,0.03910433128476143
25.2,1450,8.728084564208984,0.15452371537685394,16.462989807128906,13.532586097717285,7836.8064945673295,222.7868194580078,126.81273651123047,56.92111253738403,0.06882655620574951,0.03917684406042099
25.3,1450,8.707056999206543,0.15406914055347443,16.46357536315918,13.530632972717285,7841.32469202405,222.76258850097656,126.51258087158203,56.79255723953247,0.06882364302873611,0.039086710661649704
25.4,1450,8.683381080627441,0.15373142063617706,16.463823318481445,13.506054878234863,7841.531018378498,222.36129760742188,126.23858642578125,56.77183270454407,0.06878547370433807,0.03905077651143074
25.5,1450,8.679282188415527,0.15342417359352112,16.464601516723633,13.493803977966309,7842.915852893096,222.17010498046875,126.00853729248047,56.71714544296265,0.06887852400541306,0.03906593099236488
25.6,1450,8.692391395568848,0.15395307540893555,16.46319007873535,13.516942024230957,7844.092612524819,222.531982421875,126.46189880371094,56.82864189147949,0.06873525679111481,0.03906131163239479
25.7,1450,8.699640274047852,0.15404857695102692,16.46409034729004,13.512069702148438,7842.0707308197925,222.4639434814453,126.50772857666016,56.86662197113037,0.06876765936613083,0.039105843752622604
25.8,1450,8.711705207824707,0.15443919599056244,16.46345329284668,13.522933006286621,7837.9884997843355,222.63417053222656,126.76248931884766,56.93756937980652,0.068724624812603,0.039130132645368576
25.9,1450,8.731948852539062,0.15502206981182098,16.462398529052734,13.546453475952148,7832.685795906466,223.00711059570312,127.15483093261719,57.018280029296875,0.06867178529500961,0.039155472069978714
26,1500,8.727729797363281,0.15547345578670502,16.462675094604492,13.55041217803955,7827.919307413038,223.07603454589844,127.44746398925781,57.131850719451904,0.06848099827766418,0.03912446275353432
26.1,1500,9.098175048828125,0.18099233508110046,16.35038948059082,15.782027244567871,7959.676752855008,258.04229736328125,150.863525390625,58.464646339416504,0.060307323932647705,0.0352584645152092
26.2,1500,9.759729385375977,0.1909012645483017,16.310897827148438,17.08631134033203,8232.053185809635,278.6930847167969,164.5680694580078,59.04993414878845,0.05930512025952339,0.035019632428884506
26.3,1500,10.240551948547363,0.19688066840171814,16.303348541259766,17.55792808532715,8439.956130056196,286.2530212402344,174.00906372070312,60.788553953170776,0.05885067954659462,0.03577447682619095
26.4,1500,10.572665214538574,0.19268177449703217,16.300580978393555,17.759174346923828,8564.096985667875,289.48486328125,172.80282592773438,59.693217277526855,0.06118340417742729,0.03652234375476837
26.5,1500,10.72594928741455,0.1970726102590561,16.297504425048828,17.89446449279785,8637.86914855351,291.6351013183594,178.26312255859375,61.12539768218994,0.060169197618961334,0.036778662353754044
26.6,1500,10.822571754455566,0.19245363771915436,16.299083709716797,17.901880264282227,8678.874471550167,291.78424072265625,174.91140747070312,59.94546413421631,0.06187458708882332,0.03709100931882858
26.7,1500,10.887605667114258,0.19682687520980835,16.296525955200195,17.96424102783203,8701.733566525987,292.7547302246094,179.35719299316406,61.26534342765808,0.06070347875356674,0.03719019517302513
26.8,1500,10.869939804077148,0.1936362236738205,16.299137115478516,17.92870330810547,8714.704150401356,292.2223815917969,176.71273803710938,60.47200560569763,0.061511918902397156,0.03719748929142952
26.9,1500,10.942400932312012,0.19517764449119568,16.29709243774414,17.957698822021484,8719.950318526735,292.65826416015625,178.22666931152344,60.89923977851868,0.061395976692438126,0.03738968446850777
27,1500,10.900071144104004,0.1951647698879242,16.29772186279297,17.95157814025879,8719.432171269378,292.56982421875,178.20433044433594,60.91001629829407,0.06116614118218422,0.037256307899951935
27.1,1500,10.99866771697998,0.194475919008255,16.296173095703125,17.975465774536133,8717.402129765023,292.9313049316406,177.53399658203125,60.60602068901062,0.061952460557222366,0.03754691779613495
27.2,1500,10.951098442077637,0.19647899270057678,16.296138763427734,17.993812561035156,8714.783417023404,293.22967529296875,179.30868530273438,61.14957332611084,0.061073996126651764,0.0373464897274971
27.3,1500,10.988809585571289,0.19300425052642822,16.300710678100586,17.895904541015625,8703.851617294527,291.7159729003906,175.91665649414062,60.30409336090088,0.06246599555015564,0.037669550627470016
27.4,1500,10.926056861877441,0.1963406503200531,16.296524047851562,17.978967666625977,8702.891092345008,292.99468994140625,178.93792724609375,61.07207536697388,0.061060599982738495,0.03729097545146942
27.5,1500,11.01398754119873,0.1935957670211792,16.295757293701172,17.998035430908203,8707.670403380238,293.2916259765625,176.53321838378906,60.19034385681152,0.06239045038819313,0.03755302354693413
27.6,1500,10.991667747497559,0.19705301523208618,16.29508399963379,18.01258087158203,8711.004847091524,293.5165100097656,179.75457763671875,61.241722106933594,0.06114819273352623,0.0374482087790966
27.7,1500,11.062828063964844,0.19379690289497375,16.29410743713379,18.031768798828125,8710.065304483136,293.81158447265625,176.76524353027344,60.16278862953186,0.06258486211299896,0.03765279799699783
27.8,1500,11.039466857910156,0.1975555270910263,16.29535484313965,18.015701293945312,8708.36748338001,293.5722351074219,180.15841674804688,61.36766076087952,0.06127644330263138,0.037603918462991714
27.9,1500,11.090088844299316,0.19388024508953094,16.29346466064453,18.055988311767578,8706.303054149916,294.1946105957031,176.76487731933594,60.084331035614014,0.06273921579122543,0.037696439772844315
28,1500,11.083305358886719,0.19840210676193237,16.293676376342773,18.0546817779541,8704.162855354627,294.1771545410156,180.84307861328125,61.47421598434448,0.061286862939596176,0.03767561540007591
28.1,1500,11.140368461608887,0.19459111988544464,16.291980743408203,18.088211059570312,8701.928818867062,294.6927795410156,177.3238525390625,60.172444581985474,0.06282498687505722,0.03780332952737808
28.2,1500,11.130569458007812,0.1997394859790802,16.292325973510742,18.081804275512695,8699.104945456611,294.5946350097656,181.95631408691406,61.764973402023315,0.06117166206240654,0.037782661616802216
28.3,1500,11.172611236572266,0.19551816582679749,16.29020118713379,18.110389709472656,8697.742258968761,295.0218811035156,178.08291625976562,60.36261320114136,0.06273825466632843,0.03787044808268547
28.4,1500,11.144503593444824,0.1995769441127777,16.290292739868164,18.102785110473633,8695.649270441016,294.899658203125,181.7360076904297,61.626386642456055,0.06132248416543007,0.03779083117842674
28.5,1500,11.168743133544922,0.19544026255607605,16.28961944580078,18.116979598999023,8694.79132582591,295.11871337890625,177.95156860351562,60.29829978942871,0.06276282668113708,0.03784491866827011
28.6,1500,11.131160736083984,0.19937461614608765,16.291593551635742,18.09527587890625,8696.634274788521,294.8008728027344,181.5723419189453,61.59151792526245,0.06130427494645119,0.0377582348883152
28.7,1500,11.144640922546387,0.19541075825691223,16.290395736694336,18.137056350708008,8698.133346493718,295.4598388671875,177.9930877685547,60.24274230003357,0.06261277198791504,0.03771964833140373
28.8,1500,11.112992286682129,0.19975967705249786,16.290224075317383,18.131017684936523,8699.814265155375,295.35833740234375,181.98953247070312,61.61652207374573,0.06106390804052353,0.03762545436620712
28.9,1500,11.115288734436035,0.19515852630138397,16.29019546508789,18.132226943969727,8701.073788466001,295.3775329589844,177.8234405517578,60.202085971832275,0.06250744313001633,0.03763078898191452
29,1500,11.094594955444336,0.1985337734222412,16.292997360229492,18.08987045288086,8704.060857863022,294.73822021484375,180.9609832763672,61.397188901901245,0.0613093227148056,0.03764219954609871
29.1,1500,11.053901672363281,0.1942676156759262,16.29246711730957,18.08513069152832,8707.638347025733,294.6513977050781,177.14520263671875,60.1202666759491,0.06240022927522659,0.03751518577337265
29.2,1500,11.012507438659668,0.19819064438343048,16.293981552124023,18.05512237548828,8712.747547090956,294.1898193359375,180.82850646972656,61.466604471206665,0.060900282114744186,0.03743333742022514
29.3,1500,10.949161529541016,0.19372597336769104,16.296255111694336,18.00470733642578,8716.343687223563,293.4093017578125,176.82791137695312,60.266631841659546,0.06191987171769142,0.03731702268123627
29.4,1500,10.977104187011719,0.196520134806633,16.296680450439453,17.99262237548828,8719.274803710901,293.22003173828125,179.4386749267578,61.195915937423706,0.06117468699812889,0.037436407059431076
29.5,1500,10.95340347290039,0.19500237703323364,16.29452133178711,18.03080940246582,8719.76147745656,293.80340576171875,178.06277465820312,60.60609221458435,0.06151428073644638,0.03728140518069267
29.6,1500,11.034051895141602,0.19617179036140442,16.293827056884766,18.043670654296875,8716.088402073145,294.0004577636719,179.05514526367188,60.90301871299744,0.06162376329302788,0.03753073140978813
29.7,1500,10.996997833251953,0.19636020064353943,16.293365478515625,18.056777954101562,8712.694508395321,294.2056884765625,179.15733337402344,60.89526414871216,0.06138179078698158,0.03737860545516014
29.8,1500,11.07430362701416,0.19613587856292725,16.29180145263672,18.081127166748047,8709.983123647042,294.5741271972656,178.89697265625,60.73071360588074,0.061903249472379684,0.03759428486227989
29.9,1500,11.016046524047852,0.1973286122083664,16.29153060913086,18.10131072998047,8706.414377126468,294.8980712890625,179.91111755371094,61.00790500640869,0.06123049184679985,0.037355437874794006
30,1500,11.097928047180176,0.19632869958877563,16.291183471679688,18.107173919677734,8705.221880738896,294.9873046875,178.97494506835938,60.67208647727966,0.06200827658176422,0.03762171417474747
30.1,1500,11.077762603759766,0.19774942100048065,16.2908992767334,18.119609832763672,8701.925904653015,295.18475341796875,180.20184326171875,61.04713678359985,0.06147419288754463,0.03752823546528816
30.2,1500,11.174314498901367,0.19659531116485596,16.290904998779297,18.123849868774414,8696.606881176489,295.25390625,179.04063415527344,60.63954830169678,0.06241216883063316,0.037846457213163376
30.3,1500,11.136414527893066,0.19844938814640045,16.288867950439453,18.162038803100586,8691.744806462357,295.83905029296875,180.62811279296875,61.05620861053467,0.061653826385736465,0.037643492221832275
30.4,1500,11.2062406539917,0.19817762076854706,16.287979125976562,18.1738224029541,8687.87298168101,296.01483154296875,180.30039978027344,60.90924143791199,0.0621531642973423,0.037857022136449814
30.5,1500,11.14918041229248,0.19858823716640472,16.288223266601562,18.187149047851562,8686.671159808493,296.2363586425781,180.64898681640625,60.98136901855469,0.06171737238764763,0.03763609752058983
30.6,1500,11.202054023742676,0.19849027693271637,16.288978576660156,18.17568016052246,8687.743007734565,296.0632629394531,180.5821533203125,60.99444627761841,0.06203300878405571,0.03783668950200081
30.7,1500,11.121302604675293,0.19771215319633484,16.289825439453125,18.172412872314453,8689.759061011498,296.0254211425781,179.9159698486328,60.777199268341064,0.061813872307538986,0.03756874054670334
30.8,1500,11.137166023254395,0.1983100026845932,16.289600372314453,18.174440383911133,8692.818402916855,296.05438232421875,180.52354431152344,60.976481437683105,0.0616937056183815,0.03761865198612213
30.9,1500,11.023904800415039,0.197518989443779,16.291399002075195,18.135690689086914,8697.29871559098,295.4557800292969,179.89614868164062,60.88767051696777,0.06127927079796791,0.03731152415275574
31,1550,11.045557022094727,0.1966659277677536,16.293212890625,18.10081672668457,8703.734465889884,294.92047119140625,179.25173950195312,60.779690742492676,0.06162036210298538,0.037452664226293564
31.1,1550,11.293598175048828,0.2212309092283249,16.18747901916504,20.173986434936523,8818.107458862607,326.56597900390625,204.29127502441406,62.55742311477661,0.05528184399008751,0.034582898020744324
31.2,1550,11.79633903503418,0.2266610860824585,16.154029846191406,21.326799392700195,9030.533263308364,344.5137634277344,214.3477783203125,62.217479944229126,0.055033642798662186,0.03424054756760597
31.3,1550,12.357926368713379,0.23112455010414124,16.140914916992188,21.885723114013672,9190.1651660991,353.2555847167969,222.43238830566406,62.96641230583191,0.05555812641978264,0.03498296067118645
31.4,1550,12.581663131713867,0.22760534286499023,16.13509750366211,22.17540740966797,9285.561380047913,357.8023681640625,221.31927490234375,61.855173110961914,0.056848473846912384,0.035163722932338715
31.5,1550,12.795991897583008,0.23233915865421295,16.13213348388672,22.33295440673828,9335.231244245759,360.2781982421875,227.13084411621094,63.04318308830261,0.05633753538131714,0.035516973584890366
31.6,1550,12.95096206665039,0.23345409333705902,16.129417419433594,22.423656463623047,9362.037350725308,361.6805114746094,228.87611389160156,63.28129768371582,0.056585028767585754,0.035807739943265915
31.7,1550,12.897391319274902,0.22932486236095428,16.128690719604492,22.458322525024414,9379.382169883529,362.22332763671875,225.24440002441406,62.18384504318237,0.05725954473018646,0.03560618683695793
31.8,1550,12.934219360351562,0.2323189079761505,16.12851333618164,22.478242874145508,9388.42555891068,362.5406494140625,228.40518188476562,63.00126314163208,0.05662839859724045,0.03567660599946976
31.9,1550,13.012040138244629,0.2334345430135727,16.128402709960938,22.48914909362793,9395.134079644278,362.71405029296875,229.666015625,63.318753242492676,0.0566563606262207,0.03587409853935242
32,1550,12.89090633392334,0.22871927917003632,16.129608154296875,22.47570037841797,9403.124271715249,362.52423095703125,225.21824645996094,62.12501525878906,0.057237397879362106,0.03555874153971672
32.1,1550,12.819541931152344,0.23020261526107788,16.130123138427734,22.463132858276367,9415.308600641041,362.3330993652344,226.97259521484375,62.6419723033905,0.05648057162761688,0.035380542278289795
32.2,1550,12.8834810256958,0.23245559632778168,16.13117790222168,22.441753387451172,9426.514336490229,362.01190185546875,229.4667510986328,63.38651776313782,0.056145306676626205,0.03558855503797531
32.3,1550,12.863698959350586,0.23079028725624084,16.132022857666016,22.414567947387695,9434.481214848833,361.5923156738281,228.01539611816406,63.05869221687317,0.056415922939777374,0.03557514399290085
32.4,1550,12.800718307495117,0.227858304977417,16.132036209106445,22.40152931213379,9437.977106018261,361.3822937011719,225.20208740234375,62.316858768463135,0.05684103071689606,0.03542154282331467
32.5,1550,12.809460639953613,0.23045378923416138,16.131362915039062,22.414112091064453,9438.593753710367,361.5701904296875,227.78219604492188,62.998056411743164,0.05623556673526764,0.03542731702327728
32.6,1550,12.922117233276367,0.23266421258449554,16.131210327148438,22.419536590576172,9438.22539705497,361.6542663574219,229.9580078125,63.58504295349121,0.05619337782263756,0.03573058173060417
32.7,1550,12.95742130279541,0.23020239174365997,16.130393981933594,22.428884506225586,9434.600114781904,361.7867431640625,227.43743896484375,62.86505460739136,0.056971367448568344,0.035815078765153885
32.8,1550,12.928686141967773,0.22877778112888336,16.130048751831055,22.447553634643555,9425.801519734609,362.08013916015625,225.8191375732422,62.36717104911804,0.057252392172813416,0.03570669889450073
32.9,1550,13.008967399597168,0.23288676142692566,16.12917709350586,22.468534469604492,9416.899761510087,362.3989562988281,229.6578826904297,63.37156295776367,0.0566449835896492,0.03589681163430214
33,1550,13.058894157409668,0.23238636553287506,16.1286563873291,22.488615036010742,9411.460089572061,362.7111511230469,229.0320587158203,63.14447522163391,0.05701775848865509,0.036003563553094864
33.1,1550,12.970623970031738,0.2288104146718979,16.12877082824707,22.504106521606445,9405.290698436951,362.96356201171875,225.35989379882812,62.088847160339355,0.05755515769124031,0.03573533147573471
33.2,1550,13.009496688842773,0.23288825154304504,16.128665924072266,22.502178192138672,9400.947353822983,362.93011474609375,229.2703094482422,63.1720244884491,0.05674305185675621,0.03584573417901993
33.3,1550,13.044692993164062,0.23248717188835144,16.128515243530273,22.488597869873047,9397.644383623392,362.70770263671875,228.7950439453125,63.07973265647888,0.05701475217938423,0.03596475347876549
33.4,1550,12.955533027648926,0.2294101119041443,16.128005981445312,22.503259658813477,9396.118501148972,362.9327087402344,225.73019409179688,62.19615936279297,0.057393886148929596,0.035696789622306824
33.5,1550,13.025927543640137,0.23375047743320465,16.127389907836914,22.529733657836914,9392.99388084899,363.3457946777344,229.92445373535156,63.279789686203,0.05665307492017746,0.03584994748234749
33.6,1550,13.072319984436035,0.23303170502185822,16.127038955688477,22.549394607543945,9390.09890061582,363.65496826171875,229.1468048095703,63.012146949768066,0.05704779550433159,0.0359470397233963
33.7,1550,12.976673126220703,0.23026975989341736,16.127483367919922,22.543865203857422,9390.356517137474,363.5758056640625,226.43711853027344,62.280577421188354,0.05730806663632393,0.035691794008016586
33.8,1550,13.022855758666992,0.2337976098060608,16.126977920532227,22.549283981323242,9393.657738808639,363.65179443359375,229.98707580566406,63.24375867843628,0.05662429705262184,0.03581133112311363
33.9,1550,13.022976875305176,0.23243482410907745,16.128036499023438,22.513029098510742,9397.10875108176,363.0909423828125,228.73049926757812,62.995368242263794,0.05693590268492699,0.035866983234882355
34,1550,12.91853141784668,0.22934703528881073,16.127696990966797,22.503332138061523,9404.035837868798,362.9269104003906,225.8582763671875,62.23244071006775,0.057197511196136475,0.03559540584683418
34.1,1550,13.001564979553223,0.2326687127351761,16.129671096801758,22.4830265045166,9404.187959841993,362.6438293457031,229.1331329345703,63.1840705871582,0.05674240365624428,0.035852160304784775
34.2,1550,13.051729202270508,0.2331998348236084,16.128923416137695,22.487356185913086,9402.71395037759,362.69683837890625,229.6201934814453,63.30912113189697,0.05684050917625427,0.035985227674245834
34.3,1550,12.923063278198242,0.22867798805236816,16.1282958984375,22.48637580871582,9406.47037228272,362.66693115234375,225.25772094726562,62.11145520210266,0.057370126247406006,0.03563342243432999
34.4,1550,12.969844818115234,0.2320060431957245,16.12828826904297,22.48533058166504,9408.811651847174,362.64990234375,228.59288024902344,63.03403973579407,0.0567377470433712,0.035764094442129135
34.5,1550,13.06937313079834,0.23351790010929108,16.12843132019043,22.4888916015625,9405.603685025477,362.7105407714844,230.00404357910156,63.412559032440186,0.056822363287210464,0.03603251650929451
34.6,1550,12.979898452758789,0.2300761640071869,16.127044677734375,22.528076171875,9403.100375160073,363.311279296875,226.5537872314453,62.358033657073975,0.057292789220809937,0.03572665899991989
34.7,1550,12.90640640258789,0.2318798303604126,16.12824249267578,22.507322311401367,9409.476092649633,363.0035400390625,228.48464965820312,62.94281482696533,0.05648697167634964,0.035554490983486176
34.8,1550,12.958033561706543,0.23360474407672882,16.130704879760742,22.453020095825195,9418.402913114947,362.18304443359375,230.40269470214844,63.61498236656189,0.056240808218717575,0.035777583718299866
34.9,1550,12.911604881286621,0.23061193525791168,16.1302433013916,22.445295333862305,9422.11503896658,362.0480651855469,227.54054260253906,62.848156690597534,0.05674419179558754,0.035662680864334106
35,1550,12.833002090454102,0.22904323041439056,16.129974365234375,22.449398040771484,9425.953058864994,362.10821533203125,226.0847930908203,62.43569850921631,0.05676189810037613,0.035439688712358475
35.1,1550,12.892260551452637,0.2322806566953659,16.12992286682129,22.450525283813477,9429.52763381366,362.125244140625,229.3673553466797,63.3392333984375,0.056207913905382156,0.0356016606092453
35.2,1550,12.961384773254395,0.2326943725347519,16.129928588867188,22.447063446044922,9430.79881398047,362.06951904296875,229.80685424804688,63.47036361694336,0.05640121176838875,0.035798054188489914
35.3,1550,12.903878211975098,0.22907860577106476,16.130002975463867,22.444927215576172,9430.89789725803,362.0367431640625,226.2383270263672,62.49043345451355,0.05703665688633919,0.03564245626330376
35.4,1550,12.871026992797852,0.22928813099861145,16.12944793701172,22.450292587280273,9428.19991789436,362.11083984375,226.38047790527344,62.5169038772583,0.05685572698712349,0.035544440150260925
35.5,1550,12.971263885498047,0.23289327323436737,16.129915237426758,22.448205947875977,9424.223764250173,362.087646484375,229.84292602539062,63.477152585983276,0.05643533915281296,0.03582354635000229
35.6,1550,12.97024154663086,0.23137767612934113,16.12953758239746,22.464019775390625,9420.771586291432,362.3342590332031,228.26353454589844,62.998056411743164,0.056821346282958984,0.03579634428024292
35.7,1550,12.90758228302002,0.22918520867824554,16.12897491455078,22.47471809387207,9417.108419235772,362.4941711425781,226.01266479492188,62.34932541847229,0.05710999667644501,0.03560769557952881
35.8,1550,12.9862699508667,0.23340462148189545,16.12883949279785,22.483789443969727,9411.60988017402,362.6374206542969,230.03927612304688,63.435059785842896,0.05645240470767021,0.03581061586737633
35.9,1550,13.054821014404297,0.23323406279087067,16.128847122192383,22.482595443725586,9406.628322684006,362.61834716796875,229.74949645996094,63.35848569869995,0.056821975857019424,0.0360015444457531
36,1600,12.974019050598145,0.22971197962760925,16.12749671936035,22.50601577758789,9400.661760846488,362.9656982421875,226.13650512695312,62.302446365356445,0.05737251043319702,0.035744477063417435
36.1,1600,13.276307106018066,0.2538955509662628,15.996371269226074,25.115982055664062,9502.891806732872,401.76458740234375,252.6617431640625,62.88800835609436,0.05254577472805977,0.03304499015212059
36.2,1600,14.175422668457031,0.2676834166049957,15.956485748291016,26.529184341430664,9706.055073255227,423.31256103515625,272.07763671875,64.27345871925354,0.05210065469145775,0.03348689526319504
36.3,1600,14.429336547851562,0.2678406834602356,15.946383476257324,27.103897094726562,9849.944391770163,432.2091369628906,276.2733154296875,63.921213150024414,0.05222848430275917,0.033385079354047775
36.4,1600,14.543184280395508,0.26869720220565796,15.938019752502441,27.445219039916992,9932.802491208016,437.4224548339844,279.4882507324219,63.89435529708862,0.05203504487872124,0.033247459679841995
36.5,1600,14.966763496398926,0.2703249454498291,15.938014030456543,27.536962509155273,9975.657757280995,438.8844909667969,282.39453125,64.34370279312134,0.052999481558799744,0.034101828932762146
36.6,1600,15.022507667541504,0.2717624008655548,15.936691284179688,27.603551864624023,10001.321491854562,439.9092712402344,284.62652587890625,64.70118761062622,0.05277971550822258,0.03414910286664963
36.7,1600,14.774965286254883,0.26687830686569214,15.938319206237793,27.587989807128906,10023.52547151287,439.7061767578125,280.13177490234375,63.70885968208313,0.052742909640073776,0.03360190615057945
36.8,1600,14.766282081604004,0.2673739790916443,15.938862800598145,27.565881729125977,10039.89752602258,439.3688049316406,281.1104736328125,63.980525732040405,0.052528392523527145,0.03360794484615326
36.9,1600,15.032955169677734,0.26954373717308044,15.940001487731934,27.539365768432617,10047.671483411348,438.9775390625,283.61114501953125,64.60720896720886,0.05300551652908325,0.034245386719703674
37,1600,15.066961288452148,0.27088096737861633,15.939979553222656,27.543813705444336,10050.963379597566,439.0478210449219,285.1115417480469,64.93860483169556,0.052845846861600876,0.03431735932826996
37.1,1600,14.862401962280273,0.2670539617538452,15.940442085266113,27.534259796142578,10051.209339263038,438.90826416015625,281.0903625488281,64.0430748462677,0.05287410691380501,0.03386220335960388
37.2,1600,14.753753662109375,0.26683664321899414,15.938820838928223,27.576963424682617,10051.154552038975,439.5442810058594,280.860107421875,63.89802098274231,0.05253061652183533,0.03356602415442467
37.3,1600,14.93946361541748,0.2691734731197357,15.939435958862305,27.57271385192871,10053.878759329056,439.4934997558594,283.3965148925781,64.4825279712677,0.052715759724378586,0.033992454409599304
37.4,1600,15.038274765014648,0.27151942253112793,15.942158699035645,27.53018569946289,10057.909700197306,438.8905944824219,285.9810485839844,65.15998840332031,0.05258486419916153,0.03426429256796837
37.5,1600,14.843283653259277,0.26811015605926514,15.94254207611084,27.505407333374023,10064.741783606449,438.506103515625,282.58203125,64.441978931427,0.05252734571695328,0.03384966030716896
37.6,1600,14.614786148071289,0.2639242112636566,15.943381309509277,27.479137420654297,10070.961882065958,438.1103515625,278.342041015625,63.532400131225586,0.052506569772958755,0.03335868567228317
37.7,1600,14.632491111755371,0.2654948830604553,15.944223403930664,27.449398040771484,10075.108225810425,437.6593322753906,280.1138000488281,64.00269865989685,0.05223766714334488,0.033433519303798676
37.8,1600,14.861676216125488,0.2681591510772705,15.94414234161377,27.440990447998047,10076.846263067384,437.5230712890625,282.97357177734375,64.67626690864563,0.05251966044306755,0.0339677557349205
37.9,1600,15.00158405303955,0.27095404267311096,15.942686080932617,27.47018051147461,10073.035636781002,437.9484558105469,285.8147277832031,65.2621865272522,0.0524870902299881,0.034254223108291626
38,1600,14.83716869354248,0.2686067819595337,15.941716194152832,27.494112014770508,10070.584199925614,438.3033447265625,283.269775390625,64.62870836257935,0.052378226071596146,0.033851370215415955
38.1,1600,14.666638374328613,0.2651594877243042,15.941778182983398,27.506162643432617,10065.494816515902,438.49713134765625,279.49298095703125,63.73884081840515,0.05247587338089943,0.0334475114941597
38.2,1600,14.7943115234375,0.2674006223678589,15.939687728881836,27.552825927734375,10056.39547457907,439.1834411621094,281.6004638671875,64.11910057067871,0.052536528557538986,0.03368594869971275
38.3,1600,15.025835037231445,0.2713226079940796,15.939314842224121,27.57379913330078,10055.455931970682,439.5074768066406,285.70404052734375,65.00549912452698,0.052592311054468155,0.03418789431452751
38.4,1600,14.914281845092773,0.26989927887916565,15.940889358520508,27.554813385009766,10060.82974267127,439.24822998046875,284.3571472167969,64.7372305393219,0.052449118345975876,0.03395410627126694
38.5,1600,14.629212379455566,0.2653615176677704,15.942426681518555,27.506433486938477,10069.368389825675,438.519287109375,279.8135681152344,63.8087272644043,0.05228199437260628,0.033360473811626434
38.6,1600,14.492547988891602,0.26433929800987244,15.943859100341797,27.460115432739258,10076.376491763189,437.8202209472656,278.9296875,63.708728551864624,0.051957711577415466,0.03310159593820572
38.7,1600,14.589661598205566,0.263994961977005,15.947111129760742,27.383888244628906,10084.654025339085,436.69390869140625,278.795166015625,63.8422429561615,0.0523311123251915,0.03340935334563255
38.8,1600,14.799407005310059,0.26743438839912415,15.947580337524414,27.35804557800293,10089.159400254002,436.29461669921875,282.5536193847656,64.76210951805115,0.05237734317779541,0.03392067179083824
38.9,1600,14.828838348388672,0.2684086561203003,15.947366714477539,27.35345458984375,10090.123422260376,436.215576171875,283.61004638671875,65.01603126525879,0.05228601023554802,0.033994290977716446
39,1600,14.710533142089844,0.2656790614128113,15.945798873901367,27.387189865112305,10087.434185538847,436.71063232421875,280.6510314941406,64.26476240158081,0.052415743470191956,0.033684853464365005
39.1,1600,14.538804054260254,0.2636728584766388,15.946050643920898,27.38852882385254,10082.610578450118,436.7388610839844,278.3985900878906,63.744860887527466,0.052222978323698044,0.03328946605324745
39.2,1600,14.582926750183105,0.26455557346343994,15.943984031677246,27.43831443786621,10078.64141891964,437.4760437011719,279.22064208984375,63.82535696029663,0.05222725123167038,0.03333422914147377
39.3,1600,14.787081718444824,0.26789554953575134,15.944226264953613,27.43634605407715,10079.836246678447,437.4513244628906,282.779296875,64.64245915412903,0.052291955798864365,0.033802807331085205
39.4,1600,14.92333984375,0.26988089084625244,15.945959091186523,27.405366897583008,10078.100540792728,437.0048522949219,284.82586669921875,65.17682075500488,0.05239460617303848,0.03414914011955261
39.5,1600,14.817785263061523,0.2674386203289032,15.942395210266113,27.465347290039062,10071.577364072447,437.8634338378906,282.065673828125,64.41864371299744,0.0525331050157547,0.03384111076593399
39.6,1600,14.648633003234863,0.2651970386505127,15.940893173217773,27.502819061279297,10065.6661723018,438.41949462890625,279.5373229980469,63.76023888587952,0.05240313708782196,0.03341236710548401
39.7,1600,14.731637954711914,0.26616382598876953,15.941625595092773,27.5142879486084,10062.174943874845,438.6224670410156,280.4590759277344,63.94088268280029,0.052526868879795074,0.03358614444732666
39.8,1600,14.962176322937012,0.26842227578163147,15.94166374206543,27.513343811035156,10066.864497117462,438.6084899902344,282.97064208984375,64.51554298400879,0.05287536606192589,0.034112829715013504
39.9,1600,14.960087776184082,0.268681138753891,15.942841529846191,27.482439041137695,10072.98084955694,438.1481628417969,283.4156494140625,64.68488574028015,0.05278497561812401,0.034143902361392975
40,1600,14.775976181030273,0.26504960656166077,15.943320274353027,27.468917846679688,10072.710410493482,437.94573974609375,279.57745361328125,63.838374614715576,0.052851103246212006,0.03373928368091583
40.1,1600,14.651055335998535,0.2641832232475281,15.941723823547363,27.498809814453125,10070.745064540946,438.37841796875,278.60919189453125,63.55449557304382,0.052586402744054794,0.033421020954847336
40.2,1600,14.738103866577148,0.26512810587882996,15.94362735748291,27.47478675842285,10071.317416179554,438.0477600097656,279.62158203125,63.833582401275635,0.05270732194185257,0.03364497050642967
40.3,1600,14.906834602355957,0.2688320279121399,15.945536613464355,27.440834045410156,10076.44643290029,437.558837890625,283.67236328125,64.83067870140076,0.05254947766661644,0.034068185836076736
40.4,1600,14.812976837158203,0.267560750246048,15.946186065673828,27.404964447021484,10080.524001193275,437.0046691894531,282.4451599121094,64.63207006454468,0.05244549736380577,0.033896610140800476
40.5,1600,14.675498962402344,0.2650509774684906,15.945989608764648,27.399660110473633,10082.30633450373,436.9147033691406,279.8452453613281,64.05031681060791,0.05244148150086403,0.03358893468976021
40.6,1600,14.499754905700684,0.2632247507572174,15.946876525878906,27.38228416442871,10085.816213900578,436.6618957519531,278.0138244628906,63.66798281669617,0.052154798060655594,0.03320590779185295
40.7,1600,14.51514720916748,0.2638569474220276,15.946341514587402,27.3870849609375,10089.159400254002,436.72381591796875,278.77392578125,63.83300423622131,0.05206780880689621,0.03323644399642944
40.8,1600,14.678996086120605,0.26598086953163147,15.94725513458252,27.366724014282227,10093.576183061927,436.42413330078125,281.14093017578125,64.41919803619385,0.05221223458647728,0.03363470360636711
40.9,1600,14.792967796325684,0.26779526472091675,15.947556495666504,27.34916877746582,10095.515883930859,436.15240478515625,283.1131286621094,64.91151452064514,0.05225108191370964,0.03391696885228157
41,1250,14.812864303588867,0.26764968037605286,15.946830749511719,27.358741760253906,10090.445151491042,436.28521728515625,282.8171081542969,64.8239016532898,0.05237612500786781,0.033952247351408005
41.1,1250,12.778474807739258,0.13540229201316833,16.53488540649414,15.473020553588867,9392.234436668634,255.84461975097656,133.17526245117188,52.05317735671997,0.09595231711864471,0.04994623363018036
41.2,1250,9.492302894592285,0.05818065628409386,16.765901565551758,8.242737770080566,7987.540719033209,138.19692993164062,48.665401458740234,35.21453142166138,0.1950523853302002,0.06868678331375122
41.3,1250,6.598548412322998,0.016130536794662476,16.85442543029785,4.565648078918457,6556.274032041903,76.95137786865234,11.0747652053833,14.391900599002838,0.5958183407783508,0.08574958145618439
41.4,1250,4.550556659698486,0.01407928392291069,16.85695457458496,3.470301628112793,5391.386908341629,58.49871826171875,7.948948383331299,13.58824372291565,0.5724727511405945,0.07778900116682053
41.5,1250,3.359407901763916,0.02259819395840168,16.85495376586914,3.1440811157226562,4670.698277740603,52.993343353271484,11.053101539611816,20.85752934217453,0.3039335012435913,0.0633930191397667
41.6,1250,2.6685738563537598,0.03088255599141121,16.85265350341797,3.070960521697998,4268.475540915289,51.75383377075195,13.80430793762207,26.67301595211029,0.1933145672082901,0.051562823355197906
41.7,1250,2.3237781524658203,0.03417317569255829,16.852426528930664,3.0416908264160156,4053.869321520411,51.25987243652344,14.507203102111816,28.301286697387695,0.1601809859275818,0.04533328115940094
41.8,1250,2.1569554805755615,0.036544449627399445,16.8530330657959,3.0222392082214355,3937.8095814579365,50.93389892578125,15.06970500946045,29.58678901195526,0.14313189685344696,0.04234813526272774
41.9,1250,2.062807559967041,0.03804054856300354,16.8525333404541,3.021111011505127,3873.7869216627673,50.91337585449219,15.431605339050293,30.309531092643738,0.13367420434951782,0.04051602631807327
42,1250,2.02695894241333,0.03863672539591789,16.852825164794922,3.029559850692749,3839.850024834373,51.056640625,15.536142349243164,30.429229140281677,0.13046732544898987,0.03970019891858101
42.1,1250,1.9918832778930664,0.03900405764579773,16.852859497070312,3.030834913253784,3821.769949472378,51.0782356262207,15.610001564025879,30.560964345932007,0.12760300934314728,0.03899671137332916
42.2,1250,1.9732897281646729,0.039452217519283295,16.852266311645508,3.043987512588501,3812.8609057127424,51.29808807373047,15.752554893493652,30.70787787437439,0.12526792287826538,0.03846712037920952
42.3,1250,1.97577965259552,0.03936455398797989,16.852720260620117,3.034895658493042,3810.362550011216,51.14624786376953,15.707253456115723,30.71047067642212,0.12578772008419037,0.03863000124692917
42.4,1250,1.972159743309021,0.03949528560042381,16.852672576904297,3.028904676437378,3809.6133055800224,51.04513931274414,15.756319046020508,30.867424607276917,0.12516626715660095,0.038635604083538055
42.5,1250,1.967301607131958,0.03908304497599602,16.853286743164062,3.002258777618408,3808.8060682893156,50.59792709350586,15.588555335998535,30.80868422985077,0.12620165944099426,0.03888107091188431
42.6,1250,1.977551817893982,0.03910893574357033,16.853588104248047,2.9976806640625,3805.1402784410134,50.52167510986328,15.583868980407715,30.845907330513,0.12689736485481262,0.03914264217019081
42.7,1250,1.9892698526382446,0.03973761573433876,16.852096557617188,3.0336666107177734,3803.5666028562423,51.12364196777344,15.827832221984863,30.959907174110413,0.12568175792694092,0.03891095519065857
42.8,1250,1.9938253164291382,0.03950578719377518,16.8527774810791,3.0187931060791016,3803.969930080191,50.87504959106445,15.737161636352539,30.932965874671936,0.12669534981250763,0.0391906313598156
42.9,1250,2.0059850215911865,0.039663512259721756,16.85239601135254,3.033268690109253,3801.938140047409,51.11784362792969,15.791552543640137,30.892446637153625,0.12702898681163788,0.03924236446619034
43,1250,2.0060956478118896,0.03962031379342079,16.85264015197754,3.0304291248321533,3801.673820833448,51.07073211669922,15.7732572555542,30.88512122631073,0.12718334794044495,0.0392807312309742
43.1,1250,1.9931118488311768,0.039392683655023575,16.852712631225586,3.016011953353882,3798.1403363028285,50.82798385620117,15.668058395385742,30.82565665245056,0.12720860540866852,0.03921288624405861
43.2,1250,1.9944020509719849,0.03979033976793289,16.852102279663086,3.0161831378936768,3799.7288743792333,50.82902526855469,15.832841873168945,31.149214506149292,0.1259661465883255,0.03923746198415756
43.3,1250,1.984984040260315,0.039385199546813965,16.852983474731445,3.0011422634124756,3799.7338285431115,50.57820129394531,15.67165470123291,30.984997749328613,0.1266607791185379,0.0392458401620388
43.4,1250,1.972121000289917,0.03979581594467163,16.85212516784668,3.0130505561828613,3801.4068788268464,50.77630615234375,15.842013359069824,31.1996191740036,0.1244867593050003,0.038839396089315414
43.5,1250,1.9885451793670654,0.03954353183507919,16.852418899536133,3.013767719268799,3803.3492024884204,50.789276123046875,15.749627113342285,31.009748578071594,0.12625983357429504,0.039152856916189194
43.6,1250,1.9844746589660645,0.039573222398757935,16.852468490600586,3.0124166011810303,3804.010146234024,50.76665496826172,15.764191627502441,31.052255630493164,0.12588496506214142,0.0390901193022728
43.7,1250,1.9727283716201782,0.038778722286224365,16.853391647338867,2.98417067527771,3802.1706943282697,50.29339599609375,15.440228462219238,30.700308084487915,0.127765491604805,0.039224401116371155
43.8,1250,1.9800578355789185,0.039130087941884995,16.853124618530273,3.002107858657837,3802.847374829721,50.59489822387695,15.582901954650879,30.79935312271118,0.12706604599952698,0.03913552314043045
43.9,1250,1.9751572608947754,0.03925009071826935,16.852989196777344,3.0059821605682373,3802.590923993684,50.659786224365234,15.629636764526367,30.8521568775177,0.1263725608587265,0.038988661020994186
44,1250,1.970798134803772,0.03926052525639534,16.85291290283203,3.008746862411499,3801.6032968535383,50.70615005493164,15.629731178283691,30.82413375377655,0.12609289586544037,0.0388670451939106
44.1,1250,1.9853419065475464,0.03966060280799866,16.852313995361328,3.025848865509033,3803.1026599801394,50.9925537109375,15.795230865478516,30.97556233406067,0.1256924867630005,0.03893395513296127
44.2,1250,1.9817514419555664,0.03912246972322464,16.853099822998047,3.0105669498443604,3802.9919198463963,50.73738479614258,15.580460548400879,30.708047747612,0.12719467282295227,0.039058998227119446
44.3,1250,1.985594391822815,0.039118651300668716,16.852869033813477,3.021542549133301,3798.918431453076,50.921661376953125,15.56225299835205,30.561164021492004,0.12759041786193848,0.038993120193481445
44.4,1250,2.005599021911621,0.039512693881988525,16.852502822875977,3.0261781215667725,3798.353656770986,50.99867630004883,15.7166748046875,30.81780970096588,0.12760962545871735,0.039326492697000504
44.5,1250,2.008140802383423,0.039386358112096786,16.85275650024414,3.028155565261841,3798.375804797735,51.03276824951172,15.66651439666748,30.698931217193604,0.12818044424057007,0.03935002535581589
44.6,1250,2.011563301086426,0.03943011909723282,16.852676391601562,3.0371134281158447,3796.686434915343,51.18349075317383,15.676944732666016,30.628910660743713,0.12831348180770874,0.03930101916193962
44.7,1250,2.0298502445220947,0.039839938282966614,16.852148056030273,3.0309019088745117,3798.6783002156963,51.07720947265625,15.848194122314453,31.027919054031372,0.1280808448791504,0.039740823209285736
44.8,1250,2.027590036392212,0.039553675800561905,16.85250473022461,3.0331153869628906,3799.145740148654,51.11559295654297,15.73625659942627,30.785629153251648,0.12884831428527832,0.03966676443815231
44.9,1250,2.0186057090759277,0.03948502987623215,16.85247039794922,3.0205111503601074,3797.7180666875815,50.903076171875,15.703042984008789,30.84890842437744,0.12854869663715363,0.03965587168931961
45,1250,2.022874593734741,0.03935330733656883,16.852975845336914,2.995180606842041,3797.9459582259688,50.47770690917969,15.651596069335938,31.00694715976715,0.12924398481845856,0.04007461294531822
45.1,1250,2.014695644378662,0.03936941176652908,16.852622985839844,3.003065586090088,3798.0703951657274,50.60953140258789,15.658514022827148,30.939853191375732,0.1286645531654358,0.039808619767427444
45.2,1250,2.010636329650879,0.039122678339481354,16.85272216796875,2.9953858852386475,3799.8177579076323,50.48040771484375,15.56753921508789,30.838775634765625,0.129155695438385,0.0398300364613533
45.3,1250,2.0116379261016846,0.039314765483140945,16.85256004333496,2.9974541664123535,3801.6467186428217,50.51477813720703,15.651503562927246,30.98401129245758,0.12852682173252106,0.039822760969400406
45.4,1250,1.9933366775512695,0.039035994559526443,16.85317611694336,2.98065447807312,3802.7316805320997,50.23349380493164,15.544958114624023,30.94540536403656,0.12823043763637543,0.03968142718076706
45.5,1250,1.9771184921264648,0.03790581226348877,16.855989456176758,2.921445846557617,3800.9811121547446,49.24386215209961,15.087946891784668,30.639243125915527,0.1310396045446396,0.040149543434381485
45.6,1250,1.9715487957000732,0.03864377364516258,16.853681564331055,2.954016923904419,3798.5037387943485,49.78606033325195,15.371657371520996,30.875423550605774,0.12825869023799896,0.03960041701793671
45.7,1250,1.947405219078064,0.038472700864076614,16.853696823120117,2.9618170261383057,3803.6301327224423,49.917564392089844,15.324262619018555,30.69913685321808,0.12707987427711487,0.039012424647808075
45.8,1250,1.9270172119140625,0.03815045207738876,16.85383415222168,2.9539401531219482,3808.6848369850077,49.78521728515625,15.216099739074707,30.563488602638245,0.1266433149576187,0.038706615567207336
45.9,1250,1.9262642860412598,0.038206547498703,16.853832244873047,2.9613900184631348,3812.6621563148137,49.910770416259766,15.254385948181152,30.563315749168396,0.12627609074115753,0.03859416022896767
46,1300,1.9066083431243896,0.037659429013729095,16.854421615600586,2.9428741931915283,3814.063601849474,49.600440979003906,15.04146957397461,30.32527267932892,0.12675678730010986,0.03843934088945389
46.1,1300,2.1173899173736572,0.06938784569501877,16.78667449951172,4.3068156242370605,4002.8965122226577,72.29711151123047,29.086158752441406,40.23142755031586,0.07279716432094574,0.029287338256835938
46.2,1300,2.5453298091888428,0.07109477370977402,16.78495216369629,4.651325702667236,4343.748815455951,78.07228088378906,32.33932876586914,41.422292590141296,0.07870694994926453,0.0326022207736969
46.3,1300,2.8172144889831543,0.06808096915483475,16.790327072143555,4.655915260314941,4569.278091937566,78.1743392944336,32.57631301879883,41.67136251926422,0.08648045361042023,0.03603758662939072
46.4,1300,3.0191946029663086,0.06424854695796967,16.792861938476562,4.621495246887207,4695.995695608604,77.6081314086914,31.595090866088867,40.71105718612671,0.09555897861719131,0.038903068751096725
46.5,1300,3.138153076171875,0.06312661617994308,16.79332733154297,4.613692760467529,4764.071152877368,77.47925567626953,31.49338722229004,40.647509694099426,0.09964482486248016,0.04050314053893089
46.6,1300,3.2065138816833496,0.06207072734832764,16.793968200683594,4.594581127166748,4798.415456829375,77.16124725341797,31.189851760864258,40.42164981365204,0.10280632227659225,0.04155601188540459
46.7,1300,3.2500741481781006,0.06178378686308861,16.793628692626953,4.607265472412109,4816.53807971644,77.3727035522461,31.162919998168945,40.27637243270874,0.10429299622774124,0.04200543463230133
46.8,1300,3.2754993438720703,0.06190855801105499,16.793685913085938,4.597114086151123,4825.222146151735,77.2024917602539,31.28215217590332,40.51961600780487,0.1047082468867302,0.04242737963795662
46.9,1300,3.2841713428497314,0.0624338835477829,16.79316520690918,4.597261428833008,4827.011764997304,77.20256805419922,31.559297561645508,40.87855815887451,0.10406351089477539,0.04253966361284256
47,1300,3.2887673377990723,0.06260331720113754,16.793331146240234,4.599302768707275,4828.3106301975495,77.23761749267578,31.653457641601562,40.981921553611755,0.10389915108680725,0.04257986694574356
47.1,1300,3.2860028743743896,0.06324419379234314,16.792814254760742,4.6307053565979,4829.369364160415,77.7625732421875,31.98451042175293,41.13098084926605,0.10273732244968414,0.04225686937570572
47.2,1300,3.2953054904937744,0.064017154276371,16.791601181030273,4.663933277130127,4835.206534894297,78.31491088867188,32.41455078125,41.390013694763184,0.1016613021492958,0.042077627032995224
47.3,1300,3.320631980895996,0.06445655226707458,16.791563034057617,4.661604881286621,4843.321746747837,78.275634765625,32.69181442260742,41.76499545574188,0.10157380998134613,0.04242229461669922
47.4,1300,3.3504843711853027,0.0641288161277771,16.791902542114258,4.651677131652832,4848.8596276992075,78.11051177978516,32.56277847290039,41.688087582588196,0.10289307683706284,0.0428941547870636
47.5,1300,3.355166435241699,0.06391043961048126,16.79191780090332,4.660701751708984,4852.170466276722,78.26212310791016,32.47405242919922,41.49395823478699,0.10331837832927704,0.042870886623859406
47.6,1300,3.340758800506592,0.06294935941696167,16.79212188720703,4.654779434204102,4852.721544152797,78.16361999511719,31.989341735839844,40.92612564563751,0.10443349927663803,0.042740583419799805
47.7,1300,3.3386318683624268,0.06216351315379143,16.79229736328125,4.643592357635498,4855.5223952722845,77.9765853881836,31.608226776123047,40.53553640842438,0.10562540590763092,0.04281582683324814
47.8,1300,3.3363606929779053,0.062078025192022324,16.79273223876953,4.635857105255127,4854.328150356287,77.84870910644531,31.556995391845703,40.53631126880646,0.10572491586208344,0.042856983840465546
47.9,1300,3.327380657196045,0.06206705421209335,16.79216957092285,4.6395416259765625,4856.256777211845,77.90796661376953,31.563953399658203,40.51440954208374,0.10541711002588272,0.042709119617938995
48,1300,3.319488525390625,0.06203681603074074,16.792400360107422,4.639617443084717,4857.781494000645,77.91031646728516,31.558481216430664,40.506166219711304,0.10518530756235123,0.04260653629899025
48.1,1300,3.2996408939361572,0.06298334896564484,16.792207717895508,4.640151023864746,4859.236269652344,77.91838073730469,32.049583435058594,41.13225042819977,0.10295425355434418,0.04234740138053894
48.2,1300,3.286041736602783,0.06277456134557724,16.79317855834961,4.642897129058838,4859.594717979987,77.96900177001953,31.945695877075195,40.972304344177246,0.1028633639216423,0.042145490646362305
48.3,1300,3.2969894409179688,0.06326445937156677,16.79311752319336,4.64238977432251,4858.007054167795,77.96019744873047,32.184486389160156,41.283226013183594,0.10244033485651016,0.04229067638516426
48.4,1300,3.3148915767669678,0.06322646886110306,16.7928524017334,4.637551784515381,4857.777705522385,77.87772369384766,32.163639068603516,41.300180554389954,0.10306332260370255,0.04256533831357956
48.5,1300,3.3215270042419434,0.06330524384975433,16.79248809814453,4.636302947998047,4859.016246491881,77.85506439208984,32.21192169189453,41.374218463897705,0.10311482846736908,0.042662955820560455
48.6,1300,3.3160648345947266,0.06240283325314522,16.79243278503418,4.623851299285889,4860.358242060005,77.64571380615234,31.76151466369629,40.90569019317627,0.10440512001514435,0.04270763695240021
48.7,1300,3.3123538494110107,0.06181439384818077,16.792129516601562,4.6275634765625,4861.963099735067,77.7066421508789,31.472402572631836,40.501558780670166,0.10524629801511765,0.04262639209628105
48.8,1300,3.320270538330078,0.0618424192070961,16.792919158935547,4.6155476570129395,4862.207310872111,77.5085220336914,31.488252639770508,40.62553644180298,0.10544473677873611,0.04283749312162399
48.9,1300,3.3165817260742188,0.061692122370004654,16.79273223876953,4.614184856414795,4860.883092009667,77.48477172851562,31.40317153930664,40.52818417549133,0.10561295598745346,0.04280301555991173
49,1300,3.2992045879364014,0.06243859976530075,16.792814254760742,4.628016471862793,4860.00533073905,77.71742248535156,31.77741241455078,40.88840186595917,0.10382232069969177,0.04245128855109215
49.1,1300,3.284153699874878,0.06323808431625366,16.792245864868164,4.642004489898682,4860.142881642015,77.9496841430664,32.185211181640625,41.28972887992859,0.10203921794891357,0.04213171452283859
49.2,1300,3.2871673107147217,0.06341352313756943,16.79283905029297,4.640140533447266,4859.324570337934,77.92113494873047,32.269065856933594,41.41247272491455,0.1018674448132515,0.04218582436442375
49.3,1300,3.3111684322357178,0.06360933929681778,16.79228401184082,4.641049861907959,4857.254021258342,77.93383026123047,32.35491943359375,41.51588678359985,0.10233894735574722,0.042486920952796936
49.4,1300,3.3330092430114746,0.06364116072654724,16.792024612426758,4.653138160705566,4855.9321337671345,78.13561248779297,32.36229705810547,41.41811430454254,0.10299050807952881,0.04265672340989113
49.5,1300,3.3426263332366943,0.06350129842758179,16.79192543029785,4.663824081420898,4856.926755020991,78.31458282470703,32.297786712646484,41.24108850955963,0.10349397361278534,0.042682040482759476
49.6,1300,3.3402516841888428,0.06249281018972397,16.791738510131836,4.66321325302124,4856.021308716939,78.30345916748047,31.778928756713867,40.584322810173035,0.10510900616645813,0.04265778139233589
49.7,1300,3.3350462913513184,0.0621221661567688,16.791988372802734,4.669552326202393,4855.231556710507,78.41107177734375,31.585309982299805,40.28169810771942,0.10558852553367615,0.04253285005688667
49.8,1300,3.338642120361328,0.06288894265890121,16.791589736938477,4.671912670135498,4855.438465907764,78.44883728027344,31.976531982421875,40.76099991798401,0.10440913587808609,0.0425582081079483
49.9,1300,3.3343794345855713,0.061712827533483505,16.794227600097656,4.6181440353393555,4850.523352497996,77.55815887451172,31.346759796142578,40.417101979255676,0.10637078434228897,0.04299198463559151
50,1300,3.3180058002471924,0.06250587105751038,16.791723251342773,4.661736011505127,4847.099442415501,78.27857971191406,31.727170944213867,40.53110182285309,0.10457931458950043,0.04238714650273323
50.1,1300,3.313138723373413,0.06312879174947739,16.791847229003906,4.657979488372803,4848.407050257883,78.21607971191406,32.052001953125,40.97878932952881,0.10336760431528091,0.04235879331827164
50.2,1300,3.305008888244629,0.06367840617895126,16.791664123535156,4.657290458679199,4849.131523869687,78.20365905761719,32.33588790893555,41.348305344581604,0.1022087037563324,0.04226156324148178
50.3,1300,3.3022031784057617,0.06379500031471252,16.791994094848633,4.650553226470947,4850.406201093352,78.0920639038086,32.40360641479492,41.4941132068634,0.10190850496292114,0.04228602722287178
50.4,1300,3.313194751739502,0.0638059452176094,16.79210090637207,4.641615390777588,4850.433594705383,77.94247436523438,32.40935134887695,41.5811151266098,0.10222959518432617,0.04250820726156235
50.5,1300,3.3285603523254395,0.06378265470266342,16.792253494262695,4.643344879150391,4849.632477264173,77.97222137451172,32.39216995239258,41.54321551322937,0.10275817662477493,0.04268905147910118
50.6,1300,3.334134340286255,0.06371442973613739,16.791824340820312,4.628567695617676,4849.1886424649865,77.72209930419922,32.35456085205078,41.62852168083191,0.10304990410804749,0.04289815202355385
50.7,1300,3.3347535133361816,0.06309676170349121,16.791587829589844,4.61948823928833,4848.042773502149,77.56854248046875,32.03333282470703,41.296809911727905,0.10410260409116745,0.04299105703830719
50.8,1300,3.3391897678375244,0.06252792477607727,16.791296005249023,4.640877723693848,4849.72573211364,77.92635345458984,31.75556182861328,40.75073599815369,0.1051529049873352,0.04285058379173279
50.9,1300,3.347369909286499,0.06241516396403313,16.791597366333008,4.641132831573486,4849.242555424835,77.93203735351562,31.69513702392578,40.670230984687805,0.10561146587133408,0.04295242577791214
51,1350,3.356705665588379,0.06261754781007767,16.79107093811035,4.660040378570557,4848.838062515268,78.2470703125,31.795257568359375,40.63444137573242,0.10557252168655396,0.04289880394935608
51.1,1350,3.672299385070801,0.09436433762311935,16.706043243408203,6.362612247467041,5033.108770799639,106.29407501220703,49.73622512817383,46.7911571264267,0.07383550703525543,0.03454848751425743
51.2,1350,4.190463542938232,0.09918135404586792,16.699689865112305,6.8949689865112305,5360.261353803288,115.14384460449219,55.67300033569336,48.350825905799866,0.07526922971010208,0.036393292248249054
51.3,1350,4.511962890625,0.0950900986790657,16.702295303344727,6.978673934936523,5576.366644903362,116.55987548828125,55.52840805053711,47.63938784599304,0.08125503361225128,0.038709402084350586
51.4,1350,4.6854681968688965,0.09159383177757263,16.70526123046875,6.962949275970459,5703.273672487382,116.31788635253906,54.70399856567383,47.02973663806915,0.08565129339694977,0.04028157889842987
51.5,1350,4.757542610168457,0.0895252451300621,16.706188201904297,6.969977855682373,5771.227315609028,116.44176483154297,54.105613708496094,46.46581411361694,0.08793066442012787,0.040857698768377304
51.6,1350,4.784899711608887,0.08844519406557083,16.706567764282227,6.9565229415893555,5807.4119457310035,116.21961975097656,53.78801345825195,46.2813526391983,0.08895847946405411,0.04117118567228317
51.7,1350,4.820120334625244,0.08727610856294632,16.70671272277832,6.95098352432251,5826.592719738124,116.12808227539062,53.25233459472656,45.856550335884094,0.09051471948623657,0.04150693118572235
51.8,1350,4.842520713806152,0.0870557576417923,16.7066707611084,6.953413486480713,5837.06523933337,116.16838836669922,53.213356018066406,45.807090401649475,0.0910019725561142,0.04168535768985748
51.9,1350,4.846826553344727,0.08744914829730988,16.706666946411133,6.965273857116699,5842.413987793164,116.36650848388672,53.502803802490234,45.97783386707306,0.09059014171361923,0.04165138676762581
52,1350,4.838514804840088,0.08731503039598465,16.706817626953125,6.962189674377441,5845.430782173451,116.31603240966797,53.44832992553711,45.950958132743835,0.09052696079015732,0.04159800335764885
52.1,1350,4.857639312744141,0.08703280240297318,16.706510543823242,6.964456081390381,5846.8074568887205,116.35176086425781,53.288116455078125,45.79915106296539,0.09115801751613617,0.04174960032105446
52.2,1350,4.867274284362793,0.08712280541658401,16.706214904785156,6.985377311706543,5847.8227690623025,116.69921112060547,53.35248565673828,45.71794867515564,0.09122862666845322,0.04170785844326019
52.3,1350,4.860997676849365,0.08756943047046661,16.706222534179688,6.984681606292725,5848.416103042042,116.6876449584961,53.63143539428711,45.96153497695923,0.09063710272312164,0.041658204048871994
52.4,1350,4.85594367980957,0.08749118447303772,16.706209182739258,6.9719085693359375,5848.633503409864,116.47415924072266,53.58550262451172,46.00634276866913,0.09062047302722931,0.041691165417432785
52.5,1350,4.870632648468018,0.0871611014008522,16.706165313720703,6.963346004486084,5848.861977791061,116.330810546875,53.38542556762695,45.89104652404785,0.09123525023460388,0.04186880961060524
52.6,1350,4.894303321838379,0.0871356874704361,16.706159591674805,6.982426643371582,5848.567059329618,116.6495361328125,53.36716842651367,45.750004053115845,0.09171000868082047,0.04195733368396759
52.7,1350,4.902081489562988,0.08762765675783157,16.70587921142578,6.99600887298584,5848.562979429954,116.87448120117188,53.66844177246094,45.91972827911377,0.09134010970592499,0.041943129152059555
52.8,1350,4.893283843994141,0.08772259950637817,16.705833435058594,6.986700057983398,5849.079961001692,116.7186508178711,53.73133850097656,46.03492319583893,0.09106945246458054,0.041923753917217255
52.9,1350,4.896589756011963,0.08744749426841736,16.705875396728516,6.975205898284912,5848.7564832426,116.52692413330078,53.559871673583984,45.96351683139801,0.09142272919416428,0.04202110320329666
53,1350,4.917783737182617,0.08748146146535873,16.70560073852539,6.989530563354492,5848.741329329561,116.7643051147461,53.580535888671875,45.887771248817444,0.09178302437067032,0.04211718216538429
53.1,1350,4.913537979125977,0.08795098960399628,16.705448150634766,6.979945182800293,5848.64341173762,116.60311126708984,53.867210388183594,46.197059750556946,0.09121574461460114,0.04213899374008179
53.2,1350,4.911071300506592,0.08815188705921173,16.705175399780273,6.9912004470825195,5848.8106876238535,116.78923034667969,53.991798400878906,46.230119466781616,0.0909595787525177,0.042050719261169434
53.3,1350,4.9191741943359375,0.08796188980340958,16.70507049560547,6.985429763793945,5848.944158627154,116.69209289550781,53.87665939331055,46.16992771625519,0.09130436927080154,0.04215516149997711
53.4,1350,4.93665885925293,0.0879630446434021,16.705013275146484,6.988546371459961,5848.852652306114,116.74375915527344,53.876522064208984,46.14937901496887,0.09162913262844086,0.04228627681732178
53.5,1350,4.928761005401611,0.08827180415391922,16.705110549926758,7.005315780639648,5848.726175416523,117.02457427978516,54.0644645690918,46.199241280555725,0.09116452187299728,0.04211731627583504
53.6,1350,4.921947479248047,0.08825240284204483,16.705120086669922,7.011094570159912,5848.5315059182585,117.12117767333984,54.05078125,46.14945352077484,0.0910615399479866,0.0420244038105011
53.7,1350,4.924927711486816,0.0879349336028099,16.705202102661133,7.015870094299316,5848.645743108857,117.20153045654297,53.857398986816406,45.95281183719635,0.09144384413957596,0.042021021246910095
53.8,1350,4.936243534088135,0.0877198576927185,16.70541763305664,7.01847505569458,5849.091035015066,117.2465591430664,53.72976303100586,45.82630395889282,0.09187167882919312,0.04210139438509941
53.9,1350,4.912850379943848,0.08781056106090546,16.70594024658203,6.9952802658081055,5848.988454680652,116.86273193359375,53.78437423706055,46.023547649383545,0.09134344756603241,0.04203949496150017
54,1350,4.880730152130127,0.08747083693742752,16.706472396850586,6.979838848114014,5848.748323443271,116.60848236083984,53.574092864990234,45.94356417655945,0.09110242873430252,0.04185570403933525
54.1,1350,4.865261077880859,0.08698152750730515,16.706787109375,6.960813522338867,5848.886457189046,116.29283142089844,53.27566146850586,45.811647176742554,0.0913223996758461,0.041836295276880264
54.2,1350,4.871587753295898,0.08768203109502792,16.705244064331055,6.9748759269714355,5847.457909463759,116.51700592041016,53.69159698486328,46.080482006073,0.09073277562856674,0.04181010276079178
54.3,1350,4.8690266609191895,0.08800149708986282,16.70565414428711,6.984643936157227,5857.899538390119,116.68304443359375,53.98344421386719,46.26502990722656,0.09019481390714645,0.041728656738996506
54.4,1350,4.871613025665283,0.08763249218463898,16.706682205200195,6.955784797668457,5863.764685578842,116.20808410644531,53.81090545654297,46.30564749240875,0.09053207188844681,0.0419214628636837
54.5,1350,4.866874694824219,0.08744170516729355,16.706680297851562,6.9601311683654785,5865.933443671779,116.28068542480469,53.7136116027832,46.193066239356995,0.09060784429311752,0.04185454174876213
54.6,1350,4.885494709014893,0.08699945360422134,16.706579208374023,6.959023475646973,5866.509292367244,116.261474609375,53.44719314575195,45.97154259681702,0.0914078801870346,0.04202161356806755
54.7,1350,4.890320301055908,0.08754488825798035,16.705413818359375,6.986177921295166,5866.163083738594,116.70699310302734,53.77910232543945,46.08044624328613,0.09093347191810608,0.04190254583954811
54.8,1350,4.883984088897705,0.08741055428981781,16.706768035888672,6.977150917053223,5866.053509290469,116.56564331054688,53.69557571411133,46.06466889381409,0.0909569188952446,0.041899003088474274
54.9,1350,4.881989002227783,0.08778280019760132,16.706077575683594,6.984904766082764,5864.863344274135,116.69036102294922,53.91330337524414,46.20201885700226,0.09055258333683014,0.04183712229132652
55,1350,4.885561466217041,0.08777830749750137,16.705575942993164,7.002504825592041,5865.783653069821,116.98087310791016,53.919002532958984,46.09215259552002,0.09060926735401154,0.04176376014947891
55.1,1350,4.9071855545043945,0.08738769590854645,16.706085205078125,6.994410991668701,5864.662846347779,116.84922790527344,53.66880798339844,45.92996537685394,0.09143459051847458,0.04199587553739548
55.2,1350,4.907237529754639,0.08788027614355087,16.705699920654297,7.002046585083008,5863.1678545422465,116.97409057617188,53.95756530761719,46.127793192863464,0.09094623476266861,0.0419514924287796
55.3,1350,4.9105544090271,0.08820071816444397,16.70526695251465,7.004979133605957,5863.043709023893,117.02005004882812,54.153167724609375,46.27683162689209,0.09067898988723755,0.0419633612036705
55.4,1350,4.9050774574279785,0.08819413930177689,16.705232620239258,7.005784034729004,5862.238803104423,117.03324890136719,54.14169692993164,46.261805295944214,0.09059704095125198,0.04191182926297188
55.5,1350,4.921902656555176,0.08775787800550461,16.70534324645996,7.0045390129089355,5862.097755144602,117.01322937011719,53.872581481933594,46.03973627090454,0.09136192500591278,0.04206278920173645
55.6,1350,4.919102668762207,0.08794504404067993,16.705387115478516,6.990994930267334,5855.82345230384,116.78727722167969,53.92969512939453,46.17771506309509,0.09121324867010117,0.04212019219994545
55.7,1350,4.913203239440918,0.0883646234869957,16.70516014099121,7.012412071228027,5852.537967388524,117.14346313476562,54.156585693359375,46.230992674827576,0.09072217345237732,0.04194176197052002
55.8,1350,4.8926568031311035,0.08818067610263824,16.705299377441406,7.008934497833252,5851.083191736824,117.08634948730469,54.030418395996094,46.145787835121155,0.09055375307798386,0.041786741465330124
55.9,1350,4.8970842361450195,0.08763047307729721,16.705556869506836,7.006742000579834,5849.838822339237,117.05152893066406,53.6818733215332,45.86174786090851,0.09122416377067566,0.041836995631456375
56,1400,4.901439189910889,0.08775192499160767,16.705699920654297,7.000108242034912,5849.241991302642,116.94171142578125,53.750789642333984,45.963746309280396,0.0911882221698761,0.04191352427005768
56.1,1400,5.178516387939453,0.1176118329167366,16.607074737548828,8.962271690368652,6018.951246264004,148.8371124267578,74.131103515625,49.80686604976654,0.0698561891913414,0.0347931794822216
56.2,1400,5.73996114730835,0.12318090349435806,16.595123291015625,9.670945167541504,6326.379845762382,160.4905242919922,81.60697174072266,50.84846615791321,0.07033664733171463,0.03576510772109032
56.3,1400,6.145255088806152,0.12208743393421173,16.595638275146484,9.845459938049316,6535.664710309496,163.39169311523438,83.5582504272461,51.139843463897705,0.07354456186294556,0.03761057183146477
56.4,1400,6.398861885070801,0.11967606097459793,16.597509384155273,9.880568504333496,6656.645392209831,163.99282836914062,83.42406463623047,50.87055563926697,0.07670283317565918,0.039019156247377396
56.5,1400,6.488141059875488,0.11877944320440292,16.597156524658203,9.890362739562988,6718.2833506512625,164.1519012451172,83.56573486328125,50.90756416320801,0.07764116674661636,0.03952522575855255
56.6,1400,6.555443286895752,0.11861732602119446,16.59650993347168,9.9102201461792,6752.999799736927,164.47506713867188,83.8829116821289,51.000380516052246,0.07814992964267731,0.03985676169395447
56.7,1400,6.611991882324219,0.11757753044366837,16.59668731689453,9.923072814941406,6770.924547490278,164.6901397705078,83.36829376220703,50.62130689620972,0.07931062579154968,0.04014807567000389
56.8,1400,6.612203598022461,0.1176619827747345,16.596094131469727,9.943939208984375,6781.253687754467,165.03054809570312,83.55545043945312,50.63028931617737,0.07913551479578018,0.040066543966531754
56.9,1400,6.6158013343811035,0.1179347038269043,16.596147537231445,9.944585800170898,6786.0691350438665,165.04180908203125,83.80858612060547,50.78021287918091,0.07893942296504974,0.04008560627698898
57,1400,6.6589202880859375,0.11782142519950867,16.595502853393555,9.93673038482666,6789.043381899083,164.90504455566406,83.76478576660156,50.795769691467285,0.07949545979499817,0.0403803326189518
57.1,1400,6.643564701080322,0.11755270510911942,16.595870971679688,9.959060668945312,6790.209067517432,165.27928161621094,83.58808898925781,50.57384371757507,0.07947979867458344,0.04019599035382271
57.2,1400,6.6495585441589355,0.11812200397253036,16.595312118530273,9.960508346557617,6791.145113068966,165.29774475097656,84.00447845458984,50.8201003074646,0.07915718853473663,0.04022776335477829
57.3,1400,6.682055950164795,0.11784472316503525,16.595243453979492,9.9642915725708,6792.019960125537,165.35984802246094,83.81807708740234,50.6882905960083,0.07972093671560287,0.04040918126702309
57.4,1400,6.6602463722229,0.11765774339437485,16.595138549804688,9.959390640258789,6791.811885242661,165.2774658203125,83.68252563476562,50.63154101371765,0.07958944886922836,0.040297362953424454
57.5,1400,6.656596660614014,0.11862064152956009,16.594684600830078,9.966325759887695,6791.7611779182635,165.38803100585938,84.36674499511719,51.01139545440674,0.07890071719884872,0.04024835675954819
57.6,1400,6.702098846435547,0.1185007095336914,16.594913482666016,9.966766357421875,6791.24827624619,165.3976287841797,84.27507781982422,50.95301866531372,0.07952646166086197,0.040521129965782166
57.7,1400,6.696889877319336,0.11809727549552917,16.5953426361084,9.968194961547852,6788.068868722144,165.4256134033203,83.94884490966797,50.747185945510864,0.07977345585823059,0.040482789278030396
57.8,1400,6.687601089477539,0.11871001869440079,16.595378875732422,9.98069953918457,6786.941067886391,165.63348388671875,84.37039184570312,50.9380042552948,0.07926478236913681,0.04037589952349663
57.9,1400,6.71079683303833,0.1187513992190361,16.595367431640625,9.977274894714355,6784.581137352044,165.5765380859375,84.37045288085938,50.95555782318115,0.07953965663909912,0.040529876947402954
58,1400,6.703343868255615,0.11845329403877258,16.595182418823242,9.978843688964844,6784.441837920651,165.60073852539062,84.15692901611328,50.81917643547058,0.07965290546417236,0.04047895222902298
58.1,1400,6.665340423583984,0.11876022070646286,16.595077514648438,9.959853172302246,6785.185545345158,165.28453063964844,84.38423919677734,51.05392336845398,0.0789879783987999,0.04032646119594574
58.2,1400,6.669369220733643,0.1188330128788948,16.594715118408203,9.979104995727539,6787.906255578384,165.60040283203125,84.46981811523438,51.00821852684021,0.07895565032958984,0.04027387127280235
58.3,1400,6.65523099899292,0.117605060338974,16.59677505493164,9.95157241821289,6790.943449456991,165.16400146484375,83.63436126708984,50.63715577125549,0.0795753225684166,0.04029468074440956
58.4,1400,6.613522529602051,0.11772163957357407,16.597164154052734,9.92873477935791,6791.3135546408175,164.78883361816406,83.7218246459961,50.80552101135254,0.07899400591850281,0.040133316069841385
58.5,1400,6.6221795082092285,0.11771253496408463,16.597488403320312,9.9223051071167,6791.487241797951,164.6853485107422,83.71749114990234,50.834816694259644,0.07910150289535522,0.04021110385656357
58.6,1400,6.6227288246154785,0.11719190329313278,16.597503662109375,9.91601848602295,6791.731452934995,164.58114624023438,83.3502197265625,50.643837451934814,0.07945664972066879,0.04023989662528038
58.7,1400,6.6001505851745605,0.1177152469754219,16.59735107421875,9.931802749633789,6791.551354506961,164.84161376953125,83.72021484375,50.78827738761902,0.07883580774068832,0.04003934562206268
58.8,1400,6.6254563331604,0.11811650544404984,16.596973419189453,9.939541816711426,6791.3316227679015,164.96630859375,84.00287628173828,50.921231508255005,0.07887177914381027,0.04016248136758804
58.9,1400,6.639219284057617,0.11756137013435364,16.596961975097656,9.932607650756836,6792.768913135326,164.85110473632812,83.62576293945312,50.728052854537964,0.07939203083515167,0.040274035185575485
59,1400,6.593677997589111,0.11729948967695236,16.597713470458984,9.924323081970215,6792.588231864482,164.7210693359375,83.437255859375,50.653666257858276,0.07902558147907257,0.04002935439348221
59.1,1400,6.591248989105225,0.11717350035905838,16.59822654724121,9.915570259094238,6792.528781897946,164.5808868408203,83.34690856933594,50.64191818237305,0.07908210158348083,0.040048692375421524
59.2,1400,6.595903396606445,0.11637051403522491,16.598543167114258,9.899751663208008,6792.082324306119,164.3214569091797,82.77029418945312,50.3709614276886,0.07968925684690475,0.040140245109796524
59.3,1400,6.570293426513672,0.11682021617889404,16.598392486572266,9.894346237182617,6792.25775999168,164.23023986816406,83.09230041503906,50.59500336647034,0.07907222956418991,0.0400066003203392
59.4,1400,6.616130828857422,0.1178608387708664,16.5969295501709,9.9157133102417,6791.794399958387,164.5703887939453,83.8267593383789,50.93671679496765,0.07892623543739319,0.04020243510603905
59.5,1400,6.668099403381348,0.11782097816467285,16.5961856842041,9.952957153320312,6790.844949022241,165.18112182617188,83.78669738769531,50.72413086891174,0.07958422601222992,0.04036841168999672
59.6,1400,6.657617092132568,0.11798311769962311,16.596416473388672,9.936869621276855,6789.071358353924,164.9164276123047,83.88008117675781,50.86217522621155,0.0793706551194191,0.04036964103579521
59.7,1400,6.682072639465332,0.11874114722013474,16.59551239013672,9.945879936218262,6787.249974575253,165.05697631835938,84.39635467529297,51.131653785705566,0.07917489111423492,0.04048343002796173
59.8,1400,6.717992782592773,0.11848202347755432,16.59529685974121,9.965753555297852,6785.288708522381,165.3846435546875,84.18785095214844,50.904273986816406,0.0797976553440094,0.04062041640281677
59.9,1400,6.701877593994141,0.11866451054811478,16.595218658447266,9.961457252502441,6783.738346649978,165.31256103515625,84.29824829101562,50.99325180053711,0.07950197905302048,0.04054064303636551
60,1400,6.689729690551758,0.11911072582006454,16.594934463500977,9.96690845489502,6782.604134543324,165.4001922607422,84.60108947753906,51.14933252334595,0.07907380163669586,0.0404457189142704
60.1,1400,6.704019069671631,0.11847122013568878,16.596893310546875,9.923054695129395,6774.0643217033,164.69187927246094,84.0409164428711,51.029181480407715,0.07977089285850525,0.04070643335580826
60.2,1400,6.705737590789795,0.11866817623376846,16.595157623291016,9.956940650939941,6775.4316709336235,165.23699951171875,84.19762420654297,50.9556770324707,0.07964283227920532,0.04058254137635231
60.3,1400,6.686300277709961,0.11923231929540634,16.59459114074707,9.968865394592285,6779.334969226665,165.4292449951172,84.64663696289062,51.16788148880005,0.07899073511362076,0.040417883545160294
60.4,1400,6.715041160583496,0.11930007487535477,16.594852447509766,9.98278522491455,6780.125886918714,165.662841796875,84.70462036132812,51.13072991371155,0.07927597314119339,0.040534380823373795
60.5,1400,6.7325897216796875,0.11894959211349487,16.594764709472656,9.982685089111328,6779.474268658058,165.66030883789062,84.4476547241211,50.97639560699463,0.0797250047326088,0.0406409353017807
60.6,1400,6.712376594543457,0.11946000158786774,16.594240188598633,9.991092681884766,6780.399823039026,165.79458618164062,84.82159423828125,51.160651445388794,0.0791352316737175,0.04048610106110573
60.7,1400,6.715731143951416,0.11945132166147232,16.594724655151367,9.983070373535156,6782.025954476623,165.6663055419922,84.83577728271484,51.20882987976074,0.07916154712438583,0.040537700057029724
60.8,1400,6.72001838684082,0.1185879111289978,16.59490394592285,9.975960731506348,6783.664908456021,165.55010986328125,84.242919921875,50.88666081428528,0.07976952940225601,0.04059205204248428
60.9,1400,6.6870832443237305,0.11865472048521042,16.59564208984375,9.958515167236328,6784.3305149440985,165.26795959472656,84.29865264892578,51.007258892059326,0.0793261006474495,0.04046206921339035
61,1450,6.68401575088501,0.11931392550468445,16.59429359436035,9.983087539672852,6788.0758628358535,165.66229248046875,84.81378173828125,51.19679570198059,0.07880812883377075,0.04034723713994026
61.1,1450,6.989086627960205,0.14830736815929413,16.48502540588379,12.15792465209961,6945.39213114574,200.42369079589844,107.86688232421875,53.81942391395569,0.06479363143444061,0.03487155959010124
61.2,1450,7.710710525512695,0.15802286565303802,16.459728240966797,13.1873779296875,7263.51414766404,217.06065368652344,120.19747161865234,55.37506341934204,0.0641503557562828,0.035523299127817154
61.3,1450,8.222212791442871,0.1584862619638443,16.460174560546875,13.444180488586426,7495.226803508186,221.29356384277344,124.39559936523438,56.212931871414185,0.06609729677438736,0.03715522959828377
61.4,1450,8.518841743469238,0.15865877270698547,16.45778465270996,13.575502395629883,7631.883625604077,223.42269897460938,126.801513671875,56.754088401794434,0.06718248873949051,0.038128811866045
61.5,1450,8.67686653137207,0.15722422301769257,16.460054397583008,13.57158374786377,7709.573075010172,223.38900756835938,126.93412780761719,56.82201385498047,0.06835723668336868,0.038841959089040756
61.6,1450,8.755646705627441,0.15675491094589233,16.459604263305664,13.577802658081055,7750.840094428148,223.48526000976562,127.2326431274414,56.931114196777344,0.06881604343652725,0.03917773813009262
61.7,1450,8.800753593444824,0.15631884336471558,16.460594177246094,13.571873664855957,7773.0143491031895,223.40110778808594,127.24168395996094,56.95660710334778,0.06916564702987671,0.039394404739141464
61.8,1450,8.842278480529785,0.15636424720287323,16.459444046020508,13.583983421325684,7785.128736891879,223.58480834960938,127.47701263427734,57.015055418014526,0.06936371326446533,0.03954776003956795
61.9,1450,8.87320613861084,0.15639646351337433,16.459260940551758,13.600847244262695,7791.2818084283335,223.85989379882812,127.60404968261719,57.00174570083618,0.06953702867031097,0.03963731974363327
62,1450,8.90192699432373,0.15647301077842712,16.45856475830078,13.618213653564453,7794.070711270233,224.13624572753906,127.71220397949219,56.9797158241272,0.06970302760601044,0.03971658647060394
62.1,1450,8.92486572265625,0.156673863530159,16.458528518676758,13.62619686126709,7793.884784414106,224.26715087890625,127.87308502197266,57.01819658279419,0.06979471445083618,0.03979568928480148
62.2,1450,8.929720878601074,0.1566944420337677,16.45931053161621,13.62447452545166,7789.783319565947,224.24945068359375,127.82258605957031,57.00017213821411,0.06986027956008911,0.03982048109173775
62.3,1450,8.932860374450684,0.1566636711359024,16.46013641357422,13.599181175231934,7782.561314317466,223.84437561035156,127.67900085449219,57.039183378219604,0.06996342539787292,0.039906565099954605
62.4,1450,8.946765899658203,0.15729601681232452,16.458633422851562,13.628030776977539,7776.731137697295,224.29876708984375,128.0983123779297,57.11057782173157,0.06984296441078186,0.039887718856334686
62.5,1450,8.945799827575684,0.15782736241817474,16.457794189453125,13.651322364807129,7773.572129671569,224.670654296875,128.47882080078125,57.18540549278259,0.06962859630584717,0.03981739282608032
62.6,1450,8.928245544433594,0.15803420543670654,16.458410263061523,13.642705917358398,7772.977630006211,224.53724670410156,128.63735961914062,57.28998780250549,0.06940631568431854,0.039762869477272034
62.7,1450,8.91231918334961,0.15826091170310974,16.457948684692383,13.649389266967773,7774.443479671285,224.6409454345703,128.84619140625,57.35650062561035,0.06917021423578262,0.03967361897230148
62.8,1450,8.906396865844727,0.15806356072425842,16.458650588989258,13.628633499145508,7776.860528800931,224.3089141845703,128.72552490234375,57.387614250183105,0.06918904930353165,0.03970594331622124
62.9,1450,8.907183647155762,0.158353790640831,16.45792579650879,13.634753227233887,7774.838064253096,224.39974975585938,128.92835998535156,57.45476484298706,0.06908630579710007,0.03969337418675423
63,1450,8.894126892089844,0.158565953373909,16.4572696685791,13.6455717086792,7775.007088667757,224.56884765625,129.10389709472656,57.48967528343201,0.06889123469591141,0.03960534557700157
63.1,1450,8.863054275512695,0.15847989916801453,16.457813262939453,13.64993953704834,7778.544944519445,224.64816284179688,129.09254455566406,57.46432542800903,0.06865659356117249,0.03945304825901985
63.2,1450,8.842489242553711,0.1585436910390854,16.457494735717773,13.652474403381348,7783.446652544602,224.68553161621094,129.22589111328125,57.51411318778992,0.06842660903930664,0.03935495764017105
63.3,1450,8.817615509033203,0.1576550155878067,16.459991455078125,13.5999174118042,7787.142458797577,223.85452270507812,128.56256103515625,57.43129849433899,0.06858618557453156,0.03938993811607361
63.4,1450,8.804162979125977,0.15779687464237213,16.4593505859375,13.620442390441895,7791.710780735886,224.1836395263672,128.7537384033203,57.43226408958435,0.06837986409664154,0.03927210345864296
63.5,1450,8.794140815734863,0.15742145478725433,16.460220336914062,13.593770027160645,7793.054233411033,223.75645446777344,128.4695587158203,57.41490721702576,0.0684531107544899,0.039302289485931396
63.6,1450,8.787612915039062,0.15748430788516998,16.46001434326172,13.597085952758789,7795.36520514941,223.8082275390625,128.5589599609375,57.44157433509827,0.06835472583770752,0.03926403075456619
63.7,1450,8.784830093383789,0.15714915096759796,16.46131134033203,13.571245193481445,7797.489667188851,223.40049743652344,128.32032775878906,57.439589500427246,0.06846015900373459,0.03932323679327965
63.8,1450,8.792211532592773,0.15716440975666046,16.4613094329834,13.565105438232422,7797.866183643578,223.2993927001953,128.3389892578125,57.47395157814026,0.06850772351026535,0.03937409445643425
63.9,1450,8.799968719482422,0.15742921829223633,16.461246490478516,13.568818092346191,7798.046864914421,223.3596649169922,128.55819702148438,57.55659341812134,0.06845124065876007,0.0393982008099556
64,1450,8.82032299041748,0.1574677973985672,16.46088409423828,13.571773529052734,7797.753112138597,223.4033966064453,128.58486938476562,57.557255029678345,0.06859534233808517,0.039481598883867264
64.1,1450,8.84675407409668,0.15747372806072235,16.46047019958496,13.5896635055542,7796.08501601874,223.69224548339844,128.56219482421875,57.472801208496094,0.0688130259513855,0.03954877331852913
64.2,1450,8.854883193969727,0.15772955119609833,16.459182739257812,13.612789154052734,7792.233007892906,224.05538940429688,128.70742797851562,57.44447112083435,0.06879854202270508,0.039520956575870514
64.3,1450,8.860998153686523,0.15791381895542145,16.459108352661133,13.606060028076172,7792.30761177248,223.94361877441406,128.85902404785156,57.540833950042725,0.0687650591135025,0.039567988365888596
64.4,1450,8.849542617797852,0.15784211456775665,16.459381103515625,13.603816986083984,7795.178112607665,223.91041564941406,128.84796142578125,57.54442811012268,0.06868205219507217,0.0395226925611496
64.5,1450,8.816646575927734,0.15719346702098846,16.460596084594727,13.59046745300293,7796.4609496306575,223.7071990966797,128.33958435058594,57.369446754455566,0.06869779527187347,0.039411548525094986
64.6,1450,8.783905982971191,0.1567131131887436,16.46135902404785,13.56974983215332,7797.046123811069,223.37652587890625,127.95700073242188,57.283103466033936,0.06864732503890991,0.039323318749666214
64.7,1450,8.775566101074219,0.15697012841701508,16.4608154296875,13.566177368164062,7798.1471138776,223.3103485107422,128.18495178222656,57.4021577835083,0.06846018880605698,0.03929762542247772
64.8,1450,8.767020225524902,0.1566695272922516,16.460922241210938,13.562570571899414,7798.41522156982,223.25242614746094,127.94387817382812,57.309067249298096,0.0685223937034607,0.03926954045891762
64.9,1450,8.768963813781738,0.15669146180152893,16.460817337036133,13.56610107421875,7798.043950700376,223.30911254882812,127.95569610595703,57.29981064796448,0.06853125244379044,0.03926827758550644
65,1450,8.768075942993164,0.15684625506401062,16.460756301879883,13.569100379943848,7798.068430098361,223.35765075683594,128.08250427246094,57.34413266181946,0.06845647096633911,0.039255768060684204
65.1,1450,8.745885848999023,0.15655553340911865,16.461782455444336,13.545063972473145,7798.616885181794,222.97589111328125,127.85408782958984,57.33987092971802,0.06840521097183228,0.039223458617925644
65.2,1450,8.72695255279541,0.1565370261669159,16.46131134033203,13.54362964630127,7798.355771603284,222.94590759277344,127.8346939086914,57.338887453079224,0.06826747953891754,0.03914381191134453
65.3,1450,8.731144905090332,0.15637727081775665,16.462575912475586,13.524024963378906,7801.747916752679,222.64028930664062,127.75978088378906,57.38394856452942,0.06834032386541367,0.03921637311577797
65.4,1450,8.743459701538086,0.15695038437843323,16.461708068847656,13.5308256149292,7803.6777092938555,222.74049377441406,128.25973510742188,57.58258104324341,0.06816995143890381,0.03925401717424393
65.5,1450,8.773571014404297,0.15709838271141052,16.461172103881836,13.546891212463379,7805.0590467515985,222.99771118164062,128.4033966064453,57.58059024810791,0.06832817941904068,0.03934377059340477
65.6,1450,8.814982414245605,0.15719914436340332,16.461509704589844,13.544232368469238,7802.060320498396,222.95851135253906,128.43638610839844,57.6055109500885,0.0686330571770668,0.03953642398118973
65.7,1450,8.84006404876709,0.15768103301525116,16.460039138793945,13.574911117553711,7796.696418125564,223.44357299804688,128.74154663085938,57.617026567459106,0.06866520643234253,0.03956284746527672
65.8,1450,8.856592178344727,0.1577955186367035,16.460180282592773,13.581841468811035,7791.2130329768515,223.55955505371094,128.74440002441406,57.58841633796692,0.06879205256700516,0.03961625322699547
65.9,1450,8.874311447143555,0.15800203382968903,16.459718704223633,13.585310935974121,7787.122642142065,223.6103973388672,128.84521484375,57.62040615081787,0.068875752389431,0.03968648985028267
66,1500,8.88161849975586,0.1585237830877304,16.457962036132812,13.61577320098877,7783.979953714997,224.08787536621094,129.21852111816406,57.66421556472778,0.0687333270907402,0.03963453322649002
66.1,1500,9.209714889526367,0.18265023827552795,16.347023010253906,15.82034969329834,7914.108353505324,258.6156311035156,151.3738555908203,58.5323691368103,0.06084086000919342,0.0356115959584713
66.2,1500,9.865466117858887,0.1938864290714264,16.3066349029541,17.15529441833496,8189.153040840351,279.7451171875,166.2704315185547,59.43639874458313,0.05933385714888573,0.035265907645225525
66.3,1500,10.394387245178223,0.1995399445295334,16.297584533691406,17.67595863342285,8401.57010264397,288.075439453125,175.55731201171875,60.94143986701965,0.059207942336797714,0.03608217090368271
66.4,1500,10.74282455444336,0.19556543231010437,16.295007705688477,17.878347396850586,8528.373967050766,291.32781982421875,174.65737915039062,59.952181577682495,0.06150798872113228,0.03687538206577301
66.5,1500,10.900107383728027,0.19938860833644867,16.292566299438477,17.99050521850586,8596.79505010537,293.11151123046875,179.5004425048828,61.23964786529541,0.06072467938065529,0.03718758001923561
66.6,1500,11.072336196899414,0.19697730243206024,16.291128158569336,18.063465118408203,8632.166614508547,294.27423095703125,178.0592803955078,60.507941246032715,0.06218342483043671,0.037625912576913834
66.7,1500,11.081574440002441,0.1989680528640747,16.290279388427734,18.104341506958008,8647.172485473551,294.9247741699219,180.17149353027344,61.090660095214844,0.06150570139288902,0.03757423907518387
66.8,1500,11.161694526672363,0.1987723857164383,16.287382125854492,18.1595401763916,8658.913271021562,295.7713623046875,180.23870849609375,60.93852519989014,0.06192728877067566,0.03773757442831993
66.9,1500,11.11352825164795,0.19850774109363556,16.28813934326172,18.170448303222656,8669.477879780658,295.9627990722656,180.21835327148438,60.89223027229309,0.06166701763868332,0.0375504232943058
67,1500,11.185707092285156,0.1998332440853119,16.287572860717773,18.184066772460938,8676.319871517555,296.17431640625,181.56491088867188,61.30339503288269,0.06160720810294151,0.037767309695482254
67.1,1500,11.140300750732422,0.19815322756767273,16.287761688232422,18.181474685668945,8681.040315429058,296.1355285644531,180.1364288330078,60.82904934883118,0.06184368580579758,0.03761892765760422
67.2,1500,11.173373222351074,0.19943220913410187,16.28830909729004,18.177547454833984,8684.722716297423,296.0815124511719,181.3760223388672,61.258816719055176,0.0616033636033535,0.037737488746643066
67.3,1500,11.101508140563965,0.19784976541996002,16.288183212280273,18.178972244262695,8690.341320977865,296.1024169921875,180.0532684326172,60.807764530181885,0.061656802892684937,0.03749212250113487
67.4,1500,11.11877727508545,0.198856920003891,16.29071044921875,18.122703552246094,8694.806479738949,295.2317199707031,181.06280517578125,61.32904887199402,0.061408400535583496,0.03766118735074997
67.5,1500,11.025872230529785,0.1973682940006256,16.289499282836914,18.134489059448242,8701.198516827166,295.4017333984375,179.83949279785156,60.87962985038757,0.061309512704610825,0.03732500597834587
67.6,1500,11.072511672973633,0.19719333946704865,16.290613174438477,18.119550704956055,8706.697055888917,295.1785888671875,179.7936248779297,60.910117626190186,0.06158456206321716,0.037511229515075684
67.7,1500,11.002442359924316,0.1970559060573578,16.29102897644043,18.10242462158203,8708.814523814648,294.9071350097656,179.71202087402344,60.93851327896118,0.061222631484270096,0.037308160215616226
67.8,1500,11.064642906188965,0.19587130844593048,16.29365348815918,18.04924774169922,8709.689953714027,294.08819580078125,178.64964294433594,60.74696183204651,0.06193487346172333,0.03762355446815491
67.9,1500,11.018800735473633,0.19761145114898682,16.290781021118164,18.108413696289062,8708.992873714255,295.0002136230469,180.22235107421875,61.092281341552734,0.0611400343477726,0.03735184296965599
68,1500,11.079757690429688,0.1949680894613266,16.29339027404785,18.073392868041992,8708.265485888405,294.4768371582031,177.7967529296875,60.37715673446655,0.06231698766350746,0.03762522712349892
68.1,1500,11.021705627441406,0.19737835228443146,16.29129981994629,18.101106643676758,8709.09428836305,294.89056396484375,180.01187133789062,61.043620109558105,0.06122766062617302,0.03737558051943779
68.2,1500,11.056879043579102,0.19487963616847992,16.291677474975586,18.092756271362305,8711.067794114915,294.7613525390625,177.7732696533203,60.31091809272766,0.0621965192258358,0.03751129284501076
68.3,1500,11.004852294921875,0.1980660855770111,16.293411254882812,18.05910873413086,8715.260765284116,294.2444763183594,180.76698303222656,61.43428087234497,0.06087866052985191,0.037400368601083755
68.4,1500,11.044720649719238,0.19426283240318298,16.292003631591797,18.058683395385742,8716.11987558484,294.2121276855469,177.31338500976562,60.267192125320435,0.06228926405310631,0.03753998875617981
68.5,1500,10.99062442779541,0.19825991988182068,16.29392433166504,18.018526077270508,8717.875980968882,293.5924987792969,180.99818420410156,61.64945960044861,0.060722287744283676,0.03743496164679527
68.6,1500,10.99825668334961,0.1938146948814392,16.292617797851562,18.055805206298828,8721.566541636575,294.17633056640625,177.014892578125,60.17305850982666,0.062131814658641815,0.037386611104011536
68.7,1500,11.056502342224121,0.19868604838848114,16.291847229003906,18.06009292602539,8717.454585617848,294.2322692871094,181.37844848632812,61.644649505615234,0.06095819175243378,0.03757746145129204
68.8,1500,11.033939361572266,0.1935579478740692,16.296985626220703,17.94379234313965,8698.849660306192,292.4297180175781,176.3199462890625,60.29481291770935,0.06257907301187515,0.03773193433880806
68.9,1500,11.044595718383789,0.19924436509609222,16.29073143005371,18.073904037475586,8694.054612515114,294.4371032714844,181.39988708496094,61.609041690826416,0.06088534742593765,0.03751088306307793
69,1500,11.036023139953613,0.19534020125865936,16.290740966796875,18.096494674682617,8697.612867865124,294.8052978515625,177.91818237304688,60.35107970237732,0.06202864274382591,0.037434954196214676
69.1,1500,11.046921730041504,0.1993771195411682,16.29220199584961,18.0869140625,8702.237142713115,294.6756591796875,181.6916046142578,61.658161878585815,0.060800399631261826,0.037488408386707306
69.2,1500,11.049091339111328,0.19509150087833405,16.290771484375,18.11102294921875,8704.991657829272,295.04254150390625,177.8424072265625,60.27687191963196,0.06212855130434036,0.037449147552251816
69.3,1500,11.074310302734375,0.19926142692565918,16.29182243347168,18.084951400756836,8707.494384851867,294.6368103027344,181.6958770751953,61.66774034500122,0.06094970926642418,0.037586309015750885
69.4,1500,11.06812572479248,0.19603747129440308,16.29170036315918,18.083072662353516,8705.088992578405,294.60400390625,178.7067413330078,60.65998077392578,0.06193457543849945,0.037569500505924225
69.5,1500,11.096294403076172,0.1995781660079956,16.289257049560547,18.139400482177734,8701.077285522857,295.47735595703125,181.85057067871094,61.54467463493347,0.061018750071525574,0.03755379095673561
69.6,1500,11.047329902648926,0.19644780457019806,16.290611267089844,18.118131637573242,8701.056303181727,295.1554260253906,178.99783325195312,60.64527630805969,0.061717674136161804,0.037428855895996094
69.7,1500,11.056501388549805,0.19944621622562408,16.289609909057617,18.126644134521484,8703.39058863247,295.2759704589844,181.77865600585938,61.56229376792908,0.06082398071885109,0.03744463622570038
69.8,1500,10.99566650390625,0.19721205532550812,16.29045295715332,18.128374099731445,8708.468315185997,295.3194274902344,179.84727478027344,60.8992338180542,0.06113891303539276,0.037233129143714905
69.9,1500,11.036983489990234,0.1978563666343689,16.29119873046875,18.112058639526367,8710.886530001262,295.067138671875,180.48495483398438,61.16741895675659,0.06115182116627693,0.03740498796105385
70,1500,10.97122573852539,0.19696824252605438,16.291770935058594,18.102766036987305,8711.732817760183,294.9261169433594,179.6922607421875,60.92789173126221,0.061055637896060944,0.03719991073012352
70.1,1500,11.038874626159668,0.19659791886806488,16.291797637939453,18.094573974609375,8712.107002843673,294.79315185546875,179.36212158203125,60.84338426589966,0.06154518201947212,0.037446171045303345
70.2,1500,10.97647762298584,0.1976180076599121,16.290884017944336,18.10622215270996,8713.240049264708,294.96636962890625,180.31622314453125,61.1311137676239,0.06087348610162735,0.037212640047073364
70.3,1500,11.045347213745117,0.19600749015808105,16.291147232055664,18.085006713867188,8713.59908043516,294.6255187988281,178.8540802001953,60.70556640625,0.0617561936378479,0.03748944774270058
70.4,1500,10.970572471618652,0.1979668289422989,16.292028427124023,18.060089111328125,8714.956521337728,294.2354736328125,180.6700897216797,61.40323281288147,0.06072157248854637,0.037285007536411285
70.5,1500,11.03554916381836,0.19450633227825165,16.293697357177734,18.027101516723633,8715.06085020057,293.7281494140625,177.51406860351562,60.434818267822266,0.062167178839445114,0.03757062181830406
70.6,1500,11.006903648376465,0.1985611468553543,16.29229164123535,18.06205177307129,8713.050042508918,294.272216796875,181.17283630371094,61.56641244888306,0.060753606259822845,0.03740381449460983
70.7,1500,11.048946380615234,0.19459348917007446,16.290802001953125,18.09285545349121,8711.401180201763,294.74713134765625,177.51904296875,60.22757291793823,0.06224090978503227,0.03748618811368942
70.8,1500,11.02513313293457,0.19867436587810516,16.292457580566406,18.06220817565918,8711.399431673337,294.27777099609375,181.24180603027344,61.58868670463562,0.06083106994628906,0.03746505826711655
70.9,1500,11.042926788330078,0.1944061517715454,16.290693283081055,18.08538246154785,8712.373944850277,294.6234130859375,177.36795043945312,60.201579332351685,0.062259990721940994,0.03748149797320366
71,1550,11.060830116271973,0.19956283271312714,16.29119873046875,18.104732513427734,8715.696731705379,294.9477844238281,182.14212036132812,61.7540180683136,0.06072637066245079,0.037500977516174316
71.1,1550,11.325580596923828,0.2186378389596939,16.184823989868164,20.206411361694336,8822.008425784412,327.0372009277344,201.98606872558594,61.762410402297974,0.056071098893880844,0.03463086113333702
71.2,1550,11.929556846618652,0.23084810376167297,16.147968292236328,21.433679580688477,9032.92058745474,346.1103820800781,218.36505126953125,63.091158866882324,0.05463125556707382,0.03446749225258827
71.3,1550,12.333892822265625,0.2291521579027176,16.137653350830078,21.957534790039062,9195.731314926716,354.34307861328125,220.66773986816406,62.27516531944275,0.05589350312948227,0.03480777144432068
71.4,1550,12.529794692993164,0.23027914762496948,16.133018493652344,22.211082458496094,9294.115181115358,358.3318176269531,224.12550354003906,62.54692077636719,0.055905260145664215,0.03496701642870903
71.5,1550,12.825753211975098,0.23376265168190002,16.130571365356445,22.353727340698242,9350.211470127158,360.5783996582031,228.88912963867188,63.47832679748535,0.05603478476405144,0.035569943487644196
71.6,1550,12.901700973510742,0.23163409531116486,16.129091262817383,22.43366050720215,9379.369930184537,361.8345642089844,227.51223754882812,62.87742257118225,0.0567077212035656,0.03565635532140732
71.7,1550,12.848875999450684,0.22964408993721008,16.129091262817383,22.446462631225586,9396.217001583724,362.0410461425781,225.96278381347656,62.41358518600464,0.05686279758810997,0.03549010679125786
71.8,1550,12.955864906311035,0.23330241441726685,16.128034591674805,22.48381233215332,9404.236335795154,362.61968994140625,229.75839233398438,63.360702991485596,0.056389082223176956,0.035728517919778824
71.9,1550,13.02602481842041,0.23263780772686005,16.1290225982666,22.467090606689453,9402.794382685257,362.3722229003906,229.06875610351562,63.213664293289185,0.05686512961983681,0.03594653308391571
72,1550,12.927873611450195,0.22916236519813538,16.128185272216797,22.472105026245117,9400.901309241059,362.43426513671875,225.6011962890625,62.24610209465027,0.05730409920215607,0.035669565200805664
72.1,1550,13.020172119140625,0.23387998342514038,16.127016067504883,22.49538230895996,9397.232896600115,362.78338623046875,230.15565490722656,63.441622257232666,0.05657115578651428,0.03588965907692909
72.2,1550,13.09679889678955,0.23366224765777588,16.12588882446289,22.519229888916016,9393.043422487768,363.1426086425781,229.83888244628906,63.29163312911987,0.05698252096772194,0.03606516867876053
72.3,1550,12.996260643005371,0.23060518503189087,16.125459671020508,22.52507209777832,9389.743366502224,363.2271423339844,226.7521514892578,62.42709159851074,0.05731482803821564,0.035779982805252075
72.4,1550,13.07104206085205,0.23478321731090546,16.125181198120117,22.52610969543457,9385.486865466823,363.23760986328125,230.75572204589844,63.527488708496094,0.0566444993019104,0.0359848253428936
72.5,1550,13.08627700805664,0.2328501045703888,16.125253677368164,22.5367374420166,9383.25690887892,363.4106140136719,228.8013916015625,62.959468364715576,0.057194918394088745,0.036009617149829865
72.6,1550,12.971206665039062,0.2311500757932663,16.12509536743164,22.53961944580078,9384.308940149482,363.4535217285156,227.15638732910156,62.499433755874634,0.05710253864526749,0.03568876534700394
72.7,1550,13.025533676147461,0.2346780151128769,16.125818252563477,22.51638412475586,9391.95642064866,363.0951232910156,230.81130981445312,63.56772780418396,0.05643368884921074,0.03587361425161362
72.8,1550,12.998001098632812,0.2322920560836792,16.127033233642578,22.480419158935547,9401.42237071246,362.54248046875,228.69493103027344,63.080865144729614,0.05683554336428642,0.035852354019880295
72.9,1550,12.905031204223633,0.229751318693161,16.127155303955078,22.48115348815918,9405.621753152562,362.55706787109375,226.29457092285156,62.41626739501953,0.057027578353881836,0.03559448570013046
73,1550,12.985583305358887,0.23352456092834473,16.12635612487793,22.503498077392578,9406.561295760952,362.8994140625,230.03402709960938,63.38781714439392,0.05645070597529411,0.03578286990523338
73.1,1550,13.047337532043457,0.23323988914489746,16.125938415527344,22.512861251831055,9403.135345728624,363.041015625,229.669921875,63.26280236244202,0.05680908262729645,0.03593901917338371
73.2,1550,12.93197250366211,0.2297607958316803,16.125410079956055,22.518146514892578,9397.564534158535,363.1143493652344,226.11004638671875,62.269651889801025,0.057193268090486526,0.035614050924777985
73.3,1550,13.01043701171875,0.23404313623905182,16.125225067138672,22.540321350097656,9395.171381584065,363.4677429199219,230.26568603515625,63.35244178771973,0.0565018467605114,0.03579529747366905
73.4,1550,13.05863094329834,0.2331707924604416,16.12494659423828,22.558090209960938,9390.728370849727,363.74798583984375,229.29893493652344,63.03785443305969,0.056950245052576065,0.035900212824344635
73.5,1550,12.973901748657227,0.2307126224040985,16.124958038330078,22.561691284179688,9385.787612356356,363.80633544921875,226.76222229003906,62.33047842979431,0.0572136826813221,0.03566156327724457
73.6,1550,13.08630657196045,0.2354213446378708,16.124473571777344,22.579662322998047,9380.57583195672,364.0851745605469,231.26182556152344,63.51860761642456,0.05658654123544693,0.035942982882261276
73.7,1550,13.085495948791504,0.2324715256690979,16.124435424804688,22.580541610717773,9376.08386242641,364.0984802246094,228.25477600097656,62.69039511680603,0.057328466325998306,0.03593944013118744
73.8,1550,12.994279861450195,0.23275387287139893,16.123924255371094,22.600900650024414,9375.638570520203,364.41522216796875,228.52114868164062,62.70900368690491,0.0568624846637249,0.03565789759159088
73.9,1550,13.053586959838867,0.23508837819099426,16.125009536743164,22.589832305908203,9379.913722525496,364.2612609863281,230.91844177246094,63.393634557724,0.05652899295091629,0.03583578020334244
74,1550,12.956291198730469,0.23112845420837402,16.12527084350586,22.59176254272461,9390.0913236593,364.29827880859375,227.2751007080078,62.38709092140198,0.05700708553195,0.03556506335735321
74.1,1550,12.876083374023438,0.23116563260555267,16.126689910888672,22.55615997314453,9398.537298807047,363.7561950683594,227.51611328125,62.546318769454956,0.056594159454107285,0.03539756312966347
74.2,1550,12.973501205444336,0.23379813134670258,16.127378463745117,22.531755447387695,9406.848637265874,363.3781433105469,230.31053161621094,63.38040232658386,0.056330472230911255,0.035702481865882874
74.3,1550,12.969999313354492,0.23140369355678558,16.127042770385742,22.533205032348633,9408.864690542809,363.3939514160156,228.00067138671875,62.74200677871704,0.056885793805122375,0.035691291093826294
74.4,1550,12.91848087310791,0.2303904891014099,16.126245498657227,22.541906356811523,9404.361646999127,363.5163269042969,226.8937225341797,62.416380643844604,0.05693626403808594,0.03553755581378937
74.5,1550,13.06999683380127,0.23427993059158325,16.125822067260742,22.557029724121094,9397.958535897536,363.7506408691406,230.56704711914062,63.386017084121704,0.056686319410800934,0.03593119978904724
74.6,1550,13.062034606933594,0.23180142045021057,16.125043869018555,22.579120635986328,9388.237300683317,364.0893249511719,227.89183044433594,62.592291831970215,0.057316817343235016,0.03587590903043747
74.7,1550,13.005577087402344,0.23226071894168854,16.124526977539062,22.589431762695312,9380.078084197683,364.243896484375,228.1449432373047,62.635213136672974,0.05700576677918434,0.03570568189024925
74.8,1550,13.098663330078125,0.2353675365447998,16.123733520507812,22.611719131469727,9378.131389215041,364.5853271484375,231.1487274169922,63.40044140815735,0.05666768550872803,0.03592756390571594
74.9,1550,13.022199630737305,0.23060594499111176,16.124736785888672,22.594947814941406,9379.618804064054,364.33758544921875,226.50839233398438,62.16992139816284,0.05749102309346199,0.035742126405239105
75,1550,12.980182647705078,0.23264260590076447,16.125337600708008,22.584951400756836,9384.781625667722,364.1899719238281,228.6346435546875,62.778955698013306,0.05677259713411331,0.03564124181866646
75.1,1550,13.083940505981445,0.23441483080387115,16.125343322753906,22.569711685180664,9386.516748710634,363.9443359375,230.41893005371094,63.311582803726196,0.056783270090818405,0.03595038875937462
75.2,1550,13.012617111206055,0.2304222732782364,16.124603271484375,22.58465576171875,9384.447073895255,364.1686096191406,226.44448852539062,62.181222438812256,0.05746493116021156,0.03573239594697952
75.3,1550,12.994882583618164,0.23345723748207092,16.125568389892578,22.559986114501953,9385.665798209238,363.7926025390625,229.4568634033203,63.07353973388672,0.056633226573467255,0.0357205793261528
75.4,1550,13.07021713256836,0.23439939320087433,16.12493133544922,22.565324783325195,9386.960874931225,363.86431884765625,230.41465759277344,63.32433819770813,0.05672476440668106,0.035920578986406326
75.5,1550,12.943353652954102,0.23039305210113525,16.125988006591797,22.537349700927734,9388.836463091147,363.4370422363281,226.5216827392578,62.32762932777405,0.05713957920670509,0.03561374545097351
75.6,1550,12.946514129638672,0.23368020355701447,16.126306533813477,22.522258758544922,9391.897553524932,363.2008361816406,229.82850646972656,63.27862739562988,0.056331194937229156,0.03564560413360596
75.7,1550,12.979662895202637,0.23388773202896118,16.126426696777344,22.524852752685547,9399.184837168039,363.2453918457031,230.21109008789062,63.37619423866272,0.05638156831264496,0.03573249280452728
75.8,1550,12.866497993469238,0.2295725792646408,16.12693977355957,22.50605010986328,9408.821560174929,362.9537048339844,226.19544982910156,62.32074499130249,0.056882213801145554,0.03544941917061806
75.9,1550,12.829367637634277,0.23107454180717468,16.127235412597656,22.490516662597656,9415.808096928504,362.7098693847656,227.84437561035156,62.81725764274597,0.0563075877726078,0.03537088260054588
76,1600,12.888666152954102,0.23326708376407623,16.128246307373047,22.460140228271484,9425.661054617596,362.24267578125,230.2469482421875,63.56152296066284,0.05597757548093796,0.03558019921183586
76.1,1600,13.19637393951416,0.25363993644714355,16.00511360168457,24.893123626708984,9539.46227879452,398.4172668457031,253.37872314453125,63.596320152282715,0.05208161845803261,0.0331219919025898
76.2,1600,13.742067337036133,0.26163020730018616,15.966933250427246,26.25458526611328,9753.450684811673,419.2052001953125,267.2236022949219,63.745296001434326,0.051425352692604065,0.032781243324279785
76.3,1600,13.924471855163574,0.26146310567855835,15.957000732421875,26.805402755737305,9905.124451885942,427.73382568359375,271.205810546875,63.405269384384155,0.05134282633662224,0.032554056495428085
76.4,1600,14.250702857971191,0.2633539140224457,15.95285701751709,27.04410743713379,9994.791321020572,431.4307861328125,275.6399230957031,63.889724016189575,0.05170043185353279,0.03303126245737076
76.5,1600,14.550692558288574,0.26558178663253784,15.950611114501953,27.169437408447266,10042.012079734264,433.369140625,279.2850341796875,64.44506645202637,0.052099794149398804,0.03357574716210365
76.6,1600,14.761785507202148,0.2682070732116699,15.948762893676758,27.25318717956543,10067.143095980247,434.6546325683594,282.7516174316406,65.05202054977417,0.05220760777592659,0.033962104469537735
76.7,1600,14.744765281677246,0.26726046204566956,15.9470796585083,27.310535430908203,10076.920866946957,435.5232849121094,282.0273132324219,64.75597023963928,0.05228133499622345,0.03385528549551964
76.8,1600,14.569256782531738,0.2641027867794037,15.946660995483398,27.334814071655273,10082.181606142567,435.8990173339844,278.8406677246094,63.96909952163696,0.052249398082494736,0.033423468470573425
76.9,1600,14.503451347351074,0.2634795010089874,15.943946838378906,27.397798538208008,10082.699170557113,436.82904052734375,278.1968688964844,63.68553042411804,0.05213376507163048,0.033201664686203
77,1600,14.676556587219238,0.26487311720848083,15.944071769714355,27.41446876525879,10080.375959119743,437.0982666015625,279.6039123535156,63.96820545196533,0.05249052867293358,0.03357724845409393
77.1,1600,14.861772537231445,0.2683851718902588,15.943885803222656,27.41721534729004,10078.414110224063,437.136962890625,283.2561340332031,64.79803323745728,0.05246761068701744,0.03399797901511192
77.2,1600,14.821525573730469,0.2683282494544983,15.944812774658203,27.388408660888672,10081.377283065905,436.7030334472656,283.2793273925781,64.86772298812866,0.052321240305900574,0.03393959626555443
77.3,1600,14.61330509185791,0.26498445868492126,15.946662902832031,27.353050231933594,10087.751252027037,436.18988037109375,279.92608642578125,64.175283908844,0.052204154431819916,0.03350216522812843
77.4,1600,14.452580451965332,0.26263153553009033,15.946114540100098,27.366497039794922,10091.523410688014,436.3892822265625,277.54425048828125,63.600146770477295,0.05207306891679764,0.03311854973435402
77.5,1600,14.519035339355469,0.26331281661987305,15.94564151763916,27.372194290161133,10090.621170019413,436.4671936035156,278.23931884765625,63.74804973602295,0.05218182131648064,0.0332648940384388
77.6,1600,14.820136070251465,0.26656392216682434,15.942998886108398,27.428356170654297,10081.622077045758,437.2902526855469,281.42352294921875,64.35623168945312,0.05266132578253746,0.03389084339141846
77.7,1600,14.989053726196289,0.2702005207538605,15.941710472106934,27.459331512451172,10070.852307617834,437.74871826171875,284.9580993652344,65.0962769985199,0.05260090157389641,0.03424122929573059
77.8,1600,14.79699420928955,0.2673988938331604,15.939749717712402,27.496606826782227,10065.635864475722,438.2890319824219,281.8573913574219,64.30856585502625,0.05249815806746483,0.033760812133550644
77.9,1600,14.598261833190918,0.26482340693473816,15.940720558166504,27.4722900390625,10064.54245136571,437.9281005859375,279.1123352050781,63.734740018844604,0.05230246111750603,0.03333483636379242
78,1600,14.706948280334473,0.26632314920425415,15.940505981445312,27.48180389404297,10067.69213390649,438.0738525390625,280.78082275390625,64.09440636634827,0.05237874761223793,0.03357184678316116
78.1,1600,14.988956451416016,0.26992031931877136,15.940735816955566,27.48412322998047,10069.350904541401,438.1171569824219,284.62017822265625,64.96439576148987,0.05266301706433296,0.03421221300959587
78.2,1600,15.020493507385254,0.2709060609340668,15.939277648925781,27.521326065063477,10065.77807812116,438.6700439453125,285.5582275390625,65.09636044502258,0.05260045453906059,0.03424098342657089
78.3,1600,14.759464263916016,0.2666301131248474,15.94015884399414,27.532808303833008,10064.003904610034,438.8773498535156,281.0014953613281,64.027339220047,0.05252450704574585,0.033630043268203735
78.4,1600,14.625640869140625,0.265266478061676,15.940732955932617,27.509302139282227,10065.007559927433,438.5184326171875,279.59222412109375,63.75837326049805,0.05231061205267906,0.03335239738225937
78.5,1600,14.816360473632812,0.2672156095504761,15.942359924316406,27.471874237060547,10065.87832708434,437.96649169921875,281.6709899902344,64.31336402893066,0.052601657807826996,0.03382989391684532
78.6,1600,14.997827529907227,0.2705857455730438,15.942022323608398,27.466407775878906,10067.316783137381,437.8700866699219,285.2641906738281,65.14813303947449,0.05257521942257881,0.034251775592565536
78.7,1600,14.874608039855957,0.2689222991466522,15.942502975463867,27.457721710205078,10069.978043404071,437.74481201171875,283.58544921875,64.78328108787537,0.05245194211602211,0.03398009017109871
78.8,1600,14.624311447143555,0.26460134983062744,15.941923141479492,27.472484588623047,10069.622509290475,437.9642333984375,279.01904296875,63.70818018913269,0.05241330713033676,0.0333915650844574
78.9,1600,14.65427303314209,0.26552456617355347,15.941550254821777,27.474523544311523,10065.063512837114,437.98651123046875,279.8658142089844,63.898271322250366,0.052361782640218735,0.03345827758312225
79,1600,14.920515060424805,0.2690560519695282,15.94071102142334,27.493993759155273,10062.615573038582,438.2738037109375,283.5190734863281,64.6899402141571,0.052626144140958786,0.034043822437524796
79.1,1600,15.051101684570312,0.27168214321136475,15.938863754272461,27.53785514831543,10059.406440531266,438.922119140625,286.19500732421875,65.20405411720276,0.052590370178222656,0.03429105132818222
79.2,1600,14.816723823547363,0.2666971683502197,15.938211441040039,27.55474281311035,10053.075601938013,439.1733093261719,280.7669372558594,63.93078565597534,0.05277232453227043,0.03373776003718376
79.3,1600,14.774558067321777,0.26726025342941284,15.935615539550781,27.605663299560547,10045.24219458271,439.9132385253906,281.1405029296875,63.90817165374756,0.052552223205566406,0.033585164695978165
79.4,1600,15.039700508117676,0.270796000957489,15.935405731201172,27.616432189941406,10041.135484149267,440.07904052734375,284.743408203125,64.70279097557068,0.052818432450294495,0.034174997359514236
79.5,1600,15.043143272399902,0.2722322642803192,15.9365816116333,27.610488891601562,10042.860698864422,440.0168151855469,286.3028259277344,65.0663435459137,0.05254276841878891,0.03418765589594841
79.6,1600,14.758122444152832,0.26662248373031616,15.937363624572754,27.594223022460938,10047.753081404633,439.7791748046875,280.5397033691406,63.79104256629944,0.05260618031024933,0.03355802968144417
79.7,1600,14.631319046020508,0.26577866077423096,15.938260078430176,27.580854415893555,10051.798010500304,439.5908203125,279.764404296875,63.64200711250305,0.052298713475465775,0.03328394889831543
79.8,1600,14.860337257385254,0.268242746591568,15.938465118408203,27.56520652770996,10056.732357722774,439.3470764160156,282.49676513671875,64.29922580718994,0.05260356515645981,0.033823683857917786
79.9,1600,15.008757591247559,0.2715400159358978,15.940729141235352,27.495914459228516,10062.12948213573,438.304931640625,286.12274169921875,65.27937650680542,0.05245566368103027,0.03424273058772087
80,1600,14.803385734558105,0.26833730936050415,15.941974639892578,27.473119735717773,10070.047984541174,437.97576904296875,282.9705505371094,64.60871696472168,0.05231422930955887,0.03379955515265465
80.1,1600,14.587928771972656,0.26411259174346924,15.942415237426758,27.449928283691406,10075.445108954129,437.6181640625,278.6647033691406,63.67759108543396,0.05234939604997635,0.03333483636379242
80.2,1600,14.599287986755371,0.26436489820480347,15.942537307739258,27.435550689697266,10075.279581596322,437.3923034667969,278.92633056640625,63.77028822898865,0.05234101787209511,0.03337801992893219
80.3,1600,14.868067741394043,0.26736003160476685,15.94188117980957,27.437307357788086,10070.425666681518,437.40228271484375,281.9505310058594,64.4602358341217,0.05273289233446121,0.033991746604442596
80.4,1600,14.978694915771484,0.2705768942832947,15.940171241760254,27.48368263244629,10067.066160729437,438.0946044921875,285.2477722167969,65.11099338531494,0.052511174231767654,0.034190546721220016
80.5,1600,14.812518119812012,0.26722252368927,15.939770698547363,27.5026912689209,10062.080523339759,438.3865966796875,281.5719909667969,64.22915458679199,0.052606500685214996,0.033788710832595825
80.6,1600,14.630335807800293,0.26487934589385986,15.938385963439941,27.5313777923584,10056.931689963512,438.80572509765625,278.9601745605469,63.57259154319763,0.05244596675038338,0.03334125876426697
80.7,1000,12.975912094116211,0.13454222679138184,16.53476333618164,15.583555221557617,9364.000365306607,257.67041015625,131.93154907226562,51.20167136192322,0.09835337102413177,0.050358567386865616
80.8,1000,9.366354942321777,0.04207723215222359,16.78196144104004,7.930726051330566,7803.707434277123,133.0931396484375,34.38561248779297,25.835752487182617,0.272391676902771,0.07037443667650223
80.9,1000,6.271328926086426,-0.0031625418923795223,16.87734603881836,4.06247091293335,6188.408713131803,68.56372833251953,-2.04948091506958,-2.9891621321439743,-3.059959650039673,0.09146714955568314
81,1000,3.994265556335449,-0.022292574867606163,16.92109489440918,2.0755770206451416,4785.349578154707,35.121036529541016,-11.171269416809082,-31.80791437625885,-0.3575480580329895,0.1137285828590393
81.1,1000,2.4558401107788086,-0.03172629699110985,16.94260025024414,1.0439485311508179,3632.317768614446,17.68720245361328,-12.067903518676758,-68.22957992553711,-0.20350179076194763,0.1388484239578247
81.2,1000,1.4723694324493408,-0.03345853090286255,16.953495025634766,0.5105301737785339,2706.4020251037764,8.65527057647705,-9.4826078414917,-109.55877304077148,-0.155270516872406,0.1701124608516693
81.3,1000,0.8461822867393494,-0.030853770673274994,16.95906639099121,0.2441500425338745,1979.9604445547932,4.140556812286377,-6.397250652313232,-154.5021891593933,-0.13227279484272003,0.2043643742799759
81.4,1000,0.4715389311313629,-0.02630944363772869,16.96205711364746,0.10723448544740677,1438.2899428418575,1.8189175128936768,-3.9626591205596924,-200,-0.11899557709693909,0.25924152135849
81.5,1000,0.25568872690200806,-0.021433144807815552,16.963682174682617,0.02379138395190239,1122.2443038312413,0.40358948707580566,-2.518847703933716,-200,-0.1015101969242096,0.6335366368293762
81.6,1000,0.17760121822357178,-0.018832147121429443,16.964298248291016,-0.0018035456305369735,1122.2443038312413,-0.03059588558971882,-2.2131755352020264,200,-0.08024723082780838,-5
81.7,1000,0.17760121822357178,-0.018832147121429443,16.964298248291016,-0.0018035456305369735,1122.2443038312413,-0.03059588558971882,-2.2131755352020264,200,-0.08024723082780838,-5
81.8,1000,0.17760121822357178,-0.018832147121429443,16.964298248291016,-0.0018035456305369735,1122.2443038312413,-0.03059588558971882,-2.2131755352020264,200,-0.08024723082780838,-5
81.9,1000,0.17760121822357178,-0.018832147121429443,16.964298248291016,-0.0018035456305369735,1122.2443038312413,-0.03059588558971882,-2.2131755352020264,200,-0.08024723082780838,-5
82,1000,0.17760121822357178,-0.018832147121429443,16.964298248291016,-0.0018035456305369735,1122.2443038312413,-0.03059588558971882,-2.2131755352020264,200,-0.08024723082780838,-5
