Time (s),Powertrain 1 - ESC throttle (μs),Powertrain 1 - force Fz (thrust) (N),Powertrain 1 - torque MZ (torque) (N⋅m),Powertrain 1 - voltage (V),Powertrain 1 - current (A),Powertrain 1 - rotation speed (rpm),Powertrain 1 - electrical power (W),Powertrain 1 - mechanical power (W),Powertrain 1 - motor & ESC efficiency (%),Powertrain 1 - propeller efficiency (N/W),Powertrain 1 - powertrain efficiency (N/W)
0,1000,0.0010528634302318096,-0.0003331428160890937,16.980924606323242,0.24867309629917145,0,4.222699165344238,0,0,0,0.0002493342326488346
0.1,1000,0.0017190449871122837,-0.00038927351124584675,16.980854034423828,0.22468364238739014,0,3.8153202533721924,0,0,0,0.0004505637625698
0.2,1000,0.002385226543992758,-0.00044540417729876935,16.980783462524414,0.20069417357444763,0,3.4079442024230957,0,0,0,0.0006999018369242549
0.3,1000,0.0030514078680425882,-0.000501534843351692,16.980712890625,0.17670471966266632,0,3.0005722045898438,0,0,0,0.0010169419692829251
0.4,1000,0.0037175894249230623,-0.000557665538508445,16.980642318725586,0.152715265750885,0,2.59320330619812,0,0,0,0.001433589612133801
0.5,1000,0.004383770748972893,-0.0006137961754575372,16.980571746826172,0.1287257969379425,0,2.185837745666504,0,0,0,0.0020055335480719805
0.6,1000,0.005049952305853367,-0.0006699268706142902,16.980501174926758,0.1047363430261612,0,1.7784756422042847,0,0,0,0.002839483553543687
0.7,1000,0.005716133862733841,-0.0007260575657710433,16.980432510375977,0.08074687421321869,0,1.3711168766021729,0,0,0,0.00416896166279912
0.8,1000,0.005247881170362234,-0.0005583405145443976,16.98065185546875,0.04767587035894394,0,0.8095673322677612,0,0,0,0.006482327822595835
0.9,1000,0.003228643676266074,-0.00035455243778415024,16.98082160949707,0.02857544831931591,0,0.4852345883846283,0,0,0,0.006653778720647097
1,1000,0.002034796867519617,-0.0001962568494491279,16.98092269897461,0.02630331739783287,0,0.4466545879840851,0,0,0,0.004555638413876295
1.1,1000,0.0011006976710632443,-0.00010753967944765463,16.981042861938477,0.018491510301828384,0,0.31400513648986816,0,0,0,0.0035053493920713663
1.2,1000,0.000716900103725493,-0.0000636311451671645,16.981124877929688,0.023386960849165916,0,0.3971368968486786,0,0,0,0.0018051712540909648
1.3,1000,0.0008808040292933583,-0.000032650157663738355,16.98113441467285,0.020104905590415,0,0.34140411019325256,0,0,0,0.002579945605248213
1.4,1000,0.00026718529989011586,-0.00003903492688550614,16.981136322021484,0.012048851698637009,0,0.2046031951904297,0,0,0,0.0013058705953881145
1.5,1000,0.00018395271035842597,-0.00002864906855393201,16.98113441467285,0.02144245058298111,0,0.3641171455383301,0,0,0,0.0005052020424045622
1.6,1000,-0.00045516935642808676,-0.000026540163162280805,16.981136322021484,0.015279557555913925,0,0.2594642639160156,0,0,0,-0.0017542662099003792
1.7,1000,-0.00048183088074438274,0.000025823510441114195,16.981103897094727,0.0019213733030483127,0,0.03262703865766525,0,0,0,-0.014767839573323727
1.8,1000,0.000052665633120341226,0.00003269828448537737,16.98112678527832,0.00287582166492939,0,0.04883469268679619,0,0,0,0.0010784470941871405
1.9,1000,0.0006261639064177871,0.000029207138140918687,16.981117248535156,-0.0005692123668268323,0,-0.00966586172580719,0,0,0,-0.06478097289800644
2,1000,0.001121176523156464,0.000024393479179707356,16.981107711791992,-0.005888180807232857,0,-0.09998783469200134,0,0,0,-0.011213129386305809
2.1,1000,0.0008522823336534202,0.000025508421458653174,16.98111343383789,-0.01088827196508646,0,-0.18489497900009155,0,0,0,-0.004609548021107912
2.2,1000,0.000816886022221297,0.00007350706437136978,16.981130599975586,-0.01758086308836937,0,-0.29854294657707214,0,0,0,-0.0027362429536879063
2.3,1000,0.0003131874545942992,0.00006343525456031784,16.981130599975586,-0.01698026992380619,0,-0.2883441746234894,0,0,0,-0.0010861584451049566
2.4,1000,-0.000011457235814305022,0.00011454442574176937,16.98113250732422,-0.0033485922031104565,0,-0.05686288699507713,0,0,0,0.00020148881594650447
2.5,1000,0.00045818809303455055,0.0001153971315943636,16.98114585876465,-0.005060557276010513,0,-0.08593405783176422,0,0,0,-0.005331856664270163
2.6,1000,0.0004521081573329866,0.00007354947592830285,16.981142044067383,-0.004439552314579487,0,-0.07538866996765137,0,0,0,-0.005997030530124903
2.7,1000,0.00029224579338915646,0.000014446291970671155,16.981143951416016,-0.013000125996768475,0,-0.22075700759887695,0,0,0,-0.0013238347601145506
2.8,1000,0.0006088456721045077,0.000052613821026170626,16.98112678527832,-0.011755965650081635,0,-0.199629545211792,0,0,0,-0.003049877705052495
2.9,1000,-0.00020056935318280011,0.000080166915722657,16.981136322021484,-0.020524999126791954,0,-0.348537802696228,0,0,0,0.0005754593876190484
3,1000,0.00003509751695673913,0.00006196045433171093,16.98113441467285,-0.02093798667192459,0,-0.35555076599121094,0,0,0,-0.0000987130988505669
3.1,1000,0.0004267689073458314,0.00011883780098287389,16.98114776611328,-0.02722114697098732,0,-0.4622463285923004,0,0,0,-0.0009232499869540334
3.2,1000,0.00014906370779499412,0.00014209802611730993,16.98114013671875,-0.018978990614414215,0,-0.32228490710258484,0,0,0,-0.00046252153697423637
3.3,1000,0.00010023484355770051,0.00012501316086854786,16.981142044067383,-0.019908953458070755,0,-0.33807677030563354,0,0,0,-0.0002964854647871107
3.4,1000,0.00010558490612311289,0.00008430984598817304,16.981138229370117,-0.00792810320854187,0,-0.13462822139263153,0,0,0,-0.0007842702325433493
3.5,1000,-0.0000338434474542737,0.00010882224887609482,16.98114585876465,-0.021024368703365326,0,-0.3570178747177124,0,0,0,0.00009479482832830399
3.6,1000,0.00014893415209371597,0.000059346057241782546,16.981163024902344,-0.018257545307278633,0,-0.3100343644618988,0,0,0,-0.0004803795018233359
3.7,1000,0.0007226374582387507,0.000059293572121532634,16.981138229370117,-0.027402827516198158,0,-0.46533119678497314,0,0,0,-0.0015529529191553593
3.8,1000,0.0004727858758997172,0.00003183013905072585,16.981138229370117,-0.0035180700942873955,0,-0.059740833938121796,0,0,0,-0.00791394803673029
3.9,1000,0.0009062837343662977,0.00007133396138669923,16.981142044067383,0.004784011282026768,0,0.08123797178268433,0,0,0,0.011155912652611732
4,1000,0.0009920471347868443,0.00003972300692112185,16.981203079223633,0.010157703422009945,0,0.17249003052711487,0,0,0,0.005751330405473709
4.1,1000,0.0009564020438119769,0.000040502825868315995,16.981252670288086,0.019234634935855865,0,0.3266282081604004,0,0,0,0.002928106114268303
4.2,1000,0.000956905132625252,0.000028982176445424557,16.981246948242188,0.016129452735185623,0,0.2738982141017914,0,0,0,0.0034936522133648396
4.3,1000,0.0006634731544181705,0.000043813721276819706,16.981260299682617,0.00830953661352396,0,0.14110639691352844,0,0,0,0.0047019352205097675
4.4,1000,-0.000245943054324016,0.00006634680175920948,16.98125457763672,0.012791141867637634,0,0.21720963716506958,0,0,0,-0.001132284291088581
4.5,1000,0.00034140728530474007,0.0000729257008060813,16.98122215270996,0.003942974377423525,0,0.066956527531147,0,0,0,0.005098939873278141
4.6,1000,0.0006224978715181351,0.00003456745616858825,16.981231689453125,0.0045404997654259205,0,0.07710327953100204,0,0,0,0.008073559030890465
4.7,1000,0.00047459983034059405,0.0000600862767896615,16.98124122619629,0.004985906183719635,0,0.08466687798500061,0,0,0,0.005605496000498533
4.8,1000,0.0002545663737691939,0.000006823211151640862,16.981260299682617,-0.0040188925340771675,0,-0.06824585795402527,0,0,0,-0.0037301364354789257
4.9,1000,0.00005844530096510425,0.00001311371033807518,16.981243133544922,-0.004743331111967564,0,-0.08054766058921814,0,0,0,-0.000725599005818367
5,1000,0.000015924089893815108,-0.000007660467417736072,16.981233596801758,0.0049586547538638115,0,0.08420407772064209,0,0,0,0.00018911305232904851
5.1,1000,-0.0003044499608222395,-0.000011744851690309588,16.981250762939453,0.00667459424585104,0,0.11334295570850372,0,0,0,-0.002686094958335161
5.2,1000,0.00012559894821606576,0.000004302100933273323,16.981260299682617,0.0005527234170585871,26.699252723444587,0.009385940618813038,0.00001202841303893365,0.1281535136513412,5,0.01338160503655672
5.3,1000,0.0009335063514299691,0.000035149845643900335,16.981260299682617,0.011303141713142395,182.9558695483872,0.19194158911705017,0.0006734391790814698,0.35085631534457207,1.386177659034729,0.004863491747528315
5.4,1000,0.0007956850458867848,0.00008988274203147739,16.98125648498535,0.0031540982890874147,339.2124749896812,0.05356055125594139,0.0031928368844091892,5.9611726552248,0.2492094188928604,0.014855803921818733
5.5,1000,0.0014998934930190444,0.00005705392322852276,16.981252670288086,0.006746980361640453,495.46909864481296,0.11457217484712601,0.0029602658469229937,2.583756297826767,0.5066753029823303,0.01309125404804945
5.6,1000,0.0014336479362100363,0.00004114182593184523,16.98125648498535,0.025085262954235077,651.7257222999447,0.42597928643226624,0.0028078702744096518,0.6591565441340208,0.5105819702148438,0.003365534357726574
5.7,1000,0.0010727733606472611,0.00009273730393033475,16.98131561279297,0.02274821326136589,807.982309527401,0.3862946033477783,0.00784666184335947,2.0312637090682983,0.13671717047691345,0.002777086105197668
5.8,1000,0.001088527264073491,0.00013653733185492456,16.9813175201416,0.027413204312324524,964.2389696102083,0.46551233530044556,0.013786839321255684,2.961648628115654,0.07895408570766449,0.0023383426014333963
5.9,1000,0.0004997788346372545,0.00006346568261506036,16.98134994506836,0.02586367167532444,1120.4954839823133,0.4392000734806061,0.007446937263011932,1.6955683007836342,0.06711199879646301,0.0011379298521205783
6,1250,0.00015644215454813093,0.00007127605204004794,16.981359481811523,0.02102307230234146,1276.7521440651205,0.35700035095214844,0.009529692120850086,2.6693787425756454,0.016416287049651146,0.00043821288272738457
6.1,1250,0.0012547534424811602,0.018603025004267693,16.88968849182129,1.600096583366394,1433.008804147928,27.02513313293457,2.7916505336761475,10.329830646514893,0.0004494665190577507,0.000046429129724856466
6.2,1250,0.17952658236026764,0.08774460852146149,16.791927337646484,4.358814239501953,1672.6927096717482,73.1928939819336,15.369693756103516,20.998889207839966,0.01168055646121502,0.002452787011861801
6.3,1250,0.6957497596740723,0.08821422606706619,16.82451820373535,4.1830830574035645,2317.3003913092994,70.37835693359375,21.406692504882812,30.416584014892578,0.03250150755047798,0.009885848499834538
6.4,1250,1.164609432220459,0.06928397715091705,16.850971221923828,3.678257703781128,2882.108441150139,61.982215881347656,20.910852432250977,33.73686075210571,0.05569401755928993,0.018789412453770638
6.5,1250,1.4547494649887085,0.05453038588166237,16.864665985107422,3.2950491905212402,3222.755583714603,55.56990432739258,18.40325164794922,33.117300271987915,0.07904849946498871,0.02617872878909111
6.6,1250,1.6212973594665527,0.045576971024274826,16.871074676513672,3.062448024749756,3412.169296947129,51.66679000854492,16.285633087158203,31.520506739616394,0.09955384582281113,0.03137987479567528
6.7,1250,1.713955044746399,0.04057789966464043,16.874717712402344,2.933257579803467,3518.053184404228,49.497894287109375,14.94929027557373,30.201873183250427,0.11465126276016235,0.03462682664394379
6.8,1250,1.7619935274124146,0.03748863935470581,16.876663208007812,2.8657495975494385,3572.525964771074,48.36429214477539,14.025026321411133,28.99872362613678,0.12563210725784302,0.036431703716516495
6.9,1250,1.790871262550354,0.037095438688993454,16.87590980529785,2.865661144256592,3604.8737406802543,48.36063766479492,14.003583908081055,28.956571221351624,0.12788663804531097,0.03703158721327782
7,1250,1.8105106353759766,0.03620864823460579,16.876649856567383,2.8422369956970215,3628.825957344682,47.967437744140625,13.759639739990234,28.685376048088074,0.13158124685287476,0.03774457424879074
7.1,1250,1.8189948797225952,0.0362108089029789,16.87593650817871,2.8511784076690674,3642.825550199647,48.11630630493164,13.813547134399414,28.70866060256958,0.13168194890022278,0.03780412673950195
7.2,1250,1.8259012699127197,0.035543475300073624,16.87668800354004,2.831585645675659,3653.0477388083527,47.78778839111328,13.597023963928223,28.452926874160767,0.13428683578968048,0.03820853307843208
7.3,1250,1.8288859128952026,0.03529581427574158,16.87701416015625,2.819537878036499,3657.563604893836,47.58538055419922,13.518973350524902,28.40993106365204,0.13528290390968323,0.038433775305747986
7.4,1250,1.8322631120681763,0.03516240417957306,16.87726402282715,2.816774845123291,3658.5698830038755,47.539451599121094,13.471579551696777,28.337684273719788,0.13600951433181763,0.038541946560144424
7.5,1250,1.8343206644058228,0.034957241266965866,16.877246856689453,2.7989614009857178,3655.883269074986,47.23876190185547,13.383142471313477,28.33084762096405,0.13706202805042267,0.03883083537220955
7.6,1250,1.8424229621887207,0.035184428095817566,16.8769588470459,2.8099546432495117,3658.460308555751,47.42348861694336,13.4796142578125,28.423920273780823,0.1366821676492691,0.03885043039917946
7.7,1250,1.8462949991226196,0.035171329975128174,16.877065658569336,2.8071625232696533,3659.728865929919,47.37666702270508,13.479268074035645,28.451281785964966,0.13697293400764465,0.03897055611014366
7.8,1250,1.8453834056854248,0.035350874066352844,16.876747131347656,2.811000347137451,3659.306596314672,47.4405403137207,13.546514511108398,28.554722666740417,0.13622570037841797,0.03889886662364006
7.9,1250,1.8452609777450562,0.03504452481865883,16.877239227294922,2.8097050189971924,3660.160169608708,47.42006301879883,13.43225383758545,28.32609713077545,0.1373753845691681,0.03891308605670929
8,1250,1.8390051126480103,0.03487712889909744,16.877347946166992,2.808952808380127,3658.4944048600873,47.40767288208008,13.362008094787598,28.18532884120941,0.13762938976287842,0.038791295140981674
8.1,1250,1.8314894437789917,0.03493929281830788,16.877321243286133,2.801927089691162,3656.0272312488523,47.289024353027344,13.376797676086426,28.28732132911682,0.136915385723114,0.03872969374060631
8.2,1250,1.8293683528900146,0.035269346088171005,16.87674331665039,2.8138537406921387,3656.7986237067944,47.488685607910156,13.506010055541992,28.440478444099426,0.13544847071170807,0.03852219134569168
8.3,1250,1.829507827758789,0.03522172570228577,16.876014709472656,2.8185441493988037,3659.3733318163227,47.565792083740234,13.497270584106445,28.376004099845886,0.1355465054512024,0.03846267983317375
8.4,1250,1.832424283027649,0.035232819616794586,16.875703811645508,2.821192741394043,3658.857515930203,47.60961151123047,13.499619483947754,28.354817628860474,0.13573896884918213,0.038488537073135376
8.5,1250,1.8314608335494995,0.03510522097349167,16.875682830810547,2.824052095413208,3656.1709020013136,47.657806396484375,13.440852165222168,28.202834725379944,0.1362607628107071,0.03842939808964729
8.6,1250,1.823892593383789,0.034960489720106125,16.876060485839844,2.787818193435669,3646.8174405996824,47.04738998413086,13.351195335388184,28.378185629844666,0.13660894334316254,0.03876713663339615
8.7,1250,1.829321026802063,0.035482313483953476,16.875070571899414,2.8028852939605713,3650.214248491551,47.298885345458984,13.563097953796387,28.675299882888794,0.1348748654127121,0.03867577388882637
8.8,1250,1.8304120302200317,0.03543777018785477,16.875431060791016,2.798065185546875,3652.996448641145,47.21855545043945,13.556396484375,28.709891438484192,0.13502201437950134,0.038764674216508865
8.9,1250,1.8312647342681885,0.035082731395959854,16.8756160736084,2.800558090209961,3653.8963579385104,47.26114273071289,13.423885345458984,28.403639793395996,0.1364183872938156,0.03874778747558594
9,1250,1.8310199975967407,0.03514822572469711,16.87542152404785,2.8076770305633545,3655.182109175549,47.380733489990234,13.453678131103516,28.394830226898193,0.13609808683395386,0.03864482045173645
9.1,1250,1.8287614583969116,0.034847356379032135,16.87590217590332,2.7875115871429443,3657.0134012819753,47.04177474975586,13.345197677612305,28.36882472038269,0.13703517615795135,0.038875266909599304
9.2,1250,1.8236814737319946,0.03518380969762802,16.875064849853516,2.7998814582824707,3657.413231449069,47.2481803894043,13.475519180297852,28.52071523666382,0.13533292710781097,0.038597919046878815
9.3,1250,1.8225934505462646,0.035181742161512375,16.875349044799805,2.8127501010894775,3656.585011817232,47.46614074707031,13.471675872802734,28.381654620170593,0.13529077172279358,0.038397759199142456
9.4,1250,1.821016788482666,0.035423994064331055,16.87510871887207,2.8041765689849854,3656.396462168464,47.32078552246094,13.563738822937012,28.663384914398193,0.1342562586069107,0.038482386618852615
9.5,1250,1.821467399597168,0.034863974899053574,16.875761032104492,2.795562505722046,3655.246804727368,47.17724609375,13.345111846923828,28.28717827796936,0.13648948073387146,0.03860902413725853
9.6,1250,1.8270111083984375,0.035320594906806946,16.875185012817383,2.8105578422546387,3655.4438055968685,47.42868423461914,13.520624160766602,28.50727140903473,0.1351277232170105,0.03852122649550438
9.7,1250,1.8291507959365845,0.03493036702275276,16.875694274902344,2.8089988231658936,3655.3010091086207,47.403804779052734,13.370723724365234,28.20601463317871,0.13680267333984375,0.038586582988500595
9.8,1250,1.8343297243118286,0.035303495824337006,16.875146865844727,2.8193345069885254,3654.582072503504,47.576683044433594,13.510892868041992,28.398138284683228,0.13576672971248627,0.03855522349476814
9.9,1250,1.8361858129501343,0.034863557666540146,16.87595558166504,2.7937583923339844,3653.641072788092,47.147342681884766,13.339090347290039,28.292346000671387,0.13765449821949005,0.03894568979740143
10,1250,1.8347088098526,0.034842319786548615,16.87567901611328,2.810443878173828,3654.3632150286594,47.42815017700195,13.333599090576172,28.113260865211487,0.13760042190551758,0.03868396580219269
10.1,1250,1.83157479763031,0.03512377291917801,16.875154495239258,2.829400062561035,3652.6919132733515,47.74656295776367,13.435159683227539,28.138485550880432,0.13632698357105255,0.0383603498339653
10.2,1250,1.8285740613937378,0.03521543741226196,16.8751277923584,2.830416679382324,3654.1816594936013,47.763641357421875,13.475715637207031,28.21333408355713,0.13569402694702148,0.038283806294202805
10.3,1250,1.8275706768035889,0.03503357246518135,16.875385284423828,2.8108315467834473,3655.298677737384,47.43386459350586,13.4102201461792,28.271403908729553,0.13628192245960236,0.038528814911842346
10.4,1250,1.829892873764038,0.03504558280110359,16.875545501708984,2.8006722927093506,3655.7687404629833,47.262874603271484,13.416543006896973,28.3870667219162,0.1363907903432846,0.03871734440326691
10.5,1250,1.8315632343292236,0.034951549023389816,16.87555694580078,2.797708511352539,3653.9415282562213,47.212890625,13.373855590820312,28.32670509815216,0.1369510293006897,0.038793712854385376
10.6,1250,1.8338826894760132,0.0352349616587162,16.875165939331055,2.8029942512512207,3653.0885378049948,47.300994873046875,13.479153633117676,28.496554493904114,0.13605324923992157,0.038770489394664764
10.7,1250,1.8383036851882935,0.03518933057785034,16.875308990478516,2.811260223388672,3655.881811967963,47.44088363647461,13.471990585327148,28.39742600917816,0.1364537477493286,0.03874935582280159
10.8,1250,1.8449537754058838,0.0354791022837162,16.87508201599121,2.8250632286071777,3657.829672636224,47.67317199707031,13.590165138244629,28.506943583488464,0.13575653731822968,0.03870004042983055
10.9,1250,1.8486230373382568,0.03492015227675438,16.875699996948242,2.808074474334717,3657.5942041413177,47.388221740722656,13.375199317932129,28.224733471870422,0.13821274042129517,0.0390101782977581
11,1350,1.8443247079849243,0.03510348126292229,16.875354766845703,2.8092644214630127,3654.075290680927,47.40733337402344,13.432482719421387,28.33418846130371,0.13730333745479584,0.03890378400683403
11.1,1350,2.2299115657806396,0.09332294017076492,16.7332706451416,5.608133792877197,3971.7389013298116,93.84242248535156,38.81483459472656,41.36171340942383,0.057449985295534134,0.023762298747897148
11.2,1350,3.244201421737671,0.1094038188457489,16.700159072875977,7.006557941436768,4685.373093989996,117.01063537597656,53.679107666015625,45.87540924549103,0.060436949133872986,0.027725698426365852
11.3,1350,4.003512859344482,0.10424288362264633,16.70770835876465,7.1896491050720215,5211.685396259782,120.12255859375,56.89226531982422,47.36184775829315,0.07037007063627243,0.03332856670022011
11.4,1350,4.433921813964844,0.0959026888012886,16.71622085571289,7.112609386444092,5516.592617765669,118.89595031738281,55.40262222290039,46.597567200660706,0.0800309032201767,0.03729245439171791
11.5,1350,4.6644062995910645,0.0921948030591011,16.717449188232422,7.08098840713501,5679.230823766128,118.37606048583984,54.8307991027832,46.31915986537933,0.08506909012794495,0.039403289556503296
11.6,1350,4.797528266906738,0.089241623878479,16.719411849975586,7.0392680168151855,5765.720616747948,117.69242095947266,53.88274002075195,45.782676339149475,0.08903645724058151,0.04076327383518219
11.7,1350,4.86499547958374,0.08840993046760559,16.718585968017578,7.054044246673584,5812.208742050509,117.93364715576172,53.810977935791016,45.62818109989166,0.09040898084640503,0.04125197231769562
11.8,1350,4.886178016662598,0.08778446912765503,16.719568252563477,7.034937858581543,5836.907288932084,117.62112426757812,53.65733337402344,45.6187903881073,0.09106262773275375,0.04154166951775551
11.9,1350,4.891947269439697,0.08757153153419495,16.719619750976562,7.035834312438965,5851.126904947512,117.636474609375,53.6575813293457,45.61304748058319,0.09116973727941513,0.0415852926671505
12,1350,4.909593105316162,0.0873473584651947,16.719192504882812,7.0319342613220215,5858.019021166,117.5682601928711,53.5832633972168,45.57630121707916,0.09162549674510956,0.04175950959324837
12.1,1350,4.932116985321045,0.08686011284589767,16.719785690307617,7.032964706420898,5861.382024174936,117.58966064453125,53.3149528503418,45.339831709861755,0.09250907599925995,0.04194345697760582
12.2,1350,4.933950901031494,0.08731354027986526,16.719074249267578,7.0231475830078125,5863.743703237711,117.42052459716797,53.61486053466797,45.66055238246918,0.09202580899000168,0.042019493877887726
12.3,1350,4.9238600730896,0.08722630143165588,16.719491958618164,7.036723613739014,5863.902819324616,117.65044403076172,53.562747955322266,45.52702605724335,0.0919269546866417,0.04185160622000694
12.4,1350,4.9243268966674805,0.08757602423429489,16.718734741210938,7.059814929962158,5864.891320728975,118.03117370605469,53.786563873291016,45.56979537010193,0.09155309945344925,0.04172056168317795
12.5,1350,4.941249370574951,0.08712615817785263,16.719209671020508,7.052387237548828,5864.880246715601,117.91033935546875,53.510169982910156,45.38208544254303,0.09234225004911423,0.04190683737397194
12.6,1350,4.95150899887085,0.08740808069705963,16.718549728393555,7.05415153503418,5864.096323137262,117.9351806640625,53.676143646240234,45.51325738430023,0.0922478511929512,0.04198500141501427
12.7,1350,4.940445423126221,0.08754100650548935,16.718849182128906,7.041200160980225,5864.053192769383,117.72076416015625,53.75737380981445,45.665159821510315,0.09190265089273453,0.041967492550611496
12.8,1350,4.922198295593262,0.0871000587940216,16.71991539001465,7.029499530792236,5864.013559458359,117.53263854980469,53.486236572265625,45.507559180259705,0.09202738106250763,0.04187941551208496
12.9,1350,4.930131912231445,0.08731278032064438,16.718673706054688,7.053555965423584,5863.556610695966,117.92610168457031,53.61268615722656,45.4629510641098,0.09195830672979355,0.041806962341070175
13,1350,4.953479766845703,0.0877504050731659,16.717348098754883,7.070188999176025,5869.571548486646,118.19480895996094,53.93667221069336,45.63370645046234,0.09183880686759949,0.04190945252776146
13.1,1350,4.959993362426758,0.0878622904419899,16.717382431030273,7.074702262878418,5874.585745173974,118.27050018310547,54.051578521728516,45.70165574550629,0.09176407754421234,0.041937705129384995
13.2,1350,4.945013046264648,0.08778567612171173,16.71771240234375,7.08180570602417,5878.446495941945,118.39159393310547,54.039939880371094,45.645081996917725,0.09150663763284683,0.04176827892661095
13.3,1350,4.930471897125244,0.08779960870742798,16.71756362915039,7.096502780914307,5880.907841125088,118.63623809814453,54.071144104003906,45.577260851860046,0.09118489921092987,0.041559576988220215
13.4,1350,4.928134441375732,0.08761383593082428,16.717775344848633,7.091195583343506,5882.044967445788,118.54901123046875,53.96717071533203,45.523086190223694,0.09131726622581482,0.04157043620944023
13.5,1350,4.940866470336914,0.08725451678037643,16.717975616455078,7.078935623168945,5882.8947522615645,118.34547424316406,53.75360870361328,45.420923829078674,0.09191692620515823,0.04174951836466789
13.6,1350,4.946473121643066,0.08735659718513489,16.718034744262695,7.079013824462891,5884.021387411698,118.34719848632812,53.82680130004883,45.48210799694061,0.09189610183238983,0.04179628565907478
13.7,1350,4.928067684173584,0.08681805431842804,16.72117042541504,7.018317699432373,5878.984459854813,117.35448455810547,53.44917297363281,45.54505944252014,0.09220100939273834,0.04199300706386566
13.8,1350,4.908894062042236,0.08752073347568512,16.71824073791504,7.045372486114502,5875.016466009954,117.7862319946289,53.84540557861328,45.71451544761658,0.09116644412279129,0.041676297783851624
13.9,1350,4.919893741607666,0.08746792376041412,16.717973709106445,7.053531646728516,5876.292308919236,117.9207534790039,53.82460021972656,45.64472138881683,0.09140603989362717,0.04172203317284584
14,1350,4.942263126373291,0.0875079557299614,16.717836380004883,7.066640377044678,5878.466312597457,118.1389389038086,53.86915969848633,45.598140358924866,0.09174568951129913,0.041834328323602676
14.1,1350,4.953380107879639,0.08758367598056793,16.718053817749023,7.078075885772705,5879.53699483791,118.33164978027344,53.92559051513672,45.571568608284,0.09185583144426346,0.04186014458537102
14.2,1350,4.946984767913818,0.08793406933546066,16.717554092407227,7.072272300720215,5881.523905974386,118.23109436035156,54.15962600708008,45.808276534080505,0.09134082496166229,0.04184165596961975
14.3,1350,4.939017295837402,0.08797392249107361,16.717533111572266,7.068693161010742,5881.589767211823,118.17111206054688,54.18478012084961,45.85281312465668,0.09115137904882431,0.04179546982049942
14.4,1350,4.945666313171387,0.08779288083314896,16.71767807006836,7.060486316680908,5881.068705740421,118.0349349975586,54.0684814453125,45.807185769081116,0.09147041290998459,0.041900020092725754
14.5,1350,4.963434219360352,0.08777139335870743,16.71731185913086,7.076597690582275,5880.655470188716,118.30168914794922,54.051448822021484,45.689499378204346,0.09182795882225037,0.04195573553442955
14.6,1350,4.967796325683594,0.08796554803848267,16.716773986816406,7.082074165344238,5880.685195171984,118.38943481445312,54.171287536621094,45.75686156749725,0.0917053371667862,0.04196148365736008
14.7,1350,4.952773571014404,0.08792897313833237,16.717369079589844,7.073330402374268,5882.804994468951,118.24747467041016,54.16828155517578,45.80925107002258,0.0914330929517746,0.04188481345772743
14.8,1350,4.933157444000244,0.08793837577104568,16.717586517333984,7.069436073303223,5882.709408248246,118.18390655517578,54.173194885253906,45.838046073913574,0.09106270223855972,0.04174136370420456
14.9,1350,4.924612045288086,0.08770866692066193,16.71750259399414,7.07350492477417,5882.511241693128,118.25133514404297,54.02986526489258,45.69070339202881,0.09114611148834229,0.041645295917987823
15,1350,4.94205904006958,0.08756890892982483,16.717304229736328,7.065435409545898,5882.331726107902,118.11503601074219,53.9421272277832,45.66914737224579,0.09161780029535294,0.041841067373752594
15.1,1350,4.9575629234313965,0.08789956569671631,16.716659545898438,7.081305980682373,5882.819565539181,118.37577819824219,54.15030288696289,45.744407176971436,0.09155189990997314,0.04187987372279167
15.2,1350,4.954129219055176,0.08773095160722733,16.7177791595459,7.066046237945557,5883.4367960740965,118.12860107421875,54.05209732055664,45.756995677948,0.0916547104716301,0.04193843901157379
15.3,1350,4.936929225921631,0.08811531215906143,16.716894149780273,7.078527450561523,5881.538477044615,118.33099365234375,54.27138900756836,45.864054560661316,0.09096743911504745,0.04172135517001152
15.4,1350,4.920847415924072,0.0879911407828331,16.717275619506836,7.061748027801514,5882.193592362128,118.05318450927734,54.20094680786133,45.91231048107147,0.09078895300626755,0.04168330878019333
15.5,1350,4.9151434898376465,0.08755712956190109,16.71802520751953,7.050795555114746,5883.042794335094,117.87538146972656,53.94139099121094,45.76137363910675,0.09112007170915604,0.04169779643416405
15.6,1350,4.922662258148193,0.08754303306341171,16.71750831604004,7.063675403594971,5884.427046006884,118.08705139160156,53.945396423339844,45.68273723125458,0.09125268459320068,0.04168672487139702
15.7,1350,4.926246166229248,0.08742279559373856,16.718168258666992,7.048980712890625,5884.599567478399,117.8460464477539,53.87288284301758,45.71462869644165,0.0914420336484909,0.041802387684583664
15.8,1350,4.926228046417236,0.08792202919721603,16.71746063232422,7.068078994750977,5884.8670923278105,118.16033172607422,54.18299102783203,45.855483412742615,0.09091834723949432,0.041691046208143234
15.9,1350,4.929141998291016,0.08790016174316406,16.717792510986328,7.058516502380371,5884.664845873027,118.00281524658203,54.16765213012695,45.90369760990143,0.09099788963794708,0.04177139326930046
16,1450,4.94108772277832,0.08773771673440933,16.7175350189209,7.072434425354004,5883.27942851562,118.23367309570312,54.0548210144043,45.71863412857056,0.09140882641077042,0.04179086908698082
16.1,1450,5.451875686645508,0.13870614767074585,16.532611846923828,10.729689598083496,6152.689774414358,177.38978576660156,89.3695068359375,50.380295515060425,0.06100375950336456,0.030733874067664146
16.2,1450,6.603794574737549,0.1590452343225479,16.475444793701172,12.779565811157227,6746.413675993257,210.5490264892578,112.36272430419922,53.366535902023315,0.05877211317420006,0.03136463835835457
16.3,1450,7.56516170501709,0.15973040461540222,16.474618911743164,13.315022468566895,7203.777422466135,219.35992431640625,120.4970703125,54.931217432022095,0.06278295069932938,0.03448743745684624
16.4,1450,8.130935668945312,0.1579514592885971,16.475566864013672,13.490126609802246,7478.408291406649,222.25747680664062,123.69764709472656,55.655109882354736,0.06573233753442764,0.03658340498805046
16.5,1450,8.447755813598633,0.15609964728355408,16.47688865661621,13.527314186096191,7628.1994762072845,222.88804626464844,124.69601440429688,55.94558119773865,0.06774679571390152,0.037901341915130615
16.6,1450,8.61538028717041,0.15574054419994354,16.47447967529297,13.601017951965332,7712.598029189787,224.06968688964844,125.7856216430664,56.136828660964966,0.06849256902933121,0.03844955563545227
16.7,1450,8.718252182006836,0.1553124487400055,16.47426414489746,13.628274917602539,7760.844591247627,224.51580810546875,126.22456359863281,56.22079372406006,0.06906937807798386,0.038831353187561035
16.8,1450,8.774031639099121,0.15270468592643738,16.484773635864258,13.469389915466309,7784.375121139617,222.0398406982422,124.48147583007812,56.0626745223999,0.07048463821411133,0.039515573531389236
16.9,1450,8.776991844177246,0.1548071801662445,16.475248336791992,13.597126960754395,7787.476427727234,224.0160369873047,126.24565887451172,56.35563135147095,0.06952311843633652,0.03918019309639931
17,1450,8.791597366333008,0.15511554479599,16.47414207458496,13.632533073425293,7799.343690164835,224.58428955078125,126.68990325927734,56.41084909439087,0.06939461827278137,0.03914609178900719
17.1,1450,8.809941291809082,0.15533022582530975,16.474361419677734,13.637834548950195,7809.456012904011,224.67462158203125,127.02973175048828,56.539422273635864,0.0693533793091774,0.039211999624967575
17.2,1450,8.809134483337402,0.1552928388118744,16.474273681640625,13.647062301635742,7814.220170026202,224.825439453125,127.07662963867188,56.52235150337219,0.06932143867015839,0.03918210789561272
17.3,1450,8.824075698852539,0.15562014281749725,16.47312355041504,13.665389060974121,7814.513922802026,225.1116485595703,127.34925079345703,56.57159686088562,0.06929036229848862,0.03919866308569908
17.4,1450,8.817633628845215,0.15596766769886017,16.472707748413086,13.695569038391113,7816.6879264802465,225.6031036376953,127.66915130615234,56.59015774726868,0.06906628608703613,0.03908471763134003
17.5,1450,8.803805351257324,0.15575113892555237,16.473506927490234,13.675483703613281,7822.518685943228,225.28317260742188,127.5870132446289,56.63406252861023,0.06900236755609512,0.039078839123249054
17.6,1450,8.801118850708008,0.15542177855968475,16.474971771240234,13.630962371826172,7823.02575918721,224.56971740722656,127.3254623413086,56.69751763343811,0.06912300735712051,0.03919102996587753
17.7,1450,8.812333106994629,0.15530195832252502,16.474510192871094,13.632880210876465,7821.024859823314,224.5950164794922,127.19475555419922,56.632936000823975,0.06928220391273499,0.03923654556274414
17.8,1450,8.838674545288086,0.15592683851718903,16.472749710083008,13.662285804748535,7818.790823335748,225.055419921875,127.6700668334961,56.72827959060669,0.0692305937409401,0.039273325353860855
17.9,1450,8.845027923583984,0.155883327126503,16.473037719726562,13.659036636352539,7817.965517917957,225.00582885742188,127.6209716796875,56.718963384628296,0.06930701434612274,0.03931021690368652
18,1450,8.848315238952637,0.15616628527641296,16.472843170166016,13.663172721862793,7819.512965576315,225.07130432128906,127.8779296875,56.81663155555725,0.06919345259666443,0.039313387125730515
18.1,1450,8.8328275680542,0.15630266070365906,16.47296905517578,13.676650047302246,7822.278554705848,225.29502868652344,128.0348663330078,56.829869747161865,0.06898767501115799,0.039205603301525116
18.2,1450,8.8236083984375,0.15581780672073364,16.474262237548828,13.646363258361816,7826.550792497096,224.8137664794922,127.70741271972656,56.805866956710815,0.06909237056970596,0.039248522371053696
18.3,1450,8.819729804992676,0.1555415838956833,16.474519729614258,13.625924110412598,7827.754362898042,224.48056030273438,127.50062561035156,56.798070669174194,0.06917401403188705,0.039289504289627075
18.4,1450,8.815168380737305,0.15474535524845123,16.475887298583984,13.613102912902832,7828.419969386119,224.28794860839844,126.85872650146484,56.56065344810486,0.06948807090520859,0.03930290788412094
18.5,1450,8.831082344055176,0.1546180099248886,16.474803924560547,13.634504318237305,7825.352467681434,224.6257781982422,126.70466613769531,56.40699863433838,0.06969816237688065,0.039314642548561096
18.6,1450,8.834087371826172,0.15472498536109924,16.474424362182617,13.645511627197266,7824.630908283676,224.8019561767578,126.7806396484375,56.396591663360596,0.0696801021695137,0.0392972007393837
18.7,1450,8.848281860351562,0.15489526093006134,16.474201202392578,13.657666206359863,7827.439044938278,224.9991455078125,126.96570587158203,56.42942190170288,0.06969032436609268,0.03932584822177887
18.8,1450,8.853789329528809,0.15491297841072083,16.47343635559082,13.661242485046387,7827.032803500284,225.047607421875,126.97364044189453,56.420791149139404,0.06972935050725937,0.03934185206890106
18.9,1450,8.858180046081543,0.1552077978849411,16.472795486450195,13.669365882873535,7827.916393198992,225.17266845703125,127.22965240478516,56.50314688682556,0.06962355226278305,0.039339497685432434
19,1450,8.851194381713867,0.15510477125644684,16.473295211791992,13.654766082763672,7827.858691760884,224.93899536132812,127.14425659179688,56.52388334274292,0.06961537152528763,0.03934931010007858
19.1,1450,8.853204727172852,0.15523581206798553,16.473236083984375,13.647904396057129,7826.194092697881,224.8251495361328,127.22461700439453,56.588250398635864,0.06958720088005066,0.039378177374601364
19.2,1450,8.84046459197998,0.15426097810268402,16.477022171020508,13.552949905395508,7813.60760223376,223.312255859375,126.22235870361328,56.52281045913696,0.0700388178229332,0.03958790749311447
19.3,1450,8.8172607421875,0.1551523357629776,16.47338104248047,13.62033748626709,7808.074675446267,224.37301635742188,126.86180877685547,56.540584564208984,0.06950287520885468,0.039297331124544144
19.4,1450,8.8306303024292,0.1555595099925995,16.472875595092773,13.655634880065918,7812.653488555142,224.94757080078125,127.26932525634766,56.57733082771301,0.06938537955284119,0.039256393909454346
19.5,1450,8.829506874084473,0.15573766827583313,16.47303009033203,13.66633415222168,7815.1690381195385,225.1259307861328,127.45610809326172,56.615471839904785,0.06927487999200821,0.03922029957175255
19.6,1450,8.814496040344238,0.155909463763237,16.473644256591797,13.649764060974121,7818.983161462776,224.86135864257812,127.65898132324219,56.77230954170227,0.06904720515012741,0.03919969126582146
19.7,1450,8.819655418395996,0.15614494681358337,16.473596572875977,13.656166076660156,7823.57596279907,224.96617126464844,127.92689514160156,56.86494708061218,0.06894293427467346,0.03920436277985573
19.8,1450,8.839680671691895,0.15599042177200317,16.473876953125,13.657045364379883,7823.004776846079,224.98448181152344,127.79096221923828,56.7999005317688,0.06917297095060349,0.0392901785671711
19.9,1450,8.843600273132324,0.15629518032073975,16.473817825317383,13.649933815002441,7818.121136948007,224.86651611328125,127.96070098876953,56.90518021583557,0.06911184638738632,0.03932822123169899
20,1450,8.809104919433594,0.15616510808467865,16.47394561767578,13.639618873596191,7819.163259890811,224.69833374023438,127.87124633789062,56.90796375274658,0.06889043003320694,0.03920413926243782
20.1,1450,8.81470012664795,0.15608420968055725,16.473875045776367,13.644107818603516,7821.155999455378,224.77133178710938,127.83757781982422,56.87450170516968,0.06895233690738678,0.0392163023352623
20.2,1450,8.859916687011719,0.1561235636472702,16.473369598388672,13.651589393615723,7819.808466880567,224.88768005371094,127.8477783203125,56.84961676597595,0.06930050998926163,0.03939707577228546
20.3,1450,8.883460998535156,0.15646885335445404,16.472169876098633,13.686963081359863,7816.333558052269,225.4539794921875,128.07359313964844,56.806981563568115,0.06936215609312057,0.0394025482237339
20.4,1450,8.886815071105957,0.15673744678497314,16.471851348876953,13.6823148727417,7818.010979657073,225.37306213378906,128.32098388671875,56.937140226364136,0.06925457715988159,0.03943157568573952
20.5,1450,8.885401725769043,0.15602879226207733,16.473888397216797,13.651390075683594,7817.023061095522,224.8914794921875,127.72466278076172,56.79391026496887,0.06956684589385986,0.03950973227620125
20.6,1450,8.899456024169922,0.15669293701648712,16.47187042236328,13.695903778076172,7815.738475544102,225.59715270996094,128.24725341796875,56.84790015220642,0.06939295679330826,0.039448440074920654
20.7,1450,8.914560317993164,0.15690544247627258,16.472217559814453,13.697070121765137,7815.318245878687,225.62112426757812,128.41427612304688,56.91589117050171,0.06942032277584076,0.039511196315288544
20.8,1450,8.880359649658203,0.15519937872886658,16.477890014648438,13.580259323120117,7804.6836959824905,223.77401733398438,126.84516143798828,56.68448805809021,0.07000944763422012,0.03968449681997299
20.9,1450,8.87647819519043,0.15695509314537048,16.472217559814453,13.67175579071045,7804.058888491056,225.20413208007812,128.2698516845703,56.95714354515076,0.06920159608125687,0.039415255188941956
21,1550,8.888166427612305,0.1570281684398651,16.472854614257812,13.67904281616211,7810.1420188904085,225.3328857421875,128.42959594726562,56.99549913406372,0.06920652836561203,0.03944460302591324
21.1,1550,9.380152702331543,0.20233915746212006,16.25635528564453,17.91032600402832,8034.899028649867,291.1566162109375,170.250732421875,58.47393274307251,0.055096108466386795,0.032216861844062805
21.2,1550,10.655084609985352,0.2247723937034607,16.180068969726562,20.512557983398438,8526.025110529794,331.89459228515625,200.6865234375,60.466939210891724,0.05309317633509636,0.03210382163524628
21.3,1550,11.739036560058594,0.22729291021823883,16.15888786315918,21.59766960144043,8898.169661344851,348.99432373046875,211.7947540283203,60.68716049194336,0.055426474660634995,0.033636756241321564
21.4,1550,12.354256629943848,0.23377631604671478,16.147296905517578,22.16175079345703,9126.62014598605,357.85235595703125,223.42877197265625,62.436020374298096,0.055293936282396317,0.034523334354162216
21.5,1550,12.590692520141602,0.23143720626831055,16.14339828491211,22.40506362915039,9260.252596745133,361.6938781738281,224.43191528320312,62.050241231918335,0.0561002753674984,0.03481035679578781
21.6,1550,12.87122631072998,0.22864961624145508,16.141315460205078,22.540843963623047,9336.514081268751,363.8388671875,223.55471801757812,61.443328857421875,0.0575752817094326,0.0353761725127697
21.7,1550,12.98708724975586,0.2329624444246292,16.140256881713867,22.60407829284668,9381.47865546813,364.83563232421875,228.86839294433594,62.731921672821045,0.0567447803914547,0.03559708967804909
21.8,1550,12.968846321105957,0.23419232666492462,16.140317916870117,22.624034881591797,9406.129992082162,365.15911865234375,230.6812286376953,63.17279934883118,0.05621977150440216,0.03551560267806053
21.9,1550,12.99888801574707,0.2298116683959961,16.13938331604004,22.65871238708496,9416.719080239243,365.6976318359375,226.62107849121094,61.9695246219635,0.05735957249999046,0.03554545342922211
22,1550,13.126700401306152,0.22972038388252258,16.138364791870117,22.68119239807129,9420.544277595855,366.037353515625,226.62307739257812,61.91255450248718,0.057923052459955215,0.03586164116859436
22.1,1550,13.191587448120117,0.23466923832893372,16.137609481811523,22.709911346435547,9411.342355324608,366.4836730957031,231.27908325195312,63.10760974884033,0.05703752860426903,0.03599502146244049
22.2,1550,13.117618560791016,0.23262174427509308,16.13648223876953,22.746191024780273,9402.936596330695,367.04351806640625,229.056396484375,62.40578889846802,0.05726807191967964,0.03573859483003616
22.3,1550,13.205513954162598,0.23147723078727722,16.135454177856445,22.758785247802734,9398.880593221651,367.22332763671875,227.83111572265625,62.041568756103516,0.057961855083703995,0.03596044331789017
22.4,1550,13.177027702331543,0.2359640747308731,16.135780334472656,22.762876510620117,9400.711302485268,367.2967834472656,232.29251098632812,63.24382424354553,0.05672600865364075,0.03587569668889046
22.5,1550,13.099224090576172,0.2332751750946045,16.13597297668457,22.751163482666016,9402.929602216986,367.1121520996094,229.69964599609375,62.56933808326721,0.05702761933207512,0.03568180277943611
22.6,1550,13.18143367767334,0.23043131828308105,16.135906219482422,22.75316047668457,9404.69153602912,367.1428527832031,226.94189453125,61.81296706199646,0.058082856237888336,0.03590273857116699
22.7,1550,13.200823783874512,0.23594191670417786,16.135480880737305,22.766990661621094,9401.371080545254,367.3563537597656,232.28700256347656,63.23206424713135,0.056829798966646194,0.035934656858444214
22.8,1550,13.094894409179688,0.23369470238685608,16.13572120666504,22.759565353393555,9402.67897980904,367.24200439453125,230.1066131591797,62.65802979469299,0.05690794438123703,0.03565739840269089
22.9,1550,13.18813419342041,0.22997581958770752,16.136768341064453,22.733779907226562,9399.646448672906,366.8497314453125,226.37179565429688,61.70695424079895,0.05825873464345932,0.03594968840479851
23,1550,13.203963279724121,0.2352689653635025,16.135854721069336,22.7642765045166,9395.978618874771,367.321044921875,231.4916229248047,63.02160620689392,0.057038623839616776,0.03594665601849556
23.1,1550,13.143006324768066,0.2341974675655365,16.135129928588867,22.782827377319336,9388.16444533217,367.6038818359375,230.2456817626953,62.63418197631836,0.05708253011107445,0.03575317561626434
23.2,1550,13.23794174194336,0.23163554072380066,16.13470458984375,22.788759231567383,9382.870484096438,367.6899108886719,227.59857177734375,61.89959645271301,0.05816355347633362,0.036003004759550095
23.3,1550,13.20848560333252,0.23633453249931335,16.13420295715332,22.805213928222656,9377.770026673354,367.9439392089844,232.08944702148438,63.07739019393921,0.05691118910908699,0.03589809313416481
23.4,1550,13.232213020324707,0.2328062206506729,16.13336944580078,22.8297061920166,9370.421544535282,368.3200988769531,228.4453582763672,62.02359199523926,0.057922881096601486,0.03592585399746895
23.5,1550,13.37207317352295,0.2359108328819275,16.131446838378906,22.867897033691406,9354.24940510912,368.89227294921875,231.09228515625,62.644922733306885,0.05786464735865593,0.03624926507472992
23.6,1550,13.264240264892578,0.23610763251781464,16.130544662475586,22.90478515625,9345.578452637032,369.4666748046875,231.0706787109375,62.54168748855591,0.05740338936448097,0.03590104728937149
23.7,1550,13.26839542388916,0.23347564041614532,16.1317138671875,22.884166717529297,9353.88163129653,369.16082763671875,228.69784545898438,61.95073127746582,0.05801714211702347,0.035942044109106064
23.8,1550,13.191977500915527,0.2378084659576416,16.133319854736328,22.84331703186035,9367.945628281908,368.5385437011719,233.292236328125,63.301992416381836,0.056547004729509354,0.03579537943005562
23.9,1550,13.132147789001465,0.23280929028987885,16.13458251953125,22.800960540771484,9376.480778379459,367.88397216796875,228.59608459472656,62.13809251785278,0.05744694918394089,0.03569643944501877
24,1550,13.204026222229004,0.2326429784297943,16.135343551635742,22.780309677124023,9384.724507072422,367.568115234375,228.6336212158203,62.20170259475708,0.05775190144777298,0.035922665148973465
24.1,1550,13.159777641296387,0.23694577813148499,16.134681701660156,22.779638290405273,9392.451837036457,367.5422058105469,233.0540008544922,63.40877413749695,0.05646664276719093,0.03580480441451073
24.2,1550,13.14033317565918,0.23261108994483948,16.13616371154785,22.752920150756836,9398.37351997767,367.14483642578125,228.93475341796875,62.35543489456177,0.05739771947264671,0.03579059615731239
24.3,1550,13.22573471069336,0.2317846268415451,16.13571548461914,22.761709213256836,9399.115478873748,367.2764587402344,228.13937377929688,62.11652159690857,0.057972174137830734,0.03601029887795448
24.4,1550,13.202287673950195,0.23722586035728455,16.13486099243164,22.769283294677734,9398.635799241798,367.37921142578125,233.4831085205078,63.55370879173279,0.05654493719339371,0.03593640401959419
24.5,1550,13.181119918823242,0.23391719162464142,16.135757446289062,22.76167869567871,9396.313170647238,367.27691650390625,230.1697540283203,62.669265270233154,0.057266950607299805,0.03588877618312836
24.6,1550,13.30099105834961,0.23360081017017365,16.134246826171875,22.79821014404297,9388.295002121426,367.8319396972656,229.66229248046875,62.43674159049988,0.05791543424129486,0.036160510033369064
24.7,1550,13.266783714294434,0.23760080337524414,16.134563446044922,22.80335235595703,9382.653083728615,367.9221496582031,233.4544677734375,63.452136516571045,0.05682814493775368,0.03605867177248001
24.8,1550,13.264992713928223,0.2330378144979477,16.133821487426758,22.808364868164062,9377.658120853992,367.986083984375,228.84921264648438,62.18963861465454,0.05796390026807785,0.03604753687977791
24.9,1550,13.332759857177734,0.2357768416404724,16.134048461914062,22.793928146362305,9374.63025246033,367.7583312988281,231.46424865722656,62.939220666885376,0.05760181322693825,0.03625413402915001
25,1550,13.250062942504883,0.23730674386024475,16.133853912353516,22.803997039794922,9373.3957913905,367.9163513183594,232.93548583984375,63.31207752227783,0.05688297376036644,0.03601379320025444
25.1,1550,13.299577713012695,0.232967808842659,16.13326644897461,22.812509536743164,9372.49180219347,368.040283203125,228.6544189453125,62.12754845619202,0.058164533227682114,0.0361361987888813
25.2,1550,13.276765823364258,0.2374148666858673,16.133432388305664,22.830310821533203,9375.5050995169,368.3312683105469,233.09405517578125,63.283807039260864,0.05695883557200432,0.03604571893811226
25.3,1550,13.149009704589844,0.23622633516788483,16.1344051361084,22.813430786132812,9382.815696872376,368.0811462402344,232.10800170898438,63.05892467498779,0.05665039271116257,0.03572312742471695
25.4,1550,13.191803932189941,0.231092169880867,16.135812759399414,22.784486770629883,9390.760427204232,367.6462097167969,227.255615234375,61.81367039680481,0.0580483078956604,0.03588178753852844
25.5,1550,13.268688201904297,0.2357233464717865,16.135339736938477,22.76676368713379,9390.923623190802,367.3494567871094,231.81393432617188,63.10446858406067,0.05723853036761284,0.03612006828188896
25.6,1550,13.230609893798828,0.2348497211933136,16.133712768554688,22.801700592041016,9383.933006537563,367.8760986328125,230.78286743164062,62.733858823776245,0.05732925608754158,0.035964854061603546
25.7,1550,13.314014434814453,0.23303191363811493,16.13327407836914,22.82360076904297,9376.343227476495,368.21942138671875,228.8113250732422,62.13994026184082,0.05818774178624153,0.03615782782435417
25.8,1550,13.292677879333496,0.23768377304077148,16.132572174072266,22.838830947875977,9371.928776039807,368.4490966796875,233.26905822753906,63.31107020378113,0.0569843165576458,0.03607738018035889
25.9,1550,13.28740406036377,0.23389871418476105,16.132383346557617,22.844148635864258,9365.090281359764,368.5305480957031,229.3867950439453,62.24362850189209,0.0579257570207119,0.03605509549379349
26,1650,13.369384765625,0.23641201853752136,16.13205337524414,22.861743927001953,9364.24574212927,368.806884765625,231.83071899414062,62.85964846611023,0.057668738067150116,0.036250367760658264
26.1,1650,13.91893196105957,0.28359517455101013,15.870994567871094,27.934730529785156,9557.67028815313,443.3519592285156,283.8438720703125,64.0222430229187,0.04903728514909744,0.03139476850628853
26.2,1650,14.964859962463379,0.2975979447364807,15.771517753601074,31.231529235839844,10000.568458945108,492.568603515625,311.66156005859375,63.27272057533264,0.04801638051867485,0.03038126975297928
26.3,1650,16.0272274017334,0.3048252761363983,15.750167846679688,32.49311828613281,10319.244758974934,511.7720642089844,329.4029541015625,64.36517238616943,0.04865538328886032,0.03131711855530739
26.4,1650,16.726734161376953,0.30855587124824524,15.74000358581543,33.09306716918945,10500.100882661756,520.885009765625,339.2781677246094,65.13494849205017,0.04930094629526138,0.03211214393377304
26.5,1650,17.127971649169922,0.31036561727523804,15.732792854309082,33.41718292236328,10593.620342765029,525.74560546875,344.3076171875,65.48939347267151,0.04974612966179848,0.03257843852043152
26.6,1650,17.187999725341797,0.30993399024009705,15.72885799407959,33.59598159790039,10642.189799739152,528.4264526367188,345.4051513671875,65.36485552787781,0.049761850386857986,0.032526761293411255
26.7,1650,17.13530731201172,0.3091161847114563,15.726444244384766,33.70500564575195,10669.155605148417,530.0598754882812,345.3666687011719,65.15615582466125,0.04961482807993889,0.032327115535736084
26.8,1650,17.064332962036133,0.30818888545036316,15.727606773376465,33.720420837402344,10690.073833569686,530.3414916992188,345.0057067871094,65.0534987449646,0.049461014568805695,0.032176122069358826
26.9,1650,17.084129333496094,0.3078130781650543,15.72939682006836,33.693416595458984,10705.485363129876,529.9771118164062,345.081787109375,65.11258482933044,0.04950747638940811,0.03223559632897377
27,1650,17.199453353881836,0.3087022006511688,15.72964096069336,33.685264587402344,10711.381400987484,529.8571166992188,346.2691650390625,65.35142660140991,0.049670759588479996,0.03246054798364639
27.1,1650,17.293466567993164,0.30961334705352783,15.731237411499023,33.64617156982422,10721.240769947479,529.2958984375,347.6108703613281,65.67420363426208,0.049749501049518585,0.032672587782144547
27.2,1650,17.359725952148438,0.3102952837944031,15.728822708129883,33.680416107177734,10726.855877571064,529.7532958984375,348.5589599609375,65.79646468162537,0.04980427399277687,0.03276945278048515
27.3,1650,17.387767791748047,0.3110021650791168,15.726667404174805,33.737266540527344,10725.331160782265,530.5747680664062,349.3033447265625,65.83489775657654,0.04977841675281525,0.03277156874537468
27.4,1650,17.300548553466797,0.31073614954948425,15.726303100585938,33.74923324584961,10729.06834887469,530.7506713867188,349.12615966796875,65.77969789505005,0.04955385625362396,0.03259637579321861
27.5,1650,17.234519958496094,0.30973395705223083,15.726912498474121,33.725975036621094,10733.168065194424,530.4054565429688,348.1331481933594,65.63528776168823,0.04950554296374321,0.03249310329556465
27.6,1650,17.184539794921875,0.30937448143959045,15.724499702453613,33.776851654052734,10727.242885196358,531.1240844726562,347.5371398925781,65.43426513671875,0.049446627497673035,0.032355036586523056
27.7,1650,17.040525436401367,0.30831223726272583,15.722901344299316,33.82217788696289,10721.782813760012,531.7827758789062,346.1675720214844,65.09567499160767,0.04922623187303543,0.032044146209955215
27.8,1650,17.201581954956055,0.3093878924846649,15.722805976867676,33.84447479248047,10719.675254162037,532.130126953125,347.3070068359375,65.26731252670288,0.04952846094965935,0.03232589364051819
27.9,1650,17.39930534362793,0.3112437129020691,15.721024513244629,33.86798858642578,10713.28379991663,532.439453125,349.1819763183594,65.58153033256531,0.04982876032590866,0.03267846629023552
28,1650,17.59209632873535,0.3136399984359741,15.717100143432617,33.961456298828125,10701.492889887031,533.775634765625,351.48309326171875,65.8484697341919,0.05005104839801788,0.03295784816145897
28.1,1650,17.588117599487305,0.31417542695999146,15.716262817382812,34.008792877197266,10696.130736042627,534.4911499023438,351.9067077636719,65.8395767211914,0.04997948929667473,0.03290628641843796
28.2,1650,17.39220428466797,0.31276246905326843,15.717150688171387,33.99014663696289,10696.46761918633,534.228271484375,350.3350830078125,65.57778716087341,0.049644485116004944,0.032555755227804184
28.3,1650,17.2501220703125,0.3114089369773865,15.717944145202637,33.987281799316406,10701.009130355416,534.210205078125,348.967041015625,65.32391905784607,0.049431949853897095,0.03229088708758354
28.4,1650,17.205278396606445,0.31061851978302,15.720110893249512,33.9437141418457,10706.992594634401,533.5989379882812,348.27593994140625,65.26923179626465,0.049401283264160156,0.03224383667111397
28.5,1650,17.24185562133789,0.3103960454463959,15.723210334777832,33.87095260620117,10716.61649509949,532.5601196289062,348.33929443359375,65.40845036506653,0.04949730262160301,0.03237541764974594
28.6,1650,17.336315155029297,0.3110147714614868,15.724841117858887,33.82563781738281,10725.549143992896,531.9027709960938,349.3246154785156,65.6745195388794,0.04962809756398201,0.0325930155813694
28.7,1650,17.428279876708984,0.31128835678100586,15.725569725036621,33.7841682434082,10729.71880144973,531.2752685546875,349.767822265625,65.83551168441772,0.049828141927719116,0.03280461207032204
28.8,1650,17.467327117919922,0.31206026673316956,15.72474193572998,33.79188919067383,10727.991255363337,531.3687133789062,350.57867431640625,65.9765362739563,0.049824271351099014,0.03287232667207718
28.9,1650,17.33883285522461,0.3111591935157776,15.724717140197754,33.80097198486328,10728.521642319685,531.5107421875,349.58367919921875,65.77170491218567,0.04959852248430252,0.03262179344892502
29,1650,17.214338302612305,0.30980414152145386,15.727200508117676,33.74192810058594,10734.007358839635,530.6660766601562,348.2392578125,65.62305092811584,0.049432504922151566,0.03243911638855934
29.1,1650,17.153366088867188,0.30856117606163025,15.727522850036621,33.70893096923828,10737.186183520873,530.157958984375,346.9447937011719,65.44177532196045,0.04944119602441788,0.03235519677400589
29.2,1650,17.11093521118164,0.3079495131969452,15.724672317504883,33.766563415527344,10728.860856834624,530.9681396484375,345.9885559082031,65.16183018684387,0.049455203115940094,0.032225918024778366
29.3,1650,17.172700881958008,0.3087078034877777,15.72011947631836,33.86692810058594,10709.121136573505,532.3921508789062,346.202392578125,65.02770185470581,0.049603067338466644,0.032255735248327255
29.4,1650,17.41525650024414,0.31176528334617615,15.716752052307129,33.973121643066406,10696.692596510671,533.9471435546875,349.2254638671875,65.40449857711792,0.04986823350191116,0.03261606767773628
29.5,1650,17.5019588470459,0.31342995166778564,15.717211723327637,33.991065979003906,10696.006007681463,534.2447509765625,351.0675964355469,65.71287512779236,0.049853529781103134,0.03276018798351288
29.6,1650,17.448143005371094,0.3127088248729706,15.720076560974121,33.93254852294922,10704.736992962897,533.4222412109375,350.5457763671875,65.71637988090515,0.04977421835064888,0.032709814608097076
29.7,1650,17.229991912841797,0.31071311235427856,15.723224639892578,33.851051330566406,10718.694912557004,532.2476806640625,348.76275634765625,65.52640199661255,0.04940318688750267,0.0323721319437027
29.8,1650,17.050724029541016,0.30871856212615967,15.727422714233398,33.75175857543945,10735.954053822277,530.8281860351562,347.0819396972656,65.38498401641846,0.04912593215703964,0.03212098404765129
29.9,1650,16.864675521850586,0.30697599053382874,15.731060028076172,33.668975830078125,10751.648844987727,529.648681640625,345.6273498535156,65.25596380233765,0.04879438877105713,0.03184124827384949
30,1650,16.82508087158203,0.30596789717674255,15.73397445678711,33.59982681274414,10764.755814080441,528.6588134765625,344.91229248046875,65.24288654327393,0.04878075420856476,0.031825970858335495
30.1,1650,16.809619903564453,0.3055829107761383,15.734587669372559,33.549556732177734,10768.799577490494,527.888427734375,344.6076965332031,65.28040170669556,0.04877900332212448,0.03184312954545021
30.2,1650,16.814897537231445,0.3051932156085968,15.735875129699707,33.50511169433594,10774.042831401826,527.2322387695312,344.3358154296875,65.31007885932922,0.04883284494280815,0.031892772763967514
30.3,1650,16.870872497558594,0.3050610423088074,15.734989166259766,33.50476837158203,10771.774407188519,527.1971435546875,344.1142272949219,65.27239680290222,0.04902695491909981,0.0320010669529438
30.4,1650,16.893848419189453,0.3052995204925537,15.732569694519043,33.534080505371094,10766.334152407686,527.5772705078125,344.20928955078125,65.24339318275452,0.04908016324043274,0.03202156350016594
30.5,1650,16.89140510559082,0.30531901121139526,15.732913970947266,33.5451545715332,10766.638396354074,527.7630615234375,344.2409973144531,65.22643566131592,0.04906854405999184,0.032005660235881805
30.6,1650,16.949363708496094,0.3053455948829651,15.732748031616211,33.55531692504883,10763.426932475524,527.9173583984375,344.16827392578125,65.19359350204468,0.04924731329083443,0.03210609406232834
30.7,1650,16.953615188598633,0.3054729998111725,15.732189178466797,33.55873489379883,10763.696205853363,527.952392578125,344.32049560546875,65.21809697151184,0.04923789203166962,0.03211201727390289
30.8,1650,17.095216751098633,0.3064866364002228,15.731877326965332,33.57033920288086,10759.59648953363,528.1244506835938,345.3314514160156,65.38827419281006,0.04950379207730293,0.03236967325210571
30.9,1650,17.198843002319336,0.3080484867095947,15.728267669677734,33.64995574951172,10751.127783516326,529.2554931640625,346.8180847167969,65.52942395210266,0.04959039017558098,0.03249629586935043
31,1750,17.255815505981445,0.3092159032821655,15.727724075317383,33.66532897949219,10748.203078299888,529.47900390625,348.0377197265625,65.73210954666138,0.04958030581474304,0.03259018063545227
31.1,1750,17.64830780029297,0.3460436165332794,15.432559967041016,39.414188385009766,10922.66425068445,608.2618408203125,395.8111572265625,65.072500705719,0.044587694108486176,0.029014326632022858
31.2,1750,18.943571090698242,0.3688136339187622,15.305978775024414,43.38705825805664,11296.76890186676,664.0814208984375,436.30462646484375,65.70047736167908,0.043418221175670624,0.028525978326797485
31.3,1750,19.87078285217285,0.3772450387477875,15.265825271606445,45.197853088378906,11564.655113819508,689.9825439453125,456.8617858886719,66.21353030204773,0.043494079262018204,0.028798965737223625
31.4,1750,20.370798110961914,0.3804677426815033,15.246515274047852,46.138118743896484,11720.81035925352,703.445556640625,466.98626708984375,66.38556122779846,0.043621838092803955,0.028958600014448166
31.5,1750,20.6358585357666,0.3814242482185364,15.238845825195312,46.56969451904297,11809.310377084183,709.6683959960938,471.6951904296875,66.46698713302612,0.043748289346694946,0.029078170657157898
31.6,1750,20.883487701416016,0.38248753547668457,15.232311248779297,46.83778381347656,11853.580785497836,713.4476928710938,474.7833251953125,66.54773950576782,0.04398529976606369,0.02927122451364994
31.7,1750,21.005313873291016,0.3832278847694397,15.229580879211426,46.969383239746094,11876.850201811314,715.3240356445312,476.63616943359375,66.63220524787903,0.044069912284612656,0.029364753514528275
31.8,1750,21.081193923950195,0.38402682542800903,15.227067947387695,47.06169128417969,11888.965172442813,716.611572265625,478.1170654296875,66.71913862228394,0.04409211874008179,0.02941788174211979
31.9,1750,21.05799102783203,0.3845292627811432,15.227157592773438,47.09197998046875,11898.678830700515,717.0770263671875,479.13372802734375,66.81761145591736,0.04395013302564621,0.029366429895162582
32,1750,20.992767333984375,0.38401591777801514,15.228548049926758,47.06917190551758,11905.915407019225,716.795166015625,478.7851257324219,66.79524779319763,0.04384590685367584,0.029286982491612434
32.1,1750,21.019302368164062,0.38350173830986023,15.228742599487305,47.05811309814453,11908.56617611535,716.6358642578125,478.25048828125,66.7354941368103,0.043950404971838,0.02933051809668541
32.2,1750,21.03989028930664,0.38298499584198,15.226795196533203,47.0853385925293,11905.25446327362,716.9588012695312,477.4732666015625,66.59702658653259,0.04406506568193436,0.029346024617552757
32.3,1750,21.07094955444336,0.38317742943763733,15.225787162780762,47.116485595703125,11902.807689160707,717.3855590820312,477.614990234375,66.57716631889343,0.04411701858043671,0.02937186136841774
32.4,1750,21.125499725341797,0.38403332233428955,15.224250793457031,47.1556396484375,11898.963257991392,717.9093017578125,478.5272216796875,66.65566563606262,0.04414691403508186,0.029426420107483864
32.5,1750,21.168140411376953,0.38465118408203125,15.222465515136719,47.18965530395508,11893.29569451498,718.3428955078125,479.0688171386719,66.69082641601562,0.04418601095676422,0.02946801669895649
32.6,1750,21.16150665283203,0.38486504554748535,15.222077369689941,47.20540237426758,11889.23561150627,718.5642700195312,479.1715393066406,66.68457388877869,0.04416269436478615,0.0294497050344944
32.7,1750,21.14621925354004,0.38461148738861084,15.219806671142578,47.25004196166992,11883.775540069924,719.136474609375,478.6359558105469,66.55703783035278,0.04418017342686653,0.0294050145894289
32.8,1750,21.145856857299805,0.38467270135879517,15.218899726867676,47.27434539794922,11879.04169077381,719.4635009765625,478.52142333984375,66.51086807250977,0.04418998956680298,0.029391145333647728
32.9,1750,21.203771591186523,0.38524433970451355,15.219550132751465,47.270782470703125,11878.251355924569,719.4400634765625,479.2006530761719,66.60744547843933,0.04424821212887764,0.029472604393959045
33,1750,21.256662368774414,0.38643670082092285,15.218489646911621,47.296817779541016,11874.732151042774,719.7861328125,480.5413818359375,66.76169037818909,0.04423481971025467,0.029531914740800858
33.1,1750,21.122285842895508,0.3864381015300751,15.220186233520508,47.26748275756836,11881.960567562155,719.4198608398438,480.8356628417969,66.83658361434937,0.04392828419804573,0.02936016395688057
33.2,1750,21.055198669433594,0.3852134346961975,15.222613334655762,47.19929122924805,11889.762501405765,718.49658203125,479.6265563964844,66.75419211387634,0.04389915242791176,0.029304523020982742
33.3,1750,21.08098602294922,0.3842747211456299,15.221381187438965,47.197811126708984,11885.634808631192,718.4158935546875,478.2916564941406,66.57587885856628,0.04407558590173721,0.029343709349632263
33.4,1750,21.089839935302734,0.3846845030784607,15.22146224975586,47.19381332397461,11882.57838093988,718.3588256835938,478.6785888671875,66.6350245475769,0.044058457016944885,0.029358362779021263
33.5,1750,21.07886505126953,0.38482004404067993,15.22227668762207,47.178749084472656,11885.883099667899,718.16796875,478.98040771484375,66.6947603225708,0.04400778189301491,0.0293508842587471
33.6,1750,21.05068588256836,0.3848205506801605,15.223876953125,47.13998031616211,11889.775323947566,717.6532592773438,479.1379089355469,66.76453948020935,0.04393450543284416,0.02933266945183277
33.7,1750,21.006290435791016,0.3840616047382355,15.224712371826172,47.1253776550293,11894.17112441436,717.4703369140625,478.3697204589844,66.67449474334717,0.04391224682331085,0.02927827090024948
33.8,1750,20.906457901000977,0.3830353319644928,15.224320411682129,47.138858795166016,11893.913507892705,717.6571044921875,477.08111572265625,66.47758483886719,0.04382159933447838,0.029131542891263962
33.9,1750,20.91309928894043,0.3825240135192871,15.224590301513672,47.12797164916992,11896.533969162752,717.5040893554688,476.5492248535156,66.4176344871521,0.04388444870710373,0.029147012159228325
34,1750,20.929866790771484,0.3818737864494324,15.227466583251953,47.05611801147461,11904.785857655044,716.5454711914062,476.06915283203125,66.43949151039124,0.04396392032504082,0.029209405183792114
34.1,1750,20.98392677307129,0.3825629651546478,15.227049827575684,47.03895568847656,11905.950377587775,716.2645263671875,476.9750061035156,66.59201979637146,0.043993767350912094,0.029296336695551872
34.2,1750,20.9248046875,0.3830834925174713,15.227118492126465,47.02909851074219,11904.847638992816,716.11767578125,477.5797424316406,66.69012308120728,0.04381426423788071,0.02921978570520878
34.3,1750,20.914255142211914,0.38293612003326416,15.227953910827637,47.020408630371094,11905.492263139764,716.0245971679688,477.421875,66.6767418384552,0.04380665346980095,0.029208850115537643
34.4,1750,20.926372528076172,0.3830186128616333,15.226264953613281,47.0527229309082,11902.147911100721,716.437255859375,477.39056396484375,66.63396954536438,0.04383490979671478,0.029208941385149956
34.5,1750,20.996858596801758,0.3827427625656128,15.22366714477539,47.111297607421875,11894.555800668415,717.2067260742188,476.7424621582031,66.4721131324768,0.044042348861694336,0.029275881126523018
34.6,1750,21.065881729125977,0.3831069767475128,15.222027778625488,47.16331100463867,11887.621136924858,717.9212036132812,476.91790771484375,66.43039584159851,0.04417087510228157,0.029342887923121452
34.7,1750,21.13067054748535,0.3840392529964447,15.220200538635254,47.20328903198242,11882.316101675751,718.4435424804688,477.8651123046875,66.51394367218018,0.04421890154480934,0.029411735013127327
34.8,1750,21.161102294921875,0.3852919340133667,15.21822452545166,47.242591857910156,11875.456041811769,718.9483642578125,479.1470642089844,66.64554476737976,0.044164106249809265,0.029433410614728928
34.9,1750,21.0613956451416,0.38526952266693115,15.218173027038574,47.243839263916016,11875.225236059336,718.9649047851562,479.1098937988281,66.63883924484253,0.04395942762494087,0.029294051229953766
35,1750,21.035531997680664,0.3836931884288788,15.219574928283691,47.222679138183594,11876.759278333084,718.7091064453125,477.21124267578125,66.39838218688965,0.04408012703061104,0.02926849201321602
35.1,1750,21.00398063659668,0.3835766315460205,15.221853256225586,47.17425537109375,11884.281447628287,718.07958984375,477.368408203125,66.4784848690033,0.04399951919913292,0.029250212013721466
35.2,1750,20.948471069335938,0.3826967477798462,15.225768089294434,47.09115982055664,11896.436051570812,716.9990844726562,476.760498046875,66.49388074874878,0.04393919184803963,0.02921687252819538
35.3,1750,20.929311752319336,0.3826150596141815,15.227826118469238,47.02119445800781,11903.213347755893,716.0305786132812,476.9302673339844,66.60752892494202,0.04388337954878807,0.029229633510112762
35.4,1750,20.996522903442383,0.3832302987575531,15.227027893066406,47.01226806640625,11900.253671970904,715.8571166992188,477.5783996582031,66.71420931816101,0.043964557349681854,0.029330605641007423
35.5,1750,20.9615478515625,0.38264790177345276,15.224815368652344,47.06077575683594,11892.906355518451,716.4916381835938,476.5581970214844,66.51273965835571,0.043985284864902496,0.029255816712975502
35.6,1750,20.92833709716797,0.3825817406177521,15.222753524780273,47.09775161743164,11886.43330327976,716.9574584960938,476.2164611816406,66.42186045646667,0.04394710808992386,0.029190486297011375
35.7,1750,20.85212516784668,0.3815375864505768,15.22702693939209,47.038177490234375,11895.88001953086,716.2515869140625,475.2942199707031,66.35855436325073,0.043872036039829254,0.02911284938454628
35.8,1750,20.956493377685547,0.38147202134132385,15.227023124694824,47.010154724121094,11897.58774896174,715.82470703125,475.28076171875,66.39624834060669,0.044092871248722076,0.029276013374328613
35.9,1750,21.078420639038086,0.38336655497550964,15.223206520080566,47.075870513916016,11886.872766757877,716.6456909179688,477.21099853515625,66.58952832221985,0.04417002201080322,0.029412610456347466
36,1000,20.99301528930664,0.38411861658096313,15.222442626953125,47.10114288330078,11882.68445833115,716.9944458007812,477.97869873046875,66.66421294212341,0.043920401483774185,0.029279187321662903
36.1,1000,17.692962646484375,0.19258569180965424,16.278377532958984,25.608190536499023,10874.880465817094,416.85980224609375,219.31944274902344,52.61228084564209,0.08067211508750916,0.04244343936443329
36.2,1000,12.377676963806152,0.06908002495765686,16.67620277404785,13.15541934967041,8929.094135114028,219.3824462890625,64.59345245361328,29.44331169128418,0.19162432849407196,0.056420546025037766
36.3,1000,8.060773849487305,0.009680654853582382,16.832515716552734,6.772125720977783,7000.272610057604,113.99191284179688,7.096567153930664,6.225500255823135,1.1358695030212402,0.07071355730295181
36.4,1000,5.092462062835693,-0.017889726907014847,16.904882431030273,3.4933226108551025,5369.104244904082,59.05420684814453,-10.05852222442627,-17.032693326473236,-0.5062833428382874,0.08623368293046951
36.5,1000,3.1205217838287354,-0.030856668949127197,16.94083023071289,1.786866545677185,4055.244830550063,30.27100372314453,-13.103724479675293,-43.28804016113281,-0.2381400763988495,0.10308617353439331
36.6,1000,1.868881344795227,-0.03442711755633354,16.95916748046875,0.8927693367004395,3014.5486869430565,15.140625,-10.868048667907715,-71.78071737289429,-0.17196106910705566,0.1234348863363266
36.7,1000,1.0947046279907227,-0.0334014929831028,16.968599319458008,0.43656766414642334,2202.55860454907,7.407941818237305,-7.704101085662842,-103.99786233901978,-0.1420937478542328,0.14777445793151855
36.8,1000,0.6204540729522705,-0.029340706765651703,16.973508834838867,0.2008521556854248,1592.453905818324,3.409165859222412,-4.89289665222168,-143.52182149887085,-0.1268071085214615,0.18199585378170013
36.9,1000,0.342639297246933,-0.0243177879601717,16.97611427307129,0.0747700184583664,1147.0832429744764,1.2693043947219849,-2.9211080074310303,-200,-0.1172977164387703,0.26994258165359497
37,1000,0.18712885677814484,-0.019853390753269196,16.977510452270508,0.004438526462763548,785.7203370095793,0.07535512745380402,-1.6335457563400269,-200,-0.1145537868142128,2.483292818069458
37.1,1000,0.10031548142433167,-0.014534502290189266,16.978212356567383,-0.02426742948591709,719.3349053213684,-0.4120175838470459,-1.0948632955551147,200,-0.09162374585866928,-0.24347379803657532
37.2,1000,0.05432701110839844,-0.010828382335603237,16.97860336303711,-0.03693028911948204,652.9494736331576,-0.6270247101783752,-0.7404091358184814,118.08292865753174,-0.07337430864572525,-0.08664253354072571
37.3,1000,0.02872098609805107,-0.008102894760668278,16.97879409790039,-0.05217527970671654,586.5640055172711,-0.8858733177185059,-0.49771901965141296,56.18399381637573,-0.05770522356033325,-0.03242109715938568
37.4,1000,0.016035493463277817,-0.004131051246076822,16.978864669799805,-0.06279618293046951,520.1785738290603,-1.0662078857421875,-0.22503064572811127,21.105700731277466,-0.07125915586948395,-0.015039743855595589
37.5,1000,0.009634357877075672,-0.0023609420750290155,16.978904724121094,-0.06920186430215836,453.7931421408494,-1.1749718189239502,-0.11219458281993866,9.548703581094742,-0.0858718678355217,-0.00819964986294508
37.6,1000,0.004589229356497526,-0.0012479453580453992,16.978910446166992,-0.06686019897460938,387.40767402496294,-1.1352133750915527,-0.050628188997507095,4.459795355796814,-0.09064573049545288,-0.004042614251375198
37.7,1000,0.0018418016843497753,-0.000743790646083653,16.978992462158203,-0.07134129852056503,321.0222059090765,-1.2113033533096313,-0.025004282593727112,2.0642461255192757,-0.07365944981575012,-0.0015205122763291001
37.8,1000,-0.0010245614685118198,-0.0004624531138688326,16.97900390625,-0.08436034619808197,254.6368106485412,-1.4323546886444092,-0.012331545352935791,0.8609282784163952,0.0830845981836319,0.0007152987527661026
37.9,1000,-0.0036843952257186174,-0.0003040250448975712,16.9789981842041,-0.10033773630857468,188.25134253265475,-1.703634262084961,-0.005993438418954611,0.35180312115699053,0.6147381067276001,0.0021626679226756096
38,1000,-0.006085587665438652,-0.00027880611014552414,16.978994369506836,-0.09057309478521347,121.8658744167683,-1.5378400087356567,-0.003558057826012373,0.23136723320931196,1.7103677988052368,0.003957230597734451
38.1,1000,-0.007551231421530247,-0.0002235278079751879,16.978954315185547,-0.07606927305459976,55.48044272855744,-1.2915767431259155,-0.0012986738001927733,0.10054949671030045,5,0.005846521817147732
38.2,1000,-0.009423620067536831,-0.0001340949529549107,16.978954315185547,-0.07580211013555527,0,-1.2870405912399292,0,0,0,0.007321929559111595
38.3,1000,-0.009603505954146385,-0.00006724747072439641,16.978923797607422,-0.0737486407160759,0,-1.252172589302063,0,0,0,0.007669474929571152
38.4,1000,-0.009462984278798103,-0.00007624255522387102,16.978885650634766,-0.07031762599945068,0,-1.1939148902893066,0,0,0,0.007926012389361858
38.5,1000,-0.010345486924052238,-0.00006058787039364688,16.978824615478516,-0.07328605651855469,0,-1.2443110942840576,0,0,0,0.008314228616654873
38.6,1000,-0.010519728995859623,-0.00008670437091495842,16.97878074645996,-0.07276022434234619,0,-1.235379934310913,0,0,0,0.008515379391610622
38.7,1000,-0.010226009413599968,-0.0000710770909790881,16.97879981994629,-0.07285578548908234,0,-1.2370038032531738,0,0,0,0.008266756311058998
38.8,1000,-0.009105869568884373,-0.00006789427425246686,16.978809356689453,-0.0721096619963646,0,-1.2243361473083496,0,0,0,0.007437393069267273
38.9,1000,-0.008581317029893398,-0.00009576183947501704,16.978792190551758,-0.08360990881919861,0,-1.4195952415466309,0,0,0,0.0060449037700891495
39,1000,-0.007397168315947056,-0.00013488058175425977,16.978763580322266,-0.07911159098148346,0,-1.3432170152664185,0,0,0,0.005507053807377815
39.1,1000,-0.0068360865116119385,-0.00019528638222254813,16.978742599487305,-0.08281614631414413,0,-1.4061139822006226,0,0,0,0.004861687310039997
39.2,1000,-0.005734519567340612,-0.00018133912817575037,16.978761672973633,-0.09062854200601578,0,-1.5387604236602783,0,0,0,0.003726713825017214
39.3,1000,-0.005020967684686184,-0.00016074127051979303,16.978723526000977,-0.09444018453359604,0,-1.6034737825393677,0,0,0,0.003131306264549494
39.4,1000,-0.00440522376447916,-0.00016876665176823735,16.978727340698242,-0.08179622888565063,0,-1.3887958526611328,0,0,0,0.003171973628923297
39.5,1000,-0.003710926976054907,-0.00013991027662996203,16.978740692138672,-0.08815757185220718,0,-1.4968045949935913,0,0,0,0.0024792328476905823
39.6,1000,-0.003738712053745985,-0.00007311411900445819,16.978757858276367,-0.09280171990394592,0,-1.5756579637527466,0,0,0,0.0023727943189442158
39.7,1000,-0.003171658841893077,-0.0000968877284321934,16.9787540435791,-0.09394801408052444,0,-1.5951201915740967,0,0,0,0.0019883508794009686
39.8,1000,-0.002699678298085928,-0.00015367459855042398,16.978796005249023,-0.08625347167253494,0,-1.4644800424575806,0,0,0,0.0018434380181133747
39.9,1000,-0.0035053046885877848,-0.00016325648175552487,16.978792190551758,-0.07846866548061371,0,-1.3323031663894653,0,0,0,0.0026310114189982414
40,1000,-0.0032013256568461657,-0.00015204465307760984,16.978788375854492,-0.06924803555011749,0,-1.1757477521896362,0,0,0,0.002722799777984619
40.1,1000,-0.003041104879230261,-0.00016678162501193583,16.97878074645996,-0.06341759115457535,0,-1.0767533779144287,0,0,0,0.002824328141286969
40.2,1000,-0.0031502859201282263,-0.00014465174172073603,16.97879409790039,-0.07054047286510468,0,-1.1976921558380127,0,0,0,0.0026302968617528677
40.3,1000,-0.00337901059538126,-0.00010502491204533726,16.978797912597656,-0.06290536373853683,0,-1.0680574178695679,0,0,0,0.0031636974308639765
40.4,1000,-0.0035854249726980925,-0.000060668175137834623,16.97877311706543,-0.05636449158191681,0,-0.9569998979568481,0,0,0,0.003746525850147009
40.5,1000,-0.00396007439121604,-0.00006100369864725508,16.978782653808594,-0.05762071534991264,0,-0.978329598903656,0,0,0,0.004047791473567486
40.6,1000,-0.004339354112744331,-0.00009500867599854246,16.978784561157227,-0.06934739649295807,0,-1.1774345636367798,0,0,0,0.003685431322082877
40.7,1000,-0.004212622065097094,-0.0001230454508913681,16.97878074645996,-0.07484591752290726,0,-1.2707923650741577,0,0,0,0.0033149567898362875
40.8,1000,-0.0046533988788723946,-0.00011880889360327274,16.978776931762695,-0.08938488364219666,0,-1.5176459550857544,0,0,0,0.003066195175051689
40.9,1000,-0.005150038283318281,-0.0001633201609365642,16.97876739501953,-0.08689284324645996,0,-1.475333333015442,0,0,0,0.0034907623194158077
41,1250,-0.004603484179824591,-0.00015045545296743512,16.978757858276367,-0.07613755762577057,0,-1.292721152305603,0,0,0,0.003561080666258931
41.1,1250,-0.002315413672477007,-0.019645966589450836,16.912954330444336,1.0504482984542847,0,17.766183853149414,0,0,0,-0.00013032701099291444
41.2,1250,0.002573553007096052,0.00879495870321989,16.67087173461914,6.426339626312256,84.06380085782033,107.13268280029297,0.07742325961589813,0.0722685712389648,0.033240050077438354,0.000024022108846111223
41.3,1250,0.08376248180866241,0.07855893671512604,16.66744041442871,7.846029758453369,660.6617225395047,130.7732391357422,5.435047626495361,4.156085848808289,0.01541154459118843,0.0006405170424841344
41.4,1250,0.5549479722976685,0.08995988965034485,16.765993118286133,6.144969940185547,1672.8814050312185,103.02652740478516,15.759509086608887,15.296554565429688,0.03521353006362915,0.005386457312852144
41.5,1250,1.0432114601135254,0.0731387585401535,16.818470001220703,4.791340351104736,2506.854715369539,80.58301544189453,19.200183868408203,23.826588690280914,0.054333411157131195,0.012945798225700855
41.6,1250,1.3693052530288696,0.05663643404841423,16.846956253051758,3.8941471576690674,3014.5789947691333,65.60453033447266,17.87932777404785,27.25319266319275,0.07658594846725464,0.020872116088867188
41.7,1250,1.554325819015503,0.04721332713961601,16.859695434570312,3.4060866832733154,3298.015452870655,57.42558288574219,16.30594253540039,28.39491069316864,0.09532266110181808,0.027066782116889954
41.8,1250,1.6558462381362915,0.04082365334033966,16.86716651916504,3.109037399291992,3451.0699745598577,52.440650939941406,14.753472328186035,28.133654594421387,0.11223433911800385,0.03157562389969826
41.9,1250,1.705002784729004,0.03785089775919914,16.870792388916016,2.9571762084960938,3532.1364152023098,49.8899040222168,14.000458717346191,28.06270718574524,0.12178192287683487,0.03417530655860901
42,1250,1.7340657711029053,0.03645191341638565,16.87240982055664,2.8878378868103027,3579.3630023440946,48.72478485107422,13.663270950317383,28.0417263507843,0.1269143968820572,0.03558898717164993
42.1,1250,1.7492097616195679,0.03546503186225891,16.873512268066406,2.844874143600464,3605.0940552621223,48.00301742553711,13.388920783996582,27.89182960987091,0.13064606487751007,0.03643957898020744
42.2,1250,1.7619153261184692,0.034816209226846695,16.874244689941406,2.8129961490631104,3618.056770759566,47.467185974121094,13.191235542297363,27.790221571922302,0.13356712460517883,0.03711859881877899
42.3,1250,1.7712188959121704,0.034887686371803284,16.873844146728516,2.800879955291748,3623.781744252682,47.26161193847656,13.239233016967773,28.012657165527344,0.13378562033176422,0.037476904690265656
42.4,1250,1.7754055261611938,0.035055216401815414,16.873327255249023,2.8032426834106445,3627.837455940322,47.30002975463867,13.317695617675781,28.15578579902649,0.13331176340579987,0.03753497451543808
42.5,1250,1.777673602104187,0.034787580370903015,16.874073028564453,2.7736213207244873,3629.5355684648516,46.80228805541992,13.22220516204834,28.251194953918457,0.13444606959819794,0.03798262029886246
42.6,1250,1.784222960472107,0.03467090427875519,16.874292373657227,2.7751805782318115,3630.083440705476,46.82920837402344,13.179847717285156,28.144502639770508,0.13537508249282837,0.03810064494609833
42.7,1250,1.7876702547073364,0.03475869074463844,16.87424659729004,2.7677512168884277,3629.9980542339317,46.70371627807617,13.212907791137695,28.29091250896454,0.1352972537279129,0.038276832550764084
42.8,1250,1.7923818826675415,0.03457855060696602,16.87449836730957,2.781078338623047,3630.101800253965,46.92930221557617,13.144806861877441,28.00980806350708,0.1363566517829895,0.0381932370364666
42.9,1250,1.7937519550323486,0.03481447696685791,16.8743953704834,2.780874252319336,3630.0499272439483,46.92557144165039,13.23430347442627,28.202754259109497,0.13553807139396667,0.03822546824812889
43,1250,1.7982548475265503,0.03589016571640968,16.872547149658203,2.805340051651001,3635.542637877608,47.33323287963867,13.663857460021973,28.867366909980774,0.13160666823387146,0.03799138218164444
43.1,1250,1.8046754598617554,0.03548658266663551,16.873165130615234,2.797642707824707,3642.0666888621017,47.20508575439453,13.534452438354492,28.671598434448242,0.13333937525749207,0.0382305271923542
43.2,1250,1.8076454401016235,0.03529665991663933,16.873422622680664,2.7962498664855957,3646.6460848137854,47.18230438232422,13.47894287109375,28.56779396533966,0.13410884141921997,0.03831193596124649
43.3,1250,1.8112876415252686,0.035535864531993866,16.87287712097168,2.8091635704040527,3649.5503905319015,47.3986701965332,13.581097602844238,28.65290641784668,0.13336828351020813,0.03821389004588127
43.4,1250,1.8157328367233276,0.035111479461193085,16.873659133911133,2.811669111251831,3651.200418524674,47.443145751953125,13.424972534179688,28.296971321105957,0.13525038957595825,0.03827176243066788
43.5,1250,1.8186368942260742,0.03541954606771469,16.87306785583496,2.8191885948181152,3652.6785078887406,47.568359375,13.548245429992676,28.481632471084595,0.13423413038253784,0.038232069462537766
43.6,1250,1.8204829692840576,0.03550929203629494,16.87267303466797,2.82519793510437,3654.112884042119,47.66864013671875,13.587907791137695,28.50492000579834,0.13397817313671112,0.03819036856293678
43.7,1250,1.8151130676269531,0.035013385117053986,16.87356948852539,2.803114175796509,3654.271708707619,47.29854202270508,13.398727416992188,28.32799255847931,0.13546906411647797,0.03837566822767258
43.8,1250,1.8040177822113037,0.0348268523812294,16.87363052368164,2.797030210494995,3652.5762189757306,47.19605255126953,13.321162223815918,28.225162625312805,0.13542495667934418,0.038223911076784134
43.9,1250,1.797220230102539,0.034947432577610016,16.873659133911133,2.800222396850586,3652.2617752801807,47.25,13.366133689880371,28.288114070892334,0.13446074724197388,0.03803640976548195
44,1250,1.7913035154342651,0.03497302159667015,16.873580932617188,2.8044769763946533,3651.684178056289,47.32156753540039,13.373805046081543,28.261542320251465,0.13394120335578918,0.037853848189115524
44.1,1250,1.784700632095337,0.0351298525929451,16.873437881469727,2.817082405090332,3652.011735715045,47.53386306762695,13.434982299804688,28.26402187347412,0.13283981382846832,0.03754587844014168
44.2,1250,1.7812557220458984,0.03458843007683754,16.87401580810547,2.80593204498291,3653.8666329552425,47.34734344482422,13.234641075134277,27.95223593711853,0.13459040224552155,0.03762102872133255
44.3,1250,1.7813005447387695,0.03472073748707771,16.873920440673828,2.8015520572662354,3653.6932372195133,47.27316665649414,13.284635543823242,28.101852536201477,0.13408727943897247,0.03768100589513779
44.4,1250,1.7847537994384766,0.03472480922937393,16.87371253967285,2.8087246417999268,3654.286279777848,47.393611907958984,13.288350105285645,28.038272261619568,0.13430966436862946,0.03765811026096344
44.5,1250,1.786734938621521,0.034622155129909515,16.8739070892334,2.8006880283355713,3653.9103461659306,47.258548736572266,13.247703552246094,28.032395243644714,0.13487128913402557,0.0378076545894146
44.6,1250,1.78945791721344,0.034786224365234375,16.873720169067383,2.7892370223999023,3651.022651467876,47.06480407714844,13.299962997436523,28.258830308914185,0.13454608619213104,0.03802114725112915
44.7,1250,1.7941434383392334,0.034856315702199936,16.873485565185547,2.7923498153686523,3652.7673914171396,47.11667251586914,13.3331298828125,28.298112750053406,0.13456280529499054,0.03807873651385307
44.8,1250,1.7933672666549683,0.03465840592980385,16.87369728088379,2.8014605045318604,3652.6371260492892,47.27099609375,13.256953239440918,28.044581413269043,0.13527747988700867,0.03793800249695778
44.9,1250,1.7910138368606567,0.034978561103343964,16.87360191345215,2.8040196895599365,3649.711546568638,47.31391143798828,13.368697166442871,28.255319595336914,0.133970707654953,0.03785385191440582
45,1250,1.7925184965133667,0.035088419914245605,16.873273849487305,2.8156607151031494,3648.8422365187544,47.50941467285156,13.407490730285645,28.220704197883606,0.13369528949260712,0.03772975504398346
45.1,1250,1.7889858484268188,0.034792374819517136,16.873929977416992,2.7988884449005127,3648.5275014018002,47.228248596191406,13.29322338104248,28.146764636039734,0.13457877933979034,0.037879571318626404
45.2,1250,1.7879639863967896,0.03520088642835617,16.873140335083008,2.823145627975464,3649.2645061340013,47.63533401489258,13.452021598815918,28.23958694934845,0.13291414082050323,0.037534408271312714
45.3,1250,1.7923989295959473,0.03500088304281235,16.873689651489258,2.809291362762451,3650.6537119696686,47.40311050415039,13.380681991577148,28.227436542510986,0.1339542269706726,0.03781184181571007
45.4,1250,1.7928498983383179,0.035247765481472015,16.87320327758789,2.8166584968566895,3650.5036299463063,47.52605056762695,13.474510192871094,28.351840376853943,0.1330549269914627,0.037723518908023834
45.5,1250,1.7962753772735596,0.035182829946279526,16.873498916625977,2.8156800270080566,3652.1839657651562,47.510372161865234,13.455877304077148,28.321978449821472,0.13349373638629913,0.037808068096637726
45.6,1250,1.804580569267273,0.035249263048172,16.873371124267578,2.8208343982696533,3653.5376181894635,47.59698486328125,13.486282348632812,28.334319591522217,0.13380859792232513,0.03791375830769539
45.7,1250,1.808497428894043,0.03498311713337898,16.87373924255371,2.8116893768310547,3651.6500817519523,47.4437141418457,13.377540588378906,28.196656703948975,0.13518908619880676,0.03811880201101303
45.8,1250,1.809186577796936,0.034930456429719925,16.87359619140625,2.8086462020874023,3649.8960163177417,47.39196014404297,13.35098648071289,28.171417117118835,0.13550958037376404,0.03817496821284294
45.9,1250,1.8078653812408447,0.035060204565525055,16.87363624572754,2.8122153282165527,3650.19384899323,47.45229721069336,13.40167236328125,28.242409229278564,0.13489849865436554,0.03809858486056328
46,1350,1.8055999279022217,0.034940723329782486,16.8735408782959,2.7993412017822266,3651.143299929375,47.234798431396484,13.359475135803223,28.283119201660156,0.13515500724315643,0.03822605311870575
46.1,1350,2.183969259262085,0.09305991977453232,16.730331420898438,5.577146530151367,3964.0229368005557,93.30751037597656,38.630245208740234,41.40100181102753,0.05653521791100502,0.023406146094202995
46.2,1350,3.2034780979156494,0.10956984013319016,16.696985244750977,6.975352764129639,4683.0309401613285,116.46736145019531,53.73369216918945,46.136265993118286,0.05961768329143524,0.02750537171959877
46.3,1350,3.961062431335449,0.10355581343173981,16.705930709838867,7.137735366821289,5210.841439872097,119.24251556396484,56.50813293457031,47.38925099372864,0.07009720802307129,0.033218543976545334
46.4,1350,4.396116733551025,0.0961647778749466,16.71270179748535,7.091952800750732,5516.780293150224,118.52569580078125,55.5559196472168,46.872469782829285,0.07912958413362503,0.037089988589286804
46.5,1350,4.611739635467529,0.09230929613113403,16.71452522277832,7.076005935668945,5680.805082193708,118.27207946777344,54.91410827636719,46.43032252788544,0.08398096263408661,0.03899263218045235
46.6,1350,4.743032932281494,0.08992445468902588,16.715129852294922,7.058981895446777,5769.684530693143,117.9917984008789,54.33235168457031,46.04756534099579,0.08729666471481323,0.040197987109422684
46.7,1350,4.813023090362549,0.08774688839912415,16.718589782714844,6.965317249298096,5811.0611245592445,116.45027923583984,53.39686965942383,45.853790640830994,0.0901368036866188,0.04133114218711853
46.8,1350,4.828904151916504,0.08741746842861176,16.717355728149414,6.971086502075195,5828.457816727482,116.53813171386719,53.35565948486328,45.783865451812744,0.09050406515598297,0.04143625870347023
46.9,1350,4.835538387298584,0.08716108649969101,16.717018127441406,6.965462684631348,5837.541421908466,116.44176483154297,53.28208541870117,45.75856924057007,0.09075354784727097,0.04152752459049225
47,1350,4.875179767608643,0.0869666039943695,16.716537475585938,6.989647388458252,5842.611571505474,116.84270477294922,53.209373474121094,45.53931951522827,0.09162257611751556,0.041724298149347305
47.1,1350,4.914926528930664,0.08709162473678589,16.716392517089844,7.00051212310791,5845.272248929356,117.02330780029297,53.31013107299805,45.55513858795166,0.09219498187303543,0.04199955239892006
47.2,1350,4.919198513031006,0.0875650942325592,16.716045379638672,7.017472267150879,5847.002126386985,117.30438232421875,53.61581039428711,45.70657014846802,0.09174902737140656,0.041935332119464874
47.3,1350,4.907337188720703,0.08779626339673996,16.715768814086914,7.021574974060059,5847.60595153729,117.37102508544922,53.762908935546875,45.80594599246979,0.09127737581729889,0.04181046411395073
47.4,1350,4.923591136932373,0.08753254264593124,16.715768814086914,7.022815227508545,5847.95915427965,117.39175415039062,53.604652404785156,45.66304683685303,0.09185007214546204,0.04194154217839241
47.5,1350,4.9413557052612305,0.08748035132884979,16.715620040893555,7.023253917694092,5848.292540366497,117.39804077148438,53.57574462890625,45.635977387428284,0.09223120659589767,0.04209061339497566
47.6,1350,4.927282810211182,0.08768811076879501,16.715965270996094,7.023012161254883,5848.5967843128865,117.39643096923828,53.70577621459961,45.74736952781677,0.09174586087465286,0.041971318423748016
47.7,1350,4.898013591766357,0.08756177872419357,16.716285705566406,7.013905048370361,5848.8905370887105,117.2464370727539,53.63109588623047,45.74219584465027,0.09132786095142365,0.04177537187933922
47.8,1350,4.892519950866699,0.087159164249897,16.716537475585938,7.005249977111816,5848.653902908185,117.10352325439453,53.38233947753906,45.585596561431885,0.09165053814649582,0.04177944362163544
47.9,1350,4.8961358070373535,0.0869566947221756,16.716739654541016,6.997753143310547,5848.689456319545,116.9796142578125,53.2586555480957,45.52814960479736,0.09193126857280731,0.041854605078697205
48,1350,4.87605619430542,0.08705612272024155,16.71687126159668,6.984446048736572,5848.604361269406,116.75808715820312,53.31877899169922,45.6660270690918,0.0914510115981102,0.04176204279065132
48.1,1350,4.8438005447387695,0.08697167783975601,16.717164993286133,6.976681709289551,5848.511106419937,116.63034057617188,53.26620864868164,45.670971274375916,0.09093571454286575,0.04153122380375862
48.2,1350,4.840821266174316,0.08648957312107086,16.717294692993164,6.9792609214782715,5848.822927322846,116.67436218261719,52.9737663269043,45.40309011936188,0.0913814827799797,0.041490018367767334
48.3,1350,4.862283706665039,0.08655118942260742,16.71707534790039,6.991261005401611,5848.480215751051,116.8734359741211,53.008399963378906,45.355385541915894,0.09172666817903519,0.04160298407077789
48.4,1350,4.862023830413818,0.0869559645652771,16.716861724853516,7.006030082702637,5848.295454580543,117.11883544921875,53.25461959838867,45.47058641910553,0.0912976861000061,0.0415135957300663
48.5,1350,4.852121353149414,0.08712086826562881,16.71677589416504,7.004314422607422,5848.224347757824,117.08955383300781,53.35496520996094,45.56765556335449,0.09094039350748062,0.04143940284848213
48.6,1350,4.864881992340088,0.08707583695650101,16.71645736694336,7.030223369598389,5848.470890266104,117.52043151855469,53.32963562011719,45.37903368473053,0.0912228673696518,0.04139605537056923
48.7,1350,4.8937177658081055,0.08710501343011856,16.71613311767578,7.0391411781311035,5848.744826386416,117.66722106933594,53.35000228881836,45.339733362197876,0.09172853827476501,0.04158947244286537
48.8,1350,4.895057678222656,0.08749646693468094,16.715986251831055,7.028658390045166,5848.50994073432,117.49095916748047,53.587608337402344,45.609983801841736,0.09134682267904282,0.0416632704436779
48.9,1350,4.8941121101379395,0.08763061463832855,16.715944290161133,7.0322442054748535,5848.68595926269,117.55060577392578,53.671382904052734,45.658108592033386,0.09118662029504776,0.04163408651947975
49,1350,4.90947151184082,0.08757153153419495,16.715391159057617,7.044356346130371,5848.584544613894,117.7491683959961,53.6342658996582,45.54958939552307,0.09153609722852707,0.041694317013025284
49.1,1350,4.932173252105713,0.08750519156455994,16.715402603149414,7.053717613220215,5848.662645550323,117.90573120117188,53.5943489074707,45.4552561044693,0.09202785789966583,0.041831497102975845
49.2,1350,4.933561325073242,0.08777502179145813,16.71532440185547,7.057948589324951,5848.683627891453,117.97589874267578,53.75980758666992,45.5684632062912,0.09177044779062271,0.04181838408112526
49.3,1350,4.923244953155518,0.08800017088651657,16.71523094177246,7.0504231452941895,5848.799613610478,117.84944915771484,53.898773193359375,45.735275745391846,0.09134243428707123,0.04177571460604668
49.4,1350,4.9218316078186035,0.08760573714971542,16.715490341186523,7.044606685638428,5848.604361269406,117.7540512084961,53.6553955078125,45.56564688682556,0.09173040837049484,0.04179755598306656
49.5,1350,4.931690216064453,0.08745387196540833,16.715484619140625,7.035715103149414,5848.447576553737,117.60538482666016,53.56094741821289,45.54293751716614,0.09207622706890106,0.04193422198295593
49.6,1350,4.940709114074707,0.08806196600198746,16.715158462524414,7.039679527282715,5848.365978560453,117.66935729980469,53.932621002197266,45.83404064178467,0.0916089192032814,0.0419880673289299
49.7,1350,4.921634674072266,0.08812449872493744,16.71540641784668,7.038609981536865,5848.9249248144515,117.65322875976562,53.976078033447266,45.877259969711304,0.09118177741765976,0.04183170199394226
49.8,1350,4.92004919052124,0.08765283972024918,16.71565055847168,7.018548488616943,5848.621263710872,117.3196029663086,53.68439865112305,45.75910568237305,0.09164764732122421,0.041937146335840225
49.9,1350,4.949692726135254,0.08774068206548691,16.715206146240234,7.036320209503174,5848.479632908242,117.61354064941406,53.736900329589844,45.689380168914795,0.09210975468158722,0.04208437725901604
50,1350,4.9498701095581055,0.08820533752441406,16.715076446533203,7.053432464599609,5848.634086252673,117.89866638183594,54.02290344238281,45.82147300243378,0.0916253998875618,0.041984107345342636
50.1,1350,4.918105125427246,0.08808136731386185,16.715290069580078,7.0444183349609375,5848.539665717587,117.74949645996094,53.94610595703125,45.81429958343506,0.09116701036691666,0.04176752641797066
50.2,1350,4.908309459686279,0.08782558143138885,16.715511322021484,7.05680513381958,5849.070052673936,117.9581069946289,53.79432678222656,45.60460448265076,0.09124214202165604,0.04161061719059944
50.3,1350,4.941559791564941,0.08779407292604446,16.715213775634766,7.061346054077148,5848.670805349651,118.03190612792969,53.77135467529297,45.556625723838806,0.09189948439598083,0.041866302490234375
50.4,1350,4.958314418792725,0.08841479569673538,16.71485137939453,7.07385778427124,5848.600281369741,118.23847961425781,54.15087890625,45.79801559448242,0.09156480431556702,0.04193486273288727
50.5,1350,4.9558424949646,0.08867336064577103,16.714763641357422,7.067867279052734,5848.554236787816,118.13773345947266,54.30881118774414,45.97075879573822,0.09125300496816635,0.04194970056414604
50.6,1350,4.963582992553711,0.08856197446584702,16.714597702026367,7.074678421020508,5848.528008861404,118.25040435791016,54.24034881591797,45.86906135082245,0.09151089191436768,0.04197518900036812
50.7,1350,4.988837718963623,0.08844683319330215,16.714502334594727,7.073436737060547,5848.986706152224,118.22897338867188,54.17407989501953,45.8213210105896,0.09208901971578598,0.042196404188871384
50.8,1350,4.979366302490234,0.08861620724201202,16.714815139770508,7.074408054351807,5848.692370533591,118.24742126464844,54.275089263916016,45.89959681034088,0.09174312651157379,0.04210972413420677
50.9,1350,4.961352825164795,0.0889141783118248,16.71458625793457,7.061038970947266,5848.533837289496,118.02234649658203,54.456111907958984,46.14051282405853,0.09110736101865768,0.04203740134835243
51,1450,4.957180500030518,0.08841246366500854,16.71488380432129,7.056959629058838,5848.695867590446,117.95626068115234,54.150333404541016,45.90713083744049,0.09154477715492249,0.04202558100223541
51.1,1450,5.449925899505615,0.13896726071834564,16.531156539916992,10.669541358947754,6111.488616233818,176.37985229492188,88.93815612792969,50.42421221733093,0.06127770245075226,0.030898800119757652
51.2,1450,6.622649669647217,0.15922652184963226,16.471923828125,12.779092788696289,6703.1393459404835,210.49624633789062,111.76923370361328,53.09796929359436,0.05925288423895836,0.03146208077669144
51.3,1450,7.606150150299072,0.1614190936088562,16.46752166748047,13.40771198272705,7168.93391364807,220.7917938232422,121.18199157714844,54.88519072532654,0.06276633590459824,0.03444942459464073
51.4,1450,8.198748588562012,0.1597091555595398,16.46956443786621,13.575640678405762,7453.219573722558,223.5848846435547,124.65288543701172,55.75193166732788,0.0657726302742958,0.03666951134800911
51.5,1450,8.535905838012695,0.1583481878042221,16.469768524169922,13.625422477722168,7611.122181898474,224.4075469970703,126.20902252197266,56.24098777770996,0.06763308495283127,0.03803751617670059
51.6,1450,8.726054191589355,0.15738797187805176,16.47008514404297,13.640547752380371,7692.6187605340965,224.66098022460938,126.78689575195312,56.434762477874756,0.06882457435131073,0.03884098678827286
51.7,1450,8.827963829040527,0.15733341872692108,16.46876335144043,13.680506706237793,7735.247883597114,225.301025390625,127.44530487060547,56.56667351722717,0.06926865130662918,0.03918297216296196
51.8,1450,8.88518238067627,0.15749616920948029,16.46800422668457,13.711227416992188,7757.168601650164,225.7965545654297,127.93867492675781,56.66103959083557,0.06944876164197922,0.03935039043426514
51.9,1450,8.92537784576416,0.15772174298763275,16.467432022094727,13.716634750366211,7766.234138704063,225.87774658203125,128.2716522216797,56.78808093070984,0.06958184391260147,0.039514195173978806
52,1450,8.925085067749023,0.1579011082649231,16.467527389526367,13.716516494750977,7770.8589963948625,225.87710571289062,128.49398803710938,56.88667893409729,0.06945916265249252,0.039513010531663895
52.1,1450,8.927066802978516,0.1582987904548645,16.4666690826416,13.735124588012695,7773.985365223274,226.1717529296875,128.8694305419922,56.97857141494751,0.06927218288183212,0.03947030007839203
52.2,1450,8.91269302368164,0.15812815725803375,16.467355728149414,13.732797622680664,7779.370249937237,226.1428680419922,128.8197021484375,56.963855028152466,0.06918735057115555,0.03941177949309349
52.3,1450,8.902989387512207,0.1575264036655426,16.46822738647461,13.717879295349121,7782.377718832577,225.90914916992188,128.37908935546875,56.82774782180786,0.06934922188520432,0.03940960019826889
52.4,1450,8.925893783569336,0.1577676236629486,16.467220306396484,13.732317924499512,7780.199052411882,226.1331024169922,128.5396728515625,56.842488050460815,0.06944076716899872,0.039471857249736786
52.5,1450,8.911273956298828,0.15781594812870026,16.467304229736328,13.735870361328125,7780.523113013784,226.1927490234375,128.58441162109375,56.8472683429718,0.06930291652679443,0.03939681500196457
52.6,1450,8.89726734161377,0.1573849767446518,16.467952728271484,13.718781471252441,7785.105423179512,225.9202423095703,128.30877685546875,56.79383873939514,0.06934262067079544,0.039382338523864746
52.7,1450,8.863914489746094,0.1570015549659729,16.469999313354492,13.677886962890625,7791.467152441652,225.27479553222656,128.10079956054688,56.864237785339355,0.06919484585523605,0.039347123354673386
52.8,1450,8.840059280395508,0.1563846468925476,16.4703369140625,13.655895233154297,7794.074791169897,224.9171905517578,127.64015197753906,56.74983859062195,0.06925766915082932,0.03930361568927765
52.9,1450,8.839505195617676,0.1571098417043686,16.468955993652344,13.685994148254395,7797.884251770662,225.39404296875,128.2947235107422,56.92019462585449,0.06889998912811279,0.039218008518218994
53,1450,8.86125659942627,0.1566321700811386,16.470293045043945,13.670655250549316,7798.1867471886235,225.15969848632812,127.90962219238281,56.80840015411377,0.06927748024463654,0.039355430752038956
53.1,1450,8.89474868774414,0.15702319145202637,16.46817970275879,13.7047700881958,7792.228927993242,225.69261169433594,128.13096618652344,56.77233934402466,0.06941919028759003,0.039410896599292755
53.2,1450,8.925749778747559,0.15755759179592133,16.46674156188965,13.733373641967773,7785.63697582148,226.1439208984375,128.45828247070312,56.8037748336792,0.06948364526033401,0.03946933522820473
53.3,1450,8.908799171447754,0.1575750857591629,16.466650009155273,13.724047660827637,7780.882727027044,225.9890899658203,128.3940887451172,56.81428909301758,0.06938636302947998,0.03942136839032173
53.4,1450,8.860833168029785,0.15736375749111176,16.46812629699707,13.686589241027832,7786.099170169155,225.39248657226562,128.307861328125,56.92641735076904,0.06905916333198547,0.03931290656328201
53.5,1450,8.849285125732422,0.15734578669071198,16.46869468688965,13.678102493286133,7791.830846354576,225.260498046875,128.3876495361328,56.99518918991089,0.06892629712820053,0.03928467258810997
53.6,1450,8.86584758758545,0.15696527063846588,16.46897315979004,13.67021656036377,7794.500266420595,225.13442993164062,128.1210479736328,56.908684968948364,0.06919899582862854,0.039380237460136414
53.7,1450,8.86139965057373,0.15688824653625488,16.469350814819336,13.677987098693848,7796.682429898144,225.26756286621094,128.09402465820312,56.8630576133728,0.06917886435985565,0.039337217807769775
53.8,1450,8.87153434753418,0.15705615282058716,16.46875,13.681244850158691,7794.612172239957,225.31300354003906,128.1970672607422,56.897324323654175,0.06920231878757477,0.03937426581978798
53.9,1450,8.878172874450684,0.15770065784454346,16.467437744140625,13.71268367767334,7795.626901570729,225.81275939941406,128.73989868164062,57.011789083480835,0.06896208971738815,0.03931652382016182
54,1450,8.883540153503418,0.15727469325065613,16.469186782836914,13.695843696594238,7794.631406052659,225.5594024658203,128.37576293945312,56.91439509391785,0.06919950991868973,0.03938448056578636
54.1,1450,8.901217460632324,0.15743251144886017,16.4683895111084,13.701272010803223,7791.967814414732,225.63787841796875,128.46067810058594,56.932228803634644,0.0692913830280304,0.03944912552833557
54.2,1450,8.929052352905273,0.15762001276016235,16.467422485351562,13.715259552001953,7789.834026890345,225.85498046875,128.5784454345703,56.92965388298035,0.06944439560174942,0.03953444957733154
54.3,1450,8.928169250488281,0.15752211213111877,16.467435836791992,13.704906463623047,7784.949804149463,225.68466186523438,128.4180145263672,56.90152645111084,0.06952427327632904,0.03956037014722824
54.4,1450,8.930368423461914,0.15783140063285828,16.46652603149414,13.729144096374512,7782.522263849251,226.07130432128906,128.63003540039062,56.89799189567566,0.0694267749786377,0.03950244188308716
54.5,1450,8.933335304260254,0.15810555219650269,16.466068267822266,13.746816635131836,7780.698548699344,226.35601806640625,128.82327270507812,56.91179633140564,0.06934566050767899,0.03946585953235626
54.6,1450,8.935535430908203,0.15799477696418762,16.466697692871094,13.743824005126953,7781.059911241033,226.31539916992188,128.73899841308594,56.88477158546448,0.06940814852714539,0.03948266804218292
54.7,1450,8.913866996765137,0.15787875652313232,16.46670913696289,13.76204776763916,7782.052492545057,226.61563110351562,128.66087341308594,56.77492618560791,0.06928188353776932,0.0393347404897213
54.8,1450,8.9130220413208,0.15757907927036285,16.46744155883789,13.742918014526367,7785.341474517229,226.31069946289062,128.47091674804688,56.7674994468689,0.06937773525714874,0.03938400745391846
54.9,1450,8.92363166809082,0.15771353244781494,16.467891693115234,13.730440139770508,7783.316095755347,226.1114044189453,128.54708862304688,56.85122013092041,0.06941916793584824,0.03946564346551895
55,1450,8.927753448486328,0.1580333411693573,16.46571159362793,13.760482788085938,7782.222099802527,226.57614135742188,128.78964233398438,56.841665506362915,0.0693204253911972,0.039402883499860764
55.1,1450,8.923064231872559,0.15809008479118347,16.464624404907227,13.789595603942871,7785.971527593946,227.04051208496094,128.89796447753906,56.77311420440674,0.06922579556703568,0.039301637560129166
55.2,1450,8.951834678649902,0.15827026963233948,16.46417999267578,13.806995391845703,7791.904284548532,227.32086181640625,129.14320373535156,56.810981035232544,0.06931711733341217,0.03937973454594612
55.3,1450,8.959726333618164,0.1583036631345749,16.46514320373535,13.796777725219727,7796.264531603966,227.16592407226562,129.24273681640625,56.89353942871094,0.0693247988820076,0.03944133222103119
55.4,1450,8.948647499084473,0.158329576253891,16.464550018310547,13.80495548248291,7795.870529864964,227.29237365722656,129.25735473632812,56.86832070350647,0.06923124194145203,0.039370644837617874
55.5,1450,8.954744338989258,0.1587676703929901,16.464237213134766,13.803607940673828,7797.056614981634,227.265869140625,129.63473510742188,57.041001319885254,0.06907673925161362,0.0394020639359951
55.6,1450,8.933221817016602,0.15840809047222137,16.465158462524414,13.781279563903809,7797.680256787451,226.91094970703125,129.3514862060547,57.005393505096436,0.06906161457300186,0.03936884552240372
55.7,1450,8.90092658996582,0.15816724300384521,16.465675354003906,13.765217781066895,7798.957848225161,226.6536102294922,129.17596435546875,56.992679834365845,0.06890543550252914,0.03927105665206909
55.8,1450,8.855154991149902,0.15762361884117126,16.4668025970459,13.747681617736816,7804.705844009239,226.38035583496094,128.82687377929688,56.90726637840271,0.06873686611652374,0.0391162671148777
55.9,1450,8.846609115600586,0.1575477570295334,16.467313766479492,13.739943504333496,7815.092102868727,226.2599639892578,128.93621826171875,56.98587894439697,0.06861228495836258,0.0390993133187294
56,1550,8.836148262023926,0.1570134460926056,16.468692779541016,13.692442893981934,7823.396447213844,225.4966278076172,128.63548278808594,57.04541206359863,0.06869137287139893,0.03918527811765671
56.1,1550,9.34679889678955,0.19995833933353424,16.254636764526367,17.860849380493164,8039.432380019626,290.3216247558594,168.3424072265625,57.98479914665222,0.05552254617214203,0.03219463676214218
56.2,1550,10.59691047668457,0.2221422642469406,16.17445182800293,20.5465030670166,8537.87313915469,332.32843017578125,198.6138458251953,59.7643256187439,0.05335434153676033,0.031886860728263855
56.3,1550,11.710624694824219,0.23002716898918152,16.153541564941406,21.638473510742188,8915.591415753885,349.5379943847656,214.76223754882812,61.44174337387085,0.05452832579612732,0.033503152430057526
56.4,1550,12.30229663848877,0.23422181606292725,16.14238739013672,22.181472778320312,9143.923583304819,358.0619201660156,224.27896118164062,62.63692378997803,0.05485265329480171,0.03435801342129707
56.5,1550,12.699588775634766,0.22983236610889435,16.13706398010254,22.441743850708008,9269.674250755437,362.14385986328125,223.1024169921875,61.606019735336304,0.056922685354948044,0.03506780043244362
56.6,1550,13.012001037597656,0.23280781507492065,16.134103775024414,22.58164405822754,9334.856476319459,364.3345947265625,227.57984924316406,62.46452331542969,0.057175539433956146,0.03571442514657974
56.7,1550,13.068872451782227,0.2361440509557724,16.132339477539062,22.677001953125,9368.348955505859,365.8330993652344,231.66940307617188,63.326531648635864,0.056411731988191605,0.03572359308600426
56.8,1550,13.089044570922852,0.2319738268852234,16.13089942932129,22.7329044342041,9383.729594397162,366.70220947265625,227.9518280029297,62.16265559196472,0.05742022022604942,0.0356939360499382
56.9,1550,13.1858549118042,0.23229263722896576,16.130016326904297,22.75469970703125,9391.293728374627,367.03369140625,228.44911193847656,62.2420072555542,0.057718999683856964,0.03592546284198761
57,1550,13.124054908752441,0.23597584664821625,16.131296157836914,22.730222702026367,9395.370130981993,366.66796875,232.172119140625,63.31944465637207,0.056527264416217804,0.0357927531003952
57.1,1550,13.098898887634277,0.23179686069488525,16.131155014038086,22.737565994262695,9397.537723389312,366.783203125,228.1131134033203,62.192898988723755,0.05742282420396805,0.035712920129299164
57.2,1550,13.203044891357422,0.23146776854991913,16.129928588867188,22.75271987915039,9398.696414893951,366.999755859375,227.8173370361328,62.07560896873474,0.05795452371239662,0.0359756238758564
57.3,1550,13.189727783203125,0.23633909225463867,16.12856101989746,22.786285400390625,9398.655615897309,367.5099792480469,232.61082458496094,63.29374313354492,0.056702982634305954,0.03588943928480148
57.4,1550,13.169564247131348,0.23301345109939575,16.128902435302734,22.7982234954834,9398.44287827196,367.7103271484375,229.33245849609375,62.367695569992065,0.057425644248723984,0.035815052688121796
57.5,1550,13.245935440063477,0.23222479224205017,16.128938674926758,22.7831974029541,9395.244236935212,367.4687805175781,228.4784698486328,62.17629313468933,0.057974547147750854,0.03604642301797867
57.6,1550,13.23361873626709,0.23675276339054108,16.12944984436035,22.76413345336914,9390.57799740496,367.1729431152344,232.8177032470703,63.40818405151367,0.05684112012386322,0.036041922867298126
57.7,1550,13.174774169921875,0.2331114560365677,16.128389358520508,22.801328659057617,9385.437906670852,367.74871826171875,229.11143493652344,62.301087379455566,0.05750378221273422,0.03582547977566719
57.8,1550,13.26574420928955,0.23401108384132385,16.12837028503418,22.819293975830078,9382.303378043112,368.03802490234375,229.9188232421875,62.47148513793945,0.057697512209415436,0.036044493317604065
57.9,1550,13.202656745910645,0.2369428277015686,16.127748489379883,22.826425552368164,9379.831541689404,368.13885498046875,232.7379608154297,63.220155239105225,0.056727562099695206,0.035863254219293594
58,1550,13.184320449829102,0.2319212257862091,16.12831687927246,22.811647415161133,9381.141189481617,367.9134826660156,227.8372802734375,61.926865577697754,0.05786726623773575,0.0358353815972805
58.1,1550,13.223769187927246,0.2346784770488739,16.127796173095703,22.821529388427734,9387.951124864012,368.06097412109375,230.7133331298828,62.683457136154175,0.05731688439846039,0.03592820093035698
58.2,1550,13.182746887207031,0.23662780225276947,16.1287841796875,22.810728073120117,9391.17949118403,367.9093017578125,232.709716796875,63.25192451477051,0.05664888769388199,0.0358315110206604
58.3,1550,13.27200698852539,0.2325616478919983,16.128162384033203,22.81631088256836,9380.831699949946,367.98516845703125,228.45889282226562,62.08372116088867,0.058093633502721786,0.0360666885972023
58.4,1550,13.31187915802002,0.23705700039863586,16.12666893005371,22.857683181762695,9370.95251433444,368.6182861328125,232.6296844482422,63.10855746269226,0.057223476469516754,0.036112911999225616
58.5,1550,13.21843433380127,0.235679492354393,16.125961303710938,22.886167526245117,9368.527305405465,369.06146240234375,231.21804809570312,62.65028715133667,0.05716869607567787,0.03581634908914566
58.6,1550,13.293176651000977,0.2338048815727234,16.12668800354004,22.865419387817383,9367.251462496182,368.7434997558594,229.34768676757812,62.19708323478699,0.05796080455183983,0.03604992851614952
58.7,1550,13.253817558288574,0.23802439868450165,16.12643814086914,22.867998123168945,9366.7315667104,368.77935791015625,233.47381591796875,63.309890031814575,0.05676789954304695,0.035939693450927734
58.8,1550,13.25228500366211,0.23330232501029968,16.126026153564453,22.885147094726562,9365.788527045155,369.0464782714844,228.8189697265625,62.00275421142578,0.05791602283716202,0.03590952977538109
58.9,1550,13.26016616821289,0.2352919727563858,16.126760482788086,22.8787841796875,9369.403318147653,368.9606628417969,230.8594512939453,62.57020831108093,0.05743826553225517,0.03593923896551132
59,1550,13.166948318481445,0.2360827922821045,16.127399444580078,22.865917205810547,9377.0805236301,368.7677917480469,231.82518005371094,62.86481022834778,0.05679688602685928,0.03570525720715523
59.1,1550,13.143282890319824,0.23155415058135986,16.128101348876953,22.83156967163086,9385.462386068837,368.2298583984375,227.58145141601562,61.80418133735657,0.05775199458003044,0.03569314628839493
59.2,1550,13.153421401977539,0.23389828205108643,16.129682540893555,22.78983497619629,9398.04887653296,367.5928039550781,230.1936492919922,62.621915340423584,0.05714067816734314,0.0357825867831707
59.3,1550,13.05709171295166,0.23634999990463257,16.130859375,22.764495849609375,9410.672086094059,367.21087646484375,232.91897583007812,63.42921257019043,0.05605851486325264,0.035557474941015244
59.4,1550,13.019246101379395,0.23105129599571228,16.13149070739746,22.754718780517578,9419.01548090739,367.0675354003906,227.89906311035156,62.08640933036804,0.057127248495817184,0.03546825796365738
59.5,1550,13.084872245788574,0.23030780255794525,16.131555557250977,22.75860595703125,9425.617341406909,367.1317138671875,227.32493591308594,61.91917657852173,0.05756021663546562,0.03564080968499184
59.6,1550,13.0973539352417,0.2349311262369156,16.13193130493164,22.75067710876465,9428.451123145114,367.0123596191406,231.95809936523438,63.20171356201172,0.056464310735464096,0.03568641096353531
59.7,1550,13.017666816711426,0.23469288647174835,16.131879806518555,22.731462478637695,9428.428975118366,366.70123291015625,231.72232055664062,63.191044330596924,0.05617786943912506,0.03549938276410103
59.8,1550,13.011468887329102,0.22984682023525238,16.132936477661133,22.702354431152344,9428.352039867556,366.2556457519531,226.9357452392578,61.96102499961853,0.05733547732234001,0.035525646060705185
59.9,1550,13.089747428894043,0.23261454701423645,16.13222885131836,22.703266143798828,9429.574844081204,366.2542724609375,229.69821166992188,62.715500593185425,0.056986719369888306,0.035739507526159286
60,1550,13.058760643005371,0.2355290949344635,16.131729125976562,22.712987899780273,9429.779421907224,366.3997802734375,232.5812530517578,63.47745656967163,0.05614708736538887,0.03564074635505676
60.1,1550,13.019025802612305,0.23243027925491333,16.131189346313477,22.73099708557129,9429.999153646282,366.6780090332031,229.52658081054688,62.59621977806091,0.05672121420502663,0.03550533577799797
60.2,1550,13.047005653381348,0.2299097329378128,16.13195037841797,22.71909523010254,9433.405287023097,366.5033264160156,227.11952209472656,61.969298124313354,0.057445548474788666,0.03559860214591026
60.3,1550,13.093031883239746,0.23327143490314484,16.1322078704834,22.71209144592285,9434.770887724993,366.39617919921875,230.47378540039062,62.902891635894775,0.056809201836586,0.0357346311211586
60.4,1550,13.032608985900879,0.2355915904045105,16.13213348388672,22.709110260009766,9430.18508050241,366.3464050292969,232.65298461914062,63.50628137588501,0.056017372757196426,0.03557455167174339
60.5,1550,13.074350357055664,0.23069000244140625,16.131074905395508,22.71158218383789,9423.40661863171,366.36224365234375,227.64877319335938,62.13762164115906,0.057432111352682114,0.03568694740533829
60.6,1550,13.225748062133789,0.232261523604393,16.129404067993164,22.75242805480957,9410.313637766416,366.98309326171875,228.88113403320312,62.368303537368774,0.05778435245156288,0.03603912144899368
60.7,1550,13.153401374816895,0.2366826981306076,16.12839698791504,22.78656005859375,9400.43503499372,367.51068115234375,232.9931182861328,63.397639989852905,0.05645403638482094,0.03579052910208702
60.8,1550,13.112470626831055,0.2322414070367813,16.128643035888672,22.786924362182617,9399.010567168096,367.52215576171875,228.58641052246094,62.196630239486694,0.057363297790288925,0.035678040236234665
60.9,1550,13.190633773803711,0.23292872309684753,16.129079818725586,22.78636932373047,9399.204653823552,367.5231628417969,229.26763916015625,62.38182187080383,0.05753377825021744,0.0358906164765358
61,1650,13.137578010559082,0.23701152205467224,16.128192901611328,22.803407669067383,9399.399323321815,367.77777099609375,233.29110717773438,63.43262791633606,0.056314099580049515,0.035721514374017715
61.1,1650,13.748000144958496,0.279255747795105,15.871028900146484,27.788318634033203,9579.664444400136,441.0292053222656,280.143798828125,63.52046728134155,0.049074795097112656,0.031172538176178932
61.2,1650,14.958887100219727,0.299496591091156,15.766745567321777,31.177631378173828,10005.755759946762,491.5697937011719,313.8126220703125,63.83887529373169,0.0476682148873806,0.030430851504206657
61.3,1650,16.080181121826172,0.30648520588874817,15.744274139404297,32.48517608642578,10319.902205663682,511.45550537109375,331.21783447265625,64.75985050201416,0.048548657447099686,0.03144003823399544
61.4,1650,16.519207000732422,0.30738601088523865,15.737752914428711,33.00046920776367,10511.334594965785,519.3532104492188,338.3534240722656,65.14899730682373,0.04882234334945679,0.03180726617574692
61.5,1650,16.757930755615234,0.30722299218177795,15.734832763671875,33.22886657714844,10620.284235599142,522.8506469726562,341.67913818359375,65.349280834198,0.04904581233859062,0.03205108642578125
61.6,1650,16.810997009277344,0.30666154623031616,15.73347282409668,33.33396530151367,10681.249593438784,524.4590454101562,343.0125427246094,65.40311574935913,0.049009859561920166,0.03205397352576256
61.7,1650,16.831562042236328,0.3056522607803345,15.732836723327637,33.38673782348633,10715.242151755456,525.26806640625,342.9716491699219,65.2945876121521,0.049075666815042496,0.03204375505447388
61.8,1650,16.82489013671875,0.30478209257125854,15.731634140014648,33.43025588989258,10729.428545730761,525.9125366210938,342.4480285644531,65.1150107383728,0.04913122206926346,0.03199180215597153
61.9,1650,16.815114974975586,0.3046066462993622,15.72997760772705,33.47035217285156,10735.192861113495,526.4879150390625,342.43475341796875,65.04133939743042,0.04910457879304886,0.03193827345967293
62,1650,16.90284538269043,0.3049212396144867,15.728808403015137,33.50766372680664,10735.402684524799,527.03564453125,342.7951354980469,65.0421142578125,0.049308884888887405,0.032071541994810104
62.1,1650,17.084325790405273,0.3064861297607422,15.726561546325684,33.56954574584961,10731.25051235224,527.9335327148438,344.4211120605469,65.23948907852173,0.049603015184402466,0.0323607511818409
62.2,1650,17.195594787597656,0.3072999119758606,15.725581169128418,33.59571838378906,10727.747627069102,528.3121948242188,345.222900390625,65.34448862075806,0.049810122698545456,0.032548170536756516
62.3,1650,17.265642166137695,0.30837881565093994,15.724135398864746,33.62101745605469,10724.475547538397,528.6614379882812,346.32928466796875,65.51060080528259,0.04985325410962105,0.03265916556119919
62.4,1650,17.250591278076172,0.3087734878063202,15.724842071533203,33.611907958984375,10725.295024528095,528.5419311523438,346.79901123046875,65.61428904533386,0.049742329865694046,0.0326380729675293
62.5,1650,17.149980545043945,0.3083340525627136,15.724712371826172,33.60636520385742,10726.198430882316,528.450439453125,346.33465576171875,65.5377745628357,0.04951852560043335,0.03245333954691887
62.6,1650,17.00008773803711,0.3074173927307129,15.726131439208984,33.57805633544922,10729.170929209105,528.0529174804688,345.40069580078125,65.41024446487427,0.049218449741601944,0.03219391033053398
62.7,1650,16.911319732666016,0.3064259886741638,15.727150917053223,33.5526237487793,10733.004869207856,527.6871948242188,344.4098205566406,65.26780128479004,0.049102313816547394,0.032048001885414124
62.8,1650,16.881031036376953,0.3059735894203186,15.726627349853516,33.56169128417969,10734.797693688875,527.8121948242188,343.95880126953125,65.1668906211853,0.04907864332199097,0.03198302537202835
62.9,1650,16.876340866088867,0.30566689372062683,15.727056503295898,33.55495071411133,10737.373858905426,527.7205810546875,343.6965026855469,65.128493309021,0.04910245165228844,0.03197968751192093
63,1650,16.881101608276367,0.3054957687854767,15.727965354919434,33.53800582885742,10740.565506128465,527.484619140625,343.6061706542969,65.14051556587219,0.04912921413779259,0.032003022730350494
63.1,1650,16.984458923339844,0.3061022460460663,15.72884464263916,33.5045280456543,10742.789634288276,526.9874877929688,344.359619140625,65.3449296951294,0.049321867525577545,0.032229337841272354
63.2,1650,17.041135787963867,0.3064054846763611,15.729736328125,33.47803497314453,10746.093187330676,526.6006469726562,344.8067321777344,65.47784209251404,0.04942227900028229,0.03236064314842224
63.3,1650,17.048534393310547,0.30641183257102966,15.731017112731934,33.430816650390625,10750.814214084989,525.9007568359375,344.9653625488281,65.59514999389648,0.049421001225709915,0.03241777792572975
63.4,1650,16.991626739501953,0.3058754801750183,15.732975959777832,33.390254974365234,10757.787345453951,525.3280639648438,344.58489990234375,65.59422612190247,0.04931042343378067,0.032344792038202286
63.5,1650,16.954267501831055,0.30582958459854126,15.735013008117676,33.336307525634766,10764.84790324429,524.5472412109375,344.7593078613281,65.7251238822937,0.04917711019515991,0.03232171759009361
63.6,1650,16.921152114868164,0.3057389259338379,15.736433982849121,33.30120849609375,10771.216043777331,524.0422973632812,344.8609924316406,65.80786108970642,0.049066584557294846,0.032289668917655945
63.7,1650,17.0645809173584,0.30638641119003296,15.73392391204834,33.3397216796875,10766.647721839021,524.5646362304688,345.44476318359375,65.85361361503601,0.04939886927604675,0.03253094106912613
63.8,1650,17.023897171020508,0.306189626455307,15.73050594329834,33.41204833984375,10754.040831876579,525.5884399414062,344.81866455078125,65.6062126159668,0.04937057942152023,0.03239016607403755
63.9,1650,16.888080596923828,0.30592548847198486,15.73154067993164,33.42540740966797,10754.48495809717,525.8331298828125,344.5354309082031,65.52181839942932,0.04901696369051933,0.03211680427193642
64,1650,16.81806755065918,0.30561405420303345,15.733086585998535,33.38999557495117,10759.573175821262,525.3276977539062,344.3475341796875,65.54909348487854,0.04884038865566254,0.03201443329453468
64.1,1650,16.73104476928711,0.30496805906295776,15.734624862670898,33.33476638793945,10767.960283845283,524.5100708007812,343.88751220703125,65.56357145309448,0.04865266755223274,0.03189842775464058
64.2,1650,16.685409545898438,0.3045641779899597,15.735525131225586,33.29108810424805,10773.41918959601,523.852783203125,343.606201171875,65.59213399887085,0.04855968803167343,0.03185133635997772
64.3,1650,16.580965042114258,0.3036406636238098,15.736382484436035,33.276248931884766,10777.25196390914,523.6477661132812,342.6861877441406,65.44211506843567,0.04838527366518974,0.031664345413446426
64.4,1650,16.605865478515625,0.30313727259635925,15.735963821411133,33.276268005371094,10776.932566049712,523.6341552734375,342.10791015625,65.3333842754364,0.04853984713554382,0.03171272575855255
64.5,1650,16.64655113220215,0.3033941388130188,15.7346830368042,33.311065673828125,10774.403028257897,524.1390380859375,342.31744384765625,65.31042456626892,0.04862898960709572,0.031759798526763916
64.6,1650,16.70237922668457,0.3038623332977295,15.733566284179688,33.33306884765625,10770.243861971627,524.4480590820312,342.7133483886719,65.34743309020996,0.048735711723566055,0.03184753656387329
64.7,1650,16.81138801574707,0.3044438660144806,15.729194641113281,33.434974670410156,10756.82099207634,525.9052124023438,342.9412841796875,65.20971655845642,0.04902118444442749,0.03196657449007034
64.8,1650,16.961122512817383,0.30600374937057495,15.723213195800781,33.575645446777344,10736.049640042982,527.9170532226562,344.0328063964844,65.16796946525574,0.04930088669061661,0.032128386199474335
64.9,1650,17.051673889160156,0.3078218996524811,15.722259521484375,33.62881088256836,10727.185766601058,528.7208862304688,345.79119873046875,65.40146470069885,0.0493120513856411,0.03225080296397209
65,1650,17.129749298095703,0.30882856249809265,15.724270820617676,33.586971282958984,10730.603556834058,528.130615234375,347.0325622558594,65.70960879325867,0.04936064034700394,0.03243468329310417
65.1,1650,17.158077239990234,0.30890244245529175,15.725594520568848,33.55967712402344,10733.1855504787,527.745849609375,347.1990966796875,65.78906774520874,0.049418553709983826,0.03251200541853905
65.2,1650,17.11929702758789,0.308620810508728,15.72554874420166,33.542701721191406,10734.413017434821,527.4774169921875,346.9222412109375,65.77006578445435,0.049346208572387695,0.03245503455400467
65.3,1650,17.041481018066406,0.30806267261505127,15.723621368408203,33.578102111816406,10738.115234958697,527.9693603515625,346.41424560546875,65.61256647109985,0.049193937331438065,0.03227740526199341
65.4,1650,17.007253646850586,0.30767619609832764,15.721116065979004,33.64085388183594,10737.57668820302,528.8717651367188,345.9623107910156,65.41516184806824,0.04915926605463028,0.03215761482715607
65.5,1650,16.918840408325195,0.30695271492004395,15.721517562866211,33.6389274597168,10741.34651549276,528.85498046875,345.2699890136719,65.28632640838623,0.049001771956682205,0.03199145570397377
65.6,1650,16.888965606689453,0.30626919865608215,15.722546577453613,33.629600524902344,10747.413909136265,528.7429809570312,344.69573974609375,65.19154906272888,0.048996735364198685,0.0319417305290699
65.7,1650,16.814346313476562,0.3054580092430115,15.722330093383789,33.62777328491211,10749.459687396467,528.7069702148438,343.84820556640625,65.03568887710571,0.04890049248933792,0.031802769750356674
65.8,1650,16.78337860107422,0.30537694692611694,15.723548889160156,33.61314392089844,10752.210705455771,528.5178833007812,343.8449401855469,65.05833268165588,0.048810891807079315,0.03175555169582367
65.9,1650,16.880115509033203,0.3055597245693207,15.722729682922363,33.61033248901367,10753.804197696054,528.4461669921875,344.1017150878906,65.1157557964325,0.04905559495091438,0.03194292262196541
66,1750,16.94602394104004,0.30565956234931946,15.724154472351074,33.577720642089844,10756.810500905776,527.9812622070312,344.3103942871094,65.2126133441925,0.04921729117631912,0.032095879316329956
66.1,1750,17.522443771362305,0.344154953956604,15.43189525604248,39.223270416259766,10922.987145600731,605.2894287109375,393.6625061035156,65.0370717048645,0.0445113331079483,0.028948869556188583
66.2,1750,18.842226028442383,0.36605146527290344,15.301637649536133,43.27956008911133,11293.038707888045,662.2481689453125,432.8940124511719,65.36734104156494,0.04352618753910065,0.028451912105083466
66.3,1750,19.690824508666992,0.37441250681877136,15.265376091003418,45.0230598449707,11566.079581645132,687.2939453125,453.4873046875,65.98156690597534,0.04342089220881462,0.028649786487221718
66.4,1750,20.15011215209961,0.3766013979911804,15.251557350158691,45.809383392333984,11730.56015376539,698.6644287109375,462.6252136230469,66.21565222740173,0.04355601966381073,0.02884090133011341
66.5,1750,20.3870906829834,0.3775573968887329,15.241742134094238,46.23611831665039,11821.63167407013,704.718994140625,467.40032958984375,66.32435917854309,0.04361804947257042,0.028929390013217926
66.6,1750,20.552318572998047,0.37779030203819275,15.234976768493652,46.5026969909668,11868.01430482423,708.467529296875,469.5236511230469,66.2731409072876,0.04377270117402077,0.029009543359279633
66.7,1750,20.71099281311035,0.37821996212005615,15.231188774108887,46.639095306396484,11891.702202274697,710.3688354492188,470.995849609375,66.30299687385559,0.04397277161478996,0.029155265539884567
66.8,1750,20.846359252929688,0.3791689872741699,15.226228713989258,46.765079498291016,11897.404736319659,712.0557861328125,472.40411376953125,66.34369492530823,0.044128235429525375,0.029276300221681595
66.9,1750,20.93286895751953,0.38073840737342834,15.22388744354248,46.859283447265625,11898.02488106862,713.3804321289062,474.3841552734375,66.49805903434753,0.04412640631198883,0.02934320457279682
67,1750,20.950742721557617,0.3815308213233948,15.223616600036621,46.88264846801758,11901.172232238163,713.7234497070312,475.4972229003906,66.62205457687378,0.04406070336699486,0.029354145750403404
67.1,1750,20.964414596557617,0.3820343613624573,15.222369194030762,46.92149353027344,11901.362238993954,714.2562866210938,476.13238525390625,66.66128039360046,0.04403064399957657,0.029351389035582542
67.2,1750,20.900712966918945,0.38145753741264343,15.222050666809082,46.92989730834961,11901.443836987239,714.3692626953125,475.416748046875,66.5505588054657,0.043962929397821426,0.029257575049996376
67.3,1750,20.883882522583008,0.3811226785182953,15.222513198852539,46.93623733520508,11900.07299070006,714.4874877929688,474.9447021484375,66.47347807884216,0.043971188366413116,0.02922917902469635
67.4,1750,20.9530086517334,0.3811775743961334,15.22031307220459,46.99348068237305,11893.471713043351,715.2554931640625,474.7496032714844,66.37482643127441,0.04413486272096634,0.029294438660144806
67.5,1750,21.04996109008789,0.38241273164749146,15.21653938293457,47.07204055786133,11883.689279334167,716.2735595703125,475.8962097167969,66.44056439399719,0.04423225298523903,0.02938815951347351
67.6,1750,21.078981399536133,0.3839948773384094,15.215291976928711,47.129703521728516,11878.493818533187,717.0922241210938,477.6562194824219,66.61015152931213,0.044130027294158936,0.029395079240202904
67.7,1750,21.01759147644043,0.3842163383960724,15.215912818908691,47.122283935546875,11877.58691512211,717.008544921875,477.89520263671875,66.65125489234924,0.043979499489068985,0.02931288816034794
67.8,1750,20.853673934936523,0.3830612301826477,15.219071388244629,47.061161041259766,11886.51023853057,716.2271728515625,476.81640625,66.57334566116333,0.04373522847890854,0.029116004705429077
67.9,1750,20.80795669555664,0.3810391128063202,15.224395751953125,46.9333610534668,11900.243180800338,714.5320434570312,474.84735107421875,66.45570993423462,0.04382030665874481,0.029121095314621925
68,1750,20.828174591064453,0.37991487979888916,15.22570514678955,46.869815826416016,11906.785008490513,713.6259765625,473.70660400390625,66.38023257255554,0.04396851360797882,0.029186401516199112
68.1,1750,20.899797439575195,0.38014253973960876,15.225120544433594,46.86713409423828,11906.954032905172,713.5577392578125,473.9971923828125,66.42730236053467,0.04409266263246536,0.029289565980434418
68.2,1750,20.967256546020508,0.3812369704246521,15.225608825683594,46.86140823364258,11908.109227352958,713.4934692382812,475.407958984375,66.63101315498352,0.0441037155687809,0.02938675321638584
68.3,1750,20.96184539794922,0.3817729353904724,15.224080085754395,46.87825012207031,11905.646133641387,713.67822265625,475.97784423828125,66.69361591339111,0.044039539992809296,0.029371563345193863
68.4,1750,20.95328712463379,0.3820888102054596,15.22088623046875,46.946533203125,11895.309999263487,714.56787109375,475.95806884765625,66.60782098770142,0.044023387134075165,0.029323020949959755
68.5,1750,20.881574630737305,0.38214796781539917,15.219618797302246,46.98710250854492,11888.55251973392,715.1257934570312,475.7613525390625,66.52834415435791,0.04389085993170738,0.029199862852692604
68.6,1750,20.825246810913086,0.38146185874938965,15.220951080322266,46.9710578918457,11891.612444482083,714.9441528320312,475.0293884277344,66.44286513328552,0.04383991286158562,0.02912849374115467
68.7,1750,20.83268928527832,0.3808673024177551,15.224576950073242,46.89757537841797,11902.948737120527,713.9957275390625,474.74114990234375,66.49075150489807,0.043882206082344055,0.029177609831094742
68.8,1750,20.910850524902344,0.3818695843219757,15.224738121032715,46.87514114379883,11904.938562471048,713.6617431640625,476.0700378417969,66.70807600021362,0.04392389580607414,0.029300786554813385
68.9,1750,20.88678550720215,0.38279852271080017,15.22313404083252,46.899658203125,11899.920285884056,713.9597778320312,477.0269470214844,66.81426167488098,0.04378533735871315,0.029254848137497902
69,1750,20.80514144897461,0.3825708329677582,15.223156929016113,46.89543914794922,11899.647515449362,713.8966064453125,476.7322998046875,66.77889823913574,0.043641142547130585,0.0291430726647377
69.1,1750,20.779170989990234,0.38175007700920105,15.223148345947266,46.89582824707031,11898.316302473208,713.9021606445312,475.65631103515625,66.62766337394714,0.04368526488542557,0.029106469824910164
69.2,1750,20.811626434326172,0.3807918429374695,15.222607612609863,46.910823822021484,11897.912975249259,714.1050415039062,474.4462890625,66.43928289413452,0.043865084648132324,0.029143648222088814
69.3,1750,20.90589714050293,0.3803466856479645,15.221678733825684,46.930946350097656,11895.414910969139,714.3677978515625,473.7921447753906,66.32328033447266,0.04412461817264557,0.029264893382787704
69.4,1750,20.840421676635742,0.3804883658885956,15.224137306213379,46.88261032104492,11900.316618994295,713.747314453125,474.1639404296875,66.4330244064331,0.04395193234086037,0.029198599979281425
69.5,1750,20.83812141418457,0.37978577613830566,15.226598739624023,46.814361572265625,11908.89723083096,712.823486328125,473.629638671875,66.44416451454163,0.0439966581761837,0.029233213514089584
69.6,1750,20.83443832397461,0.37981709837913513,15.226665496826172,46.79531478881836,11909.000976850994,712.53662109375,473.6728210449219,66.47697687149048,0.04398487135767937,0.02923981472849846
69.7,1750,20.837440490722656,0.3797733187675476,15.2238130569458,46.839500427246094,11901.026521535869,713.0758056640625,473.30108642578125,66.37458205223083,0.044025763869285583,0.02922191470861435
69.8,1750,20.886072158813477,0.37929561734199524,15.22181224822998,46.88508224487305,11893.546316922924,713.6759033203125,472.40863037109375,66.19371771812439,0.04421187937259674,0.02926548570394516
69.9,1750,20.874839782714844,0.3793356418609619,15.223052978515625,46.86873245239258,11894.426409564778,713.4851684570312,472.4934387207031,66.22329950332642,0.04418016970157623,0.02925756573677063
70,1750,20.97934913635254,0.38134223222732544,15.220276832580566,46.90883255004883,11887.251614583842,713.9653930664062,474.7062683105469,66.48869514465332,0.04419437795877457,0.02938426472246647
70.1,1750,20.902923583984375,0.3828614354133606,15.2191801071167,46.95215606689453,11881.423186492097,714.5733032226562,476.3637390136719,66.66408181190491,0.043880172073841095,0.029252314940094948
70.2,1750,20.808610916137695,0.3823266923427582,15.220073699951172,46.938507080078125,11885.977520202985,714.4075317382812,475.8807678222656,66.61194562911987,0.04372652247548103,0.029127087444067
70.3,1750,20.739944458007812,0.3810842037200928,15.221882820129395,46.89704132080078,11890.989968361886,713.8612670898438,474.5342712402344,66.47430062294006,0.04370589554309845,0.029053186997771263
70.4,1750,20.73378562927246,0.3798333406448364,15.222909927368164,46.867801666259766,11895.482520735002,713.4642944335938,473.1553649902344,66.31801128387451,0.04382024705410004,0.029060717672109604
70.5,1750,20.77014923095703,0.38005101680755615,15.224571228027344,46.81949234008789,11900.304962138112,712.8067016601562,473.6184387207031,66.44416451454163,0.043854180723428726,0.02913854457437992
70.6,1750,20.89332389831543,0.3810584545135498,15.223637580871582,46.82903289794922,11896.387092774841,712.908203125,474.7175598144531,66.58887267112732,0.04401211440563202,0.02930717170238495
70.7,1750,20.94190788269043,0.3827221095561981,15.219413757324219,46.919979095458984,11884.211506491187,714.0946044921875,476.3021545410156,66.7001485824585,0.04396769404411316,0.02932651899755001
70.8,1750,20.924665451049805,0.3831913471221924,15.217185974121094,46.97544479370117,11874.74147652772,714.8341064453125,476.506103515625,66.65968298912048,0.04391269013285637,0.029272058978676796
70.9,1750,20.869138717651367,0.3823913037776947,15.216464042663574,46.99503707885742,11872.727171779214,715.0982666015625,475.4305725097656,66.48464798927307,0.043895237147808075,0.02918359450995922
71,1750,20.92499351501465,0.3820264935493469,15.216121673583984,47.006378173828125,11870.286226094393,715.2547607421875,474.8793640136719,66.3930356502533,0.044063810259103775,0.029255300760269165
71.1,1750,21.02094078063965,0.38349828124046326,15.214310646057129,47.053340911865234,11864.700260611264,715.8841552734375,476.4845275878906,66.5588915348053,0.044116731733083725,0.029363607987761497
71.2,1750,21.024986267089844,0.3844037652015686,15.211174964904785,47.125579833984375,11855.97743512916,716.83544921875,477.2584228515625,66.57851934432983,0.04405367001891136,0.029330283403396606
71.3,1750,20.93404197692871,0.38394418358802795,15.21025562286377,47.16142654418945,11852.312519545072,717.3373413085938,476.5404968261719,66.43185019493103,0.04392920061945915,0.029182979837059975
71.4,1750,20.923566818237305,0.3827493488788605,15.21264934539795,47.10435104370117,11856.768935664018,716.5819702148438,475.2361145019531,66.31985306739807,0.04402773082256317,0.02919912524521351
71.5,1750,20.98587989807129,0.382926881313324,15.21385669708252,47.066043853759766,11859.272828372232,716.0560302734375,475.55694580078125,66.41337275505066,0.044129058718681335,0.029307594522833824
71.6,1750,20.938817977905273,0.38392212986946106,15.214086532592773,47.051795959472656,11860.079482820129,715.85009765625,476.82537841796875,66.60966873168945,0.043912969529628754,0.029250282794237137
71.7,1750,20.849775314331055,0.3825170695781708,15.216071128845215,46.99928665161133,11866.469771379918,715.1444702148438,475.3363037109375,66.46716594696045,0.0438632108271122,0.029154634103178978
71.8,1000,20.80727195739746,0.34518909454345703,15.463561058044434,42.87194061279297,11834.70600396553,662.952880859375,427.8023376464844,64.52983021736145,0.04863758385181427,0.03138574957847595
71.9,1000,16.862716674804688,0.1617070734500885,16.380067825317383,22.59697151184082,10534.309092817823,370.1399230957031,178.38720703125,48.194530606269836,0.09452873468399048,0.04555768147110939
72,1000,11.650754928588867,0.05485186353325844,16.711214065551758,11.63656997680664,8534.560843470152,194.46121215820312,49.02314758300781,25.209730863571167,0.23765824735164642,0.05991300195455551
72.1,,7.555878639221191,0.004726298153400421,16.84697151184082,6.004548072814941,6640.839860910639,101.158447265625,3.2867958545684814,3.249156102538109,2.298858404159546,0.07469350099563599
72.2,,4.782229423522949,-0.021553590893745422,16.9111385345459,3.080792188644409,5066.744046474286,52.09970474243164,-11.436080932617188,-21.95037603378296,-0.418170303106308,0.09178995341062546
72.3,,2.9399631023406982,-0.031297530978918076,16.94327163696289,1.5770528316497803,3807.3900516844265,26.720434188842773,-12.478606224060059,-46.70060873031616,-0.2356002926826477,0.1100267693400383
72.4,,1.7587109804153442,-0.0341988131403923,16.95970344543457,0.7975529432296753,2813.1045152863608,13.526261329650879,-10.074546813964844,-74.4813859462738,-0.1745697408914566,0.13002195954322815
72.5,,1.032563328742981,-0.031765542924404144,16.968210220336914,0.3703785538673401,2042.7911908052004,6.284661293029785,-6.795303821563721,-108.12522172927856,-0.15195249021053314,0.16429896652698517
72.6,,0.5912562608718872,-0.027461886405944824,16.97268295288086,0.15471966564655304,1475.431455145795,2.6260077953338623,-4.243048667907715,-161.5779161453247,-0.13934703171253204,0.22515404224395752
72.7,,0.3335050642490387,-0.02221621200442314,16.9750919342041,0.04753273352980614,,0.806872546672821,NaN,NaN,NaN,0.4133305549621582
