Time (s),Powertrain 1 - ESC throttle (μs),Powertrain 1 - force Fz (thrust) (N),Powertrain 1 - torque MZ (torque) (N⋅m),Powertrain 1 - voltage (V),Powertrain 1 - current (A),Powertrain 1 - rotation speed (rpm),Powertrain 1 - electrical power (W),Powertrain 1 - mechanical power (W),Powertrain 1 - motor & ESC efficiency (%),Powertrain 1 - propeller efficiency (N/W),Powertrain 1 - powertrain efficiency (N/W)
0,1000,0.00006101834151195362,0.00004632521086023189,16.964649200439453,0.00022946395620238036,0,0.0038927756249904633,0,0,0,0.015674764290452003
0.1,1000,0.0001505542459199205,0.00002410500565019902,16.964656829833984,-0.0011835581390187144,0,-0.02007865719497204,0,0,0,-0.00749822286888957
0.2,1000,0.0005703524220734835,0.000017374502931488678,16.96465301513672,-0.005493198521435261,0,-0.09319020807743073,0,0,0,-0.006120304111391306
0.3,1000,0.0009848643094301224,-0.00018389328033663332,16.96466064453125,-0.006029099225997925,0,-0.10228162258863449,0,0,0,-0.009628946892917156
0.4,1000,0.0010448917746543884,-0.00012227908882778138,16.96462631225586,-0.00435250997543335,0,-0.07383870333433151,0,0,0,-0.014151003211736679
0.5,1000,0.0003080152382608503,-0.00009610483539290726,16.96457290649414,0.0021138463634997606,0,0.03586050122976303,0,0,0,0.008589262142777443
0.6,1000,0.0001225009182235226,-0.000025876128347590566,16.964584350585938,-0.004186601843684912,0,-0.07102396339178085,0,0,0,-0.0017247829819098115
0.7,1000,-0.0006309089949354529,-0.0000602417640038766,16.964603424072266,0.003495751181617379,0,0.05930403247475624,0,0,0,-0.010638551786541939
0.8,1000,-0.00028332151123322546,-0.000015298619473469444,16.96462059020996,0.004311643540859222,0,0.07314539700746536,0,0,0,-0.0038734017871320248
0.9,1000,-0.0001863609068095684,0.000008330058335559443,16.96461296081543,0.018202535808086395,0,0.30879896879196167,0,0,0,-0.0006035023252479732
1,1250,-0.0004157486546318978,-0.0000396001196349971,16.964597702026367,0.01127640251070261,0,0.19129963219165802,0,0,0,-0.0021732852328568697
1.1,1250,0.00011684796481858939,-0.012997941114008427,16.922657012939453,0.7043539881706238,0,11.919541358947754,0,0,0,0.000009803059583646245
1.2,1250,-0.027547014877200127,-0.0649181604385376,16.71499252319336,5.356400489807129,434.2172735644592,89.53219604492188,-2.951901912689209,-3.2970283180475235,0.009331954643130302,-0.00030767719727009535
1.3,1250,-0.3019945025444031,-0.09159941226243973,16.77669334411621,5.036900997161865,1438.8590888450162,84.5025405883789,-13.801921844482422,-16.333143413066864,0.021880611777305603,-0.0035737918224185705
1.4,1250,-0.5777208209037781,-0.08043771982192993,16.81204605102539,4.3641252517700195,2318.2068575882677,73.369873046875,-19.527225494384766,-26.614773273468018,0.029585400596261024,-0.007874087430536747
1.5,1250,-0.7599031329154968,-0.06423844397068024,16.834461212158203,3.7659409046173096,2878.624789679703,63.397586822509766,-19.364606857299805,-30.54470717906952,0.03924185782670975,-0.011986310593783855
1.6,1250,-0.8653565645217896,-0.054334402084350586,16.844541549682617,3.4350414276123047,3193.2337211657045,57.861698150634766,-18.16913414001465,-31.400969624519348,0.04762784019112587,-0.014955602586269379
1.7,1250,-0.9097828269004822,-0.04823841154575348,16.85007095336914,3.2222304344177246,3363.3101670968467,54.2948112487793,-16.989810943603516,-31.29177689552307,0.05354873463511467,-0.016756350174546242
1.8,1250,-0.9301760196685791,-0.04576639086008072,16.851207733154297,3.1312382221221924,3457.971416263292,52.76514434814453,-16.572830200195312,-31.40867054462433,0.056126564741134644,-0.017628606408834457
1.9,1250,-0.9383959770202637,-0.043943412601947784,16.852983474731445,3.064373254776001,3511.767807550091,51.64383316040039,-16.160253524780273,-31.291741132736206,0.05806814506649971,-0.018170533701777458
2,1250,-0.9361193180084229,-0.04305517300963402,16.853649139404297,3.029797315597534,3540.6540800155844,51.063140869140625,-15.96384334564209,-31.262949109077454,0.058639973402023315,-0.01833258382976055
2.1,1250,-0.923552930355072,-0.04296736791729927,16.85299301147461,3.024900436401367,3558.3984379194953,50.9786262512207,-16.01112937927246,-31.40753209590912,0.057681936770677567,-0.018116474151611328
2.2,1250,-0.92918860912323,-0.04215695336461067,16.85401153564453,2.9966237545013428,3567.452318117211,50.505130767822266,-15.749110221862793,-31.183186173439026,0.0589994378387928,-0.018397904932498932
2.3,1250,-0.9292386770248413,-0.04226084426045418,16.853784561157227,3.002613067626953,3571.700076510474,50.60539245605469,-15.806720733642578,-31.23524785041809,0.058787569403648376,-0.018362443894147873
2.4,1250,-0.9340394139289856,-0.042423002421855927,16.853479385375977,3.00616455078125,3574.139856509678,50.66433334350586,-15.87821102142334,-31.340017914772034,0.058825232088565826,-0.01843583770096302
2.5,1250,-0.9321472644805908,-0.04247047007083893,16.853271484375,3.008511543273926,3580.3031277952928,50.70326232910156,-15.923388481140137,-31.4050555229187,0.058539506047964096,-0.018384365364909172
2.6,1250,-0.9285211563110352,-0.041819941252470016,16.854084014892578,2.9965977668762207,3580.0769847853335,50.50490951538086,-15.678496360778809,-31.043508648872375,0.059222590178251266,-0.018384769558906555
2.7,1250,-0.9266384840011597,-0.041722025722265244,16.854272842407227,3.007692813873291,3579.679777410881,50.692474365234375,-15.64005184173584,-30.852806568145752,0.05924778804183006,-0.018279606476426125
2.8,1250,-0.9177283644676208,-0.04188985377550125,16.85403060913086,3.0090951919555664,3578.5143832139365,50.71538162231445,-15.69785213470459,-30.95284104347229,0.05846203491091728,-0.01809566095471382
2.9,1250,-0.9166837334632874,-0.041653189808130264,16.85402488708496,3.0091607570648193,3577.2944932143346,50.716468811035156,-15.603842735290527,-30.766814947128296,0.0587473064661026,-0.018074674531817436
3,1250,-0.9236239194869995,-0.0416652150452137,16.8537540435791,3.0115365982055664,3575.8318491847112,50.75569534301758,-15.60196590423584,-30.73934018611908,0.059199199080467224,-0.018197443336248398
3.1,1250,-0.9282963871955872,-0.041573960334062576,16.854097366333008,3.0131542682647705,3574.9363112084147,50.78399658203125,-15.563896179199219,-30.647245049476624,0.05964421480894089,-0.018279310315847397
3.2,1250,-0.9279152154922485,-0.04160207882523537,16.85417938232422,3.006474018096924,3574.7573784659985,50.671653747558594,-15.573643684387207,-30.734428763389587,0.059582412242889404,-0.01831231452524662
3.3,1250,-0.9303095936775208,-0.0416068360209465,16.854272842407227,2.9927330017089844,3575.547713315239,50.440338134765625,-15.57886791229248,-30.885732173919678,0.0597161240875721,-0.01844376139342785
3.4,1250,-0.9356761574745178,-0.04153883829712868,16.854238510131836,2.9860098361968994,3575.5281880811317,50.32692337036133,-15.553321838378906,-30.904576182365417,0.06015924736857414,-0.01859196089208126
3.5,1250,-0.9374459981918335,-0.04155055806040764,16.854244232177734,2.997415065765381,3576.1902975123535,50.5191650390625,-15.560591697692871,-30.801361799240112,0.060244880616664886,-0.018556244671344757
3.6,1250,-0.9483399987220764,-0.04157134145498276,16.854045867919922,3.0078814029693604,3576.710484719542,50.69497299194336,-15.570639610290527,-30.71436583995819,0.06090565398335457,-0.018706785514950752
3.7,1250,-0.9528053402900696,-0.04170376807451248,16.85401153564453,3.0054852962493896,3576.64812053896,50.654483795166016,-15.619967460632324,-30.836299061775208,0.06099918857216835,-0.018809892237186432
3.8,1250,-0.9598066210746765,-0.04171925410628319,16.85376739501953,3.003265619277954,3575.6721502549976,50.61634063720703,-15.621503829956055,-30.86256980895996,0.061441369354724884,-0.01896238699555397
3.9,1250,-0.9518330693244934,-0.0415959469974041,16.85426902770996,2.996089458465576,3574.9835214759582,50.49689865112305,-15.572333335876465,-30.838197469711304,0.06112334504723549,-0.018849337473511696
4,1250,-0.9519585371017456,-0.04154849052429199,16.85407257080078,3.0037739276885986,3574.6303187335984,50.625823974609375,-15.553030014038086,-30.72153329849243,0.06120727211236954,-0.018803812563419342
4.1,1250,-0.9487243294715881,-0.042185503989458084,16.853166580200195,3.0347063541412354,3578.1707973779285,51.144412994384766,-15.80712604522705,-30.9068500995636,0.06001877412199974,-0.018549911677837372
4.2,1250,-0.950482189655304,-0.041906461119651794,16.85354232788086,3.029918670654297,3581.9575271091344,51.06486129760742,-15.719185829162598,-30.782783031463623,0.060466375201940536,-0.018613232299685478
4.3,1250,-0.9508117437362671,-0.041723188012838364,16.853883743286133,3.0075511932373047,3582.557272359775,50.68891906738281,-15.653059959411621,-30.880635976791382,0.06074286624789238,-0.018757782876491547
4.4,1250,-0.9413467049598694,-0.041536904871463776,16.8539981842041,3.0040857791900635,3582.030091038877,50.630855560302734,-15.580880165100098,-30.7734876871109,0.06041678786277771,-0.0185923520475626
4.5,1250,-0.9280051589012146,-0.04155426472425461,16.854034423828125,2.9955267906188965,3579.2930612069936,50.48671340942383,-15.575481414794922,-30.85065484046936,0.059581153094768524,-0.01838117651641369
4.6,1250,-0.9281763434410095,-0.04151036962866783,16.854257583618164,3.0020384788513184,3577.8621821104707,50.597129821777344,-15.55280876159668,-30.738520622253418,0.05967901647090912,-0.018344447016716003
4.7,1250,-0.9193791151046753,-0.041550688445568085,16.85422706604004,2.9923181533813477,3577.807394886408,50.43320846557617,-15.567676544189453,-30.867907404899597,0.059056926518678665,-0.018229637295007706
4.8,1250,-0.9225664138793945,-0.0416082926094532,16.85388946533203,3.0024070739746094,3577.78845249511,50.602237701416016,-15.589176177978516,-30.807286500930786,0.05917993187904358,-0.01823173090815544
4.9,1250,-0.9141509532928467,-0.041463643312454224,16.854318618774414,2.9848625659942627,3578.102604769255,50.307823181152344,-15.536345481872559,-30.882561206817627,0.05883951112627983,-0.018171148374676704
5,1250,-0.9089498519897461,-0.04096335545182228,16.85467529296875,2.987236499786377,3577.6103940169073,50.348899841308594,-15.346776962280273,-30.48085868358612,0.059227410703897476,-0.018053023144602776
5.1,1250,-0.9182092547416687,-0.04125042259693146,16.854297637939453,2.993741750717163,3577.1936614083475,50.45741271972656,-15.452526092529297,-30.624887347221375,0.05942130461335182,-0.01819770783185959
5.2,1250,-0.926551878452301,-0.041437894105911255,16.853979110717773,3.017662763595581,3577.557063899868,50.85962677001953,-15.524330139160156,-30.52387833595276,0.05968385562300682,-0.01821782812476158
5.3,1250,-0.9375097155570984,-0.041639573872089386,16.85379409790039,3.034144401550293,3579.8161626282276,51.136844635009766,-15.60973834991455,-30.52542209625244,0.060059286653995514,-0.018333351239562035
5.4,1250,-0.9370644092559814,-0.04161185026168823,16.853803634643555,3.0139143466949463,3579.0199993508954,50.795921325683594,-15.59587574005127,-30.70300817489624,0.06008411571383476,-0.01844763197004795
5.5,1250,-0.928434431552887,-0.04152349755167961,16.854127883911133,2.9995172023773193,3580.213661424085,50.55424499511719,-15.567952156066895,-30.794548988342285,0.05963754281401634,-0.01836511306464672
5.6,1250,-0.9327406287193298,-0.04150644317269325,16.85388946533203,3.022355556488037,3579.233028397649,50.938446044921875,-15.557295799255371,-30.54136335849762,0.05995519086718559,-0.01831113174557686
5.7,1250,-0.9286231994628906,-0.04155076667666435,16.853660583496094,3.009274959564209,3579.033696156911,50.71730041503906,-15.573041915893555,-30.705583095550537,0.059630174189805984,-0.01830979250371456
5.8,1250,-0.9333537220954895,-0.04107987880706787,16.85455322265625,3.003448486328125,3576.6536575456475,50.62178421020508,-15.386316299438477,-30.394655466079712,0.06066128611564636,-0.018437787890434265
5.9,1250,-0.92429518699646,-0.04131641611456871,16.85389518737793,3.0145578384399414,3575.002463867256,50.80704116821289,-15.467766761779785,-30.44413924217224,0.059756215661764145,-0.018192265182733536
6,1300,-0.9342413544654846,-0.041395220905542374,16.854053497314453,3.0118956565856934,3577.7153057225587,50.76264953613281,-15.509028434753418,-30.55204749107361,0.0602385476231575,-0.01840410940349102
6.1,1300,-1.0312589406967163,-0.07258107513189316,16.787410736083984,4.271395206451416,3726.31632550686,71.7056655883789,-28.322509765625,-39.49828743934631,0.036411285400390625,-0.014381833374500275
6.2,1300,-1.2773517370224,-0.0822940394282341,16.77068328857422,4.967674732208252,4105.719600667377,83.3113021850586,-35.38231658935547,-42.47001111507416,0.03610141575336456,-0.015332275070250034
6.3,1300,-1.4701985120773315,-0.08084320276975632,16.773832321166992,5.0838704109191895,4375.683064392022,85.27599334716797,-37.044010162353516,-43.440139293670654,0.03968788683414459,-0.017240474000573158
6.4,1300,-1.5993725061416626,-0.07649433612823486,16.774799346923828,5.107869625091553,4529.6651804120265,85.68348693847656,-36.28474044799805,-42.34741032123566,0.04407837986946106,-0.01866605319082737
6.5,1300,-1.6130863428115845,-0.07358068227767944,16.775772094726562,5.097445487976074,4611.392564800082,85.51358032226562,-35.53239822387695,-41.55175983905792,0.045397620648145676,-0.018863510340452194
6.6,1300,-1.6381428241729736,-0.07290837913751602,16.77533721923828,5.107780456542969,4656.905594082895,85.68473815917969,-35.55522918701172,-41.49540662765503,0.04607318714261055,-0.019118256866931915
6.7,1300,-1.6311017274856567,-0.07364637404680252,16.774106979370117,5.142601490020752,4684.361570294674,86.2625503540039,-36.12687683105469,-41.88013970851898,0.04514926299452782,-0.01890857331454754
6.8,1300,-1.6287809610366821,-0.07362077385187149,16.774343490600586,5.139260768890381,4701.990525322368,86.20772552490234,-36.25022888183594,-42.04986095428467,0.04493160545825958,-0.01889367774128914
6.9,1300,-1.623730182647705,-0.07422363013029099,16.774425506591797,5.131809711456299,4711.5243765734385,86.08316040039062,-36.62117385864258,-42.54162311553955,0.04433856159448624,-0.018862344324588776
7,1300,-1.6444467306137085,-0.07440540939569473,16.774303436279297,5.143810272216797,4717.1502667889945,86.2838363647461,-36.754695892333984,-42.59743094444275,0.044741131365299225,-0.019058572128415108
7.1,1300,-1.662704348564148,-0.07385727763175964,16.77419090270996,5.152493953704834,4720.869678175742,86.42891693115234,-36.512699127197266,-42.24592745304108,0.04553770273923874,-0.01923782378435135
7.2,1300,-1.665026068687439,-0.07321982830762863,16.774173736572266,5.152510166168213,4723.661786653091,86.4291000366211,-36.218971252441406,-41.90599322319031,0.0459711030125618,-0.019264645874500275
7.3,1300,-1.6655243635177612,-0.0722372755408287,16.77428436279297,5.1563215255737305,4723.844799295172,86.49360656738281,-35.73432540893555,-41.31441414356232,0.04660852998495102,-0.019256040453910828
7.4,1300,-1.6657222509384155,-0.07225090265274048,16.77435874938965,5.162548065185547,4723.662369495901,86.59843444824219,-35.73968505859375,-41.27059280872345,0.04660707339644432,-0.019235016778111458
7.5,1300,-1.6591265201568604,-0.07312721014022827,16.77372932434082,5.175042629241943,4725.687456836377,86.80476379394531,-36.18867111206055,-41.68972671031952,0.04584657400846481,-0.019113311544060707
7.6,1300,-1.6367956399917603,-0.07317234575748444,16.77461051940918,5.156733989715576,4726.147902655624,86.50220489501953,-36.214534759521484,-41.86544716358185,0.04519720375537872,-0.01892201043665409
7.7,1300,-1.6222124099731445,-0.0741606280207634,16.773744583129883,5.159332752227783,4724.947829311534,86.54132843017578,-36.6943359375,-42.400938272476196,0.044208794832229614,-0.018744943663477898
7.8,1300,-1.6339590549468994,-0.07458887249231339,16.77414321899414,5.161517143249512,4726.7689216688,86.58002471923828,-36.92045211791992,-42.64315366744995,0.04425620287656784,-0.01887224055826664
7.9,1300,-1.6422375440597534,-0.07411110401153564,16.77440643310547,5.158722400665283,4725.481713324739,86.53450775146484,-36.67397689819336,-42.38075315952301,0.044779371470212936,-0.018977833911776543
8,1300,-1.625075340270996,-0.0734969899058342,16.773778915405273,5.182586669921875,4725.2724727562445,86.93156433105469,-36.36846923828125,-41.83574914932251,0.044683631509542465,-0.01869373209774494
8.1,1300,-1.611519455909729,-0.07223628461360931,16.7742862701416,5.17864465713501,4725.397492538813,86.8680648803711,-35.745582580566406,-41.14927649497986,0.04508303850889206,-0.01855134405195713
8.2,1300,-1.6203029155731201,-0.07191958278417587,16.774438858032227,5.176432132720947,4724.785507589179,86.83174133300781,-35.58425521850586,-40.98069667816162,0.04553426429629326,-0.01866026036441326
8.3,1300,-1.6145522594451904,-0.07218069583177567,16.77467155456543,5.156257152557373,4723.605542322006,86.49452209472656,-35.70452880859375,-41.27952754497528,0.04521981626749039,-0.018666526302695274
8.4,1300,-1.6131846904754639,-0.07302527874708176,16.77428436279297,5.15814733505249,4724.400831335124,86.52423095703125,-36.128387451171875,-41.755226254463196,0.044651445001363754,-0.018644310534000397
8.5,1300,-1.6192570924758911,-0.07350577414035797,16.774232864379883,5.159661769866943,4726.858096618604,86.54936981201172,-36.3850212097168,-42.03961491584778,0.04450339823961258,-0.018709057942032814
8.6,1300,-1.6297179460525513,-0.07412416487932205,16.77433967590332,5.161404609680176,4726.4897399632055,86.57915496826172,-36.688262939453125,-42.37540066242218,0.04442068934440613,-0.018823444843292236
8.7,1300,-1.6550246477127075,-0.07430391013622284,16.77408790588379,5.1762895584106445,4728.465285664903,86.8275375366211,-36.7926025390625,-42.374345660209656,0.04498254135251045,-0.019061056897044182
8.8,1300,-1.6632804870605469,-0.07377544045448303,16.77370262145996,5.16892671585083,4728.417783975955,86.70204162597656,-36.530555725097656,-42.1334445476532,0.04553121328353882,-0.019183868542313576
8.9,1300,-1.643755316734314,-0.07268361747264862,16.77420997619629,5.154996871948242,4728.628481651471,86.47100067138672,-35.99153137207031,-41.62266254425049,0.045670609921216965,-0.01900932379066944
9,1300,-1.6426680088043213,-0.07192204892635345,16.774320602416992,5.149755477905273,4726.516842153832,86.38365173339844,-35.598514556884766,-41.209784150123596,0.046144284307956696,-0.01901596039533615
9.1,1300,-1.6534746885299683,-0.07234534621238708,16.773923873901367,5.164107322692871,4725.288500933497,86.62234497070312,-35.79872512817383,-41.32735729217529,0.04618808999657631,-0.019088316708803177
9.2,1300,-1.6480956077575684,-0.07275702804327011,16.774150848388672,5.163324356079102,4728.463537136475,86.61038208007812,-36.02662658691406,-41.596201062202454,0.04574659466743469,-0.01902884617447853
9.3,1300,-1.6339935064315796,-0.07303185015916824,16.77466583251953,5.139190673828125,4728.656458106311,86.20820617675781,-36.1641845703125,-41.949817538261414,0.045182645320892334,-0.018954036757349968
9.4,1300,-1.6201581954956055,-0.07348672300577164,16.774568557739258,5.143034934997559,4729.469815246514,86.2721939086914,-36.39569091796875,-42.18704700469971,0.044515110552310944,-0.018779611214995384
9.5,1300,-1.6250154972076416,-0.07412618398666382,16.774433135986328,5.147346496582031,4729.270774427181,86.34381866455078,-36.71084976196289,-42.51705706119537,0.044265266507864,-0.01882028765976429
9.6,1300,-1.653280258178711,-0.07374155521392822,16.774459838867188,5.146445274353027,4728.865115831996,86.32884216308594,-36.51723098754883,-42.30015277862549,0.045273978263139725,-0.019150961190462112
9.7,1300,-1.6566638946533203,-0.07302138954401016,16.774656295776367,5.149630069732666,4729.343629778328,86.3832778930664,-36.16426086425781,-41.86488687992096,0.04580942168831825,-0.019178062677383423
9.8,1300,-1.6525685787200928,-0.07199279218912125,16.774538040161133,5.168638706207275,4730.249367503785,86.70152282714844,-35.66167068481445,-41.13153517246246,0.04634018987417221,-0.01906043291091919
9.9,1300,-1.6436128616333008,-0.07175495475530624,16.774646759033203,5.167148590087891,4730.518058038815,86.67709350585938,-35.545875549316406,-41.00953936576843,0.04623920097947121,-0.01896248199045658
10,1300,-1.644339680671692,-0.07202658802270889,16.774431228637695,5.1680073738098145,4728.429440832138,86.69038391113281,-35.6646842956543,-41.140300035476685,0.04610554501414299,-0.01896796002984047
10.1,1300,-1.6278656721115112,-0.07248654961585999,16.774620056152344,5.173410415649414,4729.956488992175,86.78199768066406,-35.904029846191406,-41.372671723365784,0.04533935710787773,-0.018758103251457214
10.2,1300,-1.61261785030365,-0.0717991441488266,16.77741241455078,5.089881420135498,4720.266435868246,85.3950424194336,-35.490684509277344,-41.560593247413635,0.0454377755522728,-0.018884209915995598
10.3,1300,-1.6040863990783691,-0.07406476885080338,16.77393341064453,5.1329803466796875,4719.417816738088,86.10027313232422,-36.6040153503418,-42.51323938369751,0.04382269084453583,-0.01863044500350952
10.4,1300,-1.6347728967666626,-0.07355564087629318,16.774580001831055,5.139335632324219,4725.855898408228,86.21019744873047,-36.40198516845703,-42.224687337875366,0.04490889236330986,-0.018962640315294266
10.5,1300,-1.6495416164398193,-0.07320380955934525,16.77433204650879,5.13983154296875,4728.056421434267,86.21723937988281,-36.24473571777344,-42.038848996162415,0.04551120474934578,-0.01913238689303398
10.6,1300,-1.641292691230774,-0.0721413716673851,16.774246215820312,5.1352858543396,4727.7670399795115,86.14054870605469,-35.716514587402344,-41.46306812763214,0.04595332592725754,-0.019053660333156586
10.7,1300,-1.6403663158416748,-0.07155503332614899,16.774259567260742,5.141316890716553,4728.630230179899,86.24178314208984,-35.43269348144531,-41.085296869277954,0.046295277774333954,-0.019020551815629005
10.8,1300,-1.6446479558944702,-0.07192967087030411,16.77403450012207,5.152573585510254,4730.879129159098,86.429443359375,-35.63514709472656,-41.23032987117767,0.04615241289138794,-0.019028792157769203
10.9,1300,-1.6248815059661865,-0.07217420637607574,16.774423599243164,5.141336441040039,4732.135738255678,86.24295806884766,-35.76578903198242,-41.47097170352936,0.04543116316199303,-0.018840745091438293
11,1350,-1.6063733100891113,-0.0724690705537796,16.774600982666016,5.130763530731201,4730.641912135764,86.06651306152344,-35.90057373046875,-41.7125940322876,0.0447450615465641,-0.018664324656128883
11.1,1350,-1.7263569831848145,-0.09987381845712662,16.695070266723633,6.671554088592529,4864.880227994985,111.38206481933594,-50.88062286376953,-45.68116366863251,0.03392955660820007,-0.01549941673874855
11.2,1350,-1.8902232646942139,-0.10735077410936356,16.676361083984375,7.482501029968262,5179.591739815401,124.78089141845703,-58.227657318115234,-46.66392505168915,0.03246263414621353,-0.015148339793086052
11.3,1350,-2.0500621795654297,-0.10646655410528183,16.677011489868164,7.6575398445129395,5391.1281261343565,127.70487976074219,-60.106502532958984,-47.06672430038452,0.034107159823179245,-0.016053123399615288
11.4,1350,-2.170605182647705,-0.1051771268248558,16.67621612548828,7.741492748260498,5511.220555593509,129.0988006591797,-60.70125961303711,-47.01922833919525,0.035758815705776215,-0.01681351847946644
11.5,1350,-2.2274203300476074,-0.1052444577217102,16.676231384277344,7.77363920211792,5576.363147846507,129.635009765625,-61.45806884765625,-47.40854203701019,0.036242928355932236,-0.0171822439879179
11.6,1350,-2.2535793781280518,-0.104807548224926,16.6760196685791,7.793454170227051,5613.415048068534,129.9637908935547,-61.60959243774414,-47.405195236206055,0.036578383296728134,-0.017340054735541344
11.7,1350,-2.292896270751953,-0.10416289418935776,16.675983428955078,7.819358825683594,5632.531709366645,130.39549255371094,-61.43916320800781,-47.1175491809845,0.03731978312134743,-0.017584167420864105
11.8,1350,-2.266432285308838,-0.10440164804458618,16.676483154296875,7.821893215179443,5643.532867389813,130.44166564941406,-61.70026397705078,-47.3010390996933,0.03673294186592102,-0.01737506315112114
11.9,1350,-2.3048439025878906,-0.10314153134822845,16.676631927490234,7.806546211242676,5651.324892905665,130.18690490722656,-61.039710998535156,-46.88621759414673,0.03775974363088608,-0.01770411618053913
12,1350,-2.281029462814331,-0.1045396625995636,16.67621421813965,7.80100154876709,5656.2650685562285,130.09117126464844,-61.92121505737305,-47.5983202457428,0.036837607622146606,-0.017534082755446434
12.1,1350,-2.301572561264038,-0.10327322036027908,16.676395416259766,7.799332141876221,5657.800859358403,130.0647430419922,-61.187679290771484,-47.044017910957336,0.03761496767401695,-0.0176955908536911
12.2,1350,-2.298428535461426,-0.10478086769580841,16.67599868774414,7.817319869995117,5658.94672832124,130.3616180419922,-62.093509674072266,-47.6317435503006,0.03701559826731682,-0.017631174996495247
12.3,1350,-2.3142995834350586,-0.1040349155664444,16.676334381103516,7.803005218505859,5659.8652885884985,130.12551879882812,-61.66146469116211,-47.38613963127136,0.037532348185777664,-0.01778513193130493
12.4,1350,-2.3111703395843506,-0.10393084585666656,16.676679611206055,7.785428047180176,5662.68100219962,129.8350830078125,-61.630428314208984,-47.46823608875275,0.037500474601984024,-0.017800815403461456
12.5,1350,-2.272017478942871,-0.1036234050989151,16.677780151367188,7.771214962005615,5665.158084138611,129.6066131591797,-61.47499465942383,-47.43199050426483,0.036958400160074234,-0.017530104145407677
12.6,1350,-2.3236565589904785,-0.10295411944389343,16.67753791809082,7.774153709411621,5666.7556562785585,129.65374755859375,-61.09516525268555,-47.121790051460266,0.03803339600563049,-0.017922015860676765
12.7,1350,-2.3185505867004395,-0.10370468348264694,16.677791595458984,7.763747215270996,5669.231572531931,129.48216247558594,-61.56745147705078,-47.54898548126221,0.037658706307411194,-0.01790633238852024
12.8,1350,-2.357266664505005,-0.10243897885084152,16.677776336669922,7.756618022918701,5670.097094103556,129.36314392089844,-60.825313568115234,-47.01904356479645,0.038754697889089584,-0.018222089856863022
12.9,1350,-2.3120009899139404,-0.10318067669868469,16.67860221862793,7.743674278259277,5671.584508952568,129.15365600585938,-61.28178405761719,-47.448739409446716,0.03772737830877304,-0.017901165410876274
13,1350,-2.325758218765259,-0.10167861729860306,16.678464889526367,7.748546123504639,5672.374260959,129.23385620117188,-60.39807891845703,-46.73549234867096,0.03850715607404709,-0.01799650862812996
13.1,1350,-2.3079028129577637,-0.10266545414924622,16.678905487060547,7.7553181648254395,5672.930292998953,129.3502197265625,-60.99024963378906,-47.15125262737274,0.037840522825717926,-0.017842279747128487
13.2,1350,-2.3158364295959473,-0.10167547315359116,16.678546905517578,7.750847816467285,5673.090574771475,129.2728729248047,-60.403839111328125,-46.725839376449585,0.03833922743797302,-0.01791432499885559
13.3,1350,-2.321733236312866,-0.10269305855035782,16.678613662719727,7.741179943084717,5670.981266645073,129.11215209960938,-60.985687255859375,-47.234660387039185,0.038070134818553925,-0.017982298508286476
13.4,1350,-2.340363025665283,-0.1025770977139473,16.6778507232666,7.755184650421143,5669.764873702326,129.33981323242188,-60.90375518798828,-47.088173031806946,0.038427237421274185,-0.018094684928655624
13.5,1350,-2.3325705528259277,-0.10290589183568954,16.6779727935791,7.755070209503174,5670.31974005666,129.33885192871094,-61.10495376586914,-47.244080901145935,0.03817318379878998,-0.018034569919109344
13.6,1350,-2.307847499847412,-0.10275198519229889,16.678325653076172,7.747257709503174,5672.037377815297,129.21128845214844,-61.03204345703125,-47.23429977893829,0.037813700735569,-0.017861036583781242
13.7,1350,-2.326063632965088,-0.10242611169815063,16.67821502685547,7.750110626220703,5669.956628986544,129.2580108642578,-60.816165924072266,-47.0502108335495,0.03824745491147041,-0.017995508387684822
13.8,1350,-2.2890195846557617,-0.10285696387290955,16.678180694580078,7.744126319885254,5669.7666222307535,129.15794372558594,-61.069942474365234,-47.283148765563965,0.03748193383216858,-0.017722640186548233
13.9,1350,-2.3157541751861572,-0.10174866765737534,16.67772674560547,7.767746448516846,5672.012315574502,129.54835510253906,-60.43583297729492,-46.65117859840393,0.038317568600177765,-0.01787559688091278
14,1350,-2.2779481410980225,-0.1024048924446106,16.678524017333984,7.754578113555908,5671.9528656079665,129.3349151611328,-60.824974060058594,-47.02904224395752,0.037450868636369705,-0.01761278510093689
14.1,1350,-2.3365869522094727,-0.10132832080125809,16.678077697753906,7.7597126960754395,5668.908677615649,129.41708374023438,-60.15322494506836,-46.480125188827515,0.03884391859173775,-0.018054701387882233
14.2,1350,-2.3148539066314697,-0.10284930467605591,16.677684783935547,7.757393836975098,5667.3973662114595,129.3753662109375,-61.03987503051758,-47.18044698238373,0.03792363405227661,-0.017892539501190186
14.3,1350,-2.317312479019165,-0.10188117623329163,16.677490234375,7.753655910491943,5665.366159021487,129.3115234375,-60.44363021850586,-46.742650866508484,0.03833840414881706,-0.01792038604617119
14.4,1350,-2.3101131916046143,-0.10312502086162567,16.677167892456055,7.769942283630371,5664.9319411286515,129.58062744140625,-61.176883697509766,-47.21144139766693,0.03776120766997337,-0.017827611416578293
14.5,1350,-2.297429084777832,-0.10187575221061707,16.67797088623047,7.75318717956543,5667.8578120307075,129.30743408203125,-60.46699523925781,-46.76219820976257,0.037994761019945145,-0.01776718534529209
14.6,1350,-2.2738866806030273,-0.10240298509597778,16.6778507232666,7.755678176879883,5670.166452397847,129.34803771972656,-60.804683685302734,-47.008585929870605,0.037396568804979324,-0.01757959835231304
14.7,1350,-2.246870756149292,-0.10238436609506607,16.678878784179688,7.719175815582275,5672.810227380262,128.7471923828125,-60.82197570800781,-47.24139869213104,0.036941759288311005,-0.017451802268624306
14.8,1350,-2.2780256271362305,-0.10174132883548737,16.679964065551758,7.701534748077393,5676.549164001116,128.46131896972656,-60.47981262207031,-47.08017110824585,0.03766588494181633,-0.017733164131641388
14.9,1350,-2.281041145324707,-0.10202251374721527,16.680246353149414,7.696888446807861,5678.16305573972,128.38600158691406,-60.66420364379883,-47.251418232917786,0.037601105868816376,-0.017767054960131645
15,1350,-2.3205013275146484,-0.10089921951293945,16.680171966552734,7.695825576782227,5679.256468849731,128.36769104003906,-60.00782775878906,-46.74682915210724,0.038669977337121964,-0.01807698793709278
15.1,1350,-2.282954216003418,-0.10173013806343079,16.680889129638672,7.6755757331848145,5684.014214701022,128.03543090820312,-60.55268478393555,-47.29369580745697,0.03770194947719574,-0.01783064380288124
15.2,1350,-2.3271772861480713,-0.1000562533736229,16.682384490966797,7.6386308670043945,5689.999427508435,127.43058013916016,-59.61905288696289,-46.785515546798706,0.03903412073850632,-0.018262313678860664
15.3,1350,-2.313762903213501,-0.10050695389509201,16.6828670501709,7.6154890060424805,5693.089660082677,127.04818725585938,-59.92013168334961,-47.163307666778564,0.03861411660909653,-0.018211694434285164
15.4,1350,-2.3175153732299805,-0.09914664924144745,16.682716369628906,7.622487545013428,5692.135546404059,127.1637954711914,-59.099239349365234,-46.474894881248474,0.039213962852954865,-0.018224647268652916
15.5,1350,-2.289984703063965,-0.10038134455680847,16.681737899780273,7.644678115844727,5691.432637976194,127.52651977539062,-59.82782745361328,-46.914029121398926,0.038276247680187225,-0.01795692928135395
15.6,1350,-2.3344030380249023,-0.09930659085512161,16.68113899230957,7.648430347442627,5690.589847274128,127.58452606201172,-59.178504943847656,-46.3837593793869,0.03944680839776993,-0.01829691231250763
15.7,1350,-2.3075668811798096,-0.10150561481714249,16.67982292175293,7.6814117431640625,5690.639971755717,128.1245880126953,-60.489471435546875,-47.21144735813141,0.03814823925495148,-0.01801033690571785
15.8,1350,-2.3414053916931152,-0.10009025782346725,16.680011749267578,7.693851470947266,5685.178734633752,128.33352661132812,-59.58878707885742,-46.432748436927795,0.03929271921515465,-0.01824468933045864
15.9,1350,-2.2897145748138428,-0.10208399593830109,16.67851448059082,7.721906661987305,5676.497290991099,128.78993225097656,-60.682952880859375,-47.11777865886688,0.03773241862654686,-0.017778676003217697
16,1400,-2.3015451431274414,-0.10137663036584854,16.677946090698242,7.752734661102295,5671.374102698456,129.29969787597656,-60.20807647705078,-46.564751863479614,0.03822651877999306,-0.01780008152127266
16.1,1400,-2.3980212211608887,-0.13011407852172852,16.583377838134766,9.584773063659668,5793.115394464764,158.94790649414062,-78.9341812133789,-49.66040551662445,0.0303800106048584,-0.015086837112903595
16.2,1400,-2.6577110290527344,-0.14130695164203644,16.552669525146484,10.690278053283691,6093.83780460078,176.95263671875,-90.17435455322266,-50.959599018096924,0.02947302535176277,-0.015019334852695465
16.3,1400,-2.87467622756958,-0.1414659172296524,16.54990005493164,11.020524978637695,6306.947866504506,182.38858032226562,-93.43286895751953,-51.22736692428589,0.0307672917842865,-0.015761272981762886
16.4,1400,-3.0067365169525146,-0.14030452072620392,16.548648834228516,11.154915809631348,6427.767683789509,184.59878540039062,-94.44097137451172,-51.16012692451477,0.03183720260858536,-0.01628795452415943
16.5,1400,-3.0820114612579346,-0.13951173424720764,16.547948837280273,11.210671424865723,6492.129849521022,185.51361083984375,-94.84764862060547,-51.127052307128906,0.03249433636665344,-0.016613397747278214
16.6,1400,-3.1378984451293945,-0.13916587829589844,16.5473575592041,11.251925468444824,6526.117745095219,186.18963623046875,-95.10783386230469,-51.08116269111633,0.03299305960536003,-0.01685323938727379
16.7,1400,-3.1595821380615234,-0.13900324702262878,16.54634666442871,11.286279678344727,6545.494937129032,186.74668884277344,-95.27874755859375,-51.02031230926514,0.033161457628011703,-0.016919078305363655
16.8,1400,-3.1769134998321533,-0.13907554745674133,16.545658111572266,11.320756912231445,6554.248653280022,187.3093719482422,-95.45579528808594,-50.96157193183899,0.033281516283750534,-0.016960782930254936
16.9,1400,-3.1849868297576904,-0.13946115970611572,16.545337677001953,11.335795402526855,6559.069346154704,187.5545654296875,-95.7908706665039,-51.073598861694336,0.0332493782043457,-0.01698165386915207
17,1400,-3.1831603050231934,-0.1397136151790619,16.544288635253906,11.365622520446777,6559.394572442224,188.0361328125,-95.96903228759766,-51.0375440120697,0.033168621361255646,-0.016928449273109436
17.1,1400,-3.1972827911376953,-0.13973450660705566,16.544597625732422,11.355628967285156,6559.87716628822,187.8743133544922,-95.99044036865234,-51.092904806137085,0.03330834582448006,-0.01701820082962513
17.2,1400,-3.2063746452331543,-0.13936026394367218,16.544828414916992,11.344388008117676,6560.534030134159,187.69094848632812,-95.7429428100586,-51.0109543800354,0.0334894098341465,-0.017083266749978065
17.3,1400,-3.1901984214782715,-0.13965056836605072,16.544540405273438,11.353279113769531,6560.4652546826765,187.83477783203125,-95.9413833618164,-51.07753872871399,0.03325153887271881,-0.016984065994620323
17.4,1400,-3.1548361778259277,-0.14051152765750885,16.544034957885742,11.375587463378906,6558.758108094605,188.1981201171875,-96.50775146484375,-51.27987265586853,0.03268997743725777,-0.01676337793469429
17.5,1400,-3.1167492866516113,-0.14121189713478088,16.544116973876953,11.380875587463379,6558.692829699978,188.28652954101562,-96.98782348632812,-51.51075720787048,0.03213547170162201,-0.016553224995732307
17.6,1400,-3.08555269241333,-0.14167961478233337,16.543731689453125,11.390443801879883,6558.5908322083715,188.44044494628906,-97.30754852294922,-51.63835287094116,0.03170928359031677,-0.016374152153730392
17.7,1400,-3.081165075302124,-0.14198420941829681,16.544401168823242,11.380827903747559,6559.666177191299,188.2889862060547,-97.5327377319336,-51.79949402809143,0.03159108757972717,-0.016364021226763725
17.8,1400,-3.099642038345337,-0.14158549904823303,16.544002532958984,11.38235855102539,6560.677992308026,188.3097686767578,-97.27384948730469,-51.656293869018555,0.031865108758211136,-0.01646033674478531
17.9,1400,-3.125047445297241,-0.1414821594953537,16.54493522644043,11.374856948852539,6562.4340976920685,188.19627380371094,-97.22887420654297,-51.66354775428772,0.03214114531874657,-0.016605256125330925
18,1400,-3.138201951980591,-0.14189767837524414,16.544404983520508,11.378227233886719,6562.0045425417065,188.24600219726562,-97.50804138183594,-51.798200607299805,0.03218403086066246,-0.016670750454068184
18.1,1400,-3.1471102237701416,-0.14189046621322632,16.54395866394043,11.39401912689209,6560.969413712613,188.50218200683594,-97.48770141601562,-51.71701908111572,0.03228212520480156,-0.016695352271199226
18.2,1400,-3.122631788253784,-0.1417006552219391,16.54391098022461,11.390443801879883,6560.171501906853,188.44248962402344,-97.34545135498047,-51.65790915489197,0.032077837735414505,-0.016570741310715675
18.3,1400,-3.11289644241333,-0.14098995923995972,16.544267654418945,11.383490562438965,6561.138438127274,188.33151245117188,-96.87149810791016,-51.436686515808105,0.0321342870593071,-0.016528813168406487
18.4,1400,-3.113116979598999,-0.14022809267044067,16.5459041595459,11.341835975646973,6565.407761704476,187.6609344482422,-96.41072845458984,-51.37495994567871,0.032290153205394745,-0.016589052975177765
18.5,1400,-3.1398026943206787,-0.1400374174118042,16.545595169067383,11.355213165283203,6571.353924043673,187.87875366210938,-96.36682891845703,-51.29203200340271,0.03258178010582924,-0.016711855307221413
18.6,1400,-3.1584694385528564,-0.139273002743721,16.54650115966797,11.333474159240723,6575.464714376781,187.5293426513672,-95.90074920654297,-51.13906264305115,0.032934773713350296,-0.016842534765601158
18.7,1400,-3.1868112087249756,-0.13971470296382904,16.544750213623047,11.355364799499512,6577.588593573412,187.87167358398438,-96.23596954345703,-51.22430920600891,0.03311455249786377,-0.016962701454758644
18.8,1400,-3.195364236831665,-0.13949060440063477,16.54530143737793,11.34383773803711,6578.152785412693,187.6872100830078,-96.08985137939453,-51.19680166244507,0.03325391933321953,-0.017024943605065346
18.9,1400,-3.2031233310699463,-0.14021003246307373,16.54462242126465,11.364531517028809,6578.947783004407,188.02188110351562,-96.59711456298828,-51.375460624694824,0.03315961733460426,-0.01703590713441372
19,1400,-3.210707902908325,-0.14053985476493835,16.543996810913086,11.375268936157227,6579.024135412409,188.19241333007812,-96.82546997070312,-51.450252532958984,0.03315974771976471,-0.017060771584510803
19.1,1400,-3.1839680671691895,-0.14065399765968323,16.54405975341797,11.38082504272461,6579.22754755281,188.28504943847656,-96.9071044921875,-51.468294858932495,0.03285587951540947,-0.016910361126065254
19.2,1400,-3.163278102874756,-0.13972461223602295,16.544687271118164,11.36463737487793,6579.618052234958,188.0243682861328,-96.27249145507812,-51.202136278152466,0.03285754844546318,-0.016823766753077507
19.3,1400,-3.1410603523254395,-0.1390281766653061,16.546085357666016,11.326727867126465,6579.502649358741,187.4130096435547,-95.79095458984375,-51.11222267150879,0.03279078006744385,-0.016760097816586494
19.4,1400,-3.112443208694458,-0.13801532983779907,16.546627044677734,11.317752838134766,6579.443782235015,187.2706298828125,-95.09224700927734,-50.77798366546631,0.03273077681660652,-0.016620028764009476
19.5,1400,-3.1005098819732666,-0.13778848946094513,16.546977996826172,11.310104370117188,6579.457770462434,187.14804077148438,-94.9361572265625,-50.72783827781677,0.0326588936150074,-0.016567150130867958
19.6,1400,-3.0784847736358643,-0.13802026212215424,16.546710968017578,11.310332298278809,6579.408811666464,187.1488037109375,-95.09514617919922,-50.81258416175842,0.03237267956137657,-0.016449395567178726
19.7,1400,-3.0757596492767334,-0.13829432427883148,16.545927047729492,11.330143928527832,6579.472341532664,187.4677276611328,-95.2848892211914,-50.827354192733765,0.032279614359140396,-0.016406875103712082
19.8,1400,-3.0781593322753906,-0.1379295289516449,16.546812057495117,11.309297561645508,6579.670508087783,187.13282775878906,-95.03640747070312,-50.78553557395935,0.032389264553785324,-0.016449062153697014
19.9,1400,-3.0746726989746094,-0.13865818083286285,16.546398162841797,11.315313339233398,6579.294574475865,187.22767639160156,-95.53300476074219,-51.0250449180603,0.032184403389692307,-0.016422105953097343
20,1400,-3.0922341346740723,-0.13899652659893036,16.547082901000977,11.295170783996582,6579.259603907315,186.90213012695312,-95.76560974121094,-51.2383759021759,0.03228960931301117,-0.01654466986656189
20.1,1400,-3.0773415565490723,-0.13947905600070953,16.547698974609375,11.281684875488281,6579.628543405523,186.68592834472656,-96.10345458984375,-51.478683948516846,0.032021135091781616,-0.016484057530760765
20.2,1400,-3.0972492694854736,-0.13956135511398315,16.547767639160156,11.291576385498047,6579.9765005625995,186.8503875732422,-96.16524505615234,-51.46644115447998,0.03220757469534874,-0.016576092690229416
20.3,1400,-3.1097633838653564,-0.13947030901908875,16.548625946044922,11.277488708496094,6579.435622435686,186.62693786621094,-96.09461212158203,-51.490211486816406,0.0323614776134491,-0.016662992537021637
20.4,1400,-3.0991861820220947,-0.13915257155895233,16.54924964904785,11.24300479888916,6579.76492862287,186.06329345703125,-95.88048553466797,-51.53111219406128,0.032323431223630905,-0.016656624153256416
20.5,1400,-3.089625358581543,-0.13908182084560394,16.54930305480957,11.231282234191895,6579.373841097913,185.86988830566406,-95.82604217529297,-51.555442810058594,0.03224202245473862,-0.01662251725792885
20.6,1400,-3.0512735843658447,-0.13856971263885498,16.549434661865234,11.22411823272705,6581.378820361473,185.7528076171875,-95.5022964477539,-51.41364932060242,0.031949739903211594,-0.016426527872681618
20.7,1400,-3.0577809810638428,-0.13833113014698029,16.55021095275879,11.215534210205078,6588.920223469381,185.6194610595703,-95.44711303710938,-51.42085552215576,0.03203639015555382,-0.01647338643670082
20.8,1400,-3.067272186279297,-0.13808053731918335,16.551042556762695,11.211544036865234,6594.0655597887735,185.562744140625,-95.34860229492188,-51.38348340988159,0.032169029116630554,-0.016529569402337074
20.9,1400,-3.073662042617798,-0.1380281150341034,16.550920486450195,11.203953742980957,6596.352052129164,185.4357452392578,-95.345458984375,-51.416975259780884,0.032237112522125244,-0.016575347632169724
21,1450,-3.093304395675659,-0.13808032870292664,16.550813674926758,11.191003799438477,6596.076367480425,185.22021484375,-95.3775405883789,-51.49412751197815,0.03243220970034599,-0.016700685024261475
21.1,1450,-3.2398300170898438,-0.1605163812637329,16.46036720275879,12.949871063232422,6699.610232730933,213.15963745117188,-112.6153335571289,-52.83145308494568,0.0287689957767725,-0.015199078246951103
21.2,1450,-3.5739710330963135,-0.17308634519577026,16.420211791992188,14.210716247558594,6960.845042545381,233.3429718017578,-126.1692123413086,-54.07028794288635,0.02832680754363537,-0.01531638577580452
21.3,1450,-3.768664836883545,-0.1772070825099945,16.41034698486328,14.737744331359863,7171.578854316103,241.85150146484375,-133.0835723876953,-55.026984214782715,0.028318030759692192,-0.015582557767629623
21.4,1450,-3.9138553142547607,-0.17728270590305328,16.40776252746582,14.931884765625,7300.385949458032,244.9988250732422,-135.53167724609375,-55.319321155548096,0.02887779101729393,-0.015974996611475945
21.5,1450,-4.023056507110596,-0.17716634273529053,16.40479278564453,15.047622680664062,7368.798872713308,246.85313415527344,-136.71197509765625,-55.381906032562256,0.029427243396639824,-0.016297368332743645
21.6,1450,-4.010905742645264,-0.17793141305446625,16.403766632080078,15.110137939453125,7403.07935537771,247.86317443847656,-137.9410858154297,-55.652111768722534,0.029076946899294853,-0.016181934624910355
21.7,1450,-4.061936378479004,-0.17619813978672028,16.403104782104492,15.156097412109375,7424.17418517016,248.6070556640625,-136.98660278320312,-55.101656913757324,0.029652070254087448,-0.016338782384991646
21.8,1450,-4.036427974700928,-0.17719729244709015,16.402599334716797,15.170358657836914,7432.281528645776,248.83331298828125,-137.91383361816406,-55.42418360710144,0.029267750680446625,-0.016221413388848305
21.9,1450,-4.0543293952941895,-0.17689692974090576,16.401838302612305,15.18772029876709,7435.2243019892985,249.10653686523438,-137.7345733642578,-55.29143810272217,0.029435813426971436,-0.01627548411488533
22,1450,-4.0939860343933105,-0.17789459228515625,16.400808334350586,15.214797973632812,7435.6818335945,249.5349884033203,-138.5198974609375,-55.51121234893799,0.029555220156908035,-0.016406461596488953
22.1,1450,-4.040582656860352,-0.1794661432504654,16.399398803710938,15.252360343933105,7432.326990384892,250.12954711914062,-139.68055725097656,-55.84328770637512,0.028927309438586235,-0.016153959557414055
22.2,1450,-4.075469017028809,-0.17788079380989075,16.399084091186523,15.267718315124512,7427.963829115412,250.37660217285156,-138.36538696289062,-55.26290535926819,0.029454397037625313,-0.016277356073260307
22.3,1450,-4.053569316864014,-0.1798355132341385,16.398557662963867,15.268077850341797,7420.584456308455,250.37445068359375,-139.7469024658203,-55.815160274505615,0.029006505385041237,-0.016190027818083763
22.4,1450,-4.004331588745117,-0.18040643632411957,16.39771270751953,15.289827346801758,7412.291185976712,250.71820068359375,-140.03387451171875,-55.85309863090515,0.028595449402928352,-0.01597144454717636
22.5,1450,-4.012526988983154,-0.17980751395225525,16.39670181274414,15.30960464477539,7404.615146179885,251.0270233154297,-139.42445373535156,-55.54161071777344,0.028779219835996628,-0.015984442085027695
22.6,1450,-3.9853391647338867,-0.18117062747478485,16.396196365356445,15.327290534973145,7401.727160060425,251.30926513671875,-140.4266357421875,-55.878013372421265,0.028380222618579865,-0.015858305618166924
22.7,1450,-3.8968372344970703,-0.18098324537277222,16.397144317626953,15.30514144897461,7403.168530327514,250.9606170654297,-140.30870056152344,-55.90865612030029,0.027773309499025345,-0.01552768424153328
22.8,1450,-3.9493563175201416,-0.17951317131519318,16.39754295349121,15.297236442565918,7410.52750363615,250.83709716796875,-139.30735778808594,-55.53698539733887,0.028349947184324265,-0.015744706615805626
22.9,1450,-3.94003963470459,-0.18048743903636932,16.398378372192383,15.281516075134277,7417.527445774335,250.5920867919922,-140.1957244873047,-55.94578981399536,0.028103850781917572,-0.01572292111814022
23,1450,-3.971545457839966,-0.17966629564762115,16.398801803588867,15.270445823669434,7417.875402931412,250.41700744628906,-139.56443786621094,-55.732810497283936,0.028456715866923332,-0.015859726816415787
23.1,1450,-4.000149726867676,-0.17986038327217102,16.39937973022461,15.259028434753418,7424.2441263072615,250.2386016845703,-139.8351593017578,-55.88073134422302,0.028606180101633072,-0.015985341742634773
23.2,1450,-3.945936679840088,-0.18036140501499176,16.399917602539062,15.261690139770508,7428.797294332532,250.29046630859375,-140.31068420410156,-56.05913996696472,0.028122853487730026,-0.01576543040573597
23.3,1450,-3.997774600982666,-0.17819227278232574,16.399593353271484,15.25053596496582,7429.16565098793,250.1025848388672,-138.63009643554688,-55.42929172515869,0.02883771061897278,-0.015984538942575455
23.4,1450,-3.9335193634033203,-0.1793658435344696,16.398344039916992,15.27381420135498,7421.982113364856,250.4652557373047,-139.40818786621094,-55.659687519073486,0.028215842321515083,-0.015704849734902382
23.5,1450,-3.877596616744995,-0.18024873733520508,16.396942138671875,15.31714153289795,7412.003844471789,251.15428161621094,-139.9060516357422,-55.70521950721741,0.027715718373656273,-0.015439102426171303
23.6,1450,-3.9222826957702637,-0.17971965670585632,16.396724700927734,15.325871467590332,7409.165982833919,251.29409790039062,-139.4419708251953,-55.48955202102661,0.028128422796726227,-0.015608335845172405
23.7,1450,-3.8982317447662354,-0.18043005466461182,16.397537231445312,15.314431190490723,7407.344599055249,251.11895751953125,-139.958740234375,-55.734044313430786,0.027852719649672508,-0.015523446723818779
23.8,1450,-3.9346554279327393,-0.1801762580871582,16.396747589111328,15.323711395263672,7405.915468487153,251.259033203125,-139.7349090576172,-55.613887310028076,0.028157997876405716,-0.01565975695848465
23.9,1450,-4.018387794494629,-0.17920854687690735,16.397117614746094,15.314363479614258,7404.07485089578,251.11141967773438,-138.9498748779297,-55.33394813537598,0.02891969494521618,-0.016002409160137177
24,1450,-4.012177467346191,-0.1806175857782364,16.39632797241211,15.332121849060059,7404.271851765281,251.3905029296875,-140.0460968017578,-55.70858716964722,0.02864897809922695,-0.01595994085073471
24.1,1450,-3.996701240539551,-0.1802731603384018,16.3964900970459,15.335926055908203,7401.784861498534,251.45535278320312,-139.73208618164062,-55.56933879852295,0.0286026019603014,-0.015894277021288872
24.2,1450,-4.051854133605957,-0.17997977137565613,16.39615249633789,15.350139617919922,7398.9773076867405,251.6832275390625,-139.45176696777344,-55.40764927864075,0.029055597260594368,-0.016099022701382637
24.3,1450,-3.9923617839813232,-0.1812286674976349,16.396190643310547,15.347182273864746,7397.577319259104,251.6353302001953,-140.3928680419922,-55.79218864440918,0.028437070548534393,-0.015865664929151535
24.4,1450,-3.9726498126983643,-0.1803216189146042,16.39598274230957,15.348278045654297,7395.526295413619,251.6501007080078,-139.65147399902344,-55.49430251121521,0.02844688855111599,-0.01578640192747116
24.5,1450,-4.018222808837891,-0.18066364526748657,16.39527702331543,15.376468658447266,7392.17203504682,252.10145568847656,-139.85289001464844,-55.474841594696045,0.028731781989336014,-0.015938911586999893
24.6,1450,-4.009068965911865,-0.1825074851512909,16.394895553588867,15.38854694366455,7390.056898492327,252.2936248779297,-141.2397918701172,-55.98230957984924,0.028384840115904808,-0.015890488401055336
24.7,1450,-3.968595266342163,-0.18240955471992493,16.39444923400879,15.401700019836426,7390.2235915357505,252.5023956298828,-141.1671905517578,-55.907267332077026,0.028112730011343956,-0.01571705937385559
24.8,1450,-4.002859592437744,-0.18109582364559174,16.39531707763672,15.385112762451172,7389.667559495798,252.24380493164062,-140.13995361328125,-55.55734038352966,0.028563302010297775,-0.015869010239839554
24.9,1450,-3.9736380577087402,-0.1819496601819992,16.3951473236084,15.38717269897461,7389.863394679681,252.27496337890625,-140.80441284179688,-55.81386685371399,0.028220975771546364,-0.015751218423247337
25,1450,-3.985179901123047,-0.18195253610610962,16.395715713500977,15.368475914001465,7394.751697320226,251.97715759277344,-140.8997802734375,-55.91768026351929,0.02828378975391388,-0.01581563986837864
25.1,1450,-4.044179916381836,-0.18147994577884674,16.396635055541992,15.357199668884277,7396.970579894753,251.806396484375,-140.57598876953125,-55.82700967788696,0.028768640011548996,-0.01606067270040512
25.2,1450,-3.97876238822937,-0.18214623630046844,16.39693260192871,15.35114860534668,7400.647735177835,251.7117462158203,-141.16224670410156,-56.08091354370117,0.028185740113258362,-0.01580682024359703
25.3,1450,-3.9576072692871094,-0.18087084591388702,16.397321701049805,15.340291976928711,7408.42344109503,251.53970336914062,-140.32110595703125,-55.78486919403076,0.02820393443107605,-0.01573352888226509
25.4,1450,-3.986180067062378,-0.17991000413894653,16.39788055419922,15.326616287231445,7414.100912899199,251.3240203857422,-139.68263244628906,-55.57870268821716,0.028537405654788017,-0.015860719606280327
25.5,1450,-3.9567341804504395,-0.18047089874744415,16.39842987060547,15.320279121398926,7418.535180991397,251.228515625,-140.20191955566406,-55.80652952194214,0.02822168357670307,-0.01574954204261303
25.6,1450,-3.971975326538086,-0.17884628474712372,16.398231506347656,15.310282707214355,7421.73149095691,251.06155395507812,-138.9996795654297,-55.36477565765381,0.028575429692864418,-0.01582072302699089
25.7,1450,-3.98431658744812,-0.1789970099925995,16.39910125732422,15.28581714630127,7428.9972094160785,250.6736602783203,-139.2530059814453,-55.55151104927063,0.02861206792294979,-0.015894437208771706
25.8,1450,-3.950972318649292,-0.17883919179439545,16.399669647216797,15.276785850524902,7432.182445368217,250.53424072265625,-139.18988037109375,-55.55723309516907,0.028385484591126442,-0.015770189464092255
25.9,1450,-4.007184028625488,-0.17803451418876648,16.400354385375977,15.270198822021484,7436.800308945306,250.43667602539062,-138.6497039794922,-55.36317825317383,0.028901496902108192,-0.016000786796212196
26,1500,-3.9453554153442383,-0.17893436551094055,16.399600982666016,15.279781341552734,7442.925986869729,250.5823211669922,-139.46527099609375,-55.656468868255615,0.028289159759879112,-0.01574474759399891
26.1,1500,-4.136969089508057,-0.19835057854652405,16.30824089050293,17.030715942382812,7533.843053830038,277.74102783203125,-156.4871368408203,-56.34282827377319,0.02643647976219654,-0.01489506009966135
26.2,1500,-4.339138984680176,-0.2116081863641739,16.26545524597168,18.35676383972168,7756.3601986738395,298.58111572265625,-171.87750244140625,-57.564759254455566,0.025245530530810356,-0.01453252974897623
26.3,1500,-4.618083477020264,-0.21390743553638458,16.251293182373047,18.975969314575195,7930.056681292764,308.384033203125,-177.63592529296875,-57.60217905044556,0.02599746361374855,-0.014975105412304401
26.4,1500,-4.6360859870910645,-0.21667024493217468,16.245176315307617,19.261140823364258,8036.462213064074,312.900634765625,-182.3445587158203,-58.27555060386658,0.025424866005778313,-0.014816480688750744
26.5,1500,-4.7682905197143555,-0.21737883985042572,16.242008209228516,19.408849716186523,8098.052378395153,315.23870849609375,-184.34292602539062,-58.4772527217865,0.025866415351629257,-0.015125968493521214
26.6,1500,-4.755575656890869,-0.21592848002910614,16.241119384765625,19.4818172454834,8135.068142363011,316.4065246582031,-183.94998168945312,-58.13722610473633,0.025852547958493233,-0.015029954724013805
26.7,1500,-4.729755401611328,-0.21759730577468872,16.24098777770996,19.495908737182617,8154.1282679086335,316.6328125,-185.80596923828125,-58.68184566497803,0.025455346331000328,-0.01493766624480486
26.8,1500,-4.792909145355225,-0.21703964471817017,16.23859977722168,19.530553817749023,8149.450371522199,317.1488342285156,-185.2234649658203,-58.40269327163696,0.025876360014081,-0.015112491324543953
26.9,1500,-4.679143905639648,-0.21947123110294342,16.237598419189453,19.582252502441406,8136.222753967986,317.96875,-186.99459838867188,-58.809107542037964,0.025022882968187332,-0.014715734869241714
27,1500,-4.782520294189453,-0.22011402249336243,16.235885620117188,19.629344940185547,8130.075510859623,318.6997985839844,-187.40057373046875,-58.801597356796265,0.025520307943224907,-0.015006348490715027
27.1,1500,-4.743584156036377,-0.22069227695465088,16.235485076904297,19.64954948425293,8125.078799456571,319.01995849609375,-187.77740478515625,-58.86070728302002,0.025261741131544113,-0.014869239181280136
27.2,1500,-4.834622859954834,-0.22093451023101807,16.2355899810791,19.660377502441406,8125.472801195573,319.19781494140625,-187.9926300048828,-58.895331621170044,0.02571708709001541,-0.01514616422355175
27.3,1500,-4.8306660652160645,-0.2197827398777008,16.236122131347656,19.658306121826172,8132.831774504209,319.1746520996094,-187.1819610595703,-58.645617961883545,0.025807326659560204,-0.015134867280721664
27.4,1500,-4.842504501342773,-0.22089307010173798,16.236955642700195,19.63006591796875,8142.847928179872,318.7325134277344,-188.35928344726562,-59.096354246139526,0.025708870962262154,-0.015193005092442036
27.5,1500,-4.895331859588623,-0.21832168102264404,16.23772621154785,19.613828659057617,8150.855605535119,318.4839782714844,-186.34970092773438,-58.511483669281006,0.02626959979534149,-0.015370732173323631
27.6,1500,-4.851811408996582,-0.2193686068058014,16.238283157348633,19.60350227355957,8158.357958174812,318.32720947265625,-187.4156494140625,-58.875155448913574,0.025887973606586456,-0.015241584740579128
27.7,1500,-4.91487455368042,-0.21930693089962006,16.238571166992188,19.598459243774414,8162.712376802154,318.2509765625,-187.4629669189453,-58.90412926673889,0.02621784433722496,-0.015443392097949982
27.8,1500,-4.923255920410156,-0.21677184104919434,16.239173889160156,19.58979034423828,8167.171124292338,318.12200927734375,-185.39718627929688,-58.27864408493042,0.026555180549621582,-0.015475998632609844
27.9,1500,-4.868051052093506,-0.21857737004756927,16.23998260498047,19.561437606811523,8180.0746812446505,317.6773986816406,-187.2367401123047,-58.93927216529846,0.025999443605542183,-0.0153238819912076
28,1500,-4.884268760681152,-0.21751132607460022,16.2409725189209,19.542377471923828,8193.231191976145,317.38720703125,-186.62322998046875,-58.79985690116882,0.026171814650297165,-0.015388989821076393
28.1,1500,-4.891199588775635,-0.21535223722457886,16.241811752319336,19.524497985839844,8200.7248019737,317.11322021484375,-184.9397430419922,-58.319783210754395,0.026447530835866928,-0.015424142591655254
28.2,1500,-4.872244834899902,-0.21664485335350037,16.242448806762695,19.49822425842285,8206.185456252855,316.69891357421875,-186.17369079589844,-58.785706758499146,0.02617042511701584,-0.015384470112621784
28.3,1500,-4.957378387451172,-0.21823450922966003,16.241744995117188,19.50739288330078,8204.91194471481,316.8341064453125,-187.5106658935547,-59.18260216712952,0.026437848806381226,-0.01564660668373108
28.4,1500,-4.964043617248535,-0.2160012274980545,16.241527557373047,19.496549606323242,8197.777948730514,316.65374755859375,-185.430419921875,-58.55936408042908,0.02677038311958313,-0.01567656733095646
28.5,1500,-4.908492088317871,-0.21775385737419128,16.240415573120117,19.53618049621582,8186.883450941426,317.27569580078125,-186.6865692138672,-58.84048938751221,0.02629268914461136,-0.015470747835934162
28.6,1500,-4.933655738830566,-0.21816936135292053,16.239376068115234,19.551095962524414,8180.373679605757,317.4975891113281,-186.89407348632812,-58.8647186756134,0.02639813907444477,-0.015539190731942654
28.7,1500,-4.874197006225586,-0.21669483184814453,16.240188598632812,19.55248260498047,8181.475252515097,317.5360107421875,-185.65591430664062,-58.467674255371094,0.026253927499055862,-0.015350060537457466
28.8,1500,-4.800656795501709,-0.21866703033447266,16.24050521850586,19.543092727661133,8179.80715639524,317.38970947265625,-187.3074188232422,-59.01496410369873,0.02562982589006424,-0.015125433914363384
28.9,1500,-4.904536724090576,-0.21830184757709503,16.239776611328125,19.555137634277344,8177.373787666937,317.5710754394531,-186.93898010253906,-58.86524319648743,0.026236029341816902,-0.015443902462720871
29,1500,-4.836169242858887,-0.21893417835235596,16.239177703857422,19.5609188079834,8172.232531247209,317.6532287597656,-187.3625946044922,-58.98337364196777,0.025811817497015,-0.015224681235849857
29.1,1500,-4.814364910125732,-0.22018206119537354,16.238664627075195,19.57514762878418,8166.949061182043,317.874267578125,-188.30870056152344,-59.24000144004822,0.02556634321808815,-0.015145501121878624
29.2,1500,-4.8384175300598145,-0.21819458901882172,16.238924026489258,19.57748794555664,8169.573602351756,317.9173278808594,-186.6688995361328,-58.71617794036865,0.025919781997799873,-0.015219105407595634
29.3,1500,-4.758431911468506,-0.21951857209205627,16.239471435546875,19.567420959472656,8173.965322918884,317.76458740234375,-187.90255737304688,-59.13262963294983,0.025323934853076935,-0.014974708668887615
29.4,1500,-4.793973445892334,-0.21914081275463104,16.240312576293945,19.548168182373047,8181.392488836194,317.4683532714844,-187.7496337890625,-59.139639139175415,0.02553386241197586,-0.015100633725523949
29.5,1500,-4.801459789276123,-0.2165185958147049,16.240633010864258,19.541175842285156,8187.104931208913,317.3610534667969,-185.632568359375,-58.492547273635864,0.02586539462208748,-0.015129328705370426
29.6,1500,-4.806589126586914,-0.21723437309265137,16.241119384765625,19.535898208618164,8195.087546323366,317.28485107421875,-186.42784118652344,-58.7572455406189,0.025782572105526924,-0.015149128623306751
29.7,1500,-4.91753625869751,-0.21793881058692932,16.240827560424805,19.53574562072754,8203.830771303792,317.27667236328125,-187.23191833496094,-59.012192487716675,0.026264412328600883,-0.015499205328524113
29.8,1500,-5.002226829528809,-0.21634462475776672,16.240764617919922,19.52691078186035,8203.193724113364,317.1319580078125,-185.84791564941406,-58.60270857810974,0.02691570110619068,-0.015773329883813858
29.9,1500,-4.955627918243408,-0.21761956810951233,16.240453720092773,19.540283203125,8197.199768663813,317.34307861328125,-186.80654907226562,-58.865803480148315,0.02652812749147415,-0.015615995973348618
30,1500,-4.9738688468933105,-0.21795374155044556,16.240633010864258,19.539941787719727,8192.087654384544,317.3410339355469,-186.97671508789062,-58.91980528831482,0.02660153992474079,-0.015673575922846794
30.1,1500,-4.9470534324646,-0.21595637500286102,16.240507125854492,19.55185317993164,8188.549215690047,317.5320129394531,-185.18321228027344,-58.319538831710815,0.026714373379945755,-0.015579699538648129
30.2,1500,-4.850143909454346,-0.21835647523403168,16.2398681640625,19.55855941772461,8183.720945858846,317.62841796875,-187.1309051513672,-58.91503691673279,0.02591845579445362,-0.015269867144525051
30.3,1500,-4.902068614959717,-0.21815204620361328,16.239322662353516,19.564617156982422,8177.890769238675,317.71612548828125,-186.822509765625,-58.80171060562134,0.026239175349473953,-0.01542908325791359
30.4,1500,-4.838749408721924,-0.2166997194290161,16.23931121826172,19.572917938232422,8174.49104713276,317.8507080078125,-185.50161743164062,-58.36123824119568,0.026084676384925842,-0.015223340131342411
30.5,1500,-4.831905364990234,-0.21848654747009277,16.238964080810547,19.58294677734375,8167.44564325546,318.00677490234375,-186.8699951171875,-58.7628960609436,0.025857042521238327,-0.015194347128272057
30.6,1500,-4.942641258239746,-0.21674863994121552,16.23868751525879,19.581314086914062,8160.931209177317,317.974853515625,-185.2357177734375,-58.25483202934265,0.026682982221245766,-0.015544126741588116
30.7,1500,-4.822170257568359,-0.21834196150302887,16.23650360107422,19.612306594848633,8149.9481192812345,318.4352722167969,-186.34625244140625,-58.51935148239136,0.02587747387588024,-0.01514332927763462
30.8,1500,-4.881566524505615,-0.2183617800474167,16.236242294311523,19.63296890258789,8134.614690657473,318.765625,-186.01254272460938,-58.3540141582489,0.026243211701512337,-0.015313967131078243
30.9,1500,-4.826849937438965,-0.22005634009838104,16.2347469329834,19.67726707458496,8117.835229024151,319.4554443359375,-187.06939697265625,-58.558833599090576,0.025802457705140114,-0.015109618194401264
31,1550,-4.860988140106201,-0.22025790810585022,16.23504066467285,19.68103790283203,8110.518803240585,319.5224609375,-187.07199096679688,-58.54737162590027,0.025984585285186768,-0.01521329116076231
31.1,1550,-5.005984783172607,-0.2419651448726654,16.121150970458984,21.871196746826172,8202.51179802663,352.5888671875,-207.839599609375,-58.94672870635986,0.02408580854535103,-0.014197795651853085
31.2,1550,-5.235637664794922,-0.2578030824661255,16.074222564697266,23.420211791992188,8428.511428655249,376.4617004394531,-227.545166015625,-60.44310927391052,0.023009223863482475,-0.013907491229474545
31.3,1550,-5.562180042266846,-0.25696054100990295,16.059661865234375,24.110382080078125,8597.481056091769,387.20458984375,-231.34828186035156,-59.74833369255066,0.02404245175421238,-0.014364964328706264
31.4,1550,-5.588673114776611,-0.2601657509803772,16.056358337402344,24.363279342651367,8693.106327264588,391.185546875,-236.8392791748047,-60.543978214263916,0.023596901446580887,-0.01428650226444006
31.5,1550,-5.63979959487915,-0.26457056403160095,16.050758361816406,24.56035041809082,8742.803585074464,394.2122497558594,-242.22605895996094,-61.44559383392334,0.023283207789063454,-0.014306505210697651
31.6,1550,-5.784484386444092,-0.25795885920524597,16.051164627075195,24.605710983276367,8772.043643125126,394.9503173828125,-236.96261596679688,-59.99808311462402,0.024410957470536232,-0.014646106399595737
31.7,1550,-5.696375846862793,-0.2596896290779114,16.051185607910156,24.617084503173828,8781.590025496593,395.1333923339844,-238.8121337890625,-60.438358783721924,0.023852959275245667,-0.014416336081922054
31.8,1550,-5.6465067863464355,-0.2638653516769409,16.04887580871582,24.681133270263672,8786.33669733451,396.10443115234375,-242.78330993652344,-61.292749643325806,0.023257393389940262,-0.014255096204578876
31.9,1550,-5.758327960968018,-0.2594662010669708,16.04591941833496,24.737836837768555,8792.1045097741,396.94134521484375,-238.89234924316406,-60.183292627334595,0.024104278534650803,-0.01450674794614315
32,1550,-5.641541004180908,-0.26111847162246704,16.04728126525879,24.72127914428711,8798.456913551292,396.7093200683594,-240.58731079101562,-60.64574122428894,0.023449037224054337,-0.014220843091607094
32.1,1550,-5.577678203582764,-0.26479920744895935,16.049985885620117,24.680803298950195,8806.975161207376,396.1265563964844,-244.21484375,-61.65071725845337,0.022839225828647614,-0.014080546796321869
32.2,1550,-5.678561210632324,-0.260720431804657,16.051700592041016,24.64869499206543,8820.976794012173,395.6534729003906,-240.83541870117188,-60.87028980255127,0.023578597232699394,-0.014352360740303993
32.3,1550,-5.716170787811279,-0.2570674419403076,16.05384635925293,24.590831756591797,8830.19095598241,394.7774353027344,-237.70909118652344,-60.213446617126465,0.024046916514635086,-0.01447947695851326
32.4,1550,-5.6674065589904785,-0.2605477273464203,16.053691864013672,24.583539962768555,8831.366549928516,394.6565856933594,-240.95936584472656,-61.0554575920105,0.023520175367593765,-0.014360349625349045
32.5,1550,-5.661005020141602,-0.2627159655094147,16.052642822265625,24.584890365600586,8832.258882269363,394.6524658203125,-242.98915100097656,-61.570411920547485,0.02329735830426216,-0.01434427872300148
32.6,1550,-5.747228622436523,-0.2565872073173523,16.052000045776367,24.586700439453125,8834.630469659893,394.66571044921875,-237.38430786132812,-60.148197412490845,0.024210650473833084,-0.014562269672751427
32.7,1550,-5.719869136810303,-0.2557266652584076,16.052047729492188,24.587343215942383,8838.927769691936,394.6772155761719,-236.7032470703125,-59.973883628845215,0.024164725095033646,-0.014492524787783623
32.8,1550,-5.597457408905029,-0.2590045928955078,16.05343246459961,24.562149047851562,8837.961416314325,394.3067932128906,-239.71112060546875,-60.79304814338684,0.023350846022367477,-0.014195690862834454
32.9,1550,-5.676244735717773,-0.2606997489929199,16.05048179626465,24.614791870117188,8832.642392837799,395.0792541503906,-241.13479614257812,-61.034536361694336,0.023539716377854347,-0.014367356896400452
33,1550,-5.747559070587158,-0.25454258918762207,16.051513671875,24.613723754882812,8826.269006719476,395.0875244140625,-235.2698211669922,-59.548789262771606,0.024429647251963615,-0.014547559432685375
33.1,1550,-5.648159503936768,-0.2567584812641144,16.051490783691406,24.609905242919922,8824.294335281995,395.0256652832031,-237.2648468017578,-60.06314754486084,0.023805294185876846,-0.014298208989202976
33.2,1550,-5.6129679679870605,-0.2610360085964203,16.048805236816406,24.66202735900879,8822.46246033276,395.79608154296875,-241.16754150390625,-60.9322726726532,0.023274144157767296,-0.014181464910507202
33.3,1550,-5.770018100738525,-0.25704365968704224,16.04949951171875,24.64653205871582,8827.941765581807,395.56451416015625,-237.62655639648438,-60.07276773452759,0.024281874299049377,-0.014586794190108776
33.4,1550,-5.800182342529297,-0.2548494040966034,16.052839279174805,24.581636428833008,8840.914680828411,394.6050720214844,-235.94427490234375,-59.79251265525818,0.024582847952842712,-0.014698702841997147
33.5,1550,-5.7719621658325195,-0.25807398557662964,16.053979873657227,24.553638458251953,8849.504618150024,394.1836242675781,-239.1617889404297,-60.672688484191895,0.024134131148457527,-0.014642826281487942
33.6,1550,-5.758509635925293,-0.2595846652984619,16.055849075317383,24.499202728271484,8856.994731090725,393.3554992675781,-240.765380859375,-61.20808720588684,0.023917514830827713,-0.014639453962445259
33.7,1550,-5.849895477294922,-0.25842440128326416,16.05638313293457,24.481470108032227,8862.163381122484,393.0838623046875,-239.8291015625,-61.01219654083252,0.024391932412981987,-0.014882054179906845
33.8,1550,-5.861935615539551,-0.25266948342323303,16.056106567382812,24.482677459716797,8863.329066740833,393.0964660644531,-234.51913452148438,-59.659433364868164,0.024995554238557816,-0.014912205748260021
33.9,1550,-5.836061954498291,-0.2546265721321106,16.05664825439453,24.472854614257812,8869.979303193513,392.9520263671875,-236.51296997070312,-60.188764333724976,0.024675441905856133,-0.014851843938231468
34,1550,-5.761162281036377,-0.2577650547027588,16.05779266357422,24.45528793334961,8872.213922523888,392.69793701171875,-239.48849487304688,-60.985422134399414,0.02405611239373684,-0.0146707221865654
34.1,1550,-5.748048305511475,-0.25960981845855713,16.057174682617188,24.450563430786133,8870.499198979296,392.6069641113281,-241.1558380126953,-61.42423748970032,0.023835409432649612,-0.014640718698501587
34.2,1550,-5.825601100921631,-0.2564293444156647,16.057598114013672,24.446754455566406,8868.32228108703,392.55615234375,-238.1429901123047,-60.664695501327515,0.024462617933750153,-0.014840172603726387
34.3,1550,-5.866352081298828,-0.2520811855792999,16.056476593017578,24.471792221069336,8867.034781321563,392.9307556152344,-234.0709228515625,-59.57052707672119,0.025062285363674164,-0.014929735101759434
34.4,1550,-5.751962661743164,-0.25555121898651123,16.054096221923828,24.53718376159668,8858.775315872752,393.92230224609375,-237.07200622558594,-60.182422399520874,0.02426251396536827,-0.014601768925786018
34.5,1550,-5.654485702514648,-0.2611753046512604,16.0519962310791,24.607955932617188,8846.788570659271,395.0068054199219,-241.96156311035156,-61.25503182411194,0.023369355127215385,-0.014314906671643257
34.6,1550,-5.775818347930908,-0.25979727506637573,16.05057716369629,24.64500617980957,8839.039092668489,395.5665588378906,-240.4740753173828,-60.7923150062561,0.024018466472625732,-0.014601381495594978
34.7,1550,-5.753178596496582,-0.2563879191875458,16.048967361450195,24.673168182373047,8832.012922603892,395.9788818359375,-237.12965393066406,-59.88442301750183,0.02426174283027649,-0.014529003761708736
34.8,1550,-5.626495361328125,-0.2606145143508911,16.04697036743164,24.711942672729492,8824.433634713387,396.55181884765625,-240.83192443847656,-60.731518268585205,0.023362746462225914,-0.014188550412654877
34.9,1550,-5.606500148773193,-0.26264092326164246,16.047910690307617,24.70265769958496,8824.642292439072,396.4260559082031,-242.7102508544922,-61.224597692489624,0.023099560290575027,-0.014142612926661968
35,1550,-5.698893070220947,-0.2558896541595459,16.050600051879883,24.6502628326416,8837.7247821338,395.6515197753906,-236.82188415527344,-59.85617637634277,0.024064049124717712,-0.014403820037841797
35.1,1550,-5.724834442138672,-0.2544012665748596,16.052820205688477,24.59065818786621,8847.880818083664,394.7494201660156,-235.7149658203125,-59.71255302429199,0.024287106469273567,-0.014502451755106449
35.2,1550,-5.606929779052734,-0.2572685182094574,16.051937103271484,24.599960327148438,8845.034796646465,394.87701416015625,-238.29493713378906,-60.34662127494812,0.02352937124669552,-0.014199179597198963
35.3,1550,-5.722828388214111,-0.2605779767036438,16.050275802612305,24.634489059448242,8835.255859994137,395.3903503417969,-241.09347534179688,-60.97606420516968,0.023736968636512756,-0.0144738694652915
35.4,1550,-5.886348724365234,-0.2555924952030182,16.047557830810547,24.682579040527344,8827.126368491772,396.0951232910156,-236.26318359375,-59.648096561431885,0.024914370849728584,-0.014860947616398335
35.5,1550,-5.789695739746094,-0.2595285475254059,16.04727554321289,24.70079231262207,8818.483392474525,396.38043212890625,-239.6666717529297,-60.46380400657654,0.024157283827662468,-0.014606411568820477
35.6,1550,-5.744406700134277,-0.26340699195861816,16.04671287536621,24.725791931152344,8814.84353913123,396.7676696777344,-243.1479034423828,-61.28218173980713,0.023625154048204422,-0.01447801012545824
35.7,1550,-5.843471050262451,-0.2594885230064392,16.04552459716797,24.754119873046875,8815.808726823223,397.1928405761719,-239.55703735351562,-60.3125274181366,0.02439281716942787,-0.014711924828588963
35.8,1550,-5.779166221618652,-0.25741103291511536,16.047407150268555,24.723560333251953,8822.359879998345,396.7490539550781,-237.8157196044922,-59.94109511375427,0.02430102787911892,-0.014566301368176937
35.9,1550,-5.65260124206543,-0.2605474293231964,16.048316955566406,24.701547622680664,8826.964921033632,396.41827392578125,-240.83900451660156,-60.7537567615509,0.023470455780625343,-0.014259184710681438
36,1600,-5.734473705291748,-0.2621682286262512,16.048877716064453,24.671550750732422,8833.19317929247,395.9507141113281,-242.50819396972656,-61.247068643569946,0.023646516725420952,-0.014482797123491764
36.1,1600,-5.96676778793335,-0.28031569719314575,15.916221618652344,27.20016860961914,8932.625579694815,432.9239196777344,-262.21356201171875,-60.568052530288696,0.022755373269319534,-0.013782486319541931
36.2,1600,-6.318696975708008,-0.29521942138671875,15.855178833007812,29.121017456054688,9157.857023500943,461.71893310546875,-283.1179504394531,-61.31824254989624,0.022318249568343163,-0.01368515845388174
36.3,1600,-6.52830171585083,-0.29938462376594543,15.837315559387207,29.96735191345215,9312.076647965685,474.6024169921875,-291.9474182128906,-61.514103412628174,0.02236122451722622,-0.013755306601524353
36.4,1600,-6.596297740936279,-0.3002070486545563,15.826580047607422,30.422840118408203,9397.464868038165,481.489501953125,-295.4338073730469,-61.35830879211426,0.022327497601509094,-0.013699774630367756
36.5,1600,-6.645585536956787,-0.30018290877342224,15.821636199951172,30.658109664916992,9443.919771300603,485.06146240234375,-296.8703918457031,-61.20263338088989,0.022385478019714355,-0.01370050199329853
36.6,1600,-6.732932090759277,-0.3001481294631958,15.818674087524414,30.78810691833496,9466.575454136024,487.02703857421875,-297.548095703125,-61.09477877616882,0.022628046572208405,-0.013824555091559887
36.7,1600,-6.78211784362793,-0.3014068007469177,15.816773414611816,30.86026382446289,9479.897492225322,488.10980224609375,-299.2163391113281,-61.30102872848511,0.022666268050670624,-0.013894655741751194
36.8,1600,-6.781641006469727,-0.30333971977233887,15.815299034118652,30.914377212524414,9485.417013628205,488.92010498046875,-301.310546875,-61.627763509750366,0.02250714786350727,-0.01387065276503563
36.9,1600,-6.646346569061279,-0.30441057682037354,15.813926696777344,30.95456314086914,9483.416697107117,489.51318359375,-302.31048583984375,-61.757367849349976,0.021985167637467384,-0.013577461242675781
37,1600,-6.557668685913086,-0.30355364084243774,15.81241512298584,30.996252059936523,9481.49564720808,490.1256103515625,-301.39837646484375,-61.49411201477051,0.021757477894425392,-0.013379567302763462
37.1,1600,-6.609450340270996,-0.30240803956985474,15.81167984008789,31.022422790527344,9482.224783562357,490.5166320800781,-300.28399658203125,-61.21790409088135,0.022010663524270058,-0.013474468141794205
37.2,1600,-6.699378967285156,-0.30235886573791504,15.811484336853027,31.046524047851562,9479.470851289007,490.8916320800781,-300.1479797363281,-61.1434280872345,0.022320253774523735,-0.013647368177771568
37.3,1600,-6.703055381774902,-0.30485284328460693,15.810867309570312,31.05132293701172,9477.616245470213,490.9483337402344,-302.56451416015625,-61.62858605384827,0.02215413562953472,-0.013653280213475227
37.4,1600,-6.586471080780029,-0.30734169483184814,15.809820175170898,31.087846755981445,9480.18891362991,491.4932556152344,-305.11749267578125,-62.07968592643738,0.021586671471595764,-0.013400938361883163
37.5,1600,-6.468448162078857,-0.30558228492736816,15.811629295349121,31.054384231567383,9483.122944331293,491.0204162597656,-303.4646911621094,-61.80287003517151,0.021315323188900948,-0.013173481449484825
37.6,1600,-6.437051773071289,-0.3034079074859619,15.81423568725586,30.98575210571289,9489.50857014861,490.0159912109375,-301.5082702636719,-61.53029203414917,0.021349502727389336,-0.013136412017047405
37.7,1600,-6.51030158996582,-0.30265533924102783,15.817794799804688,30.897174835205078,9503.57023576275,488.72515869140625,-301.2060852050781,-61.63097620010376,0.021614110097289085,-0.013320987112820148
37.8,1600,-6.581300258636475,-0.3037562966346741,15.817822456359863,30.86711311340332,9509.929633653654,488.2505187988281,-302.5040588378906,-61.9567334651947,0.021756071597337723,-0.013479351066052914
37.9,1600,-6.619262218475342,-0.3042716383934021,15.817923545837402,30.877349853515625,9515.756313216969,488.4155578613281,-303.20294189453125,-62.07888722419739,0.021831128746271133,-0.013552521355450153
38,1600,-6.652451515197754,-0.3052412271499634,15.816924095153809,30.903093338012695,9516.508180440806,488.7918701171875,-304.1931457519531,-62.2336745262146,0.021869169548153877,-0.013609987683594227
38.1,1600,-6.554490089416504,-0.3055165708065033,15.8182954788208,30.880022048950195,9515.23350321714,488.46929931640625,-304.4267578125,-62.322598695755005,0.021530596539378166,-0.013418427668511868
38.2,1600,-6.583148956298828,-0.3043935000896454,15.818056106567383,30.884435653686523,9516.261637932525,488.53173828125,-303.3404846191406,-62.09227442741394,0.021702177822589874,-0.013475376181304455
38.3,1600,-6.619442462921143,-0.3028405010700226,15.817948341369629,30.877235412597656,9511.663008168138,488.4145202636719,-301.6470031738281,-61.76044940948486,0.021944332867860794,-0.013552919030189514
38.4,1600,-6.6923723220825195,-0.30256810784339905,15.81479263305664,30.930347442626953,9506.047900544552,489.15704345703125,-301.1977844238281,-61.57486438751221,0.02221919596195221,-0.013681439682841301
38.5,1600,-6.720496654510498,-0.30192139744758606,15.813993453979492,30.96368408203125,9498.803747269323,489.65948486328125,-300.324951171875,-61.33342981338501,0.022377416491508484,-0.013724836520850658
38.6,1600,-6.654927730560303,-0.3039713203907013,15.813307762145996,30.991573333740234,9493.438679210873,490.07928466796875,-302.1932678222656,-61.6621196269989,0.02202209085226059,-0.013579287566244602
38.7,1600,-6.5936455726623535,-0.3052782714366913,15.81128978729248,31.031740188598633,9488.049131754437,490.6518249511719,-303.3202819824219,-61.819857358932495,0.02173822931945324,-0.013438542373478413
38.8,1600,-6.537097454071045,-0.30517148971557617,15.810626983642578,31.057361602783203,9486.059889246724,491.0363464355469,-303.1506042480469,-61.73689365386963,0.021563861519098282,-0.013312858529388905
38.9,1600,-6.52800989151001,-0.30204570293426514,15.813470840454102,31.008588790893555,9493.034186301305,490.3534240722656,-300.26611328125,-61.2346351146698,0.021740747615695,-0.013312866911292076
39,1600,-6.5811591148376465,-0.30016016960144043,15.81767463684082,30.920883178710938,9501.758760311837,489.0964660644531,-298.6659240722656,-61.06482744216919,0.022035185247659683,-0.013455748558044434
39.1,1600,-6.674864292144775,-0.2998402416706085,15.81821346282959,30.874807357788086,9515.019599906173,488.3843078613281,-298.76397705078125,-61.173951625823975,0.022341597825288773,-0.01366723794490099
39.2,1600,-6.808742046356201,-0.300658643245697,15.820013999938965,30.829883575439453,9526.055145655082,487.72918701171875,-299.9268798828125,-61.494553089141846,0.022701339796185493,-0.013960087671875954
39.3,1600,-6.83195161819458,-0.30137261748313904,15.82203197479248,30.769325256347656,9536.673375952621,486.833251953125,-300.9742431640625,-61.822861433029175,0.02269945666193962,-0.014033453539013863
39.4,1600,-6.8718647956848145,-0.30215638875961304,15.823554039001465,30.7255802154541,9542.785065649625,486.1878662109375,-301.9503479003906,-62.10569143295288,0.022758260369300842,-0.014134175144135952
39.5,1600,-6.792281150817871,-0.3020422160625458,15.822601318359375,30.731403350830078,9538.791426721162,486.250732421875,-301.7099304199219,-62.04822063446045,0.02251262031495571,-0.013968680053949356
39.6,1600,-6.654449462890625,-0.30099910497665405,15.821139335632324,30.7518310546875,9534.241755752746,486.52899169921875,-300.5245666503906,-61.76909804344177,0.02214278094470501,-0.013677394948899746
39.7,1600,-6.610506534576416,-0.300002783536911,15.819912910461426,30.778615951538086,9530.125136991546,486.9150390625,-299.4004821777344,-61.48926615715027,0.022079143673181534,-0.013576304540038109
39.8,1600,-6.657662391662598,-0.29989591240882874,15.815984725952148,30.859352111816406,9516.146235056307,488.071044921875,-298.8548278808594,-61.23182773590088,0.022277245298027992,-0.013640765100717545
39.9,1600,-6.680516719818115,-0.30123570561408997,15.81251335144043,30.945764541625977,9496.609926935591,489.330322265625,-299.5736999511719,-61.221158504486084,0.022300077602267265,-0.01365236658602953
40,1600,-6.745419979095459,-0.3029978573322296,15.810702323913574,30.998046875,9487.38352526636,490.10089111328125,-301.0333557128906,-61.42273545265198,0.022407548502087593,-0.01376332901418209
40.1,1600,-6.7100324630737305,-0.3050141930580139,15.810837745666504,31.00859832763672,9485.048656972805,490.27191162109375,-302.9620361328125,-61.7946982383728,0.022148095071315765,-0.0136863486841321
40.2,1600,-6.579825401306152,-0.3054090440273285,15.810632705688477,31.026647567749023,9484.872055601627,490.5509338378906,-303.3486022949219,-61.83834671974182,0.021690640598535538,-0.013413134030997753
40.3,1600,-6.497133731842041,-0.3040456771850586,15.809842109680176,31.030517578125,9480.313641991073,490.58758544921875,-301.8492736816406,-61.52811646461487,0.021524429321289062,-0.01324357558041811
40.4,1600,-6.513482570648193,-0.30322232842445374,15.806819915771484,31.102081298828125,9468.975017981395,491.625,-300.6718444824219,-61.15878224372864,0.02166309393942356,-0.013248884119093418
40.5,1600,-6.552992343902588,-0.30476561188697815,15.803509712219238,31.20473289489746,9456.212508988901,493.144287109375,-301.7948303222656,-61.19807958602905,0.02171340212225914,-0.013288184069097042
40.6,1600,-6.479701995849609,-0.30779460072517395,15.803385734558105,31.23288917541504,9451.713545344885,493.58538818359375,-304.6492919921875,-61.72170042991638,0.021269381046295166,-0.013127823360264301
40.7,1600,-6.451593399047852,-0.30601903796195984,15.805754661560059,31.19743537902832,9457.621240058676,493.0989990234375,-303.0811767578125,-61.464571952819824,0.021286683157086372,-0.013083769008517265
40.8,1600,-6.54588508605957,-0.3037579357624054,15.805362701416016,31.190513610839844,9461.0850748736,492.9773864746094,-300.95196533203125,-61.04782819747925,0.021750597283244133,-0.013278266414999962
40.9,1600,-6.615065574645996,-0.30396321415901184,15.805721282958984,31.1730899810791,9456.964959055545,492.7131652832031,-301.0242004394531,-61.09522581100464,0.021975195035338402,-0.013425794430077076
41,1250,-6.586353302001953,-0.3070048689842224,15.802351951599121,31.239517211914062,9447.03564895845,493.6578369140625,-303.71722412109375,-61.523836851119995,0.021685807034373283,-0.013341940008103848
41.1,1250,-5.758715629577637,-0.16986751556396484,16.41583824157715,19.187969207763672,8847.05784403711,314.9866027832031,-157.37574768066406,-49.96268153190613,0.036592140793800354,-0.018282415345311165
41.2,1250,-4.137742519378662,-0.07565207779407501,16.71565818786621,10.23327922821045,7394.713229694821,171.05599975585938,-58.58289337158203,-34.247785806655884,0.07063055783510208,-0.024189403280615807
41.3,1250,-2.738107919692993,-0.036451056599617004,16.799930572509766,6.205883979797363,5968.974223905725,104.2584228515625,-22.78444480895996,-21.853816509246826,0.12017444521188736,-0.02626270242035389
41.4,1250,-1.9381074905395508,-0.03397495299577713,16.820171356201172,4.667764186859131,4992.889119909749,78.5125961303711,-17.763944625854492,-22.625598311424255,0.10910344123840332,-0.02468530647456646
41.5,1250,-1.4855945110321045,-0.036198463290929794,16.83102798461914,3.959097146987915,4428.481920210919,66.63567352294922,-16.78702163696289,-25.192242860794067,0.0884966179728508,-0.02229428105056286
41.6,1250,-1.2491041421890259,-0.039543841034173965,16.837392807006836,3.6118624210357666,4117.960465345658,60.81434631347656,-17.052562713623047,-28.040361404418945,0.07325023412704468,-0.020539630204439163
41.7,1250,-1.1527996063232422,-0.0407826267182827,16.83990478515625,3.456303358078003,3950.9366586275673,58.203819274902344,-16.873449325561523,-28.990277647972107,0.06832032650709152,-0.019806252792477608
41.8,1250,-1.0870250463485718,-0.042707812041044235,16.8415584564209,3.3835084438323975,3861.6229922352973,56.98355484008789,-17.270536422729492,-30.30793070793152,0.06294101476669312,-0.019076118245720863
41.9,1250,-1.0521188974380493,-0.043180376291275024,16.843528747558594,3.3105688095092773,3816.5861455275804,55.761661529541016,-17.257986068725586,-30.949553847312927,0.06096417456865311,-0.018868140876293182
42,1250,-1.0229997634887695,-0.043047476559877396,16.844449996948242,3.2672054767608643,3794.2827911703075,55.034278869628906,-17.104328155517578,-31.079408526420593,0.05980940908193588,-0.018588410690426826
42.1,1250,-1.007567048072815,-0.04286932572722435,16.845138549804688,3.2460124492645264,3781.856291057304,54.67953109741211,-16.97775650024414,-31.049564480781555,0.05934630334377289,-0.018426768481731415
42.2,1250,-0.9920715689659119,-0.04297332465648651,16.845478057861328,3.2276089191436768,3775.7932687348675,54.3706169128418,-16.99165916442871,-31.25154674053192,0.05838579684495926,-0.018246466293931007
42.3,1250,-1.0007061958312988,-0.04327425733208656,16.84561538696289,3.2250490188598633,3774.9685461598856,54.32793426513672,-17.106910705566406,-31.488239765167236,0.05849719047546387,-0.01841973513364792
42.4,1250,-1.0044012069702148,-0.04252292960882187,16.84611701965332,3.2160303592681885,3774.283705859106,54.1776237487793,-16.80685043334961,-31.021755933761597,0.0597614161670208,-0.01853904128074646
42.5,1250,-1.0038809776306152,-0.04197282716631889,16.84675407409668,3.208996057510376,3778.4256782825037,54.0611686706543,-16.60763168334961,-30.720075964927673,0.06044696643948555,-0.018569353967905045
42.6,1250,-1.0152390003204346,-0.04239410161972046,16.846458435058594,3.1995041370391846,3779.3337473791976,53.90031433105469,-16.778352737426758,-31.12848699092865,0.060508862137794495,-0.01883549429476261
42.7,1250,-1.0255532264709473,-0.042844995856285095,16.8459415435791,3.2117178440093994,3775.737024403782,54.10441207885742,-16.94066619873047,-31.31106197834015,0.060537952929735184,-0.01895507611334324
42.8,1250,-1.0208501815795898,-0.043120644986629486,16.845958709716797,3.225325345993042,3767.1059966641224,54.33369827270508,-17.01068115234375,-31.30779266357422,0.06001230329275131,-0.018788527697324753
42.9,1250,-1.0160678625106812,-0.04405388608574867,16.844341278076172,3.2474114894866943,3761.0310260640977,54.70050811767578,-17.350811004638672,-31.71965181827545,0.05856025591492653,-0.01857510767877102
43,1250,-1.0155130624771118,-0.04439898207783699,16.844270706176758,3.2545645236968994,3756.3446784569305,54.82076644897461,-17.46493911743164,-31.858253479003906,0.05814581364393234,-0.01852424070239067
43.1,1250,-1.0242682695388794,-0.044462110847234726,16.844022750854492,3.254093647003174,3753.0204344948042,54.81202697753906,-17.474292755126953,-31.880399584770203,0.05861571803689003,-0.018686925992369652
43.2,1250,-1.00962233543396,-0.04418349638581276,16.844526290893555,3.2513911724090576,3753.1623567188385,54.76814270019531,-17.365449905395508,-31.70720934867859,0.05813971534371376,-0.01843448169529438
43.3,1250,-1.005375623703003,-0.04429629072546959,16.84464454650879,3.250828742980957,3751.492803491958,54.759056091308594,-17.402036666870117,-31.77928626537323,0.057773444801568985,-0.018359988927841187
43.4,1250,-1.0015594959259033,-0.0438729003071785,16.8455753326416,3.22467041015625,3742.9005347991088,54.32143020629883,-17.196229934692383,-31.65644109249115,0.05824296921491623,-0.018437650054693222
43.5,1250,-1.0084751844406128,-0.04417691379785538,16.8444881439209,3.2618067264556885,3746.63801431294,54.94346618652344,-17.332679748535156,-31.546390056610107,0.058183453977108,-0.018354779109358788
43.6,1250,-0.9929192066192627,-0.04452643170952797,16.843830108642578,3.27644681930542,3749.251481469278,55.18791198730469,-17.481998443603516,-31.67722225189209,0.056796662509441376,-0.017991606146097183
43.7,1250,-0.9882160425186157,-0.044372718781232834,16.844173431396484,3.2580926418304443,3751.105504445262,54.879878997802734,-17.43026351928711,-31.76075518131256,0.05669541656970978,-0.01800689287483692
43.8,1250,-0.9980387091636658,-0.04468027129769325,16.84396743774414,3.253013849258423,3749.2820807167595,54.79365921020508,-17.54254150390625,-32.015642523765564,0.056892476975917816,-0.01821449212729931
43.9,1250,-0.9912490844726562,-0.044720735400915146,16.8444881439209,3.233795404434204,3736.0259038648965,54.47163009643555,-17.496349334716797,-32.12011456489563,0.05665462464094162,-0.018197529017925262
44,1250,-0.9866657853126526,-0.04238888621330261,16.849441528320312,3.154540538787842,3725.4942257245193,53.152244567871094,-16.537296295166016,-31.113073229789734,0.059663064777851105,-0.018563011661171913
44.1,1250,-0.9737412333488464,-0.0421358086168766,16.84971809387207,3.1205556392669678,3691.1586644146496,52.580482482910156,-16.287057876586914,-30.97548484802246,0.05978619307279587,-0.01851906254887581
44.2,1250,-0.9628998637199402,-0.042398400604724884,16.849681854248047,3.1201303005218506,3667.152826211778,52.573204040527344,-16.28197479248047,-30.970105528831482,0.059139005839824677,-0.01831541210412979
44.3,1250,-0.958228588104248,-0.04267166554927826,16.8494873046875,3.126978635787964,3652.3454132232973,52.68798828125,-16.32074737548828,-30.976220965385437,0.058712296187877655,-0.01818685233592987
44.4,1250,-0.9524725675582886,-0.04282548651099205,16.849489212036133,3.113861560821533,3644.148020533664,52.466976165771484,-16.342817306518555,-31.148770451545715,0.05828080698847771,-0.018153753131628036
44.5,1250,-0.9528138637542725,-0.04224451631307602,16.851003646850586,3.060922145843506,3629.455718999995,51.57960891723633,-16.056114196777344,-31.12880289554596,0.05934274196624756,-0.018472684547305107
44.6,1250,-0.9528074860572815,-0.04313161224126816,16.84933853149414,3.0962607860565186,3626.6333026965676,52.169944763183594,-16.380529403686523,-31.398403644561768,0.058167073875665665,-0.01826353184878826
44.7,1250,-0.9530133008956909,-0.042964495718479156,16.84945297241211,3.101391553878784,3629.2187933980654,52.256752014160156,-16.32869529724121,-31.247055530548096,0.058364324271678925,-0.01823713257908821
44.8,1250,-0.9507073163986206,-0.04309583082795143,16.849117279052734,3.1039254665374756,3633.7780812728324,52.298404693603516,-16.399185180664062,-31.356951594352722,0.05797283723950386,-0.018178515136241913
44.9,1250,-0.9456854462623596,-0.04306237772107124,16.849645614624023,3.0852251052856445,3633.4598490990234,51.98495101928711,-16.385021209716797,-31.518778204917908,0.05771646276116371,-0.018191523849964142
45,1250,-0.9457033276557922,-0.04319744557142258,16.849136352539062,3.102656841278076,3632.3719729956993,52.2770881652832,-16.43149185180664,-31.431537866592407,0.05755431950092316,-0.018090207129716873
45.1,1250,-0.9552447199821472,-0.04347173497080803,16.848817825317383,3.11171817779541,3632.8315445507333,52.42877197265625,-16.537918090820312,-31.543591618537903,0.05776087939739227,-0.018219856545329094
45.2,1250,-0.944969117641449,-0.04361841082572937,16.84873390197754,3.129145383834839,3632.4771761227553,52.722137451171875,-16.592100143432617,-31.4708411693573,0.056952957063913345,-0.017923573032021523
45.3,1250,-0.9419090747833252,-0.04342405125498772,16.848834991455078,3.120136260986328,3633.899021155736,52.57065963745117,-16.524633407592773,-31.433182954788208,0.057000305503606796,-0.017917010933160782
45.4,1250,-0.9338608980178833,-0.04311133548617363,16.849472045898438,3.109987497329712,3634.6689565066554,52.40164566040039,-16.409107208251953,-31.314104795455933,0.05691113322973251,-0.017821213230490685
45.5,1250,-0.9361448287963867,-0.043164100497961044,16.84971809387207,3.1039674282073975,3635.44238891443,52.30097579956055,-16.432687759399414,-31.419464945793152,0.056968457996845245,-0.01789918541908264
45.6,1250,-0.9455352425575256,-0.043174728751182556,16.84943199157715,3.086972713470459,3635.4724053191026,52.013736724853516,-16.43686866760254,-31.601014733314514,0.05752526596188545,-0.01817856729030609
45.7,1250,-0.9468161463737488,-0.04365968704223633,16.848976135253906,3.088862657546997,3638.8575563547874,52.04417419433594,-16.636972427368164,-31.967023015022278,0.05691036581993103,-0.01819254830479622
45.8,1250,-0.9415709972381592,-0.043059639632701874,16.85019302368164,3.073371171951294,3640.0182878092583,51.786895751953125,-16.413551330566406,-31.694409251213074,0.05736546218395233,-0.01818164438009262
45.9,1250,-0.9399643540382385,-0.04284324124455452,16.850156784057617,3.0634121894836426,3641.441881370667,51.61897659301758,-16.337451934814453,-31.650090217590332,0.05753432959318161,-0.01820966601371765
46,1300,-0.9448373913764954,-0.04289223626255989,16.849979400634766,3.074413537979126,3642.147121169768,51.80380630493164,-16.359302520751953,-31.57934546470642,0.05775535851716995,-0.018238764256238937
46.1,1300,-1.0979499816894531,-0.07695557177066803,16.776155471801758,4.566202640533447,3850.516048242265,76.60332489013672,-31.030418395996094,-40.50792455673218,0.03538302332162857,-0.014332928694784641
46.2,1300,-1.3493558168411255,-0.08235442638397217,16.769882202148438,5.033718109130859,4204.252674615168,84.41485595703125,-36.2580451965332,-42.95220673084259,0.037215352058410645,-0.01598481461405754
46.3,1300,-1.5488479137420654,-0.07622916996479034,16.772846221923828,5.105240821838379,4434.87745435599,85.6294174194336,-35.40229797363281,-41.34361445903778,0.04374992847442627,-0.018087800592184067
46.4,1300,-1.6098607778549194,-0.0753168910741806,16.773773193359375,5.13021993637085,4562.96357294297,86.05314636230469,-35.988853454589844,-41.82165861129761,0.04473220556974411,-0.018707750365138054
46.5,1300,-1.6171486377716064,-0.07468140870332718,16.773975372314453,5.141885280609131,4635.6335800764555,86.2498550415039,-36.25352478027344,-42.03313887119293,0.044606659561395645,-0.018749579787254333
46.6,1300,-1.6004809141159058,-0.0739159882068634,16.774616241455078,5.119876861572266,4674.54037753868,85.88397216796875,-36.18311309814453,-42.130228877067566,0.0442328155040741,-0.01863538660109043
46.7,1300,-1.6085841655731201,-0.07400169223546982,16.774593353271484,5.116246700286865,4695.433252297751,85.82295989990234,-36.3869743347168,-42.397716641426086,0.04420769214630127,-0.01874305121600628
46.8,1300,-1.6427849531173706,-0.07321552187204361,16.774686813354492,5.103612899780273,4707.107593765515,85.61151123046875,-36.08992004394531,-42.15545356273651,0.04551922157406807,-0.019188832491636276
46.9,1300,-1.6629869937896729,-0.07222092896699905,16.774681091308594,5.111547946929932,4713.278442007649,85.74458312988281,-35.64632797241211,-41.57268404960632,0.046652406454086304,-0.019394658505916595
47,1300,-1.6442216634750366,-0.07141576707363129,16.773895263671875,5.135944843292236,4721.89052735601,86.1498031616211,-35.31332778930664,-40.99060893058777,0.04656093940138817,-0.019085612148046494
47.1,1300,-1.6502000093460083,-0.07105952501296997,16.77403450012207,5.126203536987305,4728.801294544392,85.98711395263672,-35.1885986328125,-40.92310667037964,0.046895869076251984,-0.01919124834239483
47.2,1300,-1.6564491987228394,-0.07134581357240677,16.77358627319336,5.144752502441406,4732.20888502823,86.29595184326172,-35.35582733154297,-40.970438718795776,0.04685080796480179,-0.019194981083273888
47.3,1300,-1.6405527591705322,-0.0720648318529129,16.77350616455078,5.150406360626221,4736.0568132543995,86.39037322998047,-35.741180419921875,-41.37171804904938,0.04590091109275818,-0.01898999512195587
47.4,1300,-1.6372451782226562,-0.07257798314094543,16.773330688476562,5.145371437072754,4736.75127046153,86.30501556396484,-36.00096130371094,-41.71363711357117,0.045477818697690964,-0.01897045224905014
47.5,1300,-1.627773404121399,-0.07261139154434204,16.773696899414062,5.140305995941162,4738.251507852346,86.22193145751953,-36.02893829345703,-41.786280274391174,0.04517960920929909,-0.0188788790255785
47.6,1300,-1.623557209968567,-0.07333102077245712,16.77339744567871,5.133017063140869,4736.46917454189,86.09813690185547,-36.3723258972168,-42.24519431591034,0.04463715851306915,-0.01885705441236496
47.7,1300,-1.6433659791946411,-0.0732995867729187,16.77360725402832,5.148512363433838,4736.051567669117,86.35912322998047,-36.3535270690918,-42.09575951099396,0.04520513117313385,-0.019029442220926285
47.8,1300,-1.671871304512024,-0.07294418662786484,16.773603439331055,5.148070812225342,4734.882093572508,86.35169982910156,-36.168331146240234,-41.88491106033325,0.04622472822666168,-0.019361186772584915
47.9,1300,-1.6683770418167114,-0.07208022475242615,16.7737979888916,5.13826847076416,4735.869137869845,86.18827819824219,-35.747398376464844,-41.47593975067139,0.04667128622531891,-0.019357355311512947
48,1300,-1.6581884622573853,-0.0710865780711174,16.773948669433594,5.130979537963867,4735.140875779782,86.06678771972656,-35.24918746948242,-40.95562398433685,0.047041889280080795,-0.019266299903392792
48.1,1300,-1.6647101640701294,-0.07094782590866089,16.773656845092773,5.132207870483398,4735.86564081299,86.08589172363281,-35.18577194213867,-40.87286591529846,0.04731202498078346,-0.01933778077363968
48.2,1300,-1.6585631370544434,-0.0711861178278923,16.773433685302734,5.147238254547119,4735.9597699266715,86.33686065673828,-35.30465316772461,-40.891748666763306,0.046978600323200226,-0.019210372120141983
48.3,1300,-1.6297643184661865,-0.07186755537986755,16.77351188659668,5.145050048828125,4738.3736134208675,86.3005599975586,-35.6607780456543,-41.32160544395447,0.045701876282691956,-0.018884748220443726
48.4,1300,-1.6152997016906738,-0.07188020646572113,16.773954391479492,5.1316752433776855,4740.4628134703535,86.07848358154297,-35.68278121948242,-41.45377278327942,0.04526832699775696,-0.01876542903482914
48.5,1300,-1.605467438697815,-0.07205132395029068,16.773815155029297,5.138193607330322,4740.527217600767,86.1871109008789,-35.768211364746094,-41.500651836395264,0.044885315001010895,-0.018627697601914406
48.6,1300,-1.609724521636963,-0.07242664694786072,16.77431869506836,5.125166416168213,4740.56685091179,85.97117614746094,-35.954833984375,-41.82196259498596,0.0447707399725914,-0.018724001944065094
48.7,1300,-1.6093212366104126,-0.07235601544380188,16.774372100830078,5.116255760192871,4739.241757785133,85.82197570800781,-35.90972900390625,-41.84211194515228,0.04481574520468712,-0.018751854076981544
48.8,1300,-1.6262880563735962,-0.07228874415159225,16.77408218383789,5.127524375915527,4739.082641698228,86.00951385498047,-35.87513732910156,-41.710662841796875,0.04533189535140991,-0.01890823431313038
48.9,1300,-1.6289318799972534,-0.07186989486217499,16.77414894104004,5.125988960266113,4741.706891446536,85.98410034179688,-35.6870231628418,-41.50421321392059,0.045644935220479965,-0.018944570794701576
49,1300,-1.6434235572814941,-0.0706903263926506,16.774728775024414,5.13096809387207,4743.093765910967,86.07059478759766,-35.111576080322266,-40.793925523757935,0.04680574685335159,-0.01909390278160572
49.1,1300,-1.6406259536743164,-0.0706285908818245,16.77452278137207,5.120335578918457,4743.54313771684,85.89118957519531,-35.08423614501953,-40.847304463386536,0.046762481331825256,-0.019101213663816452
49.2,1300,-1.6500746011734009,-0.07064315676689148,16.774612426757812,5.122980117797852,4742.631280141886,85.93600463867188,-35.08472442626953,-40.826570987701416,0.047031138092279434,-0.01920120231807232
49.3,1300,-1.6615240573883057,-0.071196548640728,16.774093627929688,5.131008148193359,4741.803351931454,86.06800842285156,-35.3533935546875,-41.076111793518066,0.04699758440256119,-0.019304780289530754
49.4,1300,-1.654226541519165,-0.07191238552331924,16.774219512939453,5.124991416931152,4740.992909005297,85.96772766113281,-35.7027473449707,-41.5304034948349,0.04633331298828125,-0.019242413341999054
49.5,1300,-1.6339223384857178,-0.07218217104673386,16.774171829223633,5.11592435836792,4739.2799339891335,85.81539154052734,-35.82373809814453,-41.74512028694153,0.04561004415154457,-0.01903996802866459
49.6,1300,-1.6269636154174805,-0.07293226569890976,16.77374267578125,5.134191989898682,4739.288385209867,86.11961364746094,-36.19607162475586,-42.02999770641327,0.04494862258434296,-0.01889190450310707
49.7,1300,-1.652646541595459,-0.07341457158327103,16.77387237548828,5.1469340324401855,4739.304704808524,86.33401489257812,-36.43556594848633,-42.20302402973175,0.04535805806517601,-0.019142473116517067
49.8,1300,-1.6710622310638428,-0.07332611083984375,16.773488998413086,5.1689887046813965,4737.554719273978,86.70197296142578,-36.37822341918945,-41.957780718803406,0.04593578353524208,-0.019273634999990463
49.9,1300,-1.6771785020828247,-0.07324433326721191,16.773134231567383,5.174458980560303,4736.235163154007,86.7918930053711,-36.32753372192383,-41.85590445995331,0.0461682453751564,-0.019324136897921562
50,1300,-1.6618292331695557,-0.07232287526130676,16.773054122924805,5.196229457855225,4735.663977201016,87.1566390991211,-35.86618423461914,-41.15141034126282,0.046334151178598404,-0.019067157059907913
50.1,1300,-1.6645139455795288,-0.0718458965420723,16.77291488647461,5.183471202850342,4732.991351499546,86.94192504882812,-35.609535217285156,-40.9578412771225,0.0467434898018837,-0.019145125523209572
50.2,1300,-1.6729321479797363,-0.07232090085744858,16.772363662719727,5.186130046844482,4731.202315496786,86.98365783691406,-35.831417083740234,-41.19327366352081,0.046688977628946304,-0.019232718273997307
50.3,1300,-1.6633220911026,-0.07286667078733444,16.77225112915039,5.1795125007629395,4730.92692226945,86.87208557128906,-36.09971618652344,-41.555023193359375,0.046075765043497086,-0.019146796315908432
50.4,1300,-1.6368407011032104,-0.07384758442640305,16.77155876159668,5.2045745849609375,4731.204064025213,87.28882598876953,-36.587825775146484,-41.91581606864929,0.044737305492162704,-0.01875200681388378
50.5,1300,-1.6153494119644165,-0.0740741565823555,16.77156639099121,5.209023952484131,4730.349907888368,87.36348724365234,-36.69345474243164,-42.00090169906616,0.0440228208899498,-0.018489982932806015
50.6,1300,-1.6252833604812622,-0.07455232739448547,16.772109985351562,5.199755668640137,4730.761977754454,87.21087646484375,-36.93354034423828,-42.349693179130554,0.0440056212246418,-0.018636247143149376
50.7,1300,-1.6523034572601318,-0.07417524605989456,16.772165298461914,5.197072505950928,4728.7721524039325,87.1661605834961,-36.73127365112305,-42.13937520980835,0.04498355835676193,-0.018955791369080544
50.8,1300,-1.645769476890564,-0.07343452423810959,16.77204132080078,5.193962097167969,4727.604135414347,87.11334991455078,-36.355491638183594,-41.733548045158386,0.04526880010962486,-0.018892277032136917
50.9,1300,-1.6395347118377686,-0.07204087823629379,16.772430419921875,5.1890034675598145,4730.675425597292,87.03219604492188,-35.68870162963867,-41.00632071495056,0.04593987762928009,-0.01883825473487377
51,1350,-1.6398117542266846,-0.07156575471162796,16.772581100463867,5.174222469329834,4730.674551333078,86.78506469726562,-35.45332336425781,-40.85187017917633,0.046252693980932236,-0.018895091488957405
51.1,1350,-1.7186460494995117,-0.10593473166227341,16.68333625793457,6.978564262390137,4927.037790800796,116.42573547363281,-54.657894134521484,-46.94657325744629,0.03144369274377823,-0.014761736616492271
51.2,1350,-1.9199515581130981,-0.10721144825220108,16.673681259155273,7.582559585571289,5232.4252747814435,126.42918395996094,-58.74525833129883,-46.46495282649994,0.032682664692401886,-0.01518598385155201
51.3,1350,-2.111795663833618,-0.10577938705682755,16.67460060119629,7.731924533843994,5425.2285103707245,128.9267578125,-60.09629440307617,-46.61274254322052,0.03514019772410393,-0.016379809007048607
51.4,1350,-2.1926398277282715,-0.10557318478822708,16.674224853515625,7.795502185821533,5534.148426020813,129.9839630126953,-61.183319091796875,-47.06990122795105,0.035837214440107346,-0.01686854287981987
51.5,1350,-2.2703683376312256,-0.1044500470161438,16.673561096191406,7.828703880310059,5593.988897238751,130.53237915039062,-61.18695831298828,-46.87492847442627,0.03710542991757393,-0.017393143847584724
51.6,1350,-2.2968380451202393,-0.10526060312986374,16.673646926879883,7.829344749450684,5625.422192780336,130.54373168945312,-62.00826644897461,-47.49999642372131,0.0370408371090889,-0.017594395205378532
51.7,1350,-2.3121659755706787,-0.10443297773599625,16.673051834106445,7.837881565093994,5642.714556085732,130.68141174316406,-61.70983123779297,-47.2215861082077,0.037468355149030685,-0.017693152651190758
51.8,1350,-2.3199350833892822,-0.10572262853384018,16.672653198242188,7.8590850830078125,5651.324892905665,131.03179931640625,-62.56721878051758,-47.74964451789856,0.037079084664583206,-0.017705129459500313
51.9,1350,-2.342489004135132,-0.10506126284599304,16.672950744628906,7.8460798263549805,5656.8234319674175,130.8173065185547,-62.23631286621094,-47.57498502731323,0.03763861954212189,-0.017906568944454193
52,1350,-2.3431224822998047,-0.10497494786977768,16.67318344116211,7.846502304077148,5658.533492769535,130.826171875,-62.2039794921875,-47.54704535007477,0.037668369710445404,-0.017910197377204895
52.1,1350,-2.325725555419922,-0.10566513985395432,16.67294692993164,7.855991840362549,5661.268774072991,130.98252868652344,-62.643226623535156,-47.825634479522705,0.03712652996182442,-0.01775599829852581
52.2,1350,-2.3525800704956055,-0.10433416068553925,16.67333984375,7.861421585083008,5661.498414139805,131.07615661621094,-61.85667037963867,-47.191399335861206,0.038032762706279755,-0.017948193475604057
52.3,1350,-2.328320026397705,-0.10599221289157867,16.672826766967773,7.867246627807617,5660.979101196831,131.1692352294922,-62.83391571044922,-47.90293574333191,0.03705514594912529,-0.01775050349533558
52.4,1350,-2.3573551177978516,-0.10492198169231415,16.672542572021484,7.874350070953369,5659.340730060241,131.28543090820312,-62.18146514892578,-47.36356437206268,0.03791089728474617,-0.017955953255295753
52.5,1350,-2.352487564086914,-0.10585445165634155,16.67269515991211,7.87523889541626,5658.580703037078,131.30145263671875,-62.72566223144531,-47.772252559661865,0.03750438615679741,-0.017916690558195114
52.6,1350,-2.3466882705688477,-0.10503628104925156,16.672710418701172,7.8798089027404785,5659.720743571823,131.37777709960938,-62.25338363647461,-47.385019063949585,0.0376957543194294,-0.017862141132354736
52.7,1350,-2.337057113647461,-0.1055268943309784,16.673015594482422,7.862197399139404,5662.421054306728,131.08653259277344,-62.57400131225586,-47.734880447387695,0.03734869137406349,-0.017828352749347687
52.8,1350,-2.3084218502044678,-0.10537544637918472,16.67340087890625,7.84963321685791,5663.035953470408,130.8800811767578,-62.49098587036133,-47.746747732162476,0.0369400791823864,-0.01763768680393696
52.9,1350,-2.334404945373535,-0.10471166670322418,16.673336029052734,7.844935894012451,5665.183146379406,130.80125427246094,-62.120887756347656,-47.492578625679016,0.03757842257618904,-0.017846962437033653
53,1350,-2.3112456798553467,-0.10552169382572174,16.673110961914062,7.858202934265137,5666.702617582923,131.02069091796875,-62.61823272705078,-47.79262840747833,0.03691010922193527,-0.017640311270952225
53.1,1350,-2.3310611248016357,-0.10415125638246536,16.6739501953125,7.853839874267578,5667.352487315153,130.95452880859375,-61.81208038330078,-47.20117449760437,0.037712063640356064,-0.01780053786933422
53.2,1350,-2.2962050437927246,-0.10543444007635117,16.67363739013672,7.8409810066223145,5663.534866915061,130.7376708984375,-62.53147888183594,-47.82973229885101,0.03672078624367714,-0.017563452944159508
53.3,1350,-2.317894220352173,-0.10464698076248169,16.67298126220703,7.864191055297852,5662.227550494083,131.1195068359375,-62.05012130737305,-47.323331236839294,0.03735519200563431,-0.01767772249877453
53.4,1350,-2.304271697998047,-0.10598623752593994,16.672746658325195,7.887528419494629,5664.216793001795,131.5067596435547,-62.866310119628906,-47.80462086200714,0.03665352240204811,-0.01752207800745964
53.5,1350,-2.323579788208008,-0.10482817143201828,16.673219680786133,7.8802618980407715,5665.070657717235,131.38934326171875,-62.18877029418945,-47.33166992664337,0.037363335490226746,-0.0176846906542778
53.6,1350,-2.3333206176757812,-0.10556463897228241,16.673114776611328,7.892385959625244,5666.036428252037,131.5906524658203,-62.6363525390625,-47.599390149116516,0.03725185990333557,-0.01773165911436081
53.7,1350,-2.326078414916992,-0.10521628707647324,16.67339515686035,7.877252578735352,5664.688312834417,131.34054565429688,-62.41480255126953,-47.521352767944336,0.037268057465553284,-0.017710285261273384
53.8,1350,-2.35534405708313,-0.10464291274547577,16.67354393005371,7.868533134460449,5662.334793570971,131.1963348388672,-62.048885345458984,-47.294679284095764,0.03795948997139931,-0.017952818423509598
53.9,1350,-2.325732946395874,-0.1056862622499466,16.672706604003906,7.865969657897949,5661.414484775284,131.14700317382812,-62.65736389160156,-47.77643382549286,0.03711827099323273,-0.01773378625512123
54,1350,-2.332411766052246,-0.10456598550081253,16.673160552978516,7.869932651519775,5662.089999591117,131.21664428710938,-62.00059127807617,-47.250550985336304,0.03761918842792511,-0.017775272950530052
54.1,1350,-2.300183057785034,-0.10556188970804214,16.673715591430664,7.868210792541504,5663.611802165871,131.1923065185547,-62.60791778564453,-47.72224724292755,0.03673949092626572,-0.017532911151647568
54.2,1350,-2.3226447105407715,-0.10422945022583008,16.673786163330078,7.87144660949707,5663.264427851604,131.24681091308594,-61.813865661621094,-47.09742069244385,0.03757481649518013,-0.017696769908070564
54.3,1350,-2.315416097640991,-0.1055465042591095,16.672889709472656,7.876001358032227,5661.705906179871,131.31570434570312,-62.57772445678711,-47.65441119670868,0.037000641226768494,-0.017632439732551575
54.4,1350,-2.337380886077881,-0.10529410094022751,16.6724853515625,7.883909702301025,5662.472927316745,131.44436645507812,-62.4365348815918,-47.50035107135773,0.0374361090362072,-0.01778228208422661
54.5,1350,-2.347362995147705,-0.1055959165096283,16.672697067260742,7.885607719421387,5662.44145380505,131.47434997558594,-62.61515426635742,-47.625377774238586,0.03748873621225357,-0.017854152247309685
54.6,1350,-2.343970537185669,-0.10551249235868454,16.673030853271484,7.860612869262695,5661.704157651444,131.06024169921875,-62.55754089355469,-47.73189723491669,0.037469033151865005,-0.01788468100130558
54.7,1350,-2.36212420463562,-0.10504401475191116,16.672557830810547,7.867074966430664,5661.47393474182,131.1642608642578,-62.277252197265625,-47.480350732803345,0.03792916610836983,-0.018008900806307793
54.8,1350,-2.3460850715637207,-0.10558013617992401,16.67296600341797,7.866624355316162,5663.185744072365,131.1599578857422,-62.61402893066406,-47.73867428302765,0.03746899962425232,-0.017887204885482788
54.9,1350,-2.399254083633423,-0.10450422763824463,16.67279815673828,7.86406946182251,5663.035370627598,131.1160430908203,-61.97431564331055,-47.26676940917969,0.03871368244290352,-0.018298707902431488
55,1350,-2.3594789505004883,-0.1057073324918747,16.672693252563477,7.861476898193359,5660.447548554864,131.07199096679688,-62.659149169921875,-47.80513942241669,0.037655774503946304,-0.01800139620900154
55.1,1350,-2.373656988143921,-0.10442415624856949,16.672571182250977,7.876604080200195,5660.147967350948,131.3232421875,-61.895259857177734,-47.131991386413574,0.03834957629442215,-0.018074918538331985
55.2,1350,-2.3599722385406494,-0.1055944636464119,16.672344207763672,7.892125129699707,5658.592359893261,131.58023071289062,-62.57173156738281,-47.554054856300354,0.03771626949310303,-0.0179356150329113
55.3,1350,-2.358535051345825,-0.1051897332072258,16.67265510559082,7.890758037567139,5658.8138401607475,131.5598907470703,-62.33434295654297,-47.38096296787262,0.03783684968948364,-0.017927464097738266
55.4,1350,-2.370952606201172,-0.10514985769987106,16.672767639160156,7.88169527053833,5658.9770361473165,131.40966796875,-62.31250762939453,-47.41851091384888,0.03804938495159149,-0.01804245077073574
55.5,1350,-2.338547945022583,-0.10567433387041092,16.67231559753418,7.885326862335205,5659.057468454983,131.46665954589844,-62.62420654296875,-47.635048627853394,0.037342555820941925,-0.017788145691156387
55.6,1350,-2.375441551208496,-0.10485415160655975,16.672466278076172,7.8850297927856445,5662.0369608954825,131.462890625,-62.17087173461914,-47.291573882102966,0.03820827230811119,-0.018069293349981308
55.7,1350,-2.3410942554473877,-0.1052251085639,16.673276901245117,7.85249662399292,5663.448606179303,130.92684936523438,-62.406375885009766,-47.66507148742676,0.03751370310783386,-0.017880933359265327
55.8,1350,-2.361959457397461,-0.1035657450556755,16.673465728759766,7.847719192504883,5665.721110292274,130.8486785888672,-61.446895599365234,-46.96027338504791,0.038439035415649414,-0.01805107668042183
55.9,1350,-2.355813503265381,-0.10464493185281754,16.6737003326416,7.8565874099731445,5666.938668920639,130.99838256835938,-62.10053253173828,-47.40557074546814,0.03793548047542572,-0.017983531579375267
56,1400,-2.3823513984680176,-0.10355406254529953,16.67342185974121,7.844371318817139,5668.337491662658,130.79251098632812,-61.46833801269531,-46.9968318939209,0.03875737637281418,-0.018214737996459007
56.1,1400,-2.549229621887207,-0.13399693369865417,16.571075439453125,9.909008979797363,5841.578191204808,164.20294189453125,-81.96976470947266,-49.91979002952576,0.031099634245038033,-0.015524872578680515
56.2,1400,-2.778040885925293,-0.1421544998884201,16.551380157470703,10.76959228515625,6126.497984255678,178.25161743164062,-91.20140075683594,-51.1644184589386,0.030460504814982414,-0.015584941022098064
56.3,1400,-2.9021737575531006,-0.14259463548660278,16.548290252685547,11.070470809936523,6312.74831814141,183.19735717773438,-94.26496124267578,-51.45541429519653,0.030787408351898193,-0.015841787680983543
56.4,1400,-3.0327625274658203,-0.14162342250347137,16.54740333557129,11.171648025512695,6417.352282789562,184.8617706298828,-95.17427825927734,-51.48402452468872,0.03186535835266113,-0.01640556938946247
56.5,1400,-3.1131556034088135,-0.1413494199514389,16.546173095703125,11.235607147216797,6472.068400029239,185.9062957763672,-95.800048828125,-51.531362533569336,0.032496389001607895,-0.016745831817388535
56.6,1400,-3.130280017852783,-0.1406155526638031,16.545129776000977,11.27910041809082,6500.529197244035,186.6141815185547,-95.72176361083984,-51.29393935203552,0.03270186483860016,-0.016774073243141174
56.7,1400,-3.133026123046875,-0.13976843655109406,16.544937133789062,11.295291900634766,6515.102598844632,186.87989807128906,-95.35840606689453,-51.02657079696655,0.03285526856780052,-0.016764918342232704
56.8,1400,-3.145625114440918,-0.14043788611888885,16.544782638549805,11.293133735656738,6523.980460513976,186.84243774414062,-95.94570922851562,-51.35113000869751,0.03278547152876854,-0.016835710033774376
56.9,1400,-3.1318366527557373,-0.14030231535434723,16.54519271850586,11.299214363098145,6529.270341850043,186.9476776123047,-95.9308090209961,-51.314252614974976,0.03264682739973068,-0.01675247587263584
57,1400,-3.136502981185913,-0.13932369649410248,16.549768447875977,11.190533638000488,6524.0900349621015,185.20074462890625,-95.18610382080078,-51.39617919921875,0.032951269298791885,-0.016935693100094795
57.1,1400,-3.1235270500183105,-0.1416175365447998,16.545650482177734,11.283687591552734,6524.7498130220865,186.69595336914062,-96.76304626464844,-51.82921290397644,0.03228016570210457,-0.01673055626451969
57.2,1400,-3.1321046352386475,-0.14270995557308197,16.545190811157227,11.308425903320312,6530.455261281095,187.10006713867188,-97.5947265625,-52.16178297996521,0.03209296986460686,-0.016740264371037483
57.3,1400,-3.140254497528076,-0.1424371302127838,16.545433044433594,11.299960136413574,6535.747473988399,186.96273803710938,-97.48709106445312,-52.14252471923828,0.03221200406551361,-0.01679615117609501
57.4,1400,-3.157625436782837,-0.14229246973991394,16.54545783996582,11.296759605407715,6536.0080047241,186.91006469726562,-97.39196014404297,-52.10632681846619,0.03242182731628418,-0.016893822699785233
57.5,1400,-3.183061361312866,-0.14189745485782623,16.545137405395508,11.294795989990234,6535.77486760043,186.8739471435547,-97.11812591552734,-51.96985602378845,0.0327751524746418,-0.017033200711011887
57.6,1400,-3.1845874786376953,-0.14151997864246368,16.5444393157959,11.304123878479004,6533.323430745042,187.0203857421875,-96.82344818115234,-51.77159905433655,0.03289066627621651,-0.017028022557497025
57.7,1400,-3.1814723014831543,-0.14235185086727142,16.543413162231445,11.329488754272461,6531.699630678682,187.42840576171875,-97.36837768554688,-51.94963812828064,0.03267459571361542,-0.01697433367371559
57.8,1400,-3.1732404232025146,-0.14267972111701965,16.543306350708008,11.335657119750977,6530.38823435804,187.5292510986328,-97.57305145263672,-52.03084349632263,0.03252169117331505,-0.016921309754252434
57.9,1400,-3.165499687194824,-0.14291229844093323,16.542774200439453,11.372722625732422,6526.760620713739,188.13638305664062,-97.67781066894531,-51.918619871139526,0.03240756317973137,-0.016825558617711067
58,1400,-3.128255605697632,-0.14366380870342255,16.543046951293945,11.368569374084473,6526.5735281719935,188.07077026367188,-98.18863677978516,-52.20834016799927,0.03185965120792389,-0.016633395105600357
58.1,1400,-3.1391441822052,-0.14443296194076538,16.542924880981445,11.360960006713867,6525.272623021916,187.94351196289062,-98.69464874267578,-52.51293182373047,0.03180662915110588,-0.016702594235539436
58.2,1400,-3.1505017280578613,-0.14368686079978943,16.542909622192383,11.364742279052734,6527.6774324525695,188.0059051513672,-98.22100067138672,-52.243572473526,0.03207564353942871,-0.016757462173700333
58.3,1400,-3.1694202423095703,-0.14324291050434113,16.542484283447266,11.381214141845703,6529.881161114058,188.2735595703125,-97.9505844116211,-52.025675773620605,0.032357338815927505,-0.01683412306010723
58.4,1400,-3.19112229347229,-0.14364130795001984,16.539793014526367,11.450891494750977,6541.355587498275,189.39537048339844,-98.39561462402344,-51.9524872303009,0.032431550323963165,-0.01684899814426899
58.5,1400,-3.206862688064575,-0.14332185685634613,16.540245056152344,11.454262733459473,6549.560265723024,189.45631408691406,-98.2999267578125,-51.885271072387695,0.03262324631214142,-0.016926661133766174
58.6,1400,-3.224590539932251,-0.1432865411043167,16.540037155151367,11.477953910827637,6554.56105702574,189.8457794189453,-98.35073852539062,-51.80559754371643,0.032786641269922256,-0.016985315829515457
58.7,1400,-3.211193084716797,-0.14339938759803772,16.53973960876465,11.503534317016602,6559.897565786541,190.2654571533203,-98.50833129882812,-51.77415609359741,0.032598186284303665,-0.0168774351477623
58.8,1400,-3.184736967086792,-0.14325468242168427,16.540151596069336,11.495308876037598,6561.831438227382,190.1341552734375,-98.43794250488281,-51.772886514663696,0.032352738082408905,-0.016749946400523186
58.9,1400,-3.1996705532073975,-0.14266879856586456,16.54042625427246,11.469974517822266,6562.593213778972,189.71826171875,-98.0467300415039,-51.680171489715576,0.03263413906097412,-0.016865380108356476
59,1400,-3.195316791534424,-0.14250563085079193,16.540719985961914,11.443511962890625,6563.424930467664,189.28392028808594,-97.94700622558594,-51.746076345443726,0.032622914761304855,-0.016881078481674194
59.1,1400,-3.1939830780029297,-0.14264152944087982,16.540800094604492,11.429147720336914,6563.112526721947,189.0472412109375,-98.0357437133789,-51.85779929161072,0.032579779624938965,-0.01689515821635723
59.2,1400,-3.160902976989746,-0.14253777265548706,16.540502548217773,11.42138385772705,6563.762979296986,188.91543579101562,-97.9741439819336,-51.86137557029724,0.03226262331008911,-0.01673184148967266
59.3,1400,-3.1556670665740967,-0.14275765419006348,16.54043960571289,11.441636085510254,6563.112526721947,189.24969482421875,-98.11555480957031,-51.84450149536133,0.03216275945305824,-0.016674622893333435
59.4,1400,-3.1749422550201416,-0.14430785179138184,16.539594650268555,11.45046615600586,6561.915367591902,189.3860626220703,-99.16289520263672,-52.360183000564575,0.03201744332909584,-0.016764391213655472
59.5,1400,-3.1804447174072266,-0.1450972557067871,16.539321899414062,11.449462890625,6560.288070468688,189.36634826660156,-99.68061828613281,-52.639031410217285,0.03190635144710541,-0.016795193776488304
59.6,1400,-3.158795118331909,-0.14482922852039337,16.53936004638672,11.446476936340332,6559.233124984082,189.31739807128906,-99.48048400878906,-52.54693031311035,0.03175291046500206,-0.016685180366039276
59.7,1400,-3.1575660705566406,-0.14455220103263855,16.53934669494629,11.448225975036621,6557.963110502891,189.34617614746094,-99.27098083496094,-52.42829918861389,0.0318075455725193,-0.016676153987646103
59.8,1400,-3.1375019550323486,-0.14246618747711182,16.545316696166992,11.335753440856934,6550.852428230963,187.5536346435547,-97.7323226928711,-52.1090030670166,0.03210300952196121,-0.016728559508919716
59.9,1400,-3.1553263664245605,-0.14398068189620972,16.53927230834961,11.439458847045898,6547.207912145195,189.2003173828125,-98.71632385253906,-52.1755576133728,0.03196357190608978,-0.016677172854542732
60,1400,-3.148653745651245,-0.14359150826931,16.538761138916016,11.461397171020508,6551.072159970022,189.55731201171875,-98.50760650634766,-51.967185735702515,0.03196356073021889,-0.016610562801361084
60.1,1400,-3.1814610958099365,-0.14305613934993744,16.538137435913086,11.493130683898926,6552.168487294079,190.07498168945312,-98.15675354003906,-51.64107084274292,0.03241204470396042,-0.0167379267513752
60.2,1400,-3.178739547729492,-0.14338047802448273,16.53787612915039,11.50623893737793,6551.660831207288,190.28875732421875,-98.37167358398438,-51.69599652290344,0.03231356665492058,-0.016704820096492767
60.3,1400,-3.203451633453369,-0.14338763058185577,16.538166046142578,11.508007049560547,6553.4227650194225,190.3213348388672,-98.40303802490234,-51.70362591743469,0.032554399222135544,-0.016831805929541588
60.4,1400,-3.1825807094573975,-0.14330673217773438,16.538484573364258,11.488743782043457,6555.786775453434,190.00640869140625,-98.38299560546875,-51.778775453567505,0.032348889857530594,-0.016749858856201172
60.5,1400,-3.1969220638275146,-0.1430499255657196,16.53866195678711,11.4678316116333,6558.042959967748,189.66259765625,-98.24048614501953,-51.79750323295593,0.03254179656505585,-0.016855839639902115
60.6,1400,-3.1805500984191895,-0.1426551342010498,16.53897476196289,11.466140747070312,6558.877590870486,189.63821411132812,-97.9818344116211,-51.66776776313782,0.03246061131358147,-0.016771672293543816
60.7,1400,-3.1812634468078613,-0.14308398962020874,16.539615631103516,11.439034461975098,6560.3766625756825,189.19723510742188,-98.2988510131836,-51.955753564834595,0.032363180071115494,-0.01681453548371792
60.8,1400,-3.1928038597106934,-0.14369989931583405,16.53883171081543,11.454509735107422,6561.830855384573,189.4442138671875,-98.74386596679688,-52.12292671203613,0.03233420103788376,-0.016853531822562218
60.9,1400,-3.1836209297180176,-0.143839031457901,16.540328979492188,11.449397087097168,6563.629508293685,189.37680053710938,-98.86656188964844,-52.20627188682556,0.032201189547777176,-0.01681104116141796
61,1450,-3.1462502479553223,-0.1439802646636963,16.54058265686035,11.452980995178223,6563.982711036045,189.43898010253906,-98.96896362304688,-52.24318504333496,0.031790271401405334,-0.01660825125873089
61.1,1450,-3.3185389041900635,-0.16789427399635315,16.443330764770508,13.407401084899902,6708.588926206265,220.4623260498047,-117.94938659667969,-53.50092649459839,0.028135279193520546,-0.015052634291350842
61.2,1450,-3.539456844329834,-0.17791108787059784,16.411264419555664,14.471893310546875,6952.147279304071,237.5020751953125,-129.52410888671875,-54.535990953445435,0.02732662670314312,-0.01490284688770771
61.3,1450,-3.7171437740325928,-0.1812635362148285,16.402206420898438,14.920310974121094,7137.324016735304,244.72601318359375,-135.4797821044922,-55.35977482795715,0.027436889708042145,-0.015189001336693764
61.4,1450,-3.8053433895111084,-0.18195118010044098,16.39872169494629,15.1154203414917,7251.185273721574,247.87356567382812,-138.16323852539062,-55.739396810531616,0.027542373165488243,-0.015351952984929085
61.5,1450,-3.9085378646850586,-0.1806914508342743,16.397165298461914,15.212448120117188,7316.784231894155,249.44102478027344,-138.44793701171875,-55.503273010253906,0.028231102973222733,-0.015669185668230057
61.6,1450,-3.9559149742126465,-0.18121397495269775,16.397018432617188,15.244963645935059,7354.9231339552925,249.97195434570312,-139.57205200195312,-55.83508014678955,0.02834317460656166,-0.015825435519218445
61.7,1450,-3.9643752574920654,-0.18145586550235748,16.39694595336914,15.262502670288086,7378.299210502851,250.25843811035156,-140.20254516601562,-56.02310299873352,0.02827605791389942,-0.015841126441955566
61.8,1450,-4.03532600402832,-0.1806524097919464,16.39642333984375,15.271528244018555,7392.346887889573,250.3984375,-139.84750366210938,-55.849987268447876,0.028855187818408012,-0.016115618869662285
61.9,1450,-4.011551856994629,-0.18144631385803223,16.3974552154541,15.2659273147583,7404.359861029467,250.32235717773438,-140.69033813476562,-56.20366334915161,0.028513342142105103,-0.016025543212890625
62,1450,-3.99845552444458,-0.1810724139213562,16.397363662719727,15.268519401550293,7412.707918585272,250.36346435546875,-140.5587158203125,-56.141865253448486,0.028446868062019348,-0.01597060263156891
62.1,1450,-4.040304183959961,-0.1803852617740631,16.398569107055664,15.254316329956055,7418.155167479816,250.14895629882812,-140.1282196044922,-56.017905473709106,0.02883291058242321,-0.016151592135429382
62.2,1450,-4.006226062774658,-0.1814153790473938,16.399112701416016,15.242260932922363,7422.217581859762,249.9595489501953,-141.005615234375,-56.41137361526489,0.02841182053089142,-0.01602749712765217
62.3,1450,-4.05377721786499,-0.17994585633277893,16.39857292175293,15.23796272277832,7424.272102762102,249.88084411621094,-139.90213012695312,-55.98754286766052,0.02897580713033676,-0.016222842037677765
62.4,1450,-4.045864105224609,-0.1804582178592682,16.39923095703125,15.221715927124023,7423.6840143676445,249.6244354248047,-140.28936767578125,-56.20017647743225,0.028839420527219772,-0.016207804903388023
62.5,1450,-3.989546060562134,-0.18078340590000153,16.399200439453125,15.219420433044434,7421.880698716059,249.58631896972656,-140.50802612304688,-56.296366453170776,0.02839372307062149,-0.015984633937478065
62.6,1450,-4.0436625480651855,-0.18005956709384918,16.398508071899414,15.244989395141602,7418.143510623632,249.99508666992188,-139.87498474121094,-55.95109462738037,0.028909118846058846,-0.01617496833205223
62.7,1450,-4.022066593170166,-0.181770458817482,16.398117065429688,15.268834114074707,7416.639776175963,250.380126953125,-141.17543029785156,-56.384438276290894,0.028489848598837852,-0.016063841059803963
62.8,1450,-3.983582019805908,-0.18163466453552246,16.39826202392578,15.264589309692383,7414.784004671551,250.31272888183594,-141.03466796875,-56.343382596969604,0.028245411813259125,-0.015914419665932655
62.9,1450,-4.004675388336182,-0.1811448633670807,16.397502899169922,15.279159545898438,7415.162852497515,250.54006958007812,-140.66152954101562,-56.14332556724548,0.028470296412706375,-0.015984172001481056
63,1450,-3.9483766555786133,-0.18145529925823212,16.397836685180664,15.272603034973145,7414.661607681624,250.43765258789062,-140.89306640625,-56.25873804092407,0.02802392467856407,-0.015765907242894173
63.1,1450,-3.984713077545166,-0.1800556629896164,16.39767837524414,15.265421867370605,7413.319903534905,250.31747436523438,-139.781005859375,-55.841487646102905,0.028506828472018242,-0.015918636694550514
63.2,1450,-4.047600269317627,-0.1796671599149704,16.39691162109375,15.290176391601562,7409.592040927426,250.711669921875,-139.4092559814453,-55.605411529541016,0.02903394214808941,-0.016144443303346634
63.3,1450,-3.993661403656006,-0.18075478076934814,16.3963565826416,15.299103736877441,7405.815802366785,250.8495635986328,-140.18170166015625,-55.88277578353882,0.02848917804658413,-0.015920544043183327
63.4,1450,-4.011170387268066,-0.17971105873584747,16.395751953125,15.298410415649414,7403.472191431094,250.82894897460938,-139.32815551757812,-55.54707646369934,0.028789374977350235,-0.015991656109690666
63.5,1450,-4.059455394744873,-0.18006442487239838,16.395994186401367,15.303726196289062,7402.060546147273,250.9197998046875,-139.5754852294922,-55.625540018081665,0.029084298759698868,-0.016178298741579056
63.6,1450,-4.003539085388184,-0.1811382919549942,16.395151138305664,15.319504737854004,7395.360185213004,251.16558837890625,-140.28079223632812,-55.85191249847412,0.028539467602968216,-0.01593983918428421
63.7,1450,-3.9786300659179688,-0.18028582632541656,16.395130157470703,15.323601722717285,7388.283307824008,251.23243713378906,-139.48699951171875,-55.52109479904175,0.02852330356836319,-0.015836449339985847
63.8,1450,-4.002538681030273,-0.18103176355361938,16.39336395263672,15.358332633972168,7380.715676789688,251.7747344970703,-139.92066955566406,-55.573755502700806,0.02860577218234539,-0.015897300094366074
63.9,1450,-3.9348678588867188,-0.1823488175868988,16.39311408996582,15.367300033569336,7378.130768931,251.91790771484375,-140.88926696777344,-55.92666268348694,0.027928797528147697,-0.015619643963873386
64,1450,-3.9514214992523193,-0.18257847428321838,16.392921447753906,15.362318992614746,7373.932552176516,251.83328247070312,-140.9864501953125,-55.98403811454773,0.028026960790157318,-0.015690624713897705
64.1,1450,-3.997765064239502,-0.1822948306798935,16.39252281188965,15.375255584716797,7369.297203315152,252.0392303466797,-140.67892456054688,-55.81628084182739,0.02841765433549881,-0.01586167886853218
64.2,1450,-4.016265869140625,-0.1831207126379013,16.39263153076172,15.394803047180176,7370.21634642522,252.361328125,-141.33389282226562,-56.00457787513733,0.028416862711310387,-0.01591474376618862
64.3,1450,-3.9865143299102783,-0.18361732363700867,16.393108367919922,15.380843162536621,7370.986864618949,252.13983154296875,-141.73199462890625,-56.211668252944946,0.02812713012099266,-0.015810728073120117
64.4,1450,-3.988602876663208,-0.18285013735294342,16.39242935180664,15.393440246582031,7373.0454654209525,252.33587646484375,-141.17922973632812,-55.948930978775024,0.028252050280570984,-0.01580672152340412
64.5,1450,-4.046626567840576,-0.18355703353881836,16.392057418823242,15.409531593322754,7373.246546190117,252.59393310546875,-141.72889709472656,-56.109386682510376,0.02855188027024269,-0.016020284965634346
64.6,1450,-3.994414806365967,-0.1840687245130539,16.392580032348633,15.417628288269043,7370.285121876703,252.73471069335938,-142.06689453125,-56.21187090873718,0.028116434812545776,-0.015804773196578026
64.7,1450,-3.9849696159362793,-0.18321913480758667,16.39244270324707,15.41562271118164,7368.3104504392195,252.69970703125,-141.373291015625,-55.9451699256897,0.028187571093440056,-0.015769585967063904
64.8,1450,-4.017341136932373,-0.18216538429260254,16.392154693603516,15.423542976379395,7367.530606760544,252.82510375976562,-140.5453338623047,-55.5899441242218,0.0285839531570673,-0.01588980294764042
64.9,1450,-4.0120930671691895,-0.18277940154075623,16.391864776611328,15.432450294494629,7366.55959064046,252.96664428710938,-141.00047302246094,-55.738765001297,0.02845446579158306,-0.015860166400671005
65,1450,-3.9936470985412598,-0.1831582486629486,16.391820907592773,15.426824569702148,7365.832785657419,252.87374877929688,-141.27879333496094,-55.8692991733551,0.02826784737408161,-0.015793047845363617
65.1,1450,-4.006743431091309,-0.1818155199289322,16.39158821105957,15.44011116027832,7364.715475992231,253.08795166015625,-140.2218017578125,-55.40437698364258,0.028574325144290924,-0.01583142764866352
65.2,1450,-4.028894424438477,-0.18180499970912933,16.39181137084961,15.443876266479492,7367.6978826467775,253.15310668945312,-140.2704620361328,-55.40934205055237,0.028722327202558517,-0.015914853662252426
65.3,1450,-3.96807861328125,-0.1823263317346573,16.39271354675293,15.41878604888916,7378.541090268658,252.7557373046875,-140.87973022460938,-55.73750138282776,0.028166426345705986,-0.01569926179945469
65.4,1450,-4.005892276763916,-0.18111734092235565,16.393802642822266,15.376754760742188,7383.24171752465,252.08348083496094,-140.03472900390625,-55.55093288421631,0.028606420382857323,-0.01589113287627697
65.5,1450,-4.042787075042725,-0.18046367168426514,16.39443016052246,15.369824409484863,7386.334864312938,251.97950744628906,-139.58778381347656,-55.39647936820984,0.028962327167391777,-0.01604411005973816
65.6,1450,-4.041685581207275,-0.18091677129268646,16.395544052124023,15.345695495605469,7387.811787991386,251.6010284423828,-139.9662322998047,-55.63023090362549,0.02887614816427231,-0.016063867136836052
65.7,1450,-4.0216064453125,-0.1805761158466339,16.394681930541992,15.368258476257324,7387.952253108398,251.95770263671875,-139.70533752441406,-55.447930097579956,0.028786348178982735,-0.015961434692144394
65.8,1450,-4.050782680511475,-0.18077197670936584,16.392690658569336,15.416245460510254,7386.711963610474,252.7137451171875,-139.83338928222656,-55.3327202796936,0.028968635946512222,-0.016029134392738342
65.9,1450,-3.969386577606201,-0.1824982762336731,16.390966415405273,15.452966690063477,7387.589142038282,253.2890625,-141.1855010986328,-55.74086308479309,0.028114689514040947,-0.015671370550990105
66,1500,-3.936447858810425,-0.18191255629062653,16.391401290893555,15.447596549987793,7392.958289996396,253.20774841308594,-140.83465576171875,-55.62019944190979,0.027950845658779144,-0.015546316280961037
66.1,1500,-4.113189697265625,-0.20678988099098206,16.285499572753906,17.5743465423584,7527.851429751725,286.2070007324219,-163.01551818847656,-56.95720314979553,0.025231890380382538,-0.01437138020992279
66.2,1500,-4.407102108001709,-0.21496744453907013,16.25290870666504,18.69864845275879,7757.748530245292,303.9074401855469,-174.63729858398438,-57.463979721069336,0.025235744193196297,-0.014501462690532207
66.3,1500,-4.669835090637207,-0.2192295342683792,16.241558074951172,19.21967124938965,7923.57138935508,312.15740966796875,-181.90667724609375,-58.27402472496033,0.025671597570180893,-0.01495987270027399
66.4,1500,-4.769144058227539,-0.21876156330108643,16.236968994140625,19.446720123291016,8020.1828305610225,315.75579833984375,-183.7316131591797,-58.18788409233093,0.025957122445106506,-0.0151039008051157
66.5,1500,-4.839469909667969,-0.22089840471744537,16.233930587768555,19.562814712524414,8075.132084924368,317.5813903808594,-186.7974090576172,-58.81875157356262,0.02590758726000786,-0.015238518826663494
66.6,1500,-4.952852725982666,-0.2193356454372406,16.23310089111328,19.62704849243164,8104.693872205696,318.60784912109375,-186.15489196777344,-58.427590131759644,0.026606084778904915,-0.015545293688774109
66.7,1500,-4.906248569488525,-0.2211841195821762,16.233070373535156,19.63847541809082,8120.103070394649,318.7927551269531,-188.0806427001953,-58.997780084609985,0.026085877791047096,-0.015390087850391865
66.8,1500,-5.005672454833984,-0.2210538387298584,16.231660842895508,19.66973114013672,8131.1094740030985,319.27239990234375,-188.22463989257812,-58.95425081253052,0.026594139635562897,-0.015678374096751213
66.9,1500,-4.923217296600342,-0.22136713564395905,16.233238220214844,19.67085838317871,8140.781167578539,319.32171630859375,-188.7156219482422,-59.09889340400696,0.02608802169561386,-0.01541773322969675
67,1500,-4.966191291809082,-0.22232617437839508,16.232402801513672,19.697927474975586,8146.261055670397,319.74468994140625,-189.66078186035156,-59.31631922721863,0.026184597983956337,-0.015531739220023155
67.1,1500,-4.952264308929443,-0.2205984741449356,16.232078552246094,19.69475555419922,8148.185019783482,319.68682861328125,-188.2313690185547,-58.87992978096008,0.026309452950954437,-0.015490986406803131
67.2,1500,-4.8709845542907715,-0.22197562456130981,16.232820510864258,19.68941879272461,8151.787571186988,319.61480712890625,-189.49020385742188,-59.28705334663391,0.0257057324051857,-0.015240171924233437
67.3,1500,-4.911253929138184,-0.2201690673828125,16.233009338378906,19.665700912475586,8148.775439549176,319.2335205078125,-187.8785858154297,-58.85302424430847,0.026140574365854263,-0.015384518541395664
67.4,1500,-4.812118053436279,-0.2211201936006546,16.232576370239258,19.677963256835938,8147.519413295405,319.4240417480469,-188.6611328125,-59.062910079956055,0.025506675243377686,-0.015064983628690243
67.5,1500,-4.889253616333008,-0.22132562100887299,16.23285484313965,19.670780181884766,8154.4581569386255,319.31292724609375,-188.99722290039062,-59.18871760368347,0.025869447737932205,-0.015311794355511665
67.6,1500,-4.87116003036499,-0.21928557753562927,16.233116149902344,19.65634536743164,8159.4379659002125,319.083740234375,-187.36952209472656,-58.721113204956055,0.02599761262536049,-0.015266086906194687
67.7,1500,-4.873020172119141,-0.22043617069721222,16.233240127563477,19.65775489807129,8158.875522589359,319.10906982421875,-188.33966064453125,-59.02047157287598,0.025873573496937752,-0.01527070440351963
67.8,1500,-4.958949089050293,-0.21783846616744995,16.233417510986328,19.655717849731445,8157.206260783883,319.0794677734375,-186.0821075439453,-58.318424224853516,0.026649251580238342,-0.015541423112154007
67.9,1500,-4.937964916229248,-0.21924081444740295,16.23322296142578,19.66558074951172,8154.027436102646,319.2357482910156,-187.20704650878906,-58.64225625991821,0.02637702412903309,-0.015468082390725613
68,1500,-4.985698699951172,-0.21981681883335114,16.232725143432617,19.676776885986328,8151.526457608478,319.40771484375,-187.64132690429688,-58.74664783477783,0.026570366695523262,-0.015609199181199074
68.1,1500,-4.937716484069824,-0.21912570297718048,16.23201560974121,19.695682525634766,8147.340480552988,319.70062255859375,-186.95530700683594,-58.47824215888977,0.026411212980747223,-0.015444813296198845
68.2,1500,-4.906577110290527,-0.22149616479873657,16.23183822631836,19.708749771118164,8136.264135807437,319.90924072265625,-188.72084045410156,-58.991992473602295,0.025999126955866814,-0.015337403863668442
68.3,1500,-4.939503192901611,-0.22019873559474945,16.230642318725586,19.748506546020508,8127.089607148223,320.53094482421875,-187.40383911132812,-58.4666907787323,0.026357535272836685,-0.015410378575325012
68.4,1500,-4.887984752655029,-0.22260203957557678,16.229801177978516,19.776412963867188,8120.97733460841,320.9672546386719,-189.30673217773438,-58.980077505111694,0.025820448994636536,-0.015228920616209507
68.5,1500,-4.926971435546875,-0.2204904407262802,16.22974967956543,19.784311294555664,8119.953862635501,321.09442138671875,-187.48733520507812,-58.390092849731445,0.02627895586192608,-0.015344306826591492
68.6,1500,-4.866315841674805,-0.22231021523475647,16.22943878173828,19.780622482299805,8118.069531833439,321.0284118652344,-188.99085998535156,-58.87044668197632,0.025748947635293007,-0.015158521011471748
68.7,1500,-4.9452691078186035,-0.22139307856559753,16.22976303100586,19.771432876586914,8117.966368656215,320.88568115234375,-188.2087860107422,-58.65291357040405,0.02627544105052948,-0.015411311760544777
68.8,1500,-4.898529052734375,-0.22253580391407013,16.230079650878906,19.76118278503418,8124.522767416618,320.7255554199219,-189.33302307128906,-59.03272032737732,0.025872554630041122,-0.01527327299118042
68.9,1500,-4.977842330932617,-0.22222290933132172,16.2308406829834,19.737903594970703,8130.391411662195,320.3627624511719,-189.20338439941406,-59.059107303619385,0.026309479027986526,-0.015538142062723637
69,1500,-4.943005084991455,-0.22063282132148743,16.232120513916016,19.702007293701172,8136.049649653661,319.80535888671875,-187.9803009033203,-58.77959728240967,0.026295335963368416,-0.015456292778253555
69.1,1500,-4.978785991668701,-0.22110715508460999,16.23186683654785,19.691434860229492,8140.351029585368,319.6287536621094,-188.48402404785156,-58.96967053413391,0.0264148972928524,-0.01557677797973156
69.2,1500,-4.969498634338379,-0.21891754865646362,16.2315731048584,19.706357955932617,8141.072006140317,319.8652038574219,-186.63401794433594,-58.347707986831665,0.02662697248160839,-0.015536228194832802
69.3,1500,-4.869810104370117,-0.22092534601688385,16.23215103149414,19.698755264282227,8140.887244969808,319.753173828125,-188.34144592285156,-58.902138471603394,0.02585628442466259,-0.015229904092848301
69.4,1500,-4.877552032470703,-0.21995791792869568,16.23143196105957,19.71261215209961,8138.449796341842,319.96392822265625,-187.46055603027344,-58.58802795410156,0.026019083335995674,-0.015244068577885628
69.5,1500,-4.80736780166626,-0.22131820023059845,16.231149673461914,19.717784881591797,8140.123138046981,320.0423278808594,-188.6586456298828,-58.948034048080444,0.025481831282377243,-0.015021038241684437
69.6,1500,-4.869877338409424,-0.22150008380413055,16.231321334838867,19.714075088500977,8141.33078834759,319.9854736328125,-188.84170532226562,-59.01570916175842,0.025788145139813423,-0.015219056978821754
69.7,1500,-4.826160907745361,-0.2206510603427887,16.23145866394043,19.719703674316406,8143.390554835213,320.0795593261719,-188.1654510498047,-58.787089586257935,0.02564849518239498,-0.015078004449605942
69.8,1500,-4.817348480224609,-0.22163181006908417,16.231657028198242,19.70974349975586,8145.978959750756,319.9217834472656,-189.0618896484375,-59.096282720565796,0.025480272248387337,-0.015057893469929695
69.9,1500,-4.887998104095459,-0.21915721893310547,16.23145294189453,19.732234954833984,8145.804689750813,320.2828369140625,-186.94696044921875,-58.36933255195618,0.02614644356071949,-0.015261504799127579
70,1500,-4.83903169631958,-0.22059041261672974,16.231887817382812,19.71820640563965,8142.720868447472,320.063720703125,-188.0982666015625,-58.76900553703308,0.025726083666086197,-0.01511896401643753
70.1,1500,-4.867578029632568,-0.2194749265909195,16.2315616607666,19.7076358795166,8135.794364503243,319.8857116699219,-186.98789978027344,-58.45459699630737,0.02603151462972164,-0.015216615982353687
70.2,1500,-4.794352054595947,-0.2206200361251831,16.230600357055664,19.729568481445312,8131.6678374142875,320.2227478027344,-187.8681640625,-58.66796374320984,0.02551976777613163,-0.014971928671002388
70.3,1500,-4.854396343231201,-0.2209695279598236,16.230690002441406,19.735551834106445,8132.836437246682,320.3216247558594,-188.19281005859375,-58.75120759010315,0.025794802233576775,-0.015154756605625153
70.4,1500,-4.8408732414245605,-0.22052760422229767,16.231225967407227,19.725996017456055,8136.787528650076,320.1770935058594,-187.90768432617188,-58.68867039680481,0.025761974975466728,-0.015119361691176891
70.5,1500,-4.853236675262451,-0.2214389145374298,16.23181915283203,19.71725082397461,8139.5426266090435,320.0468444824219,-188.7480926513672,-58.97514224052429,0.025712773203849792,-0.015164144337177277
70.6,1500,-4.919147968292236,-0.21861715614795685,16.23186492919922,19.715421676635742,8141.16176393293,320.01806640625,-186.37997436523438,-58.24045538902283,0.026393115520477295,-0.015371469780802727
70.7,1500,-4.8507280349731445,-0.22009529173374176,16.232694625854492,19.688566207885742,8150.146285836354,319.5984802246094,-187.8472137451172,-58.77600312232971,0.025822730734944344,-0.015177569352090359
70.8,1500,-4.894051551818848,-0.21945227682590485,16.233184814453125,19.67405128479004,8155.9700511856245,319.37249755859375,-187.4322509765625,-58.687663078308105,0.026111042127013206,-0.015323960222303867
70.9,1500,-4.874179363250732,-0.21971628069877625,16.232925415039062,19.674823760986328,8156.395526436322,319.37994384765625,-187.6675262451172,-58.75995755195618,0.025972416624426842,-0.01526138186454773
71,1550,-4.859923839569092,-0.22079437971115112,16.233837127685547,19.667400360107422,8155.912349747516,319.2773742675781,-188.5771942138672,-59.06375050544739,0.02577153407037258,-0.015221635811030865
71.1,1550,-5.009978771209717,-0.24689246714115143,16.10463523864746,22.243139266967773,8282.77449843523,358.2176513671875,-214.14715576171875,-59.78129506111145,0.023395029827952385,-0.013985851779580116
71.2,1550,-5.36993408203125,-0.2533871531486511,16.066097259521484,23.607946395874023,8502.477678196337,379.2875671386719,-225.6101837158203,-59.482622146606445,0.02380182407796383,-0.014157949015498161
71.3,1550,-5.4669976234436035,-0.25959956645965576,16.054012298583984,24.18891716003418,8643.398578284146,388.32916259765625,-234.97254943847656,-60.508596897125244,0.023266537114977837,-0.01407825667411089
71.4,1550,-5.607252597808838,-0.2617653012275696,16.04738426208496,24.490238189697266,8712.944547960458,393.0042724609375,-238.83921813964844,-60.77268123626709,0.0234771016985178,-0.014267663471400738
71.5,1550,-5.596475601196289,-0.25896593928337097,16.04495620727539,24.62810707092285,8753.43813497066,395.1568908691406,-237.3831787109375,-60.07314324378967,0.02357570454478264,-0.014162667095661163
71.6,1550,-5.530099868774414,-0.2636728286743164,16.044347763061523,24.68309783935547,8772.052968610073,396.0242004394531,-242.21176147460938,-61.160850524902344,0.022831672802567482,-0.013964044861495495
71.7,1550,-5.743684768676758,-0.2625400424003601,16.04926300048828,24.63033676147461,8774.591831886835,395.29876708984375,-241.24098205566406,-61.02750897407532,0.023808909580111504,-0.014529984444379807
71.8,1550,-5.772427082061768,-0.2618642747402191,16.03567886352539,24.875911712646484,8773.620815766752,398.9021301269531,-240.59341430664062,-60.31389236450195,0.02399245649576187,-0.014470784924924374
71.9,1550,-5.699703216552734,-0.2657201886177063,16.038034439086914,24.8641414642334,8772.949380850583,398.7719421386719,-244.117431640625,-61.217302083969116,0.02334820292890072,-0.014293139800429344
72,1550,-5.776339054107666,-0.2620985507965088,16.036046981811523,24.918041229248047,8773.194757673245,399.5868835449219,-240.79696655273438,-60.26148200035095,0.023988422006368637,-0.01445577759295702
72.1,1550,-5.6837310791015625,-0.2618255615234375,16.039627075195312,24.866352081298828,8772.504671787183,398.8470153808594,-240.52723693847656,-60.30563712120056,0.023630300536751747,-0.014250404201447964
72.2,1550,-5.660750389099121,-0.2640496790409088,16.04628562927246,24.727109909057617,8773.12073663648,396.77825927734375,-242.5874786376953,-61.13930344581604,0.023334883153438568,-0.014266785234212875
72.3,1550,-5.761745452880859,-0.257567435503006,16.04754066467285,24.678001403808594,8773.198837572909,396.021240234375,-236.63421630859375,-59.75291132926941,0.02434874139726162,-0.014549082145094872
72.4,1550,-5.695087432861328,-0.26173487305641174,16.04347038269043,24.74248695373535,8773.462865365465,396.9553527832031,-240.47019958496094,-60.57865023612976,0.023683132603764534,-0.014346921816468239
72.5,1550,-5.759896278381348,-0.26304367184638977,16.03970718383789,24.824481964111328,8772.836309345603,398.17742919921875,-241.6553955078125,-60.69038510322571,0.023835165426135063,-0.014465652406215668
72.6,1550,-5.785483360290527,-0.2580854594707489,16.043161392211914,24.766847610473633,8773.213408643138,397.3385314941406,-237.11053466796875,-59.67468619346619,0.02439994178712368,-0.01456058956682682
72.7,1550,-5.635368824005127,-0.26114508509635925,16.047367095947266,24.667037963867188,8772.913244596413,395.84100341796875,-239.9132843017578,-60.608500242233276,0.02348919026553631,-0.014236444607377052
72.8,1550,-5.742406845092773,-0.257247656583786,16.05214500427246,24.578969955444336,8773.50133299087,394.5451965332031,-236.34857177734375,-59.904056787490845,0.024296347051858902,-0.014554496854543686
72.9,1550,-5.645602226257324,-0.2563248872756958,16.052675247192383,24.54192543029785,8773.217488542803,393.96356201171875,-235.49314880371094,-59.7753643989563,0.023973530158400536,-0.014330265112221241
73,1550,-5.596768856048584,-0.2595345973968506,16.05039405822754,24.563756942749023,8773.033893057913,394.2579650878906,-238.43702697753906,-60.47741174697876,0.023472733795642853,-0.014195702038705349
73.1,1550,-5.712658882141113,-0.25426164269447327,16.053220748901367,24.536867141723633,8772.808332890761,393.895751953125,-233.58670043945312,-59.30165648460388,0.024456268176436424,-0.014502971433103085
73.2,1550,-5.595333576202393,-0.25663962960243225,16.05086326599121,24.573339462280273,8774.641373525616,394.4233093261719,-235.82058715820312,-59.78870391845703,0.02372707799077034,-0.014186113141477108
73.3,1550,-5.647561550140381,-0.2577991187572479,16.057449340820312,24.444881439208984,8773.023401887347,392.5224304199219,-236.8423309326172,-60.338544845581055,0.023845236748456955,-0.014387869276106358
73.4,1550,-5.6993794441223145,-0.25319981575012207,16.048221588134766,24.578655242919922,8772.625320248682,394.4436950683594,-232.60635375976562,-58.97073745727539,0.02450225129723549,-0.014449157752096653
73.5,1550,-5.660574436187744,-0.2574186623096466,16.04825210571289,24.59756851196289,8772.804835833907,394.74798583984375,-236.48690795898438,-59.90833044052124,0.02393610030412674,-0.014339717105031013
73.6,1550,-5.7702484130859375,-0.2558698356151581,16.048063278198242,24.59746551513672,8773.009996502737,394.7416687011719,-235.06951904296875,-59.55021381378174,0.02454698644578457,-0.014617783017456532
73.7,1550,-5.7108049392700195,-0.2567732632160187,16.048828125,24.598793029785156,8773.101502823776,394.78179931640625,-235.9019775390625,-59.755027294158936,0.02420838177204132,-0.014465725049376488
73.8,1550,-5.685659885406494,-0.25955209136009216,16.05078125,24.556888580322266,8773.568359913927,394.1572570800781,-238.46762084960938,-60.500627756118774,0.023842481896281242,-0.014424852095544338
73.9,1550,-5.820767879486084,-0.2527773082256317,16.05709457397461,24.422887802124023,8772.947049479346,392.1606140136719,-232.2267303466797,-59.21725034713745,0.025065021589398384,-0.014842815697193146
74,1550,-5.713331699371338,-0.2543565630912781,16.059093475341797,24.36392593383789,8772.920238710123,391.2625732421875,-233.6768798828125,-59.72380042076111,0.024449707940220833,-0.01460229605436325
74.1,1550,-5.737700462341309,-0.2571927607059479,16.057533264160156,24.368873596191406,8772.560624696864,391.3039855957031,-236.27281188964844,-60.380882024765015,0.02428421936929226,-0.014663025736808777
74.2,1550,-5.74388313293457,-0.25086507201194763,16.060976028442383,24.321422576904297,8773.42381489725,390.62579345703125,-230.48248291015625,-59.00339484214783,0.024921126663684845,-0.014704311266541481
74.3,1550,-5.641234874725342,-0.2538118064403534,16.06588363647461,24.21045684814453,8774.046291017448,388.9623718261719,-233.2063446044922,-59.95601415634155,0.024189885705709457,-0.014503291808068752
74.4,1550,-5.776378631591797,-0.25844085216522217,16.054758071899414,24.395503997802734,8791.291444055301,391.6639099121094,-237.92630004882812,-60.74756979942322,0.02427801676094532,-0.014748304150998592
74.5,1550,-5.852448463439941,-0.2559978663921356,16.05071449279785,24.529008865356445,8815.86817678976,393.7081298828125,-236.33609008789062,-60.02824902534485,0.02476324513554573,-0.01486494205892086
74.6,1550,-5.735904693603516,-0.2600269317626953,16.048023223876953,24.616512298583984,8824.197000532862,395.0463562011719,-240.28250122070312,-60.82387566566467,0.02387150377035141,-0.01451957318931818
74.7,1550,-5.708504676818848,-0.2636527717113495,16.045940399169922,24.664365768432617,8826.26784103386,395.762939453125,-243.69020080566406,-61.574786901474,0.023425253108143806,-0.014424050226807594
74.8,1550,-5.766021251678467,-0.26026856899261475,16.043472290039062,24.728425979614258,8828.486140765577,396.7298278808594,-240.62269592285156,-60.65152883529663,0.02396291494369507,-0.014533874578773975
74.9,1550,-5.744524002075195,-0.2570327818393707,16.045547485351562,24.707489013671875,8828.813698424332,396.4451904296875,-237.6399688720703,-59.94270443916321,0.024173222482204437,-0.014490083791315556
75,1550,-5.6589837074279785,-0.2584034502506256,16.0463809967041,24.71006202697754,8836.264178054009,396.507080078125,-239.10882568359375,-60.30380129814148,0.023666979745030403,-0.014272088184952736
75.1,1550,-5.658473014831543,-0.2612919509410858,16.046972274780273,24.6845760345459,8841.598355443573,396.1127014160156,-241.9276123046875,-61.075448989868164,0.023389115929603577,-0.014285007491707802
75.2,1550,-5.801484107971191,-0.2562643885612488,16.04867172241211,24.64484405517578,8844.93979326857,395.5169982910156,-237.3623046875,-60.01317501068115,0.024441471323370934,-0.014668102376163006
75.3,1550,-5.814761161804199,-0.25442391633987427,16.047544479370117,24.651222229003906,8844.45311952291,395.5915832519531,-235.64462280273438,-59.56765413284302,0.024675976485013962,-0.014698900282382965
75.4,1550,-5.775613784790039,-0.25742000341415405,16.04770851135254,24.643192291259766,8849.895122832171,395.4667663574219,-238.56626892089844,-60.32523512840271,0.024209683761000633,-0.014604548923671246
75.5,1550,-5.799835681915283,-0.2601938545703888,16.049205780029297,24.606826782226562,8851.84473202886,394.9200134277344,-241.19007873535156,-61.073142290115356,0.02404674142599106,-0.0146861020475626
75.6,1550,-5.848819732666016,-0.2582235038280487,16.047359466552734,24.63453483581543,8847.162755742762,395.3192443847656,-239.23703002929688,-60.51743030548096,0.02444780245423317,-0.014795181341469288
75.7,1550,-5.815858840942383,-0.25643420219421387,16.04604721069336,24.662635803222656,8836.677996448523,395.7378234863281,-237.29774475097656,-59.963369369506836,0.024508699774742126,-0.014696242287755013
75.8,1550,-5.699887752532959,-0.2610589265823364,16.045503616333008,24.69268798828125,8825.754356518975,396.20660400390625,-241.27871704101562,-60.89719533920288,0.023623665794730186,-0.014386150054633617
75.9,1550,-5.7403883934021,-0.2622247040271759,16.044157028198242,24.731128692626953,8819.401952741784,396.79010009765625,-242.1817169189453,-61.03522181510925,0.023702815175056458,-0.01446706522256136
76,1600,-5.850175380706787,-0.25611475110054016,16.044143676757812,24.75193214416504,8822.014837055312,397.1235656738281,-236.60885620117188,-59.580665826797485,0.024725090712308884,-0.014731373637914658
76.1,1600,-6.036840438842773,-0.2819393575191498,15.892542839050293,27.78959083557129,8956.623549519763,441.64727783203125,-264.44091796875,-59.87604260444641,0.022828692570328712,-0.013668918050825596
76.2,1600,-6.218291282653809,-0.29691582918167114,15.844606399536133,29.420373916625977,9165.290017846344,466.15423583984375,-284.9759216308594,-61.1333966255188,0.02182040922343731,-0.013339557684957981
76.3,1600,-6.347158908843994,-0.2999579906463623,15.824743270874023,30.223766326904297,9299.745442651982,478.2833557128906,-292.11920166015625,-61.07659935951233,0.021727975457906723,-0.013270708732306957
76.4,1600,-6.532577037811279,-0.3021482527256012,15.813410758972168,30.696956634521484,9369.411477946982,485.423583984375,-296.4565124511719,-61.071717739105225,0.02203553169965744,-0.013457478024065495
76.5,1600,-6.621764183044434,-0.30494681000709534,15.806561470031738,30.956445693969727,9403.436675460967,489.3149719238281,-300.2889404296875,-61.36925220489502,0.022051310166716576,-0.013532723300158978
76.6,1600,-6.541444778442383,-0.3069497048854828,15.805110931396484,31.06914520263672,9424.965723146252,491.0513000488281,-302.9532470703125,-61.694830656051636,0.021592257544398308,-0.013321306556463242
76.7,1600,-6.466935157775879,-0.3052052855491638,15.80483341217041,31.105224609375,9443.072317856064,491.6128845214844,-301.81024169921875,-61.39184832572937,0.021427156403660774,-0.013154527172446251
76.8,1600,-6.592202186584473,-0.30313482880592346,15.805583953857422,31.109935760498047,9452.130860796253,491.710693359375,-300.0503845214844,-61.02173328399658,0.021970318630337715,-0.013406667858362198
76.9,1600,-6.725099086761475,-0.30242761969566345,15.807297706604004,31.07431983947754,9461.836942097434,491.2010192871094,-299.6577453613281,-61.0051155090332,0.02244259975850582,-0.013691133819520473
77,1600,-6.761054515838623,-0.3036346137523651,15.808887481689453,31.02689552307129,9472.639933565482,490.5007019042969,-301.19720458984375,-61.40606999397278,0.022447269409894943,-0.013783985748887062
77.1,1600,-6.71743106842041,-0.3044492304325104,15.8103609085083,30.9708251953125,9478.876934466458,489.659912109375,-302.2041320800781,-61.71714663505554,0.022228125482797623,-0.013718564063310623
77.2,1600,-6.689857482910156,-0.30394673347473145,15.811334609985352,30.94828224182129,9482.790723930064,489.3336486816406,-301.82989501953125,-61.68181896209717,0.022164329886436462,-0.013671361841261387
77.3,1600,-6.66889762878418,-0.30229222774505615,15.810003280639648,30.949216842651367,9480.339287074677,489.3072204589844,-300.10931396484375,-61.333513259887695,0.022221561521291733,-0.013629265129566193
77.4,1600,-6.629337310791016,-0.30218538641929626,15.809636116027832,30.989656448364258,9478.38909503518,489.9351806640625,-299.9415283203125,-61.22065782546997,0.022102098912000656,-0.013531049713492393
77.5,1600,-6.598491191864014,-0.30247965455055237,15.810155868530273,30.98908805847168,9482.179904666049,489.94232177734375,-300.35369873046875,-61.303889751434326,0.02196906879544258,-0.013467893935739994
77.6,1600,-6.526873588562012,-0.3027518093585968,15.81259822845459,30.947036743164062,9488.624397607091,489.3530578613281,-300.8282470703125,-61.47468686103821,0.021696345880627632,-0.013337760232388973
77.7,1600,-6.467329502105713,-0.3025972545146942,15.813480377197266,30.91576385498047,9495.178464996257,488.8858337402344,-300.8823547363281,-61.5445077419281,0.0214945450425148,-0.013228711672127247
77.8,1600,-6.451148509979248,-0.3010972738265991,15.812995910644531,30.933820724487305,9499.09575151672,489.1563720703125,-299.514404296875,-61.23080849647522,0.021538691595196724,-0.0131883155554533
77.9,1600,-6.493854999542236,-0.29993459582328796,15.814411163330078,30.892333984375,9505.602608638343,488.5440673828125,-298.56219482421875,-61.112648248672485,0.021750425919890404,-0.013292260468006134
78,1600,-6.58120584487915,-0.29955199360847473,15.815495491027832,30.866641998291016,9509.178932115436,488.1712341308594,-298.2935485839844,-61.1042857170105,0.02206285111606121,-0.013481346890330315
78.1,1600,-6.67849588394165,-0.29984402656555176,15.816787719726562,30.831798553466797,9518.052713885118,487.6600036621094,-298.86297607421875,-61.28511428833008,0.02234634757041931,-0.013694983907043934
78.2,1600,-6.780185222625732,-0.30059221386909485,15.818314552307129,30.77456283569336,9523.731934217712,486.8017272949219,-299.7875061035156,-61.583077907562256,0.022616637870669365,-0.013928022235631943
78.3,1600,-6.7414655685424805,-0.30137693881988525,15.81766414642334,30.76935386657715,9520.431295389359,486.6993103027344,-300.4659423828125,-61.73543930053711,0.022436704486608505,-0.013851397670805454
78.4,1600,-6.764147758483887,-0.30258771777153015,15.817066192626953,30.784626007080078,9519.005661878116,486.9224548339844,-301.6278991699219,-61.94577217102051,0.022425470873713493,-0.013891631737351418
78.5,1600,-6.6967692375183105,-0.3018757700920105,15.814656257629395,30.838565826416016,9512.097808903782,487.7013244628906,-300.6998291015625,-61.65655255317688,0.02227061241865158,-0.013731292448937893
78.6,1600,-6.685637474060059,-0.3008410930633545,15.812901496887207,30.89321517944336,9499.107408372902,488.5113830566406,-299.2599182128906,-61.25956177711487,0.022340569645166397,-0.013685735873878002
78.7,1600,-6.723083972930908,-0.30125585198402405,15.808783531188965,30.98492431640625,9486.596104631164,489.8339538574219,-299.2778015136719,-61.09780669212341,0.022464357316493988,-0.01372523047029972
78.8,1600,-6.717411994934082,-0.30419763922691345,15.805397033691406,31.080732345581055,9471.832696274776,491.2433166503906,-301.72998046875,-61.421698331832886,0.022262990474700928,-0.013674307614564896
78.9,1600,-6.627341270446777,-0.3077218234539032,15.803664207458496,31.119848251342773,9459.779506981049,491.8076171875,-304.8371887207031,-61.98301315307617,0.021740594878792763,-0.013475474901497364
79,1600,-6.542708873748779,-0.30492061376571655,15.80383586883545,31.13406753540039,9457.758790961641,492.0376892089844,-301.9977111816406,-61.37694716453552,0.02166476473212242,-0.013297170400619507
79.1,1600,-6.659140110015869,-0.30438563227653503,15.805704116821289,31.095050811767578,9465.606186544366,491.47918701171875,-301.7179870605469,-61.389780044555664,0.022070743143558502,-0.013549180701375008
79.2,1600,-6.785323143005371,-0.30506566166877747,15.809006690979004,31.027009963989258,9479.19225242622,490.5061950683594,-302.8260803222656,-61.737459897994995,0.022406667470932007,-0.013833307661116123
79.3,1600,-6.812338829040527,-0.3055022358894348,15.809910774230957,30.98680877685547,9488.295674262718,489.898681640625,-303.5506896972656,-61.961930990219116,0.022442178800702095,-0.013905607163906097
79.4,1600,-6.689572811126709,-0.3067628741264343,15.810920715332031,30.9666690826416,9487.620159446884,489.6115417480469,-304.7815856933594,-62.249672412872314,0.021948743611574173,-0.01366302091628313
79.5,1600,-6.6060919761657715,-0.30583688616752625,15.808504104614258,31.007949829101562,9479.787334934388,490.1893005371094,-303.6106872558594,-61.93743944168091,0.02175842970609665,-0.013476613909006119
79.6,1600,-6.702593803405762,-0.3039172291755676,15.807296752929688,31.025062561035156,9469.171436008086,490.42236328125,-301.3671569824219,-61.45052909851074,0.022240623831748962,-0.01366698183119297
79.7,1600,-6.803746223449707,-0.3042001724243164,15.807031631469727,31.03995704650879,9467.291185105689,490.64959716796875,-301.58782958984375,-61.46705150604248,0.022559750825166702,-0.013866813853383064
79.8,1600,-6.78007698059082,-0.30436477065086365,15.807870864868164,31.03472328186035,9474.026516608508,490.5928955078125,-301.9656982421875,-61.55117154121399,0.02245313674211502,-0.013820169493556023
79.9,1600,-6.746514797210693,-0.3047271966934204,15.809345245361328,30.988327026367188,9482.057507676123,489.9051513671875,-302.58154296875,-61.76328659057617,0.022296518087387085,-0.013771062716841698
80,1600,-6.68518590927124,-0.3033745288848877,15.811429023742676,30.94186019897461,9488.132478276148,489.2350158691406,-301.431396484375,-61.612796783447266,0.022178133949637413,-0.013664569705724716
80.1,1600,-6.678273677825928,-0.30122050642967224,15.813941955566406,30.872655868530273,9504.414192150436,488.2183837890625,-299.80474853515625,-61.407917737960815,0.022275410592556,-0.013678865507245064
80.2,1600,-6.742658615112305,-0.30007830262184143,15.814871788024902,30.82880973815918,9508.079690577333,487.5536804199219,-298.7831115722656,-61.282092332839966,0.02256706915795803,-0.01382957212626934
80.3,1600,-6.784040927886963,-0.2997404932975769,15.815056800842285,30.82773208618164,9508.291262517063,487.5423278808594,-298.4533996582031,-61.21588945388794,0.02273065410554409,-0.013914773240685463
80.4,1600,-6.814010143280029,-0.30150702595710754,15.813953399658203,30.840913772583008,9502.63185883998,487.7167663574219,-300.0336608886719,-61.51800751686096,0.02271082065999508,-0.013971243984997272
80.5,1600,-6.700937747955322,-0.303829163312912,15.811944007873535,30.875003814697266,9492.93976576622,488.1938171386719,-302.03607177734375,-61.86805963516235,0.022185886278748512,-0.013725978322327137
80.6,1600,-6.580212116241455,-0.30385008454322815,15.809136390686035,30.940576553344727,9483.142760986806,489.143798828125,-301.7451171875,-61.68842911720276,0.02180718630552292,-0.013452510349452496
80.7,1000,-6.136405944824219,-0.1997191458940506,16.300195693969727,21.79751205444336,9140.309375045128,355.3037109375,-191.1653594970703,-53.8033664226532,0.03209998831152916,-0.017270874232053757
80.8,1000,-4.489145755767822,-0.07482125610113144,16.68852996826172,11.305476188659668,7690.003544849331,188.67178344726562,-60.253204345703125,-31.93546235561371,0.07450468093156815,-0.02379341423511505
80.9,1000,-2.8947536945343018,-0.01399796549230814,16.83302879333496,5.8728227615356445,6052.701341972059,98.85739135742188,-8.87243366241455,-8.974982798099518,0.32626375555992126,-0.029282115399837494
81,1000,-1.7987130880355835,0.015163809061050415,16.898210525512695,3.0520057678222656,4632.794844174371,51.57343673706055,7.3566484451293945,14.264413714408875,-0.24450170993804932,-0.034876734018325806
81.1,1000,-1.1067094802856445,0.028341535478830338,16.930450439453125,1.5896294116973877,3484.7693629435134,26.91314125061035,10.342512130737305,38.429224491119385,-0.10700587183237076,-0.041121527552604675
81.2,1000,-0.6575343608856201,0.031705450266599655,16.94695281982422,0.8296306133270264,2580.514681014407,14.059710502624512,8.567790985107422,60.938602685928345,-0.07674490660429001,-0.04676727578043938
81.3,1000,-0.3796830475330353,0.030416959896683693,16.95553207397461,0.42477935552597046,1882.8151193356464,7.202360153198242,5.997249126434326,83.26783776283264,-0.06330953538417816,-0.05271647870540619
81.4,1000,-0.222737655043602,0.02614075317978859,16.960031509399414,0.21960875391960144,1353.34089482609,3.724571466445923,3.704707384109497,99.46668148040771,-0.06012287363409996,-0.05980222299695015
81.5,1000,-0.12257742136716843,0.020982855930924416,16.962440490722656,0.10105999559164047,1204.9371673326943,1.7142242193222046,2.647631883621216,154.4507384300232,-0.04629700258374214,-0.0715060606598854
81.6,1000,-0.08477113395929337,0.01671622134745121,16.963537216186523,0.03978132829070091,1204.9371673326943,0.6748320460319519,2.109264850616455,200,-0.040189895778894424,-0.125618115067482
81.7,1000,-0.08477113395929337,0.01671622134745121,16.963537216186523,0.03978132829070091,1204.9371673326943,0.6748320460319519,2.109264850616455,200,-0.040189895778894424,-0.125618115067482
81.8,1000,-0.08477113395929337,0.01671622134745121,16.963537216186523,0.03978132829070091,1204.9371673326943,0.6748320460319519,2.109264850616455,200,-0.040189895778894424,-0.125618115067482
81.9,1000,-0.08477113395929337,0.01671622134745121,16.963537216186523,0.03978132829070091,1204.9371673326943,0.6748320460319519,2.109264850616455,200,-0.040189895778894424,-0.125618115067482
82,1000,-0.08477113395929337,0.01671622134745121,16.963537216186523,0.03978132829070091,1204.9371673326943,0.6748320460319519,2.109264850616455,200,-0.040189895778894424,-0.125618115067482
