Time (s),MGM - ESC throttle (μs),MGM - force Fz (thrust) (N),MGM - torque MZ (torque) (N⋅m),MGM - voltage (V),MGM - current (A),MGM - rotation speed (rpm),MGM - electrical power (W),MGM - mechanical power (W),MGM - motor & ESC efficiency (%),MGM - propeller efficiency (N/W),MGM - powertrain efficiency (N/W)
0,1000,0.001267774,0.000232761,16.97397232055664,0.010890432633459568,0,0.18485389649868011,0,0,0,0.006858251
0.1,1000,0.000946336,0.000134562,16.97374916,0.016694613,18.219500013522612,0.28337016701698303,0.000256736,0.090600899,3.6860299110412598,0.003339576
0.2,1000,0.001614095,9.71358E-05,16.97361946105957,-8.81785E-05,159.2591383865938,-0.001496709,0.00161999,-108.2368255,0.9963610768318176,-1.078429699
0.3,1000,0.001613397,5.13546E-05,16.973512649536133,-0.009197462,300.29879269677303,-0.156113237,0.00161496,-1.034480147,0.999031663,-0.010334784
0.4,1000,0.001832364,7.59921E-05,16.973508834838867,-0.000242414,441.33841057927674,-0.004114623,0.003512115,-85.35689712,0.5217268466949463,-0.445329845
0.5,1000,0.001858143,5.32254E-05,16.973514556884766,-0.008321072,582.3780649,-0.14123784,0.003246027,-2.298270352,0.5724359750747681,-0.013156126
0.6,1000,0.002240347,2.95976E-05,16.973514556884766,-0.005564141,723.4177191996353,-0.094443031,0.002242201,-2.374130487,0.999173105,-0.023721674
0.7,1000,0.000939757,4.34052E-05,16.973514556884766,-0.005087931,864.4573006544633,-0.086360067,0.003929288,-4.549889639,0.23916728794574738,-0.010881848
0.8,1000,0.000514563,5.85336E-05,16.973522186279297,0.002565294,1005.4969549646427,0.043542068,0.006163314,14.154848456382751,0.083488077,0.011817609891295433
0.9,1000,-0.000128335,5.99466E-05,16.97351646,0.001980796,1146.536682130173,0.033621069,0.007197496,21.40769362449646,-0.017830512,-0.003817101
1,1250,0.000313641,4.10657E-05,16.97351837158203,-0.005024398,1287.5762635850012,-0.085281715,0.00553708,-6.492693722,0.056643799,-0.003677708
1.1,1250,-0.000596394,-0.012105689,16.96577262878418,0.3001924455165863,1428.6159178951805,5.092996597290039,-1.81106329,-35.55987477,0.000329306,-0.000117101
1.2,1250,-0.013118007,0.036209743,16.907438278198242,5.63932991,1569.6554264946574,95.34661865234375,5.951937675476074,6.242421269416809,-0.002203989,-0.000137582
1.3,1250,0.3328661322593689,0.092467934,16.967832565307617,5.722533226013184,1906.4257901138976,97.09898376464844,18.460338592529297,19.011875987052917,0.018031420186161995,0.003428111
1.4,1250,0.8569361567497253,0.084256366,16.984771728515625,4.776944637298584,2557.1077137979623,81.13531494140625,22.562143325805664,27.808043360710144,0.037981148809194565,0.010561814531683922
1.5,1250,1.2777197360992432,0.064566642,16.986135482788086,3.928881883621216,3047.5419612633973,66.73651885986328,20.60565948486328,30.87613582611084,0.062008194625377655,0.019145735
1.6,1250,1.530477523803711,0.051677056,16.98255729675293,3.4191763401031494,3337.655175165416,58.06635665893555,18.062084197998047,31.10593557357788,0.084734276,0.026357388123869896
1.7,1250,1.6731631755828857,0.044104937463998795,16.979537963867188,3.143500804901123,3499.4412649788615,53.37519073486328,16.162723541259766,30.281341075897217,0.10351987928152084,0.031347207725048065
1.8,1250,1.7502193450927734,0.039746683,16.97759246826172,2.9745285511016846,3586.407531957181,50.50033187866211,14.927571296691895,29.55935001373291,0.11724743247032166,0.034657579
1.9,1250,1.786897897720337,0.037310887,16.976438522338867,2.8893589973449707,3631.6247685143376,49.05102539,14.189436912536621,28.927910327911377,0.12593156099319458,0.036429368
2,1250,1.8066856861114502,0.036130741238594055,16.97502326965332,2.8441836833953857,3655.8666580549248,48.28008270263672,13.832345962524414,28.650209307670593,0.13061310350894928,0.037420932203531265
2.1,1250,1.8190765380859375,0.035686437,16.974267959594727,2.809749126434326,3670.0061331840916,47.69343566894531,13.71508789,28.75676453113556,0.132633239,0.038141027092933655
2.2,1250,1.8305906057357788,0.035198566,16.973920822143555,2.7949881553649902,3677.349952579689,47.44190598,13.554656982421875,28.57106328010559,0.13505251705646515,0.038585939
2.3,1250,1.844319224357605,0.034941908,16.973773956298828,2.789477586746216,3680.748217578581,47.34796142578125,13.468255043029785,28.445270657539368,0.13693824410438538,0.038952451
2.4,1250,1.8523880243301392,0.034762532,16.973623275756836,2.783193349838257,3679.2628426793995,47.240875244140625,13.393708229064941,28.35194766521454,0.13830284774303436,0.039211553
2.5,1250,1.8609650135040283,0.034739133,16.973621368408203,2.7918219566345215,3679.7917725287252,47.3873291,13.386616706848145,28.249359130859375,0.13901682198047638,0.039271362125873566
2.6,1250,1.8621389865875244,0.034681801,16.97360610961914,2.8010520935058594,3680.1467237995125,47.54395676,13.365813255310059,28.112539649009705,0.13932104408740997,0.039166681468486786
2.7,1250,1.8639253377914429,0.035088673,16.973377227783203,2.8126275539398193,3681.8334708892635,47.73978805541992,13.528813362121582,28.338652849197388,0.1377744823694229,0.039043434
2.8,1250,1.867539405822754,0.03469938,16.973674774169922,2.792646884918213,3684.731073915074,47.40148162841797,13.389245986938477,28.246474266052246,0.13948054611682892,0.039398335
2.9,1250,1.8682780265808105,0.035069931,16.973936080932617,2.8156566619873047,3685.1711202360007,47.79277801513672,13.533844947814941,28.317761421203613,0.13804487884044647,0.039091222
3,1250,1.8739392757415771,0.034767956,16.974733352661133,2.8036015033721924,3687.240212,47.590389251708984,13.424842834472656,28.209146857261658,0.1395874321460724,0.039376423
3.1,1250,1.8731536865234375,0.034804049879312515,16.97495460510254,2.814131736755371,3686.0025455032883,47.76976013183594,13.434268951416016,28.122958540916443,0.13943101465702057,0.039212122559547424
3.2,1250,1.870322823524475,0.034666817635297775,16.975011825561523,2.8147218227386475,3683.051612360438,47.779937744140625,13.370584487915039,27.983680367469788,0.1398833990097046,0.039144523441791534
3.3,1250,1.8634330034255981,0.035015099,16.974878311157227,2.8192684650421143,3682.402325471018,47.85673904418945,13.502532005310059,28.214484453201294,0.13800619542598724,0.038937736
3.4,1250,1.8547579050064087,0.034966710954904556,16.975032806396484,2.8203132152557373,3684.562923764627,47.874908447265625,13.49178409576416,28.181326389312744,0.13747313618659973,0.038741753
3.5,1250,1.8482906818389893,0.034693092,16.975181579589844,2.817150354385376,3684.3635915238897,47.82164001464844,13.38548469543457,27.990436553955078,0.13808171451091766,0.038649671
3.6,1250,1.8482246398925781,0.035441216081380844,16.97492027282715,2.8446435928344727,3687.6167286632967,48.28759766,13.686203956604004,28.34310233592987,0.13504289090633392,0.038275349885225296
3.7,1250,1.851914882659912,0.034959637,16.975173950195312,2.822936773300171,3688.7829971244546,47.91984176635742,13.504504203796387,28.181445598602295,0.1371331363916397,0.038646098
3.8,1250,1.8551348447799683,0.034588102251291275,16.975339889526367,2.7982940673828125,3688.601441589397,47.501991271972656,13.360326766967773,28.12582254,0.1388539969921112,0.039053831
3.9,1250,1.854632019996643,0.034898788,16.97503662109375,2.7926905155181885,3686.546337844248,47.40602493286133,13.472825050354004,28.420069813728333,0.1376572549343109,0.039122287184000015
4,1250,1.8502206802368164,0.034851294,16.97506332397461,2.796895980834961,3687.4835490814003,47.47748565673828,13.45790958404541,28.345876932144165,0.13748201727867126,0.038970485
4.1,1250,1.8447887897491455,0.034325272,16.975257873535156,2.7899606227874756,3686.557411857622,47.36030197143555,13.251456260681152,27.98009216785431,0.13921403884887695,0.03895222
4.2,1250,1.8419392108917236,0.03445233,16.974613189697266,2.800349473953247,3683.882746206321,47.534847259521484,13.290858268737793,27.960240840911865,0.13858692348003387,0.03874924
4.3,1250,1.8471320867538452,0.034899186342954636,16.97395896911621,2.8131020069122314,3684.260428346666,47.74947738647461,13.464624404907227,28.198474645614624,0.13718408346176147,0.038683817
4.4,1250,1.8531187772750854,0.034760843962430954,16.97382164001465,2.8077805042266846,3683.3908268753776,47.65876388549805,13.40808391571045,28.133511543273926,0.13820905983448029,0.038883063942193985
4.5,1250,1.8588707447052002,0.035123654,16.97345733642578,2.8199753761291504,3685.1425609383514,47.86473083496094,13.554471969604492,28.318285942077637,0.13714078068733215,0.038835917
4.6,1250,1.7503020763397217,0.010838523507118225,16.988182067871094,1.8187990188598633,3573.3396133326814,30.898088455200195,4.055767536,13.126271963119507,0.4315587878227234,0.056647584
4.7,1250,1.4011880159378052,-0.009387463,16.98539924621582,0.9770598411560059,3180.0451540797058,16.59575080871582,-3.126152515,-18.8370645,-0.448214859,0.084430523
4.8,1250,1.1678205728530884,0.029599644243717194,16.958972930908203,1.9986708164215088,2924.3138374908863,33.89540481567383,9.064400672912598,26.742270588874817,0.12883594632148743,0.034453656524419785
4.9,1250,1.3604447841644287,0.046316884,16.964298248291016,2.7088348865509033,3145.4030174522104,45.95348358154297,15.256125450134277,33.19906294345856,0.089173675,0.029604824259877205
5,1250,1.5611704587936401,0.043238048,16.97120475769043,2.806347131729126,3369.6558681817332,47.62709045410156,15.257390022277832,32.03510642051697,0.10232225060462952,0.032779041677713394
5.1,1250,1.6855061054229736,0.040120817720890045,16.973024368286133,2.8189380168914795,3510.4033725338136,47.84590530395508,14.748757362365723,30.82553744316101,0.11428122967481613,0.035227805376052856
5.2,1250,1.757306456565857,0.037555486,16.973468780517578,2.8107845783233643,3590.412244899019,47.708763122558594,14.120377540588379,29.597032070159912,0.12445180118083954,0.036834039
5.3,1250,1.8002102375030518,0.036293670535087585,16.97353744506836,2.812171459197998,3634.2300758713473,47.73249816894531,13.812488555908203,28.937283158302307,0.1303320676088333,0.037714563
5.4,1250,1.823454499,0.035340745002031326,16.973674774169922,2.7877020835876465,3656.8487481883835,47.31754684448242,13.533536911010742,28.601518273353577,0.13473598659038544,0.038536537
5.5,1250,1.8349366188049316,0.035043485,16.97345542907715,2.7865188121795654,3668.662097666135,47.296852111816406,13.463055610656738,28.465011715888977,0.13629421591758728,0.038796168
5.6,1250,1.8353415727615356,0.034798186272382736,16.97349739074707,2.788511276245117,3674.7560106574583,47.330787658691406,13.391022682189941,28.29241454601288,0.1370576173067093,0.038776908069849014
5.7,1250,1.8324896097183228,0.034775249660015106,16.973461151123047,2.781254529953003,3677.2339668606637,47.207515716552734,13.391220092773438,28.366711735725403,0.13684262335300446,0.038817752
5.8,1250,1.8303340673446655,0.034476411,16.97353172302246,2.7806029319763184,3679.0891555222656,47.196651458740234,13.282840728759766,28.143608570098877,0.13779687881469727,0.038781013
5.9,1250,1.8293280601501465,0.034377903,16.973539352416992,2.8060340881347656,3679.3872796191586,47.62833023071289,13.245962142944336,27.811098098754883,0.13810458779335022,0.038408402
6,1300,1.8340015411376953,0.034993216,16.973247528076172,2.8141074180603027,3680.999422829335,47.76454162597656,13.48895263671875,28.240513801574707,0.13596323132514954,0.038396716
6.1,1300,2.0101499557495117,0.068471096,16.95317840576172,4.178874492645264,3846.8683265210466,70.84520721435547,27.58310890197754,38.934335112571716,0.072876118,0.028373831883072853
6.2,1300,2.5205492973327637,0.075418741,16.964767456054688,4.763029575,4261.6049898807405,80.80368805,33.657440185546875,41.65334701538086,0.074888326,0.031193493
6.3,1300,2.904946804046631,0.070482098,16.97247886657715,4.770513534545898,4551.241438364855,80.96743774414062,33.59211349487305,41.48842096328735,0.086477049,0.035877962
6.4,1300,3.1838152408599854,0.067083992,16.974117279052734,4.752742767333984,4715.8033170569925,80.67361450195312,33.12860870361328,41.06498658657074,0.096104704,0.039465386
6.5,1300,3.322040081,0.066055819,16.97411346435547,4.706790447235107,4803.937601024898,79.89359283447266,33.23051452636719,41.59346520900726,0.099969566,0.041580807
6.6,1300,3.3772101402282715,0.065975562,16.97369956970215,4.703118324279785,4851.061899253673,79.82931518554688,33.515716552734375,41.98422133922577,0.10076496750116348,0.042305388
6.7,1300,3.4552319049835205,0.065125376,16.97369384765625,4.689099311828613,4877.345778576203,79.59133911132812,33.26307678222656,41.792333126068115,0.10387589782476425,0.043412160128355026
6.8,1300,3.470869302749634,0.063973159,16.973569869995117,4.678605556488037,4890.8193557958875,79.41263580322266,32.76483917236328,41.25897288322449,0.10593274235725403,0.043706764
6.9,1300,3.480509042739868,0.063063696,16.973594665527344,4.667912006378174,4895.860946095247,79.23124694824219,32.33233642578125,40.807560086250305,0.10764792561531067,0.043928489089012146
7,1300,3.4775502681732178,0.062814623,16.97350311279297,4.672680377960205,4897.5284593722945,79.31175231933594,32.21561050415039,40.618959069252014,0.10794612765312195,0.043846592
7.1,1300,3.4559473991394043,0.063824169,16.973539352416992,4.666127681732178,4900.006124154095,79.20069885253906,32.74993133544922,41.350558400154114,0.10552532970905304,0.043635312
7.2,1300,3.4686977863311768,0.064834781,16.97351074,4.667245388031006,4901.383381712174,79.21954345703125,33.277854919433594,42.00713038444519,0.10423441231250763,0.043785884976387024
7.3,1300,3.498627185821533,0.064480841,16.97397804260254,4.661101818084717,4900.7824707759155,79.11743927001953,33.092132568359375,41.82659387588501,0.10572384297847748,0.044220682233572006
7.4,1300,3.4768447875976562,0.063135996,16.974328994750977,4.683308124542236,4902.091535725322,79.49600982666016,32.41059875488281,40.77009558677673,0.10727492719888687,0.043736089020967484
7.5,1300,3.4784538745880127,0.062845573,16.97480583190918,4.700483798980713,4902.789781410712,79.78980255126953,32.266109466552734,40.43888747692108,0.10780519247055054,0.043595220893621445
7.6,1300,3.480621814727783,0.063168101,16.974470138549805,4.714447498321533,4902.636493751899,80.02524567,32.430686950683594,40.52556753158569,0.10732495039701462,0.043494046
7.7,1300,3.4537107944488525,0.064007342,16.97412872314453,4.704075813293457,4903.137156,79.84758758544922,32.86491012573242,41.159552335739136,0.10508809238672256,0.043253791
7.8,1300,3.4839210510253906,0.06488549,16.973806381225586,4.699318885803223,4903.3329909088625,79.76532745361328,33.31713104248047,41.768938302993774,0.10456845909357071,0.043677136301994324
7.9,1300,3.495541811,0.064469628,16.973989486694336,4.701191425323486,4903.201851276798,79.79797363,33.10271072387695,41.48314595222473,0.10559684783220291,0.043804895132780075
8,1300,3.4802324771881104,0.063064009,16.974319458007812,4.707488536834717,4902.403357,79.90641784667969,32.37570571899414,40.51702916622162,0.10749518871307373,0.043553855270147324
8.1,1300,3.477189540863037,0.060944449,16.976688385009766,4.606634140014648,4898.716875860201,78.20539093017578,31.264041900634766,39.97683525085449,0.1112200915813446,0.044462275
8.2,1300,3.450634002685547,0.063474208,16.97406768798828,4.705533027648926,4893.610590009024,79.87203979492188,32.52784729003906,40.72495102882385,0.10608246177434921,0.043202027678489685
8.3,1300,3.4247727394104004,0.063573137,16.974210739135742,4.6951751708984375,4896.469433988024,79.69689178466797,32.59757614135742,40.90194106,0.10506218671798706,0.042972475
8.4,1300,3.460590362548828,0.06444633,16.97384262084961,4.697843074798584,4896.307403687074,79.74044799804688,33.044219970703125,41.43972098827362,0.10472604632377625,0.043398179
8.5,1300,3.4736135005950928,0.064001493,16.97372055053711,4.704450607299805,4897.307561947618,79.85202789,32.822837829589844,41.104573011398315,0.10582917183637619,0.043500628
8.6,1300,3.4590647220611572,0.062573932,16.974584579467773,4.703627109527588,4900.628600274294,79.84211730957031,32.11248016357422,40.219977498054504,0.10771714150905609,0.043323811143636703
8.7,1300,3.4675965309143066,0.062376399,16.975017547607422,4.703239917755127,4901.223099939652,79.83757781982422,32.014991760253906,40.1001513,0.10831165313720703,0.043433137238025665
8.8,1300,3.4632091522216797,0.063393198,16.97485924,4.709901332855225,4900.538842,79.94991302490234,32.532325744628906,40.69088399410248,0.10645439475774765,0.043317236
8.9,1300,3.442356824874878,0.064329512,16.97494888305664,4.706857204437256,4901.481882146924,79.89865875,33.01918029785156,41.32632315158844,0.10425324738025665,0.043084037
9,1300,3.479358196258545,0.064872615,16.974979400634766,4.703102111816406,4901.818182447819,79.83506012,33.300228118896484,41.71128273010254,0.10448451340198517,0.043581832
9.1,1300,3.4808461666107178,0.064155594,16.974924087524414,4.698659896850586,4903.634320641206,79.75939178466797,32.94437026977539,41.30468964576721,0.10565830022096634,0.043641832
9.2,1300,3.483391523361206,0.062954567,16.97511863708496,4.696271896362305,4904.305755557375,79.71977233886719,32.332061767578125,40.55714309215546,0.10773799568414688,0.043695454
9.3,1300,3.4978108406066895,0.062913939,16.975086212158203,4.699832439422607,4906.227971142032,79.78005981445312,32.32386016845703,40.516215562820435,0.10821142047643661,0.043843172
9.4,1300,3.4755923748016357,0.064032331,16.975059509277344,4.666970252990723,4905.015075,79.22209930419922,32.89033508300781,41.51661396026611,0.10567215085029602,0.043871499598026276
9.5,1300,3.4764599800109863,0.064511858,16.974376678466797,4.666265964508057,4903.713587263253,79.20695495605469,33.12784957885742,41.82442128658295,0.10494070500135422,0.043890841
9.6,1300,3.502943515777588,0.06485711,16.973812103271484,4.675301551818848,4903.732821075956,79.3576889,33.305274963378906,41.96855425834656,0.10517684370279312,0.044141199
9.7,1300,3.4855716228485107,0.063318335,16.973684310913086,4.682551860809326,4903.211176761745,79.48015594482422,32.511627197265625,40.905338525772095,0.10721000283956528,0.043854613
9.8,1300,3.484450578689575,0.062820561,16.973735809326172,4.676324844360352,4902.89003,79.37470245361328,32.25392532348633,40.63501954078674,0.10803183168172836,0.043898754
9.9,1300,3.4832277297973633,0.062901005,16.973621368408203,4.683773517608643,4903.138904253407,79.50059509277344,32.29686737060547,40.62468409538269,0.1078503280878067,0.043813854455947876
10,1300,3.4498753547668457,0.064159952,16.973478317260742,4.689730644226074,4902.776958868911,79.60104370117188,32.94084930419922,41.38243496417999,0.10472939908504486,0.043339576572179794
10.1,1300,3.4733388423919678,0.06469921,16.97366714477539,4.686267852783203,4903.320751,79.54315185546875,33.221397399902344,41.76525175571442,0.10455125570297241,0.043666095
10.2,1300,3.4898743629455566,0.064492024,16.973472595214844,4.691526889801025,4902.9850337517855,79.63150024414062,33.11274719238281,41.58247113227844,0.10539368540048599,0.043825299
10.3,1300,3.4779725074768066,0.062760703,16.973535537719727,4.690375328063965,4903.162217965774,79.61225128173828,32.22498321533203,40.477415919303894,0.1079278364777565,0.043686397
10.4,1300,3.481290340423584,0.062732995,16.97418975830078,4.688168048858643,4903.553305490731,79.57785034179688,32.21332550048828,40.48026204109192,0.10806988924741745,0.043746974
10.5,1300,3.4753620624542236,0.063687474,16.97450828552246,4.692948818206787,4905.298919704208,79.66049957,32.71508789,41.068145632743835,0.10623116046190262,0.043627168983221054
10.6,1300,3.4589405059814453,0.064473435,16.974870681762695,4.681689739227295,4907.53587,79.47107696533203,33.13392639160156,41.69306457042694,0.10439271479845047,0.043524518609046936
10.7,1300,3.4987540245056152,0.064969167,16.974952697753906,4.677506446838379,4907.349943549692,79.40045166015625,33.387428283691406,42.04941689968109,0.10479256510734558,0.044064663
10.8,1300,3.4826977252960205,0.063281782,16.975278854370117,4.6688079833984375,4907.277088198546,79.25431823730469,32.51980209350586,41.03221595287323,0.1070946753025055,0.043943319
10.9,1300,3.475087881088257,0.062844932,16.974287033081055,4.6677703857421875,4905.523314,79.23207092285156,32.28376770019531,40.74583351612091,0.10764195024967194,0.043859608471393585
11,1350,3.4733762741088867,0.062478088,16.97395896911621,4.671584606170654,4905.239469737672,79.29528809,32.09346008300781,40.47335386276245,0.10822691023349762,0.043803062
11.1,1350,3.716078519821167,0.095586315,16.94995880126953,6.326328754425049,5061.845252663175,107.23101043701172,50.66793441772461,47.25119471549988,0.073341817,0.034654886
11.2,1350,4.293787002563477,0.09982612,16.963106155395508,6.958774566650391,5414.202290106762,118.04243469238281,56.59880828857422,47.947850823402405,0.075863555,0.036374945
11.3,1350,4.624077796936035,0.096113667,16.97032356262207,7.058176517486572,5655.442094509674,119.779541,56.92202377319336,47.522324323654175,0.081235304,0.038604904
11.4,1350,4.805613994598389,0.092587531,16.97305679321289,7.062686920166016,5792.435216906457,119.8753890991211,56.161964416503906,46.85029089450836,0.085567057,0.040088411420583725
11.5,1350,4.893122673034668,0.090467855,16.973045349121094,7.057294845581055,5866.743595176532,119.78378295898438,55.58018875,46.40042781829834,0.08803717,0.040849626
11.6,1350,4.920698165893555,0.088912636,16.972761154174805,7.011416435241699,5898.691540918619,119.00309753417969,54.922183990478516,46.151894330978394,0.089593999,0.041349329
11.7,1350,4.948479652404785,0.088540323,16.972660064697266,7.0438995361328125,5921.32391,119.5537109,54.90204620361328,45.92249393463135,0.090132877,0.041391268372535706
11.8,1350,4.971219062805176,0.088309668,16.972681045532227,7.069298744,5935.742275455027,119.98495483398438,54.89236068725586,45.74936926364899,0.090563044,0.041432019
11.9,1350,4.989954471588135,0.088043369,16.97269058227539,7.078942299,5943.5488720411095,120.14869689941406,54.79880905151367,45.60915828,0.091059543,0.041531492
12,1350,5.001415252685547,0.087914303,16.973419189453125,7.080147743225098,5947.386309096714,120.1743164,54.75380325317383,45.56198716163635,0.091343701,0.041618004
12.1,1350,5.006664752960205,0.087853871,16.973831176757812,7.077685832977295,5949.739828360161,120.13544464111328,54.73781967163086,45.56342363357544,0.091466278,0.041675169
12.2,1350,5.009532928466797,0.087869063,16.974096298217773,7.066720485687256,5950.664217055511,119.9511947631836,54.75579071044922,45.64839303,0.091488644,0.041763093
12.3,1350,5.009863376617432,0.087939605,16.973527908325195,7.075432777404785,5951.531487155562,120.09505462646484,54.807735443115234,45.636963844299316,0.091407962,0.041715816
12.4,1350,5.004724502563477,0.087923422,16.973403930664062,7.072113990783691,5951.497099429821,120.03784942626953,54.797332763671875,45.650047063827515,0.091331534,0.041692886501550674
12.5,1350,4.994287490844727,0.088238828,16.972932815551758,7.067730427,5951.1427310018435,119.96011352539062,54.990631103515625,45.84076404571533,0.090820692,0.041632902
12.6,1350,4.983639240264893,0.088035963,16.97303581237793,7.054560661315918,5951.080366821261,119.73731231689453,54.86363220214844,45.819997787475586,0.090836845,0.041621439
12.7,1350,4.9753522872924805,0.087946042,16.97300910949707,7.056646347045898,5951.172455985111,119.77252197265625,54.808441162109375,45.76044678688049,0.090777114,0.041540015
12.8,1350,4.975183486938477,0.088219598,16.97338867,7.063704967498779,5950.957386988525,119.89501190185547,54.97693634033203,45.85423171520233,0.090495832,0.041496168822050095
12.9,1350,4.976076602935791,0.088138536,16.97403907775879,7.050914764404297,5951.800177690592,119.68250274658203,54.93419647216797,45.89994251728058,0.09058249,0.041577309370040894
13,1350,4.978214740753174,0.088120356,16.974315643310547,7.040661811828613,5951.194604011859,119.51041412353516,54.91727828979492,45.95187604427338,0.090649337,0.041655071
13.1,1350,4.984955787658691,0.087985747,16.974430084228516,7.057821750640869,5950.689279296305,119.80250549316406,54.82873535,45.76593339443207,0.090918675,0.041609779
13.2,1350,4.988302230834961,0.08800675,16.974390029907227,7.078752040863037,5948.966978795195,120.15750122070312,54.825950622558594,45.62840461730957,0.09098433,0.041514698415994644
13.3,1350,4.996046066,0.088002264,16.97375488,7.085870742797852,5948.631844179919,120.27383422851562,54.820064544677734,45.57937979698181,0.091135353,0.041538928
13.4,1350,5.000235557556152,0.088110685,16.973337173461914,7.092033863067627,5948.746664213327,120.37548065185547,54.88866424560547,45.597878098487854,0.09109778,0.041538656
13.5,1350,5.002802848815918,0.088317588,16.973127365112305,7.086944103240967,5948.562485885628,120.28760528564453,55.01585388183594,45.736926794052124,0.090933844,0.041590344
13.6,1350,5.001610756,0.088283256,16.973119735717773,7.082197189331055,5949.129591938955,120.20697784423828,54.99971008300781,45.754170417785645,0.090938859,0.041608322
13.7,1350,5.004164218902588,0.088568754,16.973005294799805,7.083741188049316,5949.358649,120.23237609863281,55.17969512939453,45.894208550453186,0.090688504,0.041620772
13.8,1350,5.004964828491211,0.088705957,16.973648071289062,7.076048851013184,5949.041582674769,120.10636138916016,55.262229919433594,46.011075377464294,0.090567552,0.041671105
13.9,1350,4.997696876525879,0.088774264,16.97394561767578,7.087604999542236,5948.518773,120.30461883544922,55.299922943115234,45.966583490371704,0.090374388,0.041542019695043564
14,1350,4.986273765563965,0.088554658,16.974441528320312,7.073120594024658,5949.719428861839,120.06227111816406,55.174259185791016,45.95470130443573,0.090373188,0.041530728340148926
14.1,1350,4.978726387023926,0.088470101,16.97382164001465,7.080550670623779,5949.897778761447,120.18400573730469,55.12322998046875,45.86569368839264,0.090319932,0.041425865
14.2,1350,4.981082439422607,0.088296942,16.97342872619629,7.077594757080078,5951.01742,120.13105010986328,55.025691986083984,45.80472111701965,0.090522848,0.041463740170001984
14.3,1350,4.986799716949463,0.088243648,16.973054885864258,7.072738170623779,5951.262796620533,120.04597473144531,54.994747161865234,45.81140577793121,0.090677746,0.041540749
14.4,1350,4.9920430183410645,0.087915465,16.97296714782715,7.067513465881348,5950.681119496977,119.95667266845703,54.78486251831055,45.67054212093353,0.091120847,0.041615386
14.5,1350,5.001041412353516,0.087730639,16.97292137145996,7.061506748199463,5950.2544785606615,119.85440063476562,54.665767669677734,45.61014771461487,0.091483973,0.041725975
14.6,1350,5.010168552398682,0.087822914,16.972936630249023,7.054246902,5949.125512039291,119.73128509521484,54.71288299560547,45.69639563560486,0.091572009,0.041845109313726425
14.7,1350,5.017389774,0.088313758,16.972658157348633,7.079147815704346,5948.785714681541,120.1519546508789,55.01552963256836,45.788294076919556,0.091199517,0.041758701
14.8,1350,5.0252885818481445,0.088291824,16.97332000732422,7.083503723144531,5948.852158761788,120.23057556152344,55.002479553222656,45.74749767780304,0.091364764,0.041797094
14.9,1350,5.027703285217285,0.088635214,16.97368812561035,7.107259750366211,5949.191956119536,120.63641357421875,55.21955490112305,45.77353894710541,0.091049328,0.041676499
15,1350,5.021684169769287,0.088757589,16.97398567199707,7.112114906311035,5949.026428761731,120.72093963623047,55.294254302978516,45.80336809158325,0.090817466,0.041597459465265274
15.1,1350,5.013436317443848,0.088564493,16.974239349365234,7.105311870574951,5949.149991437276,120.60726165771484,55.175106048583984,45.747748017311096,0.0908641,0.041568279
15.2,1350,5.011765956878662,0.08873079,16.974164962768555,7.110564231872559,5948.114862608182,120.69589233398438,55.26908874511719,45.792022347450256,0.090679362,0.041523915
15.3,1350,5.014986038208008,0.088560946,16.97449303,7.090914249420166,5945.992731939978,120.36467742919922,55.14361572265625,45.81378698348999,0.090944089,0.041664931923151016
15.4,1350,5.014826774597168,0.088723928,16.97434425354004,7.101681709289551,5944.396908328458,120.5463867,55.23027038574219,45.816612243652344,0.09079852,0.041600805
15.5,1350,5.024693489074707,0.088782392,16.974279403686523,7.101536750793457,5944.711643445413,120.54347229003906,55.26959228515625,45.85033953,0.090912439,0.041683663
15.6,1350,5.036693572998047,0.088628896,16.97435188293457,7.107564449310303,5945.1388672245375,120.64630126953125,55.178001403808594,45.73534429073334,0.091280825,0.041747599840164185
15.7,1350,5.051583766937256,0.088894978,16.97418975830078,7.107758999,5943.965604649669,120.64845275878906,55.332733154296875,45.86278200149536,0.091294669,0.041870273649692535
15.8,1350,5.067436695098877,0.089065887,16.974193572998047,7.117231845855713,5942.875688596513,120.80927276611328,55.428951263427734,45.881372690200806,0.0914222,0.041945759
15.9,1350,5.074612140655518,0.089327388,16.97386932373047,7.123200416564941,5942.909493479445,120.90827178955078,55.592010498046875,45.978665351867676,0.09128312,0.04197076
16,1400,5.076776504516602,0.089440905,16.973281860351562,7.118947982788086,5942.879185653368,120.8319091796875,55.66237258911133,46.06595337,0.091206618,0.042015199
16.1,1400,5.3094096183776855,0.11922693997621536,16.945220947265625,9.041742324829102,6086.29815,153.21432495117188,75.98996735,49.59716797,0.069869876,0.034653481
16.2,1400,5.9150309562683105,0.1272931843996048,16.959571838378906,9.896913528442383,6420.542764326982,167.8474121,85.58654785,50.99068284034729,0.06911169,0.035240523517131805
16.3,1400,6.364347457885742,0.1241975873708725,16.968719482421875,10.043562889099121,6649.071932747418,170.42640686035156,86.47743988,50.741809606552124,0.073595472,0.037343669682741165
16.4,1400,6.592716693878174,0.12298567593097687,16.971149444580078,10.091322898864746,6778.0655375882825,171.2613525390625,87.29490661621094,50.971752405166626,0.075522348,0.038495064
16.5,1400,6.749731063842773,0.12132805585861206,16.97113037109375,10.106223106384277,6846.6906156260975,171.51402282714844,86.99024963378906,50.71902871131897,0.077591814,0.039353814
16.6,1400,6.817413330078125,0.12121855467557907,16.970840454101562,10.104466438293457,6883.705213908338,171.48129272460938,87.38159942626953,50.956928730010986,0.078018866,0.039756019
16.7,1400,6.8474931716918945,0.12040074914693832,16.97054100036621,10.127331733703613,6903.025287346852,171.86630249023438,87.03566742,50.64150094985962,0.078674562,0.039841976
16.8,1400,6.887608051300049,0.12049376219511032,16.97068977355957,10.121707916259766,6914.909452225917,171.77236938476562,87.25286102294922,50.7956326,0.078938477,0.040097299963235855
16.9,1400,6.8535332679748535,0.12001223117113113,16.970699310302734,10.109859466552734,6920.957612056721,171.57138061523438,86.98018646240234,50.69620609283447,0.078794189,0.039945666
17,1400,6.857558250427246,0.11976423859596252,16.970731735229492,10.093613624572754,6925.686215767553,171.29600524902344,86.85974884033203,50.70739984512329,0.078949779,0.040033381432294846
17.1,1400,6.7930989265441895,0.11986546218395233,16.97060203552246,10.082446098327637,6930.486509143913,171.1051788330078,86.99342346191406,50.84207057952881,0.078087501,0.039701305
17.2,1400,6.8005805015563965,0.1187618225812912,16.971099853515625,10.064467430114746,6933.545268206461,170.80508422851562,86.23048400878906,50.48472881317139,0.078865156,0.03981486
17.3,1400,6.751175403594971,0.11912990361452103,16.971677780151367,10.055693626403809,6937.2340803457255,170.6619873046875,86.54376220703125,50.71062445640564,0.078008808,0.039558753
17.4,1400,6.738755702972412,0.11700867861509323,16.972915649414062,9.954188346862793,6934.447508875062,168.95159912109375,84.96862030029297,50.29169321060181,0.079308756,0.039885718
17.5,1400,6.732244015,0.11839796602725983,16.971261978149414,10.015070915222168,6932.2834135245985,169.96839904785156,85.95065307617188,50.568610429763794,0.078326851,0.039608798921108246
17.6,1400,6.7305731773376465,0.11822076141834259,16.97190284729004,10.032042503356934,6936.826673222113,170.26284790039062,85.87825775146484,50.43863654136658,0.078373425,0.039530486
17.7,1400,6.783372402191162,0.11869305372238159,16.971628189086914,10.04910945892334,6938.380532151372,170.54974365234375,86.24065399169922,50.56627393,0.078656323,0.039773568511009216
17.8,1400,6.7416181564331055,0.11874698847532272,16.97113037109375,10.043460845947266,6938.929570077614,170.44888305664062,86.28666687011719,50.62319636,0.078130469,0.039552141
17.9,1400,6.754572392,0.11823572963476181,16.97107506,10.041709899902344,6940.8832591739665,170.41860961914062,85.93935394,50.42838454246521,0.078596964,0.039635181
18,1400,6.705724716186523,0.11877541989088058,16.970979690551758,10.025392532348633,6943.123706932433,170.14073181152344,86.35949707,50.75768232345581,0.07764896,0.039412811398506165
18.1,1400,6.705414772033691,0.11774928122758865,16.970882415771484,10.01308822631836,6945.022608804724,169.93093872070312,85.63682556152344,50.395071506500244,0.078300603,0.039459646
18.2,1400,6.713891983032227,0.11811033636331558,16.97079849243164,10.009227752685547,6945.784384356314,169.86459350585938,85.90883636,50.57489275932312,0.07815136,0.039524965
18.3,1400,6.697216987609863,0.11786549538373947,16.970651626586914,10.008596420288086,6948.006763987696,169.85240173339844,85.75817871,50.48982501029968,0.078094207,0.039429627
18.4,1400,6.738007068634033,0.11783310770988464,16.970483779907227,9.992923736572266,6947.683286228605,169.58474731445312,85.73062133789062,50.55326223373413,0.078595102,0.039732389
18.5,1400,6.7093586921691895,0.1184411346912384,16.970354080200195,10.00290584564209,6945.983716597052,169.7528533935547,86.15191650390625,50.75138211250305,0.077878229,0.039524275809526443
18.6,1400,6.7396769523620605,0.11805444955825806,16.97037696838379,10.011453628540039,6945.476060510261,169.8981475830078,85.86437225341797,50.53873658180237,0.078492127,0.039668925
18.7,1400,6.736016273498535,0.11858394742012024,16.970539093017578,10.026907920837402,6943.647099775072,170.1620330810547,86.22677612304688,50.673335790634155,0.07811977,0.039585896
18.8,1400,6.737458229064941,0.11832960695028305,16.97039031982422,10.038578987121582,6941.860103722143,170.3585968017578,86.01969146728516,50.493305921554565,0.078324601,0.03954868
18.9,1400,6.773443698883057,0.11886220425367355,16.970434188842773,10.058732986450195,6941.003907635466,170.70106506347656,86.39620971679688,50.61257481575012,0.078399777,0.039680149
19,1400,6.774053097,0.11912796646356583,16.970611572265625,10.05903434753418,6939.515327100834,170.7079620361328,86.57080841064453,50.71281195,0.078248695,0.039682116359472275
19.1,1400,6.864549637,0.11947240680456161,16.97098731994629,10.083539962768555,6935.949494794305,171.12762451171875,86.77650451660156,50.70864558,0.079106085,0.040113624185323715
19.2,1400,6.868485927581787,0.1205233484506607,16.97125816345215,10.096336364746094,6930.495251786051,171.3475341796875,87.47100067138672,51.04888081550598,0.07852301,0.040085118263959885
19.3,1400,6.9281229972839355,0.12044187635183334,16.971397399902344,10.120208740234375,6926.165895399504,171.75408935546875,87.35726165771484,50.86182355880737,0.079307921,0.040337458
19.4,1400,6.894250869750977,0.12118733674287796,16.971086502075195,10.12676716,6924.646424195986,171.86224365234375,87.87866973876953,51.13320350646973,0.078451931,0.040114983916282654
19.5,1400,6.915261745452881,0.12033216655254364,16.970977783203125,10.139505386352539,6924.913949045396,172.0773162841797,87.26191711425781,50.710874795913696,0.079247192,0.040186945
19.6,1400,6.9029951095581055,0.12121058255434036,16.970754623413086,10.127581596374512,6925.867479881206,171.87269592285156,87.91102600097656,51.14891529083252,0.078522518,0.040163416
19.7,1400,6.9052629470825195,0.12054924666881561,16.970584869384766,10.129668235778809,6924.658663894978,171.90638732910156,87.41611481,50.850993394851685,0.078993022,0.04016874
19.8,1400,6.934730529785156,0.12137135863304138,16.970422744750977,10.149198532104492,6921.285752558286,172.23619079589844,87.96939849853516,51.074862480163574,0.078831173,0.040262911
19.9,1400,6.933171749,0.12113170325756073,16.97117805480957,10.150959014892578,6920.1468777091595,172.2737274169922,87.78125,50.95451474189758,0.078982376,0.040245089679956436
20,1400,6.983485698699951,0.12169208377599716,16.971590042114258,10.165739059448242,6918.878028913587,172.5287628173828,88.17117309570312,51.105207204818726,0.079203732,0.040477227
20.1,1400,6.976311683654785,0.12213052064180374,16.971637725830078,10.192390441894531,6916.156735837551,172.98155212402344,88.45403289794922,51.134949922561646,0.078869343,0.040329799
20.2,1400,7.028189182281494,0.12314211577177048,16.971004486083984,10.257492065429688,6918.036403897138,174.07994079589844,89.21092987060547,51.24710202217102,0.078781702,0.040373344
20.3,1400,7.012188911437988,0.12379229813814163,16.971351623535156,10.317573547363281,6926.864723927703,175.10316467285156,89.79640197753906,51.28200054168701,0.078089863,0.040046044
20.4,1400,7.067671298980713,0.1232341006398201,16.97184181213379,10.320388793945312,6935.2745628212815,175.1560059,89.50003051757812,51.09732151031494,0.078968368,0.040350720286369324
20.5,1400,7.056814193725586,0.1238386258482933,16.971651077270508,10.321073532104492,6939.599256465355,175.16566467285156,89.99515533447266,51.37717127799988,0.07841327,0.040286515
20.6,1400,7.072970867156982,0.12316019088029861,16.971134185791016,10.350445747375488,6942.505893554709,175.65879821777344,89.53961944580078,50.97360014915466,0.078992642,0.040265392512083054
20.7,1400,7.072143555,0.12370909750461578,16.970731735229492,10.354430198669434,6944.839013319834,175.72225952148438,89.96890258789062,51.199495792388916,0.078606531,0.040246144
20.8,1400,7.027048110961914,0.1231931746006012,16.970901489257812,10.33299732208252,6947.422755492904,175.3602752685547,89.62702941894531,51.110219955444336,0.078403227,0.040072061121463776
20.9,1400,7.046812534332275,0.12275805324316025,16.970529556274414,10.316011428833008,6948.677033218247,175.06817626953125,89.32658386230469,51.02388262748718,0.078888185,0.040251818
21,1450,6.989840984344482,0.12276460230350494,16.97068977355957,10.285894393920898,6951.429799805978,174.5587158203125,89.36673736572266,51.19580626487732,0.078215241,0.040042922
21.1,1450,7.236474514007568,0.15170074999332428,16.940876007080078,12.322504997253418,7087.086463641324,208.7540283203125,112.58592224121094,53.93233299255371,0.064275131,0.034665077924728394
21.2,1450,7.981477261,0.16562812,16.952669143676758,13.604707717895508,7434.242794698648,230.6361083984375,128.94349670410156,55.90776205062866,0.061899032443761826,0.034606363624334335
21.3,1450,8.581159591674805,0.16558034718036652,16.964513778686523,13.923696517944336,7698.356847990419,236.2087402,133.4859161376953,56.51184320449829,0.064285129,0.036328714
21.4,1450,8.882770538330078,0.16429662704467773,16.968687057495117,14.02511978149414,7854.028916735624,237.9878692626953,135.12937927246094,56.77993893623352,0.065735303,0.03732447
21.5,1450,9.072157859802246,0.16444650292396545,16.97011947631836,14.057941436767578,7939.574504366582,238.5649414,136.72579956054688,57.3117733,0.066352934,0.038028043
21.6,1450,9.166238784790039,0.16229496896266937,16.970951080322266,14.05747127532959,7985.543316726168,238.56866455078125,135.7182159423828,56.88853859901428,0.067538753,0.038421806
21.7,1450,9.187695503234863,0.1632034331560135,16.970844268798828,14.06527042388916,8008.839544,238.6995086669922,136.87606811523438,57.34241604804993,0.067124195,0.038490634
21.8,1450,9.215704917907715,0.16234487295150757,16.970783233642578,14.030027389526367,8023.014863770802,238.10055541992188,136.39698791503906,57.28545784950256,0.067565307,0.038705095648765564
21.9,1450,9.178133010864258,0.16195082664489746,16.97016716003418,14.046232223510742,8033.520022563361,238.36691284179688,136.2440948486328,57.157301902770996,0.067365363,0.038504224
22,1450,9.199214935302734,0.1627212017774582,16.969907760620117,14.048361778259277,8040.844608146256,238.39939880371094,137.01699829101562,57.47371315956116,0.067139223,0.038587406277656555
22.1,1450,9.182344436645508,0.1611233949661255,16.969709396362305,14.026625633239746,8043.472646372824,238.0277557373047,135.71592712402344,57.016849517822266,0.067658566,0.038576778
22.2,1450,9.168951988220215,0.16234099864959717,16.970495223999023,14.039563179016113,8046.499931923675,238.2583465576172,136.79298400878906,57.413727045059204,0.067027934,0.038483235985040665
22.3,1450,9.203424453735352,0.15953390300273895,16.97362518310547,13.907105445861816,8044.684959415907,236.0540008544922,134.3973388671875,56.93499445915222,0.068479218,0.038988642394542694
22.4,1450,9.159547805786133,0.16127631068229675,16.970592498779297,13.99284553527832,8037.350465505256,237.4668731689453,135.7413330078125,57.16221332550049,0.067477956,0.038571898
22.5,1450,9.189413070678711,0.16237565875053406,16.969873428344727,14.043278694152832,8039.519806441002,238.3126678466797,136.70350646972656,57.36308693885803,0.067221485,0.038560323
22.6,1450,9.177409172058105,0.16209830343723297,16.969791412353516,14.110265731811523,8050.977913226562,239.44827270507812,136.6645050048828,57.07474946975708,0.067152835,0.038327314
22.7,1450,9.216693878173828,0.16328154504299164,16.97104263305664,14.11578083,8059.542205464571,239.5595245361328,137.80853271484375,57.52580165863037,0.066880435,0.038473501801490784
22.8,1450,9.234513282775879,0.16177582740783691,16.97102928161621,14.109201431274414,8061.220792754993,239.4476776123047,136.56614685058594,57.03381896018982,0.067619346,0.038565893
22.9,1450,9.231287956237793,0.16318345069885254,16.97112274169922,14.10880184173584,8062.873152119003,239.4422149658203,137.78265380859375,57.54317641,0.066998914,0.038553301244974136
23,1450,9.250208854675293,0.16192138195037842,16.971128463745117,14.115711212158203,8064.953318104946,239.55955505371094,136.7523193359375,57.08489418029785,0.067642063,0.038613401
23.1,1450,9.2146101,0.16281266510486603,16.97136116027832,14.135940551757812,8069.168437300897,239.90615844726562,137.57691955566406,57.34614133834839,0.066977881,0.038409229
23.2,1450,9.223759651184082,0.16169795393943787,16.971548080444336,14.11168384552002,8070.845859,239.4971160888672,136.66339111328125,57.06264377,0.067492545,0.038513031
23.3,1450,9.180377006530762,0.1620352566242218,16.971588134765625,14.101388931274414,8072.051760677882,239.32296752929688,136.96893310546875,57.23183751106262,0.067025252,0.038359783589839935
23.4,1450,9.233572959899902,0.16246357560157776,16.971284866333008,14.120794296264648,8071.999304825056,239.6480255126953,137.33010864257812,57.30491876602173,0.067236334,0.038529728
23.5,1450,9.199895858764648,0.16203366219997406,16.97138023376465,14.111431121826172,8070.216971514601,239.49046325683594,136.9364471435547,57.17824697494507,0.067183688,0.038414456
23.6,1450,9.220372200012207,0.1627749353647232,16.971120834350586,14.127852439880371,8067.041643890218,239.76548767089844,137.5087891,57.35136866569519,0.067052968,0.038455791771411896
23.7,1450,9.194430351257324,0.1618853062391281,16.97106934,14.134957313537598,8065.8036857635325,239.88534545898438,136.73626708984375,57.000672817230225,0.067242078,0.038328439
23.8,1450,9.202935218811035,0.1633991301059723,16.971078872680664,14.162768363952637,8067.566202418476,240.35745239257812,138.04507446289062,57.43323564529419,0.066666164,0.038288537
23.9,1450,9.206291198730469,0.1619621217250824,16.971067428588867,14.14691448,8069.713978170284,240.08824157714844,136.86746215820312,57.00715184211731,0.067264281,0.038345448672771454
24,1450,9.207281112670898,0.16323918104171753,16.971206665039062,14.14806079864502,8069.568850310799,240.1096649169922,137.9441680908203,57.45048522949219,0.066746429,0.038346149027347565
24.1,1450,9.233357429504395,0.16208422183990479,16.970687866210938,14.154412269592285,8068.588508705768,240.21011352539062,136.9515380859375,57.01323152,0.067420617,0.038438670337200165
24.2,1450,9.211949348449707,0.16314241290092468,16.970802307128906,14.151521682739258,8067.935141916683,240.1626739501953,137.83448791503906,57.39213228225708,0.066833414,0.038357123732566833
24.3,1450,9.256704330444336,0.1623632311820984,16.971057891845703,14.146066665649414,8065.776875,240.07371520996094,137.1394805908203,57.123905420303345,0.06749846,0.038557757
24.4,1450,9.228248596191406,0.16311012208461761,16.97089958190918,14.159688949584961,8060.637949945819,240.3026580810547,137.6825714111328,57.295483350753784,0.067025542,0.038402605801820755
24.5,1450,9.263684272766113,0.1636989414691925,16.970687866210938,14.154077529907227,8059.911727805588,240.20443725585938,138.16714477539062,57.52064586,0.06704694,0.038565833
24.6,1450,9.230197906,0.16319569945335388,16.97001838684082,14.154093742370605,8057.875857873141,240.1952362060547,137.7075958251953,57.33152627944946,0.067027517,0.038427897
24.7,1450,9.211530685424805,0.16379381716251373,16.97007179260254,14.136853218078613,8059.270600715496,239.90341186523438,138.23622131347656,57.62161612510681,0.06663616,0.038396832
24.8,1450,9.163453102111816,0.16195029020309448,16.97062873840332,14.11793327331543,8063.627933556884,239.5902099609375,136.75424194335938,57.078397274017334,0.067006715,0.038246359676122665
24.9,1450,9.140045166015625,0.16281189024448395,16.971088409423828,14.105929374694824,8067.492181381711,239.39297485351562,137.5476837158203,57.456862926483154,0.066450007,0.038180090487003326
25,1450,9.151547432,0.16139300167560577,16.97112464904785,14.098509788513184,8070.229794056403,239.26756286621094,136.39524841308594,57.005321979522705,0.067095794,0.038248173892498016
25.1,1450,9.126059532165527,0.1626758575439453,16.97058105,14.102242469787598,8075.056315359177,239.3232422,137.56161499023438,57.47942328453064,0.066341609,0.038132776
25.2,1450,9.177011489868164,0.16177231073379517,16.970043182373047,14.10252857208252,8075.4712994393085,239.32052612304688,136.80459594726562,57.16375708580017,0.067081161,0.038346112
25.3,1450,9.146492004394531,0.16221174597740173,16.970184326171875,14.090779304504395,8075.055149673558,239.1231231689453,137.1691436767578,57.363396883010864,0.066680394,0.038250137120485306
25.4,1450,9.170952796936035,0.16188061237335205,16.96967124938965,14.10184097290039,8077.171452,239.30360412597656,136.9250030517578,57.21811056137085,0.066977926,0.038323502987623215
25.5,1450,9.132204055786133,0.16196848452091217,16.96997643,14.099031448364258,8079.953361,239.26023864746094,137.0465087890625,57.27927088737488,0.066635802,0.038168501
25.6,1450,9.158267021,0.1613880693912506,16.96983528137207,14.09048843383789,8081.891312982365,239.11326599121094,136.58816528320312,57.12278485298157,0.067050226,0.038300958
25.7,1450,9.125400543,0.1610656976699829,16.969894409179688,14.082778930664062,8083.588551,238.9832763671875,136.3439483642578,57.05167055130005,0.066929266,0.038184267
25.8,1450,9.163650512695312,0.16154302656650543,16.969600677490234,14.092171669006348,8084.2489121454755,239.13851928710938,136.75918579101562,57.18827247619629,0.067005739,0.038319424
25.9,1450,9.155939102172852,0.16120749711990356,16.96977996826172,14.067763328552246,8083.980804453255,238.7268524169922,136.47061157226562,57.16601014137268,0.067090921,0.038353201
26,1500,9.212305068969727,0.16227273643016815,16.969451904296875,14.075313568115234,8078.994584220768,238.85035705566406,137.28765869140625,57.47852325439453,0.067102209,0.038569357
26.1,1500,9.481535911560059,0.18914447724819183,16.938011169433594,16.203828811645508,8188.382522646623,274.46063232421875,162.18862915039062,59.09358859062195,0.05845993,0.03454607
26.2,1500,10.22496223449707,0.19986508786678314,16.945537567138672,17.769290924072266,8474.241858305882,301.1101989746094,177.3643798828125,58.90347957611084,0.057649467,0.033957545
26.3,1500,10.84893513,0.20124346017837524,16.956623077392578,18.430217742919922,8706.378240872298,312.5142517089844,183.4796600341797,58.71081352233887,0.059128817,0.034715008
26.4,1500,11.197453498840332,0.20112422108650208,16.962919235229492,18.676353454589844,8848.144263033411,316.80548095703125,186.35678100585938,58.82372260093689,0.060086109,0.035344887524843216
26.5,1500,11.382349967956543,0.20076578855514526,16.96590805053711,18.82671356201172,8932.179122102989,319.41229248046875,187.7914276123047,58.79279971122742,0.060611662,0.035635292530059814
26.6,1500,11.495959281921387,0.20107883214950562,16.96673583984375,18.92608642578125,8981.744657,321.1139221191406,189.1279297,58.897459506988525,0.060784038,0.035800252109766006
26.7,1500,11.552570343017578,0.20224322378635406,16.96778106689453,18.94411277770996,9008.945931342161,321.4395446777344,190.79920959472656,59.35772657394409,0.060548312962055206,0.035940103232860565
26.8,1500,11.576128959655762,0.20305302739143372,16.96786117553711,18.970745086669922,9024.585352440738,321.8929748535156,191.895752,59.614765644073486,0.060325094,0.035962664
26.9,1500,11.567198753356934,0.20504802465438843,16.968189239501953,18.98137092590332,9035.731638,322.0794982910156,194.0204620361328,60.23992896080017,0.059618446975946426,0.035914111882448196
27,1500,11.58001995,0.20829567313194275,16.96862793,18.974353790283203,9044.385688354012,321.96875,197.28221130371094,61.27371788024902,0.058697737753391266,0.035966284573078156
27.1,1500,11.570266723632812,0.21180817484855652,16.968765258789062,18.96837807,9051.700365609151,321.8699645996094,200.7712402,62.376511096954346,0.057629105,0.035947025
27.2,1500,11.563996315002441,0.21337300539016724,16.968997955322266,18.950237274169922,9055.896250992397,321.5665283203125,202.34828186035156,62.92579174041748,0.057148970663547516,0.035961441695690155
27.3,1500,11.580336570739746,0.21050795912742615,16.96851348876953,18.94782257080078,9057.983994,321.5163879394531,199.6772918701172,62.104856967926025,0.05799526,0.036017872393131256
27.4,1500,11.58094596862793,0.20476409792900085,16.968433380126953,18.941757202148438,9058.386738,321.4119567871094,194.2375946044922,60.43260097503662,0.059622578,0.036031473
27.5,1500,11.576029777526855,0.2016739845275879,16.968446731567383,18.95646095275879,9058.285906510013,321.6617126464844,191.30421447753906,59.47372913360596,0.060511108,0.035988212
27.6,1500,11.54287338256836,0.19998107850551605,16.968643188476562,18.959800720214844,9060.461076,321.72210693359375,189.7438965,58.977580070495605,0.060833964,0.035878398
27.7,1500,11.546828269958496,0.20083308219909668,16.96868324279785,18.949716567993164,9062.200861659237,321.5517272949219,190.58888244628906,59.27160382270813,0.060585007071495056,0.035909704864025116
27.8,1500,11.559206008911133,0.20355908572673798,16.967790603637695,18.955175399780273,9061.766060923594,321.6274414,193.16656494140625,60.05910634994507,0.059840616,0.035939738154411316
27.9,1500,11.567886352539062,0.20557014644145966,16.96734619140625,18.95972442626953,9058.970746810792,321.6961975097656,195.0147705078125,60.62079071998596,0.059317998588085175,0.035959039
28,1500,11.580689430236816,0.2101050615310669,16.967309951782227,18.981948852539062,9055.965609286688,322.0726013183594,199.25071716308594,61.86515688896179,0.058121193,0.035956766456365585
28.1,1500,11.58857536315918,0.2126520872116089,16.968135833740234,19.00538444519043,9055.976100457254,322.4859313964844,201.66639709472656,62.534940242767334,0.057464089,0.035935134
28.2,1500,11.586315155029297,0.2122724950313568,16.968551635742188,19.00235939025879,9055.439302230005,322.4425048828125,201.2944793701172,62.42802143096924,0.057559032,0.035932961851358414
28.3,1500,11.565945625305176,0.20855103433132172,16.968812942504883,18.971155166625977,9056.745452965364,321.9179688,197.79400634765625,61.442357301712036,0.058474701,0.035928238183259964
28.4,1500,11.554609298706055,0.20322419703006744,16.968679428100586,18.969175338745117,9059.706877278779,321.8818664550781,192.80494689941406,59.89929437637329,0.059929005801677704,0.03589705
28.5,1500,11.573826789855957,0.20123444497585297,16.968931198120117,18.96346664428711,9059.768075773743,321.7897644042969,190.9185028076172,59.33019518852234,0.06062182,0.035967045
28.6,1500,11.620057106018066,0.20105241239070892,16.968660354614258,18.972091674804688,9056.741373,321.93096923828125,190.6820831298828,59.230732917785645,0.060939431,0.036094870418310165
28.7,1500,11.636283874511719,0.20202848315238953,16.968210220336914,19.011653900146484,9052.125258017039,322.59375,191.51014709472656,59.36573147773743,0.060760666,0.036071017384529114
28.8,1500,11.597524642944336,0.20362301170825958,16.967784881591797,19.03540802001953,9052.055316879938,322.98870849609375,193.02015686035156,59.76065397262573,0.060084525,0.035906903
28.9,1500,11.515637397766113,0.205982506,16.96822738647461,18.985139846801758,9058.836692964682,322.1441650390625,195.4030762,60.65702438354492,0.058932737,0.035746843
29,1500,11.47894573,0.2096395492553711,16.968149185180664,18.947362899780273,9064.300261457884,321.5016784667969,198.9922332763672,61.89461350440979,0.057685398,0.035704155
29.1,1500,11.537928581237793,0.21186356246471405,16.967185974121094,18.971033096313477,9061.840081960358,321.8850402832031,201.0487060546875,62.459784746170044,0.057388723,0.035844874
29.2,1500,11.60139274597168,0.21098753809928894,16.966751098632812,19.011089324951172,9052.592115107187,322.5564270019531,200.01307678222656,62.00870871543884,0.058003172278404236,0.035967018
29.3,1500,11.65578842163086,0.2087695151567459,16.966373443603516,19.070247650146484,9044.101261063135,323.5529479980469,197.72479248046875,61.110490560531616,0.058949556201696396,0.036024362
29.4,1500,11.698282241821289,0.2068115621805191,16.966894149780273,19.09883689880371,9037.026715045375,324.0479431152344,195.7172088623047,60.39760708808899,0.059771355241537094,0.036100465804338455
29.5,1500,11.738077163696289,0.20588603615760803,16.967668533325195,19.117490768432617,9031.904692438351,324.3792419433594,194.73089599609375,60.03186106681824,0.060278452932834625,0.036186277866363525
29.6,1500,11.733816146850586,0.20330382883548737,16.968368530273438,19.109859466552734,9028.665252104958,324.2631530761719,192.21961975097656,59.27889943122864,0.061043799,0.036186092
29.7,1500,11.710870742797852,0.2028074860572815,16.968210220336914,19.116531372070312,9030.923767990509,324.3733215332031,191.79830932617188,59.12888050079346,0.061058257,0.036103062
29.8,1500,11.682649612426758,0.20251622796058655,16.96792984008789,19.109580993652344,9034.978605413937,324.2500305175781,191.60885620117188,59.09293293952942,0.060971345752477646,0.036029756
29.9,1500,11.648146629333496,0.20263122022151947,16.967998504638672,19.081422805786133,9039.851754141444,323.7735595703125,191.82106018066406,59.24543738365173,0.060724024,0.035976212471723557
30,1500,11.65018367767334,0.20412775874137878,16.96754264831543,19.091087341308594,9043.588359,323.9288330078125,193.317627,59.67904329299927,0.060264464,0.035965256
30.1,1500,11.716774940490723,0.20692284405231476,16.967788696289062,19.116966247558594,9043.331908555025,324.3726501464844,195.95913696289062,60.41173338890076,0.05979193,0.036121342331171036
30.2,1500,11.825395584106445,0.2102457582950592,16.967723846435547,19.16290855407715,9034.106672571412,325.15093994140625,198.9028778076172,61.172473430633545,0.059453115,0.03636894
30.3,1500,11.864001274108887,0.21251684427261353,16.968036651611328,19.205644607543945,9020.951327525536,325.8820801,200.7586669921875,61.60469651222229,0.059095833,0.036405809223651886
30.4,1500,11.849029541015625,0.21405170857906342,16.96825408935547,19.235824584960938,9017.857597894437,326.3983459472656,202.13926696777344,61.93023324012756,0.058618147,0.036302358
30.5,1500,11.862302780151367,0.2159772664308548,16.968181610107422,19.258007049560547,9019.423697,326.7733459472656,203.9930877685547,62.42647171020508,0.058150515,0.036301315
30.6,1500,11.874313354492188,0.217080757,16.968595504760742,19.22406005859375,9021.806357926595,326.2052917480469,205.08950805664062,62.87130117416382,0.057898201048374176,0.03640135
30.7,1500,11.87670898,0.21805773675441742,16.96878433227539,19.21770477294922,9023.615502006272,326.1010742,206.0538330078125,63.18710446357727,0.057638865,0.03642033
30.8,1500,11.858241081237793,0.21713019907474518,16.968881607055664,19.194934844970703,9023.419666822389,325.7165832519531,205.1728973388672,62.99123764038086,0.057796332985162735,0.036406625
30.9,1500,11.827223777770996,0.21588167548179626,16.96868133544922,19.184032440185547,9024.976439965694,325.5277404785156,204.02833557128906,62.67617344856262,0.057968538254499435,0.036332462
31,1550,11.811453819274902,0.2138657420873642,16.967958450317383,19.173259735107422,9028.954924981119,325.3310852050781,202.21218872070312,62.155818939208984,0.058411188423633575,0.036305949091911316
31.1,1550,12.144457817077637,0.23232950270175934,16.933937072753906,21.7996769,9177.096082,369.15435791015625,223.2740478515625,60.48257350921631,0.054392606019973755,0.03289805
31.2,1550,12.896353721618652,0.2426966279745102,16.946327209472656,23.03853988647461,9423.150167795673,390.41864013671875,239.4906005859375,61.34200096130371,0.053849101066589355,0.033032115548849106
31.3,1550,13.4654541,0.24986767768859863,16.955394744873047,23.61127471923828,9597.137488976376,400.3384704589844,251.11949157714844,62.726789712905884,0.053621702,0.033635173
31.4,1550,13.568380355834961,0.24823375046253204,16.96032143,23.833276748657227,9703.271416,404.22003173828125,252.2363281,62.40074634552002,0.053792335,0.033566818
31.5,1550,13.845626831054688,0.2489837259054184,16.963314056396484,23.956005096435547,9766.423017215468,406.37322998046875,254.6449737548828,62.66282796859741,0.054372277,0.034071207
31.6,1550,13.838140487670898,0.24981878697872162,16.96475601196289,24.00389289855957,9803.644524694966,407.2201843261719,256.4727783203125,62.98134922981262,0.053955592,0.03398196
31.7,1550,13.914063453674316,0.24738182127475739,16.964981079101562,24.072046279907227,9818.639904489404,408.3818054199219,254.35935974121094,62.284696102142334,0.054702382534742355,0.034071211
31.8,1550,14.054912567138672,0.2509809136390686,16.965456008911133,24.109771728515625,9824.559256,409.03326416015625,258.2155456542969,63.12825083732605,0.054430932,0.034361295
31.9,1550,13.876450538635254,0.2483331263065338,16.966007232666016,24.11664581298828,9826.350914854782,409.1631774902344,255.53802490234375,62.45381832122803,0.054302879,0.033914219588041306
32,1550,14.010822296142578,0.24931803345680237,16.966089248657227,24.122201919555664,9828.311598064845,409.2594299316406,256.6026916503906,62.69927620887756,0.054601226,0.034234576
32.1,1550,13.885214805603027,0.2499515861272812,16.96613883972168,24.076181411743164,9834.626117,408.4798278808594,257.4200439453125,63.01903725,0.053939912,0.033992413
32.2,1550,13.867916107177734,0.24685557186603546,16.965396881103516,24.065988540649414,9839.197936054605,408.2890319824219,254.34971618652344,62.29647994041443,0.054523028433322906,0.033965927
32.3,1550,14.019954681396484,0.2507270276546478,16.964921951293945,24.07044219970703,9840.715658729696,408.3531799316406,258.3785400390625,63.27330470085144,0.054261297,0.034332916140556335
32.4,1550,13.882511138916016,0.2480098158121109,16.964536666870117,24.08399200439453,9838.020593580073,408.5737609863281,255.5084228515625,62.53666877746582,0.05433289,0.033977978
32.5,1550,14.062929153442383,0.2498951405286789,16.964570999145508,24.09660530090332,9831.835465689113,408.7885742,257.28887939453125,62.93935179710388,0.054658129811286926,0.034401473
32.6,1550,13.95739459991455,0.25064525,16.964738845825195,24.096487045288086,9829.751219803506,408.7906188964844,258.0065002441406,63.11458349227905,0.054097067564725876,0.034143139
32.7,1550,13.909140586853027,0.24756962060928345,16.964662551879883,24.09558678,9828.711428231938,408.77349853515625,254.81356811523438,62.33612895011902,0.054585557,0.034026522
32.8,1550,14.066025733947754,0.25143396854400635,16.964624404907227,24.104888916015625,9829.443478800262,408.9303894042969,258.8102722167969,63.28956484794617,0.054348792880773544,0.034397114
32.9,1550,13.877012252807617,0.25005146861076355,16.964630126953125,24.10440444946289,9830.774691776416,408.92230224609375,257.42205810546875,62.95133829116821,0.053907625,0.033935573
33,1550,14.00531292,0.25014182925224304,16.96460723876953,24.09630584716797,9834.791644417246,408.78436279296875,257.62030029296875,63.02107572555542,0.054364163,0.034260883927345276
33.1,1550,13.920736312866211,0.25060370564460754,16.964916229248047,24.09144401550293,9839.839063144696,408.7093200683594,258.22845458984375,63.18144202232361,0.053908605,0.034060236
33.2,1550,13.876822471618652,0.2473483830690384,16.964902877807617,24.074832916259766,9842.450198929799,408.4272155761719,254.9417266845703,62.42035627365112,0.054431349,0.033976245671510696
33.3,1550,14.020835876464844,0.250721276,16.964641571044922,24.081485748291016,9842.905982006572,408.5337829589844,258.43011474609375,63.25795650482178,0.054253876,0.034319893
33.4,1550,13.811327934265137,0.248084158,16.96510124206543,24.090137481689453,9842.949112374452,408.6916198730469,255.71304321289062,62.56870627403259,0.054011039435863495,0.033794008
33.5,1550,14.02643871307373,0.2501015067100525,16.96593475341797,24.087209701538086,9845.665159865204,408.6620178222656,257.8635559082031,63.099467754364014,0.054394804,0.034322832
33.6,1550,13.80192756652832,0.2489193081855774,16.965742111206055,24.087034225463867,9851.736050565565,408.6544189453125,256.80291748046875,62.84109950065613,0.05374521,0.033774081617593765
33.7,1550,13.857696533203125,0.2481207698583603,16.965839385986328,24.061023712158203,9864.091152434445,408.2154541015625,256.30010986328125,62.785500288009644,0.054068241,0.033947013318538666
33.8,1550,13.73105239868164,0.24822592735290527,16.96542739868164,24.04517936706543,9873.880580257339,407.9367370605469,256.6632080078125,62.91740536689758,0.053498328,0.033659759908914566
33.9,1550,13.848771095275879,0.24624575674533844,16.965381622314453,24.013959884643555,9875.244432430805,407.4060059,254.65090942382812,62.50544190406799,0.054383356124162674,0.033992555
34,1550,13.845277786254883,0.24856428802013397,16.964656829833984,24.02147865,9868.540574439681,407.5161437988281,256.87408447265625,63.03408741950989,0.053899083,0.033974796533584595
34.1,1550,13.827571868896484,0.24595078825950623,16.964725494384766,24.03414535522461,9864.507302200194,407.732666,254.06932067871094,62.31272220611572,0.054424405097961426,0.033913329
34.2,1550,13.92994213104248,0.2493174970149994,16.964824676513672,24.034587860107422,9862.867182535178,407.7425842285156,257.50433349609375,63.15365433692932,0.05409595,0.034163571894168854
34.3,1550,13.794010162353516,0.24614566564559937,16.964704513549805,24.05701446533203,9862.954608956554,408.1201477050781,254.23060607910156,62.29308247566223,0.054257865995168686,0.033798896
34.4,1550,14.03673267364502,0.249337837,16.964462280273438,24.05596160888672,9857.127347,408.0964660644531,257.3754883,63.06731700897217,0.054537956,0.034395623952150345
34.5,1550,13.842450141906738,0.24779589474201202,16.964502334594727,24.05069351196289,9853.182666417935,408.0080566,255.6814727783203,62.66579031944275,0.054139435,0.033926904
34.6,1550,13.924941062927246,0.24789509177207947,16.96505355834961,24.02133560180664,9858.96097,407.52325439453125,255.93382263183594,62.80226707458496,0.054408364,0.034169685
34.7,1550,13.657780647277832,0.24726997315883636,16.965221405029297,23.98419952392578,9872.890913167359,406.8972473144531,255.64913940429688,62.82891631126404,0.053423926,0.033565674
34.8,1550,13.699320793151855,0.24650226533412933,16.965137481689453,23.959611892700195,9890.903087342087,406.4781188964844,255.32037353515625,62.81282305717468,0.053655415773391724,0.033702482
34.9,1550,13.48771858215332,0.245404914,16.96536636352539,23.917341232299805,9901.681016569339,405.7664489746094,254.46075439453125,62.711137533187866,0.053005103,0.033240102
35,1550,13.74551010131836,0.2466237097978592,16.96471405029297,23.922513961791992,9904.913462789022,405.838623,255.80799865722656,63.03195357322693,0.053733699,0.033869401
35.1,1550,13.616016387939453,0.2451511025428772,16.96436309814453,23.940034866333008,9900.135317,406.1274414,254.15789794921875,62.58082389831543,0.053573060780763626,0.033526462
35.2,1550,13.860363006591797,0.2466237097978592,16.964242935180664,23.97471809387207,9891.136224465756,406.71295166015625,255.4521942138672,62.808966636657715,0.054258149,0.034078982
35.3,1550,13.759322166442871,0.2468162178993225,16.96444320678711,23.980504989624023,9878.360310088652,406.815918,255.32138061523438,62.760913372039795,0.05389021,0.033821985
35.4,1550,13.87705135345459,0.24653644859790802,16.96429443359375,24.005481719970703,9868.461307817633,407.2360534667969,254.77639770507812,62.56234049797058,0.054467570036649704,0.034076184034347534
35.5,1550,13.838191986083984,0.2488221973180771,16.96426773071289,24.02210045,9863.427877317605,407.517334,257.00738525390625,63.06661367416382,0.053843557834625244,0.033957306295633316
35.6,1550,13.762186050415039,0.24553030729293823,16.965152740478516,24.009017944335938,9864.692646213512,407.3166504,253.6397247314453,62.27089762687683,0.054258794,0.033787437
35.7,1550,13.929852485656738,0.2494480162858963,16.96455192565918,24.032588958740234,9862.695826749281,407.7021179199219,257.6346740722656,63.191890716552734,0.054068238,0.034166742116212845
35.8,1550,13.823084831237793,0.24669042229652405,16.964502334594727,24.052696228027344,9853.369176116872,408.0420227050781,254.54563903808594,62.38220930099487,0.054304935,0.03387662
35.9,1550,14.01095199584961,0.24926523864269257,16.964384078979492,24.090970993041992,9844.310633176683,408.6884766,256.96600341796875,62.87575960159302,0.054524537175893784,0.034282718
36,1600,13.888919830322266,0.24933534860610962,16.964160919189453,24.125253677368164,9839.122166489413,409.2646789550781,256.9028015136719,62.77179718017578,0.054062940180301666,0.033936277
36.1,1600,14.62564468383789,0.28188449144363403,16.92273521,27.474912643432617,9997.495711655141,464.9506836,295.1148376464844,63.472288846969604,0.049559165,0.031456336
36.2,1600,15.132240295410156,0.2875891327857971,16.940521240234375,28.86738395690918,10239.753159602871,489.0285339355469,308.38311767578125,63.060349225997925,0.049069616943597794,0.030943472
36.3,1600,15.877656936645508,0.2936564087867737,16.95107650756836,29.51839256286621,10396.987829919473,500.3685302734375,319.72430419921875,63.897764682769775,0.049660463,0.031731925904750824
36.4,1600,16.19624900817871,0.29653000831604004,16.954618453979492,29.910968780517578,10490.83485,507.1290588378906,325.7671813964844,64.23752903938293,0.049717255,0.031937134
36.5,1600,16.331607818603516,0.2966560125350952,16.957948684692383,30.103052139282227,10547.94994592374,510.48602294921875,327.6799316,64.18979167938232,0.049840122,0.031992272
36.6,1600,16.485923767089844,0.2979929745197296,16.959644317626953,30.213045120239258,10583.056899691552,512.4025268554688,330.2522277832031,64.45172429084778,0.049919188022613525,0.032173779
36.7,1600,16.608156204223633,0.2990380525588989,16.96077537536621,30.224693298339844,10606.526813931388,512.6342163085938,332.1454162597656,64.79189395904541,0.050002664,0.032397673
36.8,1600,16.34952735900879,0.29653051495552063,16.96191406,30.168861389160156,10626.806246633803,511.7216491699219,329.9899902,64.48622941970825,0.049545523,0.031950042
36.9,1600,16.242958068847656,0.29470905661582947,16.96125602722168,30.171531677246094,10637.033972249195,511.7470703,328.2786560058594,64.14861679077148,0.049479179084300995,0.031740207225084305
37,1600,16.287927627563477,0.2950279712677002,16.96256446838379,30.109867095947266,10648.823716593175,510.7405700683594,328.9981384277344,64.41590189933777,0.049507658928632736,0.031890805810689926
37.1,1600,16.38971519470215,0.2954123914241791,16.962451934814453,30.0390625,10659.028128496202,509.5361633300781,329.74249267578125,64.71425294876099,0.049704589,0.032165952026844025
37.2,1600,16.332412719726562,0.294950932,16.96175193786621,30.017757415771484,10659.966505418972,509.15374755859375,329.25640869140625,64.66737985610962,0.049603932,0.032077566
37.3,1600,16.15473175048828,0.2926337718963623,16.961633682250977,30.021759033203125,10658.21681130583,509.21807861328125,326.6161193847656,64.14071321487427,0.049460913985967636,0.031724583357572556
37.4,1600,16.20996094,0.2927875816822052,16.961442947387695,30.042566299438477,10656.068452711213,509.5652770996094,326.7219238,64.11777735,0.049613937735557556,0.031811353
37.5,1600,16.446550369262695,0.2953188121318817,16.961078643798828,30.07274818,10653.007362277429,510.0662536621094,329.45184326171875,64.59001302719116,0.049920953810214996,0.032243948
37.6,1600,16.43680191040039,0.29579246044158936,16.96130943,30.07159423828125,10651.589888565517,510.0536193847656,329.93634033203125,64.68660235404968,0.049818102,0.032225635
37.7,1600,16.19622039794922,0.2942977249622345,16.96131706237793,30.085132598876953,10650.871826224615,510.2834777832031,328.2469482421875,64.32638764381409,0.049341574,0.031739652156829834
37.8,1600,16.059951782226562,0.29299142956733704,16.962411880493164,30.030353546142578,10657.674767493298,509.3872375488281,326.9986877441406,64.19451832771301,0.049113199,0.031527981
37.9,1600,16.140180587768555,0.2940639555454254,16.963333129882812,29.97313117980957,10665.398600400478,508.4442138671875,328.43353271484375,64.59578872,0.049142912,0.031744249165058136
38,1600,16.21619987487793,0.294815332,16.96271514892578,29.969697952270508,10671.373904880134,508.3674621582031,329.45721435546875,64.80690836906433,0.049220961,0.031898580491542816
38.1,1600,16.16469955444336,0.29428193,16.96250343322754,29.97711181640625,10671.424029361722,508.4868469238281,328.8626708984375,64.67476487159729,0.049153342843055725,0.031789809465408325
38.2,1600,16.051939010620117,0.29263240098953247,16.961442947387695,30.013450622558594,10665.40326314295,509.0714416503906,326.8348083496094,64.20215368270874,0.049113307148218155,0.0315318
38.3,1600,16.144790649414062,0.2931046783924103,16.961380004882812,30.041027069091797,10659.46643,509.5372619628906,327.1800537109375,64.21121359,0.049345277,0.031685199588537216
38.4,1600,16.323843002319336,0.2951168417930603,16.961423873901367,30.041933059692383,10657.065113914901,509.5539551,329.3519592285156,64.63534235954285,0.049563523,0.032035551965236664
38.5,1600,16.315326690673828,0.2956823706626892,16.961538314819336,30.035579681396484,10657.573352844502,509.44964599609375,329.9988098144531,64.77555037,0.049440563,0.032025397
38.6,1600,16.14086151123047,0.29393962025642395,16.96141242980957,30.060678482055664,10662.216278662385,509.8715515136719,328.19671630859375,64.36851024627686,0.049180448055267334,0.031656719744205475
38.7,1600,16.096162796020508,0.2924004793167114,16.962749481201172,30.027687072753906,10663.050909565123,509.3521423339844,326.5037536621094,64.1017735,0.049298555,0.031601246
38.8,1600,16.31168556213379,0.2941928803920746,16.962444305419922,30.049684524536133,10658.841618797265,509.7160949707031,328.3755187988281,64.42322134971619,0.049673878,0.03200151
38.9,1600,16.363067626953125,0.29510927200317383,16.962547302246094,30.059772491455078,10655.855132243056,509.89031982421875,329.30609130859375,64.58371282,0.049689535051584244,0.032091349363327026
39,1600,16.16220474243164,0.29347464442253113,16.962221145629883,30.04876136779785,10658.432463145225,509.6937255859375,327.5612793,64.26629424095154,0.049341012,0.031709641218185425
39.1,1600,16.110393524169922,0.29249057173728943,16.961397171020508,30.075298309326172,10656.731727828053,510.11907958984375,326.4107971191406,63.98717761039734,0.049356188625097275,0.031581632792949677
39.2,1600,16.298690795898438,0.2940889000892639,16.961130142211914,30.10326576,10649.652519067822,510.5854187011719,327.9764709472656,64.23537731170654,0.049694694578647614,0.031921577
39.3,1600,16.481874465942383,0.29660511016845703,16.960554122924805,30.164085388183594,10641.359831578888,511.5996094,330.5250549316406,64.60619568824768,0.049865733832120895,0.032216355204582214
39.4,1600,16.368553161621094,0.29621341824531555,16.960861206054688,30.195295333862305,10635.062797868568,512.1381836,329.8932189941406,64.41488265991211,0.04961773,0.031961203
39.5,1600,16.22316551208496,0.2946450114250183,16.961355209350586,30.20478630065918,10632.065820143793,512.3140869140625,328.05401611328125,64.03376460075378,0.049452726,0.031666443
39.6,1600,16.47245216369629,0.29663726687431335,16.962099075317383,30.171791076660156,10633.39470174871,511.77691650390625,330.3134460449219,64.54246640205383,0.049869154,0.032186783850193024
39.7,1600,16.524253845214844,0.2974485456943512,16.960969924926758,30.21291160583496,10632.600869842614,512.4403076171875,331.1921081542969,64.63038325309753,0.04989326,0.032246202
39.8,1600,16.335851669311523,0.2955877184867859,16.961271286010742,30.226642608642578,10634.875122484013,512.6823120117188,329.1905822753906,64.20947313308716,0.049624298,0.031863499
39.9,1600,16.266393661499023,0.29423293471336365,16.962966918945312,30.1600399,10638.219474523055,511.6037598,327.7848205566406,64.07005786895752,0.049625218,0.031794906
40,1600,16.417964935302734,0.2960220277309418,16.96320152282715,30.118757247924805,10644.914007029234,510.9105529785156,329.9854736328125,64.58771824836731,0.049753603,0.032134715
40.1,1600,16.419960021972656,0.2962471544742584,16.963472366333008,30.071651458740234,10652.093464752645,510.1196289,330.4591369628906,64.78071808815002,0.049688320606946945,0.032188449054956436
40.2,1600,16.176681518554688,0.2937370836734772,16.963607788085938,30.037656784057617,10656.103423279765,509.5470275878906,327.78253173828125,64.32822346687317,0.049351871,0.031747180968523026
40.3,1600,16.084692001342773,0.2919902205467224,16.963048934936523,30.024730682373047,10659.056104951042,509.31097412109375,325.9234924316406,63.993024826049805,0.049351125955581665,0.031581279
40.4,1600,16.217124938964844,0.2933472692966461,16.96173858642578,30.043865203857422,10657.017320804549,509.5961914,327.3756103515625,64.24216628074646,0.049536749720573425,0.031823482
40.5,1600,16.362794876098633,0.29509443044662476,16.961483001708984,30.06568717956543,10655.898262610934,509.9586486816406,329.2908630371094,64.57207202911377,0.049691006541252136,0.032086514
40.6,1600,16.26177406311035,0.2943362,16.96161651611328,30.058557510375977,10654.338575253583,509.84173583984375,328.3966979980469,64.41150307655334,0.04951869,0.031895731
40.7,1600,16.07180404663086,0.2920547425746918,16.96162986755371,30.043804168701172,10651.81370020424,509.5918884277344,325.7740173339844,63.92841339111328,0.049334209,0.03153858
40.8,1600,16.253311157226562,0.2936186194419861,16.96150016784668,30.064151763916016,10649.003232178402,509.9331055,327.4320373535156,64.21077847480774,0.049638733,0.031873416155576706
40.9,1600,16.443740844726562,0.29609769582748413,16.96099090576172,30.098297119140625,10642.41710843473,510.4969482421875,329.9924011230469,64.64140415,0.049830668,0.032211244106292725
41,1650,16.35620689,0.29585668444633484,16.960460662841797,30.168954849243164,10634.664133387092,511.67938232421875,329.48358154296875,64.39258456230164,0.049641948,0.031965733
41.1,1650,17.02231216430664,0.329552561,16.910995483398438,34.16946029663086,10795.407517414924,577.8395996,372.5566711425781,64.47406411,0.045690529,0.029458543
41.2,1650,17.81217384338379,0.3412792980670929,16.93093490600586,36.04204559326172,11055.693459136037,610.2255249023438,395.1159362792969,64.74916338920593,0.045080878,0.029189493507146835
41.3,1650,18.416950225830078,0.34441813826560974,16.945598602294922,36.80028533935547,11224.959170719618,623.6028442382812,404.8548889160156,64.92190957069397,0.04549025,0.029533138498663902
41.4,1650,18.711610794067383,0.34512826800346375,16.953327178955078,37.10175704956055,11326.310872492577,628.9982299804688,409.3526611328125,65.08010029792786,0.045710243,0.029748272
41.5,1650,18.898944854736328,0.34530961513519287,16.95617104,37.25811004638672,11378.10694725829,631.7548828,411.44073486328125,65.12664556503296,0.045933574,0.029914995655417442
41.6,1650,19.01587486,0.3454863429069519,16.95751953,37.354618072509766,11404.748692065652,633.4416504,412.6152038574219,65.13862609863281,0.046086218,0.030019931495189667
41.7,1650,19.135892868041992,0.3460531532764435,16.957584381103516,37.45091629,11411.949132130192,635.0770874023438,413.5530700683594,65.11856317520142,0.046271916,0.030131606
41.8,1650,19.190811157226562,0.3472003638744354,16.957515716552734,37.56928253173828,11411.140146311058,637.0817260742188,414.8946533203125,65.12424349784851,0.046254660934209824,0.030122999101877213
41.9,1650,19.236101150512695,0.3481200933456421,16.957969665527344,37.64491653442383,11408.023102967592,638.3813477,415.88006591796875,65.14602303504944,0.046253964,0.030132618
42,1650,19.221240997314453,0.347857267,16.958887100219727,37.63457489013672,11410.879032732548,638.2404785,415.67010498046875,65.12750387191772,0.046241574,0.030115984
42.1,1650,19.213754653930664,0.3477976620197296,16.959346771240234,37.64685059,11413.385256811998,638.4660034179688,415.6901550292969,65.10764360427856,0.046221334,0.030093623
42.2,1650,19.1972599,0.34744930267333984,16.95954704284668,37.64156723022461,11414.552108115966,638.3839111328125,415.3162536621094,65.05744457244873,0.046223231,0.030071653425693512
42.3,1650,19.125041961669922,0.34689804911613464,16.95974349975586,37.62538528442383,11416.49763741299,638.1168823242188,414.7279968261719,64.99248147010803,0.046114660799503326,0.029971063137054443
42.4,1650,19.053796768188477,0.34592342376708984,16.960344314575195,37.56144714355469,11422.912405370764,637.0550537109375,413.7951965332031,64.95438218,0.046046443,0.029909182339906693
42.5,1650,18.96775245666504,0.3451440632343292,16.959341049194336,37.52692413330078,11429.547487910404,636.4318848,413.10272216796875,64.90917801856995,0.045915339,0.02980327
42.6,1650,18.88503074645996,0.3441966474056244,16.958866119384766,37.48216629,11436.940266101972,635.6550293,412.2352294921875,64.85203504562378,0.045811296,0.029709558933973312
42.7,1650,18.88055992126465,0.34392082691192627,16.958717346191406,37.43320083618164,11441.795346702396,634.8190918,412.0797424316406,64.91294503211975,0.045817733,0.029741639271378517
42.8,1650,18.891538619995117,0.34421348571777344,16.958871841430664,37.404788970947266,11443.092754795618,634.3430176,412.4771728515625,65.02431035041809,0.045800205,0.029781267046928406
42.9,1650,18.91658592224121,0.34436875581741333,16.959178924560547,37.39371871948242,11444.534707905515,634.166748,412.7152404785156,65.07992148399353,0.045834474,0.02982904
43,1650,18.931209564208984,0.34423553943634033,16.95946693,37.382102966308594,11446.589811650665,633.9805297851562,412.6296691894531,65.08554220199585,0.04587942,0.029860869
43.1,1650,18.91858673095703,0.3434504568576813,16.960161209106445,37.328670501708984,11452.290014324391,633.1002807617188,411.89361572265625,65.05977511405945,0.045930761843919754,0.02988245
43.2,1650,18.965843200683594,0.34294581413269043,16.959836959838867,37.30846024,11453.472019541396,632.7454223632812,411.3308410644531,65.00732303,0.046108487993478775,0.029973892495036125
43.3,1650,19.059541702270508,0.3438085615634918,16.958328247070312,37.37939453,11443.499579076422,633.8920288085938,412.0065918,64.99633193016052,0.046260282,0.030067489
43.4,1650,19.128877639770508,0.34521347284317017,16.958162307739258,37.48066711425781,11434.251029380443,635.6032104492188,413.3558349609375,65.03362655639648,0.046277024,0.030095625668764114
43.5,1650,19.17203140258789,0.34590277075767517,16.95805549621582,37.55072784423828,11421.687269785878,636.7873535,413.7261047363281,64.97084498405457,0.046339914202690125,0.030107433
43.6,1650,19.190258026123047,0.34645476937294006,16.958417892456055,37.61962127685547,11413.70232330019,637.9692383,414.0966491699219,64.90855813026428,0.046342462,0.030080223456025124
43.7,1650,19.136741638183594,0.3466190695762634,16.95886803,37.65559005737305,11414.717635473771,638.5961914,414.3298645019531,64.88135457,0.046187211,0.029966890811920166
43.8,1650,19.109798431396484,0.3461926579475403,16.95880699157715,37.701942443847656,11422.556871257166,639.3799438476562,414.1043701171875,64.76655006408691,0.046147302,0.029888015240430832
43.9,1650,19.023555755615234,0.3456847667694092,16.959585189819336,37.687461853027344,11429.435582091042,639.1636962890625,413.7458496,64.73237276,0.045978844,0.029763197526335716
44,1650,18.99340057373047,0.34560060501098633,16.95956802368164,37.657737731933594,11439.157400148073,638.6589355,413.9969482421875,64.82285261154175,0.045878116,0.029739503
44.1,1650,18.968124389648438,0.34501588344573975,16.959938049316406,37.603519439697266,11443.043795999647,637.7533569335938,413.4369201660156,64.82709050178528,0.045879126,0.029742101207375526
44.2,1650,18.959869384765625,0.3446536958217621,16.960033416748047,37.56220626831055,11444.688578407138,637.0562744140625,413.0622863769531,64.83921408653259,0.045900750905275345,0.029761687
44.3,1650,18.986675262451172,0.34527456760406494,16.958866119384766,37.568763732910156,11443.939042554539,637.1236572265625,413.7792969,64.94489908218384,0.045885998755693436,0.029800614342093468
44.4,1650,19.03489112854004,0.3462347984313965,16.958602905273438,37.58808135986328,11442.202170983199,637.4413452148438,414.8670654296875,65.08317589759827,0.045881904661655426,0.0298614
44.5,1650,19.126482009887695,0.3468374013900757,16.95853042602539,37.618099212646484,11440.384867104194,637.9476928710938,415.5231018066406,65.13435244560242,0.046029888,0.02998127
44.6,1650,19.140371322631836,0.34664347767829895,16.95868492126465,37.65397644042969,11435.315300349996,638.5619506835938,415.10675048828125,65.00650048,0.046109516,0.029974181205034256
44.7,1650,19.19235610961914,0.34692755341529846,16.95893096923828,37.67604446411133,11433.013071253756,638.9454345703125,415.3632813,65.00763297080994,0.046206191182136536,0.030037550255656242
44.8,1650,19.205381393432617,0.3467804491519928,16.959178924560547,37.68695068359375,11432.171446237307,639.1397094726562,415.1566162109375,64.95553255081177,0.046260569244623184,0.030048798769712448
44.9,1650,19.182100296020508,0.3463882803916931,16.95952033996582,37.671939849853516,11433.62505620339,638.8980102539062,414.7398376464844,64.91487026,0.046250924468040466,0.030023728
45,1650,19.23440933227539,0.3465670943260193,16.95907211303711,37.70052719116211,11429.777127977219,639.3659668,414.8143005371094,64.87900614738464,0.046368726,0.030083568766713142
45.1,1650,19.251190185546875,0.3466338813304901,16.95823097229004,37.74400711,11422.15937246131,640.0715942382812,414.6177062988281,64.77677226,0.046431184,0.030076621
45.2,1650,19.287818908691406,0.3476864695549011,16.957773208618164,37.81521987915039,11413.90632,641.2619018554688,415.57623291015625,64.80600833892822,0.046412226,0.03007791
45.3,1650,19.295442581176758,0.34827348589897156,16.958518981933594,37.85151672363281,11409.575796211235,641.9056396484375,416.11993408203125,64.82571363449097,0.046369907,0.030059623
45.4,1650,19.212265014648438,0.3479301929473877,16.959152221679688,37.86665344238281,11411.979439956269,642.1863403320312,415.7973633,64.74714875221252,0.046205837,0.029916963
45.5,1650,19.067777633666992,0.3465522825717926,16.95996094,37.76047134399414,11423.801823497563,640.4161376953125,414.5797119140625,64.73599076271057,0.045993030071258545,0.029774043709039688
45.6,1650,18.939783096313477,0.34523290395736694,16.959545135498047,37.66670227050781,11435.684822691012,638.8101196289062,413.4309387207031,64.71890807151794,0.045811235904693604,0.029648533
45.7,1650,18.812664031982422,0.34311410784721375,16.960227966308594,37.50712203979492,11451.538147100555,636.1293334960938,411.4632263183594,64.68232274055481,0.045721374452114105,0.029573645442724228
45.8,1650,18.762516021728516,0.3425772786140442,16.959819793701172,37.38450241088867,11462.712409438047,634.0344238,411.2203369140625,64.85772728919983,0.045626431703567505,0.029592266
45.9,1650,18.71742057800293,0.34207698702812195,16.959348678588867,37.306087493896484,11473.75261792943,632.6869506835938,411.0152587890625,64.96344804763794,0.045539476,0.029584016650915146
46,1700,18.73944091796875,0.3415103852748871,16.95903205871582,37.255287170410156,11479.537915653294,631.8135986328125,410.5413818359375,64.97824192047119,0.04564568,0.029659761115908623
46.1,1700,19.254331588745117,0.37156668305397034,16.903629302978516,41.470184326171875,11638.946589648118,700.9966430664062,452.8757324,64.60455656051636,0.042515706,0.027467081
46.2,1700,20.208637237548828,0.38480693101882935,16.922218322753906,43.577598571777344,11882.02118321431,737.4296264648438,478.8084716796875,64.92937803268433,0.042206097,0.027404157
46.3,1700,20.72490882873535,0.388733834,16.937942504882812,44.468997955322266,12040.730445838124,753.2133178710938,490.1553955078125,65.07524251937866,0.042282324,0.027515324
46.4,1700,21.04126739501953,0.39078453183174133,16.94586181640625,44.905250549316406,12129.533541929557,760.9581909179688,496.3752136230469,65.23028612136841,0.042389844,0.027651017531752586
46.5,1700,21.346622467041016,0.39288902282714844,16.948904037475586,45.17677307128906,12171.519206531246,765.6967773,500.7757568359375,65.40131568908691,0.042627107352018356,0.027878688648343086
46.6,1700,21.37854766845703,0.39373883605003357,16.950401306152344,45.413734436035156,12186.455136359149,769.7810059,502.4747619628906,65.27502536773682,0.042546511,0.027772245928645134
46.7,1700,21.478487014770508,0.39545831084251404,16.952268600463867,45.55024337768555,12191.390649267238,772.1799316,504.8735046386719,65.38287997245789,0.042542316019535065,0.02781539
46.8,1700,21.590129852294922,0.3973468542098999,16.952293395996094,45.700687408447266,12185.583203516624,774.7314453,507.04290771484375,65.44756889343262,0.042580478,0.027867889031767845
46.9,1700,21.672203063964844,0.39806848764419556,16.952272415161133,45.84810256958008,12174.26905890493,777.2295532226562,507.49212646484375,65.29501676559448,0.042704511,0.027883917093276978
47,1700,21.67786407470703,0.3988631069660187,16.953330993652344,45.938655853271484,12165.863299911016,778.8132324,508.1540832519531,65.24723172187805,0.04266002,0.027834482491016388
47.1,1700,21.754180908203125,0.39951300621032715,16.954509735107422,45.95004653930664,12170.493403187098,779.0604858398438,509.1757813,65.35766721,0.042724303901195526,0.027923608
47.2,1700,21.71148109436035,0.39877253770828247,16.95490264892578,45.91658020019531,12173.910027734479,778.5111694335938,508.3747253417969,65.30089378356934,0.042707633,0.027888466
47.3,1700,21.56775475,0.39814409613609314,16.954692840576172,45.93696594238281,12173.281723186188,778.847168,507.5473633,65.16649127006531,0.042494074,0.027691897004842758
47.4,1700,21.635997772216797,0.39826181530952454,16.95581817626953,45.85083008,12180.39007408688,777.4383544921875,507.9938965,65.34201502799988,0.042591058,0.027829857543110847
47.5,1700,21.62527847290039,0.3973851799964905,16.95589828491211,45.79011154174805,12186.211508064915,776.4124755859375,507.1179504394531,65.31553268432617,0.042643487,0.027852822095155716
47.6,1700,21.563997268676758,0.39615875482559204,16.955554962158203,45.75203323364258,12188.662944920301,775.7510986328125,505.6545715332031,65.18257856369019,0.042645708,0.027797572314739227
47.7,1700,21.541126251220703,0.3966180682182312,16.955705642700195,45.714534759521484,12190.207478364613,775.1221923828125,506.30499267578125,65.31937718391418,0.042545751,0.027790619060397148
47.8,1700,21.502927780151367,0.39620453119277954,16.95556068,45.68082809448242,12195.049736423234,774.5440673828125,505.9779968261719,65.32591581344604,0.042497754,0.027762046083807945
47.9,1700,21.333669662475586,0.39415618777275085,16.956195831298828,45.60657501220703,12205.81950585116,773.3140258789062,503.8066711425781,65.14903903007507,0.042344954,0.02758733
48,1700,21.30147361755371,0.393598348,16.95726967,45.45390701293945,12220.192409525402,770.7741699,503.6860656738281,65.34807085990906,0.042291171848773956,0.027636466547846794
48.1,1700,21.409835815429688,0.39327049255371094,16.95478057861328,45.47944259643555,12219.329802167822,771.0939941,503.2309875488281,65.26195406913757,0.042544749,0.027765534818172455
48.2,1700,21.61596107,0.3953995108604431,16.95326042175293,45.60393142700195,12199.495661371617,773.1353149414062,505.1340332,65.33578634262085,0.042792525,0.027958832681179047
48.3,1700,21.751850128173828,0.39840200543403625,16.95275879,45.80144500732422,12177.813908870328,776.4608764648438,508.0652160644531,65.43346047401428,0.042813107,0.028014097
48.4,1700,21.74530792236328,0.39889591932296753,16.953842163085938,45.89152526855469,12168.418482786437,778.0376586914062,508.3026123046875,65.33136367797852,0.042780239,0.027948914095759392
48.5,1700,21.688026428222656,0.39860057830810547,16.954713821411133,45.90100860595703,12167.118743321978,778.2384643554688,507.87200927734375,65.25917649269104,0.042703725,0.027868099510669708
48.6,1700,21.74854088,0.3995158076286316,16.95410919189453,45.95836639404297,12161.743766935771,779.1831665039062,508.8132629394531,65.30085802078247,0.042743656784296036,0.027911974117159843
48.7,1700,21.85073471069336,0.40064483880996704,16.95375633239746,46.00614547729492,12154.265893694064,779.9769897460938,509.93743896484375,65.37852287,0.042849835,0.028014589101076126
48.8,1700,21.835020065307617,0.4007391035556793,16.953697204589844,46.08512496948242,12145.637488747047,781.3132324,509.6953430175781,65.23572206497192,0.042839355766773224,0.027946563437581062
48.9,1700,21.663211822509766,0.3998882472515106,16.954849243164062,46.09444046020508,12144.544075637035,781.5242919921875,508.5673522949219,65.07377624511719,0.042596545070409775,0.027719179168343544
49,1700,21.60997963,0.39870402216911316,16.95660972595215,46.001258850097656,12159.996404193867,780.0253906,507.7064514160156,65.08845090866089,0.042563926,0.0277042
49.1,1700,21.62243652,0.39754587411880493,16.956384658813477,45.884037017822266,12170.953849006346,778.0274047851562,506.6878356933594,65.12467861175537,0.04267408,0.027791356667876244
49.2,1700,21.498254776000977,0.3962686359882355,16.95582389831543,45.81901550292969,12172.225612015964,776.8991699,505.11273193359375,65.01650810241699,0.0425613,0.027671873569488525
49.3,1700,21.516216278076172,0.3965683877468109,16.955142974853516,45.81202697753906,12173.027603721388,776.7494506835938,505.5281066894531,65.08252024650574,0.042561858892440796,0.027700329199433327
49.4,1700,21.632047653198242,0.3973236680030823,16.95512580871582,45.81850814819336,12172.345677634654,776.8585815429688,506.4625549316406,65.19365906715393,0.04271204,0.027845541015267372
49.5,1700,21.62758445739746,0.39676621556282043,16.95499038696289,45.82197189331055,12172.17898459123,776.9110717773438,505.7450256347656,65.09690284729004,0.042763810604810715,0.027837913
49.6,1700,21.604412078857422,0.39665496349334717,16.95490837097168,45.81501007080078,12171.569331012834,776.7893066,505.5779113769531,65.08558988571167,0.042732112,0.027812447398900986
49.7,1700,21.686735153198242,0.3977891206741333,16.954605102539062,45.83620834350586,12169.154030411615,777.1348266601562,506.9228820800781,65.22972583770752,0.042781133,0.027906013652682304
49.8,1700,21.731998443603516,0.3984031677246094,16.954458236694336,45.87739562988281,12163.621686466931,777.826416,507.4746094,65.24265409,0.042823814,0.027939394116401672
49.9,1700,21.70972442626953,0.3980751037597656,16.95407485961914,45.90515137,12156.327991552924,778.2793579101562,506.7526550292969,65.11192321777344,0.042840868,0.027894513681530952
50,1700,21.74776268005371,0.3989405930042267,16.95377540588379,45.99721908569336,12147.53988767619,779.8265380859375,507.4873047,65.07694721221924,0.042853806,0.027887949720025063
50.1,1700,21.85584831237793,0.4007166922092438,16.953346252441406,46.083213806152344,12138.94179055525,781.2647094726562,509.3858642578125,65.20016193389893,0.042906273156404495,0.027974959462881088
50.2,1700,21.867948532104492,0.40072911977767944,16.95532227,46.07817077636719,12138.480179050384,781.2702637,509.3822937011719,65.19924402236938,0.042930327355861664,0.027990249916911125
50.3,1700,21.75729751586914,0.399340957,16.955657958984375,45.99757004,12143.746746674084,779.9190673828125,507.8379821777344,65.11418819,0.042842992,0.027896866
50.4,1700,21.62696647644043,0.3986373245716095,16.955883026123047,45.96096420288086,12152.672401453781,779.3087158203125,507.3157653808594,65.09817838668823,0.042630188167095184,0.027751474
50.5,1700,21.587310791015625,0.3976500928401947,16.957345962524414,45.791046142578125,12171.24060766846,776.4946289,506.8326110839844,65.27187824249268,0.042592585,0.027800979
50.6,1700,21.596471786499023,0.3962068259716034,16.95629119873047,45.7214241,12179.238376695952,775.2658081054688,505.32489013671875,65.18086194992065,0.042737793,0.027856862172484398
50.7,1700,21.485475540161133,0.3952932059764862,16.955724716186523,45.69561767578125,12180.103315424765,774.8023071289062,504.1954650878906,65.07408022880554,0.042613383,0.027730267494916916
50.8,1700,21.604759216308594,0.396564782,16.955249786376953,45.67967606,12177.066704388968,774.5103149414062,505.6912536621094,65.29173851013184,0.042723219841718674,0.027894733
50.9,1700,21.712217330932617,0.3970835208892822,16.953561782836914,45.79482650756836,12162.636682119426,776.3854370117188,505.7527160644531,65.14196395874023,0.042930502,0.027965771034359932
51,1750,21.752771377563477,0.39755335450172424,16.95323371887207,45.91621398925781,12151.243270885685,778.4282836914062,505.8768005371094,64.9869442,0.043000136,0.027944475412368774
51.1,1750,22.286563873291016,0.42871150374412537,16.897075653076172,50.374515533447266,12296.781451707775,851.1820068359375,552.0586547851562,64.85788226127625,0.040369920432567596,0.026183076202869415
51.2,1750,22.94628334,0.43997231125831604,16.91723633,52.55462646484375,12528.997683739048,889.0790405273438,577.2584228515625,64.92768526,0.039750449,0.025809047743678093
51.3,1750,23.453035354614258,0.4436607360839844,16.933326721191406,53.48694610595703,12681.168615729543,905.7119141,589.1676635742188,65.05022644996643,0.039807066321372986,0.025894585996866226
51.4,1750,23.720075607299805,0.4464132785797119,16.941030502319336,54.01855469,12762.941461856713,915.1300048828125,596.6456909179688,65.19791484,0.039755717,0.025919897481799126
51.5,1750,23.976728439331055,0.4481266140937805,16.944019317626953,54.38566970825195,12803.19259,921.5118408203125,600.8245239257812,65.19986987113953,0.039906375110149384,0.026018904522061348
51.6,1750,24.08341407775879,0.449707568,16.94701576,54.555667877197266,12826.93410524721,924.5557861328125,604.0621948242188,65.33540487289429,0.039869096130132675,0.026048634201288223
51.7,1750,24.11390495300293,0.44997429847717285,16.947612762451172,54.671451568603516,12836.667580160423,926.5505981445312,604.8791504,65.28290510177612,0.039865657687187195,0.026025459
51.8,1750,24.278181076049805,0.4513853192329407,16.94696617126465,54.85137939453125,12829.228174544121,929.5644531,606.4242553710938,65.23746252059937,0.040034976,0.026117801666259766
51.9,1750,24.19476318359375,0.4519965946674347,16.949365615844727,54.861698150634766,12832.002506315792,929.8709716796875,607.3768310546875,65.31839966773987,0.039834845811128616,0.026019484
52,1750,24.362735748291016,0.45250529050827026,16.948123931884766,54.96609878540039,12825.015386719408,931.5722656,607.7293090820312,65.23694992,0.040088139,0.026152277
52.1,1750,24.49551773071289,0.4550294280052185,16.946884155273438,55.166568756103516,12808.438171540869,934.9014282226562,610.3294067382812,65.28275013,0.040134914219379425,0.026201175525784492
52.2,1750,24.449440002441406,0.4559163451194763,16.947519302368164,55.29513168334961,12793.353033953817,937.1152954101562,610.7987670898438,65.17861485481262,0.040028632,0.026090108
52.3,1750,24.433767318725586,0.45602789521217346,16.948856353759766,55.34614181518555,12788.16923000902,938.0538330078125,610.7006836,65.10294675827026,0.040009398,0.026047298684716225
52.4,1750,24.425308227539062,0.45584580302238464,16.950347900390625,55.300575256347656,12795.683239504897,937.3640137,610.8154907226562,65.16310572624207,0.03998803,0.026057442650198936
52.5,1750,24.26364517211914,0.4546714127063751,16.951364517211914,55.190364837646484,12802.647045388912,935.552002,609.5734252929688,65.15655517578125,0.039804302,0.025935111567378044
52.6,1750,24.2988224,0.45324891805648804,16.951065063476562,55.116363525390625,12811.204343513211,934.2810668945312,608.0725098,65.08453488349915,0.039960403,0.026008043438196182
52.7,1750,24.236984252929688,0.4524979889392853,16.95105553,55.031166076660156,12818.112196487546,932.8363647460938,607.3923950195312,65.11242389678955,0.039903339,0.025982031598687172
52.8,1750,24.10458755493164,0.4506559669971466,16.951635360717773,54.925811767578125,12825.608720699147,931.0823364257812,605.2736206054688,65.00752568244934,0.039824285,0.025888781994581223
52.9,1750,24.142780303955078,0.44970908761024475,16.951749801635742,54.82164764404297,12834.263936415387,929.3228759765625,604.4094238,65.03762006759644,0.03994441,0.025978894904255867
53,1750,23.955883026123047,0.4484018087387085,16.95227813720703,54.66341018676758,12846.275161026855,926.6693115234375,603.2164916992188,65.09511470794678,0.039713576436042786,0.025851598009467125
53.1,1750,23.974693298339844,0.44688114523887634,16.952312469482422,54.51089096069336,12862.461871523246,924.0856323242188,601.9282836914062,65.13771414756775,0.039829817,0.025944232940673828
53.2,1750,23.882299423217773,0.4467187821865082,16.951244354248047,54.45751190185547,12868.301956471174,923.1226196289062,601.9827880859375,65.21157622337341,0.039672729,0.025871211662888527
53.3,1750,24.008413314819336,0.44702285528182983,16.95018959,54.48135757446289,12861.973449249159,923.4693603515625,602.0963134765625,65.19938111305237,0.039874706,0.025998061522841454
53.4,1750,24.171049118041992,0.4490163326263428,16.94840431213379,54.60282516479492,12848.874639955773,925.4307861328125,604.1654052734375,65.28477668762207,0.040007338,0.026118701323866844
53.5,1750,24.172893524169922,0.4505937695503235,16.947710037231445,54.77969741821289,12829.92059180142,928.3904418945312,605.3934936523438,65.20893573760986,0.039929222,0.026037422940135002
53.6,1750,24.348949432373047,0.4522239565849304,16.94778823852539,54.94580078,12813.288589398819,931.2097778320312,606.7961426,65.16212821006775,0.040127068758010864,0.026147652
53.7,1750,24.307212829589844,0.45321834087371826,16.949119567871094,55.00924301147461,12808.322768664653,932.3582153320312,607.8947143554688,65.19969106,0.039985895,0.02607068
53.8,1750,24.253000259399414,0.4530804455280304,16.949846267700195,55.007137298583984,12806.801548932708,932.3625488,607.6375732421875,65.17181396484375,0.039913595,0.026012415066361427
53.9,1750,24.293563842773438,0.45291584730148315,16.95018959,55.00423812866211,12805.25351843154,932.3322754,607.3433837890625,65.14237523078918,0.039999715983867645,0.026056766510009766
54,1750,24.24977684020996,0.4531688988208771,16.94989776611328,55.033042907714844,12804.75926772936,932.8044434,607.6593017578125,65.14326333999634,0.039906867,0.025996634736657143
54.1,1750,24.25152015686035,0.45332375168800354,16.949283599853516,55.10367202758789,12797.238264119773,933.9677734,607.5098876953125,65.04613161087036,0.039919547736644745,0.025966121
54.2,1750,24.404048919677734,0.45419785380363464,16.948930740356445,55.17172622680664,12787.635345995815,935.1017456054688,608.2245483398438,65.04367589950562,0.040123422,0.026097746565937996
54.3,1750,24.29649543762207,0.45494431257247925,16.949935913085938,55.167625427246094,12787.60387248412,935.0877075195312,609.2226563,65.15138745307922,0.039881144,0.025983119383454323
54.4,1750,24.345067977905273,0.4542444944381714,16.950183868408203,55.16184616088867,12790.927242182033,935.003418,608.4436035,65.07394313812256,0.040012039,0.026037409901618958
54.5,1750,24.440292358398438,0.4539921283721924,16.950471878051758,55.12704086303711,12790.528577700557,934.4293823242188,608.0866088867188,65.07571935653687,0.040192123502492905,0.026155313476920128
54.6,1750,24.382553100585938,0.45485490560531616,16.950040817260742,55.13045883178711,12789.422342048745,934.4635009765625,609.1895141601562,65.19136428833008,0.040024579,0.026092568412423134
54.7,1750,24.320945739746094,0.45359161496162415,16.950700759887695,55.090049743652344,12791.920406328865,933.8149414,607.6162719726562,65.06816744804382,0.040026817470788956,0.026044717
54.8,1750,24.25790023803711,0.4524236023426056,16.95145606994629,54.993438720703125,12802.577104251812,932.2188720703125,606.5565185546875,65.06589055,0.039992813020944595,0.026021679863333702
54.9,1750,24.094356536865234,0.4507753551006317,16.952394485473633,54.804901123046875,12817.359163578092,929.0742797851562,605.0445556640625,65.12337327003479,0.039822451770305634,0.025933723896741867
55,1750,24.010921478271484,0.4489872455596924,16.952064514160156,54.690406799316406,12830.800684443273,927.1152954101562,603.2764892578125,65.07027149,0.03980086,0.025898527
55.1,1750,24.00181770324707,0.44858557,16.951566696166992,54.57961654663086,12840.335992801367,925.2100219726562,603.1846923828125,65.19435048103333,0.039791822,0.025942022
55.2,1750,23.954547882080078,0.4483656585216522,16.950214385986328,54.594200134277344,12838.976803370373,925.3834228515625,602.8251953,65.14328718185425,0.039737139,0.025886079
55.3,1750,24.037500381469727,0.44879940152168274,16.950300216674805,54.58720779418945,12838.386966447488,925.2695313,603.3806152,65.21133184432983,0.039838038,0.025978915
55.4,1750,23.908483505249023,0.4481760561466217,16.951339721679688,54.52487564086914,12844.60473353576,924.2697143554688,602.8343505859375,65.22278189659119,0.039660119,0.025867432355880737
55.5,1750,23.953344345092773,0.4464546740055084,16.951528549194336,54.446353912353516,12853.164363031296,922.9489135742188,600.9191895,65.10860323905945,0.039861176162958145,0.025953054428100586
55.6,1750,23.897377014160156,0.44668659567832947,16.950679779052734,54.449317932128906,12853.536216743549,922.9529418945312,601.2487182617188,65.14402627944946,0.039746244,0.025892302
55.7,1750,23.958105087280273,0.4460277259349823,16.950374603271484,54.448612213134766,12850.096278483801,922.9243774414062,600.2011719,65.03254175186157,0.039916791,0.025958903
55.8,1750,23.974689483642578,0.44748032093048096,16.949539184570312,54.54358673095703,12838.649245711616,924.4886474609375,601.6195068359375,65.07591605186462,0.039850253611803055,0.025932919
55.9,1750,23.881608963012695,0.44728192687034607,16.950101852416992,54.545684814453125,12839.517681497286,924.5549316,601.3934326171875,65.04680514335632,0.039710458,0.025830384343862534
56,1800,23.90289306640625,0.44631487131118774,16.951086044311523,54.45831298828125,12844.00557112793,923.1275634765625,600.3029174804688,65.02925157546997,0.039818052,0.025893380865454674
56.1,1800,24.323551177978516,0.47329068183898926,16.89056396484375,58.89687728881836,12983.004255631082,994.8014526367188,643.4751586914062,64.68377709388733,0.037800297141075134,0.024450658
56.2,1800,25.17428207397461,0.48520490527153015,16.906721115112305,61.409976959228516,13196.640624591493,1038.2413330078125,670.5284423828125,64.58309888839722,0.037543945014476776,0.024247043
56.3,1800,25.64276885986328,0.4936501383781433,16.92336082458496,62.617156982421875,13335.238313241933,1059.6927490234375,689.3640747070312,65.05320668,0.037197713,0.024198305
56.4,1800,26.035114288330078,0.49351996183395386,16.932619094848633,63.249794006347656,13410.627864923026,1070.984619140625,693.0785522460938,64.71413969993591,0.037564449,0.024309512227773666
56.5,1800,26.179162979125977,0.4988120496273041,16.93728256225586,63.61158752441406,13444.50502036348,1077.407470703125,702.2800903320312,65.18240571022034,0.037277381867170334,0.024298294
56.6,1800,26.36533546447754,0.4977400600910187,16.939340591430664,63.882423400878906,13457.350875877684,1082.1260986328125,701.4404297,64.82058167,0.037587419,0.024364384
56.7,1800,26.31072998046875,0.5016874670982361,16.941665649414062,63.97050094604492,13465.202934202882,1083.766845703125,707.4158325195312,65.27380347251892,0.037192736,0.024277113378047943
56.8,1800,26.490737915039062,0.49952298402786255,16.941787719726562,64.08920288085938,13463.537169454263,1085.785645,704.2766113,64.86331820487976,0.037614110857248306,0.024397761
56.9,1800,26.331378936767578,0.5026134848594666,16.943544387817383,64.09306335449219,13468.071686509638,1085.963623046875,708.8725586,65.27590155601501,0.037145432,0.024247017
57,1800,26.450090408325195,0.500124454,16.944656372070312,64.04443359,13472.441841892829,1085.210938,705.5910034179688,65.01879096031189,0.037486434,0.024373226
57.1,1800,26.302064895629883,0.5010653734207153,16.9448185,63.96659851074219,13481.508544632346,1083.902344,707.3942260742188,65.26364684,0.037181623,0.024266082793474197
57.2,1800,26.389127731323242,0.4977762997150421,16.945344924926758,63.89041519165039,13486.982604296112,1082.6451416015625,703.0361328,64.93689418,0.037535951,0.024374679
57.3,1800,26.159297943115234,0.49973440170288086,16.94561195373535,63.78803634643555,13496.446805831487,1080.9273681640625,706.2969360351562,65.34175872802734,0.037037253,0.024200793355703354
57.4,1800,26.299087524414062,0.49587249755859375,16.94553565979004,63.71717834472656,13499.963679342045,1079.72168,701.0213623046875,64.92611169815063,0.037515387,0.024357283487915993
57.5,1800,26.193979263305664,0.4985515773296356,16.943639755249023,63.74225997924805,13498.014652988166,1080.025879,704.7070313,65.24908542633057,0.037170026,0.024253103882074356
57.6,1800,26.272357940673828,0.4956180453300476,16.944711685180664,63.69212723,13501.092063020607,1079.2447509765625,700.7201538085938,64.92690443992615,0.037493367,0.024343281984329224
57.7,1800,26.119842529296875,0.4982522130012512,16.944204330444336,63.70281982421875,13503.691541949525,1079.393555,704.5800781,65.27554988861084,0.037071503698825836,0.024198627
57.8,1800,26.470212936401367,0.49580010771751404,16.943029403686523,63.769039154052734,13492.80870101662,1080.440673828125,700.5475463867188,64.83905315,0.037785034626722336,0.024499459
57.9,1800,26.294832229614258,0.5001955628395081,16.942047119140625,63.92832565307617,13476.08344376455,1083.07666,705.8820801,65.17378091812134,0.037251029163599014,0.024277903139591217
58,1800,26.359458923339844,0.49814239144325256,16.943836212158203,63.934410095214844,13474.216015403956,1083.294189453125,702.887207,64.88423943519592,0.037501693,0.024332687258720398
58.1,1800,26.274757385253906,0.4982662796974182,16.944820404052734,63.85307693481445,13478.404323830684,1081.9788818359375,703.2805176,64.99946713447571,0.037360281,0.024283982813358307
58.2,1800,26.476215362548828,0.49861085414886475,16.942853927612305,63.933067321777344,13467.211410523298,1083.2086181640625,703.1824340820312,64.91662263870239,0.037651986,0.024442397
58.3,1800,26.627742767333984,0.5004717111587524,16.94072151184082,64.15057373046875,13443.483879761807,1086.7569580078125,704.5632324,64.83171582221985,0.03779326,0.024502020329236984
58.4,1800,26.588430404663086,0.5045633316040039,16.941207885742188,64.31179047,13423.352489132922,1089.5194091796875,709.2597045898438,65.09839892,0.037487581,0.024403816
58.5,1800,26.75954818725586,0.5026887059211731,16.941667556762695,64.44615173339844,13413.04083415301,1091.8253173828125,706.0817871,64.66984748840332,0.037898652255535126,0.024509001523256302
58.6,1800,26.64912223815918,0.5028629899024963,16.942834854125977,64.48653411865234,13411.591886929402,1092.584716796875,706.2502441,64.64031934738159,0.037733256816864014,0.024390898644924164
58.7,1800,26.439069747924805,0.5034369230270386,16.944787979125977,64.40048981,13421.44193040445,1091.252685546875,707.5756225585938,64.84068036079407,0.037365716,0.024228183552622795
58.8,1800,26.437002182006836,0.4999275207519531,16.946496963500977,64.20107269,13444.46305568122,1087.9832763671875,703.8483887,64.69294428825378,0.037560649,0.024299089
58.9,1800,26.212562561035156,0.5005637407302856,16.946529388427734,64.02432250976562,13457.307745509806,1084.9901123046875,705.4174194335938,65.01602530479431,0.037158936,0.024159266
59,1800,26.51551628112793,0.4960981011390686,16.944482803344727,63.99346160888672,13454.397028520789,1084.3360595703125,698.9730224609375,64.46092128753662,0.037934962660074234,0.024453226
59.1,1800,26.488597869873047,0.49942800402641296,16.943195343017578,64.02896881103516,13447.110327720491,1084.8553466796875,703.2835693359375,64.82740640640259,0.037664178758859634,0.024416709318757057
59.2,1800,26.69622039794922,0.5009109973907471,16.941730499267578,64.15947723388672,13430.000394214367,1086.9725341796875,704.4743652,64.81068730354309,0.037895232,0.024560161
59.3,1800,26.730255126953125,0.502567708,16.94134521484375,64.34128571,13410.562586528398,1090.0279541015625,705.7813720703125,64.74892497062683,0.037873279,0.024522541
59.4,1800,26.59834861755371,0.5071260929107666,16.940589904785156,64.51393127441406,13394.471462252712,1092.904052734375,711.3284301757812,65.08607864379883,0.037392500787973404,0.024337314069271088
59.5,1800,26.575342178344727,0.503393829,16.94284439086914,64.54919434,13393.213687470514,1093.646973,706.0269775390625,64.55712318,0.037640687078237534,0.024299745
59.6,1800,26.554218292236328,0.500428319,16.944543838500977,64.48272705078125,13404.598938904926,1092.630371,702.4644165039062,64.29112553596497,0.037801515,0.024303019046783447
59.7,1800,26.358062744140625,0.5029588937759399,16.945688247680664,64.30680084228516,13417.821310873856,1089.7230224609375,706.7130737304688,64.85254168510437,0.037296697,0.024187855422496796
59.8,1800,26.556854248046875,0.5007014274597168,16.944793701171875,64.24436188,13422.50037294591,1088.607422,703.786377,64.65015411376953,0.037734251,0.024395253509283066
59.9,1800,26.447410583496094,0.5010432600975037,16.94487953186035,64.17459106445312,13429.86983742511,1087.430664,704.6535645,64.79985714,0.037532501,0.024321007
60,1800,26.43908119,0.4996885657310486,16.94469643,64.1184082,13434.376378025647,1086.4669189453125,702.9841918945312,64.70368504524231,0.037609782069921494,0.024334914982318878
60.1,1800,26.523717880249023,0.5007954239845276,16.944005966186523,64.08998871,13436.292765182214,1085.941162109375,704.6418457,64.88766074180603,0.037641417,0.024424636736512184
60.2,1800,26.328927993774414,0.5024240016937256,16.94506836,64.03458404541016,13437.945707389032,1085.0704345703125,707.0202637,65.15893340110779,0.037239283323287964,0.024264719
60.3,1800,26.350419998168945,0.4979548752307892,16.94609832763672,63.91169738769531,13447.847041031288,1083.053955078125,701.2475586,64.74724411964417,0.037576485,0.024329740554094315
60.4,1800,25.96122932434082,0.5034030079841614,16.94614601135254,63.803619384765625,13457.85561775043,1081.2254638671875,709.4475708007812,65.61513543128967,0.036593586,0.024010930210351944
60.5,1800,26.05865478515625,0.4974929094314575,16.946718215942383,63.677852630615234,13468.67784303118,1079.130615234375,701.6822509765625,65.02292156219482,0.0371374,0.024147821590304375
60.6,1800,25.880430221557617,0.4964483678340912,16.947891235351562,63.42853927612305,13482.598460685502,1074.97998,700.9326782226562,65.20425081253052,0.036922845989465714,0.024075268
60.7,1800,26.103967666625977,0.4942813515663147,16.945119857788086,63.44615555,13481.10988015087,1075.1026611328125,697.7960205078125,64.90505933761597,0.037409168,0.02428044
60.8,1800,26.16308022,0.49704432487487793,16.942459106445312,63.60066604614258,13467.538968182054,1077.5516357421875,700.9902344,65.05398154258728,0.037323031574487686,0.024280115962028503
60.9,1800,26.203397750854492,0.4968148171901703,16.944169998168945,63.62873840332031,13464.636410992365,1078.1361083984375,700.5155639648438,64.97468352,0.037405875,0.024304348975419998
61,1850,26.426353454589844,0.4968910217285156,16.942495346069336,63.725467681884766,13453.282633069648,1079.668457,700.0322266,64.83770608901978,0.037750196,0.024476361
61.1,1850,27.034162521362305,0.5270079970359802,16.875469207763672,68.79681396484375,13561.658756378776,1160.978516,748.4428100585938,64.46655393,0.036120545119047165,0.023285670205950737
61.2,1850,27.905921936035156,0.5415215492248535,16.894718170166016,71.73701477050781,13751.052361534386,1211.9766845703125,779.7947387695312,64.34074044,0.035786241,0.023025130853056908
61.3,1850,28.36235809326172,0.5499041676521301,16.914020538330078,73.14558410644531,13874.80038109268,1237.1859130859375,798.9918823242188,64.58139419555664,0.03549768,0.022924896329641342
61.4,1850,28.726680755615234,0.5519126057624817,16.92511558532715,73.85593414,13942.520887090657,1250.020263671875,805.8240966796875,64.46488499641418,0.035648823,0.022980973
61.5,1850,28.538612365722656,0.5525504946708679,16.93458366394043,73.99883270263672,14001.69459,1253.139404296875,810.1793823242188,64.65197801589966,0.035225052,0.022773692
61.6,1850,28.559524536132812,0.5502775311470032,16.93896484,73.88283539,14046.09205428095,1251.498779296875,809.4050293,64.67486023902893,0.03528459,0.022820258513092995
61.7,1850,28.632238388061523,0.5495404601097107,16.938201904296875,73.88196563720703,14058.96938330685,1251.4276123046875,809.0619506835938,64.65111374855042,0.035389427,0.02287966
61.8,1850,28.812944412231445,0.5502726435661316,16.935932159423828,74.05452728271484,14051.477521837724,1254.1824951171875,809.7081909179688,64.56063985824585,0.035584356635808945,0.022973487
61.9,1850,28.92517852783203,0.5517622828483582,16.93621253967285,74.21855926513672,14044.51255026809,1256.9813232421875,811.4976806640625,64.55925107002258,0.035644189,0.023011622950434685
62,1850,28.91265869140625,0.5552886724472046,16.935718536376953,74.40881348,14040.573698563689,1260.166748046875,816.4550781,64.78945016860962,0.035412431,0.022943519055843353
62.1,1850,28.92732048034668,0.5528133511543274,16.938709259033203,74.38518524169922,14042.031971272243,1259.989013671875,812.8999633789062,64.51643109321594,0.03558534,0.022958390414714813
62.2,1850,28.62517547607422,0.5532148480415344,16.940536499023438,74.24143219,14053.66785,1257.689697265625,814.1644287109375,64.73492383956909,0.035158962,0.022760124877095222
62.3,1850,28.52802085876465,0.5476942658424377,16.94251823425293,73.92206573486328,14077.618021829196,1252.4259033203125,807.4134521484375,64.4679606,0.035332605,0.022778209298849106
62.4,1850,28.398433685302734,0.5476515889167786,16.941539764404297,73.73926544189453,14088.91817821347,1249.2567138671875,807.9985961914062,64.67834711074829,0.035146635,0.022732265293598175
62.5,1850,28.401851654052734,0.5445196032524109,16.94129753112793,73.57373809814453,14099.078294062998,1246.43457,803.9570922851562,64.50054049491882,0.035327572375535965,0.022786475718021393
62.6,1850,28.33070182800293,0.5455063581466675,16.939559936523438,73.53697204589844,14101.344386905068,1245.6839599609375,805.5433959960938,64.66675996780396,0.035169676,0.022743089124560356
62.7,1850,28.512353897094727,0.543959379,16.938373565673828,73.58272552490234,14093.578589315628,1246.3717041015625,802.8166504,64.41229581832886,0.035515397787094116,0.022876285016536713
62.8,1850,28.57033348083496,0.5469427704811096,16.937044143676758,73.71973419189453,14076.94425554179,1248.5943603515625,806.2670288085938,64.57397342,0.035435326397418976,0.022881997749209404
62.9,1850,28.742250442504883,0.5492920875549316,16.935148239135742,73.98468780517578,14059.092945982396,1252.941650390625,808.7033691,64.54437971115112,0.035541151,0.022939816117286682
63,1850,28.685853958129883,0.5490895509719849,16.93819808959961,74.01316071,14049.846727657654,1253.6495361328125,807.8735352,64.44173455238342,0.03550785,0.022881876677274704
63.1,1850,28.55678367614746,0.5491842031478882,16.939300537109375,73.96014404296875,14055.904795816212,1252.8331298828125,808.3612060546875,64.52265382,0.03532676,0.022793766111135483
63.2,1850,28.599388122558594,0.5477451086044312,16.939990997314453,73.86970520019531,14062.978176148352,1251.3521728515625,806.6486816,64.46216702461243,0.035454579,0.022854788228869438
63.3,1850,28.647350311279297,0.5501616,16.937870025634766,73.93495941,14051.556788459771,1252.300781,809.5493774414062,64.64496255,0.035386786,0.022875774651765823
63.4,1850,28.700708389282227,0.547256589,16.93836021,73.99564361572266,14047.509527992863,1253.3648681640625,805.0427856445312,64.23051953315735,0.035651158541440964,0.022898925468325615
63.5,1850,28.858545303344727,0.5497730374336243,16.936487197875977,74.11486053466797,14032.976925388908,1255.245361328125,807.9078979492188,64.36254978179932,0.035720091,0.022990360856056213
63.6,1850,28.978925704956055,0.5525972843170166,16.934402465820312,74.39614868164062,14008.771463523895,1259.8543701171875,810.6575317382812,64.34533596038818,0.035747435,0.023001806810498238
63.7,1850,28.9486084,0.5520247220993042,16.93720245361328,74.47087860107422,14002.124724128069,1261.328369140625,809.4333496,64.17308449745178,0.035764042,0.02295089
63.8,1850,28.95621109008789,0.5539173483848572,16.93732261657715,74.51898956298828,13998.857307339838,1262.1522216796875,812.0189819335938,64.33606147766113,0.035659526,0.022941933944821358
63.9,1850,29.091875076293945,0.5553534626960754,16.936403274536133,74.63001251220703,13984.272248883057,1263.9639892578125,813.2760009765625,64.34329152107239,0.035771221,0.02301638
64,1850,29.13294792175293,0.5572496056556702,16.935457229614258,74.78402709960938,13969.968120660298,1266.501708984375,815.2180786132812,64.36770558357239,0.035736385732889175,0.023002691566944122
64.1,1850,29.20282554626465,0.5573535561561584,16.936616897583008,74.86952972,13962.98449812077,1268.0364990234375,814.9625244140625,64.26964402198792,0.035833333,0.023029955103993416
64.2,1850,29.298917770385742,0.5599749088287354,16.934770584106445,75.05255889892578,13945.076069966077,1270.9979248046875,817.7453613,64.33884501457214,0.035828903,0.023051900789141655
64.3,1850,29.35653305053711,0.5606211423873901,16.935867309570312,75.17424774169922,13931.299997328431,1273.141113,817.8802490234375,64.24113512039185,0.035893437,0.023058351129293442
64.4,1850,29.41468048095703,0.5598577260971069,16.936906814575195,75.21908569335938,13924.297723819009,1273.9786376953125,816.3560180664062,64.07925486564636,0.036031682044267654,0.023088833317160606
64.5,1850,29.475637435913086,0.5588902235031128,16.937768936157227,75.18310547,13925.269905624713,1273.434082,815.0021362304688,64.00033831596375,0.036166333,0.023146575316786766
64.6,1850,29.336183547973633,0.5594115853309631,16.93857765197754,75.13313293457031,13930.743965288479,1272.648438,816.0831298828125,64.12478685379028,0.035947542637586594,0.023051286
64.7,1850,29.23975372314453,0.5585290193557739,16.94005775,74.97205352783203,13940.473943144836,1270.0308837890625,815.3646850585938,64.20038342475891,0.035860951989889145,0.023022867739200592
64.8,1850,29.274736404418945,0.5563703179359436,16.939495086669922,74.87317657470703,13948.963631503271,1268.3138427734375,812.7079467773438,64.07783031463623,0.036021225,0.023081619292497635
64.9,1850,29.17816734313965,0.5547653436660767,16.940202713012695,74.77630615234375,13955.524110163338,1266.725830078125,810.7446289,64.00316953659058,0.035989344120025635,0.023034321144223213
65,1850,28.94049835205078,0.5553052425384521,16.941091537475586,74.58495330810547,13973.684326411594,1263.550537109375,812.5897216796875,64.31003212928772,0.035615142434835434,0.022904109209775925
65.1,1850,28.982852935791016,0.55171138,16.94083023071289,74.40631103515625,13989.00726386479,1260.504638671875,808.2160034179688,64.11844491958618,0.035860281,0.022993054
65.2,1850,28.913768768310547,0.5505841970443726,16.94043731689453,74.29224395751953,13994.986065401301,1258.5430908203125,806.9094848632812,64.11457061767578,0.035832729,0.022973999
65.3,1850,28.68524932861328,0.5513017773628235,16.941051483154297,74.16080474853516,14007.004284126479,1256.362060546875,808.6549682617188,64.3648088,0.035472792,0.022831993
65.4,1850,28.588865280151367,0.5475236773490906,16.942461013793945,73.91333770751953,14026.874561176852,1252.2738037109375,804.2525024414062,64.22337293624878,0.035547126084566116,0.022829564288258553
65.5,1850,28.552505493164062,0.5467020869255066,16.94146728515625,73.74165344238281,14033.390743783422,1249.2918701171875,803.4187622070312,64.30993676185608,0.035538759,0.022854952
65.6,1850,28.63658905029297,0.5474214553833008,16.93844223022461,73.83757781982422,14024.883570140713,1250.693603515625,803.9882202148438,64.28339481,0.035618167370557785,0.022896567
65.7,1850,28.798158645629883,0.5476536154747009,16.93747901916504,73.94583892822266,14013.466845194604,1252.456055,803.6744384765625,64.16787505149841,0.035833113,0.022993349
65.8,1850,28.586219787597656,0.5492377877235413,16.939990997314453,73.90347290039062,14016.85083054467,1251.9241943359375,806.1938477,64.39638137817383,0.035458244383335114,0.022833827883005142
65.9,1850,28.55908203,0.5471827983856201,16.94031524658203,73.83384704589844,14024.313549873339,1250.7686767578125,803.6050415039062,64.24889565,0.035538703203201294,0.022833224
66,1900,28.5527401,0.5458551049232483,16.939544677734375,73.76520538330078,14027.851405725029,1249.5489501953125,801.8574219,64.17174935340881,0.035608251,0.022850437089800835
66.1,1900,29.364492416381836,0.5739019513130188,16.86979103088379,78.82351684570312,14122.857114991697,1329.7362060546875,848.7677612304688,63.82978558540344,0.034596615,0.022082945331931114
66.2,1900,30.343788146972656,0.5914494395256042,16.88140869140625,82.23752594,14284.19849574174,1388.2852783203125,884.7124023,63.726991415023804,0.034297913,0.021857027
66.3,1900,30.80755615234375,0.6010554432868958,16.902755737304688,83.87968444824219,14398.713119517095,1417.797852,906.2892456054688,63.922321796417236,0.033993073,0.021729160100221634
66.4,1900,30.95839500427246,0.6053748726844788,16.91678810119629,84.64379883,14473.930149726672,1431.9012451171875,917.5705566,64.08057808876038,0.033739526,0.021620482206344604
66.5,1900,31.043060302734375,0.604292631,16.925167083740234,84.87940216064453,14526.068936064179,1436.5980224609375,919.2296142578125,63.986557722091675,0.033770736306905746,0.021608730778098106
66.6,1900,31.057653427124023,0.6041194796562195,16.929384231567383,84.89070129394531,14564.236980265776,1437.1473388671875,921.3808594,64.11179304122925,0.033707727,0.021610626950860023
66.7,1900,31.06521987915039,0.6055450439453125,16.930124282836914,84.89743041992188,14579.591391230666,1437.3240966796875,924.5287475585938,64.32291865348816,0.033601139,0.021613232791423798
66.8,1900,30.984254837036133,0.6023619771003723,16.932029724121094,84.83916473388672,14596.104493700195,1436.499267578125,920.7105712890625,64.09404873847961,0.033652544021606445,0.021569279953837395
66.9,1900,30.91883659362793,0.6020505428314209,16.933435440063477,84.67100524902344,14612.942822457246,1433.770996,921.2961426,64.25685286521912,0.033560149,0.021564695984125137
67,1900,31.011608123779297,0.6019341349601746,16.93113136291504,84.66836547851562,14610.03093978261,1433.53125,920.9344482421875,64.24237489700317,0.033674065,0.021633019670844078
67.1,1900,31.177675247192383,0.6012849807739258,16.928945541381836,84.81595611572266,14598.185242528949,1435.844727,919.1953735351562,64.01774287223816,0.03391844,0.021713821217417717
67.2,1900,31.307174682617188,0.6044470071792603,16.92661476135254,85.10475158691406,14581.010030628197,1440.535400390625,922.9420776367188,64.06938433647156,0.033921059,0.021733013913035393
67.3,1900,31.317716598510742,0.6082149147987366,16.926834106445312,85.36255645751953,14564.277779262418,1444.9178466796875,927.6296997070312,64.19947743415833,0.033761013,0.021674392744898796
67.4,1900,31.390703201293945,0.6060710549354553,16.92903709411621,85.44312286376953,14561.214357457397,1446.4698486328125,924.1655273,63.89110088348389,0.033966537564992905,0.021701596677303314
67.5,1900,31.19355010986328,0.6039217710494995,16.932767868041992,85.26569366455078,14578.912962200788,1443.78418,922.0075073242188,63.86047601699829,0.033832207322120667,0.021605409681797028
67.6,1900,31.157480239868164,0.6050747632980347,16.932558059692383,85.12035369873047,14591.355490491043,1441.3052978515625,924.5561523,64.14713859558105,0.033699933,0.021617542952299118
67.7,1900,31.334218978881836,0.6047212481498718,16.929353713989258,85.22312927246094,14575.660699325594,1442.772461,923.0220947265625,63.97557854652405,0.033947419,0.021718058735132217
67.8,1900,31.434602737426758,0.6058312058448792,16.92844581604004,85.38709259033203,14560.099962006256,1445.4708251953125,923.7290649414062,63.90506625175476,0.03403011,0.021746965125203133
67.9,1900,31.349105834960938,0.60662657,16.929588317871094,85.44385528564453,14554.947631573154,1446.529297,924.614502,63.919514417648315,0.033905055,0.021671947091817856
68,1900,31.303234100341797,0.6069206595420837,16.931238174438477,85.38476563,14560.004375785551,1445.6697998046875,925.3840942382812,64.01075125,0.033827286,0.021653100848197937
68.1,1900,31.385175704956055,0.6052023768424988,16.93071746826172,85.37145996,14558.280326756012,1445.4000244140625,922.6549682617188,63.83388042449951,0.034016158,0.021713832393288612
68.2,1900,31.279953002929688,0.6045309901237488,16.931114196777344,85.34510040283203,14559.153425284156,1444.9876708984375,921.6867065429688,63.78508806228638,0.03393773,0.021647211
68.3,1900,31.18502426147461,0.6060421466827393,16.931167602539062,85.28982543945312,14561.468476922197,1444.0562744140625,924.1375732421875,63.995951414108276,0.033745002,0.021595435217022896
68.4,1900,31.06337547302246,0.6055322289466858,16.93187904,85.23097992,14565.054125884239,1443.120605,923.5873413085938,63.999319076538086,0.033633392,0.021525141
68.5,1900,31.08966064453125,0.6033125519752502,16.93252944946289,85.13033294677734,14573.589275981789,1441.471923828125,920.7410278320312,63.87506127357483,0.033765912,0.021567996591329575
68.6,1900,31.08757972717285,0.6042917370796204,16.931394577026367,85.09447479248047,14571.871055380341,1440.7681884765625,922.126709,64.00243639945984,0.033712916,0.021577088
68.7,1900,31.081668853759766,0.6040215492248535,16.931072235107422,85.08984375,14570.105041668543,1440.6622314453125,921.6026611328125,63.970762491226196,0.033725671,0.02157457
68.8,1900,31.15741729736328,0.6016777157783508,16.931283950805664,85.07203674316406,14568.425288692502,1440.3787841796875,917.9206543,63.72772455215454,0.033943474,0.021631404757499695
68.9,1900,31.080568313598633,0.6021499633789062,16.93181800842285,85.02793884277344,14571.066732303681,1439.6776123046875,918.8076782226562,63.820379972457886,0.033827066,0.021588562056422234
69,1900,30.859437942504883,0.6017767190933228,16.93343162536621,84.86968994140625,14582.069638855275,1437.1351318359375,918.9315795898438,63.94190788269043,0.033581867814064026,0.021472886204719543
69.1,1900,30.796327590942383,0.5987556576728821,16.934560775756836,84.65198516845703,14601.654322929155,1433.544189453125,915.5463256835938,63.86592984199524,0.033637106,0.021482650190591812
69.2,1900,30.73571014404297,0.5992047190666199,16.933950424194336,84.51978302001953,14610.358497441366,1431.2537841796875,916.7791137695312,64.05426859855652,0.033525753766298294,0.021474674344062805
69.3,1900,30.689157485961914,0.598472536,16.93267059326172,84.46024322509766,14611.067234297321,1430.137451171875,915.7033081054688,64.02903795,0.033514302,0.021458886563777924
69.4,1900,30.761877059936523,0.5960833430290222,16.932741165161133,84.41042328,14613.069882189646,1429.299805,912.1726684570312,63.81954550743103,0.033723742,0.021522339433431625
69.5,1900,30.579076766967773,0.5982490181922913,16.933420181274414,84.31688690185547,14620.28197911037,1427.7733154296875,915.9385986328125,64.15154337882996,0.033385508,0.021417319774627686
69.6,1900,30.676891326904297,0.5946775674819946,16.933467864990234,84.20677185058594,14628.740193957108,1425.9127197265625,910.9973145,63.88871669769287,0.033673964,0.021513864398002625
69.7,1900,30.743473052978516,0.5956381559371948,16.931156158447266,84.26269531,14618.386574294935,1426.664794921875,911.8230590820312,63.91291022,0.033716488629579544,0.021549191
69.8,1900,30.758556365966797,0.5981680750846863,16.930238723754883,84.36665344238281,14605.559369750623,1428.3475341796875,914.8924560546875,64.05251026153564,0.033619862,0.021534363
69.9,1900,30.967220306396484,0.5986003875732422,16.92909049987793,84.53923797607422,14586.305740392356,1431.172363,914.3467407226562,63.887953758239746,0.033868138,0.021637659519910812
70,1900,31.060440063476562,0.599960446,16.928930282592773,84.72811126708984,14568.545354311193,1434.3563232421875,915.3083496,63.81317973136902,0.033934399485588074,0.021654619
70.1,1900,30.883073806762695,0.60220921,16.931137084960938,84.75549316,14568.209636853107,1435.006836,918.7179565429688,64.02184963226318,0.033615403,0.021521203219890594
70.2,1900,30.961013793945312,0.6025806665420532,16.93073272705078,84.78527832,14562.953560399974,1435.4769287109375,918.9529418945312,64.01726007461548,0.033691619,0.021568451076745987
70.3,1900,31.043813705444336,0.6011925339698792,16.930404663085938,84.84613800048828,14553.801762610317,1436.479492,916.2598266601562,63.78509998321533,0.033881016075611115,0.021611038595438004
70.4,1900,31.088367462158203,0.6010758876800537,16.930988311767578,84.86227416992188,14550.603121273567,1436.8021240234375,915.8807373046875,63.74438405036926,0.033943687,0.021637193858623505
70.5,1900,30.991580963134766,0.6029725670814514,16.93095588684082,84.89852905273438,14547.116555589086,1437.4132080078125,918.5505981445312,63.90302777290344,0.033739656,0.021560661494731903
70.6,1900,30.91604232788086,0.6020944118499756,16.93252944946289,84.80339813232422,14553.764460670529,1435.936035,917.6320190429688,63.90479803085327,0.033691112,0.021530237048864365
70.7,1900,31.139068603515625,0.599655271,16.931293487548828,84.79384613,14550.427102745196,1435.6695556640625,913.7050170898438,63.64313364028931,0.034080002,0.021689580753445625
70.8,1900,31.365137100219727,0.6026244759559631,16.927509307861328,85.05352020263672,14521.96688837321,1439.7442626953125,916.4332275390625,63.65250349,0.034225229,0.021785215
70.9,1900,31.316335678100586,0.6053372621536255,16.927677154541016,85.27948760986328,14501.420513664192,1443.5836181640625,919.2562255859375,63.678765296936035,0.034067038,0.021693468
71,1250,31.30112075805664,0.60702914,16.929489135742188,85.33719635009766,14498.06217339773,1444.715087890625,921.6119995117188,63.79195452,0.033963449,0.021665945649147034
71.1,1250,25.677400588989258,0.31373852491378784,17.410287857055664,46.83616638183594,13057.257263834284,815.4311523,428.9912414550781,52.60913372039795,0.059855300933122635,0.031489353626966476
71.2,1250,17.901811599731445,0.15183737874031067,17.300365447998047,24.958620071411133,10644.307850507692,431.7932434082031,169.2484588623047,39.196646213531494,0.10577236860990524,0.041459221
71.3,1250,11.798269271850586,0.067089953,17.16779327392578,13.285874366760254,8439.244478986195,228.08914184570312,59.29112243652344,25.994715094566345,0.19898879528045654,0.051726572
71.4,1250,7.569190979003906,0.024849288165569305,17.073755264282227,7.563275337219238,6641.418041,129.13351440429688,17.282373428344727,13.38333785533905,0.43797174096107483,0.058615234
71.5,1250,5.006166934967041,0.019791940227150917,17.022293090820312,5.128169536590576,5394.590212420852,87.29320526123047,11.180866241455078,12.808403372764587,0.44774410128593445,0.057348873
71.6,1250,3.5737109184265137,0.026479564607143402,16.996904373168945,4.096867084503174,4646.899348734988,69.63405609,12.885542869567871,18.504655361175537,0.27734267711639404,0.051321309
71.7,1250,2.796111822128296,0.031065208837389946,16.986549377441406,3.5819075107574463,4235.253792213751,60.84424973,13.777877807617188,22.64450341463089,0.2029421180486679,0.045955237
71.8,1250,2.3960111141204834,0.033018898,16.98168945,3.274963855743408,4004.911982656783,55.614418029785156,13.847908020019531,24.89985227584839,0.17302332818508148,0.043082554
71.9,1250,2.197761297225952,0.035259165,16.97852135,3.1763203144073486,3880.962590907918,53.929222106933594,14.329798698425293,26.571491360664368,0.15337000787258148,0.040752698
72,1250,2.0978591442108154,0.036470756,16.977365493774414,3.1080148220062256,3818.6357122660424,52.76590347290039,14.584166526794434,27.639377117156982,0.14384497702121735,0.039757855236530304
72.1,1250,2.0394725799560547,0.036982860416173935,16.97682762145996,3.065561056137085,3785.537526,52.04350280761719,14.6607666,28.17021608352661,0.13911090791225433,0.039187845
72.2,1250,1.9988490343093872,0.037141886,16.97654914855957,3.049123764038086,3768.6379989880375,51.76359939575195,14.658076286315918,28.317344188690186,0.13636502623558044,0.038614955
72.3,1250,1.9797228574752808,0.037378754,16.976091384887695,3.0442745685577393,3758.757356265508,51.67988204956055,14.712881088256836,28.469261527061462,0.1345571130514145,0.038307417184114456
72.4,1250,1.9974710941314697,0.037679613,16.975812911987305,3.0527219772338867,3752.7724348795005,51.82243728637695,14.80768871307373,28.573894500732422,0.13489417731761932,0.038544521
72.5,1250,1.997646450996399,0.037269845604896545,16.976036071777344,3.022765636444092,3747.6731431420335,51.314579010009766,14.626752853393555,28.504088521003723,0.136574849,0.038929414
72.6,1250,1.966820478439331,0.037467218935489655,16.975980758666992,3.027280807495117,3748.760727823953,51.39105987548828,14.708479881286621,28.620699048042297,0.13372017443180084,0.038271646946668625
72.7,1250,1.9268877506256104,0.037247225642204285,16.975948333740234,3.015343427658081,3751.986179929924,51.18831253051758,14.634698867797852,28.589919209480286,0.1316656917333603,0.03764312
72.8,1250,1.9153903722763062,0.036852647,16.97626495361328,3.0013957023620605,3756.651545195961,50.95248794555664,14.49767017364502,28.453311324119568,0.1321171224117279,0.037591696
72.9,1250,1.921736478805542,0.037467524,16.975675582885742,3.0262060165405273,3758.168102185433,51.371891021728516,14.745511054992676,28.703460097312927,0.13032688200473785,0.037408326
73,1250,1.9248878955841064,0.037305698,16.97558594,3.0104732513427734,3758.4140618509045,51.10454559326172,14.682784080505371,28.730875253677368,0.13109828531742096,0.037665688
73.1,1250,1.927573323249817,0.037570253014564514,16.97544288635254,3.0329747200012207,3759.2137221850917,51.486087799072266,14.790054321289062,28.726309537887573,0.13032902777194977,0.03743872
73.2,1250,1.9242793321609497,0.037356846034526825,16.975866317749023,3.0131142139434814,3759.2355787904357,51.15022277832031,14.70612907409668,28.750857710838318,0.13084879517555237,0.037620153
73.3,1250,1.9340126514434814,0.037737772,16.975818634033203,3.0095982551574707,3760.512004542528,51.09039306640625,14.861130714416504,29.087916016578674,0.13013899326324463,0.037854719907045364
73.4,1250,1.923063039779663,0.037804797291755676,16.975542068481445,3.027494192123413,3759.6805792752402,51.39335632324219,14.884233474731445,28.96139621734619,0.12920135259628296,0.037418514490127563
73.5,1250,1.917344570159912,0.037257999181747437,16.97596549987793,3.015716791152954,3760.0836150777845,51.194705963134766,14.670524597167969,28.656333684921265,0.13069365918636322,0.037452008575201035
73.6,1250,1.928841233253479,0.037708391,16.97555923461914,3.0413148403167725,3760.803425947115,51.628021240234375,14.85071086883545,28.76482903957367,0.1298820823431015,0.037360355257987976
73.7,1250,1.9296619892120361,0.037475503981113434,16.97545623779297,3.0437793731689453,3760.2558451278956,51.66954422,14.756844520568848,28.56004238128662,0.13076385855674744,0.037346218
73.8,1250,1.929007887840271,0.037495288997888565,16.975507736206055,3.036285638809204,3760.8459734721846,51.54249191,14.766952514648438,28.650054335594177,0.13063006103038788,0.037425585091114044
73.9,1250,1.925781011581421,0.037188634276390076,16.975690841674805,3.026933431625366,3764.176628705212,51.38428497314453,14.659152030944824,28.528472781181335,0.13137055933475494,0.037478015
74,1250,1.9272428750991821,0.036658965051174164,16.97585678100586,3.0027782917022705,3762.3167773011364,50.974735260009766,14.443224906921387,28.334087133407593,0.13343577086925507,0.037807807326316833
74.1,1250,1.9275537729263306,0.036372397,16.975812911987305,2.994046449661255,3761.285436950302,50.82637405395508,14.32639217376709,28.186926245689392,0.13454565405845642,0.037924282252788544
74.2,1250,1.9138798713684082,0.034471367,16.97731590270996,2.9073851108551025,3757.1189851289187,49.359596252441406,13.562572479248047,27.477073669433594,0.14111481606960297,0.038774222
74.3,1250,1.9048290252685547,0.036196847,16.975130081176758,2.9756767749786377,3748.471346369198,50.51250076293945,14.208674430847168,28.129026293754578,0.13406099379062653,0.037710051983594894
74.4,1250,1.9097445011138916,0.036560599,16.97528076171875,2.9957072734832764,3752.0135735419553,50.85297393798828,14.365022659301758,28.248149156570435,0.13294406235218048,0.037554234
74.5,1250,1.9012625217437744,0.036134038120508194,16.975919723510742,2.9847710132598877,3755.438649310069,50.66923141479492,14.210383415222168,28.04538905620575,0.1337938904762268,0.037523016
74.6,1250,1.885957122,0.036465786,16.975608825683594,3.0095882415771484,3758.516642185319,51.08959197998047,14.35260296,28.09300720691681,0.13140174746513367,0.036914702504873276
74.7,1250,1.8846522569656372,0.035831466,16.97568130493164,2.9833037853240967,3754.8933998620864,50.64361572265625,14.08934497833252,27.82057523727417,0.1337643563747406,0.037214015
74.8,1250,1.8848642110824585,0.036138683557510376,16.97546959,2.992327928543091,3757.459656750881,50.796173095703125,14.219858169555664,27.993956208229065,0.13255155086517334,0.037106421
74.9,1250,1.8564869165420532,0.035646364,16.975751876831055,2.9821882247924805,3758.4295071853476,50.62488555908203,14.029760360717773,27.713170647621155,0.1323249191045761,0.03667143
75,1250,1.8384960889816284,0.035703983157873154,16.97545623779297,2.975706100463867,3759.011475730308,50.51396942138672,14.054614067077637,27.823224663734436,0.13081085681915283,0.036395796
75.1,1250,1.8341093063354492,0.035714246332645416,16.975383758544922,2.970734119415283,3760.302181131225,50.429351806640625,14.063481330871582,27.88749337,0.13041645288467407,0.036369875
75.2,1250,1.8286563158035278,0.036016989,16.975175857543945,3.001234769821167,3764.1911997754414,50.94648742675781,14.19736385345459,27.867206931114197,0.12880252301692963,0.035893667
75.3,1250,1.827315330505371,0.035991877,16.97529411315918,3.004499673843384,3770.3827389373014,51.00226593017578,14.210801124572754,27.863076329231262,0.12858636677265167,0.035828121
75.4,1250,1.8444006443023682,0.035661932080984116,16.975343704223633,3.001173257827759,3772.7706459264887,50.945945739746094,14.089445114135742,27.655673027038574,0.13090655207633972,0.036203090101480484
75.5,1250,1.8628109693527222,0.035660501569509506,16.975444793701172,3.0015451908111572,3773.894366862577,50.95256423950195,14.093076705932617,27.659207582473755,0.1321791559457779,0.036559708416461945
75.6,1250,1.868705153465271,0.035808306,16.97552490234375,2.993450403213501,3773.1544479163304,50.815391540527344,14.148714065551758,27.84336507320404,0.1320759654045105,0.036774393171072006
75.7,1250,1.875515103340149,0.035928647965192795,16.97540283203125,2.993966579437256,3772.1907173313602,50.823787689208984,14.192638397216797,27.925187349319458,0.13214704394340515,0.036902308
75.8,1250,1.8867859840393066,0.036103647,16.975345611572266,3.0032577514648438,3772.791045,50.98133850097656,14.264037132263184,27.978938817977905,0.1322757452726364,0.037009347
75.9,1250,1.8793766498565674,0.035605632,16.97547721862793,3.0028011798858643,3771.667615910126,50.97398376464844,14.063089370727539,27.588757872581482,0.13363896310329437,0.036869332
76,1300,1.8707534074783325,0.034923155,16.97666358947754,2.951727867126465,3772.494669856345,50.11049270629883,13.796557426452637,27.532273530960083,0.1355956643819809,0.037332568
76.1,1300,2.097640037536621,0.068773843,16.957815170288086,4.404110431671143,3975.1523202417416,74.68408966064453,28.62896728515625,38.33342195,0.073269844,0.028086839243769646
76.2,1300,2.512951374053955,0.070054121,16.969158172607422,4.757750511169434,4323.9994782884805,80.73502349853516,31.721078872680664,39.29035663604736,0.079220235,0.031125914305448532
76.3,1300,2.8097798824310303,0.066179313,16.974445343017578,4.759285926818848,4557.443177275874,80.78623962402344,31.58436393737793,39.09621834754944,0.088961102,0.034780428
76.4,1300,3.025984048843384,0.063250177,16.97539710998535,4.7277750968933105,4689.0321811459935,80.25585938,31.058006286621094,38.69873881340027,0.09743008,0.037704214453697205
76.5,1300,3.1390411853790283,0.061325568705797195,16.975439071655273,4.694349765777588,4759.165364952547,79.68865203857422,30.563352584838867,38.35345804691315,0.10270604491233826,0.03939132
76.6,1300,3.216470241546631,0.06040908,16.975317001342773,4.6909966468811035,4793.985851,79.63115692138672,30.32686996459961,38.08417618274689,0.10606008023023605,0.040392108261585236
76.7,1300,3.2604494094848633,0.060185269,16.975175857543945,4.687613010406494,4809.844130053072,79.57305145263672,30.31445885,38.096386194229126,0.10755426436662674,0.040974289
76.8,1300,3.2793221473693848,0.060775432735681534,16.97503089904785,4.701817035675049,4817.635572726115,79.81349182128906,30.661304473876953,38.416191935539246,0.10695312172174454,0.041087318
76.9,1300,3.2864835262298584,0.061030094,16.975088119506836,4.710887908935547,4822.455099915179,79.96773529052734,30.82058334350586,38.54127228,0.10663275420665741,0.041097619
77,1300,3.2973718643188477,0.061470210552215576,16.97509766,4.725593566894531,4825.658403994401,80.21741485595703,31.063465118408203,38.72409164905548,0.10614951699972153,0.041105438
77.1,1300,3.299854040145874,0.061647042632102966,16.975086212158203,4.729834079742432,4826.736954612778,80.28934478759766,31.159788131713867,38.80937099456787,0.10590104013681412,0.04109953
77.2,1300,3.302882194519043,0.062051143,16.975101470947266,4.727414608001709,4827.712633475337,80.24834442138672,31.37038230895996,39.091625809669495,0.10528664290904999,0.041158259
77.3,1300,3.3109960556030273,0.062129069,16.975173950195312,4.7168707847595215,4828.681901066993,80.06970215,31.41608428955078,39.23591971,0.10539174824953079,0.041351423
77.4,1300,3.3169631958007812,0.062252890318632126,16.975391387939453,4.710260868,4829.956869712063,79.95851898,31.48700714111328,39.37917649745941,0.10534387081861496,0.041483547538518906
77.5,1300,3.328909158706665,0.062250342,16.975263595581055,4.712801456451416,4832.234327988912,80.00104522705078,31.500564575195312,39.37519192695618,0.1056777611374855,0.041610818
77.6,1300,3.3400487899780273,0.061897431,16.975366592407227,4.7074103355407715,4833.828985914813,79.91001892089844,31.332317352294922,39.20949995517731,0.10660075396299362,0.041797623
77.7,1300,3.338222026824951,0.061670277,16.975242614746094,4.719394207000732,4832.498355781468,80.11286163330078,31.20874023,38.955965638160706,0.10696433484554291,0.041668989
77.8,1300,3.3273112773895264,0.061404198,16.97523307800293,4.720450401306152,4832.971915563922,80.13074493408203,31.077133178710938,38.783031702041626,0.10706622153520584,0.041523527
77.9,1300,3.3261795043945312,0.060519099,16.975351333618164,4.713862895965576,4833.469371901552,80.01947784423828,30.63232994,38.281092047691345,0.1085839495062828,0.041567124
78,1300,3.318969249725342,0.059805524,16.975370407104492,4.714322566986084,4833.398847921642,80.02737426757812,30.270706176757812,37.82544136047363,0.10964294523000717,0.041472927
78.1,1300,3.3107526302337646,0.059800308,16.975263595581055,4.714235305786133,4832.294652219662,80.02539063,30.261152267456055,37.814438343048096,0.10940603911876678,0.041371278
78.2,1300,3.304600238800049,0.060086019,16.975269317626953,4.708935737609863,4833.720577152307,79.93545532226562,30.414703369140625,38.04908096790314,0.10865139961242676,0.041340858
78.3,1300,3.3048946857452393,0.060017489,16.97530746459961,4.695193290710449,4835.600828054703,79.70234680175781,30.39183235168457,38.13166320323944,0.108742855,0.041465461
78.4,1300,3.293628692626953,0.059698705,16.97526741027832,4.687318325042725,4837.602018840003,79.56848145,30.242916107177734,38.008663058280945,0.10890579223632812,0.041393634
78.5,1300,3.276123523712158,0.059557132,16.975303649902344,4.666054725646973,4839.0124984382055,79.20769500732422,30.17999267578125,38.102349638938904,0.10855282098054886,0.041361175
78.6,1300,3.2559561729431152,0.060252253,16.975204467773438,4.672104358673096,4840.592002451069,79.30992889404297,30.542205810546875,38.50994110107422,0.10660514235496521,0.041053578
78.7,1300,3.2453227043151855,0.060523416846990585,16.975257873535156,4.673635005950928,4841.210981514411,79.33615875,30.683582305908203,38.67540657520294,0.1057673990726471,0.040905971080064774
78.8,1300,3.245725393295288,0.060985125601291656,16.975223541259766,4.664092540740967,4840.283095762205,79.17401123046875,30.91172981262207,39.042770862579346,0.10499980300664902,0.040994830429553986
78.9,1300,3.2572522163391113,0.061404295,16.975175857543945,4.672492027282715,4840.814065561363,79.31637573242188,31.127609252929688,39.24487233161926,0.10464189946651459,0.04106658
79,1300,3.2748801708221436,0.061204396188259125,16.975173950195312,4.680815696716309,4840.741793053026,79.45766449,31.02581214904785,39.04697299003601,0.10555341094732285,0.041215412
79.1,1300,3.2896668910980225,0.061068352311849594,16.975214,4.672264575958252,4840.241713922755,79.31269073486328,30.953649520874023,39.02736008167267,0.10627719014883041,0.041477181017398834
79.2,1300,3.2910852432250977,0.06113511,16.975101470947266,4.6869587898254395,4840.439297635065,79.56159973144531,30.988752365112305,38.949382305145264,0.10620257258415222,0.041365247
79.3,1300,3.2865254878997803,0.060639467,16.97523307800293,4.689235210418701,4841.1308406281505,79.60086059570312,30.741907119750977,38.62006962299347,0.10690701007843018,0.041287564
79.4,1300,3.297029972076416,0.060135849,16.975139617919922,4.6903839111328125,4842.0706746579435,79.61991882324219,30.492511749267578,38.29759061336517,0.10812589526176453,0.041409612
79.5,1300,3.3136911392211914,0.060026895,16.97501564025879,4.701955318450928,4841.270431480947,79.81576538085938,30.432233810424805,38.12809884548187,0.10888753831386566,0.041516751
79.6,1300,3.322382688522339,0.060183812,16.975086212158203,4.692540168762207,4840.986004,79.65627289,30.509994506835938,38.30206096172333,0.10889489203691483,0.041708990931510925
79.7,1300,3.3316476345062256,0.060253143310546875,16.975114822387695,4.696413993835449,4840.788711899165,79.72216797,30.54389762878418,38.31292986869812,0.10907735675573349,0.041790731
79.8,1300,3.329751491546631,0.060195114463567734,16.975204467773438,4.705195903778076,4839.938052819175,79.87166595458984,30.509119033813477,38.197675347328186,0.10913954675197601,0.041688770055770874
79.9,1300,3.327458143234253,0.060601938515901566,16.975177764892578,4.707366466522217,4840.258616364221,79.90838623046875,30.71734619140625,38.440707325935364,0.1083250492811203,0.041640915
80,1300,3.3160946369171143,0.061270780861377716,16.97521973,4.705132007598877,4840.491170645081,79.87065124511719,31.05785561,38.88519108295441,0.10677152872085571,0.041518312
80.1,1300,3.304936170578003,0.061689548,16.975250244140625,4.716479301452637,4840.438714792255,80.06341552734375,31.269786834716797,39.05627429485321,0.10569103062152863,0.041278981
80.2,1300,3.299328327178955,0.06203397,16.975183486938477,4.713440895080566,4840.976095862315,80.01152038574219,31.44786262512207,39.30416703224182,0.10491423308849335,0.041235663
80.3,1300,3.313004255,0.062146403,16.97528648376465,4.702922344207764,4842.400855109341,79.83345031738281,31.514131546020508,39.47484493255615,0.10512757301330566,0.041498948
80.4,1300,3.3260512351989746,0.062192768,16.97537612915039,4.699091434,4844.020575276037,79.76884460449219,31.548192977905273,39.54951763153076,0.10542763024568558,0.04169612
80.5,1300,3.3332295417785645,0.061871678,16.975223541259766,4.700328826904297,4845.066778118505,79.78913116455078,31.392093658447266,39.34382200241089,0.10618054121732712,0.041775484
80.6,1300,3.3220744132995605,0.0614428,16.975229263305664,4.698461532592773,4846.259274506076,79.75746154785156,31.182165145874023,39.09623622894287,0.10653764754533768,0.04165221
80.7,1300,3.3065407276153564,0.060736619,16.97513771057129,4.692046165466309,4845.533635208653,79.64813232421875,30.819162368774414,38.694146275520325,0.10728846490383148,0.041514355689287186
80.8,1300,3.3077685832977295,0.060034227,16.97518539428711,4.6837968826293945,4845.052789891085,79.50832367,30.45973014831543,38.31011652946472,0.10859481245279312,0.041602798
80.9,1300,3.29850173,0.059344299137592316,16.975337982177734,4.641571521759033,4836.812849676381,78.79224395751953,30.05847168,38.14902305603027,0.10973617434501648,0.041863277554512024
81,1350,3.293719769,0.06009531,16.97485352,4.674060344696045,4838.769744408184,79.34149169921875,30.451181411743164,38.37989568710327,0.10816393792629242,0.041513208
81.1,1350,3.6551144123077393,0.094166465,16.95250893,6.5419158935546875,5051.330768385668,110.90188598632812,49.811622619628906,44.915035367012024,0.073378742,0.03295809
81.2,1350,4.196086406707764,0.098535255,16.96601676940918,7.026526927947998,5390.401903994125,119.21217346191406,55.621334075927734,46.65742814540863,0.075440235,0.035198472
81.3,1350,4.5220723152160645,0.093703754,16.97234535217285,7.090291500091553,5614.393058302328,120.33887481689453,55.091983795166016,45.78070342540741,0.082082219,0.037577819
81.4,1350,4.693586826324463,0.091040127,16.973556518554688,7.127305984,5744.140861738265,120.9757308959961,54.76291275024414,45.26768624782562,0.085707396,0.038797755
81.5,1350,4.798997402191162,0.08883208,16.974225997924805,7.130802631378174,5818.453902750813,121.03985595703125,54.126014709472656,44.717514514923096,0.088663414,0.039648075
81.6,1350,4.860290050506592,0.088173285,16.97435188293457,7.137666702270508,5860.395271299004,121.15726470947266,54.11186981201172,44.66250538825989,0.089819297,0.040115546
81.7,1350,4.877218246459961,0.087714024,16.974353790283203,7.141712665557861,5882.130062495928,121.22595977783203,54.029666900634766,44.569385051727295,0.090269268,0.040232457
81.8,1350,4.890121936798096,0.087335266,16.97451400756836,7.137869834899902,5893.378345870185,121.16187286376953,53.899234771728516,44.48530972003937,0.090727113,0.040360238403081894
81.9,1350,4.887183666229248,0.087361954,16.974271774291992,7.1578850746154785,5899.546571319677,121.49988555908203,53.97213363647461,44.42155063152313,0.090550125,0.04022377
82,1350,4.898955345153809,0.087094836,16.97448158,7.1516523361206055,5901.953129278759,121.39559173583984,53.82905960083008,44.341856241226196,0.091009498,0.040355299
82.1,1350,4.925387382507324,0.087294593,16.974103927612305,7.166615962982178,5903.984336468731,121.64688110351562,53.97108840942383,44.36701238155365,0.09125974,0.040489219
82.2,1350,4.941038608551025,0.087029301,16.974409103393555,7.160000801086426,5904.877251652387,121.53678131103516,53.81520462036133,44.27894353866577,0.09181492,0.040654678
82.3,1350,4.94584322,0.087340914,16.97424889,7.169898986816406,5904.130630013834,121.70365142822266,54.00106430053711,44.370946288108826,0.091587886,0.040638413
82.4,1350,4.955965518951416,0.087977365,16.974201202392578,7.184319972991943,5903.593831786585,121.94808959960938,54.38962173461914,44.60063278675079,0.091119692,0.040639959275722504
82.5,1350,4.961484909057617,0.088027157,16.974245071411133,7.193272113800049,5901.048557,122.1003646850586,54.396942138671875,44.55100596,0.091208898,0.040634479373693466
82.6,1350,4.9836320877075195,0.088319004,16.97426986694336,7.193039417266846,5900.278039045192,122.09659576416016,54.57016372680664,44.69425678253174,0.091325216,0.040817126631736755
82.7,1350,4.993666172027588,0.08818052,16.974369049072266,7.192108154296875,5898.2345921562255,122.08149719238281,54.465728759765625,44.614237546920776,0.091684557,0.040904365479946136
82.8,1350,5.000918388366699,0.088287503,16.974328994750977,7.209714412689209,5897.247839280293,122.38006591796875,54.52268600463867,44.55193281173706,0.091721795,0.040863831
82.9,1350,5.002498626708984,0.08836285,16.97432518005371,7.207551002502441,5896.998382557967,122.34331512451172,54.56690598,44.60146129131317,0.091676421,0.040889025
83,1350,4.989679813,0.08833497,16.974414825439453,7.1852946281433105,5897.375481855503,121.96617126464844,54.55318069458008,44.728124141693115,0.091464512,0.040910359
83.1,1350,4.970318794250488,0.08831986,16.97433853149414,7.198737144470215,5898.851822691142,122.19380187988281,54.55750274658203,44.64833736419678,0.091102391,0.040675703436136246
83.2,1350,4.946316719055176,0.087898269,16.97456932067871,7.188790321350098,5901.711249512951,122.02661895751953,54.323394775390625,44.51766014099121,0.091053158,0.040534735
83.3,1350,4.942009925842285,0.087769195,16.974252700805664,7.185545444488525,5903.975010983785,121.9692611694336,54.26443099975586,44.49025094509125,0.091072731,0.040518485
83.4,1350,4.943078994750977,0.087326705,16.974525451660156,7.169694423675537,5904.619635130732,121.70216369628906,53.99674987792969,44.36794817447662,0.09154401,0.040616199374198914
83.5,1350,4.936361789703369,0.087680757,16.97432518005371,7.169930458068848,5904.708810080535,121.7047348022461,54.216487884521484,44.547560811042786,0.091049083,0.040560148656368256
83.6,1350,4.923855304718018,0.087623529,16.97455596923828,7.162602424621582,5907.067574929264,121.58199310302734,54.20274734,44.581228494644165,0.090841435,0.040498227
83.7,1350,4.912065505981445,0.08741533,16.97452163696289,7.1542863845825195,5908.840582754773,121.44058990478516,54.090187072753906,44.54045295715332,0.090812504,0.040448300540447235
83.8,1350,4.903957843780518,0.087316535,16.974496841430664,7.158768653869629,5910.329163289404,121.51649475097656,54.042667388916016,44.473522901535034,0.090742335,0.040356315672397614
83.9,1350,4.891991615,0.086879954,16.974672317504883,7.142869949,5912.601667402375,121.24787902832031,53.793128967285156,44.366246461868286,0.090940826,0.040347029
84,1350,4.894504070281982,0.086750105,16.974349975585938,7.161248207092285,5913.107574960739,121.55753326416016,53.71732711791992,44.190868735313416,0.091115922,0.040264919
84.1,1350,4.912968635559082,0.086788885,16.974355697631836,7.140401363372803,5913.3098214155225,121.2037124633789,53.74317932128906,44.34120059013367,0.091415666,0.040534802
84.2,1350,4.936811447143555,0.086845338,16.97431755065918,7.143463611602783,5912.451293957608,121.25541687011719,53.77033233642578,44.34468150138855,0.091812931,0.040714152
84.3,1350,4.942193031311035,0.087170012,16.974178314208984,7.148798942565918,5909.513183,121.34498596191406,53.94453048706055,44.45551037788391,0.091616198,0.04072845
84.4,1350,4.933350086212158,0.08741571,16.974287033081055,7.154995441436768,5907.8876347617725,121.45094299316406,54.08169937133789,44.529664516448975,0.091220319,0.040620103
84.5,1350,4.919275760650635,0.08753252,16.974397659301758,7.156382083892822,5908.959482687845,121.47527313232422,54.16379165649414,44.588327407836914,0.09082222,0.040496107
84.6,1350,4.909260272979736,0.087256759,16.97431182861328,7.1568450927734375,5910.375790714138,121.4825210571289,54.00609588623047,44.45585906505585,0.090901963,0.040411249
84.7,1350,4.919496059417725,0.087111764,16.974349975585938,7.153094769,5912.1406387403185,121.41913604736328,53.93245315551758,44.41841542720795,0.091215879,0.040516645
84.8,1350,4.931600570678711,0.086847633,16.974443435668945,7.144128799438477,5912.531726265274,121.26760864257812,53.772483825683594,44.34199929237366,0.091712348,0.040667087
84.9,1350,4.941792964935303,0.087031543,16.97443962097168,7.141217231750488,5911.748385529744,121.2181625366211,53.87921142578125,44.448137283325195,0.091719843,0.040767759
85,1350,4.950800895690918,0.087497689,16.974214553833008,7.154001712799072,5910.727245,121.43356323242188,54.15843582,44.59923207759857,0.091413289,0.040769625
85.1,1350,4.955970287322998,0.087577842,16.974292755126953,7.167407035827637,5909.894945,121.66166687011719,54.200416564941406,44.55011785030365,0.091437861,0.040735676884651184
85.2,1350,4.951902866363525,0.087744482,16.974271774291992,7.1680803298950195,5909.4484878047415,121.67294311523438,54.299442291259766,44.62737739086151,0.091196202,0.040698472410440445
85.3,1350,4.947030067443848,0.087635085,16.97433090209961,7.163177490234375,5909.197865396796,121.59014129638672,54.22944641113281,44.60019767284393,0.091224059,0.040686112
85.4,1350,4.939006805419922,0.08716207,16.974533081054688,7.155658721923828,5911.563041516427,121.4639663696289,53.95832824707031,44.42332088947296,0.091533728,0.040662322
85.5,1350,4.940893173217773,0.086760536,16.97452163696289,7.159156799316406,5912.696671,121.52326202392578,53.720054626464844,44.205573201179504,0.091974832,0.040658005
85.6,1350,4.9618682861328125,0.086966917,16.97443199157715,7.167171001434326,5911.918575630023,121.65865325927734,53.840755462646484,44.255587458610535,0.092158221,0.040785164
85.7,1350,4.969867229,0.087362401,16.97437858581543,7.178478240966797,5910.719085128742,121.85020446777344,54.074623107910156,44.377949833869934,0.091907568,0.040786695
85.8,1350,4.952969074249268,0.087563731,16.974323272705078,7.163664817810059,5910.843230647096,121.5983657836914,54.20037841796875,44.57328021526337,0.091382556,0.040732201
85.9,1350,4.940165042877197,0.087353483,16.97449303,7.153269290924072,5911.626571382627,121.4231185913086,54.07740402,44.5363313,0.091353588,0.040685538202524185
86,1400,4.93767786,0.087283947,16.974424362182617,7.146222114562988,5913.028308338691,121.30300903320312,54.04716873168945,44.555506110191345,0.091358677,0.040705319
86.1,1400,5.313438892364502,0.11951550096273422,16.94820213317871,9.284650802612305,6107.067170683421,157.35813903808594,76.433815,48.57315719127655,0.06951686,0.033766534
86.2,1400,5.917097091674805,0.12338804453611374,16.962722778320312,9.927660942077637,6417.636710080439,168.40016174316406,82.92334747314453,49.241846799850464,0.071356222,0.035137124
86.3,1400,6.294457912445068,0.12260114401578903,16.96940040588379,10.076409339904785,6618.016902188987,170.99063110351562,84.9671402,49.69111084938049,0.074081086,0.036811713
86.4,1400,6.580193996429443,0.1217375323176384,16.970745086669922,10.16314411,6734.935169709375,172.47613525390625,85.85913848876953,49.78030323982239,0.076639414,0.038151331
86.5,1400,6.688957691192627,0.12145157903432846,16.971599578857422,10.207917213439941,6800.8051497882225,173.24468994140625,86.49522399902344,49.926623702049255,0.077333264,0.038609888
86.6,1400,6.800226211547852,0.12068697065114975,16.971940994262695,10.21847152709961,6837.201351849929,173.4272918701172,86.41066742,49.82529878616333,0.078696601,0.039210819
86.7,1400,6.800105571746826,0.12038493156433105,16.971818923950195,10.216826438903809,6855.210029,173.39813232421875,86.42144012451172,49.839892983436584,0.078685395,0.039216719567775726
86.8,1400,6.846518516540527,0.12011288851499557,16.971960067749023,10.219809532165527,6864.206790570216,173.4501953,86.33930969238281,49.77757930755615,0.079297811,0.039472532
86.9,1400,6.820374965667725,0.11998061835765839,16.971879959106445,10.230487823486328,6870.423975,173.6306152,86.32234954833984,49.71608817577362,0.079010531,0.039280947
87,1400,6.852868556976318,0.119993657,16.972074508666992,10.231952667236328,6874.626854312637,173.65745544433594,86.38454437,49.74421560764313,0.079329804,0.039461985
87.1,1400,6.826889514923096,0.11951836198568344,16.972145080566406,10.228934288024902,6877.682699161138,173.60696411132812,86.08061981201172,49.58362281322479,0.079308093,0.039323825389146805
87.2,1400,6.839114665985107,0.11987607181072235,16.972145080566406,10.21304988861084,6879.164286,173.33737182617188,86.35684967041016,49.820101261138916,0.079195969,0.039455514401197433
87.3,1400,6.828059673309326,0.11933835595846176,16.9720459,10.241127967834473,6879.803664143724,173.81289672851562,85.97747802734375,49.46553707122803,0.079416841,0.039283965
87.4,1400,6.820258140563965,0.12020746618509293,16.972028732299805,10.24138355255127,6880.697162170189,173.8170623779297,86.61487579345703,49.83105957508087,0.07874234,0.03923814
87.5,1400,6.838636875152588,0.11932734400033951,16.972047805786133,10.231316566467285,6880.486755916077,173.64639282226562,85.97808074951172,49.51331317424774,0.079539306,0.039382543
87.6,1400,6.836178779602051,0.1201162338256836,16.972043991088867,10.2286377,6880.505407,173.60089111328125,86.54673004,49.85385239124298,0.078988299,0.039378710091114044
87.7,1400,6.8752336502075195,0.11960466206073761,16.972007751464844,10.25157356262207,6879.900416050047,173.9897918701172,86.17055511,49.526214599609375,0.079786345,0.039515156
87.8,1400,6.859236240386963,0.12043289840221405,16.972000122070312,10.255215644836426,6876.730916853757,174.0515137,86.72729492,49.82851744,0.079089709,0.039409227669239044
87.9,1400,6.897019863128662,0.12010776996612549,16.97177505493164,10.259522438049316,6875.11178,174.1223145,86.47279357910156,49.66209828853607,0.079759419,0.039610203355550766
88,1400,6.853755950927734,0.12056466937065125,16.97187042236328,10.256677627563477,6874.597712172178,174.0749969482422,86.79524993896484,49.86083507537842,0.078964643,0.039372429
88.1,1400,6.894121170043945,0.11995911598205566,16.972143173217773,10.24741268157959,6875.502284212017,173.92056274414062,86.37067413330078,49.66099262237549,0.079820164,0.039639484
88.2,1400,6.864797592163086,0.12055149674415588,16.971996307373047,10.261106491088867,6875.518020967865,174.15145874023438,86.79738617,49.84017014503479,0.07908991,0.039418548345565796
88.3,1400,6.905625343322754,0.1204213872551918,16.972129821777344,10.255833625793457,6874.756828259083,174.06333923339844,86.69410705566406,49.80607032775879,0.079655074,0.039673060178756714
88.4,1400,6.8866705894470215,0.11989352852106094,16.972333908081055,10.244952201843262,6873.047933142583,173.88075256347656,86.29263305664062,49.627479910850525,0.079806007,0.039605711
88.5,1400,6.902985095977783,0.12053325772285461,16.971887588500977,10.269455909729004,6869.911655986416,174.29205322265625,86.71349334716797,49.75183308124542,0.079606816,0.039605852
88.6,1400,6.868605613708496,0.11981718242168427,16.972217559814453,10.264082908630371,6868.676612073775,174.20425415039062,86.18283844,49.47229325771332,0.079698071,0.039428461
88.7,1400,6.849971771240234,0.12014270573854446,16.97226905822754,10.249533653259277,6867.640317559063,173.9578399658203,86.40394592285156,49.669474363327026,0.079278462,0.039377194
88.8,1400,6.8507914543151855,0.11954204738140106,16.972219467163086,10.248247146606445,6866.525922107921,173.9355010986328,85.95801544189453,49.419477581977844,0.079699278,0.039386965334415436
88.9,1400,6.822535037994385,0.12006966769695282,16.972200393676758,10.238398551940918,6866.545738763433,173.76815795898438,86.33765411376953,49.68554675579071,0.079021551,0.039262287
89,1400,6.831634044647217,0.11939257383346558,16.97214126586914,10.253958702087402,6866.9776252850315,174.03163146972656,85.85617828,49.333661794662476,0.079570673,0.039255127
89.1,1400,6.784257411956787,0.12011871486902237,16.97194480895996,10.257538795471191,6873.968824781079,174.0903778076172,86.46629333496094,49.66747462749481,0.078461297,0.038969744
89.2,1400,6.810635566711426,0.1194877102971077,16.97218894958496,10.220026969909668,6881.315558390723,173.4562225341797,86.10400391,49.64019060134888,0.079097785,0.039264287799596786
89.3,1400,6.773349285125732,0.11968069523572922,16.972265243530273,10.206666946411133,6886.7931151113435,173.23025512695312,86.31171417236328,49.824851751327515,0.078475431,0.039100267
89.4,1400,6.828621864318848,0.11924977600574493,16.97209930419922,10.204278945922852,6888.5515518666225,173.1880340576172,86.02290344238281,49.67023432254791,0.079381436,0.039428946
89.5,1400,6.801812648773193,0.11973808705806732,16.972021102905273,10.214624404907227,6887.155643,173.36282348632812,86.35765075683594,49.813249707221985,0.078763284,0.039234552532434464
89.6,1400,6.844381332397461,0.11956638097763062,16.97203254699707,10.221209526062012,6885.2579071519785,173.47470092773438,86.21005249023438,49.69603717327118,0.079391919,0.039454635232686996
89.7,1400,6.815392494,0.1198791041970253,16.972036361694336,10.231236457824707,6884.265908690763,173.64491271972656,86.42308044433594,49.77000356,0.07886079,0.039249018
89.8,1400,6.887381553649902,0.12019183486700058,16.971797943115234,10.25847053527832,6883.156175982095,174.1046905517578,86.63456726074219,49.760040640830994,0.07949923,0.03955885
89.9,1400,6.875713348388672,0.12064157426357269,16.971580505371094,10.259867668151855,6878.684023,174.1261749267578,86.90223693847656,49.90762770175934,0.079120092,0.03948696
90,1400,6.921452522277832,0.12097447365522385,16.971935272216797,10.267913818359375,6873.710042573805,174.26637268066406,87.07902526855469,49.96892213821411,0.079484724,0.039717659
90.1,1400,6.898261547088623,0.12077288329601288,16.971956253051758,10.28851032,6870.839541738622,174.61614990234375,86.89761352539062,49.76493716239929,0.079383783,0.039505292
90.2,1400,6.887889385223389,0.12107525020837784,16.97229576,10.284293174743652,6868.875361471703,174.54806518554688,87.09027099609375,49.89472031593323,0.079089083,0.039461277425289154
90.3,1400,6.873228073120117,0.12076214700937271,16.972017288208008,10.279711723327637,6868.377613712669,174.46743774414062,86.85875701904297,49.785080552101135,0.079131089,0.039395478
90.4,1400,6.858997821807861,0.12138009816408157,16.972097396850586,10.287557601928711,6871.249863,174.60142517089844,87.33972930908203,50.022345781326294,0.07853239,0.039283745
90.5,1400,6.871396541595459,0.12044809013605118,16.972219467163086,10.269950866699219,6874.822689496519,174.30386352539062,86.71416473388672,49.748849868774414,0.079241917,0.039421942085027695
90.6,1400,6.8397722244262695,0.12095584720373154,16.972158432006836,10.262206077575684,6878.8967607326485,174.17178344726562,87.13131713867188,50.02607703208923,0.078499585,0.039270263
90.7,1400,6.881289958953857,0.12036413699388504,16.97229576,10.261614799499512,6878.139647923531,174.1631622314453,86.69553375,49.77833926677704,0.079373062,0.039510593
90.8,1400,6.865685939788818,0.1211920976638794,16.971933364868164,10.260689735412598,6876.282127890692,174.14373779296875,87.26831817626953,50.112807750701904,0.078673296,0.039425395
90.9,1400,6.914852142333984,0.12101493775844574,16.97199058532715,10.275253295898438,6875.949324646654,174.39149475097656,87.13652801513672,49.96604323387146,0.079356521,0.039651312
91,1450,6.878015518188477,0.12138831615447998,16.97205924987793,10.286455154418945,6876.647570332045,174.5823211669922,87.41426086425781,50.07050633430481,0.078682996,0.039396975
91.1,1450,7.257706165313721,0.1544078141450882,16.940404891967773,12.722100257873535,7060.036729,215.5175323486328,114.15760803222656,52.969056367874146,0.063576192,0.033675712
91.2,1450,8.015760422,0.16463062167167664,16.95482635498047,13.792771339416504,7401.530159190925,233.8540496826172,127.60295867919922,54.56521511077881,0.062817983,0.034276765
91.3,1450,8.587303161621094,0.16617973148822784,16.96466064453125,14.10531997680664,7645.906240750004,239.29196166992188,133.05636596679688,55.60418963432312,0.064538836,0.035886299
91.4,1450,8.937081336975098,0.16472087800502777,16.96855354309082,14.195172309875488,7789.441774,240.8715362548828,134.3642120361328,55.782514810562134,0.066513851,0.037103102
91.5,1450,9.104190826416016,0.16364596784114838,16.969635009765625,14.240314483642578,7867.996162,241.65293884277344,134.83358764648438,55.79637289047241,0.067521684,0.037674654
91.6,1450,9.195350646972656,0.1639011651277542,16.970481872558594,14.251058578491211,7912.122608054467,241.8473358154297,135.8012237548828,56.151628494262695,0.067711845,0.038021303713321686
91.7,1450,9.260957717895508,0.16421885788440704,16.97052574157715,14.26379108428955,7932.909114000863,242.0640411376953,136.42190551757812,56.35777711868286,0.067884684,0.038258296
91.8,1450,9.275807381,0.1631784737110138,16.97059440612793,14.27891731262207,7946.012003193913,242.32171630859375,135.78152465820312,56.033581495285034,0.068314202,0.038278896
91.9,1450,9.236852645874023,0.162531316,16.970783233642578,14.262420654296875,7957.370443859105,242.04444885253906,135.4363555908203,55.95515966415405,0.068200693,0.038161803
92,1450,9.200584411621094,0.16323043406009674,16.970849990844727,14.234776496887207,7965.513923588889,241.57626342773438,136.1581268310547,56.36237859725952,0.067572795,0.038085632026195526
92.1,1450,9.200446128845215,0.16215798258781433,16.970691680908203,14.204854965209961,7971.004885694122,241.0662078857422,135.35678100585938,56.14921450614929,0.067971811,0.03816564
92.2,1450,9.179829597473145,0.16136683523654938,16.97062110900879,14.192407608032227,7977.799667163477,240.85397338867188,134.81121826171875,55.97217679023743,0.068093963,0.038113672
92.3,1450,9.155508041381836,0.16212201118469238,16.970958709716797,14.169207572937012,7983.556405589693,240.4650421142578,135.53985595703125,56.36572241783142,0.067548461,0.038074176758527756
92.4,1450,9.165637016296387,0.1617036610841751,16.97094154,14.160842895507812,7987.614157227165,240.3228302001953,135.25880432128906,56.282126903533936,0.067763701,0.038138852
92.5,1450,9.134311676,0.1605874001979828,16.971059799194336,14.158600807189941,7993.782965519467,240.28646850585938,134.4288330078125,55.94524145126343,0.067949049,0.038014259189367294
92.6,1450,9.109208106994629,0.16120338439941406,16.97128677368164,14.131709098815918,7998.716147,239.83328247070312,135.0277557373047,56.30067586898804,0.067461744,0.037981417030096054
92.7,1450,9.125806808,0.16057223081588745,16.971324920654297,14.09772015,8000.6645905673895,239.25698852539062,134.53184509277344,56.22901916503906,0.067833804,0.038142279
92.8,1450,9.097895622253418,0.16004858911037445,16.970823287963867,14.109110832214355,8002.471403,239.44322204589844,134.1234130859375,56.01470470428467,0.067832269,0.037996046245098114
92.9,1450,9.105254173278809,0.16059285402297974,16.971073150634766,14.096713066101074,8000.875579664311,239.23634338378906,134.55267333984375,56.242573261260986,0.067670554,0.038059659
93,1450,9.150102615356445,0.16060787439346313,16.970760345458984,14.105501174926758,7998.647371604837,239.38107299804688,134.5277862548828,56.19817376,0.068016447,0.038224
93.1,1450,9.138302803,0.16028758883476257,16.970840454101562,14.125761032104492,7998.825721504444,239.72604370117188,134.26251220703125,56.00664019584656,0.068062954,0.038119774
93.2,1450,9.130385398864746,0.1614856719970703,16.971023559570312,14.127792358398438,7996.958293,239.76309204101562,135.23448181152344,56.403374671936035,0.067515217,0.038080863654613495
93.3,1450,9.171592712402344,0.1613328903913498,16.970552444458008,14.149060249328613,7993.685630770336,240.11737060546875,135.05123901367188,56.24384880065918,0.067911945,0.038196292
93.4,1450,9.135479927062988,0.1603517234325409,16.970611572265625,14.152754783630371,7992.394051105204,240.1809082,134.20822143554688,55.87797761,0.068069451,0.038035829
93.5,1450,9.108004570007324,0.16129693388938904,16.971012115478516,14.140497207641602,7994.815762977324,239.97854614257812,135.0402374267578,56.27179741859436,0.067446597,0.03795341
93.6,1450,9.107040405273438,0.16071969270706177,16.971027374267578,14.122580528259277,7997.418156120289,239.67469787597656,134.6007537841797,56.159770488739014,0.067659654,0.037997503
93.7,1450,9.060251235961914,0.15960025787353516,16.97135353088379,14.102334976196289,8000.858094380035,239.33570861816406,133.72073364257812,55.871617794036865,0.067755021,0.037855826
93.8,1450,9.017827033996582,0.16074301302433014,16.97111701965332,14.09740924835205,8005.283036987288,239.2487793,134.7526855,56.32324814796448,0.066921316,0.03769226
93.9,1450,9.014601707458496,0.15968212485313416,16.971113204956055,14.08521842956543,8010.656847687876,239.04183959960938,133.95318603515625,56.037551164627075,0.067296654,0.037711397
94,1450,9.002216339111328,0.15959610044956207,16.971025466918945,14.081741333007812,8015.770127652763,238.98159790039062,133.9664764404297,56.05723857879639,0.067197531,0.037669078
94.1,1450,9.046224594116211,0.16048485040664673,16.97088050842285,14.073321342468262,8015.239740696415,238.83665466308594,134.70359802246094,56.39988184,0.067156523,0.037876199930906296
94.2,1450,9.074505805969238,0.15952584147453308,16.970748901367188,14.08011531829834,8011.027535714511,238.95010375976562,133.82827758789062,56.006789207458496,0.067807086,0.037976574152708054
94.3,1450,9.048803329467773,0.1602325588464737,16.970775604248047,14.090702056884766,8008.165777521464,239.13014221191406,134.37313842773438,56.19246959686279,0.067340866,0.037840497
94.4,1450,9.098181725,0.16150517761707306,16.970645904541016,14.106390953063965,8005.031831736534,239.39456176757812,135.38735961914062,56.55406713485718,0.067201115,0.038004965
94.5,1450,9.114632606506348,0.16051362454891205,16.970762252807617,14.122796058654785,8002.675981101851,239.67462158203125,134.5165557861328,56.12465739250183,0.067758441,0.038029194
94.6,1450,9.071844100952148,0.16113673150539398,16.971084594726562,14.11671257019043,8003.6557398640725,239.5759277,135.05528259277344,56.372642517089844,0.067171343,0.037866261
94.7,1450,9.089430809020996,0.1615300327539444,16.970928192138672,14.136458396911621,8005.178125281636,239.9088134765625,135.41067504882812,56.44255876541138,0.067124918,0.037887022
94.8,1450,9.080124855041504,0.16014833748340607,16.971160888671875,14.133532524108887,8007.257125581961,239.86245727539062,134.28726196289062,55.98511099815369,0.067617171,0.037855551
94.9,1450,9.032115936279297,0.16097956895828247,16.970909118652344,14.122662544250488,8008.9636893272245,239.67442321777344,135.01303100585938,56.331849098205566,0.0668981,0.03768494
95,1450,9.030437469482422,0.16040794551372528,16.971290588378906,14.09067153930664,8012.145428222508,239.1368865966797,134.58706665039062,56.28034472465515,0.067097366,0.037762630730867386
95.1,1450,8.982725143432617,0.15959781408309937,16.971065521240234,14.09378719329834,8016.313337150914,239.18658447265625,133.9770050048828,56.01359009742737,0.067046769,0.037555303424596786
95.2,1450,8.964442253112793,0.16045625507831573,16.97130775,14.07224178314209,8020.038868387157,238.8243408203125,134.76022338867188,56.426507234573364,0.066521421,0.037535712122917175
95.3,1450,9.004686356,0.1592186540365219,16.971054077148438,14.07413101196289,8019.809811163151,238.85284423828125,133.71701049804688,55.983006954193115,0.067341372,0.037699725
95.4,1450,8.971511840820312,0.15904049575328827,16.971227645874023,14.062106132507324,8018.993248387498,238.6511993408203,133.5537872314453,55.961912870407104,0.067175277,0.037592568
95.5,1450,8.987028121948242,0.16015926003456116,16.971101760864258,14.057154655456543,8019.809811163151,238.56539916992188,134.5069580078125,56.38158321380615,0.066814601,0.037671130150556564
95.6,1450,9.005667686462402,0.15863940119743347,16.97126007080078,14.051069259643555,8020.731285644456,238.4643555,133.24583435058594,55.87662458,0.067586862,0.037765257
95.7,1450,8.972015380859375,0.1598939150571823,16.970882415771484,14.051942825317383,8020.253937383742,238.473877,134.2915496826172,56.31289482116699,0.066809982,0.037622634
95.8,1450,9.007505416870117,0.159699485,16.97098731994629,14.046161651611328,8021.190565778085,238.37722778320312,134.14390563964844,56.273794174194336,0.067148075,0.037786771
95.9,1450,8.991883277893066,0.15885072946548462,16.971031188964844,14.046422004699707,8021.933690359782,238.38226318359375,133.44334411621094,55.978721380233765,0.067383528,0.037720438092947006
96,1500,8.992663383483887,0.15978677570819855,16.971071243286133,14.029635429382324,8020.399648086036,238.0979461669922,134.20399475097656,56.365036964416504,0.067007415,0.037768758833408356
96.1,1500,9.355236053466797,0.18997403979301453,16.93793296813965,16.580141067504883,8181.165180140616,280.83331298828125,162.7563934326172,57.95480012893677,0.057479992508888245,0.033312414
96.2,1500,10.145560264587402,0.19769397377967834,16.94922447,17.99290657043457,8487.829089873356,304.9658203,175.71897888183594,57.61923789978027,0.057737418,0.033267859
96.3,1500,10.714690208435059,0.19981324672698975,16.960180282592773,18.47980308532715,8710.93782,313.4208068847656,182.27110290527344,58.15539360046387,0.058784362,0.034186278
96.4,1500,11.04053020477295,0.20015749335289001,16.965002059936523,18.669185638427734,8838.611868889364,316.7227783203125,185.2612305,58.49317908287048,0.059594393,0.034858655
96.5,1500,11.178733825683594,0.20037300884723663,16.96722984313965,18.752338409423828,8907.988231308203,318.17523193359375,186.9164276123047,58.74637961387634,0.059806053,0.035133891
96.6,1500,11.214773178100586,0.20004470646381378,16.968128204345703,18.788480758666992,8947.368005710074,318.80535888671875,187.43511962890625,58.79296660423279,0.059832826256752014,0.035177495
96.7,1500,11.229340553283691,0.2007877230644226,16.96829605102539,18.804792404174805,8970.385051087182,319.0852966308594,188.6152801513672,59.11124348640442,0.059535689651966095,0.035192285
96.8,1500,11.241418838500977,0.19972316920757294,16.96843910217285,18.80672264099121,8983.838228808545,319.1207275390625,187.89663696289062,58.87948274612427,0.059827678,0.035226226
96.9,1500,11.260303497314453,0.1996370404958725,16.96866226196289,18.794662475585938,8992.579122417734,318.9202880859375,187.9983367919922,58.94837975502014,0.059895761,0.035307582
97,1500,11.345084190368652,0.19990836083889008,16.96822166442871,18.81690216064453,8991.964806096865,319.28936767578125,188.24098205566406,58.95622968673706,0.060268938541412354,0.035532296
97.1,1500,11.40019416809082,0.20125062763690948,16.967845916748047,18.860366821289062,8986.667347804278,320.0198059082031,189.3932647705078,59.181731939315796,0.060193241,0.035623401403427124
97.2,1500,11.43637466430664,0.20254620909690857,16.968175888061523,18.897621154785156,8983.734482788512,320.6581726074219,190.55030822753906,59.42474603652954,0.060017616,0.035665315
97.3,1500,11.457528114318848,0.20551612973213196,16.96817970275879,18.945831298828125,8982.174795431161,321.47625732421875,193.31076049804688,60.13220548629761,0.059269994497299194,0.035640355199575424
97.4,1500,11.486223220825195,0.20586729049682617,16.96854591369629,18.953758239746094,8980.356325866536,321.6177062988281,193.60186767578125,60.19626856,0.059329092502593994,0.0357139
97.5,1500,11.47967529296875,0.20691275596618652,16.968276977539062,18.964771270751953,8977.957344863975,321.79949951171875,194.53306579589844,60.45163869857788,0.059011437,0.03567338
97.6,1500,11.46295452,0.20781946182250977,16.968286514282227,18.98604393005371,8981.485875230717,322.1606445,195.46231079101562,60.67231297492981,0.058645345,0.035581488
97.7,1500,11.43105697631836,0.2081196904182434,16.968984603881836,18.95134925842285,8988.718954492571,321.58514404296875,195.90232849121094,60.91771721839905,0.058350798,0.035545971
97.8,1500,11.411640167236328,0.2083033174276352,16.968963623046875,18.933687210083008,8995.501496262934,321.2850646972656,196.22312927246094,61.07446551322937,0.058156449,0.035518739
97.9,1500,11.383890151977539,0.20747841894626617,16.969362258911133,18.87510871887207,9001.334587097152,320.2985534667969,195.5727996826172,61.059534549713135,0.05820794,0.035541497
98,1500,11.365230560302734,0.20571181178092957,16.96900177001953,18.85637855529785,9004.864283149513,319.9739074707031,193.9835968017578,60.62481403,0.058588617,0.035519239
98.1,1500,11.360578536987305,0.20441550016403198,16.96888542175293,18.848970413208008,9007.193323014973,319.84600830078125,192.81105041503906,60.28246283531189,0.058920785784721375,0.0355189
98.2,1500,11.34549617767334,0.20324060320854187,16.96862030029297,18.862380981445312,9008.314712579824,320.0685729980469,191.72671508789062,59.90176200866699,0.059175353,0.03544708
98.3,1500,11.331473350524902,0.20166391134262085,16.96899986,18.845970153808594,9010.870478298055,319.7972717285156,190.29331970214844,59.50435996055603,0.059547402,0.035433304
98.4,1500,11.326335906982422,0.1995122730731964,16.968547821044922,18.846879959106445,9009.838846525816,319.8041687011719,188.2414551,58.861470222473145,0.060169193893671036,0.035416473
98.5,1500,11.332315444946289,0.20036455988883972,16.968494415283203,18.84499740600586,9008.948262713397,319.7712402,189.0269012451172,59.113168716430664,0.059950806,0.035438821
98.6,1500,11.320653915405273,0.1997135579586029,16.96843719482422,18.84838867,9010.053332679592,319.82769775390625,188.43585205078125,58.917927742004395,0.060076966881752014,0.035396103
98.7,1500,11.38096809387207,0.1992035061120987,16.968456268310547,18.871719360351562,9009.139435154806,320.22393798828125,187.93553161621094,58.68878364562988,0.060557831078767776,0.035540652
98.8,1500,11.486565589904785,0.20007994771003723,16.967798233032227,18.897802352905273,8996.398491346254,320.6540832519531,188.49545288085938,58.784669637680054,0.060938157,0.035822294652462006
98.9,1500,11.570369720458984,0.20173031091690063,16.96782112121582,18.959238052368164,8983.186610547888,321.69696044921875,189.77114868164062,58.990657329559326,0.06097012,0.035966675728559494
99,1500,11.601924896240234,0.2056928277015686,16.967754364013672,19.022397994995117,8976.332379111996,322.7673645019531,193.3511199951172,59.90417003631592,0.060004435,0.035945158
99.1,1500,11.601508140563965,0.20617914199829102,16.96828269958496,19.039430618286133,8975.427807072158,323.0664367675781,193.78872680664062,59.98417139053345,0.059866786,0.035910595
99.2,1500,11.577021598815918,0.20652036368846893,16.96874428,19.031686782836914,8978.825780649646,322.9438171386719,194.18292236328125,60.12901067733765,0.059619151055812836,0.035848405212163925
99.3,1500,11.562091827392578,0.20691044628620148,16.968570709228516,19.037446975708008,8982.524501116666,323.03826904296875,194.62985229492188,60.24978160858154,0.059405543,0.03579171
99.4,1500,11.536075592041016,0.20682664215564728,16.96914291381836,18.99226951599121,8985.30233,322.28253173828125,194.61119079589844,60.38526892662048,0.059277557,0.035794914
99.5,1500,11.484185218811035,0.20778433978557587,16.969064712524414,18.97475242614746,8990.463403,321.9837951660156,195.62461853027344,60.75604557991028,0.058705214,0.035666965
99.6,1500,11.466157913208008,0.20690351724624634,16.968578338623047,18.969820022583008,8994.866197600933,321.8908691,194.89073181152344,60.54559350013733,0.058833774,0.035621259
99.7,1500,11.467766761779785,0.20703983306884766,16.96897315979004,18.923856735229492,8995.795249038758,321.1184082,195.03927612304688,60.73749661445618,0.058797214180231094,0.035711955
99.8,1500,11.4753418,0.20671725273132324,16.96875572,18.950462341308594,8996.023723419954,321.5657653808594,194.74034118652344,60.560035705566406,0.05892637,0.03568583
99.9,1500,11.478402137756348,0.20650742948055267,16.968503952026367,18.955751419067383,8995.687423119061,321.6507568359375,194.5354004,60.48032045,0.05900418,0.035685919
100,1500,11.483777046203613,0.20622222125530243,16.96866798400879,18.94949722290039,8995.443794824827,321.5477294921875,194.2614746,60.41450500488281,0.059115052223205566,0.035714068
100.1,1500,11.466474533081055,0.20671218633651733,16.96839141845703,18.957727432250977,8996.618805928121,321.6821289,194.7484588623047,60.54064631462097,0.058878385,0.035645358
100.2,1500,11.443013191223145,0.20630846917629242,16.96875762939453,18.946237564086914,8998.623202348872,321.4941101074219,194.41140747070312,60.47121882,0.058859784,0.035593227
100.3,1500,11.426750183105469,0.20581236481666565,16.968833923339844,18.931177139282227,9000.003956963807,321.2399902,193.97366333007812,60.38278937339783,0.058908767998218536,0.035570759
100.4,1500,11.413252830505371,0.20539328455924988,16.96860122680664,18.921188354492188,9000.499956194415,321.06610107421875,193.58937072753906,60.295796394348145,0.05895599,0.035547987
100.5,1500,11.41219425201416,0.20487524569034576,16.968982696533203,18.90935707092285,9000.149084823292,320.8725586,193.09356689453125,60.17765402793884,0.059101887,0.035566129
100.6,1500,11.430302619934082,0.20454199612140656,16.96857261657715,18.938087463378906,8998.242023151672,321.3523254394531,192.73863220214844,59.97735857963562,0.059304676949977875,0.035569381
100.7,1500,11.427176475524902,0.20503851771354675,16.968433380126953,18.948270797729492,8997.729121479599,321.5224609,193.19549560546875,60.08771061897278,0.059148256,0.035540834069252014
100.8,1500,11.427461624145508,0.20448774099349976,16.96861457824707,18.940933227539062,9000.089634856755,321.4013977050781,192.72708129882812,59.96460318565369,0.059293494,0.035555109
100.9,1500,11.419427871704102,0.203469381,16.968727111816406,18.926841735839844,9002.118510675491,321.1643981933594,191.81051635742188,59.723466634750366,0.059534940868616104,0.035556331276893616
101,1550,11.456008911132812,0.20320884883403778,16.96869659423828,18.921628952026367,9000.326851880089,321.07537841796875,191.5267791748047,59.651654958724976,0.059814136,0.035680122673511505
101.1,1550,11.786100387573242,0.2244648039340973,16.93543053,21.458818435668945,9130.665657924528,363.4143371582031,214.6245117,59.057801961898804,0.054914981,0.03243158
101.2,1550,12.476476669311523,0.23717819154262543,16.94618797302246,22.869014739990234,9374.594116,387.5426330566406,232.8390655517578,60.080891847610474,0.053584121,0.032193817
101.3,1550,13.085278511047363,0.2436206042766571,16.956241607666016,23.461145401000977,9553.015122636254,397.8128356933594,243.71546936035156,61.263853311538696,0.053690798580646515,0.03289305
101.4,1550,13.341680526733398,0.24612021446228027,16.961084365844727,23.73061752319336,9662.156519,402.49700927734375,249.02902221679688,61.87102794647217,0.0535748,0.033147279
101.5,1550,13.465621948242188,0.24364952743053436,16.96340560913086,23.88080406188965,9719.525736260866,405.0997619628906,247.99290466308594,61.21773719787598,0.054298415780067444,0.033240262
101.6,1550,13.715742111206055,0.24488820135593414,16.964075088500977,23.99634552001953,9744.412541369806,407.0758056640625,249.89187622070312,61.387062072753906,0.054886706,0.033693336
101.7,1550,13.802244186401367,0.24838781356811523,16.964466094970703,24.07735252380371,9758.039406248303,408.4594421386719,253.81744384765625,62.14018464,0.054378625,0.03379098
101.8,1550,13.652959823608398,0.24672433733940125,16.96498680114746,24.13879967,9768.217007382107,409.5144043,252.3805694580078,61.62922382354736,0.054096717,0.033339389
101.9,1550,13.738068580627441,0.24547941982746124,16.96548080444336,24.14696502685547,9776.194376911277,409.6648864746094,251.3121795654297,61.34579778,0.054665353149175644,0.033534896
102,1550,13.799288749694824,0.24783091247081757,16.96609115600586,24.13047981262207,9785.335101,409.3999328613281,253.95677185058594,62.03146576881409,0.054337155,0.033706136
102.1,1550,13.681266784667969,0.24566270411014557,16.96602439880371,24.129436492919922,9793.238449179966,409.3806152,251.93829345703125,61.54133677482605,0.054304041,0.03341943
102.2,1550,13.79781723022461,0.24477241933345795,16.965662002563477,24.143156051635742,9794.108050651254,409.6046142578125,251.04754638671875,61.29021644592285,0.05496097,0.033685695
102.3,1550,13.897814750671387,0.24817116558551788,16.965755462646484,24.148239135742188,9793.057768,409.6931152,254.50613403320312,62.12116479873657,0.054606993,0.033922500908374786
102.4,1550,13.755927085876465,0.2458733171224594,16.96596908569336,24.143268585205078,9792.600819146728,409.61395263671875,252.1378631591797,61.55499815940857,0.054557163,0.033582661
102.5,1550,13.888628959655762,0.24500508606433868,16.965774536132812,24.15023422241211,9785.760575938257,409.7274169921875,251.07200622558594,61.27781271934509,0.055317312479019165,0.033897239714860916
102.6,1550,14.036304473876953,0.24857915937900543,16.965595245361328,24.175867080688477,9776.720683967962,410.1579895019531,254.4992676,62.04908490180969,0.055152632,0.034221701
102.7,1550,13.980100631713867,0.24915264546871185,16.96536636352539,24.20818328857422,9766.305865810824,410.7006836,254.81468200683594,62.04388737678528,0.054863796,0.034039631485939026
102.8,1550,13.922456741333008,0.2473035305738449,16.96538734436035,24.2426815,9756.553157084909,411.2864685058594,252.6709747314453,61.43429875,0.055101134,0.033850994
102.9,1550,14.06058406829834,0.2473134845495224,16.965892791748047,24.25872802734375,9749.702422705872,411.57098388671875,252.50372314453125,61.351197957992554,0.055684663355350494,0.034163206815719604
103,1550,14.13524341583252,0.25011128187179565,16.965843200683594,24.256275177001953,9743.232867524037,411.5281677246094,255.19078063964844,62.01052665710449,0.055390887,0.034348178654909134
103.1,1550,14.057634353637695,0.2505529522895813,16.965686798095703,24.273027420043945,9737.895193077617,411.8085938,255.50137329101562,62.04372048377991,0.0550198,0.034136333
103.2,1550,13.956029891967773,0.2488085776567459,16.96557617,24.291378021240234,9735.490966489773,412.1172180175781,253.6599121,61.55042648,0.055018667,0.033864222
103.3,1550,13.984790802001953,0.2476825714111328,16.96575164794922,24.30611228942871,9736.873469633134,412.3714599609375,252.5478057861328,61.24279499053955,0.055374827,0.033913091
103.4,1550,14.068520545959473,0.25003865361213684,16.966066360473633,24.292516708374023,9740.554705,412.1484375,255.0465545654297,61.882203817367554,0.055160597,0.034134597
103.5,1550,13.952958106994629,0.24966298043727875,16.966196060180664,24.263887405395508,9750.690341267424,411.6658630371094,254.9283447265625,61.926037073135376,0.054732863,0.033893891
103.6,1550,13.836691856384277,0.2467619925737381,16.966224670410156,24.235437393188477,9763.261094975696,411.1838684082031,252.2910156,61.357223987579346,0.054844170808792114,0.03365086
103.7,1550,13.946290016174316,0.24690644443035126,16.966463088989258,24.194116592407227,9769.238148,410.48858642578125,252.59324645996094,61.53478026390076,0.055212441831827164,0.033974856
103.8,1550,13.943650245666504,0.24883465468883514,16.966026306152344,24.19671058654785,9772.096409119971,410.52203369140625,254.64035034179688,62.02842593193054,0.054758213460445404,0.033965658
103.9,1550,13.729645729064941,0.24589742720127106,16.966121673583984,24.17375373840332,9779.674531324858,410.1348571777344,251.82972717285156,61.40168905258179,0.054519556,0.033475931733846664
104,1550,13.794694900512695,0.24483001232147217,16.966264724731445,24.148571014404297,9790.019991187704,409.7110595703125,251.00181579589844,61.263132095336914,0.054958548,0.033669326454401016
104.1,1550,13.757989883422852,0.24657604098320007,16.96644401550293,24.111806869506836,9804.207550848627,409.09161376953125,253.15818786621094,61.88300848007202,0.054345425218343735,0.033630583
104.2,1550,13.563974380493164,0.2430659681558609,16.966398239135742,24.08843421936035,9817.511520810844,408.6939697265625,249.8930664,61.14429831504822,0.054279115,0.033188585
104.3,1550,13.717391967773438,0.24490684270858765,16.96649169921875,24.05062484741211,9827.057320339502,408.0547180175781,252.03045654296875,61.7638886,0.054427516,0.033616550266742706
104.4,1550,13.586627960205078,0.24463869631290436,16.96587562561035,24.040647506713867,9828.864133047942,407.8706359863281,251.80079650878906,61.73545718193054,0.053957842,0.033311121
104.5,1550,13.668173789978027,0.24269211292266846,16.965736389160156,24.055644989013672,9824.354095,408.1217346191406,249.68260192871094,61.17846369743347,0.054742195,0.033490434
104.6,1550,13.793096542358398,0.24636197090148926,16.965778350830078,24.052799224853516,9818.222589038036,408.0744629,253.29998779296875,62.07200288772583,0.054453604,0.033800442
104.7,1550,13.706363677978516,0.24516193568706512,16.96571159362793,24.076486587524414,9808.005354593208,408.4747314453125,251.80384826660156,61.64489984512329,0.054432701,0.033554986119270325
104.8,1550,13.842021942138672,0.2450987994670868,16.965490341186523,24.118892669677734,9793.192987440849,409.1888427734375,251.3588104248047,61.42855882644653,0.055068776,0.033827957
104.9,1550,13.932411193847656,0.24877293407917023,16.96539306640625,24.183603286743164,9784.196225838434,410.2843322753906,254.8924102783203,62.12579607963562,0.054659970104694366,0.033957939594984055
105,1550,13.750673294067383,0.24796654284000397,16.965991973876953,24.18526840209961,9783.736945704804,410.3270568847656,254.05426025390625,61.91505789756775,0.054124947637319565,0.033511493
105.1,1550,13.733201026916504,0.24552427232265472,16.96605682373047,24.19074249267578,9787.497447509597,410.4215087890625,251.64871215820312,61.314696073532104,0.054572902619838715,0.033461213
105.2,1550,13.811102867126465,0.24805107712745667,16.966270446777344,24.143646240234375,9794.575490584211,409.62762451171875,254.4224090576172,62.11065649986267,0.054284144192934036,0.033716239
105.3,1550,13.639668464660645,0.2463710606098175,16.966352462768555,24.112804412841797,9801.013572254353,409.1063537597656,252.86534118652344,61.80919408798218,0.053940445,0.033340156
105.4,1550,13.670857429504395,0.24419978260993958,16.966289520263672,24.10168457,9804.806713,408.9161682128906,250.73382568359375,61.316680908203125,0.054523386,0.033431932
105.5,1550,13.768848419189453,0.24698415398597717,16.966081619262695,24.09989356994629,9805.802208774528,408.8807678222656,253.61843872070312,62.02748417854309,0.054289617,0.033674482
105.6,1550,13.578384399414062,0.24499662220478058,16.96607780456543,24.09161376953125,9807.379381416155,408.7402038574219,251.6179962158203,61.55939698219299,0.053964283,0.033220086
105.7,1550,13.649320602416992,0.24436815083026886,16.966238021850586,24.08453941345215,9812.218142417922,408.6240234,251.0963592529297,61.449241638183594,0.054358896,0.033403128
105.8,1550,13.582825660705566,0.2454034835100174,16.96634292602539,24.052793502807617,9822.498323886139,408.08795166015625,252.42437744140625,61.855387687683105,0.053809483,0.033284064
105.9,1550,13.462370872497559,0.241781086,16.96640968322754,24.043153762817383,9832.307568364546,407.9259948730469,248.94671630859375,61.027419567108154,0.05407732,0.033001993
106,1600,13.68387508392334,0.24496564269065857,16.966089248657227,24.043264389038086,9832.882251,407.920166,252.24038696289062,61.835724115371704,0.054249342530965805,0.033545472
106.1,1600,14.041783332824707,0.2714366614818573,16.925315856933594,27.15993881225586,9970.781694339441,459.6905517578125,283.41729736328125,61.65392994880676,0.049544554,0.030546166002750397
106.2,1600,15.142131805419922,0.2857266664505005,16.94080924987793,28.668148040771484,10205.498322022071,485.6616211,305.36102294921875,62.87526488304138,0.049587637186050415,0.031178357
106.3,1600,15.37876033782959,0.28604114055633545,16.952796936035156,29.26231575012207,10362.20610243918,496.0780944824219,310.39117431640625,62.56901025772095,0.049546387046575546,0.031000684946775436
106.4,1600,15.87228775024414,0.28972896933555603,16.956886291503906,29.625675201416016,10451.560567828092,502.35919189453125,317.1039733886719,63.12295198440552,0.050053891,0.031595495
106.5,1600,16.048221588134766,0.2910758852958679,16.960168838500977,29.788179397583008,10506.592585870341,505.2125549316406,320.2556152,63.39027285575867,0.050110664,0.031765286
106.6,1600,15.838273048400879,0.2878967523574829,16.962182998657227,29.82662010192871,10542.802278233112,505.9245910644531,317.84942626953125,62.825459241867065,0.049829483,0.031305599957704544
106.7,1600,16.11786651611328,0.2904840111732483,16.963228225708008,29.79625893,10567.049704780386,505.44073486328125,321.4434509277344,63.59666585922241,0.05014215,0.031888735
106.8,1600,15.92509651184082,0.288983017,16.963659286499023,29.745288848876953,10585.397596413197,504.5889587402344,320.3377380371094,63.48488926887512,0.049713455,0.031560533
106.9,1600,15.708722114562988,0.28584492206573486,16.963655471801758,29.705015182495117,10598.12338630871,503.9056396484375,317.2400817871094,62.956249713897705,0.049516823,0.031173935160040855
107,1600,15.963059425354004,0.2879636287689209,16.96305274963379,29.69763184,10602.891040487757,503.7624816894531,319.73529052734375,63.46944570541382,0.049925864,0.031687669456005096
107.1,1600,16.04562759399414,0.2892889678478241,16.962663650512695,29.721031188964844,10600.782315204164,504.1478576660156,321.1429748535156,63.700151443481445,0.049964126,0.031827226
107.2,1600,15.72064495,0.28580355644226074,16.963228225708008,29.705955505371094,10600.00130583987,503.9089050292969,317.2503967285156,62.95788288116455,0.049552798,0.031197395
107.3,1600,15.896405220031738,0.28809604048728943,16.96320343017578,29.676300048828125,10603.44008,503.4051208496094,319.89886474609375,63.54700326919556,0.049691971,0.031577758491039276
107.4,1600,15.977922439575195,0.28942450881004333,16.96314049,29.708045959472656,10605.76328985137,503.9417724609375,321.44439697265625,63.78601789474487,0.049706645,0.031705889850854874
107.5,1600,15.703312873840332,0.28662171959877014,16.96345329284668,29.675846099853516,10608.30448449937,503.4048156738281,318.4078063964844,63.250839710235596,0.049318243,0.031194204464554787
107.6,1600,15.766552925109863,0.28669607639312744,16.96329116821289,29.65854835510254,10611.266491655593,503.1065979003906,318.5793151855469,63.32243084907532,0.049490195,0.031338393688201904
107.7,1600,15.997451782226562,0.28877630829811096,16.963045120239258,29.672801971435547,10611.40987098665,503.3410645,320.8952331542969,63.75303864479065,0.049852569,0.031782527
107.8,1600,15.84749984741211,0.2876914441585541,16.962844848632812,29.699119567871094,10606.90682744297,503.78155517578125,319.5540466308594,63.43107223510742,0.049592550843954086,0.031457085
107.9,1600,15.794607162475586,0.28676193952560425,16.96275520324707,29.742918014526367,10603.728002761733,504.5218505859375,318.4261474609375,63.11444044113159,0.049602106,0.031306092
108,1600,15.99821662902832,0.28924059867858887,16.963272094726562,29.716522216796875,10607.317148780628,504.0894470214844,321.2872009277344,63.736146688461304,0.04979413,0.031736861914396286
108.1,1600,15.890267372131348,0.28851476311683655,16.962799072265625,29.731277465820312,10609.290654532493,504.3256836,320.5405578613281,63.55825066566467,0.049573343,0.031507947
108.2,1600,15.805639266967773,0.2869623303413391,16.963014602661133,29.744983673095703,10605.04989025294,504.5646057128906,318.6883850097656,63.16106915473938,0.049595907,0.031325303
108.3,1600,16.084959030151367,0.2901754379272461,16.96306610107422,29.74679183959961,10601.057417010095,504.5968017578125,322.1354064941406,63.84015679359436,0.049932293593883514,0.031876854598522186
108.4,1600,15.91370677947998,0.28912436962127686,16.963350296020508,29.728267669677734,10599.91737647535,504.2910156,320.9340515136719,63.640642166137695,0.049585599452257156,0.031556595116853714
108.5,1600,15.759617805480957,0.28651919960975647,16.96331787109375,29.72135353088379,10601.39196878256,504.1727600097656,318.08648681640625,63.090771436691284,0.049545068,0.031258367002010345
108.6,1600,16.104629516601562,0.2895762324333191,16.962501525878906,29.759716033935547,10601.260246307687,504.7992248535156,321.4763488769531,63.68400454521179,0.050095845,0.031903039664030075
108.7,1600,16.14271354675293,0.2903808057308197,16.96171760559082,29.829137802124023,10588.422550592812,505.9533996582031,321.97918701171875,63.63810896873474,0.050135892,0.031905531883239746
108.8,1600,16.06911849975586,0.2890978753566742,16.962263107299805,29.878393173217773,10574.852804309612,506.8051758,320.1458435058594,63.16940784454346,0.050193119794130325,0.031706698
108.9,1600,16.34153175354004,0.29286837577819824,16.962125778198242,29.950483322143555,10568.57209019795,508.02386474609375,324.1286315917969,63.801854848861694,0.050416809,0.032166857
109,1600,15.951247215270996,0.28927770256996155,16.96331024169922,29.92958641052246,10571.263658290716,507.7048645019531,320.2362365722656,63.07527422904968,0.049810875207185745,0.031418345868587494
109.1,1600,16.034149169921875,0.2899298369884491,16.964021682739258,29.864595413208008,10579.509718354917,506.6236572265625,321.2085266113281,63.401806354522705,0.049918193370103836,0.031649034
109.2,1600,16.128217697143555,0.29105496406555176,16.963787078857422,29.834144592285156,10585.884853001666,506.1000671386719,322.64935302734375,63.75208497047424,0.049986828,0.031867646
109.3,1600,15.886690139770508,0.28792065382003784,16.963605880737305,29.80520248413086,10587.868849924096,505.60369873046875,319.2346191,63.13929557800293,0.049764935,0.031421229
109.4,1600,16.026081085205078,0.2894373834133148,16.96282386779785,29.83970069885254,10588.52979,506.16558837890625,320.93634033203125,63.40540647506714,0.049935389310121536,0.031661733984947205
109.5,1600,16.13544273376465,0.29091760516166687,16.963720321655273,29.807880401611328,10589.877326244512,505.6525573730469,322.61871337890625,63.80245089530945,0.050013971,0.031910140067338943
109.6,1600,15.855894088745117,0.28778260946273804,16.963390350341797,29.799381256103516,10588.909807181282,505.4985352,319.1129455566406,63.128358125686646,0.049687404185533524,0.031366844
109.7,1600,16.089426040649414,0.2898249626159668,16.962886810302734,29.832138061523438,10585.299678821255,506.0391845703125,321.2680664,63.486796617507935,0.050081,0.031794823706150055
109.8,1600,16.179922103881836,0.29132845997810364,16.962743759155273,29.889965057373047,10577.148039292142,507.01580810546875,322.6860046386719,63.64416480064392,0.050141382962465286,0.031912066
109.9,1600,16.023508071899414,0.28909268975257874,16.962581634521484,29.947311401367188,10569.337945649204,507.98370361328125,319.9731445,62.988853454589844,0.050077665597200394,0.031543352
110,1600,16.452789306640625,0.2938894033432007,16.961843490600586,30.031518936157227,10559.519375685852,509.3899230957031,324.98004150390625,63.79789710044861,0.050627075135707855,0.032299008
110.1,1600,16.26799964904785,0.2925667464733124,16.96145248413086,30.108543395996094,10542.75448512276,510.68463134765625,323.00384521484375,63.24917674064636,0.050364725,0.031855273991823196
110.2,1600,16.57723617553711,0.2961573302745819,16.96078872680664,30.242698669433594,10528.57158820431,512.9400024414062,326.5281066894531,63.65814208984375,0.050768178,0.032318077981472015
110.3,1600,16.37499237060547,0.2948499321937561,16.962074279785156,30.29298210144043,10522.729171885145,513.8317871,324.9062194824219,63.232022523880005,0.050399132,0.031868391
110.4,1600,16.535472869873047,0.296670526,16.962167739868164,30.33595085144043,10520.250924260536,514.5634766,326.8354187011719,63.51702809333801,0.050592657178640366,0.032134950160980225
110.5,1600,16.423410415649414,0.29655179381370544,16.96259880065918,30.33729362487793,10520.208959578275,514.5993652,326.70330810546875,63.48692774772644,0.050270107,0.031914946
110.6,1600,16.334444046020508,0.2945394515991211,16.96419906616211,30.266708374023438,10528.399066732793,513.4504395,324.7389831542969,63.246411085128784,0.050300225615501404,0.031813085079193115
110.7,1600,16.425199508666992,0.29524457454681396,16.96435547,30.131113052368164,10527.381423187975,511.1549072265625,325.4849548339844,63.67638111114502,0.050463777,0.032133505
110.8,1600,16.196924209594727,0.29159754514694214,16.964202880859375,30.069108963012695,10528.19624,510.09844970703125,321.4892578,63.024938106536865,0.050380919,0.031752545
110.9,1600,16.468868255615234,0.2953053414821625,16.96275520324707,30.127595901489258,10527.465352552495,511.0470275878906,325.5545349121094,63.70343565940857,0.050587125,0.032225739
111,1650,16.147417068481445,0.2920974791049957,16.96131706237793,30.172330856323242,10527.706649475494,511.7624816894531,322.02545166015625,62.924790382385254,0.050143294,0.031552561
111.1,1650,16.751937866210938,0.3239578902721405,16.91292381286621,33.934288024902344,10687.907989690793,573.9280395507812,362.5850524902344,63.176047801971436,0.046201404,0.029188221
111.2,1650,17.69519615,0.33702218532562256,16.931453704833984,35.79313659667969,10955.268477429667,606.0298461914062,386.6429748535156,63.799333572387695,0.045766242,0.029198555275797844
111.3,1650,18.28514862060547,0.34022894501686096,16.946128845214844,36.53153610229492,11134.89596847475,619.0681152,396.7217712402344,64.08370137,0.046090610325336456,0.029536569491028786
111.4,1650,18.593900680541992,0.3417167067527771,16.951404571533203,36.93779373168945,11236.529766167348,626.1474609,402.0934753417969,64.21705484390259,0.046242729,0.029695721343159676
111.5,1650,18.75457191467285,0.3426170349121094,16.95456886291504,37.22995376586914,11300.328905745198,631.2178344726562,405.4419250488281,64.23169971,0.046257112,0.029711727052927017
111.6,1650,18.90809440612793,0.34322983026504517,16.95701026916504,37.34132385253906,11336.184229679991,633.1972045898438,407.4558410644531,64.34895992279053,0.046405263,0.029861303
111.7,1650,19.036794662475586,0.3448011875152588,16.957286834716797,37.46923065185547,11349.101192016915,635.3764648,409.7876281738281,64.49524760246277,0.046455271542072296,0.029961440712213516
111.8,1650,19.111026763916016,0.34598520398139954,16.95757293701172,37.55522155761719,11352.453703855286,636.8453979492188,411.3162536621094,64.58651423454285,0.046463094651699066,0.030008895322680473
111.9,1650,19.071224212646484,0.3458024561405182,16.958158493041992,37.61686325073242,11353.418891547279,637.9127197265625,411.13397216796875,64.44987654685974,0.046386886,0.029896290972828865
112,1650,19.027389526367188,0.345232755,16.95879554748535,37.62995147705078,11358.694784655925,638.1586303710938,410.6473693847656,64.34878706932068,0.046335105,0.029816079884767532
112.1,1650,19.006593704223633,0.34476009011268616,16.95907211303711,37.62039566040039,11365.63177977072,638.0070190429688,410.3356018066406,64.31521773338318,0.046319634,0.029790572822093964
112.2,1650,18.991928100585938,0.3444921672344208,16.95908546447754,37.61833190917969,11366.629606660026,637.9725341796875,410.0527038574219,64.27435278892517,0.046315823,0.029769195
112.3,1650,19.013551712036133,0.34421786665916443,16.95884132385254,37.62450027,11366.791636960976,638.0679321289062,409.7320251464844,64.21448588371277,0.046404846012592316,0.029798632487654686
112.4,1650,19.02794838,0.3442823886871338,16.958881378173828,37.62512207,11363.530048600836,638.0799560546875,409.6912536621094,64.20688033103943,0.046444606,0.029820632189512253
112.5,1650,18.972993850708008,0.34371256828308105,16.959260940551758,37.62195587158203,11363.620972079067,638.0405883789062,409.0164489746094,64.10508751869202,0.046386871,0.029736343771219254
112.6,1650,18.95044518,0.34324294328689575,16.959089279174805,37.629756927490234,11365.940686459582,638.1663818359375,408.5409851074219,64.01793956756592,0.046385664492845535,0.029695147648453712
112.7,1650,18.944377899169922,0.3430427312850952,16.959123611450195,37.63056182861328,11365.615460172063,638.1813354492188,408.2909851074219,63.97726535797119,0.046399205923080444,0.029684944078326225
112.8,1650,18.970441818237305,0.34358811378479004,16.95885467529297,37.64945983886719,11361.279109671805,638.4916992,408.7840881347656,64.02339935302734,0.046406996,0.029711336
112.9,1650,18.949113845825195,0.34411323070526123,16.95947266,37.62084961,11363.849446460265,638.0297852,409.5014648,64.18218612670898,0.046273615,0.029699419
113,1650,18.930152893066406,0.34367161989212036,16.959875106811523,37.577510833740234,11369.781620572041,637.3098754882812,409.1894226074219,64.20572400093079,0.046262566,0.029703214764595032
113.1,1650,18.96162223815918,0.34313294291496277,16.95952606201172,37.53385543823242,11373.702986992166,636.5563965,408.6889648,64.20310139656067,0.046396218,0.029787812381982803
113.2,1650,19.051679611206055,0.34342822432518005,16.958837509155273,37.552894592285156,11369.102025856544,636.8534545898438,408.87518310546875,64.20239806175232,0.046595342457294464,0.029915329068899155
113.3,1650,19.078643798828125,0.3440706729888916,16.95867156982422,37.59609603881836,11364.391490272796,637.579834,409.4703369140625,64.22259808,0.046593469,0.029923535883426666
113.4,1650,19.083316802978516,0.34532973170280457,16.958759307861328,37.62385940551758,11361.799005457588,638.0539551,410.8749694824219,64.39501643180847,0.046445556,0.029908625409007072
113.5,1650,19.00731658935547,0.3449397385120392,16.95984459,37.57686996459961,11370.010094953237,637.2978516,410.7075500488281,64.44514989852905,0.046279442,0.029824855
113.6,1650,18.89280128479004,0.3431944251060486,16.96065330505371,37.46444320678711,11385.340026520144,635.4214477539062,409.1804199,64.39512372016907,0.046172298,0.029732709750533104
113.7,1650,18.800418853759766,0.3414032757282257,16.960796356201172,37.353431701660156,11397.044675813984,633.5439453,407.4633483886719,64.31493163108826,0.046140145510435104,0.029675003
113.8,1650,18.687036514282227,0.33987700939178467,16.960744857788086,37.256614685058594,11408.192127382254,631.8999633789062,406.03851318359375,64.25677537918091,0.046022817492485046,0.029572777450084686
113.9,1650,18.663137435913086,0.3393949270248413,16.959880828857422,37.18817901611328,11414.35860430332,630.7070922851562,405.6817626953125,64.32173848,0.046004381,0.029590817168354988
114,1650,18.631595611572266,0.3398367166519165,16.958721160888672,37.18721389770508,11415.877492664027,630.6475830078125,406.2638854980469,64.42010998725891,0.045860823,0.029543593525886536
114.1,1650,18.610578536987305,0.33892911672592163,16.958532333374023,37.156898498535156,11421.54505614044,630.1264648,405.3800354003906,64.33312297,0.045908965,0.029534671
114.2,1650,18.63030242919922,0.338043213,16.957853317260742,37.152503967285156,11420.68361446848,630.0267333984375,404.2899475097656,64.17028903961182,0.046081539,0.029570654034614563
114.3,1650,18.68541908,0.33832401037216187,16.957242965698242,37.1893425,11414.87383734663,630.6287231445312,404.4199219,64.12963867,0.046203014,0.029629826545715332
114.4,1650,18.66286277770996,0.3381776213645935,16.95800781,37.21767807006836,11412.360619153469,631.1376953,404.15594482421875,64.03610110282898,0.04617738,0.029570192098617554
114.5,1650,18.623397827148438,0.33827459812164307,16.959365844726562,37.17091751098633,11417.31711440269,630.3952026367188,404.4474182128906,64.15776014328003,0.046046525,0.029542418
114.6,1650,18.628311157226562,0.33791765570640564,16.959270477294922,37.171974182128906,11417.97223,630.4095458984375,404.0438232421875,64.09227252006531,0.046104677,0.029549537
114.7,1650,18.620439529418945,0.33761462569236755,16.95922088623047,37.18541336,11419.062145773356,630.6356201171875,403.72003173828125,64.01795744895935,0.04612216,0.029526463
114.8,1650,18.610368728637695,0.33742478489875793,16.960039138793945,37.13731384277344,11422.858783832318,629.8502807617188,403.6271667480469,64.08303380012512,0.046107817,0.029547289
114.9,1650,18.763107299804688,0.33854517340660095,16.958309173583984,37.21433639526367,11411.07486791643,631.0922241210938,404.54962158203125,64.10309076309204,0.046380236744880676,0.029731166
115,1650,18.866098403930664,0.3401901125907898,16.957317352294922,37.3723259,11393.176930932303,633.734375,405.8776550292969,64.04538750648499,0.046482228,0.029769724
115.1,1650,18.78309440612793,0.341060609,16.95893096923828,37.40201950073242,11389.893194545413,634.2982788085938,406.7989501953125,64.13370370864868,0.046172916889190674,0.029612401500344276
115.2,1650,18.684310913085938,0.34025025367736816,16.9602108,37.330657958984375,11396.96308,633.1358032226562,406.0843200683594,64.13857936859131,0.046010915,0.029510745778679848
115.3,1650,18.623409271240234,0.3394208252429962,16.96050262451172,37.24733352661133,11406.919198687017,631.7335205078125,405.4482727050781,64.18027282,0.045932885,0.029479850083589554
115.4,1650,18.59643555,0.33914780616760254,16.96004295349121,37.20915222167969,11413.226723567903,631.0688477,405.3461608886719,64.23168778419495,0.045877911150455475,0.029468158
115.5,1650,18.590036392211914,0.3389163911342621,16.959369659423828,37.18303680419922,11414.173260290001,630.6008911132812,405.1031799316406,64.24081921577454,0.045889634639024734,0.029479878023266792
115.6,1650,18.579973220825195,0.33930113911628723,16.958877563476562,37.15879821777344,11417.159746844212,630.1715087890625,405.6691895,64.37440514564514,0.045800801,0.029483994469046593
115.7,1650,18.53076172,0.33893686532974243,16.95896339416504,37.11463547,11422.858783832318,629.4257202148438,405.4359436035156,64.41362500190735,0.045705769,0.029440744
115.8,1650,18.484251022338867,0.3381443917751312,16.95879364013672,37.070655822753906,11429.683873127751,628.673584,404.7296447753906,64.37834501,0.045670614,0.029401984065771103
115.9,1650,18.454526901245117,0.3377264738082886,16.958650588989258,37.03266143798828,11434.459687106128,628.0239868164062,404.3983459472656,64.39218521118164,0.045634527,0.029385067522525787
116,1700,18.459741592407227,0.33734384179115295,16.958593368530273,37.02873992919922,11436.485648710817,627.9553223,404.0117492675781,64.33765292167664,0.045691102743148804,0.029396584257483482
116.1,1700,18.957551956176758,0.366583914,16.90418243408203,41.15896987915039,11583.65229234174,695.7587280273438,444.6799316,63.912951946258545,0.042631902,0.027247308
116.2,1700,19.977935791015625,0.38020971417427063,16.922035217285156,43.38367462158203,11817.24753045952,734.1400756835938,470.5092468261719,64.08984661102295,0.04246024,0.027212703600525856
116.3,1700,20.601728439331055,0.38589972257614136,16.937994,44.39344406,11968.991821513699,751.9359130859375,483.68280029296875,64.32500482,0.042593467980623245,0.027398250997066498
116.4,1700,20.831645965576172,0.3871390223503113,16.94766616821289,44.79008865356445,12064.223673790326,759.0874633789062,489.0969543457031,64.43222165107727,0.04259206,0.027443010360002518
116.5,1700,20.98096275,0.38750746846199036,16.95096206665039,44.99476242,12113.863230162093,762.7045288085938,491.5767822265625,64.45180177688599,0.042680948972702026,0.027508639
116.6,1700,21.09721565246582,0.38899633288383484,16.95250701904297,45.124427795410156,12137.131480789954,764.972168,494.4133301,64.63154554367065,0.042671211,0.027579063549637794
116.7,1700,21.25615882873535,0.39086663722991943,16.952512741088867,45.28904724121094,12143.083471557244,767.7631225585938,497.03411865234375,64.73795175552368,0.042765994,0.027685828506946564
116.8,1700,21.19268798828125,0.39013200998306274,16.954307556152344,45.2765007,12153.069900249639,767.6317138671875,496.5079345703125,64.68048691749573,0.042683482,0.027607884258031845
116.9,1700,21.17085838317871,0.3897639513015747,16.95528221130371,45.239662170410156,12161.209882922567,767.0512695,496.37176513671875,64.71168398857117,0.042651214,0.027600318
117,1700,21.287092208862305,0.3903537392616272,16.954879760742188,45.248287200927734,12162.886138841754,767.1792602539062,497.1914063,64.80771899223328,0.042814683,0.027747219428420067
117.1,1700,21.351369857788086,0.39026463,16.95441436767578,45.28386688232422,12157.518156569256,767.7614135742188,496.8585205078125,64.71521854400635,0.042972736060619354,0.027809901162981987
117.2,1700,21.280813217163086,0.3896523118019104,16.955068588256836,45.31217956542969,12151.605799112991,768.2711181640625,495.83770751953125,64.53942060470581,0.042918909,0.027699613943696022
117.3,1700,21.20851707458496,0.3896341323852539,16.955059051513672,45.29624938964844,12155.592443927744,768.0006103515625,495.97723388671875,64.58032131195068,0.042761069,0.027615236
117.4,1700,21.25895881652832,0.38956546783447266,16.955459594726562,45.25556945800781,12161.180740782109,767.3289794921875,496.1177978515625,64.65516090393066,0.042850625,0.027705142
117.5,1700,21.196491241455078,0.3885250985622406,16.95473861694336,45.24070358276367,12163.714941316399,767.0443115234375,494.8959961,64.51987028121948,0.042830195277929306,0.027633986
117.6,1700,21.147014617919922,0.38810083270072937,16.954988479614258,45.26247787475586,12164.037836232683,767.4248047,494.3686828613281,64.41916823387146,0.042775798588991165,0.027555814012885094
117.7,1700,21.078123092651367,0.38845327496528625,16.955585479736328,45.215904235839844,12167.23764325505,766.6621094,494.9477844238281,64.55879211425781,0.042586558,0.027493366971611977
117.8,1700,20.990812301635742,0.38761985301971436,16.95601463317871,45.14393615722656,12174.392621580475,765.4612426757812,494.17633056640625,64.55928683280945,0.042476363480091095,0.027422435581684113
117.9,1700,20.967573165893555,0.38649803400039673,16.95568084716797,45.100242614746094,12178.259200776538,764.7053223,492.9026184082031,64.45654034614563,0.042538978,0.027419153600931168
118,1700,21.02369499206543,0.3872300386428833,16.955284118652344,45.08830261230469,12178.959777833166,764.4849853515625,493.86456298828125,64.60095047950745,0.042569760233163834,0.027500467374920845
118.1,1700,21.114748001098633,0.3878025412559509,16.954456329345703,45.110992431640625,12174.860061513433,764.8323364257812,494.4282227,64.64530825614929,0.042705386877059937,0.027607027
118.2,1700,21.14993667602539,0.38811060786247253,16.952856063842773,45.19449996948242,12164.448157570341,766.1758422851562,494.3978271484375,64.52798247337341,0.042779188603162766,0.027604546397924423
118.3,1700,21.29877281188965,0.38950520753860474,16.951580047607422,45.341312408447266,12147.980516839927,768.6068725585938,495.5026550292969,64.46762681007385,0.042984176,0.027710879
118.4,1700,21.497854232788086,0.39200377464294434,16.95062828063965,45.540035247802734,12123.189880794502,771.9321899414062,497.6634826660156,64.4698441,0.043197572231292725,0.027849407866597176
118.5,1700,21.564828872680664,0.3938584625720978,16.95242691040039,45.683406829833984,12108.960356451318,774.4446411132812,499.4311828613281,64.48894739151001,0.043178778141736984,0.027845541015267372
118.6,1700,21.612037658691406,0.3946053087711334,16.953502655029297,45.72883224487305,12106.70009203734,775.2638549804688,500.2848205566406,64.53090906143188,0.043199468,0.027877009
118.7,1700,21.685686111450195,0.39478152990341187,16.953805923461914,45.763458251953125,12101.72261444699,775.8648071289062,500.3024597167969,64.48320150375366,0.043345153,0.027950342744588852
118.8,1700,21.7286377,0.3953400254249573,16.953388214111328,45.877464294433594,12090.692897126173,777.7784423828125,500.5536193847656,64.35683369636536,0.043409213,0.027936795726418495
118.9,1700,21.743934631347656,0.3959502577781677,16.953502655029297,45.951595306396484,12082.275481276076,779.0404663085938,500.97723388671875,64.30695652961731,0.043403041,0.027911173179745674
119,1700,21.76736068725586,0.39658138155937195,16.953840255737305,45.99909591674805,12074.581956194974,779.8613281,501.45623779296875,64.30069208145142,0.043408297,0.027911834
119.1,1700,21.860002517700195,0.3983892798423767,16.953144073486328,46.11457061767578,12063.420516399283,781.7869873046875,503.2765808105469,64.37515616416931,0.043435364961624146,0.027961586
119.2,1700,21.902524948120117,0.40024441480636597,16.95291519165039,46.238853454589844,12048.301573929299,783.8833618164062,504.9864501953125,64.42112326622009,0.043372501,0.027941051870584488
119.3,1700,21.891271591186523,0.4010545611381531,16.953815460205078,46.28412628173828,12042.989544566482,784.6925659179688,505.7855224609375,64.45652246,0.04328173,0.027897896245121956
119.4,1700,21.89605712890625,0.4005342721939087,16.954967498779297,46.261722564697266,12046.008670318006,784.3660278320312,505.2559814453125,64.41584825515747,0.043336563,0.027915612
119.5,1700,21.88115692138672,0.39991167187690735,16.954986572265625,46.23008728027344,12050.43944135335,783.8305053710938,504.6561584472656,64.38332796096802,0.043358546,0.027915673330426216
119.6,1700,21.82760238647461,0.3988664746284485,16.955394744873047,46.16865539550781,12058.110818407704,782.8078002929688,503.6576232910156,64.33988809585571,0.043338176,0.027883732691407204
119.7,1700,21.73301887512207,0.3976730704307556,16.955812454223633,46.09461594,12066.432648037096,781.5716552734375,502.49725341796875,64.29317593574524,0.043250024,0.027806815
119.8,1700,21.619524002075195,0.3961019814014435,16.95625114440918,45.98135757446289,12080.946599671159,779.6714477539062,501.11407470703125,64.27246928215027,0.043142918,0.027729017660021782
119.9,1700,21.601369857788086,0.39535123109817505,16.95597267150879,45.883506774902344,12088.696077661942,777.9995117,500.4851379394531,64.32974934577942,0.043160863,0.027765276
120,1700,21.64954948425293,0.39545005559921265,16.955663681030273,45.80788040161133,12091.679067159295,776.7030029296875,500.7337646484375,64.46914076805115,0.043235648423433304,0.027873652055859566
120.1,1700,21.701602935791016,0.3960926830768585,16.95444679260254,45.85596466064453,12089.347695922599,777.4625244140625,501.4507751464844,64.49838876724243,0.043277632,0.027913374826312065
120.2,1700,21.701446533203125,0.3961656391620636,16.954524993896484,45.886470794677734,12086.686435655907,777.9833374023438,501.4327392578125,64.45289254188538,0.043278880417346954,0.027894487604498863
120.3,1700,21.62057113647461,0.3953056335449219,16.955223083496094,45.860469818115234,12088.530550304136,777.5745239257812,500.4205627441406,64.35660719871521,0.043204803,0.027805144
120.4,1700,21.60593605041504,0.3947106897830963,16.955242156982422,45.820369720458984,12089.475921340616,776.8954467773438,499.70648193359375,64.32093977928162,0.043237254,0.027810608968138695
120.5,1700,21.679574966430664,0.3950504958629608,16.95440673828125,45.86526870727539,12083.234840539977,777.6184082,499.87847900390625,64.28326368331909,0.043369692,0.02787945
120.6,1700,21.693103790283203,0.39628663659095764,16.95418357849121,45.93810272216797,12078.017231712247,778.8430176,501.2261047363281,64.35521841049194,0.043280076,0.027852986
120.7,1700,21.67956543,0.3967212438583374,16.954809188842773,45.930259704589844,12076.535645291326,778.7387695,501.7142639160156,64.42651152610779,0.04321098,0.027839329093694687
120.8,1700,21.655902862548828,0.39707180857658386,16.954965591430664,45.93273926,12076.244223886739,778.7880249023438,502.1454772949219,64.47781324386597,0.043126750737428665,0.027807185426354408
120.9,1700,21.61968994140625,0.3961701989173889,16.95532799,45.895835876464844,12079.755268969206,778.1789551,501.15093994140625,64.40047622,0.043140076,0.027782414108514786
121,1750,21.543087005615234,0.3946354389190674,16.955760955810547,45.826847076416016,12083.954068566498,777.0290527,499.3830261230469,64.26825523376465,0.043139406,0.027724944055080414
121.1,1750,21.96626853942871,0.42329421639442444,16.898754119873047,50.04071044921875,12232.235107648563,845.6256713867188,542.2215576171875,64.12075161933899,0.040511611849069595,0.025976350530982018
121.2,1750,22.69366455078125,0.4348072111606598,16.91728973388672,52.279048919677734,12472.922377068377,884.4197998046875,567.9284057617188,64.21479583,0.039958674,0.025659380480647087
121.3,1750,23.035707473754883,0.4374935030937195,16.93451690673828,53.17560958862305,12637.71768430559,900.5032348632812,578.9870605,64.29594755,0.03978622,0.025580926
121.4,1750,23.35773468017578,0.4387666881084442,16.942106246948242,53.60799789428711,12734.30872601321,908.2324219,585.1101684570312,64.42295908927917,0.039920233,0.025717795
121.5,1750,23.473360061645508,0.4400378167629242,16.945138931274414,53.92034912109375,12781.233400579844,913.6878051757812,588.9675903320312,64.46048021316528,0.039855096489191055,0.025690788
121.6,1750,23.61415672302246,0.44090789556503296,16.946870803833008,54.12357711791992,12804.269679769654,917.2252807617188,591.1957397460938,64.45480585098267,0.039943043142557144,0.025745209
121.7,1750,23.650876998901367,0.44154414534568787,16.948457717895508,54.19823455810547,12819.469054547304,918.5764770507812,592.7516479492188,64.52937722206116,0.039900143,0.025747314
121.8,1750,23.50692367553711,0.43999236822128296,16.95013427734375,54.16697311401367,12833.461944709963,918.1374512,591.3132324,64.40355777740479,0.039753761142492294,0.025602836161851883
121.9,1750,23.619470596313477,0.43960678577423096,16.950164794921875,54.14500427246094,12840.921166981778,917.7667236328125,591.1384277,64.41053152,0.039955907,0.02573581
122,1750,23.591007232666016,0.43948692083358765,16.950111389160156,54.13079833984375,12843.46119594416,917.5230712890625,591.0941162109375,64.42281007766724,0.039910745,0.025711623951792717
122.1,1750,23.827852249145508,0.44046405,16.948808670043945,54.213279724121094,12833.150706649865,918.8505249023438,591.9327392578125,64.42101001739502,0.040254320949316025,0.025932241
122.2,1750,23.84451675415039,0.4424537420272827,16.94885254,54.35066223144531,12821.970615884282,921.1813354492188,594.0886840820312,64.49204087257385,0.040136292576789856,0.025884713977575302
122.3,1750,23.839214324951172,0.4427184462547302,16.948925018310547,54.40989685058594,12815.054603110617,922.1892700195312,594.1234741210938,64.42532539367676,0.04012502,0.025850674137473106
122.4,1750,23.92936134338379,0.4430167078971863,16.949119567871094,54.45063781738281,12810.849975085233,922.8903809,594.3286743164062,64.39861655,0.040262844413518906,0.025928715243935585
122.5,1750,23.78795051574707,0.44287487864494324,16.950416564941406,54.42874526977539,12817.557330133212,922.5899047851562,594.4494629,64.43268656730652,0.040016774,0.025783883407711983
122.6,1750,23.728872299194336,0.44124096632003784,16.951284408569336,54.319847106933594,12826.618204444638,920.7911987304688,592.6749877929688,64.36584592,0.040036906,0.025770090520381927
122.7,1750,23.882131576538086,0.4417640268802643,16.949966430664062,54.35220718383789,12822.64904491416,921.2680664,593.1939697265625,64.38885331,0.04026024,0.025923107
122.8,1750,23.82663345336914,0.44219911098480225,16.949840545654297,54.371116638183594,12818.090048460797,921.5817871,593.5670776367188,64.40742611885071,0.040141433,0.025854064151644707
122.9,1750,23.84980010986328,0.44163790345191956,16.950572967529297,54.348636627197266,12818.681051069301,921.2405395507812,592.8410645,64.35247659683228,0.040229666978120804,0.025888788
123,1750,23.835567474365234,0.44164273142814636,16.95024299621582,54.32715606689453,12817.66573889572,920.8585205078125,592.8005981445312,64.37478065490723,0.040208407,0.025884071364998817
123.1,1750,23.870098114013672,0.44198885560035706,16.94971466064453,54.36183547973633,12813.806153813366,921.4176025390625,593.0865478515625,64.36675190925598,0.040247243,0.025905842
123.2,1750,23.922462463378906,0.4425518810749054,16.94924545288086,54.43238830566406,12804.128631809834,922.5878906,593.3935547,64.31837677955627,0.040314663,0.025929737836122513
123.3,1750,23.82500457763672,0.4433182179927826,16.950298309326172,54.44054412841797,12804.818717695896,922.7834473,594.453125,64.41957354545593,0.04007886,0.025818629190325737
123.4,1750,23.740022659301758,0.44252461194992065,16.95086669921875,54.395503997802734,12808.831007594254,922.0509643554688,593.5749512,64.37550187110901,0.039994989,0.025746975
123.5,1750,23.780624389648438,0.44163522124290466,16.950862884521484,54.35950469970703,12813.517063780015,921.4404907226562,592.5986938476562,64.31220173835754,0.040129393339157104,0.025808095932006836
123.6,1750,23.61821937561035,0.44110262393951416,16.95102882385254,54.30936050415039,12817.846420166563,920.5995483398438,592.0839844,64.31504487991333,0.03988998,0.025655258
123.7,1750,23.672088623046875,0.4406324326992035,16.950828552246094,54.278194427490234,12818.65307461446,920.0603637695312,591.4901123046875,64.28818106651306,0.040021106600761414,0.025728842243552208
123.8,1750,23.73749351501465,0.4415816366672516,16.949716567993164,54.32807159423828,12812.19983903128,920.8453979492188,592.4658813476562,64.33933973312378,0.04006559,0.025777936
123.9,1750,23.595911026000977,0.44114407896995544,16.950607299804688,54.307533264160156,12815.06043153871,920.5456543,592.0109252929688,64.31087255477905,0.03985722,0.025632526725530624
124,1750,23.655929565429688,0.44071391224861145,16.950944900512695,54.26382827758789,12817.86973387893,919.8231811523438,591.5632934570312,64.31272029876709,0.039988838136196136,0.02571791
124.1,1750,23.619966506958008,0.4406687617301941,16.950761795043945,54.23471450805664,12820.686030332861,919.3197021484375,591.6326904296875,64.35548663139343,0.039923362,0.025692874565720558
124.2,1750,23.605459213256836,0.4404737949371338,16.950302124023438,54.24195861816406,12818.982963644454,919.4176025390625,591.2923583984375,64.31162357330322,0.039921805,0.025674362
124.3,1750,23.76453399658203,0.4407768249511719,16.95007896,54.26816177368164,12816.390478829246,919.8496094,591.5794677734375,64.31263089179993,0.040171329,0.025835238
124.4,1750,23.85272979736328,0.44219470024108887,16.949377059936523,54.33333969116211,12808.68529689196,920.9162598,593.1256713867188,64.40603733062744,0.040215306,0.025901084765791893
124.5,1750,23.874921798706055,0.4436193108558655,16.948522567749023,54.49195861816406,12792.528894221645,923.5581665039062,594.2859497070312,64.34742808,0.040174130350351334,0.025851020589470863
124.6,1750,23.978517532348633,0.44441789388656616,16.949039459228516,54.566078186035156,12786.25517422369,924.8425903320312,595.0637817382812,64.34217095375061,0.040295709,0.025927133858203888
124.7,1750,24.01061248779297,0.44543641805648804,16.94909668,54.63000488,12779.67604459373,925.9292602539062,596.1206665039062,64.38080072402954,0.040278106927871704,0.02593137
124.8,1750,23.96487808227539,0.44517338275909424,16.949228286743164,54.66070556640625,12771.332066937588,926.4567871,595.3796997070312,64.26416039466858,0.040251423,0.025867238640785217
124.9,1750,24.03858184814453,0.4452623128890991,16.949478149414062,54.69279479980469,12769.076465266084,927.0143432617188,595.3934326171875,64.22699093818665,0.040374279,0.025931186974048615
125,1750,24.091190338134766,0.44584187865257263,16.949613571166992,54.710960388183594,12770.334240048282,927.3296508789062,596.2271118164062,64.29505944252014,0.040406059473752975,0.025979102
125.1,1750,23.92237663269043,0.44520092010498047,16.951017379760742,54.64399337768555,12777.483389945615,926.2713012695312,595.7033081054688,64.31196928024292,0.040158208,0.025826534256339073
125.2,1750,23.81807518005371,0.44351527094841003,16.951749801635742,54.52192306518555,12786.061670411045,924.2420043945312,593.8461914,64.25224542617798,0.040108155,0.025770388543605804
125.3,1750,23.725244522094727,0.44198116660118103,16.952476501464844,54.363651275634766,12801.726153750416,921.5985107421875,592.5171508789062,64.29232954978943,0.040041450411081314,0.025743579491972923
125.4,1750,23.518692016601562,0.4408447742462158,16.95176124572754,54.27482986450195,12812.191679231953,920.0539551,591.4768676757812,64.28719162940979,0.039762661,0.025562296
125.5,1750,23.470617294311523,0.4392549991607666,16.95244598388672,54.123783111572266,12827.525107855714,917.5305176,590.0491943359375,64.30839896202087,0.039777391,0.025580203160643578
125.6,1750,23.374086380004883,0.43865129351615906,16.952333450317383,53.98663330078125,12840.648396547085,915.1994018554688,589.8410645,64.44945335388184,0.039627772,0.025539884343743324
125.7,1750,23.442054748535156,0.4377748668193817,16.95142936706543,53.935306549072266,12841.575116613672,914.2805176,588.7050170898438,64.38997387886047,0.039819695,0.025639891624450684
125.8,1750,23.61097526550293,0.4384216070175171,16.949939727783203,53.982181549072266,12834.231297218073,914.9947509765625,589.2375488,64.39791917800903,0.040070385,0.025804493576288223
125.9,1750,23.59791374206543,0.43986594676971436,16.94891357421875,54.107337951660156,12822.661867455961,917.0606079101562,590.6458129882812,64.40641283988953,0.039952728897333145,0.025732120499014854
126,1800,23.64458465576172,0.43910491466522217,16.950336456298828,54.09254455566406,12822.72714585059,916.8868408203125,589.6269531,64.30749297142029,0.040100925,0.025787899270653725
126.1,1800,23.875883102416992,0.46563589572906494,16.89203643798828,58.37324142456055,12957.304384803345,986.0429077148438,631.8146973,64.07577991485596,0.037789374589920044,0.024213837
126.2,1800,24.73761558532715,0.4756692349910736,16.910070419311523,60.72325134277344,13180.195131887827,1026.834473,656.5314331054688,63.93741965293884,0.037679255,0.024091143161058426
126.3,1800,24.90644073486328,0.48131459951400757,16.92644500732422,61.84767532348633,13326.255539866937,1046.861328,671.6852416992188,64.16181921958923,0.037080526,0.023791538551449776
126.4,1800,25.430160522460938,0.48268139362335205,16.933561325073242,62.48442840576172,13407.57493428857,1058.0838623046875,677.7030029296875,64.05002474784851,0.037524048,0.024034163
126.5,1800,25.632234573364258,0.48801955580711365,16.937204360961914,62.90711212158203,13438.477260030999,1065.4705810546875,686.7772827148438,64.45764303207397,0.037322488,0.024057194590568542
126.6,1800,25.91069793701172,0.4878768026828766,16.939485549926758,63.21611404418945,13447.345796215397,1070.8485107421875,687.0294799804688,64.15748596191406,0.037714101,0.02419642
126.7,1800,25.926137924194336,0.48960059881210327,16.941131591796875,63.380374908447266,13449.61655179994,1073.7352294921875,689.5733642578125,64.22191262245178,0.037597362,0.024145744740962982
126.8,1800,26.179988861083984,0.4926646947860718,16.94084930419922,63.575096130371094,13438.08092692076,1077.016113,693.2937622070312,64.37171697616577,0.037761752,0.024307889863848686
126.9,1800,26.46795654296875,0.49374669790267944,16.939062118530273,63.868690490722656,13413.35090652749,1081.875732421875,693.5377807617188,64.10512328147888,0.038163684,0.024464877
127,1800,26.517805099487305,0.4988533854484558,16.93844985961914,64.19255828857422,13386.136810081518,1087.3223876953125,699.2891845703125,64.31295275688171,0.037921086,0.02438817
127.1,1800,26.540733337402344,0.5010715126991272,16.940401077270508,64.35722351074219,13371.277815504425,1090.2371826171875,701.6188354492188,64.35469985,0.037827853,0.024343999102711678
127.2,1800,26.524595260620117,0.49794861674308777,16.94352912902832,64.33440399169922,13376.129399047992,1090.0518798828125,697.4990234,63.987696170806885,0.038028147,0.024333334
127.3,1800,26.553071975708008,0.4983624815940857,16.94327163696289,64.28750610351562,13376.352045001096,1089.240723,698.0903930664062,64.08963203430176,0.038036726,0.024377599358558655
127.4,1800,26.57110595703125,0.5019547939300537,16.94095802307129,64.43038940429688,13359.610468150371,1091.5125732421875,702.2423706054688,64.33662772,0.037837517,0.024343382567167282
127.5,1800,26.68369483947754,0.5029487609863281,16.940690994262695,64.62149047851562,13340.348678992776,1094.732666015625,702.6184082,64.18173313140869,0.037977505,0.024374620988965034
127.6,1800,26.803647994995117,0.5016574263572693,16.942214965820312,64.69310760498047,13333.03866448011,1096.0445556640625,700.4304199,63.90528678894043,0.038267396,0.024454889819025993
127.7,1800,26.718557357788086,0.5012646317481995,16.942546844482422,64.68368530273438,13334.263800064993,1095.9063720703125,699.9462891,63.86917233467102,0.038172297179698944,0.024380328133702278
127.8,1800,26.51902198791504,0.5046141147613525,16.94446373,64.57386779785156,13344.861048021403,1094.1695556640625,705.1834106445312,64.44918513298035,0.037605851888656616,0.024236666038632393
127.9,1800,26.50661849975586,0.5024150609970093,16.945573806762695,64.42558288574219,13359.551018183834,1091.728516,702.8831176757812,64.38259482383728,0.037711274,0.024279498
128,1800,26.484312057495117,0.4972264766693115,16.946819305419922,64.16555786132812,13382.807611955513,1087.402099609375,696.8352051,64.08256888389587,0.038006563,0.024355582892894745
128.1,1800,26.302165985107422,0.49887093901634216,16.94536018371582,64.07279968261719,13390.129283324362,1085.7366943359375,699.5223388671875,64.42835927009583,0.037600178,0.024225179105997086
128.2,1800,26.32332420349121,0.4981823265552521,16.945011138916016,63.993656158447266,13395.84230853989,1084.3731689453125,698.8547973632812,64.44781422615051,0.037666369,0.024275152012705803
128.3,1800,26.40051842,0.49599772691726685,16.94446563720703,63.95383071899414,13398.12238960938,1083.6634521484375,695.9086914,64.21815156936646,0.037936758,0.024362284690141678
128.4,1800,26.227521896362305,0.497752845,16.944074630737305,63.93645095825195,13399.306726197623,1083.343994140625,698.4329223632812,64.47009444236755,0.037551954,0.024209782481193542
128.5,1800,26.37694549560547,0.4952123761177063,16.944374084472656,63.91395568847656,13398.860268605795,1082.981934,694.8450317382812,64.16035294532776,0.037960901856422424,0.024355849251151085
128.6,1800,26.321943283081055,0.4933657646179199,16.944345474243164,63.86763381958008,13400.756839106849,1082.195313,692.3519897460938,63.976627588272095,0.038018152,0.02432273
128.7,1800,26.07725715637207,0.4952029585838318,16.944454193115234,63.82789611816406,13404.047569607448,1081.528809,695.1008301,64.27020431,0.037515789,0.024111476
128.8,1800,26.194114685058594,0.49282658100128174,16.944494247436523,63.80624008178711,13403.091707400401,1081.1644287109375,691.7158813476562,63.978779315948486,0.037868317,0.024227688
128.9,1800,26.037132263183594,0.4912930130958557,16.944944381713867,63.74980545043945,13408.282505458908,1080.2369384765625,689.8304443359375,63.859182596206665,0.037744250148534775,0.024103168
129,1800,26.04701042175293,0.4948452413082123,16.94497299194336,63.71005630493164,13412.111782715185,1079.565185546875,695.0166016,64.37931060791016,0.037476819,0.024127316
129.1,1800,26.34387207,0.4943715035915375,16.94205665588379,63.827430725097656,13395.535733222265,1081.367919921875,693.4931030273438,64.13109302520752,0.037987217,0.024361617863178253
129.2,1800,26.352643966674805,0.4960172176361084,16.942094802856445,63.99351119995117,13380.39580841115,1084.184082,695.0152587890625,64.10490870475769,0.037916642,0.024306428
129.3,1800,26.09252357,0.4971531629562378,16.944664001464844,63.90264129638672,13388.978751619052,1082.808837890625,697.0537719726562,64.37459588050842,0.037432584911584854,0.024097073823213577
129.4,1800,26.043596267700195,0.4914838373661041,16.94699478149414,63.68596267700195,13409.830535960076,1079.285645,690.1780395507812,63.94767165184021,0.037734605,0.024130400270223618
129.5,1800,25.786901473999023,0.4895798861980438,16.947168350219727,63.47789383,13430.967913277595,1075.770508,688.5880737304688,64.00882601737976,0.03744895,0.023970634
129.6,1800,25.820404052734375,0.4910469949245453,16.945919036865234,63.37833786010742,13440.971827254265,1074.004150390625,691.1659545898438,64.35412168502808,0.037357748,0.024041250348091125
129.7,1800,25.951047897338867,0.4893702566623688,16.94428253173828,63.391117095947266,13436.54105621892,1074.116943359375,688.5788574,64.10650015,0.037687838077545166,0.024160355
129.8,1800,25.930301666259766,0.49258315563201904,16.94375991821289,63.45429229736328,13426.109335620318,1075.154297,692.5615234,64.41507935523987,0.037441153079271317,0.024117749
129.9,1800,26.187814712524414,0.4915343225002289,16.943084716796875,63.56165313720703,13414.964215423284,1076.930419921875,690.5131836,64.11864161491394,0.037925147,0.024317089468240738
130,1800,26.22464942932129,0.49371394515037537,16.94218635559082,63.691986083984375,13402.64059,1079.081543,692.9379883,64.21554089,0.037845593,0.024302750825881958
130.1,1800,26.118743896484375,0.49588149785995483,16.94255828857422,63.77967071533203,13395.478614626965,1080.59082,695.6082763671875,64.37296271324158,0.037548061,0.024170799180865288
130.2,1800,26.214162826538086,0.49259239435195923,16.944351196289062,63.755191802978516,13397.09075783714,1080.2904052734375,691.0775756835938,63.971465826034546,0.037932299077510834,0.024265849962830544
130.3,1800,26.05596160888672,0.4918852150440216,16.94549560546875,63.674217224121094,13407.54695783373,1078.991211,690.6240844726562,64.00645971298218,0.037728138,0.024148447439074516
130.4,1800,25.98604965209961,0.48636388778686523,16.946231842041016,63.51060485839844,13420.60147107362,1076.265380859375,683.5368041992188,63.51006031036377,0.038017045706510544,0.024144647642970085
130.5,1800,25.98326873779297,0.4839796721935272,16.94588279724121,63.401222229003906,13430.62636739142,1074.389648,680.6941528320312,63.35635185241699,0.038171723,0.024184212
130.6,1800,25.800861358642578,0.4876136779785156,16.944658279418945,63.370487213134766,13432.148752808982,1073.791259765625,685.8829345703125,63.87488246,0.037617005,0.024027819
130.7,1800,25.941743850708008,0.49044209718704224,16.943679809570312,63.43046951293945,13422.578473882339,1074.745605,689.369873,64.1426146,0.037631094455718994,0.024137568
130.8,1800,25.950382232666016,0.49085402488708496,16.943111419677734,63.51715850830078,13414.980535021941,1076.1783447265625,689.5583496,64.07473087310791,0.037633337,0.024113459512591362
130.9,1800,25.92376136779785,0.49333810806274414,16.94373321533203,63.55690002441406,13408.390914221414,1076.891113,692.7075805664062,64.32475447654724,0.037423815578222275,0.024072777
131,1850,26.04749298095703,0.48993027210235596,16.94449234008789,63.538936614990234,13408.699820910277,1076.635009765625,687.9384155273438,63.897085189819336,0.037863117,0.024193428456783295
131.1,1850,26.348018646240234,0.517320454,16.88188934326172,68.07312774658203,13526.366458597646,1149.2030029296875,732.7729492,63.76357674598694,0.035956595093011856,0.022927209734916687
131.2,1850,27.230558395385742,0.5301032662391663,16.898862838745117,70.82105255126953,13721.29940181165,1196.7952880859375,761.7006836,63.645029067993164,0.035749685019254684,0.022752895951271057
131.3,1850,27.81759262084961,0.5354215502738953,16.91628074645996,72.14582824707031,13844.645259831614,1220.4390869140625,776.2583618164062,63.604843616485596,0.035835482,0.022793101146817207
131.4,1850,27.926387786865234,0.5390855669975281,16.92761803,72.78948974609375,13917.452817868065,1232.1527099609375,785.6806641,63.76488208770752,0.035544194,0.022664714604616165
131.5,1850,28.140949249267578,0.539270818,16.933725357055664,73.04719543457031,13962.477424876788,1236.961181640625,788.4933471679688,63.74439001083374,0.035689521580934525,0.022750066593289375
131.6,1850,28.46571922302246,0.5409783720970154,16.932918548583984,73.39391326904297,13964.034780862903,1242.773193359375,791.0782470703125,63.65427374839783,0.035983443,0.022904999554157257
131.7,1850,28.454374313354492,0.5448607206344604,16.934001922607422,73.68785858154297,13957.490621801493,1247.830322265625,796.3820801,63.82133960723877,0.035729553550481796,0.022803079336881638
131.8,1850,28.460247039794922,0.5447589159011841,16.937397003173828,73.72873688,13962.788662936888,1248.7728271484375,796.5354614257812,63.785457611083984,0.035730041563510895,0.022790572
131.9,1850,28.46442222595215,0.5429038405418396,16.939481735229492,73.66795349121094,13975.93993,1247.896973,794.5707397460938,63.672780990600586,0.035823647,0.022809913381934166
132,1850,28.579072952270508,0.5442160964012146,16.93751335144043,73.74246978759766,13969.717498252354,1249.0140380859375,796.1366577148438,63.741207122802734,0.035897195,0.022881307
132.1,1850,28.660083770751953,0.5474432110786438,16.936256408691406,73.90293121,13952.580753977007,1251.6390380859375,799.8751831054688,63.90622258,0.035830695,0.022898043
132.2,1850,28.66100502,0.5472668409347534,16.93793487548828,73.94474029541016,13949.389106753968,1252.471191,799.4346313476562,63.82858157157898,0.035851594,0.022883564233779907
132.3,1850,28.73549461364746,0.5467196702957153,16.93752098083496,73.98259735107422,13946.368815316826,1253.081787109375,798.4624023,63.719892501831055,0.035988539,0.022931858897209167
132.4,1850,28.64396858215332,0.5473939776420593,16.9382267,73.99429321289062,13946.441087825164,1253.3321533203125,799.4513549804688,63.78607153892517,0.035829533,0.022854252
132.5,1850,28.623371124267578,0.5479768514633179,16.938154220581055,73.97816467285156,13944.101556789137,1253.0535888671875,800.1683349609375,63.85747194290161,0.035771687,0.022842895
132.6,1850,28.61573600769043,0.5466968417167664,16.939136505126953,73.93907928466797,13946.541336788341,1252.464111328125,798.4389038085938,63.74944448471069,0.035839606,0.022847548127174377
132.7,1850,28.54343605041504,0.5444053411483765,16.93971824645996,73.83892059326172,13956.096461801948,1250.810547,795.6369629,63.609713315963745,0.035874947905540466,0.022819953
132.8,1850,28.538795471191406,0.5457017421722412,16.938119888305664,73.86490631103516,13948.177959396504,1251.1326904296875,797.0791016,63.708603382110596,0.03580422,0.022810368
132.9,1850,28.47132110595703,0.547942042,16.938053131103516,73.93302917480469,13941.217650569342,1252.2816162109375,799.9520263671875,63.87956738471985,0.035591285675764084,0.022735558450222015
133,1850,28.487722396850586,0.5466215014457703,16.938692092895508,73.94519043,13940.969359532635,1252.5347900390625,798.0099487304688,63.71159553527832,0.035698454827070236,0.022744055837392807
133.1,1850,28.50463104248047,0.5451725125312805,16.939401626586914,73.88241577148438,13946.783799396959,1251.523926,796.2265014648438,63.620561361312866,0.035799652338027954,0.022775938734412193
133.2,1850,28.502365112304688,0.5464789867401123,16.938404083251953,73.90527344,13939.669620068176,1251.837402,797.7274780273438,63.72452974319458,0.035729449,0.022768424823880196
133.3,1850,28.524229049682617,0.5475881099700928,16.938077926635742,73.94178009033203,13934.278324083312,1252.431641,799.0374145507812,63.79888653755188,0.035698238760232925,0.022775078
133.4,1850,28.579275131225586,0.5476081371307373,16.938840866088867,73.93908691,13933.373752043473,1252.442383,799.0147705078125,63.796526193618774,0.035768144,0.022818833589553833
133.5,1850,28.66483497619629,0.5464311838150024,16.937850952148438,73.97822570800781,13931.899159736262,1253.0321044921875,797.2130737304688,63.62271308898926,0.035956304520368576,0.022876376286149025
133.6,1850,28.598981857299805,0.5465332269668579,16.938865661621094,73.94910430908203,13933.161597260934,1252.6138916015625,797.4342041015625,63.66161108016968,0.03586375,0.022831441834568977
133.7,1850,28.553245544433594,0.5476566553115845,16.93907356262207,73.92997741699219,13934.01837619042,1252.3052978515625,799.1224975585938,63.81211280822754,0.035730749,0.022800546139478683
133.8,1850,28.528764724731445,0.5469583868980408,16.939590454101562,73.88436889648438,13936.946578463712,1251.5709228515625,798.2713623046875,63.78154754638672,0.035738181322813034,0.022794364020228386
133.9,1850,28.605093002319336,0.5455144643783569,16.93981361,73.81542969,13942.626964481926,1250.419677734375,796.4884643554688,63.69769573,0.035914008,0.022876394912600517
134,1850,28.51077651977539,0.5453675389289856,16.939634323120117,73.76669311523438,13947.21393739013,1249.580810546875,796.5359497070312,63.74425292015076,0.035793461,0.022816272
134.1,1850,28.329853057861328,0.5454803705215454,16.94044303894043,73.65707397460938,13952.784748960219,1247.783447265625,797.0189208984375,63.874781131744385,0.035544768,0.022704141214489937
134.2,1850,28.31745719909668,0.54386729,16.94009017944336,73.55380249023438,13961.28959123169,1246.008056640625,795.1464233398438,63.815510272979736,0.035612884908914566,0.022726545110344887
134.3,1850,28.56391716003418,0.5435892939567566,16.937240600585938,73.66199493408203,13944.243770434576,1247.6309814453125,793.7696533203125,63.62215280532837,0.035985146,0.022894524037837982
134.4,1850,28.584383010864258,0.5463736057281494,16.935504913330078,73.90471649169922,13920.687595458983,1251.6136474609375,796.4876098632812,63.63685727119446,0.035888046,0.022838024
134.5,1850,28.52008819580078,0.5467956066131592,16.937824249267578,73.93520355,13917.092621011994,1252.301513671875,796.8969116210938,63.63459229469299,0.035788931,0.022774139419198036
134.6,1850,28.597736358642578,0.5462599992752075,16.938026428222656,73.97808074951172,13912.722465628805,1253.042724609375,795.8663330078125,63.51470351219177,0.035932838916778564,0.022822635248303413
134.7,1850,28.61297035217285,0.5465035438537598,16.93796157836914,74.01760864257812,13909.406090044602,1253.7073974609375,796.0313720703125,63.49419355392456,0.035944525,0.022822685539722443
134.8,1850,28.52290916442871,0.5450791120529175,16.940366744995117,73.89945220947266,13919.82032535893,1251.883789,794.5510254,63.46843242645264,0.035898145,0.022783991
134.9,1850,28.27326774597168,0.5434113144874573,16.942806243896484,73.63211822509766,13944.254261605141,1247.534668,793.5103149414062,63.606274127960205,0.035630625,0.022663312032818794
135,1850,28.200300216674805,0.5425153374671936,16.94234848022461,73.42146301269531,13961.900410495706,1243.9320068359375,793.2045288085938,63.765907287597656,0.035552371,0.022670291364192963
135.1,1850,28.306486129760742,0.5423276424407959,16.939512252807617,73.40303802490234,13960.343054509593,1243.411621,792.8416137695312,63.76340389251709,0.035702571,0.022765176370739937
135.2,1850,28.448768615722656,0.542044997,16.93767547607422,73.48723602294922,13947.204611905183,1244.7030029296875,791.6826782226562,63.604146242141724,0.035934560000896454,0.02285587
135.3,1850,28.54640769958496,0.5438798666000366,16.936779022216797,73.64367676,13928.870708499791,1247.286621,793.3183594,63.60353231430054,0.035983548,0.022886805
135.4,1850,28.513587951660156,0.5455645322799683,16.937471389770508,73.76416016,13919.783023419144,1249.3782958984375,795.2564697265625,63.65217566490173,0.035854581743478775,0.022822219878435135
135.5,1850,28.51768684387207,0.5453186631202698,16.938722610473633,73.77865600585938,13921.801990910124,1249.7161865234375,795.0133666992188,63.61551284790039,0.035870701,0.022819330915808678
135.6,1850,28.613933563232422,0.5453324913978577,16.938060760498047,73.81801605,13916.047001012335,1250.333984,794.7048950195312,63.559406995773315,0.036005735,0.022885032
135.7,1850,28.581682205200195,0.5445365905761719,16.938892364501953,73.81741333007812,13912.130297334685,1250.385254,793.3216552734375,63.44618201255798,0.03602786,0.022858301177620888
135.8,1850,28.628658294677734,0.5449483394622803,16.93741798400879,73.90196990966797,13902.653273257509,1251.708496,793.3807373046875,63.38382363319397,0.036084387451410294,0.022871664
135.9,1850,28.578292846679688,0.5460914969444275,16.93848419189453,73.94116211,13901.241627973688,1252.451172,794.9642944335938,63.472676277160645,0.035949152,0.022817889228463173
136,1900,28.517868041992188,0.5463321805000305,16.93982506,73.85060883,13908.113344693855,1251.016357421875,795.7078247070312,63.60490918159485,0.035839625,0.022795759
136.1,1900,28.955347061157227,0.570147693,16.87029457092285,78.68532562,14028.92383649391,1327.444580078125,837.6071166992188,63.09921145439148,0.034569129,0.021812847
136.2,1900,29.796218872070312,0.5857986807823181,16.885679244995117,81.79956817626953,14229.849569471844,1381.241211,872.9257813,63.198643922805786,0.034133736,0.021572059020400047
136.3,1900,30.283069610595703,0.5926358699798584,16.906034469604492,83.28767395019531,14364.347541802552,1408.0643310546875,891.4612426757812,63.31111788749695,0.033970147371292114,0.021506879
136.4,1900,30.462608337402344,0.5943752527236938,16.919204711914062,83.92598724365234,14449.880889734517,1419.960938,899.4014892578125,63.339877128601074,0.033869866,0.021453131
136.5,1900,30.604963302612305,0.5931267142295837,16.92647933959961,84.13584137,14506.444618679276,1424.123535,901.0255126953125,63.26877474784851,0.03396681,0.021490384
136.6,1900,30.54899024963379,0.5944955348968506,16.92953109741211,84.21635437011719,14536.444703753103,1425.743408203125,904.9725952148438,63.47373127937317,0.033756814897060394,0.021426709
136.7,1900,30.533201217651367,0.5948830842971802,16.930639266967773,84.25471496582031,14551.994949901877,1426.4862060546875,906.53125,63.54994773864746,0.033681355,0.021404484286904335
136.8,1900,30.624000549316406,0.5928561091423035,16.930898666381836,84.31233978271484,14557.908473043759,1427.483642578125,903.8095092773438,63.31487298,0.033883248,0.021453135
136.9,1900,30.66450309753418,0.5931984782218933,16.93135643005371,84.29061889648438,14561.945242340102,1427.154541015625,904.5822143554688,63.38362097740173,0.033899080008268356,0.021486463025212288
137,1900,30.841320037841797,0.5955877900123596,16.929241180419922,84.42990875,14546.920720405204,1429.334228515625,907.2886352539062,63.476306200027466,0.033992841839790344,0.021577401
137.1,1900,31.03895378112793,0.5978901386260986,16.92721176147461,84.71956634521484,14522.29211466073,1434.0660400390625,909.2539063,63.403910398483276,0.034136727,0.021644020453095436
137.2,1900,31.088987350463867,0.5990025997161865,16.928035736083984,84.92836761,14503.995513195125,1437.67041,909.7980346679688,63.28279376029968,0.034171306,0.021624557673931122
137.3,1900,31.135601043701172,0.5983732342720032,16.92974853515625,84.98120117,14499.358415805335,1438.7103271484375,908.5515137,63.15041184425354,0.034269493,0.021641327068209648
137.4,1900,31.00776481628418,0.5979478359222412,16.932207107543945,84.89109039,14508.104554999805,1437.393555,908.4532470703125,63.201433420181274,0.034132481,0.021572217345237732
137.5,1900,31.102216720581055,0.5991450548171997,16.930692672729492,84.86474609,14506.943532123929,1436.8189697265625,910.1993408203125,63.348227739334106,0.034170777,0.02164658
137.6,1900,31.26833152770996,0.6015001535415649,16.927509307861328,85.08090209960938,14481.579378754277,1440.207763671875,912.1794434,63.33665848,0.034278706,0.021710986271500587
137.7,1900,31.338903427124023,0.6038767695426941,16.926542282104492,85.35652923583984,14454.40374993371,1444.7908935546875,914.0650634765625,63.26625347137451,0.034285199,0.021690960973501205
137.8,1900,31.280107498168945,0.6044064164161682,16.929061889648438,85.44490814208984,14449.897209333174,1446.502197265625,914.581543,63.22711706161499,0.034201551,0.021624652668833733
137.9,1900,31.140777587890625,0.6038019061088562,16.93134117126465,85.35137176513672,14458.431193745106,1445.1131591796875,914.2064208984375,63.26192617416382,0.034063179045915604,0.021549023687839508
138,1900,31.114120483398438,0.6009603142738342,16.932783126831055,85.18228912353516,14470.279222370003,1442.3731689453125,910.6496582,63.135504722595215,0.034166951,0.021571476012468338
138.1,1900,30.90456199645996,0.5981307029724121,16.934709548950195,84.91786193847656,14495.30882396719,1438.059326171875,907.9296264648438,63.13575506210327,0.034038499,0.021490463986992836
138.2,1900,30.89128875732422,0.5977587103843689,16.933326721191406,84.76360321044922,14504.326567910737,1435.329833984375,907.9294434,63.255804777145386,0.034023888409137726,0.021522084
138.3,1900,30.900693893432617,0.5995177030563354,16.930511474609375,84.82714844,14493.58594062327,1436.166992,909.9268188476562,63.35800886154175,0.033959537744522095,0.021516086533665657
138.4,1900,30.87765121459961,0.5993489027023315,16.93089485168457,84.83580780029297,14490.003788718084,1436.346191,909.4458008,63.31661939620972,0.033952162,0.021497361361980438
138.5,1900,31.00670815,0.599660337,16.929697036743164,84.93120574951172,14476.870008856147,1437.859619140625,909.0936279296875,63.22547793388367,0.034107275,0.021564489230513573
138.6,1900,31.126991271972656,0.5999084711074829,16.928876876831055,85.06236267089844,14465.42531,1440.010254,908.7508544921875,63.10724616,0.034252502,0.021615812554955482
138.7,1900,30.908510208129883,0.5977634191513062,16.932098388671875,84.98282623291016,14472.847227787226,1438.9376220703125,905.9660645,62.96076179,0.034116629511117935,0.021480091
138.8,1900,30.690832138061523,0.5946545004844666,16.935745239257812,84.65548706054688,14503.593351656795,1433.7037353515625,903.1688232421875,62.99549937,0.033981279,0.021406677
138.9,1900,30.552898406982422,0.5945709943771362,16.935636520385742,84.36696625,14525.293755127977,1428.8082275390625,904.3931274414062,63.297027349472046,0.033782762,0.021383482962846756
139,1900,30.71122932434082,0.5921181440353394,16.93330955505371,84.25918579101562,14530.365653253413,1426.786865234375,900.9766235351562,63.14724683761597,0.034086599946022034,0.02152475
139.1,1900,30.922515869140625,0.5923513174057007,16.93024253845215,84.36136627197266,14516.797072655832,1428.2584228515625,900.4897461,63.04810047149658,0.034339663,0.021650506
139.2,1900,31.087881088256836,0.5950890779495239,16.92778778076172,84.64558410644531,14488.283236745401,1432.8624267578125,902.8747559,63.01196217536926,0.034432106,0.021696345880627632
139.3,1900,31.100624084472656,0.596259594,16.928720474243164,84.78884887695312,14473.312336348947,1435.366699,903.7159423828125,62.960630655288696,0.034414161,0.021667372435331345
139.4,1900,30.939414978027344,0.5963931083679199,16.93073272705078,84.81165313720703,14471.218764978394,1435.9234619140625,903.7875366210938,62.9412055,0.034233063,0.021546702831983566
139.5,1900,30.77916145324707,0.5956600308418274,16.933494567871094,84.63484191894531,14487.489404839305,1433.1636962890625,903.6915283203125,63.05571198,0.034059368,0.021476376801729202
139.6,1900,30.711055755615234,0.5947879552841187,16.93373680114746,84.48388672,14501.505608714333,1430.62793,903.2415161132812,63.13601732254028,0.034000937,0.021466836
139.7,1900,30.705062866210938,0.5929326415061951,16.933412551879883,84.37216949,14510.069900952341,1428.708740234375,900.9558105,63.06084394454956,0.034080542623996735,0.021491477265954018
139.8,1900,30.50580596923828,0.5901764631271362,16.934921264648438,84.16027832,14526.423304492157,1425.2476806640625,897.7785034179688,62.991052865982056,0.033979211,0.021403862163424492
139.9,1900,30.43602752685547,0.591192365,16.933950424194336,84.02354431152344,14536.971593652595,1422.850586,899.9769287109375,63.251686096191406,0.033818677,0.021390881
140,1900,30.454708099365234,0.5920060873031616,16.932785034179688,83.97081756591797,14537.086996528813,1421.859863,901.2228393554688,63.38338255882263,0.033792652,0.021418925374746323
140.1,1900,30.461971282958984,0.5916976928710938,16.931865692138672,84.00211334228516,14532.965132182331,1422.3125,900.4979248046875,63.31224442,0.03382792,0.021417214
140.2,1900,30.511266708374023,0.5903199911117554,16.932382583618164,83.98387145996094,14532.758805827883,1422.0469970703125,898.3884887695312,63.17571997642517,0.03396222,0.021455876529216766
140.3,1900,30.402963638305664,0.5901912450790405,16.933406829833984,83.89825439453125,14540.489632848772,1420.6832275390625,898.6703491210938,63.25620412826538,0.033831052,0.021400241181254387
140.4,1900,30.400358200073242,0.5905177593231201,16.933076858520508,83.83581543,14543.892269168733,1419.5982666015625,899.3779297,63.35439682006836,0.033801537,0.021414760500192642
140.5,1000,30.57908821105957,0.5904121398925781,16.930540084838867,83.96096039,14529.691886966008,1421.504395,898.3391113,63.19636106491089,0.034039583057165146,0.021511778235435486
140.6,1000,25.74649429321289,0.3156725764274597,17.403507232666016,46.97941970825195,13155.635301594835,817.6066895,434.88787841796875,53.19035053253174,0.059202604,0.031490073
140.7,1000,17.764997482299805,0.13300153613090515,17.305830001831055,24.48855972290039,10631.988884892982,423.79486083984375,148.08114624023438,34.94170606136322,0.119967982,0.041918862611055374
140.8,1000,11.371681213378906,0.041390125,17.16868019104004,12.752291679382324,8201.230126689255,218.9400177001953,35.547115325927734,16.23600572347641,0.31990447640419006,0.051939711
140.9,1000,7.067862033843994,-0.002198012,17.081100463867188,6.646433353424072,6216.074512754885,113.52839660644531,-1.430786729,-1.260289736,-4.939843178,0.062256336
141,1000,4.277278423309326,-0.022316912,17.032297134399414,3.446321487426758,4670.467763409574,58.69877243041992,-10.91498375,-18.5949102,-0.391872168,0.07286828
141.1,1000,2.5280675888061523,-0.031285316,17.006128311157227,1.7667107582092285,3482.694442542853,30.044910430908203,-11.40997124,-37.97638416,-0.221566528,0.084142961
141.2,1000,1.4603856801986694,-0.03223598,16.99213218688965,0.896352232,2584.187756397824,15.230936050415039,-8.723556519,-57.27524757,-0.167407155,0.095882863
141.3,1000,0.8165268898010254,-0.029748427,16.984661102294922,0.4297754168510437,1904.010052380572,7.299589634,-5.931463242,-81.2574923,-0.13766028,0.1118592843413353
141.4,1000,0.44796010851860046,-0.0256689,16.980684280395508,0.19024522602558136,1394.169907872972,3.2304940223693848,-3.747585773,-116.006577,-0.11953298,0.13866612315177917
141.5,1000,0.32280200719833374,-0.023521205,16.979585647583008,0.15150640904903412,1274.2275604371816,2.5725159645080566,-3.138594389,-122.0048547,-0.10284923,0.12548105418682098
141.6,1000,0.32280200719833374,-0.023521205,16.979585647583008,0.15150640904903412,1274.2275604371816,2.5725159645080566,-3.138594389,-122.0048547,-0.10284923,0.12548105418682098
141.7,1000,0.32280200719833374,-0.023521205,16.979585647583008,0.15150640904903412,1274.2275604371816,2.5725159645080566,-3.138594389,-122.0048547,-0.10284923,0.12548105418682098
141.8,1000,0.32280200719833374,-0.023521204,16.979585647583008,0.15150640904903412,1274.2275604371816,2.5725159645080566,-3.138594151,-122.0048428,-0.102849238,0.12548105418682098
141.9,1000,0.32280200719833374,-0.023521204,16.979585647583008,0.15150640904903412,1274.2275604371816,2.5725159645080566,-3.138594151,-122.0048428,-0.102849238,0.12548105418682098
142,1000,0.32280200719833374,-0.023521204,16.979585647583008,0.15150640904903412,1274.2275604371816,2.5725159645080566,-3.138594151,-122.0048428,-0.102849238,0.12548105418682098
